file_path,class_label,class_index
D:\CropDiseaseProject\grape_niphad\Healthy Leaves\Healthy Leaves_300.jpg,Healthy Leaves,2
D:\CropDiseaseProject\grape_niphad\Downy Mildew\Downy Mildew_205.jpg,Downy Mildew,1
D:\CropDiseaseProject\grape_niphad\Healthy Leaves\Healthy Leaves_1205.jpg,Healthy Leaves,2
D:\CropDiseaseProject\grape_niphad\Downy Mildew\Downy Mildew_210.jpg,Downy Mildew,1
D:\CropDiseaseProject\grape_niphad\Healthy Leaves\Healthy Leaves_612.jpg,Healthy Leaves,2
D:\CropDiseaseProject\grape_niphad\Powdery Mildew\Powdery Mildew_389.JPG,Powdery Mildew,3
D:\CropDiseaseProject\grape_niphad\Downy Mildew\Downy Mildew_203.jpg,Downy Mildew,1
D:\CropDiseaseProject\grape_niphad\Healthy Leaves\Healthy Leaves_463.jpg,Healthy Leaves,2
D:\CropDiseaseProject\grape_niphad\Healthy Leaves\Healthy Leaves_864.jpg,Healthy Leaves,2
D:\CropDiseaseProject\grape_niphad\Powdery Mildew\Powdery Mildew_103.jpg,Powdery Mildew,3
D:\CropDiseaseProject\grape_niphad\Downy Mildew\Downy Mildew_65.jpg,Downy Mildew,1
D:\CropDiseaseProject\grape_niphad\Healthy Leaves\Healthy Leaves_517.jpg,Healthy Leaves,2
D:\CropDiseaseProject\grape_niphad\Healthy Leaves\Healthy Leaves_263.jpg,Healthy Leaves,2
D:\CropDiseaseProject\grape_niphad\Downy Mildew\Downy Mildew_722.jpg,Downy Mildew,1
D:\CropDiseaseProject\grape_niphad\Bacterial Leaf Spot\Bacterial Leaf Spot_47.jpg,Bacterial Leaf Spot,0
D:\CropDiseaseProject\grape_niphad\Bacterial Leaf Spot\Bacterial Leaf Spot_9.jpg,Bacterial Leaf Spot,0
D:\CropDiseaseProject\grape_niphad\Healthy Leaves\Healthy Leaves_836.jpg,Healthy Leaves,2
D:\CropDiseaseProject\grape_niphad\Healthy Leaves\Healthy Leaves_132.jpg,Healthy Leaves,2
D:\CropDiseaseProject\grape_niphad\Powdery Mildew\Powdery Mildew_333.jpg,Powdery Mildew,3
D:\CropDiseaseProject\grape_niphad\Healthy Leaves\Healthy Leaves_275.jpg,Healthy Leaves,2
D:\CropDiseaseProject\grape_niphad\Healthy Leaves\Healthy Leaves_1211.jpg,Healthy Leaves,2
D:\CropDiseaseProject\grape_niphad\Healthy Leaves\Healthy Leaves_1250.jpg,Healthy Leaves,2
D:\CropDiseaseProject\grape_niphad\Downy Mildew\Downy Mildew_307.jpg,Downy Mildew,1
D:\CropDiseaseProject\grape_niphad\Healthy Leaves\Healthy Leaves_877.jpg,Healthy Leaves,2
D:\CropDiseaseProject\grape_niphad\Downy Mildew\Downy Mildew_279.jpg,Downy Mildew,1
D:\CropDiseaseProject\grape_niphad\Healthy Leaves\Healthy Leaves_243.jpg,Healthy Leaves,2
D:\CropDiseaseProject\grape_niphad\Downy Mildew\Downy Mildew_651.jpg,Downy Mildew,1
D:\CropDiseaseProject\grape_niphad\Downy Mildew\Downy Mildew_533.jpg,Downy Mildew,1
D:\CropDiseaseProject\grape_niphad\Downy Mildew\Downy Mildew_568.jpg,Downy Mildew,1
D:\CropDiseaseProject\grape_niphad\Healthy Leaves\Healthy Leaves_444.jpg,Healthy Leaves,2
D:\CropDiseaseProject\grape_niphad\Downy Mildew\Downy Mildew_199.jpg,Downy Mildew,1
D:\CropDiseaseProject\grape_niphad\Bacterial Leaf Spot\Bacterial Leaf Spot_97.png,Bacterial Leaf Spot,0
D:\CropDiseaseProject\grape_niphad\Healthy Leaves\Healthy Leaves_137.jpg,Healthy Leaves,2
D:\CropDiseaseProject\grape_niphad\Powdery Mildew\Powdery Mildew_5.png,Powdery Mildew,3
D:\CropDiseaseProject\grape_niphad\Healthy Leaves\Healthy Leaves_284.jpg,Healthy Leaves,2
D:\CropDiseaseProject\grape_niphad\Healthy Leaves\Healthy Leaves_610.jpg,Healthy Leaves,2
D:\CropDiseaseProject\grape_niphad\Healthy Leaves\Healthy Leaves_662.jpg,Healthy Leaves,2
D:\CropDiseaseProject\grape_niphad\Downy Mildew\Downy Mildew_488.jpg,Downy Mildew,1
D:\CropDiseaseProject\grape_niphad\Healthy Leaves\Healthy Leaves_12.jpg,Healthy Leaves,2
D:\CropDiseaseProject\grape_niphad\Bacterial Leaf Spot\Bacterial Leaf Spot_34.jpg,Bacterial Leaf Spot,0
D:\CropDiseaseProject\grape_niphad\Powdery Mildew\Powdery Mildew_287.jpg,Powdery Mildew,3
D:\CropDiseaseProject\grape_niphad\Downy Mildew\Downy Mildew_594.jpg,Downy Mildew,1
D:\CropDiseaseProject\grape_niphad\Bacterial Leaf Spot\Bacterial Leaf Spot_18.JPG,Bacterial Leaf Spot,0
D:\CropDiseaseProject\grape_niphad\Healthy Leaves\Healthy Leaves_716.jpg,Healthy Leaves,2
D:\CropDiseaseProject\grape_niphad\Powdery Mildew\Powdery Mildew_124.jpg,Powdery Mildew,3
D:\CropDiseaseProject\grape_niphad\Powdery Mildew\Powdery Mildew_251.jpg,Powdery Mildew,3
D:\CropDiseaseProject\grape_niphad\Downy Mildew\Downy Mildew_635.jpg,Downy Mildew,1
D:\CropDiseaseProject\grape_niphad\Healthy Leaves\Healthy Leaves_50.jpg,Healthy Leaves,2
D:\CropDiseaseProject\grape_niphad\Powdery Mildew\Powdery Mildew_314.jpg,Powdery Mildew,3
D:\CropDiseaseProject\grape_niphad\Healthy Leaves\Healthy Leaves_1060.jpg,Healthy Leaves,2
D:\CropDiseaseProject\grape_niphad\Downy Mildew\Downy Mildew_698.jpg,Downy Mildew,1
D:\CropDiseaseProject\grape_niphad\Downy Mildew\Downy Mildew_288.jpg,Downy Mildew,1
D:\CropDiseaseProject\grape_niphad\Healthy Leaves\Healthy Leaves_214.jpg,Healthy Leaves,2
D:\CropDiseaseProject\grape_niphad\Downy Mildew\Downy Mildew_55.jpg,Downy Mildew,1
D:\CropDiseaseProject\grape_niphad\Healthy Leaves\Healthy Leaves_854.jpg,Healthy Leaves,2
D:\CropDiseaseProject\grape_niphad\Downy Mildew\Downy Mildew_232.jpg,Downy Mildew,1
D:\CropDiseaseProject\grape_niphad\Downy Mildew\Downy Mildew_903.jpg,Downy Mildew,1
D:\CropDiseaseProject\grape_niphad\Healthy Leaves\Healthy Leaves_204.jpg,Healthy Leaves,2
D:\CropDiseaseProject\grape_niphad\Downy Mildew\Downy Mildew_443.jpg,Downy Mildew,1
D:\CropDiseaseProject\grape_niphad\Powdery Mildew\Powdery Mildew_75.jpg,Powdery Mildew,3
D:\CropDiseaseProject\grape_niphad\Bacterial Leaf Spot\Bacterial Leaf Spot_4.jpg,Bacterial Leaf Spot,0
D:\CropDiseaseProject\grape_niphad\Downy Mildew\Downy Mildew_812.jpg,Downy Mildew,1
D:\CropDiseaseProject\grape_niphad\Healthy Leaves\Healthy Leaves_1154.jpg,Healthy Leaves,2
D:\CropDiseaseProject\grape_niphad\Downy Mildew\Downy Mildew_351.jpg,Downy Mildew,1
D:\CropDiseaseProject\grape_niphad\Downy Mildew\Downy Mildew_227.jpg,Downy Mildew,1
D:\CropDiseaseProject\grape_niphad\Powdery Mildew\Powdery Mildew_113.jpg,Powdery Mildew,3
D:\CropDiseaseProject\grape_niphad\Downy Mildew\Downy Mildew_51.jpg,Downy Mildew,1
D:\CropDiseaseProject\grape_niphad\Healthy Leaves\Healthy Leaves_296.jpg,Healthy Leaves,2
D:\CropDiseaseProject\grape_niphad\Powdery Mildew\Powdery Mildew_7.JPG,Powdery Mildew,3
D:\CropDiseaseProject\grape_niphad\Downy Mildew\Downy Mildew_729.jpg,Downy Mildew,1
D:\CropDiseaseProject\grape_niphad\Downy Mildew\Downy Mildew_731.jpg,Downy Mildew,1
D:\CropDiseaseProject\grape_niphad\Powdery Mildew\Powdery Mildew_249.jpg,Powdery Mildew,3
D:\CropDiseaseProject\grape_niphad\Downy Mildew\Downy Mildew_576.jpg,Downy Mildew,1
D:\CropDiseaseProject\grape_niphad\Healthy Leaves\Healthy Leaves_194.jpg,Healthy Leaves,2
D:\CropDiseaseProject\grape_niphad\Healthy Leaves\Healthy Leaves_1123.jpg,Healthy Leaves,2
D:\CropDiseaseProject\grape_niphad\Healthy Leaves\Healthy Leaves_232.jpg,Healthy Leaves,2
D:\CropDiseaseProject\grape_niphad\Downy Mildew\Downy Mildew_214.jpg,Downy Mildew,1
D:\CropDiseaseProject\grape_niphad\Healthy Leaves\Healthy Leaves_504.jpg,Healthy Leaves,2
D:\CropDiseaseProject\grape_niphad\Healthy Leaves\Healthy Leaves_1030.png,Healthy Leaves,2
D:\CropDiseaseProject\grape_niphad\Downy Mildew\Downy Mildew_782.jpg,Downy Mildew,1
D:\CropDiseaseProject\grape_niphad\Bacterial Leaf Spot\Bacterial Leaf Spot_74.jpg,Bacterial Leaf Spot,0
D:\CropDiseaseProject\grape_niphad\Healthy Leaves\Healthy Leaves_632.jpg,Healthy Leaves,2
D:\CropDiseaseProject\grape_niphad\Healthy Leaves\Healthy Leaves_213.jpg,Healthy Leaves,2
D:\CropDiseaseProject\grape_niphad\Downy Mildew\Downy Mildew_246.jpg,Downy Mildew,1
D:\CropDiseaseProject\grape_niphad\Healthy Leaves\Healthy Leaves_490.jpg,Healthy Leaves,2
D:\CropDiseaseProject\grape_niphad\Healthy Leaves\Healthy Leaves_142.jpg,Healthy Leaves,2
D:\CropDiseaseProject\grape_niphad\Healthy Leaves\Healthy Leaves_1109.jpg,Healthy Leaves,2
D:\CropDiseaseProject\grape_niphad\Powdery Mildew\Powdery Mildew_307.jpg,Powdery Mildew,3
D:\CropDiseaseProject\grape_niphad\Powdery Mildew\Powdery Mildew_106.jpg,Powdery Mildew,3
D:\CropDiseaseProject\grape_niphad\Healthy Leaves\Healthy Leaves_1215.jpg,Healthy Leaves,2
D:\CropDiseaseProject\grape_niphad\Healthy Leaves\Healthy Leaves_1058.jpg,Healthy Leaves,2
D:\CropDiseaseProject\grape_niphad\Healthy Leaves\Healthy Leaves_951.jpg,Healthy Leaves,2
D:\CropDiseaseProject\grape_niphad\Healthy Leaves\Healthy Leaves_589.jpg,Healthy Leaves,2
D:\CropDiseaseProject\grape_niphad\Downy Mildew\Downy Mildew_713.jpg,Downy Mildew,1
D:\CropDiseaseProject\grape_niphad\Bacterial Leaf Spot\Bacterial Leaf Spot_30.JPG,Bacterial Leaf Spot,0
D:\CropDiseaseProject\grape_niphad\Healthy Leaves\Healthy Leaves_156.jpg,Healthy Leaves,2
D:\CropDiseaseProject\grape_niphad\Healthy Leaves\Healthy Leaves_761.jpg,Healthy Leaves,2
D:\CropDiseaseProject\grape_niphad\Downy Mildew\Downy Mildew_889.jpg,Downy Mildew,1
D:\CropDiseaseProject\grape_niphad\Healthy Leaves\Healthy Leaves_294.jpg,Healthy Leaves,2
D:\CropDiseaseProject\grape_niphad\Powdery Mildew\Powdery Mildew_382.JPG,Powdery Mildew,3
D:\CropDiseaseProject\grape_niphad\Healthy Leaves\Healthy Leaves_735.jpg,Healthy Leaves,2
D:\CropDiseaseProject\grape_niphad\Powdery Mildew\Powdery Mildew_68.jpg,Powdery Mildew,3
D:\CropDiseaseProject\grape_niphad\Healthy Leaves\Healthy Leaves_894.jpg,Healthy Leaves,2
D:\CropDiseaseProject\grape_niphad\Healthy Leaves\Healthy Leaves_70.jpg,Healthy Leaves,2
D:\CropDiseaseProject\grape_niphad\Downy Mildew\Downy Mildew_562.jpg,Downy Mildew,1
D:\CropDiseaseProject\grape_niphad\Healthy Leaves\Healthy Leaves_82.jpg,Healthy Leaves,2
D:\CropDiseaseProject\grape_niphad\Healthy Leaves\Healthy Leaves_341.jpg,Healthy Leaves,2
D:\CropDiseaseProject\grape_niphad\Powdery Mildew\Powdery Mildew_132.jpg,Powdery Mildew,3
D:\CropDiseaseProject\grape_niphad\Healthy Leaves\Healthy Leaves_103.jpg,Healthy Leaves,2
D:\CropDiseaseProject\grape_niphad\Downy Mildew\Downy Mildew_81.jpg,Downy Mildew,1
D:\CropDiseaseProject\grape_niphad\Downy Mildew\Downy Mildew_344.jpg,Downy Mildew,1
D:\CropDiseaseProject\grape_niphad\Powdery Mildew\Powdery Mildew_345.jpg,Powdery Mildew,3
D:\CropDiseaseProject\grape_niphad\Downy Mildew\Downy Mildew_441.jpg,Downy Mildew,1
D:\CropDiseaseProject\grape_niphad\Healthy Leaves\Healthy Leaves_321.jpg,Healthy Leaves,2
D:\CropDiseaseProject\grape_niphad\Downy Mildew\Downy Mildew_43.jpg,Downy Mildew,1
D:\CropDiseaseProject\grape_niphad\Downy Mildew\Downy Mildew_623.jpg,Downy Mildew,1
D:\CropDiseaseProject\grape_niphad\Powdery Mildew\Powdery Mildew_18.jpg,Powdery Mildew,3
D:\CropDiseaseProject\grape_niphad\Powdery Mildew\Powdery Mildew_350.jpg,Powdery Mildew,3
D:\CropDiseaseProject\grape_niphad\Powdery Mildew\Powdery Mildew_365.jpg,Powdery Mildew,3
D:\CropDiseaseProject\grape_niphad\Healthy Leaves\Healthy Leaves_1229.jpg,Healthy Leaves,2
D:\CropDiseaseProject\grape_niphad\Powdery Mildew\Powdery Mildew_247.jpg,Powdery Mildew,3
D:\CropDiseaseProject\grape_niphad\Powdery Mildew\Powdery Mildew_209.jpg,Powdery Mildew,3
D:\CropDiseaseProject\grape_niphad\Downy Mildew\Downy Mildew_831.jpg,Downy Mildew,1
D:\CropDiseaseProject\grape_niphad\Bacterial Leaf Spot\Bacterial Leaf Spot_50.jpg,Bacterial Leaf Spot,0
D:\CropDiseaseProject\grape_niphad\Powdery Mildew\Powdery Mildew_356.jpg,Powdery Mildew,3
D:\CropDiseaseProject\grape_niphad\Powdery Mildew\Powdery Mildew_216.jpg,Powdery Mildew,3
D:\CropDiseaseProject\grape_niphad\Downy Mildew\Downy Mildew_772.jpg,Downy Mildew,1
D:\CropDiseaseProject\grape_niphad\Healthy Leaves\Healthy Leaves_195.jpg,Healthy Leaves,2
D:\CropDiseaseProject\grape_niphad\Downy Mildew\Downy Mildew_193.jpg,Downy Mildew,1
D:\CropDiseaseProject\grape_niphad\Downy Mildew\Downy Mildew_87.jpg,Downy Mildew,1
D:\CropDiseaseProject\grape_niphad\Healthy Leaves\Healthy Leaves_237.jpg,Healthy Leaves,2
D:\CropDiseaseProject\grape_niphad\Healthy Leaves\Healthy Leaves_1244.jpg,Healthy Leaves,2
D:\CropDiseaseProject\grape_niphad\Downy Mildew\Downy Mildew_596.jpg,Downy Mildew,1
D:\CropDiseaseProject\grape_niphad\Healthy Leaves\Healthy Leaves_907.jpg,Healthy Leaves,2
D:\CropDiseaseProject\grape_niphad\Powdery Mildew\Powdery Mildew_252.jpg,Powdery Mildew,3
D:\CropDiseaseProject\grape_niphad\Healthy Leaves\Healthy Leaves_502.jpg,Healthy Leaves,2
D:\CropDiseaseProject\grape_niphad\Healthy Leaves\Healthy Leaves_687.jpg,Healthy Leaves,2
D:\CropDiseaseProject\grape_niphad\Healthy Leaves\Healthy Leaves_323.jpg,Healthy Leaves,2
D:\CropDiseaseProject\grape_niphad\Downy Mildew\Downy Mildew_750.jpg,Downy Mildew,1
D:\CropDiseaseProject\grape_niphad\Downy Mildew\Downy Mildew_658.jpg,Downy Mildew,1
D:\CropDiseaseProject\grape_niphad\Healthy Leaves\Healthy Leaves_1224.jpg,Healthy Leaves,2
D:\CropDiseaseProject\grape_niphad\Powdery Mildew\Powdery Mildew_74.jpg,Powdery Mildew,3
D:\CropDiseaseProject\grape_niphad\Downy Mildew\Downy Mildew_149.jpg,Downy Mildew,1
D:\CropDiseaseProject\grape_niphad\Downy Mildew\Downy Mildew_730.jpg,Downy Mildew,1
D:\CropDiseaseProject\grape_niphad\Healthy Leaves\Healthy Leaves_1001.jpg,Healthy Leaves,2
D:\CropDiseaseProject\grape_niphad\Downy Mildew\Downy Mildew_666.jpg,Downy Mildew,1
D:\CropDiseaseProject\grape_niphad\Healthy Leaves\Healthy Leaves_273.jpg,Healthy Leaves,2
D:\CropDiseaseProject\grape_niphad\Powdery Mildew\Powdery Mildew_292.jpg,Powdery Mildew,3
D:\CropDiseaseProject\grape_niphad\Powdery Mildew\Powdery Mildew_2.png,Powdery Mildew,3
D:\CropDiseaseProject\grape_niphad\Downy Mildew\Downy Mildew_212.jpg,Downy Mildew,1
D:\CropDiseaseProject\grape_niphad\Healthy Leaves\Healthy Leaves_406.jpg,Healthy Leaves,2
D:\CropDiseaseProject\grape_niphad\Downy Mildew\Downy Mildew_167.jpg,Downy Mildew,1
D:\CropDiseaseProject\grape_niphad\Bacterial Leaf Spot\Bacterial Leaf Spot_25.jpg,Bacterial Leaf Spot,0
D:\CropDiseaseProject\grape_niphad\Healthy Leaves\Healthy Leaves_379.jpg,Healthy Leaves,2
D:\CropDiseaseProject\grape_niphad\Downy Mildew\Downy Mildew_529.jpg,Downy Mildew,1
D:\CropDiseaseProject\grape_niphad\Downy Mildew\Downy Mildew_419.jpg,Downy Mildew,1
D:\CropDiseaseProject\grape_niphad\Downy Mildew\Downy Mildew_961.png,Downy Mildew,1
D:\CropDiseaseProject\grape_niphad\Downy Mildew\Downy Mildew_671.jpg,Downy Mildew,1
D:\CropDiseaseProject\grape_niphad\Downy Mildew\Downy Mildew_621.jpg,Downy Mildew,1
D:\CropDiseaseProject\grape_niphad\Downy Mildew\Downy Mildew_555.jpg,Downy Mildew,1
D:\CropDiseaseProject\grape_niphad\Healthy Leaves\Healthy Leaves_1158.jpg,Healthy Leaves,2
D:\CropDiseaseProject\grape_niphad\Healthy Leaves\Healthy Leaves_1082.jpg,Healthy Leaves,2
D:\CropDiseaseProject\grape_niphad\Healthy Leaves\Healthy Leaves_1024.jpg,Healthy Leaves,2
D:\CropDiseaseProject\grape_niphad\Downy Mildew\Downy Mildew_129.jpg,Downy Mildew,1
D:\CropDiseaseProject\grape_niphad\Downy Mildew\Downy Mildew_736.jpg,Downy Mildew,1
D:\CropDiseaseProject\grape_niphad\Downy Mildew\Downy Mildew_36.jpg,Downy Mildew,1
D:\CropDiseaseProject\grape_niphad\Healthy Leaves\Healthy Leaves_1015.jpg,Healthy Leaves,2
D:\CropDiseaseProject\grape_niphad\Downy Mildew\Downy Mildew_39.jpg,Downy Mildew,1
D:\CropDiseaseProject\grape_niphad\Healthy Leaves\Healthy Leaves_304.jpg,Healthy Leaves,2
D:\CropDiseaseProject\grape_niphad\Downy Mildew\Downy Mildew_746.jpg,Downy Mildew,1
D:\CropDiseaseProject\grape_niphad\Downy Mildew\Downy Mildew_98.jpg,Downy Mildew,1
D:\CropDiseaseProject\grape_niphad\Healthy Leaves\Healthy Leaves_231.jpg,Healthy Leaves,2
D:\CropDiseaseProject\grape_niphad\Downy Mildew\Downy Mildew_449.jpg,Downy Mildew,1
D:\CropDiseaseProject\grape_niphad\Healthy Leaves\Healthy Leaves_829.jpg,Healthy Leaves,2
D:\CropDiseaseProject\grape_niphad\Powdery Mildew\Powdery Mildew_396.JPG,Powdery Mildew,3
D:\CropDiseaseProject\grape_niphad\Healthy Leaves\Healthy Leaves_516.jpg,Healthy Leaves,2
D:\CropDiseaseProject\grape_niphad\Healthy Leaves\Healthy Leaves_99.png,Healthy Leaves,2
D:\CropDiseaseProject\grape_niphad\Powdery Mildew\Powdery Mildew_373.JPG,Powdery Mildew,3
D:\CropDiseaseProject\grape_niphad\Healthy Leaves\Healthy Leaves_146.jpg,Healthy Leaves,2
D:\CropDiseaseProject\grape_niphad\Healthy Leaves\Healthy Leaves_349.jpg,Healthy Leaves,2
D:\CropDiseaseProject\grape_niphad\Downy Mildew\Downy Mildew_67.jpg,Downy Mildew,1
D:\CropDiseaseProject\grape_niphad\Downy Mildew\Downy Mildew_685.jpg,Downy Mildew,1
D:\CropDiseaseProject\grape_niphad\Downy Mildew\Downy Mildew_597.jpg,Downy Mildew,1
D:\CropDiseaseProject\grape_niphad\Healthy Leaves\Healthy Leaves_206.jpg,Healthy Leaves,2
D:\CropDiseaseProject\grape_niphad\Powdery Mildew\Powdery Mildew_199.jpg,Powdery Mildew,3
D:\CropDiseaseProject\grape_niphad\Powdery Mildew\Powdery Mildew_255.jpg,Powdery Mildew,3
D:\CropDiseaseProject\grape_niphad\Downy Mildew\Downy Mildew_225.jpg,Downy Mildew,1
D:\CropDiseaseProject\grape_niphad\Downy Mildew\Downy Mildew_642.jpg,Downy Mildew,1
D:\CropDiseaseProject\grape_niphad\Healthy Leaves\Healthy Leaves_46.jpg,Healthy Leaves,2
D:\CropDiseaseProject\grape_niphad\Healthy Leaves\Healthy Leaves_1127.jpg,Healthy Leaves,2
D:\CropDiseaseProject\grape_niphad\Downy Mildew\Downy Mildew_19.jpg,Downy Mildew,1
D:\CropDiseaseProject\grape_niphad\Healthy Leaves\Healthy Leaves_83.jpg,Healthy Leaves,2
D:\CropDiseaseProject\grape_niphad\Healthy Leaves\Healthy Leaves_1128.jpg,Healthy Leaves,2
D:\CropDiseaseProject\grape_niphad\Healthy Leaves\Healthy Leaves_1014.jpg,Healthy Leaves,2
D:\CropDiseaseProject\grape_niphad\Powdery Mildew\Powdery Mildew_57.jpg,Powdery Mildew,3
D:\CropDiseaseProject\grape_niphad\Healthy Leaves\Healthy Leaves_939.jpg,Healthy Leaves,2
D:\CropDiseaseProject\grape_niphad\Downy Mildew\Downy Mildew_1.JPG,Downy Mildew,1
D:\CropDiseaseProject\grape_niphad\Powdery Mildew\Powdery Mildew_180.jpg,Powdery Mildew,3
D:\CropDiseaseProject\grape_niphad\Powdery Mildew\Powdery Mildew_166.jpg,Powdery Mildew,3
D:\CropDiseaseProject\grape_niphad\Downy Mildew\Downy Mildew_742.jpg,Downy Mildew,1
D:\CropDiseaseProject\grape_niphad\Downy Mildew\Downy Mildew_875.jpg,Downy Mildew,1
D:\CropDiseaseProject\grape_niphad\Downy Mildew\Downy Mildew_896.jpg,Downy Mildew,1
D:\CropDiseaseProject\grape_niphad\Bacterial Leaf Spot\Bacterial Leaf Spot_13.JPG,Bacterial Leaf Spot,0
D:\CropDiseaseProject\grape_niphad\Downy Mildew\Downy Mildew_779.jpg,Downy Mildew,1
D:\CropDiseaseProject\grape_niphad\Downy Mildew\Downy Mildew_928.jpg,Downy Mildew,1
D:\CropDiseaseProject\grape_niphad\Healthy Leaves\Healthy Leaves_428.jpg,Healthy Leaves,2
D:\CropDiseaseProject\grape_niphad\Healthy Leaves\Healthy Leaves_563.jpg,Healthy Leaves,2
D:\CropDiseaseProject\grape_niphad\Downy Mildew\Downy Mildew_406.jpg,Downy Mildew,1
D:\CropDiseaseProject\grape_niphad\Healthy Leaves\Healthy Leaves_838.jpg,Healthy Leaves,2
D:\CropDiseaseProject\grape_niphad\Downy Mildew\Downy Mildew_63.jpg,Downy Mildew,1
D:\CropDiseaseProject\grape_niphad\Downy Mildew\Downy Mildew_376.jpg,Downy Mildew,1
D:\CropDiseaseProject\grape_niphad\Bacterial Leaf Spot\Bacterial Leaf Spot_11.jpg,Bacterial Leaf Spot,0
D:\CropDiseaseProject\grape_niphad\Healthy Leaves\Healthy Leaves_1227.jpg,Healthy Leaves,2
D:\CropDiseaseProject\grape_niphad\Healthy Leaves\Healthy Leaves_253.jpg,Healthy Leaves,2
D:\CropDiseaseProject\grape_niphad\Healthy Leaves\Healthy Leaves_432.jpg,Healthy Leaves,2
D:\CropDiseaseProject\grape_niphad\Downy Mildew\Downy Mildew_289.jpg,Downy Mildew,1
D:\CropDiseaseProject\grape_niphad\Healthy Leaves\Healthy Leaves_363.jpg,Healthy Leaves,2
D:\CropDiseaseProject\grape_niphad\Healthy Leaves\Healthy Leaves_677.jpg,Healthy Leaves,2
D:\CropDiseaseProject\grape_niphad\Powdery Mildew\Powdery Mildew_330.jpg,Powdery Mildew,3
D:\CropDiseaseProject\grape_niphad\Bacterial Leaf Spot\Bacterial Leaf Spot_45.jpg,Bacterial Leaf Spot,0
D:\CropDiseaseProject\grape_niphad\Downy Mildew\Downy Mildew_169.jpg,Downy Mildew,1
D:\CropDiseaseProject\grape_niphad\Healthy Leaves\Healthy Leaves_239.jpg,Healthy Leaves,2
D:\CropDiseaseProject\grape_niphad\Healthy Leaves\Healthy Leaves_318.jpg,Healthy Leaves,2
D:\CropDiseaseProject\grape_niphad\Downy Mildew\Downy Mildew_112.jpg,Downy Mildew,1
D:\CropDiseaseProject\grape_niphad\Powdery Mildew\Powdery Mildew_46.jpg,Powdery Mildew,3
D:\CropDiseaseProject\grape_niphad\Powdery Mildew\Powdery Mildew_13.jpg,Powdery Mildew,3
D:\CropDiseaseProject\grape_niphad\Bacterial Leaf Spot\Bacterial Leaf Spot_93.png,Bacterial Leaf Spot,0
D:\CropDiseaseProject\grape_niphad\Downy Mildew\Downy Mildew_5.jpg,Downy Mildew,1
D:\CropDiseaseProject\grape_niphad\Downy Mildew\Downy Mildew_184.jpg,Downy Mildew,1
D:\CropDiseaseProject\grape_niphad\Healthy Leaves\Healthy Leaves_1113.jpg,Healthy Leaves,2
D:\CropDiseaseProject\grape_niphad\Powdery Mildew\Powdery Mildew_319.jpg,Powdery Mildew,3
D:\CropDiseaseProject\grape_niphad\Healthy Leaves\Healthy Leaves_228.jpg,Healthy Leaves,2
D:\CropDiseaseProject\grape_niphad\Healthy Leaves\Healthy Leaves_1144.jpg,Healthy Leaves,2
D:\CropDiseaseProject\grape_niphad\Powdery Mildew\Powdery Mildew_10.jpg,Powdery Mildew,3
D:\CropDiseaseProject\grape_niphad\Powdery Mildew\Powdery Mildew_258.jpg,Powdery Mildew,3
D:\CropDiseaseProject\grape_niphad\Healthy Leaves\Healthy Leaves_622.jpg,Healthy Leaves,2
D:\CropDiseaseProject\grape_niphad\Downy Mildew\Downy Mildew_518.jpg,Downy Mildew,1
D:\CropDiseaseProject\grape_niphad\Powdery Mildew\Powdery Mildew_83.jpg,Powdery Mildew,3
D:\CropDiseaseProject\grape_niphad\Downy Mildew\Downy Mildew_672.jpg,Downy Mildew,1
D:\CropDiseaseProject\grape_niphad\Downy Mildew\Downy Mildew_164.jpg,Downy Mildew,1
D:\CropDiseaseProject\grape_niphad\Downy Mildew\Downy Mildew_23.jpg,Downy Mildew,1
D:\CropDiseaseProject\grape_niphad\Downy Mildew\Downy Mildew_503.jpg,Downy Mildew,1
D:\CropDiseaseProject\grape_niphad\Downy Mildew\Downy Mildew_835.jpg,Downy Mildew,1
D:\CropDiseaseProject\grape_niphad\Healthy Leaves\Healthy Leaves_1072.jpg,Healthy Leaves,2
D:\CropDiseaseProject\grape_niphad\Powdery Mildew\Powdery Mildew_123.jpg,Powdery Mildew,3
D:\CropDiseaseProject\grape_niphad\Downy Mildew\Downy Mildew_218.jpg,Downy Mildew,1
D:\CropDiseaseProject\grape_niphad\Healthy Leaves\Healthy Leaves_45.jpg,Healthy Leaves,2
D:\CropDiseaseProject\grape_niphad\Healthy Leaves\Healthy Leaves_574.jpg,Healthy Leaves,2
D:\CropDiseaseProject\grape_niphad\Healthy Leaves\Healthy Leaves_461.jpg,Healthy Leaves,2
D:\CropDiseaseProject\grape_niphad\Healthy Leaves\Healthy Leaves_514.jpg,Healthy Leaves,2
D:\CropDiseaseProject\grape_niphad\Powdery Mildew\Powdery Mildew_60.jpg,Powdery Mildew,3
D:\CropDiseaseProject\grape_niphad\Healthy Leaves\Healthy Leaves_813.jpg,Healthy Leaves,2
D:\CropDiseaseProject\grape_niphad\Powdery Mildew\Powdery Mildew_195.jpg,Powdery Mildew,3
D:\CropDiseaseProject\grape_niphad\Healthy Leaves\Healthy Leaves_448.jpg,Healthy Leaves,2
D:\CropDiseaseProject\grape_niphad\Powdery Mildew\Powdery Mildew_112.jpg,Powdery Mildew,3
D:\CropDiseaseProject\grape_niphad\Healthy Leaves\Healthy Leaves_488.jpg,Healthy Leaves,2
D:\CropDiseaseProject\grape_niphad\Downy Mildew\Downy Mildew_774.jpg,Downy Mildew,1
D:\CropDiseaseProject\grape_niphad\Healthy Leaves\Healthy Leaves_905.jpg,Healthy Leaves,2
D:\CropDiseaseProject\grape_niphad\Downy Mildew\Downy Mildew_610.jpg,Downy Mildew,1
D:\CropDiseaseProject\grape_niphad\Powdery Mildew\Powdery Mildew_313.jpg,Powdery Mildew,3
D:\CropDiseaseProject\grape_niphad\Healthy Leaves\Healthy Leaves_668.jpg,Healthy Leaves,2
D:\CropDiseaseProject\grape_niphad\Downy Mildew\Downy Mildew_42.jpg,Downy Mildew,1
D:\CropDiseaseProject\grape_niphad\Downy Mildew\Downy Mildew_527.jpg,Downy Mildew,1
D:\CropDiseaseProject\grape_niphad\Healthy Leaves\Healthy Leaves_18.jpg,Healthy Leaves,2
D:\CropDiseaseProject\grape_niphad\Healthy Leaves\Healthy Leaves_1029.jpg,Healthy Leaves,2
D:\CropDiseaseProject\grape_niphad\Powdery Mildew\Powdery Mildew_204.jpg,Powdery Mildew,3
D:\CropDiseaseProject\grape_niphad\Bacterial Leaf Spot\Bacterial Leaf Spot_79.JPG,Bacterial Leaf Spot,0
D:\CropDiseaseProject\grape_niphad\Downy Mildew\Downy Mildew_52.jpg,Downy Mildew,1
D:\CropDiseaseProject\grape_niphad\Healthy Leaves\Healthy Leaves_1234.jpg,Healthy Leaves,2
D:\CropDiseaseProject\grape_niphad\Downy Mildew\Downy Mildew_415.jpg,Downy Mildew,1
D:\CropDiseaseProject\grape_niphad\Healthy Leaves\Healthy Leaves_533.jpg,Healthy Leaves,2
D:\CropDiseaseProject\grape_niphad\Healthy Leaves\Healthy Leaves_992.jpg,Healthy Leaves,2
D:\CropDiseaseProject\grape_niphad\Powdery Mildew\Powdery Mildew_210.jpg,Powdery Mildew,3
D:\CropDiseaseProject\grape_niphad\Downy Mildew\Downy Mildew_47.jpg,Downy Mildew,1
D:\CropDiseaseProject\grape_niphad\Healthy Leaves\Healthy Leaves_152.jpg,Healthy Leaves,2
D:\CropDiseaseProject\grape_niphad\Downy Mildew\Downy Mildew_448.jpg,Downy Mildew,1
D:\CropDiseaseProject\grape_niphad\Downy Mildew\Downy Mildew_339.jpg,Downy Mildew,1
D:\CropDiseaseProject\grape_niphad\Healthy Leaves\Healthy Leaves_496.jpg,Healthy Leaves,2
D:\CropDiseaseProject\grape_niphad\Downy Mildew\Downy Mildew_181.jpg,Downy Mildew,1
D:\CropDiseaseProject\grape_niphad\Bacterial Leaf Spot\Bacterial Leaf Spot_8.jpg,Bacterial Leaf Spot,0
D:\CropDiseaseProject\grape_niphad\Powdery Mildew\Powdery Mildew_119.jpg,Powdery Mildew,3
D:\CropDiseaseProject\grape_niphad\Bacterial Leaf Spot\Bacterial Leaf Spot_69.jpg,Bacterial Leaf Spot,0
D:\CropDiseaseProject\grape_niphad\Healthy Leaves\Healthy Leaves_319.jpg,Healthy Leaves,2
D:\CropDiseaseProject\grape_niphad\Downy Mildew\Downy Mildew_140.jpg,Downy Mildew,1
D:\CropDiseaseProject\grape_niphad\Downy Mildew\Downy Mildew_694.JPG,Downy Mildew,1
D:\CropDiseaseProject\grape_niphad\Healthy Leaves\Healthy Leaves_1163.jpg,Healthy Leaves,2
D:\CropDiseaseProject\grape_niphad\Healthy Leaves\Healthy Leaves_1020.jpg,Healthy Leaves,2
D:\CropDiseaseProject\grape_niphad\Downy Mildew\Downy Mildew_304.jpg,Downy Mildew,1
D:\CropDiseaseProject\grape_niphad\Healthy Leaves\Healthy Leaves_506.jpg,Healthy Leaves,2
D:\CropDiseaseProject\grape_niphad\Powdery Mildew\Powdery Mildew_15.jpg,Powdery Mildew,3
D:\CropDiseaseProject\grape_niphad\Healthy Leaves\Healthy Leaves_1059.jpg,Healthy Leaves,2
D:\CropDiseaseProject\grape_niphad\Healthy Leaves\Healthy Leaves_354.jpg,Healthy Leaves,2
D:\CropDiseaseProject\grape_niphad\Healthy Leaves\Healthy Leaves_834.jpg,Healthy Leaves,2
D:\CropDiseaseProject\grape_niphad\Downy Mildew\Downy Mildew_444.jpg,Downy Mildew,1
D:\CropDiseaseProject\grape_niphad\Downy Mildew\Downy Mildew_368.jpg,Downy Mildew,1
D:\CropDiseaseProject\grape_niphad\Healthy Leaves\Healthy Leaves_963.jpg,Healthy Leaves,2
D:\CropDiseaseProject\grape_niphad\Downy Mildew\Downy Mildew_785.jpg,Downy Mildew,1
D:\CropDiseaseProject\grape_niphad\Healthy Leaves\Healthy Leaves_824.jpg,Healthy Leaves,2
D:\CropDiseaseProject\grape_niphad\Downy Mildew\Downy Mildew_507.jpg,Downy Mildew,1
D:\CropDiseaseProject\grape_niphad\Bacterial Leaf Spot\Bacterial Leaf Spot_12.jpg,Bacterial Leaf Spot,0
D:\CropDiseaseProject\grape_niphad\Healthy Leaves\Healthy Leaves_87.jpg,Healthy Leaves,2
D:\CropDiseaseProject\grape_niphad\Bacterial Leaf Spot\Bacterial Leaf Spot_6.JPG,Bacterial Leaf Spot,0
D:\CropDiseaseProject\grape_niphad\Downy Mildew\Downy Mildew_17.jpg,Downy Mildew,1
D:\CropDiseaseProject\grape_niphad\Healthy Leaves\Healthy Leaves_173.jpg,Healthy Leaves,2
D:\CropDiseaseProject\grape_niphad\Downy Mildew\Downy Mildew_590.jpg,Downy Mildew,1
D:\CropDiseaseProject\grape_niphad\Downy Mildew\Downy Mildew_139.jpg,Downy Mildew,1
D:\CropDiseaseProject\grape_niphad\Downy Mildew\Downy Mildew_429.jpg,Downy Mildew,1
D:\CropDiseaseProject\grape_niphad\Healthy Leaves\Healthy Leaves_1236.jpg,Healthy Leaves,2
D:\CropDiseaseProject\grape_niphad\Bacterial Leaf Spot\Bacterial Leaf Spot_58.jpg,Bacterial Leaf Spot,0
D:\CropDiseaseProject\grape_niphad\Healthy Leaves\Healthy Leaves_105.jpg,Healthy Leaves,2
D:\CropDiseaseProject\grape_niphad\Downy Mildew\Downy Mildew_109.jpg,Downy Mildew,1
D:\CropDiseaseProject\grape_niphad\Healthy Leaves\Healthy Leaves_378.jpg,Healthy Leaves,2
D:\CropDiseaseProject\grape_niphad\Healthy Leaves\Healthy Leaves_207.jpg,Healthy Leaves,2
D:\CropDiseaseProject\grape_niphad\Downy Mildew\Downy Mildew_522.jpg,Downy Mildew,1
D:\CropDiseaseProject\grape_niphad\Downy Mildew\Downy Mildew_280.jpg,Downy Mildew,1
D:\CropDiseaseProject\grape_niphad\Downy Mildew\Downy Mildew_115.jpg,Downy Mildew,1
D:\CropDiseaseProject\grape_niphad\Powdery Mildew\Powdery Mildew_281.jpg,Powdery Mildew,3
D:\CropDiseaseProject\grape_niphad\Powdery Mildew\Powdery Mildew_294.jpg,Powdery Mildew,3
D:\CropDiseaseProject\grape_niphad\Healthy Leaves\Healthy Leaves_451.jpg,Healthy Leaves,2
D:\CropDiseaseProject\grape_niphad\Downy Mildew\Downy Mildew_931.jpg,Downy Mildew,1
D:\CropDiseaseProject\grape_niphad\Powdery Mildew\Powdery Mildew_65.jpg,Powdery Mildew,3
D:\CropDiseaseProject\grape_niphad\Downy Mildew\Downy Mildew_247.jpg,Downy Mildew,1
D:\CropDiseaseProject\grape_niphad\Healthy Leaves\Healthy Leaves_335.png,Healthy Leaves,2
D:\CropDiseaseProject\grape_niphad\Powdery Mildew\Powdery Mildew_100.jpg,Powdery Mildew,3
D:\CropDiseaseProject\grape_niphad\Downy Mildew\Downy Mildew_13.JPG,Downy Mildew,1
D:\CropDiseaseProject\grape_niphad\Healthy Leaves\Healthy Leaves_8.jpg,Healthy Leaves,2
D:\CropDiseaseProject\grape_niphad\Downy Mildew\Downy Mildew_16.jpg,Downy Mildew,1
D:\CropDiseaseProject\grape_niphad\Downy Mildew\Downy Mildew_599.jpg,Downy Mildew,1
D:\CropDiseaseProject\grape_niphad\Healthy Leaves\Healthy Leaves_303.jpg,Healthy Leaves,2
D:\CropDiseaseProject\grape_niphad\Downy Mildew\Downy Mildew_741.jpg,Downy Mildew,1
D:\CropDiseaseProject\grape_niphad\Downy Mildew\Downy Mildew_777.jpg,Downy Mildew,1
D:\CropDiseaseProject\grape_niphad\Downy Mildew\Downy Mildew_345.jpg,Downy Mildew,1
D:\CropDiseaseProject\grape_niphad\Healthy Leaves\Healthy Leaves_746.jpg,Healthy Leaves,2
D:\CropDiseaseProject\grape_niphad\Downy Mildew\Downy Mildew_724.jpg,Downy Mildew,1
D:\CropDiseaseProject\grape_niphad\Healthy Leaves\Healthy Leaves_1122.jpg,Healthy Leaves,2
D:\CropDiseaseProject\grape_niphad\Downy Mildew\Downy Mildew_952.jpg,Downy Mildew,1
D:\CropDiseaseProject\grape_niphad\Downy Mildew\Downy Mildew_640.jpg,Downy Mildew,1
D:\CropDiseaseProject\grape_niphad\Bacterial Leaf Spot\Bacterial Leaf Spot_26.jpg,Bacterial Leaf Spot,0
D:\CropDiseaseProject\grape_niphad\Downy Mildew\Downy Mildew_643.jpg,Downy Mildew,1
D:\CropDiseaseProject\grape_niphad\Downy Mildew\Downy Mildew_310.jpg,Downy Mildew,1
D:\CropDiseaseProject\grape_niphad\Healthy Leaves\Healthy Leaves_512.jpg,Healthy Leaves,2
D:\CropDiseaseProject\grape_niphad\Downy Mildew\Downy Mildew_337.jpg,Downy Mildew,1
D:\CropDiseaseProject\grape_niphad\Downy Mildew\Downy Mildew_456.jpg,Downy Mildew,1
D:\CropDiseaseProject\grape_niphad\Powdery Mildew\Powdery Mildew_392.JPG,Powdery Mildew,3
D:\CropDiseaseProject\grape_niphad\Healthy Leaves\Healthy Leaves_324.jpg,Healthy Leaves,2
D:\CropDiseaseProject\grape_niphad\Downy Mildew\Downy Mildew_487.jpg,Downy Mildew,1
D:\CropDiseaseProject\grape_niphad\Healthy Leaves\Healthy Leaves_112.jpg,Healthy Leaves,2
D:\CropDiseaseProject\grape_niphad\Healthy Leaves\Healthy Leaves_831.jpg,Healthy Leaves,2
D:\CropDiseaseProject\grape_niphad\Healthy Leaves\Healthy Leaves_424.jpg,Healthy Leaves,2
D:\CropDiseaseProject\grape_niphad\Powdery Mildew\Powdery Mildew_37.jpg,Powdery Mildew,3
D:\CropDiseaseProject\grape_niphad\Downy Mildew\Downy Mildew_59.jpg,Downy Mildew,1
D:\CropDiseaseProject\grape_niphad\Downy Mildew\Downy Mildew_431.jpg,Downy Mildew,1
D:\CropDiseaseProject\grape_niphad\Downy Mildew\Downy Mildew_459.jpg,Downy Mildew,1
D:\CropDiseaseProject\grape_niphad\Healthy Leaves\Healthy Leaves_845.jpg,Healthy Leaves,2
D:\CropDiseaseProject\grape_niphad\Downy Mildew\Downy Mildew_45.jpg,Downy Mildew,1
D:\CropDiseaseProject\grape_niphad\Healthy Leaves\Healthy Leaves_498.jpg,Healthy Leaves,2
D:\CropDiseaseProject\grape_niphad\Healthy Leaves\Healthy Leaves_739.jpg,Healthy Leaves,2
D:\CropDiseaseProject\grape_niphad\Downy Mildew\Downy Mildew_637.jpg,Downy Mildew,1
D:\CropDiseaseProject\grape_niphad\Healthy Leaves\Healthy Leaves_893.jpg,Healthy Leaves,2
D:\CropDiseaseProject\grape_niphad\Downy Mildew\Downy Mildew_86.jpg,Downy Mildew,1
D:\CropDiseaseProject\grape_niphad\Downy Mildew\Downy Mildew_217.jpg,Downy Mildew,1
D:\CropDiseaseProject\grape_niphad\Healthy Leaves\Healthy Leaves_586.jpg,Healthy Leaves,2
D:\CropDiseaseProject\grape_niphad\Powdery Mildew\Powdery Mildew_131.jpg,Powdery Mildew,3
D:\CropDiseaseProject\grape_niphad\Healthy Leaves\Healthy Leaves_646.jpg,Healthy Leaves,2
D:\CropDiseaseProject\grape_niphad\Healthy Leaves\Healthy Leaves_860.jpg,Healthy Leaves,2
D:\CropDiseaseProject\grape_niphad\Healthy Leaves\Healthy Leaves_55.jpg,Healthy Leaves,2
D:\CropDiseaseProject\grape_niphad\Healthy Leaves\Healthy Leaves_863.jpg,Healthy Leaves,2
D:\CropDiseaseProject\grape_niphad\Bacterial Leaf Spot\Bacterial Leaf Spot_31.jpg,Bacterial Leaf Spot,0
D:\CropDiseaseProject\grape_niphad\Downy Mildew\Downy Mildew_116.jpg,Downy Mildew,1
D:\CropDiseaseProject\grape_niphad\Downy Mildew\Downy Mildew_273.jpg,Downy Mildew,1
D:\CropDiseaseProject\grape_niphad\Downy Mildew\Downy Mildew_379.jpg,Downy Mildew,1
D:\CropDiseaseProject\grape_niphad\Healthy Leaves\Healthy Leaves_1121.jpg,Healthy Leaves,2
D:\CropDiseaseProject\grape_niphad\Downy Mildew\Downy Mildew_622.jpg,Downy Mildew,1
D:\CropDiseaseProject\grape_niphad\Healthy Leaves\Healthy Leaves_468.jpg,Healthy Leaves,2
D:\CropDiseaseProject\grape_niphad\Downy Mildew\Downy Mildew_433.jpg,Downy Mildew,1
D:\CropDiseaseProject\grape_niphad\Healthy Leaves\Healthy Leaves_590.jpg,Healthy Leaves,2
D:\CropDiseaseProject\grape_niphad\Downy Mildew\Downy Mildew_878.jpg,Downy Mildew,1
D:\CropDiseaseProject\grape_niphad\Powdery Mildew\Powdery Mildew_398.JPG,Powdery Mildew,3
D:\CropDiseaseProject\grape_niphad\Healthy Leaves\Healthy Leaves_39.jpg,Healthy Leaves,2
D:\CropDiseaseProject\grape_niphad\Healthy Leaves\Healthy Leaves_1107.jpg,Healthy Leaves,2
D:\CropDiseaseProject\grape_niphad\Downy Mildew\Downy Mildew_127.jpg,Downy Mildew,1
D:\CropDiseaseProject\grape_niphad\Powdery Mildew\Powdery Mildew_87.jpg,Powdery Mildew,3
D:\CropDiseaseProject\grape_niphad\Healthy Leaves\Healthy Leaves_345.jpg,Healthy Leaves,2
D:\CropDiseaseProject\grape_niphad\Bacterial Leaf Spot\Bacterial Leaf Spot_37.jpg,Bacterial Leaf Spot,0
D:\CropDiseaseProject\grape_niphad\Powdery Mildew\Powdery Mildew_141.jpg,Powdery Mildew,3
D:\CropDiseaseProject\grape_niphad\Downy Mildew\Downy Mildew_157.jpg,Downy Mildew,1
D:\CropDiseaseProject\grape_niphad\Powdery Mildew\Powdery Mildew_3.png,Powdery Mildew,3
D:\CropDiseaseProject\grape_niphad\Healthy Leaves\Healthy Leaves_1159.jpg,Healthy Leaves,2
D:\CropDiseaseProject\grape_niphad\Powdery Mildew\Powdery Mildew_361.jpg,Powdery Mildew,3
D:\CropDiseaseProject\grape_niphad\Powdery Mildew\Powdery Mildew_63.jpg,Powdery Mildew,3
D:\CropDiseaseProject\grape_niphad\Healthy Leaves\Healthy Leaves_347.jpg,Healthy Leaves,2
D:\CropDiseaseProject\grape_niphad\Downy Mildew\Downy Mildew_837.jpg,Downy Mildew,1
D:\CropDiseaseProject\grape_niphad\Healthy Leaves\Healthy Leaves_728.jpg,Healthy Leaves,2
D:\CropDiseaseProject\grape_niphad\Downy Mildew\Downy Mildew_829.JPG,Downy Mildew,1
D:\CropDiseaseProject\grape_niphad\Downy Mildew\Downy Mildew_219.jpg,Downy Mildew,1
D:\CropDiseaseProject\grape_niphad\Downy Mildew\Downy Mildew_543.jpg,Downy Mildew,1
D:\CropDiseaseProject\grape_niphad\Downy Mildew\Downy Mildew_630.jpg,Downy Mildew,1
D:\CropDiseaseProject\grape_niphad\Downy Mildew\Downy Mildew_575.jpg,Downy Mildew,1
D:\CropDiseaseProject\grape_niphad\Powdery Mildew\Powdery Mildew_228.jpg,Powdery Mildew,3
D:\CropDiseaseProject\grape_niphad\Healthy Leaves\Healthy Leaves_262.jpg,Healthy Leaves,2
D:\CropDiseaseProject\grape_niphad\Healthy Leaves\Healthy Leaves_1204.jpg,Healthy Leaves,2
D:\CropDiseaseProject\grape_niphad\Downy Mildew\Downy Mildew_68.jpg,Downy Mildew,1
D:\CropDiseaseProject\grape_niphad\Downy Mildew\Downy Mildew_545.jpg,Downy Mildew,1
D:\CropDiseaseProject\grape_niphad\Healthy Leaves\Healthy Leaves_916.jpg,Healthy Leaves,2
D:\CropDiseaseProject\grape_niphad\Healthy Leaves\Healthy Leaves_1046.jpg,Healthy Leaves,2
D:\CropDiseaseProject\grape_niphad\Healthy Leaves\Healthy Leaves_1238.jpg,Healthy Leaves,2
D:\CropDiseaseProject\grape_niphad\Powdery Mildew\Powdery Mildew_88.jpg,Powdery Mildew,3
D:\CropDiseaseProject\grape_niphad\Healthy Leaves\Healthy Leaves_1153.jpg,Healthy Leaves,2
D:\CropDiseaseProject\grape_niphad\Powdery Mildew\Powdery Mildew_348.jpg,Powdery Mildew,3
D:\CropDiseaseProject\grape_niphad\Downy Mildew\Downy Mildew_160.jpg,Downy Mildew,1
D:\CropDiseaseProject\grape_niphad\Bacterial Leaf Spot\Bacterial Leaf Spot_44.jpg,Bacterial Leaf Spot,0
D:\CropDiseaseProject\grape_niphad\Powdery Mildew\Powdery Mildew_160.jpg,Powdery Mildew,3
D:\CropDiseaseProject\grape_niphad\Powdery Mildew\Powdery Mildew_342.jpg,Powdery Mildew,3
D:\CropDiseaseProject\grape_niphad\Healthy Leaves\Healthy Leaves_219.jpg,Healthy Leaves,2
D:\CropDiseaseProject\grape_niphad\Healthy Leaves\Healthy Leaves_819.jpg,Healthy Leaves,2
D:\CropDiseaseProject\grape_niphad\Bacterial Leaf Spot\Bacterial Leaf Spot_99.png,Bacterial Leaf Spot,0
D:\CropDiseaseProject\grape_niphad\Healthy Leaves\Healthy Leaves_704.jpg,Healthy Leaves,2
D:\CropDiseaseProject\grape_niphad\Downy Mildew\Downy Mildew_498.jpg,Downy Mildew,1
D:\CropDiseaseProject\grape_niphad\Healthy Leaves\Healthy Leaves_630.jpg,Healthy Leaves,2
D:\CropDiseaseProject\grape_niphad\Healthy Leaves\Healthy Leaves_235.jpg,Healthy Leaves,2
D:\CropDiseaseProject\grape_niphad\Downy Mildew\Downy Mildew_136.jpg,Downy Mildew,1
D:\CropDiseaseProject\grape_niphad\Downy Mildew\Downy Mildew_923.jpg,Downy Mildew,1
D:\CropDiseaseProject\grape_niphad\Healthy Leaves\Healthy Leaves_1125.jpg,Healthy Leaves,2
D:\CropDiseaseProject\grape_niphad\Downy Mildew\Downy Mildew_32.jpg,Downy Mildew,1
D:\CropDiseaseProject\grape_niphad\Bacterial Leaf Spot\Bacterial Leaf Spot_17.jpg,Bacterial Leaf Spot,0
D:\CropDiseaseProject\grape_niphad\Healthy Leaves\Healthy Leaves_60.jpg,Healthy Leaves,2
D:\CropDiseaseProject\grape_niphad\Downy Mildew\Downy Mildew_902.jpg,Downy Mildew,1
D:\CropDiseaseProject\grape_niphad\Downy Mildew\Downy Mildew_197.jpg,Downy Mildew,1
D:\CropDiseaseProject\grape_niphad\Downy Mildew\Downy Mildew_161.jpg,Downy Mildew,1
D:\CropDiseaseProject\grape_niphad\Healthy Leaves\Healthy Leaves_1132.jpg,Healthy Leaves,2
D:\CropDiseaseProject\grape_niphad\Healthy Leaves\Healthy Leaves_820.jpg,Healthy Leaves,2
D:\CropDiseaseProject\grape_niphad\Bacterial Leaf Spot\Bacterial Leaf Spot_39.jpg,Bacterial Leaf Spot,0
D:\CropDiseaseProject\grape_niphad\Downy Mildew\Downy Mildew_626.jpg,Downy Mildew,1
D:\CropDiseaseProject\grape_niphad\Healthy Leaves\Healthy Leaves_16.png,Healthy Leaves,2
D:\CropDiseaseProject\grape_niphad\Healthy Leaves\Healthy Leaves_1233.jpg,Healthy Leaves,2
D:\CropDiseaseProject\grape_niphad\Healthy Leaves\Healthy Leaves_789.jpg,Healthy Leaves,2
D:\CropDiseaseProject\grape_niphad\Downy Mildew\Downy Mildew_440.jpg,Downy Mildew,1
D:\CropDiseaseProject\grape_niphad\Healthy Leaves\Healthy Leaves_212.jpg,Healthy Leaves,2
D:\CropDiseaseProject\grape_niphad\Healthy Leaves\Healthy Leaves_179.jpg,Healthy Leaves,2
D:\CropDiseaseProject\grape_niphad\Downy Mildew\Downy Mildew_251.jpg,Downy Mildew,1
D:\CropDiseaseProject\grape_niphad\Healthy Leaves\Healthy Leaves_151.jpg,Healthy Leaves,2
D:\CropDiseaseProject\grape_niphad\Downy Mildew\Downy Mildew_963.jpg,Downy Mildew,1
D:\CropDiseaseProject\grape_niphad\Downy Mildew\Downy Mildew_845.jpg,Downy Mildew,1
D:\CropDiseaseProject\grape_niphad\Healthy Leaves\Healthy Leaves_680.jpg,Healthy Leaves,2
D:\CropDiseaseProject\grape_niphad\Healthy Leaves\Healthy Leaves_1036.jpg,Healthy Leaves,2
D:\CropDiseaseProject\grape_niphad\Downy Mildew\Downy Mildew_137.jpg,Downy Mildew,1
D:\CropDiseaseProject\grape_niphad\Healthy Leaves\Healthy Leaves_417.jpg,Healthy Leaves,2
D:\CropDiseaseProject\grape_niphad\Healthy Leaves\Healthy Leaves_1027.jpg,Healthy Leaves,2
D:\CropDiseaseProject\grape_niphad\Healthy Leaves\Healthy Leaves_903.jpg,Healthy Leaves,2
D:\CropDiseaseProject\grape_niphad\Healthy Leaves\Healthy Leaves_1223.jpg,Healthy Leaves,2
D:\CropDiseaseProject\grape_niphad\Powdery Mildew\Powdery Mildew_50.jpg,Powdery Mildew,3
D:\CropDiseaseProject\grape_niphad\Powdery Mildew\Powdery Mildew_127.jpg,Powdery Mildew,3
D:\CropDiseaseProject\grape_niphad\Bacterial Leaf Spot\Bacterial Leaf Spot_64.jpg,Bacterial Leaf Spot,0
D:\CropDiseaseProject\grape_niphad\Healthy Leaves\Healthy Leaves_14.jpg,Healthy Leaves,2
D:\CropDiseaseProject\grape_niphad\Healthy Leaves\Healthy Leaves_743.jpg,Healthy Leaves,2
D:\CropDiseaseProject\grape_niphad\Healthy Leaves\Healthy Leaves_386.jpg,Healthy Leaves,2
D:\CropDiseaseProject\grape_niphad\Healthy Leaves\Healthy Leaves_89.jpg,Healthy Leaves,2
D:\CropDiseaseProject\grape_niphad\Downy Mildew\Downy Mildew_284.jpg,Downy Mildew,1
D:\CropDiseaseProject\grape_niphad\Downy Mildew\Downy Mildew_316.jpg,Downy Mildew,1
D:\CropDiseaseProject\grape_niphad\Downy Mildew\Downy Mildew_805.jpg,Downy Mildew,1
D:\CropDiseaseProject\grape_niphad\Downy Mildew\Downy Mildew_501.jpg,Downy Mildew,1
D:\CropDiseaseProject\grape_niphad\Powdery Mildew\Powdery Mildew_286.jpg,Powdery Mildew,3
D:\CropDiseaseProject\grape_niphad\Downy Mildew\Downy Mildew_175.jpg,Downy Mildew,1
D:\CropDiseaseProject\grape_niphad\Healthy Leaves\Healthy Leaves_414.jpg,Healthy Leaves,2
D:\CropDiseaseProject\grape_niphad\Healthy Leaves\Healthy Leaves_1247.jpg,Healthy Leaves,2
D:\CropDiseaseProject\grape_niphad\Healthy Leaves\Healthy Leaves_843.jpg,Healthy Leaves,2
D:\CropDiseaseProject\grape_niphad\Healthy Leaves\Healthy Leaves_136.jpg,Healthy Leaves,2
D:\CropDiseaseProject\grape_niphad\Healthy Leaves\Healthy Leaves_550.jpg,Healthy Leaves,2
D:\CropDiseaseProject\grape_niphad\Healthy Leaves\Healthy Leaves_791.jpg,Healthy Leaves,2
D:\CropDiseaseProject\grape_niphad\Healthy Leaves\Healthy Leaves_117.jpg,Healthy Leaves,2
D:\CropDiseaseProject\grape_niphad\Downy Mildew\Downy Mildew_681.jpg,Downy Mildew,1
D:\CropDiseaseProject\grape_niphad\Healthy Leaves\Healthy Leaves_1241.jpg,Healthy Leaves,2
D:\CropDiseaseProject\grape_niphad\Healthy Leaves\Healthy Leaves_134.jpg,Healthy Leaves,2
D:\CropDiseaseProject\grape_niphad\Healthy Leaves\Healthy Leaves_25.jpg,Healthy Leaves,2
D:\CropDiseaseProject\grape_niphad\Healthy Leaves\Healthy Leaves_999.jpg,Healthy Leaves,2
D:\CropDiseaseProject\grape_niphad\Downy Mildew\Downy Mildew_725.jpg,Downy Mildew,1
D:\CropDiseaseProject\grape_niphad\Healthy Leaves\Healthy Leaves_332.jpg,Healthy Leaves,2
D:\CropDiseaseProject\grape_niphad\Healthy Leaves\Healthy Leaves_290.jpg,Healthy Leaves,2
D:\CropDiseaseProject\grape_niphad\Healthy Leaves\Healthy Leaves_634.jpg,Healthy Leaves,2
D:\CropDiseaseProject\grape_niphad\Powdery Mildew\Powdery Mildew_80.jpg,Powdery Mildew,3
D:\CropDiseaseProject\grape_niphad\Healthy Leaves\Healthy Leaves_65.jpg,Healthy Leaves,2
D:\CropDiseaseProject\grape_niphad\Downy Mildew\Downy Mildew_753.jpg,Downy Mildew,1
D:\CropDiseaseProject\grape_niphad\Powdery Mildew\Powdery Mildew_128.jpg,Powdery Mildew,3
D:\CropDiseaseProject\grape_niphad\Powdery Mildew\Powdery Mildew_390.JPG,Powdery Mildew,3
D:\CropDiseaseProject\grape_niphad\Downy Mildew\Downy Mildew_15.jpg,Downy Mildew,1
D:\CropDiseaseProject\grape_niphad\Powdery Mildew\Powdery Mildew_285.jpg,Powdery Mildew,3
D:\CropDiseaseProject\grape_niphad\Bacterial Leaf Spot\Bacterial Leaf Spot_57.JPG,Bacterial Leaf Spot,0
D:\CropDiseaseProject\grape_niphad\Downy Mildew\Downy Mildew_803.jpg,Downy Mildew,1
D:\CropDiseaseProject\grape_niphad\Healthy Leaves\Healthy Leaves_521.jpg,Healthy Leaves,2
D:\CropDiseaseProject\grape_niphad\Healthy Leaves\Healthy Leaves_962.jpg,Healthy Leaves,2
D:\CropDiseaseProject\grape_niphad\Downy Mildew\Downy Mildew_872.jpg,Downy Mildew,1
D:\CropDiseaseProject\grape_niphad\Downy Mildew\Downy Mildew_398.jpg,Downy Mildew,1
D:\CropDiseaseProject\grape_niphad\Healthy Leaves\Healthy Leaves_695.jpg,Healthy Leaves,2
D:\CropDiseaseProject\grape_niphad\Downy Mildew\Downy Mildew_954.jpg,Downy Mildew,1
D:\CropDiseaseProject\grape_niphad\Healthy Leaves\Healthy Leaves_805.jpg,Healthy Leaves,2
D:\CropDiseaseProject\grape_niphad\Healthy Leaves\Healthy Leaves_850.jpg,Healthy Leaves,2
D:\CropDiseaseProject\grape_niphad\Downy Mildew\Downy Mildew_389.jpg,Downy Mildew,1
D:\CropDiseaseProject\grape_niphad\Downy Mildew\Downy Mildew_921.jpg,Downy Mildew,1
D:\CropDiseaseProject\grape_niphad\Healthy Leaves\Healthy Leaves_2.jpg,Healthy Leaves,2
D:\CropDiseaseProject\grape_niphad\Healthy Leaves\Healthy Leaves_416.jpg,Healthy Leaves,2
D:\CropDiseaseProject\grape_niphad\Healthy Leaves\Healthy Leaves_233.jpg,Healthy Leaves,2
D:\CropDiseaseProject\grape_niphad\Powdery Mildew\Powdery Mildew_236.jpg,Powdery Mildew,3
D:\CropDiseaseProject\grape_niphad\Downy Mildew\Downy Mildew_408.jpg,Downy Mildew,1
D:\CropDiseaseProject\grape_niphad\Healthy Leaves\Healthy Leaves_494.jpg,Healthy Leaves,2
D:\CropDiseaseProject\grape_niphad\Healthy Leaves\Healthy Leaves_929.jpg,Healthy Leaves,2
D:\CropDiseaseProject\grape_niphad\Healthy Leaves\Healthy Leaves_815.jpg,Healthy Leaves,2
D:\CropDiseaseProject\grape_niphad\Downy Mildew\Downy Mildew_485.jpg,Downy Mildew,1
D:\CropDiseaseProject\grape_niphad\Healthy Leaves\Healthy Leaves_1069.jpg,Healthy Leaves,2
D:\CropDiseaseProject\grape_niphad\Healthy Leaves\Healthy Leaves_264.jpg,Healthy Leaves,2
D:\CropDiseaseProject\grape_niphad\Healthy Leaves\Healthy Leaves_209.jpg,Healthy Leaves,2
D:\CropDiseaseProject\grape_niphad\Healthy Leaves\Healthy Leaves_847.jpg,Healthy Leaves,2
D:\CropDiseaseProject\grape_niphad\Healthy Leaves\Healthy Leaves_547.jpg,Healthy Leaves,2
D:\CropDiseaseProject\grape_niphad\Downy Mildew\Downy Mildew_226.jpg,Downy Mildew,1
D:\CropDiseaseProject\grape_niphad\Healthy Leaves\Healthy Leaves_311.jpg,Healthy Leaves,2
D:\CropDiseaseProject\grape_niphad\Healthy Leaves\Healthy Leaves_1141.jpg,Healthy Leaves,2
D:\CropDiseaseProject\grape_niphad\Downy Mildew\Downy Mildew_342.jpg,Downy Mildew,1
D:\CropDiseaseProject\grape_niphad\Healthy Leaves\Healthy Leaves_825.jpg,Healthy Leaves,2
D:\CropDiseaseProject\grape_niphad\Powdery Mildew\Powdery Mildew_230.jpg,Powdery Mildew,3
D:\CropDiseaseProject\grape_niphad\Powdery Mildew\Powdery Mildew_114.jpg,Powdery Mildew,3
D:\CropDiseaseProject\grape_niphad\Powdery Mildew\Powdery Mildew_402.JPG,Powdery Mildew,3
D:\CropDiseaseProject\grape_niphad\Downy Mildew\Downy Mildew_239.jpg,Downy Mildew,1
D:\CropDiseaseProject\grape_niphad\Downy Mildew\Downy Mildew_480.jpg,Downy Mildew,1
D:\CropDiseaseProject\grape_niphad\Healthy Leaves\Healthy Leaves_627.jpg,Healthy Leaves,2
D:\CropDiseaseProject\grape_niphad\Downy Mildew\Downy Mildew_504.jpg,Downy Mildew,1
D:\CropDiseaseProject\grape_niphad\Healthy Leaves\Healthy Leaves_409.jpg,Healthy Leaves,2
D:\CropDiseaseProject\grape_niphad\Downy Mildew\Downy Mildew_374.jpg,Downy Mildew,1
D:\CropDiseaseProject\grape_niphad\Powdery Mildew\Powdery Mildew_278.jpg,Powdery Mildew,3
D:\CropDiseaseProject\grape_niphad\Powdery Mildew\Powdery Mildew_90.jpg,Powdery Mildew,3
D:\CropDiseaseProject\grape_niphad\Healthy Leaves\Healthy Leaves_1228.jpg,Healthy Leaves,2
D:\CropDiseaseProject\grape_niphad\Powdery Mildew\Powdery Mildew_235.jpg,Powdery Mildew,3
D:\CropDiseaseProject\grape_niphad\Healthy Leaves\Healthy Leaves_1164.jpg,Healthy Leaves,2
D:\CropDiseaseProject\grape_niphad\Healthy Leaves\Healthy Leaves_400.jpg,Healthy Leaves,2
D:\CropDiseaseProject\grape_niphad\Healthy Leaves\Healthy Leaves_24.jpg,Healthy Leaves,2
D:\CropDiseaseProject\grape_niphad\Downy Mildew\Downy Mildew_349.jpg,Downy Mildew,1
D:\CropDiseaseProject\grape_niphad\Downy Mildew\Downy Mildew_7.jpg,Downy Mildew,1
D:\CropDiseaseProject\grape_niphad\Healthy Leaves\Healthy Leaves_943.jpg,Healthy Leaves,2
D:\CropDiseaseProject\grape_niphad\Healthy Leaves\Healthy Leaves_458.jpg,Healthy Leaves,2
D:\CropDiseaseProject\grape_niphad\Healthy Leaves\Healthy Leaves_462.jpg,Healthy Leaves,2
D:\CropDiseaseProject\grape_niphad\Healthy Leaves\Healthy Leaves_891.jpg,Healthy Leaves,2
D:\CropDiseaseProject\grape_niphad\Downy Mildew\Downy Mildew_519.jpg,Downy Mildew,1
D:\CropDiseaseProject\grape_niphad\Powdery Mildew\Powdery Mildew_66.jpg,Powdery Mildew,3
D:\CropDiseaseProject\grape_niphad\Healthy Leaves\Healthy Leaves_1171.jpg,Healthy Leaves,2
D:\CropDiseaseProject\grape_niphad\Downy Mildew\Downy Mildew_143.jpg,Downy Mildew,1
D:\CropDiseaseProject\grape_niphad\Healthy Leaves\Healthy Leaves_473.jpg,Healthy Leaves,2
D:\CropDiseaseProject\grape_niphad\Healthy Leaves\Healthy Leaves_380.jpg,Healthy Leaves,2
D:\CropDiseaseProject\grape_niphad\Healthy Leaves\Healthy Leaves_1253.jpg,Healthy Leaves,2
D:\CropDiseaseProject\grape_niphad\Healthy Leaves\Healthy Leaves_918.jpg,Healthy Leaves,2
D:\CropDiseaseProject\grape_niphad\Powdery Mildew\Powdery Mildew_61.jpg,Powdery Mildew,3
D:\CropDiseaseProject\grape_niphad\Downy Mildew\Downy Mildew_585.jpg,Downy Mildew,1
D:\CropDiseaseProject\grape_niphad\Healthy Leaves\Healthy Leaves_172.jpg,Healthy Leaves,2
D:\CropDiseaseProject\grape_niphad\Healthy Leaves\Healthy Leaves_912.jpg,Healthy Leaves,2
D:\CropDiseaseProject\grape_niphad\Downy Mildew\Downy Mildew_190.jpg,Downy Mildew,1
D:\CropDiseaseProject\grape_niphad\Healthy Leaves\Healthy Leaves_812.jpg,Healthy Leaves,2
D:\CropDiseaseProject\grape_niphad\Downy Mildew\Downy Mildew_196.jpg,Downy Mildew,1
D:\CropDiseaseProject\grape_niphad\Healthy Leaves\Healthy Leaves_377.jpg,Healthy Leaves,2
D:\CropDiseaseProject\grape_niphad\Healthy Leaves\Healthy Leaves_616.jpg,Healthy Leaves,2
D:\CropDiseaseProject\grape_niphad\Downy Mildew\Downy Mildew_50.jpg,Downy Mildew,1
D:\CropDiseaseProject\grape_niphad\Powdery Mildew\Powdery Mildew_147.jpg,Powdery Mildew,3
D:\CropDiseaseProject\grape_niphad\Downy Mildew\Downy Mildew_690.jpg,Downy Mildew,1
D:\CropDiseaseProject\grape_niphad\Healthy Leaves\Healthy Leaves_528.jpg,Healthy Leaves,2
D:\CropDiseaseProject\grape_niphad\Powdery Mildew\Powdery Mildew_192.jpg,Powdery Mildew,3
D:\CropDiseaseProject\grape_niphad\Healthy Leaves\Healthy Leaves_1006.jpg,Healthy Leaves,2
D:\CropDiseaseProject\grape_niphad\Downy Mildew\Downy Mildew_325.jpg,Downy Mildew,1
D:\CropDiseaseProject\grape_niphad\Healthy Leaves\Healthy Leaves_1195.jpg,Healthy Leaves,2
D:\CropDiseaseProject\grape_niphad\Healthy Leaves\Healthy Leaves_272.jpg,Healthy Leaves,2
D:\CropDiseaseProject\grape_niphad\Healthy Leaves\Healthy Leaves_749.jpg,Healthy Leaves,2
D:\CropDiseaseProject\grape_niphad\Powdery Mildew\Powdery Mildew_297.jpg,Powdery Mildew,3
D:\CropDiseaseProject\grape_niphad\Healthy Leaves\Healthy Leaves_1183.jpg,Healthy Leaves,2
D:\CropDiseaseProject\grape_niphad\Healthy Leaves\Healthy Leaves_609.jpg,Healthy Leaves,2
D:\CropDiseaseProject\grape_niphad\Downy Mildew\Downy Mildew_505.jpg,Downy Mildew,1
D:\CropDiseaseProject\grape_niphad\Powdery Mildew\Powdery Mildew_29.jpg,Powdery Mildew,3
D:\CropDiseaseProject\grape_niphad\Healthy Leaves\Healthy Leaves_1005.jpg,Healthy Leaves,2
D:\CropDiseaseProject\grape_niphad\Healthy Leaves\Healthy Leaves_460.jpg,Healthy Leaves,2
D:\CropDiseaseProject\grape_niphad\Healthy Leaves\Healthy Leaves_277.jpg,Healthy Leaves,2
D:\CropDiseaseProject\grape_niphad\Powdery Mildew\Powdery Mildew_31.jpg,Powdery Mildew,3
D:\CropDiseaseProject\grape_niphad\Bacterial Leaf Spot\Bacterial Leaf Spot_82.jpg,Bacterial Leaf Spot,0
D:\CropDiseaseProject\grape_niphad\Powdery Mildew\Powdery Mildew_77.jpg,Powdery Mildew,3
D:\CropDiseaseProject\grape_niphad\Healthy Leaves\Healthy Leaves_765.jpg,Healthy Leaves,2
D:\CropDiseaseProject\grape_niphad\Healthy Leaves\Healthy Leaves_382.jpg,Healthy Leaves,2
D:\CropDiseaseProject\grape_niphad\Downy Mildew\Downy Mildew_496.jpg,Downy Mildew,1
D:\CropDiseaseProject\grape_niphad\Downy Mildew\Downy Mildew_362.jpg,Downy Mildew,1
D:\CropDiseaseProject\grape_niphad\Downy Mildew\Downy Mildew_570.jpg,Downy Mildew,1
D:\CropDiseaseProject\grape_niphad\Downy Mildew\Downy Mildew_483.jpg,Downy Mildew,1
D:\CropDiseaseProject\grape_niphad\Downy Mildew\Downy Mildew_948.jpg,Downy Mildew,1
D:\CropDiseaseProject\grape_niphad\Healthy Leaves\Healthy Leaves_674.jpg,Healthy Leaves,2
D:\CropDiseaseProject\grape_niphad\Downy Mildew\Downy Mildew_482.jpg,Downy Mildew,1
D:\CropDiseaseProject\grape_niphad\Healthy Leaves\Healthy Leaves_870.jpg,Healthy Leaves,2
D:\CropDiseaseProject\grape_niphad\Downy Mildew\Downy Mildew_278.jpg,Downy Mildew,1
D:\CropDiseaseProject\grape_niphad\Healthy Leaves\Healthy Leaves_597.jpg,Healthy Leaves,2
D:\CropDiseaseProject\grape_niphad\Healthy Leaves\Healthy Leaves_242.jpg,Healthy Leaves,2
D:\CropDiseaseProject\grape_niphad\Bacterial Leaf Spot\Bacterial Leaf Spot_68.JPG,Bacterial Leaf Spot,0
D:\CropDiseaseProject\grape_niphad\Downy Mildew\Downy Mildew_334.jpg,Downy Mildew,1
D:\CropDiseaseProject\grape_niphad\Powdery Mildew\Powdery Mildew_267.jpg,Powdery Mildew,3
D:\CropDiseaseProject\grape_niphad\Downy Mildew\Downy Mildew_249.jpg,Downy Mildew,1
D:\CropDiseaseProject\grape_niphad\Downy Mildew\Downy Mildew_221.jpg,Downy Mildew,1
D:\CropDiseaseProject\grape_niphad\Downy Mildew\Downy Mildew_439.jpg,Downy Mildew,1
D:\CropDiseaseProject\grape_niphad\Downy Mildew\Downy Mildew_287.JPG,Downy Mildew,1
D:\CropDiseaseProject\grape_niphad\Powdery Mildew\Powdery Mildew_318.jpg,Powdery Mildew,3
D:\CropDiseaseProject\grape_niphad\Powdery Mildew\Powdery Mildew_406.JPG,Powdery Mildew,3
D:\CropDiseaseProject\grape_niphad\Healthy Leaves\Healthy Leaves_1200.jpg,Healthy Leaves,2
D:\CropDiseaseProject\grape_niphad\Healthy Leaves\Healthy Leaves_858.jpg,Healthy Leaves,2
D:\CropDiseaseProject\grape_niphad\Healthy Leaves\Healthy Leaves_869.jpg,Healthy Leaves,2
D:\CropDiseaseProject\grape_niphad\Healthy Leaves\Healthy Leaves_200.jpg,Healthy Leaves,2
D:\CropDiseaseProject\grape_niphad\Powdery Mildew\Powdery Mildew_302.jpg,Powdery Mildew,3
D:\CropDiseaseProject\grape_niphad\Powdery Mildew\Powdery Mildew_206.jpg,Powdery Mildew,3
D:\CropDiseaseProject\grape_niphad\Healthy Leaves\Healthy Leaves_1129.jpg,Healthy Leaves,2
D:\CropDiseaseProject\grape_niphad\Healthy Leaves\Healthy Leaves_306.jpg,Healthy Leaves,2
D:\CropDiseaseProject\grape_niphad\Downy Mildew\Downy Mildew_369.jpg,Downy Mildew,1
D:\CropDiseaseProject\grape_niphad\Powdery Mildew\Powdery Mildew_299.jpg,Powdery Mildew,3
D:\CropDiseaseProject\grape_niphad\Downy Mildew\Downy Mildew_29.jpg,Downy Mildew,1
D:\CropDiseaseProject\grape_niphad\Downy Mildew\Downy Mildew_195.jpg,Downy Mildew,1
D:\CropDiseaseProject\grape_niphad\Bacterial Leaf Spot\Bacterial Leaf Spot_5.jpg,Bacterial Leaf Spot,0
D:\CropDiseaseProject\grape_niphad\Healthy Leaves\Healthy Leaves_238.jpg,Healthy Leaves,2
D:\CropDiseaseProject\grape_niphad\Healthy Leaves\Healthy Leaves_270.jpg,Healthy Leaves,2
D:\CropDiseaseProject\grape_niphad\Healthy Leaves\Healthy Leaves_492.jpg,Healthy Leaves,2
D:\CropDiseaseProject\grape_niphad\Downy Mildew\Downy Mildew_515.jpg,Downy Mildew,1
D:\CropDiseaseProject\grape_niphad\Powdery Mildew\Powdery Mildew_207.jpg,Powdery Mildew,3
D:\CropDiseaseProject\grape_niphad\Healthy Leaves\Healthy Leaves_384.jpg,Healthy Leaves,2
D:\CropDiseaseProject\grape_niphad\Downy Mildew\Downy Mildew_537.jpg,Downy Mildew,1
D:\CropDiseaseProject\grape_niphad\Downy Mildew\Downy Mildew_769.jpg,Downy Mildew,1
D:\CropDiseaseProject\grape_niphad\Powdery Mildew\Powdery Mildew_161.jpg,Powdery Mildew,3
D:\CropDiseaseProject\grape_niphad\Downy Mildew\Downy Mildew_840.jpg,Downy Mildew,1
D:\CropDiseaseProject\grape_niphad\Downy Mildew\Downy Mildew_832.jpg,Downy Mildew,1
D:\CropDiseaseProject\grape_niphad\Healthy Leaves\Healthy Leaves_742.jpg,Healthy Leaves,2
D:\CropDiseaseProject\grape_niphad\Healthy Leaves\Healthy Leaves_187.jpg,Healthy Leaves,2
D:\CropDiseaseProject\grape_niphad\Powdery Mildew\Powdery Mildew_241.jpg,Powdery Mildew,3
D:\CropDiseaseProject\grape_niphad\Downy Mildew\Downy Mildew_166.jpg,Downy Mildew,1
D:\CropDiseaseProject\grape_niphad\Downy Mildew\Downy Mildew_532.jpg,Downy Mildew,1
D:\CropDiseaseProject\grape_niphad\Healthy Leaves\Healthy Leaves_1190.jpg,Healthy Leaves,2
D:\CropDiseaseProject\grape_niphad\Downy Mildew\Downy Mildew_717.jpg,Downy Mildew,1
D:\CropDiseaseProject\grape_niphad\Healthy Leaves\Healthy Leaves_1074.jpg,Healthy Leaves,2
D:\CropDiseaseProject\grape_niphad\Downy Mildew\Downy Mildew_338.jpg,Downy Mildew,1
D:\CropDiseaseProject\grape_niphad\Healthy Leaves\Healthy Leaves_904.jpg,Healthy Leaves,2
D:\CropDiseaseProject\grape_niphad\Healthy Leaves\Healthy Leaves_758.jpg,Healthy Leaves,2
D:\CropDiseaseProject\grape_niphad\Healthy Leaves\Healthy Leaves_37.jpg,Healthy Leaves,2
D:\CropDiseaseProject\grape_niphad\Downy Mildew\Downy Mildew_365.jpg,Downy Mildew,1
D:\CropDiseaseProject\grape_niphad\Healthy Leaves\Healthy Leaves_569.jpg,Healthy Leaves,2
D:\CropDiseaseProject\grape_niphad\Downy Mildew\Downy Mildew_864.jpg,Downy Mildew,1
D:\CropDiseaseProject\grape_niphad\Downy Mildew\Downy Mildew_748.jpg,Downy Mildew,1
D:\CropDiseaseProject\grape_niphad\Downy Mildew\Downy Mildew_165.jpg,Downy Mildew,1
D:\CropDiseaseProject\grape_niphad\Healthy Leaves\Healthy Leaves_717.jpg,Healthy Leaves,2
D:\CropDiseaseProject\grape_niphad\Healthy Leaves\Healthy Leaves_762.jpg,Healthy Leaves,2
D:\CropDiseaseProject\grape_niphad\Healthy Leaves\Healthy Leaves_452.jpg,Healthy Leaves,2
D:\CropDiseaseProject\grape_niphad\Healthy Leaves\Healthy Leaves_771.jpg,Healthy Leaves,2
D:\CropDiseaseProject\grape_niphad\Healthy Leaves\Healthy Leaves_443.jpg,Healthy Leaves,2
D:\CropDiseaseProject\grape_niphad\Downy Mildew\Downy Mildew_187.jpg,Downy Mildew,1
D:\CropDiseaseProject\grape_niphad\Downy Mildew\Downy Mildew_380.jpg,Downy Mildew,1
D:\CropDiseaseProject\grape_niphad\Healthy Leaves\Healthy Leaves_1242.jpg,Healthy Leaves,2
D:\CropDiseaseProject\grape_niphad\Downy Mildew\Downy Mildew_612.jpg,Downy Mildew,1
D:\CropDiseaseProject\grape_niphad\Downy Mildew\Downy Mildew_93.jpg,Downy Mildew,1
D:\CropDiseaseProject\grape_niphad\Healthy Leaves\Healthy Leaves_781.jpg,Healthy Leaves,2
D:\CropDiseaseProject\grape_niphad\Healthy Leaves\Healthy Leaves_314.jpg,Healthy Leaves,2
D:\CropDiseaseProject\grape_niphad\Healthy Leaves\Healthy Leaves_902.jpg,Healthy Leaves,2
D:\CropDiseaseProject\grape_niphad\Healthy Leaves\Healthy Leaves_770.jpg,Healthy Leaves,2
D:\CropDiseaseProject\grape_niphad\Downy Mildew\Downy Mildew_241.jpg,Downy Mildew,1
D:\CropDiseaseProject\grape_niphad\Healthy Leaves\Healthy Leaves_1216.png,Healthy Leaves,2
D:\CropDiseaseProject\grape_niphad\Healthy Leaves\Healthy Leaves_371.jpg,Healthy Leaves,2
D:\CropDiseaseProject\grape_niphad\Downy Mildew\Downy Mildew_90.jpg,Downy Mildew,1
D:\CropDiseaseProject\grape_niphad\Downy Mildew\Downy Mildew_341.jpg,Downy Mildew,1
D:\CropDiseaseProject\grape_niphad\Powdery Mildew\Powdery Mildew_187.jpg,Powdery Mildew,3
D:\CropDiseaseProject\grape_niphad\Downy Mildew\Downy Mildew_602.jpg,Downy Mildew,1
D:\CropDiseaseProject\grape_niphad\Downy Mildew\Downy Mildew_358.jpg,Downy Mildew,1
D:\CropDiseaseProject\grape_niphad\Powdery Mildew\Powdery Mildew_328.jpg,Powdery Mildew,3
D:\CropDiseaseProject\grape_niphad\Downy Mildew\Downy Mildew_641.jpg,Downy Mildew,1
D:\CropDiseaseProject\grape_niphad\Downy Mildew\Downy Mildew_589.jpg,Downy Mildew,1
D:\CropDiseaseProject\grape_niphad\Healthy Leaves\Healthy Leaves_54.jpg,Healthy Leaves,2
D:\CropDiseaseProject\grape_niphad\Downy Mildew\Downy Mildew_386.jpg,Downy Mildew,1
D:\CropDiseaseProject\grape_niphad\Healthy Leaves\Healthy Leaves_480.jpg,Healthy Leaves,2
D:\CropDiseaseProject\grape_niphad\Downy Mildew\Downy Mildew_611.jpg,Downy Mildew,1
D:\CropDiseaseProject\grape_niphad\Healthy Leaves\Healthy Leaves_1116.jpg,Healthy Leaves,2
D:\CropDiseaseProject\grape_niphad\Downy Mildew\Downy Mildew_191.jpg,Downy Mildew,1
D:\CropDiseaseProject\grape_niphad\Healthy Leaves\Healthy Leaves_1196.jpg,Healthy Leaves,2
D:\CropDiseaseProject\grape_niphad\Downy Mildew\Downy Mildew_715.jpg,Downy Mildew,1
D:\CropDiseaseProject\grape_niphad\Healthy Leaves\Healthy Leaves_702.jpg,Healthy Leaves,2
D:\CropDiseaseProject\grape_niphad\Powdery Mildew\Powdery Mildew_36.jpg,Powdery Mildew,3
D:\CropDiseaseProject\grape_niphad\Healthy Leaves\Healthy Leaves_878.jpg,Healthy Leaves,2
D:\CropDiseaseProject\grape_niphad\Healthy Leaves\Healthy Leaves_650.jpg,Healthy Leaves,2
D:\CropDiseaseProject\grape_niphad\Healthy Leaves\Healthy Leaves_993.jpg,Healthy Leaves,2
D:\CropDiseaseProject\grape_niphad\Powdery Mildew\Powdery Mildew_118.jpg,Powdery Mildew,3
D:\CropDiseaseProject\grape_niphad\Healthy Leaves\Healthy Leaves_851.jpg,Healthy Leaves,2
D:\CropDiseaseProject\grape_niphad\Powdery Mildew\Powdery Mildew_279.jpg,Powdery Mildew,3
D:\CropDiseaseProject\grape_niphad\Healthy Leaves\Healthy Leaves_683.jpg,Healthy Leaves,2
D:\CropDiseaseProject\grape_niphad\Downy Mildew\Downy Mildew_70.jpg,Downy Mildew,1
D:\CropDiseaseProject\grape_niphad\Healthy Leaves\Healthy Leaves_95.jpg,Healthy Leaves,2
D:\CropDiseaseProject\grape_niphad\Powdery Mildew\Powdery Mildew_105.jpg,Powdery Mildew,3
D:\CropDiseaseProject\grape_niphad\Healthy Leaves\Healthy Leaves_217.jpg,Healthy Leaves,2
D:\CropDiseaseProject\grape_niphad\Healthy Leaves\Healthy Leaves_1180.jpg,Healthy Leaves,2
D:\CropDiseaseProject\grape_niphad\Healthy Leaves\Healthy Leaves_329.jpg,Healthy Leaves,2
D:\CropDiseaseProject\grape_niphad\Healthy Leaves\Healthy Leaves_1156.jpg,Healthy Leaves,2
D:\CropDiseaseProject\grape_niphad\Bacterial Leaf Spot\Bacterial Leaf Spot_1.png,Bacterial Leaf Spot,0
D:\CropDiseaseProject\grape_niphad\Healthy Leaves\Healthy Leaves_1056.png,Healthy Leaves,2
D:\CropDiseaseProject\grape_niphad\Healthy Leaves\Healthy Leaves_486.jpg,Healthy Leaves,2
D:\CropDiseaseProject\grape_niphad\Downy Mildew\Downy Mildew_755.jpg,Downy Mildew,1
D:\CropDiseaseProject\grape_niphad\Downy Mildew\Downy Mildew_851.jpg,Downy Mildew,1
D:\CropDiseaseProject\grape_niphad\Downy Mildew\Downy Mildew_296.jpg,Downy Mildew,1
D:\CropDiseaseProject\grape_niphad\Downy Mildew\Downy Mildew_373.jpg,Downy Mildew,1
D:\CropDiseaseProject\grape_niphad\Downy Mildew\Downy Mildew_430.jpg,Downy Mildew,1
D:\CropDiseaseProject\grape_niphad\Powdery Mildew\Powdery Mildew_163.jpg,Powdery Mildew,3
D:\CropDiseaseProject\grape_niphad\Powdery Mildew\Powdery Mildew_190.jpg,Powdery Mildew,3
D:\CropDiseaseProject\grape_niphad\Healthy Leaves\Healthy Leaves_56.jpg,Healthy Leaves,2
D:\CropDiseaseProject\grape_niphad\Healthy Leaves\Healthy Leaves_640.jpg,Healthy Leaves,2
D:\CropDiseaseProject\grape_niphad\Healthy Leaves\Healthy Leaves_1186.jpg,Healthy Leaves,2
D:\CropDiseaseProject\grape_niphad\Downy Mildew\Downy Mildew_410.jpg,Downy Mildew,1
D:\CropDiseaseProject\grape_niphad\Powdery Mildew\Powdery Mildew_243.jpg,Powdery Mildew,3
D:\CropDiseaseProject\grape_niphad\Downy Mildew\Downy Mildew_654.jpg,Downy Mildew,1
D:\CropDiseaseProject\grape_niphad\Healthy Leaves\Healthy Leaves_890.jpg,Healthy Leaves,2
D:\CropDiseaseProject\grape_niphad\Powdery Mildew\Powdery Mildew_34.jpg,Powdery Mildew,3
D:\CropDiseaseProject\grape_niphad\Downy Mildew\Downy Mildew_966.jpg,Downy Mildew,1
D:\CropDiseaseProject\grape_niphad\Healthy Leaves\Healthy Leaves_257.jpg,Healthy Leaves,2
D:\CropDiseaseProject\grape_niphad\Healthy Leaves\Healthy Leaves_261.jpg,Healthy Leaves,2
D:\CropDiseaseProject\grape_niphad\Healthy Leaves\Healthy Leaves_559.jpg,Healthy Leaves,2
D:\CropDiseaseProject\grape_niphad\Downy Mildew\Downy Mildew_319.jpg,Downy Mildew,1
D:\CropDiseaseProject\grape_niphad\Healthy Leaves\Healthy Leaves_482.jpg,Healthy Leaves,2
D:\CropDiseaseProject\grape_niphad\Downy Mildew\Downy Mildew_294.jpg,Downy Mildew,1
D:\CropDiseaseProject\grape_niphad\Healthy Leaves\Healthy Leaves_971.jpg,Healthy Leaves,2
D:\CropDiseaseProject\grape_niphad\Downy Mildew\Downy Mildew_830.jpg,Downy Mildew,1
D:\CropDiseaseProject\grape_niphad\Powdery Mildew\Powdery Mildew_340.jpg,Powdery Mildew,3
D:\CropDiseaseProject\grape_niphad\Bacterial Leaf Spot\Bacterial Leaf Spot_40.jpg,Bacterial Leaf Spot,0
D:\CropDiseaseProject\grape_niphad\Downy Mildew\Downy Mildew_172.jpg,Downy Mildew,1
D:\CropDiseaseProject\grape_niphad\Powdery Mildew\Powdery Mildew_9.jpg,Powdery Mildew,3
D:\CropDiseaseProject\grape_niphad\Downy Mildew\Downy Mildew_891.jpg,Downy Mildew,1
D:\CropDiseaseProject\grape_niphad\Downy Mildew\Downy Mildew_639.jpg,Downy Mildew,1
D:\CropDiseaseProject\grape_niphad\Downy Mildew\Downy Mildew_170.jpg,Downy Mildew,1
D:\CropDiseaseProject\grape_niphad\Powdery Mildew\Powdery Mildew_189.jpg,Powdery Mildew,3
D:\CropDiseaseProject\grape_niphad\Healthy Leaves\Healthy Leaves_501.jpg,Healthy Leaves,2
D:\CropDiseaseProject\grape_niphad\Healthy Leaves\Healthy Leaves_292.jpg,Healthy Leaves,2
D:\CropDiseaseProject\grape_niphad\Healthy Leaves\Healthy Leaves_688.jpg,Healthy Leaves,2
D:\CropDiseaseProject\grape_niphad\Powdery Mildew\Powdery Mildew_221.jpg,Powdery Mildew,3
D:\CropDiseaseProject\grape_niphad\Healthy Leaves\Healthy Leaves_1176.jpg,Healthy Leaves,2
D:\CropDiseaseProject\grape_niphad\Healthy Leaves\Healthy Leaves_411.jpg,Healthy Leaves,2
D:\CropDiseaseProject\grape_niphad\Downy Mildew\Downy Mildew_201.jpg,Downy Mildew,1
D:\CropDiseaseProject\grape_niphad\Powdery Mildew\Powdery Mildew_321.jpg,Powdery Mildew,3
D:\CropDiseaseProject\grape_niphad\Healthy Leaves\Healthy Leaves_941.jpg,Healthy Leaves,2
D:\CropDiseaseProject\grape_niphad\Powdery Mildew\Powdery Mildew_369.JPG,Powdery Mildew,3
D:\CropDiseaseProject\grape_niphad\Healthy Leaves\Healthy Leaves_1099.jpg,Healthy Leaves,2
D:\CropDiseaseProject\grape_niphad\Healthy Leaves\Healthy Leaves_1049.jpg,Healthy Leaves,2
D:\CropDiseaseProject\grape_niphad\Healthy Leaves\Healthy Leaves_372.jpg,Healthy Leaves,2
D:\CropDiseaseProject\grape_niphad\Healthy Leaves\Healthy Leaves_455.jpg,Healthy Leaves,2
D:\CropDiseaseProject\grape_niphad\Healthy Leaves\Healthy Leaves_994.jpg,Healthy Leaves,2
D:\CropDiseaseProject\grape_niphad\Downy Mildew\Downy Mildew_478.jpg,Downy Mildew,1
D:\CropDiseaseProject\grape_niphad\Healthy Leaves\Healthy Leaves_119.jpg,Healthy Leaves,2
D:\CropDiseaseProject\grape_niphad\Healthy Leaves\Healthy Leaves_637.jpg,Healthy Leaves,2
D:\CropDiseaseProject\grape_niphad\Powdery Mildew\Powdery Mildew_146.jpg,Powdery Mildew,3
D:\CropDiseaseProject\grape_niphad\Downy Mildew\Downy Mildew_399.jpg,Downy Mildew,1
D:\CropDiseaseProject\grape_niphad\Healthy Leaves\Healthy Leaves_1042.jpg,Healthy Leaves,2
D:\CropDiseaseProject\grape_niphad\Healthy Leaves\Healthy Leaves_351.jpg,Healthy Leaves,2
D:\CropDiseaseProject\grape_niphad\Powdery Mildew\Powdery Mildew_311.jpg,Powdery Mildew,3
D:\CropDiseaseProject\grape_niphad\Healthy Leaves\Healthy Leaves_218.jpg,Healthy Leaves,2
D:\CropDiseaseProject\grape_niphad\Healthy Leaves\Healthy Leaves_1226.jpg,Healthy Leaves,2
D:\CropDiseaseProject\grape_niphad\Healthy Leaves\Healthy Leaves_1212.jpg,Healthy Leaves,2
D:\CropDiseaseProject\grape_niphad\Healthy Leaves\Healthy Leaves_143.jpg,Healthy Leaves,2
D:\CropDiseaseProject\grape_niphad\Healthy Leaves\Healthy Leaves_26.jpg,Healthy Leaves,2
D:\CropDiseaseProject\grape_niphad\Downy Mildew\Downy Mildew_120.jpg,Downy Mildew,1
D:\CropDiseaseProject\grape_niphad\Healthy Leaves\Healthy Leaves_675.jpg,Healthy Leaves,2
D:\CropDiseaseProject\grape_niphad\Downy Mildew\Downy Mildew_560.jpg,Downy Mildew,1
D:\CropDiseaseProject\grape_niphad\Healthy Leaves\Healthy Leaves_1213.jpg,Healthy Leaves,2
D:\CropDiseaseProject\grape_niphad\Healthy Leaves\Healthy Leaves_285.jpg,Healthy Leaves,2
D:\CropDiseaseProject\grape_niphad\Healthy Leaves\Healthy Leaves_1160.jpg,Healthy Leaves,2
D:\CropDiseaseProject\grape_niphad\Healthy Leaves\Healthy Leaves_1252.jpg,Healthy Leaves,2
D:\CropDiseaseProject\grape_niphad\Bacterial Leaf Spot\Bacterial Leaf Spot_20.jpg,Bacterial Leaf Spot,0
D:\CropDiseaseProject\grape_niphad\Downy Mildew\Downy Mildew_838.jpg,Downy Mildew,1
D:\CropDiseaseProject\grape_niphad\Powdery Mildew\Powdery Mildew_138.jpg,Powdery Mildew,3
D:\CropDiseaseProject\grape_niphad\Healthy Leaves\Healthy Leaves_546.jpg,Healthy Leaves,2
D:\CropDiseaseProject\grape_niphad\Downy Mildew\Downy Mildew_388.jpg,Downy Mildew,1
D:\CropDiseaseProject\grape_niphad\Powdery Mildew\Powdery Mildew_25.jpg,Powdery Mildew,3
D:\CropDiseaseProject\grape_niphad\Healthy Leaves\Healthy Leaves_582.jpg,Healthy Leaves,2
D:\CropDiseaseProject\grape_niphad\Healthy Leaves\Healthy Leaves_952.jpg,Healthy Leaves,2
D:\CropDiseaseProject\grape_niphad\Downy Mildew\Downy Mildew_710.jpg,Downy Mildew,1
D:\CropDiseaseProject\grape_niphad\Healthy Leaves\Healthy Leaves_355.jpg,Healthy Leaves,2
D:\CropDiseaseProject\grape_niphad\Healthy Leaves\Healthy Leaves_499.jpg,Healthy Leaves,2
D:\CropDiseaseProject\grape_niphad\Healthy Leaves\Healthy Leaves_1248.jpg,Healthy Leaves,2
D:\CropDiseaseProject\grape_niphad\Downy Mildew\Downy Mildew_62.jpg,Downy Mildew,1
D:\CropDiseaseProject\grape_niphad\Healthy Leaves\Healthy Leaves_651.jpg,Healthy Leaves,2
D:\CropDiseaseProject\grape_niphad\Healthy Leaves\Healthy Leaves_287.jpg,Healthy Leaves,2
D:\CropDiseaseProject\grape_niphad\Healthy Leaves\Healthy Leaves_1077.jpg,Healthy Leaves,2
D:\CropDiseaseProject\grape_niphad\Downy Mildew\Downy Mildew_4.jpg,Downy Mildew,1
D:\CropDiseaseProject\grape_niphad\Downy Mildew\Downy Mildew_144.jpg,Downy Mildew,1
D:\CropDiseaseProject\grape_niphad\Downy Mildew\Downy Mildew_638.jpg,Downy Mildew,1
D:\CropDiseaseProject\grape_niphad\Healthy Leaves\Healthy Leaves_92.jpg,Healthy Leaves,2
D:\CropDiseaseProject\grape_niphad\Downy Mildew\Downy Mildew_624.jpg,Downy Mildew,1
D:\CropDiseaseProject\grape_niphad\Powdery Mildew\Powdery Mildew_99.jpg,Powdery Mildew,3
D:\CropDiseaseProject\grape_niphad\Healthy Leaves\Healthy Leaves_251.jpg,Healthy Leaves,2
D:\CropDiseaseProject\grape_niphad\Healthy Leaves\Healthy Leaves_34.jpg,Healthy Leaves,2
D:\CropDiseaseProject\grape_niphad\Healthy Leaves\Healthy Leaves_101.jpg,Healthy Leaves,2
D:\CropDiseaseProject\grape_niphad\Downy Mildew\Downy Mildew_420.jpg,Downy Mildew,1
D:\CropDiseaseProject\grape_niphad\Powdery Mildew\Powdery Mildew_343.jpg,Powdery Mildew,3
D:\CropDiseaseProject\grape_niphad\Healthy Leaves\Healthy Leaves_532.jpg,Healthy Leaves,2
D:\CropDiseaseProject\grape_niphad\Healthy Leaves\Healthy Leaves_145.jpg,Healthy Leaves,2
D:\CropDiseaseProject\grape_niphad\Healthy Leaves\Healthy Leaves_397.jpg,Healthy Leaves,2
D:\CropDiseaseProject\grape_niphad\Healthy Leaves\Healthy Leaves_182.jpg,Healthy Leaves,2
D:\CropDiseaseProject\grape_niphad\Bacterial Leaf Spot\Bacterial Leaf Spot_90.jpg,Bacterial Leaf Spot,0
D:\CropDiseaseProject\grape_niphad\Downy Mildew\Downy Mildew_696.jpg,Downy Mildew,1
D:\CropDiseaseProject\grape_niphad\Downy Mildew\Downy Mildew_587.jpg,Downy Mildew,1
D:\CropDiseaseProject\grape_niphad\Healthy Leaves\Healthy Leaves_278.jpg,Healthy Leaves,2
D:\CropDiseaseProject\grape_niphad\Downy Mildew\Downy Mildew_48.jpg,Downy Mildew,1
D:\CropDiseaseProject\grape_niphad\Healthy Leaves\Healthy Leaves_79.jpg,Healthy Leaves,2
D:\CropDiseaseProject\grape_niphad\Healthy Leaves\Healthy Leaves_535.jpg,Healthy Leaves,2
D:\CropDiseaseProject\grape_niphad\Downy Mildew\Downy Mildew_663.jpg,Downy Mildew,1
D:\CropDiseaseProject\grape_niphad\Healthy Leaves\Healthy Leaves_605.jpg,Healthy Leaves,2
D:\CropDiseaseProject\grape_niphad\Bacterial Leaf Spot\Bacterial Leaf Spot_49.jpg,Bacterial Leaf Spot,0
D:\CropDiseaseProject\grape_niphad\Healthy Leaves\Healthy Leaves_997.jpg,Healthy Leaves,2
D:\CropDiseaseProject\grape_niphad\Healthy Leaves\Healthy Leaves_653.jpg,Healthy Leaves,2
D:\CropDiseaseProject\grape_niphad\Downy Mildew\Downy Mildew_159.jpg,Downy Mildew,1
D:\CropDiseaseProject\grape_niphad\Powdery Mildew\Powdery Mildew_253.jpg,Powdery Mildew,3
D:\CropDiseaseProject\grape_niphad\Healthy Leaves\Healthy Leaves_9.jpg,Healthy Leaves,2
D:\CropDiseaseProject\grape_niphad\Downy Mildew\Downy Mildew_223.jpg,Downy Mildew,1
D:\CropDiseaseProject\grape_niphad\Healthy Leaves\Healthy Leaves_404.jpg,Healthy Leaves,2
D:\CropDiseaseProject\grape_niphad\Downy Mildew\Downy Mildew_839.jpg,Downy Mildew,1
D:\CropDiseaseProject\grape_niphad\Downy Mildew\Downy Mildew_9.jpg,Downy Mildew,1
D:\CropDiseaseProject\grape_niphad\Healthy Leaves\Healthy Leaves_1044.jpg,Healthy Leaves,2
D:\CropDiseaseProject\grape_niphad\Downy Mildew\Downy Mildew_574.jpg,Downy Mildew,1
D:\CropDiseaseProject\grape_niphad\Healthy Leaves\Healthy Leaves_652.jpg,Healthy Leaves,2
D:\CropDiseaseProject\grape_niphad\Downy Mildew\Downy Mildew_617.jpg,Downy Mildew,1
D:\CropDiseaseProject\grape_niphad\Healthy Leaves\Healthy Leaves_780.jpg,Healthy Leaves,2
D:\CropDiseaseProject\grape_niphad\Healthy Leaves\Healthy Leaves_983.jpg,Healthy Leaves,2
D:\CropDiseaseProject\grape_niphad\Downy Mildew\Downy Mildew_467.jpg,Downy Mildew,1
D:\CropDiseaseProject\grape_niphad\Healthy Leaves\Healthy Leaves_93.jpg,Healthy Leaves,2
D:\CropDiseaseProject\grape_niphad\Powdery Mildew\Powdery Mildew_162.jpg,Powdery Mildew,3
D:\CropDiseaseProject\grape_niphad\Healthy Leaves\Healthy Leaves_1093.jpg,Healthy Leaves,2
D:\CropDiseaseProject\grape_niphad\Healthy Leaves\Healthy Leaves_1061.jpg,Healthy Leaves,2
D:\CropDiseaseProject\grape_niphad\Powdery Mildew\Powdery Mildew_93.jpg,Powdery Mildew,3
D:\CropDiseaseProject\grape_niphad\Downy Mildew\Downy Mildew_670.jpg,Downy Mildew,1
D:\CropDiseaseProject\grape_niphad\Healthy Leaves\Healthy Leaves_1165.jpg,Healthy Leaves,2
D:\CropDiseaseProject\grape_niphad\Downy Mildew\Downy Mildew_682.jpg,Downy Mildew,1
D:\CropDiseaseProject\grape_niphad\Downy Mildew\Downy Mildew_876.jpg,Downy Mildew,1
D:\CropDiseaseProject\grape_niphad\Downy Mildew\Downy Mildew_609.jpg,Downy Mildew,1
D:\CropDiseaseProject\grape_niphad\Downy Mildew\Downy Mildew_553.jpg,Downy Mildew,1
D:\CropDiseaseProject\grape_niphad\Healthy Leaves\Healthy Leaves_954.jpg,Healthy Leaves,2
D:\CropDiseaseProject\grape_niphad\Healthy Leaves\Healthy Leaves_626.jpg,Healthy Leaves,2
D:\CropDiseaseProject\grape_niphad\Healthy Leaves\Healthy Leaves_906.jpg,Healthy Leaves,2
D:\CropDiseaseProject\grape_niphad\Healthy Leaves\Healthy Leaves_1198.jpg,Healthy Leaves,2
D:\CropDiseaseProject\grape_niphad\Powdery Mildew\Powdery Mildew_250.jpg,Powdery Mildew,3
D:\CropDiseaseProject\grape_niphad\Powdery Mildew\Powdery Mildew_200.jpg,Powdery Mildew,3
D:\CropDiseaseProject\grape_niphad\Downy Mildew\Downy Mildew_357.jpg,Downy Mildew,1
D:\CropDiseaseProject\grape_niphad\Powdery Mildew\Powdery Mildew_125.jpg,Powdery Mildew,3
D:\CropDiseaseProject\grape_niphad\Powdery Mildew\Powdery Mildew_14.jpg,Powdery Mildew,3
D:\CropDiseaseProject\grape_niphad\Healthy Leaves\Healthy Leaves_795.jpg,Healthy Leaves,2
D:\CropDiseaseProject\grape_niphad\Downy Mildew\Downy Mildew_364.jpg,Downy Mildew,1
D:\CropDiseaseProject\grape_niphad\Healthy Leaves\Healthy Leaves_686.jpg,Healthy Leaves,2
D:\CropDiseaseProject\grape_niphad\Healthy Leaves\Healthy Leaves_1038.jpg,Healthy Leaves,2
D:\CropDiseaseProject\grape_niphad\Powdery Mildew\Powdery Mildew_397.JPG,Powdery Mildew,3
D:\CropDiseaseProject\grape_niphad\Healthy Leaves\Healthy Leaves_853.jpg,Healthy Leaves,2
D:\CropDiseaseProject\grape_niphad\Downy Mildew\Downy Mildew_820.jpg,Downy Mildew,1
D:\CropDiseaseProject\grape_niphad\Downy Mildew\Downy Mildew_73.jpg,Downy Mildew,1
D:\CropDiseaseProject\grape_niphad\Healthy Leaves\Healthy Leaves_1119.jpg,Healthy Leaves,2
D:\CropDiseaseProject\grape_niphad\Healthy Leaves\Healthy Leaves_764.jpg,Healthy Leaves,2
D:\CropDiseaseProject\grape_niphad\Downy Mildew\Downy Mildew_25.jpg,Downy Mildew,1
D:\CropDiseaseProject\grape_niphad\Healthy Leaves\Healthy Leaves_966.jpg,Healthy Leaves,2
D:\CropDiseaseProject\grape_niphad\Healthy Leaves\Healthy Leaves_579.jpg,Healthy Leaves,2
D:\CropDiseaseProject\grape_niphad\Healthy Leaves\Healthy Leaves_769.jpg,Healthy Leaves,2
D:\CropDiseaseProject\grape_niphad\Healthy Leaves\Healthy Leaves_564.jpg,Healthy Leaves,2
D:\CropDiseaseProject\grape_niphad\Healthy Leaves\Healthy Leaves_13.jpg,Healthy Leaves,2
D:\CropDiseaseProject\grape_niphad\Healthy Leaves\Healthy Leaves_1188.jpg,Healthy Leaves,2
D:\CropDiseaseProject\grape_niphad\Healthy Leaves\Healthy Leaves_541.jpg,Healthy Leaves,2
D:\CropDiseaseProject\grape_niphad\Powdery Mildew\Powdery Mildew_288.jpg,Powdery Mildew,3
D:\CropDiseaseProject\grape_niphad\Powdery Mildew\Powdery Mildew_144.jpg,Powdery Mildew,3
D:\CropDiseaseProject\grape_niphad\Healthy Leaves\Healthy Leaves_376.jpg,Healthy Leaves,2
D:\CropDiseaseProject\grape_niphad\Downy Mildew\Downy Mildew_912.jpg,Downy Mildew,1
D:\CropDiseaseProject\grape_niphad\Powdery Mildew\Powdery Mildew_244.jpg,Powdery Mildew,3
D:\CropDiseaseProject\grape_niphad\Downy Mildew\Downy Mildew_200.jpg,Downy Mildew,1
D:\CropDiseaseProject\grape_niphad\Downy Mildew\Downy Mildew_604.jpg,Downy Mildew,1
D:\CropDiseaseProject\grape_niphad\Powdery Mildew\Powdery Mildew_353.jpg,Powdery Mildew,3
D:\CropDiseaseProject\grape_niphad\Downy Mildew\Downy Mildew_542.jpg,Downy Mildew,1
D:\CropDiseaseProject\grape_niphad\Downy Mildew\Downy Mildew_391.jpg,Downy Mildew,1
D:\CropDiseaseProject\grape_niphad\Healthy Leaves\Healthy Leaves_676.jpg,Healthy Leaves,2
D:\CropDiseaseProject\grape_niphad\Healthy Leaves\Healthy Leaves_804.jpg,Healthy Leaves,2
D:\CropDiseaseProject\grape_niphad\Healthy Leaves\Healthy Leaves_979.jpg,Healthy Leaves,2
D:\CropDiseaseProject\grape_niphad\Healthy Leaves\Healthy Leaves_733.jpg,Healthy Leaves,2
D:\CropDiseaseProject\grape_niphad\Powdery Mildew\Powdery Mildew_55.jpg,Powdery Mildew,3
D:\CropDiseaseProject\grape_niphad\Downy Mildew\Downy Mildew_133.jpg,Downy Mildew,1
D:\CropDiseaseProject\grape_niphad\Downy Mildew\Downy Mildew_407.jpg,Downy Mildew,1
D:\CropDiseaseProject\grape_niphad\Healthy Leaves\Healthy Leaves_394.jpg,Healthy Leaves,2
D:\CropDiseaseProject\grape_niphad\Downy Mildew\Downy Mildew_378.jpg,Downy Mildew,1
D:\CropDiseaseProject\grape_niphad\Healthy Leaves\Healthy Leaves_855.jpg,Healthy Leaves,2
D:\CropDiseaseProject\grape_niphad\Healthy Leaves\Healthy Leaves_690.jpg,Healthy Leaves,2
D:\CropDiseaseProject\grape_niphad\Healthy Leaves\Healthy Leaves_100.jpg,Healthy Leaves,2
D:\CropDiseaseProject\grape_niphad\Downy Mildew\Downy Mildew_99.jpg,Downy Mildew,1
D:\CropDiseaseProject\grape_niphad\Downy Mildew\Downy Mildew_156.jpg,Downy Mildew,1
D:\CropDiseaseProject\grape_niphad\Powdery Mildew\Powdery Mildew_139.jpg,Powdery Mildew,3
D:\CropDiseaseProject\grape_niphad\Downy Mildew\Downy Mildew_740.jpg,Downy Mildew,1
D:\CropDiseaseProject\grape_niphad\Downy Mildew\Downy Mildew_818.jpg,Downy Mildew,1
D:\CropDiseaseProject\grape_niphad\Healthy Leaves\Healthy Leaves_168.jpg,Healthy Leaves,2
D:\CropDiseaseProject\grape_niphad\Healthy Leaves\Healthy Leaves_127.jpg,Healthy Leaves,2
D:\CropDiseaseProject\grape_niphad\Healthy Leaves\Healthy Leaves_927.jpg,Healthy Leaves,2
D:\CropDiseaseProject\grape_niphad\Bacterial Leaf Spot\Bacterial Leaf Spot_36.jpg,Bacterial Leaf Spot,0
D:\CropDiseaseProject\grape_niphad\Healthy Leaves\Healthy Leaves_694.jpg,Healthy Leaves,2
D:\CropDiseaseProject\grape_niphad\Healthy Leaves\Healthy Leaves_724.jpg,Healthy Leaves,2
D:\CropDiseaseProject\grape_niphad\Healthy Leaves\Healthy Leaves_405.jpg,Healthy Leaves,2
D:\CropDiseaseProject\grape_niphad\Downy Mildew\Downy Mildew_346.jpg,Downy Mildew,1
D:\CropDiseaseProject\grape_niphad\Bacterial Leaf Spot\Bacterial Leaf Spot_16.jpg,Bacterial Leaf Spot,0
D:\CropDiseaseProject\grape_niphad\Bacterial Leaf Spot\Bacterial Leaf Spot_86.png,Bacterial Leaf Spot,0
D:\CropDiseaseProject\grape_niphad\Downy Mildew\Downy Mildew_355.jpg,Downy Mildew,1
D:\CropDiseaseProject\grape_niphad\Healthy Leaves\Healthy Leaves_803.jpg,Healthy Leaves,2
D:\CropDiseaseProject\grape_niphad\Downy Mildew\Downy Mildew_238.jpg,Downy Mildew,1
D:\CropDiseaseProject\grape_niphad\Powdery Mildew\Powdery Mildew_194.jpg,Powdery Mildew,3
D:\CropDiseaseProject\grape_niphad\Downy Mildew\Downy Mildew_177.jpg,Downy Mildew,1
D:\CropDiseaseProject\grape_niphad\Healthy Leaves\Healthy Leaves_1235.jpg,Healthy Leaves,2
D:\CropDiseaseProject\grape_niphad\Healthy Leaves\Healthy Leaves_1184.jpg,Healthy Leaves,2
D:\CropDiseaseProject\grape_niphad\Downy Mildew\Downy Mildew_213.jpg,Downy Mildew,1
D:\CropDiseaseProject\grape_niphad\Downy Mildew\Downy Mildew_856.jpg,Downy Mildew,1
D:\CropDiseaseProject\grape_niphad\Healthy Leaves\Healthy Leaves_644.jpg,Healthy Leaves,2
D:\CropDiseaseProject\grape_niphad\Downy Mildew\Downy Mildew_898.jpg,Downy Mildew,1
D:\CropDiseaseProject\grape_niphad\Downy Mildew\Downy Mildew_655.jpg,Downy Mildew,1
D:\CropDiseaseProject\grape_niphad\Downy Mildew\Downy Mildew_340.jpg,Downy Mildew,1
D:\CropDiseaseProject\grape_niphad\Healthy Leaves\Healthy Leaves_370.jpg,Healthy Leaves,2
D:\CropDiseaseProject\grape_niphad\Healthy Leaves\Healthy Leaves_64.jpg,Healthy Leaves,2
D:\CropDiseaseProject\grape_niphad\Downy Mildew\Downy Mildew_938.jpg,Downy Mildew,1
D:\CropDiseaseProject\grape_niphad\Healthy Leaves\Healthy Leaves_1219.jpg,Healthy Leaves,2
D:\CropDiseaseProject\grape_niphad\Healthy Leaves\Healthy Leaves_885.jpg,Healthy Leaves,2
D:\CropDiseaseProject\grape_niphad\Healthy Leaves\Healthy Leaves_874.jpg,Healthy Leaves,2
D:\CropDiseaseProject\grape_niphad\Downy Mildew\Downy Mildew_962.png,Downy Mildew,1
D:\CropDiseaseProject\grape_niphad\Healthy Leaves\Healthy Leaves_67.jpg,Healthy Leaves,2
D:\CropDiseaseProject\grape_niphad\Healthy Leaves\Healthy Leaves_639.jpg,Healthy Leaves,2
D:\CropDiseaseProject\grape_niphad\Downy Mildew\Downy Mildew_965.jpg,Downy Mildew,1
D:\CropDiseaseProject\grape_niphad\Healthy Leaves\Healthy Leaves_958.jpg,Healthy Leaves,2
D:\CropDiseaseProject\grape_niphad\Healthy Leaves\Healthy Leaves_955.jpg,Healthy Leaves,2
D:\CropDiseaseProject\grape_niphad\Downy Mildew\Downy Mildew_395.jpg,Downy Mildew,1
D:\CropDiseaseProject\grape_niphad\Healthy Leaves\Healthy Leaves_889.jpg,Healthy Leaves,2
D:\CropDiseaseProject\grape_niphad\Healthy Leaves\Healthy Leaves_483.jpg,Healthy Leaves,2
D:\CropDiseaseProject\grape_niphad\Downy Mildew\Downy Mildew_495.jpg,Downy Mildew,1
D:\CropDiseaseProject\grape_niphad\Downy Mildew\Downy Mildew_662.jpg,Downy Mildew,1
D:\CropDiseaseProject\grape_niphad\Downy Mildew\Downy Mildew_352.jpg,Downy Mildew,1
D:\CropDiseaseProject\grape_niphad\Downy Mildew\Downy Mildew_168.jpg,Downy Mildew,1
D:\CropDiseaseProject\grape_niphad\Downy Mildew\Downy Mildew_49.jpg,Downy Mildew,1
D:\CropDiseaseProject\grape_niphad\Downy Mildew\Downy Mildew_124.jpg,Downy Mildew,1
D:\CropDiseaseProject\grape_niphad\Powdery Mildew\Powdery Mildew_33.jpg,Powdery Mildew,3
D:\CropDiseaseProject\grape_niphad\Downy Mildew\Downy Mildew_458.jpg,Downy Mildew,1
D:\CropDiseaseProject\grape_niphad\Healthy Leaves\Healthy Leaves_487.jpg,Healthy Leaves,2
D:\CropDiseaseProject\grape_niphad\Bacterial Leaf Spot\Bacterial Leaf Spot_78.png,Bacterial Leaf Spot,0
D:\CropDiseaseProject\grape_niphad\Healthy Leaves\Healthy Leaves_1105.jpg,Healthy Leaves,2
D:\CropDiseaseProject\grape_niphad\Healthy Leaves\Healthy Leaves_876.jpg,Healthy Leaves,2
D:\CropDiseaseProject\grape_niphad\Healthy Leaves\Healthy Leaves_157.jpg,Healthy Leaves,2
D:\CropDiseaseProject\grape_niphad\Healthy Leaves\Healthy Leaves_367.jpg,Healthy Leaves,2
D:\CropDiseaseProject\grape_niphad\Downy Mildew\Downy Mildew_311.jpg,Downy Mildew,1
D:\CropDiseaseProject\grape_niphad\Downy Mildew\Downy Mildew_442.jpg,Downy Mildew,1
D:\CropDiseaseProject\grape_niphad\Healthy Leaves\Healthy Leaves_859.jpg,Healthy Leaves,2
D:\CropDiseaseProject\grape_niphad\Healthy Leaves\Healthy Leaves_116.jpg,Healthy Leaves,2
D:\CropDiseaseProject\grape_niphad\Healthy Leaves\Healthy Leaves_873.jpg,Healthy Leaves,2
D:\CropDiseaseProject\grape_niphad\Healthy Leaves\Healthy Leaves_538.jpg,Healthy Leaves,2
D:\CropDiseaseProject\grape_niphad\Powdery Mildew\Powdery Mildew_177.jpg,Powdery Mildew,3
D:\CropDiseaseProject\grape_niphad\Downy Mildew\Downy Mildew_540.jpg,Downy Mildew,1
D:\CropDiseaseProject\grape_niphad\Downy Mildew\Downy Mildew_64.jpg,Downy Mildew,1
D:\CropDiseaseProject\grape_niphad\Healthy Leaves\Healthy Leaves_361.jpg,Healthy Leaves,2
D:\CropDiseaseProject\grape_niphad\Healthy Leaves\Healthy Leaves_809.jpg,Healthy Leaves,2
D:\CropDiseaseProject\grape_niphad\Downy Mildew\Downy Mildew_688.jpg,Downy Mildew,1
D:\CropDiseaseProject\grape_niphad\Healthy Leaves\Healthy Leaves_436.jpg,Healthy Leaves,2
D:\CropDiseaseProject\grape_niphad\Healthy Leaves\Healthy Leaves_1220.jpg,Healthy Leaves,2
D:\CropDiseaseProject\grape_niphad\Bacterial Leaf Spot\Bacterial Leaf Spot_95.png,Bacterial Leaf Spot,0
D:\CropDiseaseProject\grape_niphad\Downy Mildew\Downy Mildew_758.jpg,Downy Mildew,1
D:\CropDiseaseProject\grape_niphad\Downy Mildew\Downy Mildew_119.jpg,Downy Mildew,1
D:\CropDiseaseProject\grape_niphad\Bacterial Leaf Spot\Bacterial Leaf Spot_43.jpg,Bacterial Leaf Spot,0
D:\CropDiseaseProject\grape_niphad\Downy Mildew\Downy Mildew_256.jpg,Downy Mildew,1
D:\CropDiseaseProject\grape_niphad\Healthy Leaves\Healthy Leaves_221.jpg,Healthy Leaves,2
D:\CropDiseaseProject\grape_niphad\Downy Mildew\Downy Mildew_763.jpg,Downy Mildew,1
D:\CropDiseaseProject\grape_niphad\Downy Mildew\Downy Mildew_37.jpg,Downy Mildew,1
D:\CropDiseaseProject\grape_niphad\Healthy Leaves\Healthy Leaves_548.jpg,Healthy Leaves,2
D:\CropDiseaseProject\grape_niphad\Healthy Leaves\Healthy Leaves_734.jpg,Healthy Leaves,2
D:\CropDiseaseProject\grape_niphad\Downy Mildew\Downy Mildew_727.jpg,Downy Mildew,1
D:\CropDiseaseProject\grape_niphad\Powdery Mildew\Powdery Mildew_387.JPG,Powdery Mildew,3
D:\CropDiseaseProject\grape_niphad\Powdery Mildew\Powdery Mildew_367.JPG,Powdery Mildew,3
D:\CropDiseaseProject\grape_niphad\Bacterial Leaf Spot\Bacterial Leaf Spot_54.JPG,Bacterial Leaf Spot,0
D:\CropDiseaseProject\grape_niphad\Healthy Leaves\Healthy Leaves_807.jpg,Healthy Leaves,2
D:\CropDiseaseProject\grape_niphad\Powdery Mildew\Powdery Mildew_54.jpg,Powdery Mildew,3
D:\CropDiseaseProject\grape_niphad\Downy Mildew\Downy Mildew_652.jpg,Downy Mildew,1
D:\CropDiseaseProject\grape_niphad\Powdery Mildew\Powdery Mildew_372.JPG,Powdery Mildew,3
D:\CropDiseaseProject\grape_niphad\Downy Mildew\Downy Mildew_12.jpg,Downy Mildew,1
D:\CropDiseaseProject\grape_niphad\Healthy Leaves\Healthy Leaves_1066.jpg,Healthy Leaves,2
D:\CropDiseaseProject\grape_niphad\Downy Mildew\Downy Mildew_699.jpg,Downy Mildew,1
D:\CropDiseaseProject\grape_niphad\Powdery Mildew\Powdery Mildew_133.jpg,Powdery Mildew,3
D:\CropDiseaseProject\grape_niphad\Bacterial Leaf Spot\Bacterial Leaf Spot_72.jpg,Bacterial Leaf Spot,0
D:\CropDiseaseProject\grape_niphad\Downy Mildew\Downy Mildew_454.jpg,Downy Mildew,1
D:\CropDiseaseProject\grape_niphad\Healthy Leaves\Healthy Leaves_485.jpg,Healthy Leaves,2
D:\CropDiseaseProject\grape_niphad\Downy Mildew\Downy Mildew_100.jpg,Downy Mildew,1
D:\CropDiseaseProject\grape_niphad\Healthy Leaves\Healthy Leaves_1079.jpg,Healthy Leaves,2
D:\CropDiseaseProject\grape_niphad\Healthy Leaves\Healthy Leaves_572.jpg,Healthy Leaves,2
D:\CropDiseaseProject\grape_niphad\Powdery Mildew\Powdery Mildew_30.jpg,Powdery Mildew,3
D:\CropDiseaseProject\grape_niphad\Healthy Leaves\Healthy Leaves_327.jpg,Healthy Leaves,2
D:\CropDiseaseProject\grape_niphad\Healthy Leaves\Healthy Leaves_1170.jpg,Healthy Leaves,2
D:\CropDiseaseProject\grape_niphad\Healthy Leaves\Healthy Leaves_440.jpg,Healthy Leaves,2
D:\CropDiseaseProject\grape_niphad\Healthy Leaves\Healthy Leaves_1135.jpg,Healthy Leaves,2
D:\CropDiseaseProject\grape_niphad\Downy Mildew\Downy Mildew_18.jpg,Downy Mildew,1
D:\CropDiseaseProject\grape_niphad\Healthy Leaves\Healthy Leaves_982.jpg,Healthy Leaves,2
D:\CropDiseaseProject\grape_niphad\Healthy Leaves\Healthy Leaves_542.jpg,Healthy Leaves,2
D:\CropDiseaseProject\grape_niphad\Healthy Leaves\Healthy Leaves_624.jpg,Healthy Leaves,2
D:\CropDiseaseProject\grape_niphad\Healthy Leaves\Healthy Leaves_794.jpg,Healthy Leaves,2
D:\CropDiseaseProject\grape_niphad\Downy Mildew\Downy Mildew_881.jpg,Downy Mildew,1
D:\CropDiseaseProject\grape_niphad\Downy Mildew\Downy Mildew_416.jpg,Downy Mildew,1
D:\CropDiseaseProject\grape_niphad\Downy Mildew\Downy Mildew_347.jpg,Downy Mildew,1
D:\CropDiseaseProject\grape_niphad\Powdery Mildew\Powdery Mildew_172.jpg,Powdery Mildew,3
D:\CropDiseaseProject\grape_niphad\Downy Mildew\Downy Mildew_229.jpg,Downy Mildew,1
D:\CropDiseaseProject\grape_niphad\Healthy Leaves\Healthy Leaves_471.jpg,Healthy Leaves,2
D:\CropDiseaseProject\grape_niphad\Healthy Leaves\Healthy Leaves_191.jpg,Healthy Leaves,2
D:\CropDiseaseProject\grape_niphad\Downy Mildew\Downy Mildew_592.jpg,Downy Mildew,1
D:\CropDiseaseProject\grape_niphad\Healthy Leaves\Healthy Leaves_647.jpg,Healthy Leaves,2
D:\CropDiseaseProject\grape_niphad\Downy Mildew\Downy Mildew_707.jpg,Downy Mildew,1
D:\CropDiseaseProject\grape_niphad\Healthy Leaves\Healthy Leaves_553.jpg,Healthy Leaves,2
D:\CropDiseaseProject\grape_niphad\Bacterial Leaf Spot\Bacterial Leaf Spot_75.jpg,Bacterial Leaf Spot,0
D:\CropDiseaseProject\grape_niphad\Downy Mildew\Downy Mildew_30.jpg,Downy Mildew,1
D:\CropDiseaseProject\grape_niphad\Healthy Leaves\Healthy Leaves_879.jpg,Healthy Leaves,2
D:\CropDiseaseProject\grape_niphad\Healthy Leaves\Healthy Leaves_330.jpg,Healthy Leaves,2
D:\CropDiseaseProject\grape_niphad\Downy Mildew\Downy Mildew_775.jpg,Downy Mildew,1
D:\CropDiseaseProject\grape_niphad\Healthy Leaves\Healthy Leaves_787.jpg,Healthy Leaves,2
D:\CropDiseaseProject\grape_niphad\Healthy Leaves\Healthy Leaves_1081.jpg,Healthy Leaves,2
D:\CropDiseaseProject\grape_niphad\Healthy Leaves\Healthy Leaves_1249.jpg,Healthy Leaves,2
D:\CropDiseaseProject\grape_niphad\Downy Mildew\Downy Mildew_937.jpg,Downy Mildew,1
D:\CropDiseaseProject\grape_niphad\Downy Mildew\Downy Mildew_956.png,Downy Mildew,1
D:\CropDiseaseProject\grape_niphad\Downy Mildew\Downy Mildew_502.jpg,Downy Mildew,1
D:\CropDiseaseProject\grape_niphad\Downy Mildew\Downy Mildew_322.jpg,Downy Mildew,1
D:\CropDiseaseProject\grape_niphad\Healthy Leaves\Healthy Leaves_1094.jpg,Healthy Leaves,2
D:\CropDiseaseProject\grape_niphad\Healthy Leaves\Healthy Leaves_1039.jpg,Healthy Leaves,2
D:\CropDiseaseProject\grape_niphad\Healthy Leaves\Healthy Leaves_437.jpg,Healthy Leaves,2
D:\CropDiseaseProject\grape_niphad\Downy Mildew\Downy Mildew_422.JPG,Downy Mildew,1
D:\CropDiseaseProject\grape_niphad\Downy Mildew\Downy Mildew_809.jpg,Downy Mildew,1
D:\CropDiseaseProject\grape_niphad\Downy Mildew\Downy Mildew_760.jpg,Downy Mildew,1
D:\CropDiseaseProject\grape_niphad\Healthy Leaves\Healthy Leaves_862.jpg,Healthy Leaves,2
D:\CropDiseaseProject\grape_niphad\Healthy Leaves\Healthy Leaves_663.jpg,Healthy Leaves,2
D:\CropDiseaseProject\grape_niphad\Downy Mildew\Downy Mildew_291.jpg,Downy Mildew,1
D:\CropDiseaseProject\grape_niphad\Downy Mildew\Downy Mildew_770.jpg,Downy Mildew,1
D:\CropDiseaseProject\grape_niphad\Downy Mildew\Downy Mildew_910.jpg,Downy Mildew,1
D:\CropDiseaseProject\grape_niphad\Healthy Leaves\Healthy Leaves_578.jpg,Healthy Leaves,2
D:\CropDiseaseProject\grape_niphad\Healthy Leaves\Healthy Leaves_53.jpg,Healthy Leaves,2
D:\CropDiseaseProject\grape_niphad\Healthy Leaves\Healthy Leaves_4.jpg,Healthy Leaves,2
D:\CropDiseaseProject\grape_niphad\Healthy Leaves\Healthy Leaves_930.jpg,Healthy Leaves,2
D:\CropDiseaseProject\grape_niphad\Downy Mildew\Downy Mildew_826.jpg,Downy Mildew,1
D:\CropDiseaseProject\grape_niphad\Healthy Leaves\Healthy Leaves_122.png,Healthy Leaves,2
D:\CropDiseaseProject\grape_niphad\Healthy Leaves\Healthy Leaves_800.jpg,Healthy Leaves,2
D:\CropDiseaseProject\grape_niphad\Downy Mildew\Downy Mildew_361.jpg,Downy Mildew,1
D:\CropDiseaseProject\grape_niphad\Healthy Leaves\Healthy Leaves_124.jpg,Healthy Leaves,2
D:\CropDiseaseProject\grape_niphad\Healthy Leaves\Healthy Leaves_798.jpg,Healthy Leaves,2
D:\CropDiseaseProject\grape_niphad\Healthy Leaves\Healthy Leaves_1126.jpg,Healthy Leaves,2
D:\CropDiseaseProject\grape_niphad\Downy Mildew\Downy Mildew_268.jpg,Downy Mildew,1
D:\CropDiseaseProject\grape_niphad\Healthy Leaves\Healthy Leaves_457.jpg,Healthy Leaves,2
D:\CropDiseaseProject\grape_niphad\Healthy Leaves\Healthy Leaves_477.jpg,Healthy Leaves,2
D:\CropDiseaseProject\grape_niphad\Powdery Mildew\Powdery Mildew_151.jpg,Powdery Mildew,3
D:\CropDiseaseProject\grape_niphad\Powdery Mildew\Powdery Mildew_265.jpg,Powdery Mildew,3
D:\CropDiseaseProject\grape_niphad\Downy Mildew\Downy Mildew_807.jpg,Downy Mildew,1
D:\CropDiseaseProject\grape_niphad\Downy Mildew\Downy Mildew_882.jpg,Downy Mildew,1
D:\CropDiseaseProject\grape_niphad\Downy Mildew\Downy Mildew_684.jpg,Downy Mildew,1
D:\CropDiseaseProject\grape_niphad\Downy Mildew\Downy Mildew_194.jpg,Downy Mildew,1
D:\CropDiseaseProject\grape_niphad\Downy Mildew\Downy Mildew_71.jpg,Downy Mildew,1
D:\CropDiseaseProject\grape_niphad\Powdery Mildew\Powdery Mildew_179.jpg,Powdery Mildew,3
D:\CropDiseaseProject\grape_niphad\Powdery Mildew\Powdery Mildew_282.jpg,Powdery Mildew,3
D:\CropDiseaseProject\grape_niphad\Healthy Leaves\Healthy Leaves_751.jpg,Healthy Leaves,2
D:\CropDiseaseProject\grape_niphad\Healthy Leaves\Healthy Leaves_58.jpg,Healthy Leaves,2
D:\CropDiseaseProject\grape_niphad\Healthy Leaves\Healthy Leaves_947.png,Healthy Leaves,2
D:\CropDiseaseProject\grape_niphad\Healthy Leaves\Healthy Leaves_385.jpg,Healthy Leaves,2
D:\CropDiseaseProject\grape_niphad\Downy Mildew\Downy Mildew_53.jpg,Downy Mildew,1
D:\CropDiseaseProject\grape_niphad\Downy Mildew\Downy Mildew_179.jpg,Downy Mildew,1
D:\CropDiseaseProject\grape_niphad\Downy Mildew\Downy Mildew_520.jpg,Downy Mildew,1
D:\CropDiseaseProject\grape_niphad\Healthy Leaves\Healthy Leaves_657.jpg,Healthy Leaves,2
D:\CropDiseaseProject\grape_niphad\Downy Mildew\Downy Mildew_237.jpg,Downy Mildew,1
D:\CropDiseaseProject\grape_niphad\Healthy Leaves\Healthy Leaves_682.jpg,Healthy Leaves,2
D:\CropDiseaseProject\grape_niphad\Healthy Leaves\Healthy Leaves_426.jpg,Healthy Leaves,2
D:\CropDiseaseProject\grape_niphad\Healthy Leaves\Healthy Leaves_434.jpg,Healthy Leaves,2
D:\CropDiseaseProject\grape_niphad\Downy Mildew\Downy Mildew_926.jpg,Downy Mildew,1
D:\CropDiseaseProject\grape_niphad\Healthy Leaves\Healthy Leaves_784.jpg,Healthy Leaves,2
D:\CropDiseaseProject\grape_niphad\Downy Mildew\Downy Mildew_134.jpg,Downy Mildew,1
D:\CropDiseaseProject\grape_niphad\Downy Mildew\Downy Mildew_207.jpg,Downy Mildew,1
D:\CropDiseaseProject\grape_niphad\Healthy Leaves\Healthy Leaves_429.jpg,Healthy Leaves,2
D:\CropDiseaseProject\grape_niphad\Healthy Leaves\Healthy Leaves_408.jpg,Healthy Leaves,2
D:\CropDiseaseProject\grape_niphad\Healthy Leaves\Healthy Leaves_248.jpg,Healthy Leaves,2
D:\CropDiseaseProject\grape_niphad\Downy Mildew\Downy Mildew_248.jpg,Downy Mildew,1
D:\CropDiseaseProject\grape_niphad\Healthy Leaves\Healthy Leaves_6.jpg,Healthy Leaves,2
D:\CropDiseaseProject\grape_niphad\Healthy Leaves\Healthy Leaves_543.jpg,Healthy Leaves,2
D:\CropDiseaseProject\grape_niphad\Healthy Leaves\Healthy Leaves_322.jpg,Healthy Leaves,2
D:\CropDiseaseProject\grape_niphad\Powdery Mildew\Powdery Mildew_308.jpg,Powdery Mildew,3
D:\CropDiseaseProject\grape_niphad\Healthy Leaves\Healthy Leaves_576.jpg,Healthy Leaves,2
D:\CropDiseaseProject\grape_niphad\Healthy Leaves\Healthy Leaves_10.jpg,Healthy Leaves,2
D:\CropDiseaseProject\grape_niphad\Healthy Leaves\Healthy Leaves_1045.jpg,Healthy Leaves,2
D:\CropDiseaseProject\grape_niphad\Healthy Leaves\Healthy Leaves_577.jpg,Healthy Leaves,2
D:\CropDiseaseProject\grape_niphad\Downy Mildew\Downy Mildew_155.jpg,Downy Mildew,1
D:\CropDiseaseProject\grape_niphad\Bacterial Leaf Spot\Bacterial Leaf Spot_24.png,Bacterial Leaf Spot,0
D:\CropDiseaseProject\grape_niphad\Healthy Leaves\Healthy Leaves_1033.jpg,Healthy Leaves,2
D:\CropDiseaseProject\grape_niphad\Healthy Leaves\Healthy Leaves_375.jpg,Healthy Leaves,2
D:\CropDiseaseProject\grape_niphad\Healthy Leaves\Healthy Leaves_115.jpg,Healthy Leaves,2
D:\CropDiseaseProject\grape_niphad\Downy Mildew\Downy Mildew_932.jpg,Downy Mildew,1
D:\CropDiseaseProject\grape_niphad\Downy Mildew\Downy Mildew_733.jpg,Downy Mildew,1
D:\CropDiseaseProject\grape_niphad\Healthy Leaves\Healthy Leaves_167.jpg,Healthy Leaves,2
D:\CropDiseaseProject\grape_niphad\Powdery Mildew\Powdery Mildew_174.jpg,Powdery Mildew,3
D:\CropDiseaseProject\grape_niphad\Healthy Leaves\Healthy Leaves_628.jpg,Healthy Leaves,2
D:\CropDiseaseProject\grape_niphad\Healthy Leaves\Healthy Leaves_666.jpg,Healthy Leaves,2
D:\CropDiseaseProject\grape_niphad\Healthy Leaves\Healthy Leaves_497.jpg,Healthy Leaves,2
D:\CropDiseaseProject\grape_niphad\Bacterial Leaf Spot\Bacterial Leaf Spot_19.jpg,Bacterial Leaf Spot,0
D:\CropDiseaseProject\grape_niphad\Downy Mildew\Downy Mildew_466.jpg,Downy Mildew,1
D:\CropDiseaseProject\grape_niphad\Healthy Leaves\Healthy Leaves_133.jpg,Healthy Leaves,2
D:\CropDiseaseProject\grape_niphad\Healthy Leaves\Healthy Leaves_1169.jpg,Healthy Leaves,2
D:\CropDiseaseProject\grape_niphad\Downy Mildew\Downy Mildew_303.jpg,Downy Mildew,1
D:\CropDiseaseProject\grape_niphad\Healthy Leaves\Healthy Leaves_358.jpg,Healthy Leaves,2
D:\CropDiseaseProject\grape_niphad\Downy Mildew\Downy Mildew_556.jpg,Downy Mildew,1
D:\CropDiseaseProject\grape_niphad\Downy Mildew\Downy Mildew_771.jpg,Downy Mildew,1
D:\CropDiseaseProject\grape_niphad\Healthy Leaves\Healthy Leaves_526.jpg,Healthy Leaves,2
D:\CropDiseaseProject\grape_niphad\Powdery Mildew\Powdery Mildew_223.jpg,Powdery Mildew,3
D:\CropDiseaseProject\grape_niphad\Healthy Leaves\Healthy Leaves_35.jpg,Healthy Leaves,2
D:\CropDiseaseProject\grape_niphad\Healthy Leaves\Healthy Leaves_1231.jpg,Healthy Leaves,2
D:\CropDiseaseProject\grape_niphad\Downy Mildew\Downy Mildew_544.jpg,Downy Mildew,1
D:\CropDiseaseProject\grape_niphad\Powdery Mildew\Powdery Mildew_12.jpg,Powdery Mildew,3
D:\CropDiseaseProject\grape_niphad\Downy Mildew\Downy Mildew_564.jpg,Downy Mildew,1
D:\CropDiseaseProject\grape_niphad\Downy Mildew\Downy Mildew_174.jpg,Downy Mildew,1
D:\CropDiseaseProject\grape_niphad\Healthy Leaves\Healthy Leaves_1145.jpg,Healthy Leaves,2
D:\CropDiseaseProject\grape_niphad\Healthy Leaves\Healthy Leaves_944.jpg,Healthy Leaves,2
D:\CropDiseaseProject\grape_niphad\Downy Mildew\Downy Mildew_153.jpg,Downy Mildew,1
D:\CropDiseaseProject\grape_niphad\Downy Mildew\Downy Mildew_665.jpg,Downy Mildew,1
D:\CropDiseaseProject\grape_niphad\Healthy Leaves\Healthy Leaves_520.jpg,Healthy Leaves,2
D:\CropDiseaseProject\grape_niphad\Healthy Leaves\Healthy Leaves_1177.jpg,Healthy Leaves,2
D:\CropDiseaseProject\grape_niphad\Healthy Leaves\Healthy Leaves_757.jpg,Healthy Leaves,2
D:\CropDiseaseProject\grape_niphad\Downy Mildew\Downy Mildew_873.jpg,Downy Mildew,1
D:\CropDiseaseProject\grape_niphad\Healthy Leaves\Healthy Leaves_165.jpg,Healthy Leaves,2
D:\CropDiseaseProject\grape_niphad\Bacterial Leaf Spot\Bacterial Leaf Spot_33.jpg,Bacterial Leaf Spot,0
D:\CropDiseaseProject\grape_niphad\Healthy Leaves\Healthy Leaves_1181.jpg,Healthy Leaves,2
D:\CropDiseaseProject\grape_niphad\Healthy Leaves\Healthy Leaves_121.jpg,Healthy Leaves,2
D:\CropDiseaseProject\grape_niphad\Healthy Leaves\Healthy Leaves_141.jpg,Healthy Leaves,2
D:\CropDiseaseProject\grape_niphad\Powdery Mildew\Powdery Mildew_78.jpg,Powdery Mildew,3
D:\CropDiseaseProject\grape_niphad\Healthy Leaves\Healthy Leaves_308.jpg,Healthy Leaves,2
D:\CropDiseaseProject\grape_niphad\Healthy Leaves\Healthy Leaves_692.jpg,Healthy Leaves,2
D:\CropDiseaseProject\grape_niphad\Downy Mildew\Downy Mildew_853.jpg,Downy Mildew,1
D:\CropDiseaseProject\grape_niphad\Powdery Mildew\Powdery Mildew_143.jpg,Powdery Mildew,3
D:\CropDiseaseProject\grape_niphad\Powdery Mildew\Powdery Mildew_193.jpg,Powdery Mildew,3
D:\CropDiseaseProject\grape_niphad\Downy Mildew\Downy Mildew_33.jpg,Downy Mildew,1
D:\CropDiseaseProject\grape_niphad\Healthy Leaves\Healthy Leaves_186.jpg,Healthy Leaves,2
D:\CropDiseaseProject\grape_niphad\Powdery Mildew\Powdery Mildew_394.JPG,Powdery Mildew,3
D:\CropDiseaseProject\grape_niphad\Downy Mildew\Downy Mildew_189.jpg,Downy Mildew,1
D:\CropDiseaseProject\grape_niphad\Downy Mildew\Downy Mildew_895.jpg,Downy Mildew,1
D:\CropDiseaseProject\grape_niphad\Healthy Leaves\Healthy Leaves_1104.jpg,Healthy Leaves,2
D:\CropDiseaseProject\grape_niphad\Healthy Leaves\Healthy Leaves_1073.jpg,Healthy Leaves,2
D:\CropDiseaseProject\grape_niphad\Bacterial Leaf Spot\Bacterial Leaf Spot_71.jpg,Bacterial Leaf Spot,0
D:\CropDiseaseProject\grape_niphad\Healthy Leaves\Healthy Leaves_852.jpg,Healthy Leaves,2
D:\CropDiseaseProject\grape_niphad\Healthy Leaves\Healthy Leaves_736.jpg,Healthy Leaves,2
D:\CropDiseaseProject\grape_niphad\Downy Mildew\Downy Mildew_260.jpg,Downy Mildew,1
D:\CropDiseaseProject\grape_niphad\Healthy Leaves\Healthy Leaves_673.jpg,Healthy Leaves,2
D:\CropDiseaseProject\grape_niphad\Downy Mildew\Downy Mildew_726.jpg,Downy Mildew,1
D:\CropDiseaseProject\grape_niphad\Healthy Leaves\Healthy Leaves_558.jpg,Healthy Leaves,2
D:\CropDiseaseProject\grape_niphad\Downy Mildew\Downy Mildew_691.jpg,Downy Mildew,1
D:\CropDiseaseProject\grape_niphad\Powdery Mildew\Powdery Mildew_214.jpg,Powdery Mildew,3
D:\CropDiseaseProject\grape_niphad\Bacterial Leaf Spot\Bacterial Leaf Spot_14.jpg,Bacterial Leaf Spot,0
D:\CropDiseaseProject\grape_niphad\Downy Mildew\Downy Mildew_275.jpg,Downy Mildew,1
D:\CropDiseaseProject\grape_niphad\Healthy Leaves\Healthy Leaves_868.jpg,Healthy Leaves,2
D:\CropDiseaseProject\grape_niphad\Healthy Leaves\Healthy Leaves_581.jpg,Healthy Leaves,2
D:\CropDiseaseProject\grape_niphad\Powdery Mildew\Powdery Mildew_262.jpg,Powdery Mildew,3
D:\CropDiseaseProject\grape_niphad\Healthy Leaves\Healthy Leaves_410.jpg,Healthy Leaves,2
D:\CropDiseaseProject\grape_niphad\Powdery Mildew\Powdery Mildew_260.jpg,Powdery Mildew,3
D:\CropDiseaseProject\grape_niphad\Downy Mildew\Downy Mildew_695.jpg,Downy Mildew,1
D:\CropDiseaseProject\grape_niphad\Powdery Mildew\Powdery Mildew_122.jpg,Powdery Mildew,3
D:\CropDiseaseProject\grape_niphad\Healthy Leaves\Healthy Leaves_249.jpg,Healthy Leaves,2
D:\CropDiseaseProject\grape_niphad\Healthy Leaves\Healthy Leaves_307.jpg,Healthy Leaves,2
D:\CropDiseaseProject\grape_niphad\Downy Mildew\Downy Mildew_850.jpg,Downy Mildew,1
D:\CropDiseaseProject\grape_niphad\Downy Mildew\Downy Mildew_906.jpg,Downy Mildew,1
D:\CropDiseaseProject\grape_niphad\Healthy Leaves\Healthy Leaves_286.jpg,Healthy Leaves,2
D:\CropDiseaseProject\grape_niphad\Healthy Leaves\Healthy Leaves_856.jpg,Healthy Leaves,2
D:\CropDiseaseProject\grape_niphad\Healthy Leaves\Healthy Leaves_737.jpg,Healthy Leaves,2
D:\CropDiseaseProject\grape_niphad\Healthy Leaves\Healthy Leaves_840.jpg,Healthy Leaves,2
D:\CropDiseaseProject\grape_niphad\Healthy Leaves\Healthy Leaves_369.jpg,Healthy Leaves,2
D:\CropDiseaseProject\grape_niphad\Powdery Mildew\Powdery Mildew_331.jpg,Powdery Mildew,3
D:\CropDiseaseProject\grape_niphad\Downy Mildew\Downy Mildew_674.jpg,Downy Mildew,1
D:\CropDiseaseProject\grape_niphad\Healthy Leaves\Healthy Leaves_22.jpg,Healthy Leaves,2
D:\CropDiseaseProject\grape_niphad\Downy Mildew\Downy Mildew_867.jpg,Downy Mildew,1
D:\CropDiseaseProject\grape_niphad\Healthy Leaves\Healthy Leaves_1064.jpg,Healthy Leaves,2
D:\CropDiseaseProject\grape_niphad\Downy Mildew\Downy Mildew_810.jpg,Downy Mildew,1
D:\CropDiseaseProject\grape_niphad\Downy Mildew\Downy Mildew_578.jpg,Downy Mildew,1
D:\CropDiseaseProject\grape_niphad\Healthy Leaves\Healthy Leaves_1208.jpg,Healthy Leaves,2
D:\CropDiseaseProject\grape_niphad\Powdery Mildew\Powdery Mildew_150.jpg,Powdery Mildew,3
D:\CropDiseaseProject\grape_niphad\Healthy Leaves\Healthy Leaves_90.jpg,Healthy Leaves,2
D:\CropDiseaseProject\grape_niphad\Powdery Mildew\Powdery Mildew_346.jpg,Powdery Mildew,3
D:\CropDiseaseProject\grape_niphad\Healthy Leaves\Healthy Leaves_972.jpg,Healthy Leaves,2
D:\CropDiseaseProject\grape_niphad\Powdery Mildew\Powdery Mildew_226.jpg,Powdery Mildew,3
D:\CropDiseaseProject\grape_niphad\Downy Mildew\Downy Mildew_224.jpg,Downy Mildew,1
D:\CropDiseaseProject\grape_niphad\Healthy Leaves\Healthy Leaves_950.jpg,Healthy Leaves,2
D:\CropDiseaseProject\grape_niphad\Downy Mildew\Downy Mildew_423.JPG,Downy Mildew,1
D:\CropDiseaseProject\grape_niphad\Healthy Leaves\Healthy Leaves_631.jpg,Healthy Leaves,2
D:\CropDiseaseProject\grape_niphad\Healthy Leaves\Healthy Leaves_645.jpg,Healthy Leaves,2
D:\CropDiseaseProject\grape_niphad\Downy Mildew\Downy Mildew_417.jpg,Downy Mildew,1
D:\CropDiseaseProject\grape_niphad\Downy Mildew\Downy Mildew_103.jpg,Downy Mildew,1
D:\CropDiseaseProject\grape_niphad\Healthy Leaves\Healthy Leaves_816.jpg,Healthy Leaves,2
D:\CropDiseaseProject\grape_niphad\Powdery Mildew\Powdery Mildew_337.jpg,Powdery Mildew,3
D:\CropDiseaseProject\grape_niphad\Powdery Mildew\Powdery Mildew_153.jpg,Powdery Mildew,3
D:\CropDiseaseProject\grape_niphad\Healthy Leaves\Healthy Leaves_130.jpg,Healthy Leaves,2
D:\CropDiseaseProject\grape_niphad\Powdery Mildew\Powdery Mildew_266.jpg,Powdery Mildew,3
D:\CropDiseaseProject\grape_niphad\Healthy Leaves\Healthy Leaves_766.jpg,Healthy Leaves,2
D:\CropDiseaseProject\grape_niphad\Healthy Leaves\Healthy Leaves_365.jpg,Healthy Leaves,2
D:\CropDiseaseProject\grape_niphad\Powdery Mildew\Powdery Mildew_49.jpg,Powdery Mildew,3
D:\CropDiseaseProject\grape_niphad\Downy Mildew\Downy Mildew_905.jpg,Downy Mildew,1
D:\CropDiseaseProject\grape_niphad\Downy Mildew\Downy Mildew_880.jpg,Downy Mildew,1
D:\CropDiseaseProject\grape_niphad\Healthy Leaves\Healthy Leaves_1182.jpg,Healthy Leaves,2
D:\CropDiseaseProject\grape_niphad\Healthy Leaves\Healthy Leaves_996.jpg,Healthy Leaves,2
D:\CropDiseaseProject\grape_niphad\Healthy Leaves\Healthy Leaves_1087.jpg,Healthy Leaves,2
D:\CropDiseaseProject\grape_niphad\Healthy Leaves\Healthy Leaves_974.jpg,Healthy Leaves,2
D:\CropDiseaseProject\grape_niphad\Powdery Mildew\Powdery Mildew_24.jpg,Powdery Mildew,3
D:\CropDiseaseProject\grape_niphad\Powdery Mildew\Powdery Mildew_381.JPG,Powdery Mildew,3
D:\CropDiseaseProject\grape_niphad\Healthy Leaves\Healthy Leaves_670.jpg,Healthy Leaves,2
D:\CropDiseaseProject\grape_niphad\Downy Mildew\Downy Mildew_11.jpg,Downy Mildew,1
D:\CropDiseaseProject\grape_niphad\Healthy Leaves\Healthy Leaves_454.jpg,Healthy Leaves,2
D:\CropDiseaseProject\grape_niphad\Downy Mildew\Downy Mildew_819.jpg,Downy Mildew,1
D:\CropDiseaseProject\grape_niphad\Healthy Leaves\Healthy Leaves_1103.jpg,Healthy Leaves,2
D:\CropDiseaseProject\grape_niphad\Healthy Leaves\Healthy Leaves_315.jpg,Healthy Leaves,2
D:\CropDiseaseProject\grape_niphad\Bacterial Leaf Spot\Bacterial Leaf Spot_48.jpg,Bacterial Leaf Spot,0
D:\CropDiseaseProject\grape_niphad\Powdery Mildew\Powdery Mildew_205.jpg,Powdery Mildew,3
D:\CropDiseaseProject\grape_niphad\Powdery Mildew\Powdery Mildew_303.jpg,Powdery Mildew,3
D:\CropDiseaseProject\grape_niphad\Downy Mildew\Downy Mildew_653.jpg,Downy Mildew,1
D:\CropDiseaseProject\grape_niphad\Downy Mildew\Downy Mildew_426.jpg,Downy Mildew,1
D:\CropDiseaseProject\grape_niphad\Healthy Leaves\Healthy Leaves_881.jpg,Healthy Leaves,2
D:\CropDiseaseProject\grape_niphad\Healthy Leaves\Healthy Leaves_598.jpg,Healthy Leaves,2
D:\CropDiseaseProject\grape_niphad\Powdery Mildew\Powdery Mildew_224.jpg,Powdery Mildew,3
D:\CropDiseaseProject\grape_niphad\Healthy Leaves\Healthy Leaves_580.jpg,Healthy Leaves,2
D:\CropDiseaseProject\grape_niphad\Healthy Leaves\Healthy Leaves_681.jpg,Healthy Leaves,2
D:\CropDiseaseProject\grape_niphad\Downy Mildew\Downy Mildew_925.jpg,Downy Mildew,1
D:\CropDiseaseProject\grape_niphad\Healthy Leaves\Healthy Leaves_1106.jpg,Healthy Leaves,2
D:\CropDiseaseProject\grape_niphad\Healthy Leaves\Healthy Leaves_258.jpg,Healthy Leaves,2
D:\CropDiseaseProject\grape_niphad\Downy Mildew\Downy Mildew_211.jpg,Downy Mildew,1
D:\CropDiseaseProject\grape_niphad\Powdery Mildew\Powdery Mildew_42.jpg,Powdery Mildew,3
D:\CropDiseaseProject\grape_niphad\Healthy Leaves\Healthy Leaves_987.jpg,Healthy Leaves,2
D:\CropDiseaseProject\grape_niphad\Healthy Leaves\Healthy Leaves_68.jpg,Healthy Leaves,2
D:\CropDiseaseProject\grape_niphad\Healthy Leaves\Healthy Leaves_588.jpg,Healthy Leaves,2
D:\CropDiseaseProject\grape_niphad\Healthy Leaves\Healthy Leaves_30.jpg,Healthy Leaves,2
D:\CropDiseaseProject\grape_niphad\Healthy Leaves\Healthy Leaves_636.jpg,Healthy Leaves,2
D:\CropDiseaseProject\grape_niphad\Healthy Leaves\Healthy Leaves_210.jpg,Healthy Leaves,2
D:\CropDiseaseProject\grape_niphad\Healthy Leaves\Healthy Leaves_1168.jpg,Healthy Leaves,2
D:\CropDiseaseProject\grape_niphad\Downy Mildew\Downy Mildew_780.jpg,Downy Mildew,1
D:\CropDiseaseProject\grape_niphad\Downy Mildew\Downy Mildew_709.jpg,Downy Mildew,1
D:\CropDiseaseProject\grape_niphad\Downy Mildew\Downy Mildew_628.jpg,Downy Mildew,1
D:\CropDiseaseProject\grape_niphad\Healthy Leaves\Healthy Leaves_928.jpg,Healthy Leaves,2
D:\CropDiseaseProject\grape_niphad\Powdery Mildew\Powdery Mildew_1.jpg,Powdery Mildew,3
D:\CropDiseaseProject\grape_niphad\Healthy Leaves\Healthy Leaves_988.jpg,Healthy Leaves,2
D:\CropDiseaseProject\grape_niphad\Healthy Leaves\Healthy Leaves_849.jpg,Healthy Leaves,2
D:\CropDiseaseProject\grape_niphad\Healthy Leaves\Healthy Leaves_368.jpg,Healthy Leaves,2
D:\CropDiseaseProject\grape_niphad\Healthy Leaves\Healthy Leaves_282.jpg,Healthy Leaves,2
D:\CropDiseaseProject\grape_niphad\Powdery Mildew\Powdery Mildew_379.JPG,Powdery Mildew,3
D:\CropDiseaseProject\grape_niphad\Healthy Leaves\Healthy Leaves_391.jpg,Healthy Leaves,2
D:\CropDiseaseProject\grape_niphad\Healthy Leaves\Healthy Leaves_515.jpg,Healthy Leaves,2
D:\CropDiseaseProject\grape_niphad\Healthy Leaves\Healthy Leaves_888.jpg,Healthy Leaves,2
D:\CropDiseaseProject\grape_niphad\Downy Mildew\Downy Mildew_930.jpg,Downy Mildew,1
D:\CropDiseaseProject\grape_niphad\Downy Mildew\Downy Mildew_343.jpg,Downy Mildew,1
D:\CropDiseaseProject\grape_niphad\Powdery Mildew\Powdery Mildew_257.jpg,Powdery Mildew,3
D:\CropDiseaseProject\grape_niphad\Healthy Leaves\Healthy Leaves_111.jpg,Healthy Leaves,2
D:\CropDiseaseProject\grape_niphad\Healthy Leaves\Healthy Leaves_698.jpg,Healthy Leaves,2
D:\CropDiseaseProject\grape_niphad\Healthy Leaves\Healthy Leaves_667.jpg,Healthy Leaves,2
D:\CropDiseaseProject\grape_niphad\Healthy Leaves\Healthy Leaves_280.png,Healthy Leaves,2
D:\CropDiseaseProject\grape_niphad\Downy Mildew\Downy Mildew_8.jpg,Downy Mildew,1
D:\CropDiseaseProject\grape_niphad\Powdery Mildew\Powdery Mildew_291.jpg,Powdery Mildew,3
D:\CropDiseaseProject\grape_niphad\Healthy Leaves\Healthy Leaves_1185.jpg,Healthy Leaves,2
D:\CropDiseaseProject\grape_niphad\Bacterial Leaf Spot\Bacterial Leaf Spot_41.jpg,Bacterial Leaf Spot,0
D:\CropDiseaseProject\grape_niphad\Downy Mildew\Downy Mildew_377.jpg,Downy Mildew,1
D:\CropDiseaseProject\grape_niphad\Healthy Leaves\Healthy Leaves_811.jpg,Healthy Leaves,2
D:\CropDiseaseProject\grape_niphad\Downy Mildew\Downy Mildew_299.jpg,Downy Mildew,1
D:\CropDiseaseProject\grape_niphad\Healthy Leaves\Healthy Leaves_886.jpg,Healthy Leaves,2
D:\CropDiseaseProject\grape_niphad\Healthy Leaves\Healthy Leaves_236.jpg,Healthy Leaves,2
D:\CropDiseaseProject\grape_niphad\Healthy Leaves\Healthy Leaves_995.jpg,Healthy Leaves,2
D:\CropDiseaseProject\grape_niphad\Powdery Mildew\Powdery Mildew_227.jpg,Powdery Mildew,3
D:\CropDiseaseProject\grape_niphad\Powdery Mildew\Powdery Mildew_293.jpg,Powdery Mildew,3
D:\CropDiseaseProject\grape_niphad\Healthy Leaves\Healthy Leaves_793.jpg,Healthy Leaves,2
D:\CropDiseaseProject\grape_niphad\Downy Mildew\Downy Mildew_272.jpg,Downy Mildew,1
D:\CropDiseaseProject\grape_niphad\Healthy Leaves\Healthy Leaves_1197.jpg,Healthy Leaves,2
D:\CropDiseaseProject\grape_niphad\Downy Mildew\Downy Mildew_394.jpg,Downy Mildew,1
D:\CropDiseaseProject\grape_niphad\Healthy Leaves\Healthy Leaves_810.jpg,Healthy Leaves,2
D:\CropDiseaseProject\grape_niphad\Downy Mildew\Downy Mildew_945.jpg,Downy Mildew,1
D:\CropDiseaseProject\grape_niphad\Downy Mildew\Downy Mildew_486.jpg,Downy Mildew,1
D:\CropDiseaseProject\grape_niphad\Healthy Leaves\Healthy Leaves_441.jpg,Healthy Leaves,2
D:\CropDiseaseProject\grape_niphad\Downy Mildew\Downy Mildew_78.jpg,Downy Mildew,1
D:\CropDiseaseProject\grape_niphad\Healthy Leaves\Healthy Leaves_924.jpg,Healthy Leaves,2
D:\CropDiseaseProject\grape_niphad\Downy Mildew\Downy Mildew_481.jpg,Downy Mildew,1
D:\CropDiseaseProject\grape_niphad\Downy Mildew\Downy Mildew_158.jpg,Downy Mildew,1
D:\CropDiseaseProject\grape_niphad\Healthy Leaves\Healthy Leaves_1251.jpg,Healthy Leaves,2
D:\CropDiseaseProject\grape_niphad\Downy Mildew\Downy Mildew_894.jpg,Downy Mildew,1
D:\CropDiseaseProject\grape_niphad\Downy Mildew\Downy Mildew_808.jpg,Downy Mildew,1
D:\CropDiseaseProject\grape_niphad\Downy Mildew\Downy Mildew_383.jpg,Downy Mildew,1
D:\CropDiseaseProject\grape_niphad\Powdery Mildew\Powdery Mildew_26.jpg,Powdery Mildew,3
D:\CropDiseaseProject\grape_niphad\Healthy Leaves\Healthy Leaves_503.jpg,Healthy Leaves,2
D:\CropDiseaseProject\grape_niphad\Healthy Leaves\Healthy Leaves_229.jpg,Healthy Leaves,2
D:\CropDiseaseProject\grape_niphad\Healthy Leaves\Healthy Leaves_923.jpg,Healthy Leaves,2
D:\CropDiseaseProject\grape_niphad\Healthy Leaves\Healthy Leaves_700.jpg,Healthy Leaves,2
D:\CropDiseaseProject\grape_niphad\Powdery Mildew\Powdery Mildew_91.jpg,Powdery Mildew,3
D:\CropDiseaseProject\grape_niphad\Downy Mildew\Downy Mildew_182.jpg,Downy Mildew,1
D:\CropDiseaseProject\grape_niphad\Downy Mildew\Downy Mildew_534.jpg,Downy Mildew,1
D:\CropDiseaseProject\grape_niphad\Healthy Leaves\Healthy Leaves_900.jpg,Healthy Leaves,2
D:\CropDiseaseProject\grape_niphad\Healthy Leaves\Healthy Leaves_256.jpg,Healthy Leaves,2
D:\CropDiseaseProject\grape_niphad\Downy Mildew\Downy Mildew_759.jpg,Downy Mildew,1
D:\CropDiseaseProject\grape_niphad\Downy Mildew\Downy Mildew_293.jpg,Downy Mildew,1
D:\CropDiseaseProject\grape_niphad\Healthy Leaves\Healthy Leaves_328.jpg,Healthy Leaves,2
D:\CropDiseaseProject\grape_niphad\Healthy Leaves\Healthy Leaves_575.jpg,Healthy Leaves,2
D:\CropDiseaseProject\grape_niphad\Healthy Leaves\Healthy Leaves_36.jpg,Healthy Leaves,2
D:\CropDiseaseProject\grape_niphad\Powdery Mildew\Powdery Mildew_211.jpg,Powdery Mildew,3
D:\CropDiseaseProject\grape_niphad\Healthy Leaves\Healthy Leaves_1025.jpg,Healthy Leaves,2
D:\CropDiseaseProject\grape_niphad\Healthy Leaves\Healthy Leaves_826.jpg,Healthy Leaves,2
D:\CropDiseaseProject\grape_niphad\Healthy Leaves\Healthy Leaves_1225.jpg,Healthy Leaves,2
D:\CropDiseaseProject\grape_niphad\Downy Mildew\Downy Mildew_356.jpg,Downy Mildew,1
D:\CropDiseaseProject\grape_niphad\Healthy Leaves\Healthy Leaves_1019.jpg,Healthy Leaves,2
D:\CropDiseaseProject\grape_niphad\Bacterial Leaf Spot\Bacterial Leaf Spot_29.jpg,Bacterial Leaf Spot,0
D:\CropDiseaseProject\grape_niphad\Healthy Leaves\Healthy Leaves_169.jpg,Healthy Leaves,2
D:\CropDiseaseProject\grape_niphad\Downy Mildew\Downy Mildew_636.jpg,Downy Mildew,1
D:\CropDiseaseProject\grape_niphad\Powdery Mildew\Powdery Mildew_380.JPG,Powdery Mildew,3
D:\CropDiseaseProject\grape_niphad\Healthy Leaves\Healthy Leaves_936.jpg,Healthy Leaves,2
D:\CropDiseaseProject\grape_niphad\Powdery Mildew\Powdery Mildew_274.jpg,Powdery Mildew,3
D:\CropDiseaseProject\grape_niphad\Downy Mildew\Downy Mildew_292.jpg,Downy Mildew,1
D:\CropDiseaseProject\grape_niphad\Healthy Leaves\Healthy Leaves_899.jpg,Healthy Leaves,2
D:\CropDiseaseProject\grape_niphad\Downy Mildew\Downy Mildew_428.jpg,Downy Mildew,1
D:\CropDiseaseProject\grape_niphad\Bacterial Leaf Spot\Bacterial Leaf Spot_32.jpg,Bacterial Leaf Spot,0
D:\CropDiseaseProject\grape_niphad\Healthy Leaves\Healthy Leaves_453.jpg,Healthy Leaves,2
D:\CropDiseaseProject\grape_niphad\Healthy Leaves\Healthy Leaves_935.jpg,Healthy Leaves,2
D:\CropDiseaseProject\grape_niphad\Healthy Leaves\Healthy Leaves_481.jpg,Healthy Leaves,2
D:\CropDiseaseProject\grape_niphad\Healthy Leaves\Healthy Leaves_525.jpg,Healthy Leaves,2
D:\CropDiseaseProject\grape_niphad\Healthy Leaves\Healthy Leaves_189.png,Healthy Leaves,2
D:\CropDiseaseProject\grape_niphad\Downy Mildew\Downy Mildew_949.jpg,Downy Mildew,1
D:\CropDiseaseProject\grape_niphad\Healthy Leaves\Healthy Leaves_269.jpg,Healthy Leaves,2
D:\CropDiseaseProject\grape_niphad\Healthy Leaves\Healthy Leaves_1206.jpg,Healthy Leaves,2
D:\CropDiseaseProject\grape_niphad\Downy Mildew\Downy Mildew_162.jpg,Downy Mildew,1
D:\CropDiseaseProject\grape_niphad\Downy Mildew\Downy Mildew_244.jpg,Downy Mildew,1
D:\CropDiseaseProject\grape_niphad\Powdery Mildew\Powdery Mildew_196.jpg,Powdery Mildew,3
D:\CropDiseaseProject\grape_niphad\Healthy Leaves\Healthy Leaves_356.jpg,Healthy Leaves,2
D:\CropDiseaseProject\grape_niphad\Healthy Leaves\Healthy Leaves_1246.jpg,Healthy Leaves,2
D:\CropDiseaseProject\grape_niphad\Powdery Mildew\Powdery Mildew_301.jpg,Powdery Mildew,3
D:\CropDiseaseProject\grape_niphad\Healthy Leaves\Healthy Leaves_783.jpg,Healthy Leaves,2
D:\CropDiseaseProject\grape_niphad\Healthy Leaves\Healthy Leaves_917.jpg,Healthy Leaves,2
D:\CropDiseaseProject\grape_niphad\Downy Mildew\Downy Mildew_751.jpg,Downy Mildew,1
D:\CropDiseaseProject\grape_niphad\Healthy Leaves\Healthy Leaves_560.jpg,Healthy Leaves,2
D:\CropDiseaseProject\grape_niphad\Healthy Leaves\Healthy Leaves_713.jpg,Healthy Leaves,2
D:\CropDiseaseProject\grape_niphad\Downy Mildew\Downy Mildew_955.jpg,Downy Mildew,1
D:\CropDiseaseProject\grape_niphad\Healthy Leaves\Healthy Leaves_938.jpg,Healthy Leaves,2
D:\CropDiseaseProject\grape_niphad\Healthy Leaves\Healthy Leaves_641.jpg,Healthy Leaves,2
D:\CropDiseaseProject\grape_niphad\Downy Mildew\Downy Mildew_425.jpg,Downy Mildew,1
D:\CropDiseaseProject\grape_niphad\Downy Mildew\Downy Mildew_324.jpg,Downy Mildew,1
D:\CropDiseaseProject\grape_niphad\Healthy Leaves\Healthy Leaves_171.jpg,Healthy Leaves,2
D:\CropDiseaseProject\grape_niphad\Healthy Leaves\Healthy Leaves_259.jpg,Healthy Leaves,2
D:\CropDiseaseProject\grape_niphad\Downy Mildew\Downy Mildew_744.jpg,Downy Mildew,1
D:\CropDiseaseProject\grape_niphad\Downy Mildew\Downy Mildew_121.jpg,Downy Mildew,1
D:\CropDiseaseProject\grape_niphad\Powdery Mildew\Powdery Mildew_97.jpg,Powdery Mildew,3
D:\CropDiseaseProject\grape_niphad\Powdery Mildew\Powdery Mildew_280.jpg,Powdery Mildew,3
D:\CropDiseaseProject\grape_niphad\Downy Mildew\Downy Mildew_490.jpg,Downy Mildew,1
D:\CropDiseaseProject\grape_niphad\Powdery Mildew\Powdery Mildew_168.jpg,Powdery Mildew,3
D:\CropDiseaseProject\grape_niphad\Healthy Leaves\Healthy Leaves_425.jpg,Healthy Leaves,2
D:\CropDiseaseProject\grape_niphad\Healthy Leaves\Healthy Leaves_1221.jpg,Healthy Leaves,2
D:\CropDiseaseProject\grape_niphad\Downy Mildew\Downy Mildew_924.jpg,Downy Mildew,1
D:\CropDiseaseProject\grape_niphad\Healthy Leaves\Healthy Leaves_557.jpg,Healthy Leaves,2
D:\CropDiseaseProject\grape_niphad\Powdery Mildew\Powdery Mildew_117.jpg,Powdery Mildew,3
D:\CropDiseaseProject\grape_niphad\Powdery Mildew\Powdery Mildew_165.jpg,Powdery Mildew,3
D:\CropDiseaseProject\grape_niphad\Healthy Leaves\Healthy Leaves_339.jpg,Healthy Leaves,2
D:\CropDiseaseProject\grape_niphad\Healthy Leaves\Healthy Leaves_154.jpg,Healthy Leaves,2
D:\CropDiseaseProject\grape_niphad\Downy Mildew\Downy Mildew_105.jpg,Downy Mildew,1
D:\CropDiseaseProject\grape_niphad\Downy Mildew\Downy Mildew_939.jpg,Downy Mildew,1
D:\CropDiseaseProject\grape_niphad\Downy Mildew\Downy Mildew_69.jpg,Downy Mildew,1
D:\CropDiseaseProject\grape_niphad\Healthy Leaves\Healthy Leaves_20.jpg,Healthy Leaves,2
D:\CropDiseaseProject\grape_niphad\Healthy Leaves\Healthy Leaves_643.jpg,Healthy Leaves,2
D:\CropDiseaseProject\grape_niphad\Downy Mildew\Downy Mildew_405.jpg,Downy Mildew,1
D:\CropDiseaseProject\grape_niphad\Powdery Mildew\Powdery Mildew_201.jpg,Powdery Mildew,3
D:\CropDiseaseProject\grape_niphad\Healthy Leaves\Healthy Leaves_635.jpg,Healthy Leaves,2
D:\CropDiseaseProject\grape_niphad\Healthy Leaves\Healthy Leaves_240.jpg,Healthy Leaves,2
D:\CropDiseaseProject\grape_niphad\Healthy Leaves\Healthy Leaves_1031.jpg,Healthy Leaves,2
D:\CropDiseaseProject\grape_niphad\Downy Mildew\Downy Mildew_917.jpg,Downy Mildew,1
D:\CropDiseaseProject\grape_niphad\Powdery Mildew\Powdery Mildew_310.jpg,Powdery Mildew,3
D:\CropDiseaseProject\grape_niphad\Downy Mildew\Downy Mildew_258.jpg,Downy Mildew,1
D:\CropDiseaseProject\grape_niphad\Downy Mildew\Downy Mildew_557.jpg,Downy Mildew,1
D:\CropDiseaseProject\grape_niphad\Powdery Mildew\Powdery Mildew_273.jpg,Powdery Mildew,3
D:\CropDiseaseProject\grape_niphad\Powdery Mildew\Powdery Mildew_38.jpg,Powdery Mildew,3
D:\CropDiseaseProject\grape_niphad\Healthy Leaves\Healthy Leaves_797.jpg,Healthy Leaves,2
D:\CropDiseaseProject\grape_niphad\Healthy Leaves\Healthy Leaves_185.jpg,Healthy Leaves,2
D:\CropDiseaseProject\grape_niphad\Downy Mildew\Downy Mildew_583.jpg,Downy Mildew,1
D:\CropDiseaseProject\grape_niphad\Downy Mildew\Downy Mildew_314.jpg,Downy Mildew,1
D:\CropDiseaseProject\grape_niphad\Healthy Leaves\Healthy Leaves_41.jpg,Healthy Leaves,2
D:\CropDiseaseProject\grape_niphad\Healthy Leaves\Healthy Leaves_223.jpg,Healthy Leaves,2
D:\CropDiseaseProject\grape_niphad\Healthy Leaves\Healthy Leaves_1096.jpg,Healthy Leaves,2
D:\CropDiseaseProject\grape_niphad\Healthy Leaves\Healthy Leaves_1088.jpg,Healthy Leaves,2
D:\CropDiseaseProject\grape_niphad\Downy Mildew\Downy Mildew_802.jpg,Downy Mildew,1
D:\CropDiseaseProject\grape_niphad\Healthy Leaves\Healthy Leaves_620.jpg,Healthy Leaves,2
D:\CropDiseaseProject\grape_niphad\Healthy Leaves\Healthy Leaves_1100.jpg,Healthy Leaves,2
D:\CropDiseaseProject\grape_niphad\Downy Mildew\Downy Mildew_198.jpg,Downy Mildew,1
D:\CropDiseaseProject\grape_niphad\Healthy Leaves\Healthy Leaves_283.jpg,Healthy Leaves,2
D:\CropDiseaseProject\grape_niphad\Healthy Leaves\Healthy Leaves_1117.jpg,Healthy Leaves,2
D:\CropDiseaseProject\grape_niphad\Healthy Leaves\Healthy Leaves_880.jpg,Healthy Leaves,2
D:\CropDiseaseProject\grape_niphad\Powdery Mildew\Powdery Mildew_145.jpg,Powdery Mildew,3
D:\CropDiseaseProject\grape_niphad\Powdery Mildew\Powdery Mildew_403.JPG,Powdery Mildew,3
D:\CropDiseaseProject\grape_niphad\Powdery Mildew\Powdery Mildew_391.JPG,Powdery Mildew,3
D:\CropDiseaseProject\grape_niphad\Healthy Leaves\Healthy Leaves_373.jpg,Healthy Leaves,2
D:\CropDiseaseProject\grape_niphad\Downy Mildew\Downy Mildew_396.jpg,Downy Mildew,1
D:\CropDiseaseProject\grape_niphad\Downy Mildew\Downy Mildew_796.jpg,Downy Mildew,1
D:\CropDiseaseProject\grape_niphad\Healthy Leaves\Healthy Leaves_439.jpg,Healthy Leaves,2
D:\CropDiseaseProject\grape_niphad\Bacterial Leaf Spot\Bacterial Leaf Spot_2.jpg,Bacterial Leaf Spot,0
D:\CropDiseaseProject\grape_niphad\Healthy Leaves\Healthy Leaves_942.jpg,Healthy Leaves,2
D:\CropDiseaseProject\grape_niphad\Healthy Leaves\Healthy Leaves_1053.jpg,Healthy Leaves,2
D:\CropDiseaseProject\grape_niphad\Downy Mildew\Downy Mildew_40.jpg,Downy Mildew,1
D:\CropDiseaseProject\grape_niphad\Healthy Leaves\Healthy Leaves_599.jpg,Healthy Leaves,2
D:\CropDiseaseProject\grape_niphad\Healthy Leaves\Healthy Leaves_871.jpg,Healthy Leaves,2
D:\CropDiseaseProject\grape_niphad\Healthy Leaves\Healthy Leaves_1080.jpg,Healthy Leaves,2
D:\CropDiseaseProject\grape_niphad\Downy Mildew\Downy Mildew_541.jpg,Downy Mildew,1
D:\CropDiseaseProject\grape_niphad\Healthy Leaves\Healthy Leaves_250.jpg,Healthy Leaves,2
D:\CropDiseaseProject\grape_niphad\Downy Mildew\Downy Mildew_186.jpg,Downy Mildew,1
D:\CropDiseaseProject\grape_niphad\Healthy Leaves\Healthy Leaves_522.jpg,Healthy Leaves,2
D:\CropDiseaseProject\grape_niphad\Healthy Leaves\Healthy Leaves_63.jpg,Healthy Leaves,2
D:\CropDiseaseProject\grape_niphad\Downy Mildew\Downy Mildew_786.jpg,Downy Mildew,1
D:\CropDiseaseProject\grape_niphad\Healthy Leaves\Healthy Leaves_775.jpg,Healthy Leaves,2
D:\CropDiseaseProject\grape_niphad\Healthy Leaves\Healthy Leaves_1016.png,Healthy Leaves,2
D:\CropDiseaseProject\grape_niphad\Downy Mildew\Downy Mildew_749.jpg,Downy Mildew,1
D:\CropDiseaseProject\grape_niphad\Downy Mildew\Downy Mildew_700.jpg,Downy Mildew,1
D:\CropDiseaseProject\grape_niphad\Healthy Leaves\Healthy Leaves_767.jpg,Healthy Leaves,2
D:\CropDiseaseProject\grape_niphad\Powdery Mildew\Powdery Mildew_349.jpg,Powdery Mildew,3
D:\CropDiseaseProject\grape_niphad\Downy Mildew\Downy Mildew_117.jpg,Downy Mildew,1
D:\CropDiseaseProject\grape_niphad\Powdery Mildew\Powdery Mildew_6.png,Powdery Mildew,3
D:\CropDiseaseProject\grape_niphad\Downy Mildew\Downy Mildew_390.jpg,Downy Mildew,1
D:\CropDiseaseProject\grape_niphad\Downy Mildew\Downy Mildew_913.jpg,Downy Mildew,1
D:\CropDiseaseProject\grape_niphad\Healthy Leaves\Healthy Leaves_1137.jpg,Healthy Leaves,2
D:\CropDiseaseProject\grape_niphad\Healthy Leaves\Healthy Leaves_176.jpg,Healthy Leaves,2
D:\CropDiseaseProject\grape_niphad\Downy Mildew\Downy Mildew_625.jpg,Downy Mildew,1
D:\CropDiseaseProject\grape_niphad\Downy Mildew\Downy Mildew_313.jpg,Downy Mildew,1
D:\CropDiseaseProject\grape_niphad\Healthy Leaves\Healthy Leaves_344.jpg,Healthy Leaves,2
D:\CropDiseaseProject\grape_niphad\Healthy Leaves\Healthy Leaves_431.jpg,Healthy Leaves,2
D:\CropDiseaseProject\grape_niphad\Powdery Mildew\Powdery Mildew_53.jpg,Powdery Mildew,3
D:\CropDiseaseProject\grape_niphad\Healthy Leaves\Healthy Leaves_199.jpg,Healthy Leaves,2
D:\CropDiseaseProject\grape_niphad\Powdery Mildew\Powdery Mildew_51.jpg,Powdery Mildew,3
D:\CropDiseaseProject\grape_niphad\Healthy Leaves\Healthy Leaves_447.jpg,Healthy Leaves,2
D:\CropDiseaseProject\grape_niphad\Powdery Mildew\Powdery Mildew_277.jpg,Powdery Mildew,3
D:\CropDiseaseProject\grape_niphad\Downy Mildew\Downy Mildew_964.jpg,Downy Mildew,1
D:\CropDiseaseProject\grape_niphad\Healthy Leaves\Healthy Leaves_1118.jpg,Healthy Leaves,2
D:\CropDiseaseProject\grape_niphad\Healthy Leaves\Healthy Leaves_744.jpg,Healthy Leaves,2
D:\CropDiseaseProject\grape_niphad\Healthy Leaves\Healthy Leaves_883.jpg,Healthy Leaves,2
D:\CropDiseaseProject\grape_niphad\Healthy Leaves\Healthy Leaves_388.jpg,Healthy Leaves,2
D:\CropDiseaseProject\grape_niphad\Healthy Leaves\Healthy Leaves_178.jpg,Healthy Leaves,2
D:\CropDiseaseProject\grape_niphad\Downy Mildew\Downy Mildew_145.jpg,Downy Mildew,1
D:\CropDiseaseProject\grape_niphad\Downy Mildew\Downy Mildew_899.jpg,Downy Mildew,1
D:\CropDiseaseProject\grape_niphad\Downy Mildew\Downy Mildew_607.jpg,Downy Mildew,1
D:\CropDiseaseProject\grape_niphad\Healthy Leaves\Healthy Leaves_1017.jpg,Healthy Leaves,2
D:\CropDiseaseProject\grape_niphad\Powdery Mildew\Powdery Mildew_276.jpg,Powdery Mildew,3
D:\CropDiseaseProject\grape_niphad\Downy Mildew\Downy Mildew_257.jpg,Downy Mildew,1
D:\CropDiseaseProject\grape_niphad\Downy Mildew\Downy Mildew_566.jpg,Downy Mildew,1
D:\CropDiseaseProject\grape_niphad\Healthy Leaves\Healthy Leaves_1175.jpg,Healthy Leaves,2
D:\CropDiseaseProject\grape_niphad\Powdery Mildew\Powdery Mildew_309.jpg,Powdery Mildew,3
D:\CropDiseaseProject\grape_niphad\Powdery Mildew\Powdery Mildew_212.jpg,Powdery Mildew,3
D:\CropDiseaseProject\grape_niphad\Healthy Leaves\Healthy Leaves_960.jpg,Healthy Leaves,2
D:\CropDiseaseProject\grape_niphad\Healthy Leaves\Healthy Leaves_660.jpg,Healthy Leaves,2
D:\CropDiseaseProject\grape_niphad\Healthy Leaves\Healthy Leaves_456.jpg,Healthy Leaves,2
D:\CropDiseaseProject\grape_niphad\Healthy Leaves\Healthy Leaves_529.jpg,Healthy Leaves,2
D:\CropDiseaseProject\grape_niphad\Downy Mildew\Downy Mildew_222.jpg,Downy Mildew,1
D:\CropDiseaseProject\grape_niphad\Powdery Mildew\Powdery Mildew_295.jpg,Powdery Mildew,3
D:\CropDiseaseProject\grape_niphad\Downy Mildew\Downy Mildew_702.jpg,Downy Mildew,1
D:\CropDiseaseProject\grape_niphad\Healthy Leaves\Healthy Leaves_1085.jpg,Healthy Leaves,2
D:\CropDiseaseProject\grape_niphad\Downy Mildew\Downy Mildew_491.jpg,Downy Mildew,1
D:\CropDiseaseProject\grape_niphad\Downy Mildew\Downy Mildew_735.jpg,Downy Mildew,1
D:\CropDiseaseProject\grape_niphad\Healthy Leaves\Healthy Leaves_193.jpg,Healthy Leaves,2
D:\CropDiseaseProject\grape_niphad\Healthy Leaves\Healthy Leaves_1148.jpg,Healthy Leaves,2
D:\CropDiseaseProject\grape_niphad\Downy Mildew\Downy Mildew_74.jpg,Downy Mildew,1
D:\CropDiseaseProject\grape_niphad\Downy Mildew\Downy Mildew_584.jpg,Downy Mildew,1
D:\CropDiseaseProject\grape_niphad\Downy Mildew\Downy Mildew_82.jpg,Downy Mildew,1
D:\CropDiseaseProject\grape_niphad\Downy Mildew\Downy Mildew_464.jpg,Downy Mildew,1
D:\CropDiseaseProject\grape_niphad\Downy Mildew\Downy Mildew_633.jpg,Downy Mildew,1
D:\CropDiseaseProject\grape_niphad\Healthy Leaves\Healthy Leaves_991.jpg,Healthy Leaves,2
D:\CropDiseaseProject\grape_niphad\Downy Mildew\Downy Mildew_547.jpg,Downy Mildew,1
D:\CropDiseaseProject\grape_niphad\Downy Mildew\Downy Mildew_382.jpg,Downy Mildew,1
D:\CropDiseaseProject\grape_niphad\Downy Mildew\Downy Mildew_848.jpg,Downy Mildew,1
D:\CropDiseaseProject\grape_niphad\Healthy Leaves\Healthy Leaves_153.jpg,Healthy Leaves,2
D:\CropDiseaseProject\grape_niphad\Bacterial Leaf Spot\Bacterial Leaf Spot_22.jpg,Bacterial Leaf Spot,0
D:\CropDiseaseProject\grape_niphad\Downy Mildew\Downy Mildew_282.jpg,Downy Mildew,1
D:\CropDiseaseProject\grape_niphad\Downy Mildew\Downy Mildew_393.jpg,Downy Mildew,1
D:\CropDiseaseProject\grape_niphad\Powdery Mildew\Powdery Mildew_48.jpg,Powdery Mildew,3
D:\CropDiseaseProject\grape_niphad\Downy Mildew\Downy Mildew_58.jpg,Downy Mildew,1
D:\CropDiseaseProject\grape_niphad\Downy Mildew\Downy Mildew_96.jpg,Downy Mildew,1
D:\CropDiseaseProject\grape_niphad\Downy Mildew\Downy Mildew_263.jpg,Downy Mildew,1
D:\CropDiseaseProject\grape_niphad\Healthy Leaves\Healthy Leaves_474.jpg,Healthy Leaves,2
D:\CropDiseaseProject\grape_niphad\Downy Mildew\Downy Mildew_870.jpg,Downy Mildew,1
D:\CropDiseaseProject\grape_niphad\Healthy Leaves\Healthy Leaves_1062.jpg,Healthy Leaves,2
D:\CropDiseaseProject\grape_niphad\Healthy Leaves\Healthy Leaves_1067.jpg,Healthy Leaves,2
D:\CropDiseaseProject\grape_niphad\Healthy Leaves\Healthy Leaves_524.jpg,Healthy Leaves,2
D:\CropDiseaseProject\grape_niphad\Downy Mildew\Downy Mildew_371.jpg,Downy Mildew,1
D:\CropDiseaseProject\grape_niphad\Downy Mildew\Downy Mildew_723.jpg,Downy Mildew,1
D:\CropDiseaseProject\grape_niphad\Downy Mildew\Downy Mildew_471.jpg,Downy Mildew,1
D:\CropDiseaseProject\grape_niphad\Healthy Leaves\Healthy Leaves_753.jpg,Healthy Leaves,2
D:\CropDiseaseProject\grape_niphad\Healthy Leaves\Healthy Leaves_895.jpg,Healthy Leaves,2
D:\CropDiseaseProject\grape_niphad\Healthy Leaves\Healthy Leaves_337.jpg,Healthy Leaves,2
D:\CropDiseaseProject\grape_niphad\Healthy Leaves\Healthy Leaves_184.jpg,Healthy Leaves,2
D:\CropDiseaseProject\grape_niphad\Powdery Mildew\Powdery Mildew_22.jpg,Powdery Mildew,3
D:\CropDiseaseProject\grape_niphad\Healthy Leaves\Healthy Leaves_1101.jpg,Healthy Leaves,2
D:\CropDiseaseProject\grape_niphad\Healthy Leaves\Healthy Leaves_607.jpg,Healthy Leaves,2
D:\CropDiseaseProject\grape_niphad\Healthy Leaves\Healthy Leaves_147.jpg,Healthy Leaves,2
D:\CropDiseaseProject\grape_niphad\Downy Mildew\Downy Mildew_183.jpg,Downy Mildew,1
D:\CropDiseaseProject\grape_niphad\Downy Mildew\Downy Mildew_580.jpg,Downy Mildew,1
D:\CropDiseaseProject\grape_niphad\Powdery Mildew\Powdery Mildew_73.jpg,Powdery Mildew,3
D:\CropDiseaseProject\grape_niphad\Healthy Leaves\Healthy Leaves_537.jpg,Healthy Leaves,2
D:\CropDiseaseProject\grape_niphad\Powdery Mildew\Powdery Mildew_28.jpg,Powdery Mildew,3
D:\CropDiseaseProject\grape_niphad\Downy Mildew\Downy Mildew_659.jpg,Downy Mildew,1
D:\CropDiseaseProject\grape_niphad\Powdery Mildew\Powdery Mildew_135.jpg,Powdery Mildew,3
D:\CropDiseaseProject\grape_niphad\Healthy Leaves\Healthy Leaves_1110.jpg,Healthy Leaves,2
D:\CropDiseaseProject\grape_niphad\Downy Mildew\Downy Mildew_869.jpg,Downy Mildew,1
D:\CropDiseaseProject\grape_niphad\Powdery Mildew\Powdery Mildew_248.jpg,Powdery Mildew,3
D:\CropDiseaseProject\grape_niphad\Downy Mildew\Downy Mildew_413.jpg,Downy Mildew,1
D:\CropDiseaseProject\grape_niphad\Healthy Leaves\Healthy Leaves_1098.jpg,Healthy Leaves,2
D:\CropDiseaseProject\grape_niphad\Healthy Leaves\Healthy Leaves_42.jpg,Healthy Leaves,2
D:\CropDiseaseProject\grape_niphad\Downy Mildew\Downy Mildew_180.jpg,Downy Mildew,1
D:\CropDiseaseProject\grape_niphad\Healthy Leaves\Healthy Leaves_1108.jpg,Healthy Leaves,2
D:\CropDiseaseProject\grape_niphad\Bacterial Leaf Spot\Bacterial Leaf Spot_70.jpg,Bacterial Leaf Spot,0
D:\CropDiseaseProject\grape_niphad\Healthy Leaves\Healthy Leaves_91.jpg,Healthy Leaves,2
D:\CropDiseaseProject\grape_niphad\Downy Mildew\Downy Mildew_321.jpg,Downy Mildew,1
D:\CropDiseaseProject\grape_niphad\Downy Mildew\Downy Mildew_600.jpg,Downy Mildew,1
D:\CropDiseaseProject\grape_niphad\Powdery Mildew\Powdery Mildew_315.jpg,Powdery Mildew,3
D:\CropDiseaseProject\grape_niphad\Healthy Leaves\Healthy Leaves_419.jpg,Healthy Leaves,2
D:\CropDiseaseProject\grape_niphad\Powdery Mildew\Powdery Mildew_130.jpg,Powdery Mildew,3
D:\CropDiseaseProject\grape_niphad\Downy Mildew\Downy Mildew_765.jpg,Downy Mildew,1
D:\CropDiseaseProject\grape_niphad\Healthy Leaves\Healthy Leaves_398.jpg,Healthy Leaves,2
D:\CropDiseaseProject\grape_niphad\Healthy Leaves\Healthy Leaves_144.jpg,Healthy Leaves,2
D:\CropDiseaseProject\grape_niphad\Downy Mildew\Downy Mildew_269.jpg,Downy Mildew,1
D:\CropDiseaseProject\grape_niphad\Downy Mildew\Downy Mildew_75.jpg,Downy Mildew,1
D:\CropDiseaseProject\grape_niphad\Healthy Leaves\Healthy Leaves_241.jpg,Healthy Leaves,2
D:\CropDiseaseProject\grape_niphad\Downy Mildew\Downy Mildew_577.jpg,Downy Mildew,1
D:\CropDiseaseProject\grape_niphad\Downy Mildew\Downy Mildew_110.jpg,Downy Mildew,1
D:\CropDiseaseProject\grape_niphad\Healthy Leaves\Healthy Leaves_720.jpg,Healthy Leaves,2
D:\CropDiseaseProject\grape_niphad\Downy Mildew\Downy Mildew_538.jpg,Downy Mildew,1
D:\CropDiseaseProject\grape_niphad\Healthy Leaves\Healthy Leaves_872.jpg,Healthy Leaves,2
D:\CropDiseaseProject\grape_niphad\Healthy Leaves\Healthy Leaves_946.jpg,Healthy Leaves,2
D:\CropDiseaseProject\grape_niphad\Healthy Leaves\Healthy Leaves_392.jpg,Healthy Leaves,2
D:\CropDiseaseProject\grape_niphad\Downy Mildew\Downy Mildew_418.jpg,Downy Mildew,1
D:\CropDiseaseProject\grape_niphad\Powdery Mildew\Powdery Mildew_39.jpg,Powdery Mildew,3
D:\CropDiseaseProject\grape_niphad\Healthy Leaves\Healthy Leaves_897.jpg,Healthy Leaves,2
D:\CropDiseaseProject\grape_niphad\Healthy Leaves\Healthy Leaves_1002.jpg,Healthy Leaves,2
D:\CropDiseaseProject\grape_niphad\Downy Mildew\Downy Mildew_859.jpg,Downy Mildew,1
D:\CropDiseaseProject\grape_niphad\Healthy Leaves\Healthy Leaves_1240.jpg,Healthy Leaves,2
D:\CropDiseaseProject\grape_niphad\Healthy Leaves\Healthy Leaves_587.jpg,Healthy Leaves,2
D:\CropDiseaseProject\grape_niphad\Healthy Leaves\Healthy Leaves_77.jpg,Healthy Leaves,2
D:\CropDiseaseProject\grape_niphad\Healthy Leaves\Healthy Leaves_138.jpg,Healthy Leaves,2
D:\CropDiseaseProject\grape_niphad\Healthy Leaves\Healthy Leaves_1051.jpg,Healthy Leaves,2
D:\CropDiseaseProject\grape_niphad\Downy Mildew\Downy Mildew_108.jpg,Downy Mildew,1
D:\CropDiseaseProject\grape_niphad\Healthy Leaves\Healthy Leaves_66.png,Healthy Leaves,2
D:\CropDiseaseProject\grape_niphad\Downy Mildew\Downy Mildew_687.jpg,Downy Mildew,1
D:\CropDiseaseProject\grape_niphad\Healthy Leaves\Healthy Leaves_1090.jpg,Healthy Leaves,2
D:\CropDiseaseProject\grape_niphad\Powdery Mildew\Powdery Mildew_208.jpg,Powdery Mildew,3
D:\CropDiseaseProject\grape_niphad\Healthy Leaves\Healthy Leaves_708.jpg,Healthy Leaves,2
D:\CropDiseaseProject\grape_niphad\Healthy Leaves\Healthy Leaves_656.jpg,Healthy Leaves,2
D:\CropDiseaseProject\grape_niphad\Downy Mildew\Downy Mildew_614.jpg,Downy Mildew,1
D:\CropDiseaseProject\grape_niphad\Downy Mildew\Downy Mildew_794.jpg,Downy Mildew,1
D:\CropDiseaseProject\grape_niphad\Downy Mildew\Downy Mildew_470.jpg,Downy Mildew,1
D:\CropDiseaseProject\grape_niphad\Downy Mildew\Downy Mildew_530.jpg,Downy Mildew,1
D:\CropDiseaseProject\grape_niphad\Powdery Mildew\Powdery Mildew_76.jpg,Powdery Mildew,3
D:\CropDiseaseProject\grape_niphad\Healthy Leaves\Healthy Leaves_1091.jpg,Healthy Leaves,2
D:\CropDiseaseProject\grape_niphad\Downy Mildew\Downy Mildew_468.jpg,Downy Mildew,1
D:\CropDiseaseProject\grape_niphad\Downy Mildew\Downy Mildew_85.jpg,Downy Mildew,1
D:\CropDiseaseProject\grape_niphad\Powdery Mildew\Powdery Mildew_370.JPG,Powdery Mildew,3
D:\CropDiseaseProject\grape_niphad\Downy Mildew\Downy Mildew_336.jpg,Downy Mildew,1
D:\CropDiseaseProject\grape_niphad\Healthy Leaves\Healthy Leaves_158.jpg,Healthy Leaves,2
D:\CropDiseaseProject\grape_niphad\Downy Mildew\Downy Mildew_384.jpg,Downy Mildew,1
D:\CropDiseaseProject\grape_niphad\Powdery Mildew\Powdery Mildew_136.jpg,Powdery Mildew,3
D:\CropDiseaseProject\grape_niphad\Powdery Mildew\Powdery Mildew_371.JPG,Powdery Mildew,3
D:\CropDiseaseProject\grape_niphad\Downy Mildew\Downy Mildew_944.jpg,Downy Mildew,1
D:\CropDiseaseProject\grape_niphad\Downy Mildew\Downy Mildew_31.jpg,Downy Mildew,1
D:\CropDiseaseProject\grape_niphad\Healthy Leaves\Healthy Leaves_97.jpg,Healthy Leaves,2
D:\CropDiseaseProject\grape_niphad\Powdery Mildew\Powdery Mildew_269.jpg,Powdery Mildew,3
D:\CropDiseaseProject\grape_niphad\Healthy Leaves\Healthy Leaves_665.jpg,Healthy Leaves,2
D:\CropDiseaseProject\grape_niphad\Downy Mildew\Downy Mildew_879.jpg,Downy Mildew,1
D:\CropDiseaseProject\grape_niphad\Downy Mildew\Downy Mildew_101.jpg,Downy Mildew,1
D:\CropDiseaseProject\grape_niphad\Healthy Leaves\Healthy Leaves_98.jpg,Healthy Leaves,2
D:\CropDiseaseProject\grape_niphad\Healthy Leaves\Healthy Leaves_965.jpg,Healthy Leaves,2
D:\CropDiseaseProject\grape_niphad\Healthy Leaves\Healthy Leaves_107.jpg,Healthy Leaves,2
D:\CropDiseaseProject\grape_niphad\Downy Mildew\Downy Mildew_126.jpg,Downy Mildew,1
D:\CropDiseaseProject\grape_niphad\Healthy Leaves\Healthy Leaves_271.jpg,Healthy Leaves,2
D:\CropDiseaseProject\grape_niphad\Healthy Leaves\Healthy Leaves_1009.jpg,Healthy Leaves,2
D:\CropDiseaseProject\grape_niphad\Downy Mildew\Downy Mildew_517.jpg,Downy Mildew,1
D:\CropDiseaseProject\grape_niphad\Downy Mildew\Downy Mildew_94.jpg,Downy Mildew,1
D:\CropDiseaseProject\grape_niphad\Healthy Leaves\Healthy Leaves_162.png,Healthy Leaves,2
D:\CropDiseaseProject\grape_niphad\Downy Mildew\Downy Mildew_916.jpg,Downy Mildew,1
D:\CropDiseaseProject\grape_niphad\Powdery Mildew\Powdery Mildew_271.jpg,Powdery Mildew,3
D:\CropDiseaseProject\grape_niphad\Healthy Leaves\Healthy Leaves_896.jpg,Healthy Leaves,2
D:\CropDiseaseProject\grape_niphad\Powdery Mildew\Powdery Mildew_362.jpg,Powdery Mildew,3
D:\CropDiseaseProject\grape_niphad\Powdery Mildew\Powdery Mildew_79.jpg,Powdery Mildew,3
D:\CropDiseaseProject\grape_niphad\Downy Mildew\Downy Mildew_403.jpg,Downy Mildew,1
D:\CropDiseaseProject\grape_niphad\Healthy Leaves\Healthy Leaves_672.jpg,Healthy Leaves,2
D:\CropDiseaseProject\grape_niphad\Downy Mildew\Downy Mildew_152.jpg,Downy Mildew,1
D:\CropDiseaseProject\grape_niphad\Downy Mildew\Downy Mildew_259.jpg,Downy Mildew,1
D:\CropDiseaseProject\grape_niphad\Downy Mildew\Downy Mildew_262.jpg,Downy Mildew,1
D:\CropDiseaseProject\grape_niphad\Downy Mildew\Downy Mildew_828.jpg,Downy Mildew,1
D:\CropDiseaseProject\grape_niphad\Downy Mildew\Downy Mildew_330.jpg,Downy Mildew,1
D:\CropDiseaseProject\grape_niphad\Healthy Leaves\Healthy Leaves_1089.jpg,Healthy Leaves,2
D:\CropDiseaseProject\grape_niphad\Healthy Leaves\Healthy Leaves_125.jpg,Healthy Leaves,2
D:\CropDiseaseProject\grape_niphad\Bacterial Leaf Spot\Bacterial Leaf Spot_84.jpg,Bacterial Leaf Spot,0
D:\CropDiseaseProject\grape_niphad\Downy Mildew\Downy Mildew_24.jpg,Downy Mildew,1
D:\CropDiseaseProject\grape_niphad\Downy Mildew\Downy Mildew_886.jpg,Downy Mildew,1
D:\CropDiseaseProject\grape_niphad\Downy Mildew\Downy Mildew_656.jpg,Downy Mildew,1
D:\CropDiseaseProject\grape_niphad\Healthy Leaves\Healthy Leaves_621.jpg,Healthy Leaves,2
D:\CropDiseaseProject\grape_niphad\Healthy Leaves\Healthy Leaves_208.jpg,Healthy Leaves,2
D:\CropDiseaseProject\grape_niphad\Downy Mildew\Downy Mildew_922.jpg,Downy Mildew,1
D:\CropDiseaseProject\grape_niphad\Healthy Leaves\Healthy Leaves_1048.jpg,Healthy Leaves,2
D:\CropDiseaseProject\grape_niphad\Downy Mildew\Downy Mildew_61.jpg,Downy Mildew,1
D:\CropDiseaseProject\grape_niphad\Powdery Mildew\Powdery Mildew_323.jpg,Powdery Mildew,3
D:\CropDiseaseProject\grape_niphad\Downy Mildew\Downy Mildew_89.jpg,Downy Mildew,1
D:\CropDiseaseProject\grape_niphad\Healthy Leaves\Healthy Leaves_326.jpg,Healthy Leaves,2
D:\CropDiseaseProject\grape_niphad\Downy Mildew\Downy Mildew_892.jpg,Downy Mildew,1
D:\CropDiseaseProject\grape_niphad\Powdery Mildew\Powdery Mildew_404.JPG,Powdery Mildew,3
D:\CropDiseaseProject\grape_niphad\Powdery Mildew\Powdery Mildew_229.jpg,Powdery Mildew,3
D:\CropDiseaseProject\grape_niphad\Healthy Leaves\Healthy Leaves_266.jpg,Healthy Leaves,2
D:\CropDiseaseProject\grape_niphad\Downy Mildew\Downy Mildew_475.jpg,Downy Mildew,1
D:\CropDiseaseProject\grape_niphad\Healthy Leaves\Healthy Leaves_832.jpg,Healthy Leaves,2
D:\CropDiseaseProject\grape_niphad\Downy Mildew\Downy Mildew_432.jpg,Downy Mildew,1
D:\CropDiseaseProject\grape_niphad\Powdery Mildew\Powdery Mildew_334.jpg,Powdery Mildew,3
D:\CropDiseaseProject\grape_niphad\Healthy Leaves\Healthy Leaves_1057.jpg,Healthy Leaves,2
D:\CropDiseaseProject\grape_niphad\Downy Mildew\Downy Mildew_618.jpg,Downy Mildew,1
D:\CropDiseaseProject\grape_niphad\Healthy Leaves\Healthy Leaves_114.jpg,Healthy Leaves,2
D:\CropDiseaseProject\grape_niphad\Healthy Leaves\Healthy Leaves_642.jpg,Healthy Leaves,2
D:\CropDiseaseProject\grape_niphad\Healthy Leaves\Healthy Leaves_421.jpg,Healthy Leaves,2
D:\CropDiseaseProject\grape_niphad\Downy Mildew\Downy Mildew_644.jpg,Downy Mildew,1
D:\CropDiseaseProject\grape_niphad\Healthy Leaves\Healthy Leaves_957.jpg,Healthy Leaves,2
D:\CropDiseaseProject\grape_niphad\Powdery Mildew\Powdery Mildew_64.jpg,Powdery Mildew,3
D:\CropDiseaseProject\grape_niphad\Bacterial Leaf Spot\Bacterial Leaf Spot_53.jpg,Bacterial Leaf Spot,0
D:\CropDiseaseProject\grape_niphad\Downy Mildew\Downy Mildew_255.jpg,Downy Mildew,1
D:\CropDiseaseProject\grape_niphad\Healthy Leaves\Healthy Leaves_583.jpg,Healthy Leaves,2
D:\CropDiseaseProject\grape_niphad\Healthy Leaves\Healthy Leaves_123.jpg,Healthy Leaves,2
D:\CropDiseaseProject\grape_niphad\Downy Mildew\Downy Mildew_26.jpg,Downy Mildew,1
D:\CropDiseaseProject\grape_niphad\Healthy Leaves\Healthy Leaves_78.jpg,Healthy Leaves,2
D:\CropDiseaseProject\grape_niphad\Downy Mildew\Downy Mildew_409.jpg,Downy Mildew,1
D:\CropDiseaseProject\grape_niphad\Healthy Leaves\Healthy Leaves_120.jpg,Healthy Leaves,2
D:\CropDiseaseProject\grape_niphad\Healthy Leaves\Healthy Leaves_430.jpg,Healthy Leaves,2
D:\CropDiseaseProject\grape_niphad\Powdery Mildew\Powdery Mildew_121.jpg,Powdery Mildew,3
D:\CropDiseaseProject\grape_niphad\Powdery Mildew\Powdery Mildew_115.jpg,Powdery Mildew,3
D:\CropDiseaseProject\grape_niphad\Powdery Mildew\Powdery Mildew_374.JPG,Powdery Mildew,3
D:\CropDiseaseProject\grape_niphad\Healthy Leaves\Healthy Leaves_222.jpg,Healthy Leaves,2
D:\CropDiseaseProject\grape_niphad\Healthy Leaves\Healthy Leaves_139.jpg,Healthy Leaves,2
D:\CropDiseaseProject\grape_niphad\Powdery Mildew\Powdery Mildew_197.jpg,Powdery Mildew,3
D:\CropDiseaseProject\grape_niphad\Downy Mildew\Downy Mildew_601.jpg,Downy Mildew,1
D:\CropDiseaseProject\grape_niphad\Powdery Mildew\Powdery Mildew_324.jpg,Powdery Mildew,3
D:\CropDiseaseProject\grape_niphad\Healthy Leaves\Healthy Leaves_980.png,Healthy Leaves,2
D:\CropDiseaseProject\grape_niphad\Healthy Leaves\Healthy Leaves_571.jpg,Healthy Leaves,2
D:\CropDiseaseProject\grape_niphad\Healthy Leaves\Healthy Leaves_491.jpg,Healthy Leaves,2
D:\CropDiseaseProject\grape_niphad\Healthy Leaves\Healthy Leaves_1187.jpg,Healthy Leaves,2
D:\CropDiseaseProject\grape_niphad\Healthy Leaves\Healthy Leaves_192.jpg,Healthy Leaves,2
D:\CropDiseaseProject\grape_niphad\Downy Mildew\Downy Mildew_781.jpg,Downy Mildew,1
D:\CropDiseaseProject\grape_niphad\Downy Mildew\Downy Mildew_3.jpg,Downy Mildew,1
D:\CropDiseaseProject\grape_niphad\Healthy Leaves\Healthy Leaves_47.jpg,Healthy Leaves,2
D:\CropDiseaseProject\grape_niphad\Healthy Leaves\Healthy Leaves_1173.jpg,Healthy Leaves,2
D:\CropDiseaseProject\grape_niphad\Healthy Leaves\Healthy Leaves_211.jpg,Healthy Leaves,2
D:\CropDiseaseProject\grape_niphad\Downy Mildew\Downy Mildew_593.jpg,Downy Mildew,1
D:\CropDiseaseProject\grape_niphad\Healthy Leaves\Healthy Leaves_224.jpg,Healthy Leaves,2
D:\CropDiseaseProject\grape_niphad\Healthy Leaves\Healthy Leaves_591.jpg,Healthy Leaves,2
D:\CropDiseaseProject\grape_niphad\Downy Mildew\Downy Mildew_84.jpg,Downy Mildew,1
D:\CropDiseaseProject\grape_niphad\Powdery Mildew\Powdery Mildew_283.jpg,Powdery Mildew,3
D:\CropDiseaseProject\grape_niphad\Downy Mildew\Downy Mildew_860.jpg,Downy Mildew,1
D:\CropDiseaseProject\grape_niphad\Healthy Leaves\Healthy Leaves_745.jpg,Healthy Leaves,2
D:\CropDiseaseProject\grape_niphad\Healthy Leaves\Healthy Leaves_513.jpg,Healthy Leaves,2
D:\CropDiseaseProject\grape_niphad\Healthy Leaves\Healthy Leaves_227.jpg,Healthy Leaves,2
D:\CropDiseaseProject\grape_niphad\Powdery Mildew\Powdery Mildew_220.jpg,Powdery Mildew,3
D:\CropDiseaseProject\grape_niphad\Downy Mildew\Downy Mildew_125.jpg,Downy Mildew,1
D:\CropDiseaseProject\grape_niphad\Downy Mildew\Downy Mildew_360.jpg,Downy Mildew,1
D:\CropDiseaseProject\grape_niphad\Healthy Leaves\Healthy Leaves_706.jpg,Healthy Leaves,2
D:\CropDiseaseProject\grape_niphad\Downy Mildew\Downy Mildew_387.jpg,Downy Mildew,1
D:\CropDiseaseProject\grape_niphad\Healthy Leaves\Healthy Leaves_175.png,Healthy Leaves,2
D:\CropDiseaseProject\grape_niphad\Healthy Leaves\Healthy Leaves_246.jpg,Healthy Leaves,2
D:\CropDiseaseProject\grape_niphad\Healthy Leaves\Healthy Leaves_585.jpg,Healthy Leaves,2
D:\CropDiseaseProject\grape_niphad\Healthy Leaves\Healthy Leaves_33.jpg,Healthy Leaves,2
D:\CropDiseaseProject\grape_niphad\Powdery Mildew\Powdery Mildew_320.jpg,Powdery Mildew,3
D:\CropDiseaseProject\grape_niphad\Healthy Leaves\Healthy Leaves_828.jpg,Healthy Leaves,2
D:\CropDiseaseProject\grape_niphad\Downy Mildew\Downy Mildew_375.jpg,Downy Mildew,1
D:\CropDiseaseProject\grape_niphad\Downy Mildew\Downy Mildew_834.jpg,Downy Mildew,1
D:\CropDiseaseProject\grape_niphad\Powdery Mildew\Powdery Mildew_171.jpg,Powdery Mildew,3
D:\CropDiseaseProject\grape_niphad\Healthy Leaves\Healthy Leaves_562.jpg,Healthy Leaves,2
D:\CropDiseaseProject\grape_niphad\Healthy Leaves\Healthy Leaves_755.jpg,Healthy Leaves,2
D:\CropDiseaseProject\grape_niphad\Downy Mildew\Downy Mildew_667.jpg,Downy Mildew,1
D:\CropDiseaseProject\grape_niphad\Powdery Mildew\Powdery Mildew_264.jpg,Powdery Mildew,3
D:\CropDiseaseProject\grape_niphad\Healthy Leaves\Healthy Leaves_357.jpg,Healthy Leaves,2
D:\CropDiseaseProject\grape_niphad\Healthy Leaves\Healthy Leaves_785.jpg,Healthy Leaves,2
D:\CropDiseaseProject\grape_niphad\Healthy Leaves\Healthy Leaves_618.jpg,Healthy Leaves,2
D:\CropDiseaseProject\grape_niphad\Downy Mildew\Downy Mildew_569.jpg,Downy Mildew,1
D:\CropDiseaseProject\grape_niphad\Downy Mildew\Downy Mildew_603.jpg,Downy Mildew,1
D:\CropDiseaseProject\grape_niphad\Downy Mildew\Downy Mildew_328.jpg,Downy Mildew,1
D:\CropDiseaseProject\grape_niphad\Powdery Mildew\Powdery Mildew_375.JPG,Powdery Mildew,3
D:\CropDiseaseProject\grape_niphad\Healthy Leaves\Healthy Leaves_393.jpg,Healthy Leaves,2
D:\CropDiseaseProject\grape_niphad\Downy Mildew\Downy Mildew_424.jpg,Downy Mildew,1
D:\CropDiseaseProject\grape_niphad\Powdery Mildew\Powdery Mildew_175.jpg,Powdery Mildew,3
D:\CropDiseaseProject\grape_niphad\Powdery Mildew\Powdery Mildew_156.jpg,Powdery Mildew,3
D:\CropDiseaseProject\grape_niphad\Downy Mildew\Downy Mildew_150.jpg,Downy Mildew,1
D:\CropDiseaseProject\grape_niphad\Healthy Leaves\Healthy Leaves_703.jpg,Healthy Leaves,2
D:\CropDiseaseProject\grape_niphad\Downy Mildew\Downy Mildew_437.jpg,Downy Mildew,1
D:\CropDiseaseProject\grape_niphad\Healthy Leaves\Healthy Leaves_1230.jpg,Healthy Leaves,2
D:\CropDiseaseProject\grape_niphad\Healthy Leaves\Healthy Leaves_466.jpg,Healthy Leaves,2
D:\CropDiseaseProject\grape_niphad\Powdery Mildew\Powdery Mildew_142.jpg,Powdery Mildew,3
D:\CropDiseaseProject\grape_niphad\Healthy Leaves\Healthy Leaves_1022.jpg,Healthy Leaves,2
D:\CropDiseaseProject\grape_niphad\Downy Mildew\Downy Mildew_366.jpg,Downy Mildew,1
D:\CropDiseaseProject\grape_niphad\Healthy Leaves\Healthy Leaves_28.jpg,Healthy Leaves,2
D:\CropDiseaseProject\grape_niphad\Downy Mildew\Downy Mildew_489.jpg,Downy Mildew,1
D:\CropDiseaseProject\grape_niphad\Bacterial Leaf Spot\Bacterial Leaf Spot_23.jpg,Bacterial Leaf Spot,0
D:\CropDiseaseProject\grape_niphad\Powdery Mildew\Powdery Mildew_41.jpg,Powdery Mildew,3
D:\CropDiseaseProject\grape_niphad\Downy Mildew\Downy Mildew_511.jpg,Downy Mildew,1
D:\CropDiseaseProject\grape_niphad\Downy Mildew\Downy Mildew_705.jpg,Downy Mildew,1
D:\CropDiseaseProject\grape_niphad\Healthy Leaves\Healthy Leaves_679.jpg,Healthy Leaves,2
D:\CropDiseaseProject\grape_niphad\Downy Mildew\Downy Mildew_866.jpg,Downy Mildew,1
D:\CropDiseaseProject\grape_niphad\Healthy Leaves\Healthy Leaves_718.jpg,Healthy Leaves,2
D:\CropDiseaseProject\grape_niphad\Healthy Leaves\Healthy Leaves_865.jpg,Healthy Leaves,2
D:\CropDiseaseProject\grape_niphad\Downy Mildew\Downy Mildew_679.jpg,Downy Mildew,1
D:\CropDiseaseProject\grape_niphad\Healthy Leaves\Healthy Leaves_254.jpg,Healthy Leaves,2
D:\CropDiseaseProject\grape_niphad\Healthy Leaves\Healthy Leaves_536.jpg,Healthy Leaves,2
D:\CropDiseaseProject\grape_niphad\Downy Mildew\Downy Mildew_631.jpg,Downy Mildew,1
D:\CropDiseaseProject\grape_niphad\Healthy Leaves\Healthy Leaves_727.jpg,Healthy Leaves,2
D:\CropDiseaseProject\grape_niphad\Downy Mildew\Downy Mildew_567.jpg,Downy Mildew,1
D:\CropDiseaseProject\grape_niphad\Healthy Leaves\Healthy Leaves_27.jpg,Healthy Leaves,2
D:\CropDiseaseProject\grape_niphad\Healthy Leaves\Healthy Leaves_1.jpg,Healthy Leaves,2
D:\CropDiseaseProject\grape_niphad\Downy Mildew\Downy Mildew_250.jpg,Downy Mildew,1
D:\CropDiseaseProject\grape_niphad\Downy Mildew\Downy Mildew_298.jpg,Downy Mildew,1
D:\CropDiseaseProject\grape_niphad\Healthy Leaves\Healthy Leaves_1041.jpg,Healthy Leaves,2
D:\CropDiseaseProject\grape_niphad\Downy Mildew\Downy Mildew_266.jpg,Downy Mildew,1
D:\CropDiseaseProject\grape_niphad\Healthy Leaves\Healthy Leaves_696.jpg,Healthy Leaves,2
D:\CropDiseaseProject\grape_niphad\Healthy Leaves\Healthy Leaves_1150.jpg,Healthy Leaves,2
D:\CropDiseaseProject\grape_niphad\Downy Mildew\Downy Mildew_138.jpg,Downy Mildew,1
D:\CropDiseaseProject\grape_niphad\Downy Mildew\Downy Mildew_900.jpg,Downy Mildew,1
D:\CropDiseaseProject\grape_niphad\Healthy Leaves\Healthy Leaves_961.png,Healthy Leaves,2
D:\CropDiseaseProject\grape_niphad\Downy Mildew\Downy Mildew_290.JPG,Downy Mildew,1
D:\CropDiseaseProject\grape_niphad\Downy Mildew\Downy Mildew_254.jpg,Downy Mildew,1
D:\CropDiseaseProject\grape_niphad\Bacterial Leaf Spot\Bacterial Leaf Spot_81.jpg,Bacterial Leaf Spot,0
D:\CropDiseaseProject\grape_niphad\Healthy Leaves\Healthy Leaves_671.jpg,Healthy Leaves,2
D:\CropDiseaseProject\grape_niphad\Downy Mildew\Downy Mildew_629.jpg,Downy Mildew,1
D:\CropDiseaseProject\grape_niphad\Downy Mildew\Downy Mildew_833.jpg,Downy Mildew,1
D:\CropDiseaseProject\grape_niphad\Healthy Leaves\Healthy Leaves_415.jpg,Healthy Leaves,2
D:\CropDiseaseProject\grape_niphad\Downy Mildew\Downy Mildew_572.jpg,Downy Mildew,1
D:\CropDiseaseProject\grape_niphad\Downy Mildew\Downy Mildew_381.jpg,Downy Mildew,1
D:\CropDiseaseProject\grape_niphad\Healthy Leaves\Healthy Leaves_350.jpg,Healthy Leaves,2
D:\CropDiseaseProject\grape_niphad\Powdery Mildew\Powdery Mildew_58.jpg,Powdery Mildew,3
D:\CropDiseaseProject\grape_niphad\Downy Mildew\Downy Mildew_163.jpg,Downy Mildew,1
D:\CropDiseaseProject\grape_niphad\Downy Mildew\Downy Mildew_35.jpg,Downy Mildew,1
D:\CropDiseaseProject\grape_niphad\Healthy Leaves\Healthy Leaves_959.jpg,Healthy Leaves,2
D:\CropDiseaseProject\grape_niphad\Downy Mildew\Downy Mildew_204.jpg,Downy Mildew,1
D:\CropDiseaseProject\grape_niphad\Healthy Leaves\Healthy Leaves_442.jpg,Healthy Leaves,2
D:\CropDiseaseProject\grape_niphad\Downy Mildew\Downy Mildew_151.jpg,Downy Mildew,1
D:\CropDiseaseProject\grape_niphad\Healthy Leaves\Healthy Leaves_1097.jpg,Healthy Leaves,2
D:\CropDiseaseProject\grape_niphad\Healthy Leaves\Healthy Leaves_738.jpg,Healthy Leaves,2
D:\CropDiseaseProject\grape_niphad\Healthy Leaves\Healthy Leaves_1155.jpg,Healthy Leaves,2
D:\CropDiseaseProject\grape_niphad\Healthy Leaves\Healthy Leaves_913.jpg,Healthy Leaves,2
D:\CropDiseaseProject\grape_niphad\Healthy Leaves\Healthy Leaves_544.jpg,Healthy Leaves,2
D:\CropDiseaseProject\grape_niphad\Bacterial Leaf Spot\Bacterial Leaf Spot_7.jpg,Bacterial Leaf Spot,0
D:\CropDiseaseProject\grape_niphad\Downy Mildew\Downy Mildew_460.jpg,Downy Mildew,1
D:\CropDiseaseProject\grape_niphad\Healthy Leaves\Healthy Leaves_1189.jpg,Healthy Leaves,2
D:\CropDiseaseProject\grape_niphad\Healthy Leaves\Healthy Leaves_678.jpg,Healthy Leaves,2
D:\CropDiseaseProject\grape_niphad\Bacterial Leaf Spot\Bacterial Leaf Spot_67.jpg,Bacterial Leaf Spot,0
D:\CropDiseaseProject\grape_niphad\Downy Mildew\Downy Mildew_92.jpg,Downy Mildew,1
D:\CropDiseaseProject\grape_niphad\Healthy Leaves\Healthy Leaves_1040.jpg,Healthy Leaves,2
D:\CropDiseaseProject\grape_niphad\Healthy Leaves\Healthy Leaves_705.jpg,Healthy Leaves,2
D:\CropDiseaseProject\grape_niphad\Healthy Leaves\Healthy Leaves_81.jpg,Healthy Leaves,2
D:\CropDiseaseProject\grape_niphad\Downy Mildew\Downy Mildew_719.jpg,Downy Mildew,1
D:\CropDiseaseProject\grape_niphad\Downy Mildew\Downy Mildew_634.jpg,Downy Mildew,1
D:\CropDiseaseProject\grape_niphad\Downy Mildew\Downy Mildew_401.jpg,Downy Mildew,1
D:\CropDiseaseProject\grape_niphad\Downy Mildew\Downy Mildew_148.jpg,Downy Mildew,1
D:\CropDiseaseProject\grape_niphad\Downy Mildew\Downy Mildew_114.jpg,Downy Mildew,1
D:\CropDiseaseProject\grape_niphad\Downy Mildew\Downy Mildew_323.jpg,Downy Mildew,1
D:\CropDiseaseProject\grape_niphad\Powdery Mildew\Powdery Mildew_169.jpg,Powdery Mildew,3
D:\CropDiseaseProject\grape_niphad\Downy Mildew\Downy Mildew_333.jpg,Downy Mildew,1
D:\CropDiseaseProject\grape_niphad\Healthy Leaves\Healthy Leaves_295.jpg,Healthy Leaves,2
D:\CropDiseaseProject\grape_niphad\Healthy Leaves\Healthy Leaves_215.jpg,Healthy Leaves,2
D:\CropDiseaseProject\grape_niphad\Downy Mildew\Downy Mildew_332.jpg,Downy Mildew,1
D:\CropDiseaseProject\grape_niphad\Healthy Leaves\Healthy Leaves_1004.jpg,Healthy Leaves,2
D:\CropDiseaseProject\grape_niphad\Downy Mildew\Downy Mildew_220.jpg,Downy Mildew,1
D:\CropDiseaseProject\grape_niphad\Downy Mildew\Downy Mildew_844.jpg,Downy Mildew,1
D:\CropDiseaseProject\grape_niphad\Downy Mildew\Downy Mildew_173.jpg,Downy Mildew,1
D:\CropDiseaseProject\grape_niphad\Bacterial Leaf Spot\Bacterial Leaf Spot_51.jpg,Bacterial Leaf Spot,0
D:\CropDiseaseProject\grape_niphad\Healthy Leaves\Healthy Leaves_159.jpg,Healthy Leaves,2
D:\CropDiseaseProject\grape_niphad\Downy Mildew\Downy Mildew_762.jpg,Downy Mildew,1
D:\CropDiseaseProject\grape_niphad\Downy Mildew\Downy Mildew_911.jpg,Downy Mildew,1
D:\CropDiseaseProject\grape_niphad\Powdery Mildew\Powdery Mildew_101.jpg,Powdery Mildew,3
D:\CropDiseaseProject\grape_niphad\Downy Mildew\Downy Mildew_737.jpg,Downy Mildew,1
D:\CropDiseaseProject\grape_niphad\Powdery Mildew\Powdery Mildew_300.jpg,Powdery Mildew,3
D:\CropDiseaseProject\grape_niphad\Downy Mildew\Downy Mildew_732.jpg,Downy Mildew,1
D:\CropDiseaseProject\grape_niphad\Healthy Leaves\Healthy Leaves_359.jpg,Healthy Leaves,2
D:\CropDiseaseProject\grape_niphad\Downy Mildew\Downy Mildew_799.jpg,Downy Mildew,1
D:\CropDiseaseProject\grape_niphad\Downy Mildew\Downy Mildew_508.jpg,Downy Mildew,1
D:\CropDiseaseProject\grape_niphad\Healthy Leaves\Healthy Leaves_348.jpg,Healthy Leaves,2
D:\CropDiseaseProject\grape_niphad\Powdery Mildew\Powdery Mildew_59.jpg,Powdery Mildew,3
D:\CropDiseaseProject\grape_niphad\Downy Mildew\Downy Mildew_526.jpg,Downy Mildew,1
D:\CropDiseaseProject\grape_niphad\Downy Mildew\Downy Mildew_510.jpg,Downy Mildew,1
D:\CropDiseaseProject\grape_niphad\Healthy Leaves\Healthy Leaves_161.jpg,Healthy Leaves,2
D:\CropDiseaseProject\grape_niphad\Downy Mildew\Downy Mildew_178.jpg,Downy Mildew,1
D:\CropDiseaseProject\grape_niphad\Powdery Mildew\Powdery Mildew_336.jpg,Powdery Mildew,3
D:\CropDiseaseProject\grape_niphad\Healthy Leaves\Healthy Leaves_846.jpg,Healthy Leaves,2
D:\CropDiseaseProject\grape_niphad\Healthy Leaves\Healthy Leaves_80.png,Healthy Leaves,2
D:\CropDiseaseProject\grape_niphad\Healthy Leaves\Healthy Leaves_301.jpg,Healthy Leaves,2
D:\CropDiseaseProject\grape_niphad\Bacterial Leaf Spot\Bacterial Leaf Spot_89.png,Bacterial Leaf Spot,0
D:\CropDiseaseProject\grape_niphad\Healthy Leaves\Healthy Leaves_691.jpg,Healthy Leaves,2
D:\CropDiseaseProject\grape_niphad\Healthy Leaves\Healthy Leaves_565.jpg,Healthy Leaves,2
D:\CropDiseaseProject\grape_niphad\Powdery Mildew\Powdery Mildew_108.jpg,Powdery Mildew,3
D:\CropDiseaseProject\grape_niphad\Healthy Leaves\Healthy Leaves_131.jpg,Healthy Leaves,2
D:\CropDiseaseProject\grape_niphad\Healthy Leaves\Healthy Leaves_265.jpg,Healthy Leaves,2
D:\CropDiseaseProject\grape_niphad\Downy Mildew\Downy Mildew_453.jpg,Downy Mildew,1
D:\CropDiseaseProject\grape_niphad\Downy Mildew\Downy Mildew_550.jpg,Downy Mildew,1
D:\CropDiseaseProject\grape_niphad\Healthy Leaves\Healthy Leaves_190.jpg,Healthy Leaves,2
D:\CropDiseaseProject\grape_niphad\Healthy Leaves\Healthy Leaves_1068.jpg,Healthy Leaves,2
D:\CropDiseaseProject\grape_niphad\Powdery Mildew\Powdery Mildew_182.jpg,Powdery Mildew,3
D:\CropDiseaseProject\grape_niphad\Downy Mildew\Downy Mildew_573.jpg,Downy Mildew,1
D:\CropDiseaseProject\grape_niphad\Downy Mildew\Downy Mildew_857.jpg,Downy Mildew,1
D:\CropDiseaseProject\grape_niphad\Healthy Leaves\Healthy Leaves_96.jpg,Healthy Leaves,2
D:\CropDiseaseProject\grape_niphad\Downy Mildew\Downy Mildew_107.jpg,Downy Mildew,1
D:\CropDiseaseProject\grape_niphad\Powdery Mildew\Powdery Mildew_355.jpg,Powdery Mildew,3
D:\CropDiseaseProject\grape_niphad\Bacterial Leaf Spot\Bacterial Leaf Spot_15.jpg,Bacterial Leaf Spot,0
D:\CropDiseaseProject\grape_niphad\Healthy Leaves\Healthy Leaves_62.jpg,Healthy Leaves,2
D:\CropDiseaseProject\grape_niphad\Bacterial Leaf Spot\Bacterial Leaf Spot_96.png,Bacterial Leaf Spot,0
D:\CropDiseaseProject\grape_niphad\Healthy Leaves\Healthy Leaves_1139.jpg,Healthy Leaves,2
D:\CropDiseaseProject\grape_niphad\Downy Mildew\Downy Mildew_561.jpg,Downy Mildew,1
D:\CropDiseaseProject\grape_niphad\Healthy Leaves\Healthy Leaves_1237.jpg,Healthy Leaves,2
D:\CropDiseaseProject\grape_niphad\Powdery Mildew\Powdery Mildew_289.jpg,Powdery Mildew,3
D:\CropDiseaseProject\grape_niphad\Downy Mildew\Downy Mildew_455.jpg,Downy Mildew,1
D:\CropDiseaseProject\grape_niphad\Downy Mildew\Downy Mildew_942.jpg,Downy Mildew,1
D:\CropDiseaseProject\grape_niphad\Healthy Leaves\Healthy Leaves_475.jpg,Healthy Leaves,2
D:\CropDiseaseProject\grape_niphad\Downy Mildew\Downy Mildew_154.jpg,Downy Mildew,1
D:\CropDiseaseProject\grape_niphad\Downy Mildew\Downy Mildew_841.jpg,Downy Mildew,1
D:\CropDiseaseProject\grape_niphad\Healthy Leaves\Healthy Leaves_94.jpg,Healthy Leaves,2
D:\CropDiseaseProject\grape_niphad\Downy Mildew\Downy Mildew_38.jpg,Downy Mildew,1
D:\CropDiseaseProject\grape_niphad\Healthy Leaves\Healthy Leaves_72.jpg,Healthy Leaves,2
D:\CropDiseaseProject\grape_niphad\Powdery Mildew\Powdery Mildew_237.jpg,Powdery Mildew,3
D:\CropDiseaseProject\grape_niphad\Downy Mildew\Downy Mildew_897.jpg,Downy Mildew,1
D:\CropDiseaseProject\grape_niphad\Healthy Leaves\Healthy Leaves_188.jpg,Healthy Leaves,2
D:\CropDiseaseProject\grape_niphad\Downy Mildew\Downy Mildew_792.jpg,Downy Mildew,1
D:\CropDiseaseProject\grape_niphad\Downy Mildew\Downy Mildew_276.jpg,Downy Mildew,1
D:\CropDiseaseProject\grape_niphad\Downy Mildew\Downy Mildew_940.jpg,Downy Mildew,1
D:\CropDiseaseProject\grape_niphad\Downy Mildew\Downy Mildew_283.jpg,Downy Mildew,1
D:\CropDiseaseProject\grape_niphad\Healthy Leaves\Healthy Leaves_244.jpg,Healthy Leaves,2
D:\CropDiseaseProject\grape_niphad\Downy Mildew\Downy Mildew_450.jpg,Downy Mildew,1
D:\CropDiseaseProject\grape_niphad\Downy Mildew\Downy Mildew_588.jpg,Downy Mildew,1
D:\CropDiseaseProject\grape_niphad\Healthy Leaves\Healthy Leaves_593.jpg,Healthy Leaves,2
D:\CropDiseaseProject\grape_niphad\Powdery Mildew\Powdery Mildew_233.jpg,Powdery Mildew,3
D:\CropDiseaseProject\grape_niphad\Healthy Leaves\Healthy Leaves_149.png,Healthy Leaves,2
D:\CropDiseaseProject\grape_niphad\Healthy Leaves\Healthy Leaves_21.jpg,Healthy Leaves,2
D:\CropDiseaseProject\grape_niphad\Healthy Leaves\Healthy Leaves_1218.jpg,Healthy Leaves,2
D:\CropDiseaseProject\grape_niphad\Healthy Leaves\Healthy Leaves_48.jpg,Healthy Leaves,2
D:\CropDiseaseProject\grape_niphad\Bacterial Leaf Spot\Bacterial Leaf Spot_59.jpg,Bacterial Leaf Spot,0
D:\CropDiseaseProject\grape_niphad\Downy Mildew\Downy Mildew_767.jpg,Downy Mildew,1
D:\CropDiseaseProject\grape_niphad\Downy Mildew\Downy Mildew_265.jpg,Downy Mildew,1
D:\CropDiseaseProject\grape_niphad\Powdery Mildew\Powdery Mildew_178.jpg,Powdery Mildew,3
D:\CropDiseaseProject\grape_niphad\Downy Mildew\Downy Mildew_492.jpg,Downy Mildew,1
D:\CropDiseaseProject\grape_niphad\Healthy Leaves\Healthy Leaves_413.jpg,Healthy Leaves,2
D:\CropDiseaseProject\grape_niphad\Downy Mildew\Downy Mildew_579.jpg,Downy Mildew,1
D:\CropDiseaseProject\grape_niphad\Powdery Mildew\Powdery Mildew_217.jpg,Powdery Mildew,3
D:\CropDiseaseProject\grape_niphad\Powdery Mildew\Powdery Mildew_20.jpg,Powdery Mildew,3
D:\CropDiseaseProject\grape_niphad\Downy Mildew\Downy Mildew_318.jpg,Downy Mildew,1
D:\CropDiseaseProject\grape_niphad\Healthy Leaves\Healthy Leaves_346.jpg,Healthy Leaves,2
D:\CropDiseaseProject\grape_niphad\Powdery Mildew\Powdery Mildew_148.jpg,Powdery Mildew,3
D:\CropDiseaseProject\grape_niphad\Healthy Leaves\Healthy Leaves_975.jpg,Healthy Leaves,2
D:\CropDiseaseProject\grape_niphad\Healthy Leaves\Healthy Leaves_17.jpg,Healthy Leaves,2
D:\CropDiseaseProject\grape_niphad\Healthy Leaves\Healthy Leaves_953.jpg,Healthy Leaves,2
D:\CropDiseaseProject\grape_niphad\Powdery Mildew\Powdery Mildew_256.jpg,Powdery Mildew,3
D:\CropDiseaseProject\grape_niphad\Downy Mildew\Downy Mildew_500.jpg,Downy Mildew,1
D:\CropDiseaseProject\grape_niphad\Healthy Leaves\Healthy Leaves_655.jpg,Healthy Leaves,2
D:\CropDiseaseProject\grape_niphad\Downy Mildew\Downy Mildew_716.jpg,Downy Mildew,1
D:\CropDiseaseProject\grape_niphad\Healthy Leaves\Healthy Leaves_892.jpg,Healthy Leaves,2
D:\CropDiseaseProject\grape_niphad\Healthy Leaves\Healthy Leaves_566.jpg,Healthy Leaves,2
D:\CropDiseaseProject\grape_niphad\Downy Mildew\Downy Mildew_778.jpg,Downy Mildew,1
D:\CropDiseaseProject\grape_niphad\Downy Mildew\Downy Mildew_312.jpg,Downy Mildew,1
D:\CropDiseaseProject\grape_niphad\Healthy Leaves\Healthy Leaves_395.jpg,Healthy Leaves,2
D:\CropDiseaseProject\grape_niphad\Healthy Leaves\Healthy Leaves_968.jpg,Healthy Leaves,2
D:\CropDiseaseProject\grape_niphad\Healthy Leaves\Healthy Leaves_740.jpg,Healthy Leaves,2
D:\CropDiseaseProject\grape_niphad\Downy Mildew\Downy Mildew_66.jpg,Downy Mildew,1
D:\CropDiseaseProject\grape_niphad\Downy Mildew\Downy Mildew_927.jpg,Downy Mildew,1
D:\CropDiseaseProject\grape_niphad\Powdery Mildew\Powdery Mildew_40.jpg,Powdery Mildew,3
D:\CropDiseaseProject\grape_niphad\Powdery Mildew\Powdery Mildew_360.jpg,Powdery Mildew,3
D:\CropDiseaseProject\grape_niphad\Healthy Leaves\Healthy Leaves_709.jpg,Healthy Leaves,2
D:\CropDiseaseProject\grape_niphad\Powdery Mildew\Powdery Mildew_183.jpg,Powdery Mildew,3
D:\CropDiseaseProject\grape_niphad\Healthy Leaves\Healthy Leaves_476.jpg,Healthy Leaves,2
D:\CropDiseaseProject\grape_niphad\Healthy Leaves\Healthy Leaves_396.jpg,Healthy Leaves,2
D:\CropDiseaseProject\grape_niphad\Downy Mildew\Downy Mildew_582.jpg,Downy Mildew,1
D:\CropDiseaseProject\grape_niphad\Downy Mildew\Downy Mildew_668.jpg,Downy Mildew,1
D:\CropDiseaseProject\grape_niphad\Powdery Mildew\Powdery Mildew_401.JPG,Powdery Mildew,3
D:\CropDiseaseProject\grape_niphad\Powdery Mildew\Powdery Mildew_354.jpg,Powdery Mildew,3
D:\CropDiseaseProject\grape_niphad\Powdery Mildew\Powdery Mildew_363.jpg,Powdery Mildew,3
D:\CropDiseaseProject\grape_niphad\Healthy Leaves\Healthy Leaves_774.jpg,Healthy Leaves,2
D:\CropDiseaseProject\grape_niphad\Healthy Leaves\Healthy Leaves_288.jpg,Healthy Leaves,2
D:\CropDiseaseProject\grape_niphad\Downy Mildew\Downy Mildew_474.jpg,Downy Mildew,1
D:\CropDiseaseProject\grape_niphad\Downy Mildew\Downy Mildew_549.jpg,Downy Mildew,1
D:\CropDiseaseProject\grape_niphad\Powdery Mildew\Powdery Mildew_272.jpg,Powdery Mildew,3
D:\CropDiseaseProject\grape_niphad\Downy Mildew\Downy Mildew_581.jpg,Downy Mildew,1
D:\CropDiseaseProject\grape_niphad\Healthy Leaves\Healthy Leaves_108.jpg,Healthy Leaves,2
D:\CropDiseaseProject\grape_niphad\Healthy Leaves\Healthy Leaves_470.jpg,Healthy Leaves,2
D:\CropDiseaseProject\grape_niphad\Healthy Leaves\Healthy Leaves_699.jpg,Healthy Leaves,2
D:\CropDiseaseProject\grape_niphad\Downy Mildew\Downy Mildew_536.jpg,Downy Mildew,1
D:\CropDiseaseProject\grape_niphad\Downy Mildew\Downy Mildew_745.jpg,Downy Mildew,1
D:\CropDiseaseProject\grape_niphad\Healthy Leaves\Healthy Leaves_1214.jpg,Healthy Leaves,2
D:\CropDiseaseProject\grape_niphad\Healthy Leaves\Healthy Leaves_1207.jpg,Healthy Leaves,2
D:\CropDiseaseProject\grape_niphad\Healthy Leaves\Healthy Leaves_747.jpg,Healthy Leaves,2
D:\CropDiseaseProject\grape_niphad\Downy Mildew\Downy Mildew_91.jpg,Downy Mildew,1
D:\CropDiseaseProject\grape_niphad\Downy Mildew\Downy Mildew_743.jpg,Downy Mildew,1
D:\CropDiseaseProject\grape_niphad\Healthy Leaves\Healthy Leaves_945.jpg,Healthy Leaves,2
D:\CropDiseaseProject\grape_niphad\Powdery Mildew\Powdery Mildew_167.jpg,Powdery Mildew,3
D:\CropDiseaseProject\grape_niphad\Healthy Leaves\Healthy Leaves_360.jpg,Healthy Leaves,2
D:\CropDiseaseProject\grape_niphad\Healthy Leaves\Healthy Leaves_969.jpg,Healthy Leaves,2
D:\CropDiseaseProject\grape_niphad\Healthy Leaves\Healthy Leaves_389.jpg,Healthy Leaves,2
D:\CropDiseaseProject\grape_niphad\Downy Mildew\Downy Mildew_484.jpg,Downy Mildew,1
D:\CropDiseaseProject\grape_niphad\Healthy Leaves\Healthy Leaves_710.jpg,Healthy Leaves,2
D:\CropDiseaseProject\grape_niphad\Powdery Mildew\Powdery Mildew_231.jpg,Powdery Mildew,3
D:\CropDiseaseProject\grape_niphad\Downy Mildew\Downy Mildew_525.jpg,Downy Mildew,1
D:\CropDiseaseProject\grape_niphad\Healthy Leaves\Healthy Leaves_1092.jpg,Healthy Leaves,2
D:\CropDiseaseProject\grape_niphad\Healthy Leaves\Healthy Leaves_495.jpg,Healthy Leaves,2
D:\CropDiseaseProject\grape_niphad\Powdery Mildew\Powdery Mildew_317.jpg,Powdery Mildew,3
D:\CropDiseaseProject\grape_niphad\Downy Mildew\Downy Mildew_914.jpg,Downy Mildew,1
D:\CropDiseaseProject\grape_niphad\Healthy Leaves\Healthy Leaves_603.jpg,Healthy Leaves,2
D:\CropDiseaseProject\grape_niphad\Healthy Leaves\Healthy Leaves_844.jpg,Healthy Leaves,2
D:\CropDiseaseProject\grape_niphad\Downy Mildew\Downy Mildew_400.jpg,Downy Mildew,1
D:\CropDiseaseProject\grape_niphad\Healthy Leaves\Healthy Leaves_479.jpg,Healthy Leaves,2
D:\CropDiseaseProject\grape_niphad\Healthy Leaves\Healthy Leaves_949.jpg,Healthy Leaves,2
D:\CropDiseaseProject\grape_niphad\Healthy Leaves\Healthy Leaves_1147.jpg,Healthy Leaves,2
D:\CropDiseaseProject\grape_niphad\Downy Mildew\Downy Mildew_862.jpg,Downy Mildew,1
D:\CropDiseaseProject\grape_niphad\Downy Mildew\Downy Mildew_797.jpg,Downy Mildew,1
D:\CropDiseaseProject\grape_niphad\Healthy Leaves\Healthy Leaves_201.jpg,Healthy Leaves,2
D:\CropDiseaseProject\grape_niphad\Powdery Mildew\Powdery Mildew_98.jpg,Powdery Mildew,3
D:\CropDiseaseProject\grape_niphad\Healthy Leaves\Healthy Leaves_73.jpg,Healthy Leaves,2
D:\CropDiseaseProject\grape_niphad\Downy Mildew\Downy Mildew_414.jpg,Downy Mildew,1
D:\CropDiseaseProject\grape_niphad\Downy Mildew\Downy Mildew_798.jpg,Downy Mildew,1
D:\CropDiseaseProject\grape_niphad\Downy Mildew\Downy Mildew_499.jpg,Downy Mildew,1
D:\CropDiseaseProject\grape_niphad\Healthy Leaves\Healthy Leaves_827.jpg,Healthy Leaves,2
D:\CropDiseaseProject\grape_niphad\Healthy Leaves\Healthy Leaves_615.jpg,Healthy Leaves,2
D:\CropDiseaseProject\grape_niphad\Bacterial Leaf Spot\Bacterial Leaf Spot_65.jpg,Bacterial Leaf Spot,0
D:\CropDiseaseProject\grape_niphad\Powdery Mildew\Powdery Mildew_35.jpg,Powdery Mildew,3
D:\CropDiseaseProject\grape_niphad\Healthy Leaves\Healthy Leaves_449.jpg,Healthy Leaves,2
D:\CropDiseaseProject\grape_niphad\Downy Mildew\Downy Mildew_57.jpg,Downy Mildew,1
D:\CropDiseaseProject\grape_niphad\Healthy Leaves\Healthy Leaves_1209.jpg,Healthy Leaves,2
D:\CropDiseaseProject\grape_niphad\Healthy Leaves\Healthy Leaves_1055.jpg,Healthy Leaves,2
D:\CropDiseaseProject\grape_niphad\Downy Mildew\Downy Mildew_104.jpg,Downy Mildew,1
D:\CropDiseaseProject\grape_niphad\Healthy Leaves\Healthy Leaves_661.jpg,Healthy Leaves,2
D:\CropDiseaseProject\grape_niphad\Healthy Leaves\Healthy Leaves_69.jpg,Healthy Leaves,2
D:\CropDiseaseProject\grape_niphad\Downy Mildew\Downy Mildew_208.jpg,Downy Mildew,1
D:\CropDiseaseProject\grape_niphad\Powdery Mildew\Powdery Mildew_364.jpg,Powdery Mildew,3
D:\CropDiseaseProject\grape_niphad\Downy Mildew\Downy Mildew_233.jpg,Downy Mildew,1
D:\CropDiseaseProject\grape_niphad\Powdery Mildew\Powdery Mildew_140.jpg,Powdery Mildew,3
D:\CropDiseaseProject\grape_niphad\Downy Mildew\Downy Mildew_463.jpg,Downy Mildew,1
D:\CropDiseaseProject\grape_niphad\Powdery Mildew\Powdery Mildew_107.jpg,Powdery Mildew,3
D:\CropDiseaseProject\grape_niphad\Powdery Mildew\Powdery Mildew_366.jpg,Powdery Mildew,3
D:\CropDiseaseProject\grape_niphad\Powdery Mildew\Powdery Mildew_322.jpg,Powdery Mildew,3
D:\CropDiseaseProject\grape_niphad\Healthy Leaves\Healthy Leaves_281.jpg,Healthy Leaves,2
D:\CropDiseaseProject\grape_niphad\Powdery Mildew\Powdery Mildew_111.jpg,Powdery Mildew,3
