bin_index,bin_lower,bin_upper,bin_center,sample_count,accuracy,mean_confidence,calibration_gap,model_name,crop,subset_name,is_calibrated
1,0.0,0.1,0.05,0,0.0,0.0,0.0,Tomato,Tomato,validation,False
2,0.1,0.2,0.15000000000000002,0,0.0,0.0,0.0,Tomato,Tomato,validation,False
3,0.2,0.30000000000000004,0.25,6,0.5,0.2821045219898224,0.2178954780101776,Tomato,Tomato,validation,False
4,0.30000000000000004,0.4,0.35000000000000003,27,0.37037035822868347,0.36066576838493347,0.00970458984375,Tomato,Tomato,validation,False
5,0.4,0.5,0.45,74,0.4324324429035187,0.459574818611145,0.027142375707626343,Tomato,Tomato,validation,False
6,0.5,0.6000000000000001,0.55,90,0.644444465637207,0.5520447492599487,0.0923997163772583,Tomato,Tomato,validation,False
7,0.6000000000000001,0.7000000000000001,0.6500000000000001,116,0.7155172228813171,0.6481703519821167,0.06734687089920044,Tomato,Tomato,validation,False
8,0.7000000000000001,0.8,0.75,120,0.8083333373069763,0.7506312727928162,0.057702064514160156,Tomato,Tomato,validation,False
9,0.8,0.9,0.8500000000000001,218,0.8899082541465759,0.8560851216316223,0.03382313251495361,Tomato,Tomato,validation,False
10,0.9,1.0,0.95,1528,0.9869109988212585,0.984102725982666,0.0028082728385925293,Tomato,Tomato,validation,False
1,0.0,0.1,0.05,0,0.0,0.0,0.0,Tomato,Tomato,validation,True
2,0.1,0.2,0.15000000000000002,0,0.0,0.0,0.0,Tomato,Tomato,validation,True
3,0.2,0.30000000000000004,0.25,4,0.25,0.28354936838150024,0.033549368381500244,Tomato,Tomato,validation,True
4,0.30000000000000004,0.4,0.35000000000000003,24,0.4166666567325592,0.3589158058166504,0.057750850915908813,Tomato,Tomato,validation,True
5,0.4,0.5,0.45,64,0.390625,0.45987826585769653,0.06925326585769653,Tomato,Tomato,validation,True
6,0.5,0.6000000000000001,0.55,86,0.6162790656089783,0.5484715700149536,0.06780749559402466,Tomato,Tomato,validation,True
7,0.6000000000000001,0.7000000000000001,0.6500000000000001,111,0.7477477192878723,0.6497066617012024,0.09804105758666992,Tomato,Tomato,validation,True
8,0.7000000000000001,0.8,0.75,117,0.752136766910553,0.7530058026313782,0.0008690357208251953,Tomato,Tomato,validation,True
9,0.8,0.9,0.8500000000000001,190,0.878947377204895,0.8591699004173279,0.01977747678756714,Tomato,Tomato,validation,True
10,0.9,1.0,0.95,1583,0.9842072129249573,0.9851651191711426,0.0009579062461853027,Tomato,Tomato,validation,True
1,0.0,0.1,0.05,0,0.0,0.0,0.0,Tomato,Tomato,internal_test,False
2,0.1,0.2,0.15000000000000002,0,0.0,0.0,0.0,Tomato,Tomato,internal_test,False
3,0.2,0.30000000000000004,0.25,7,0.1428571492433548,0.2806454300880432,0.13778828084468842,Tomato,Tomato,internal_test,False
4,0.30000000000000004,0.4,0.35000000000000003,19,0.42105263471603394,0.35256680846214294,0.06848582625389099,Tomato,Tomato,internal_test,False
5,0.4,0.5,0.45,59,0.508474588394165,0.4570629894733429,0.051411598920822144,Tomato,Tomato,internal_test,False
6,0.5,0.6000000000000001,0.55,109,0.5779816508293152,0.5495008230209351,0.028480827808380127,Tomato,Tomato,internal_test,False
7,0.6000000000000001,0.7000000000000001,0.6500000000000001,119,0.6134454011917114,0.6509214043617249,0.03747600317001343,Tomato,Tomato,internal_test,False
8,0.7000000000000001,0.8,0.75,134,0.8059701323509216,0.7548233866691589,0.051146745681762695,Tomato,Tomato,internal_test,False
9,0.8,0.9,0.8500000000000001,207,0.8695651888847351,0.8591161370277405,0.010449051856994629,Tomato,Tomato,internal_test,False
10,0.9,1.0,0.95,1526,0.9855832457542419,0.9835622906684875,0.0020209550857543945,Tomato,Tomato,internal_test,False
1,0.0,0.1,0.05,0,0.0,0.0,0.0,Tomato,Tomato,internal_test,True
2,0.1,0.2,0.15000000000000002,0,0.0,0.0,0.0,Tomato,Tomato,internal_test,True
3,0.2,0.30000000000000004,0.25,5,0.0,0.2830646336078644,0.2830646336078644,Tomato,Tomato,internal_test,True
4,0.30000000000000004,0.4,0.35000000000000003,21,0.4285714328289032,0.35614311695098877,0.07242831587791443,Tomato,Tomato,internal_test,True
5,0.4,0.5,0.45,48,0.5,0.46404361724853516,0.035956382751464844,Tomato,Tomato,internal_test,True
6,0.5,0.6000000000000001,0.55,102,0.5490196347236633,0.5505905747413635,0.0015709400177001953,Tomato,Tomato,internal_test,True
7,0.6000000000000001,0.7000000000000001,0.6500000000000001,110,0.6454545259475708,0.6530374884605408,0.007582962512969971,Tomato,Tomato,internal_test,True
8,0.7000000000000001,0.8,0.75,120,0.7333333492279053,0.7532156705856323,0.01988232135772705,Tomato,Tomato,internal_test,True
9,0.8,0.9,0.8500000000000001,186,0.8548387289047241,0.8548682332038879,2.950429916381836e-05,Tomato,Tomato,internal_test,True
10,0.9,1.0,0.95,1588,0.982367753982544,0.9845016598701477,0.0021339058876037598,Tomato,Tomato,internal_test,True
1,0.0,0.1,0.05,0,0.0,0.0,0.0,Tomato,Tomato,validation,False
2,0.1,0.2,0.15000000000000002,0,0.0,0.0,0.0,Tomato,Tomato,validation,False
3,0.2,0.30000000000000004,0.25,6,0.5,0.2821045219898224,0.2178954780101776,Tomato,Tomato,validation,False
4,0.30000000000000004,0.4,0.35000000000000003,27,0.37037035822868347,0.36066576838493347,0.00970458984375,Tomato,Tomato,validation,False
5,0.4,0.5,0.45,74,0.4324324429035187,0.459574818611145,0.027142375707626343,Tomato,Tomato,validation,False
6,0.5,0.6000000000000001,0.55,90,0.644444465637207,0.5520447492599487,0.0923997163772583,Tomato,Tomato,validation,False
7,0.6000000000000001,0.7000000000000001,0.6500000000000001,116,0.7155172228813171,0.6481703519821167,0.06734687089920044,Tomato,Tomato,validation,False
8,0.7000000000000001,0.8,0.75,120,0.8083333373069763,0.7506312727928162,0.057702064514160156,Tomato,Tomato,validation,False
9,0.8,0.9,0.8500000000000001,218,0.8899082541465759,0.8560851216316223,0.03382313251495361,Tomato,Tomato,validation,False
10,0.9,1.0,0.95,1528,0.9869109988212585,0.984102725982666,0.0028082728385925293,Tomato,Tomato,validation,False
1,0.0,0.1,0.05,0,0.0,0.0,0.0,Tomato,Tomato,validation,True
2,0.1,0.2,0.15000000000000002,0,0.0,0.0,0.0,Tomato,Tomato,validation,True
3,0.2,0.30000000000000004,0.25,4,0.25,0.28354936838150024,0.033549368381500244,Tomato,Tomato,validation,True
4,0.30000000000000004,0.4,0.35000000000000003,24,0.4166666567325592,0.3589158058166504,0.057750850915908813,Tomato,Tomato,validation,True
5,0.4,0.5,0.45,64,0.390625,0.45987826585769653,0.06925326585769653,Tomato,Tomato,validation,True
6,0.5,0.6000000000000001,0.55,86,0.6162790656089783,0.5484715700149536,0.06780749559402466,Tomato,Tomato,validation,True
7,0.6000000000000001,0.7000000000000001,0.6500000000000001,111,0.7477477192878723,0.6497066617012024,0.09804105758666992,Tomato,Tomato,validation,True
8,0.7000000000000001,0.8,0.75,117,0.752136766910553,0.7530058026313782,0.0008690357208251953,Tomato,Tomato,validation,True
9,0.8,0.9,0.8500000000000001,190,0.878947377204895,0.8591699004173279,0.01977747678756714,Tomato,Tomato,validation,True
10,0.9,1.0,0.95,1583,0.9842072129249573,0.9851651191711426,0.0009579062461853027,Tomato,Tomato,validation,True
1,0.0,0.1,0.05,0,0.0,0.0,0.0,Tomato,Tomato,internal_test,False
2,0.1,0.2,0.15000000000000002,0,0.0,0.0,0.0,Tomato,Tomato,internal_test,False
3,0.2,0.30000000000000004,0.25,7,0.1428571492433548,0.2806454300880432,0.13778828084468842,Tomato,Tomato,internal_test,False
4,0.30000000000000004,0.4,0.35000000000000003,19,0.42105263471603394,0.35256680846214294,0.06848582625389099,Tomato,Tomato,internal_test,False
5,0.4,0.5,0.45,59,0.508474588394165,0.4570629894733429,0.051411598920822144,Tomato,Tomato,internal_test,False
6,0.5,0.6000000000000001,0.55,109,0.5779816508293152,0.5495008230209351,0.028480827808380127,Tomato,Tomato,internal_test,False
7,0.6000000000000001,0.7000000000000001,0.6500000000000001,119,0.6134454011917114,0.6509214043617249,0.03747600317001343,Tomato,Tomato,internal_test,False
8,0.7000000000000001,0.8,0.75,134,0.8059701323509216,0.7548233866691589,0.051146745681762695,Tomato,Tomato,internal_test,False
9,0.8,0.9,0.8500000000000001,207,0.8695651888847351,0.8591161370277405,0.010449051856994629,Tomato,Tomato,internal_test,False
10,0.9,1.0,0.95,1526,0.9855832457542419,0.9835622906684875,0.0020209550857543945,Tomato,Tomato,internal_test,False
1,0.0,0.1,0.05,0,0.0,0.0,0.0,Tomato,Tomato,internal_test,True
2,0.1,0.2,0.15000000000000002,0,0.0,0.0,0.0,Tomato,Tomato,internal_test,True
3,0.2,0.30000000000000004,0.25,5,0.0,0.2830646336078644,0.2830646336078644,Tomato,Tomato,internal_test,True
4,0.30000000000000004,0.4,0.35000000000000003,21,0.4285714328289032,0.35614311695098877,0.07242831587791443,Tomato,Tomato,internal_test,True
5,0.4,0.5,0.45,48,0.5,0.46404361724853516,0.035956382751464844,Tomato,Tomato,internal_test,True
6,0.5,0.6000000000000001,0.55,102,0.5490196347236633,0.5505905747413635,0.0015709400177001953,Tomato,Tomato,internal_test,True
7,0.6000000000000001,0.7000000000000001,0.6500000000000001,110,0.6454545259475708,0.6530374884605408,0.007582962512969971,Tomato,Tomato,internal_test,True
8,0.7000000000000001,0.8,0.75,120,0.7333333492279053,0.7532156705856323,0.01988232135772705,Tomato,Tomato,internal_test,True
9,0.8,0.9,0.8500000000000001,186,0.8548387289047241,0.8548682332038879,2.950429916381836e-05,Tomato,Tomato,internal_test,True
10,0.9,1.0,0.95,1588,0.982367753982544,0.9845016598701477,0.0021339058876037598,Tomato,Tomato,internal_test,True
1,0.0,0.1,0.05,0,0.0,0.0,0.0,Tomato,Tomato,track_a_internal,False
2,0.1,0.2,0.15000000000000002,0,0.0,0.0,0.0,Tomato,Tomato,track_a_internal,False
3,0.2,0.30000000000000004,0.25,2,0.0,0.2657133936882019,0.2657133936882019,Tomato,Tomato,track_a_internal,False
4,0.30000000000000004,0.4,0.35000000000000003,5,0.0,0.3382960259914398,0.3382960259914398,Tomato,Tomato,track_a_internal,False
5,0.4,0.5,0.45,10,0.4000000059604645,0.45579537749290466,0.055795371532440186,Tomato,Tomato,track_a_internal,False
6,0.5,0.6000000000000001,0.55,16,0.6875,0.5476745367050171,0.1398254632949829,Tomato,Tomato,track_a_internal,False
7,0.6000000000000001,0.7000000000000001,0.6500000000000001,23,0.6086956262588501,0.651499330997467,0.04280370473861694,Tomato,Tomato,track_a_internal,False
8,0.7000000000000001,0.8,0.75,23,0.739130437374115,0.7470987439155579,0.007968306541442871,Tomato,Tomato,track_a_internal,False
9,0.8,0.9,0.8500000000000001,28,0.8571428656578064,0.8590901494026184,0.0019472837448120117,Tomato,Tomato,track_a_internal,False
10,0.9,1.0,0.95,193,0.9740932583808899,0.9804683327674866,0.00637507438659668,Tomato,Tomato,track_a_internal,False
1,0.0,0.1,0.05,0,0.0,0.0,0.0,Tomato,Tomato,track_a_internal,True
2,0.1,0.2,0.15000000000000002,0,0.0,0.0,0.0,Tomato,Tomato,track_a_internal,True
3,0.2,0.30000000000000004,0.25,2,0.0,0.27289843559265137,0.27289843559265137,Tomato,Tomato,track_a_internal,True
4,0.30000000000000004,0.4,0.35000000000000003,5,0.0,0.34854787588119507,0.34854787588119507,Tomato,Tomato,track_a_internal,True
5,0.4,0.5,0.45,9,0.4444444477558136,0.4683555066585541,0.02391105890274048,Tomato,Tomato,track_a_internal,True
6,0.5,0.6000000000000001,0.55,15,0.6666666865348816,0.553721010684967,0.11294567584991455,Tomato,Tomato,track_a_internal,True
7,0.6000000000000001,0.7000000000000001,0.6500000000000001,21,0.5714285969734192,0.6621027588844299,0.09067416191101074,Tomato,Tomato,track_a_internal,True
8,0.7000000000000001,0.8,0.75,22,0.7727272510528564,0.7520502209663391,0.020677030086517334,Tomato,Tomato,track_a_internal,True
9,0.8,0.9,0.8500000000000001,25,0.7599999904632568,0.8574397563934326,0.09743976593017578,Tomato,Tomato,track_a_internal,True
10,0.9,1.0,0.95,201,0.9751243591308594,0.9821941256523132,0.007069766521453857,Tomato,Tomato,track_a_internal,True
1,0.0,0.1,0.05,0,0.0,0.0,0.0,Tomato,Tomato,track_b_external,False
2,0.1,0.2,0.15000000000000002,0,0.0,0.0,0.0,Tomato,Tomato,track_b_external,False
3,0.2,0.30000000000000004,0.25,0,0.0,0.0,0.0,Tomato,Tomato,track_b_external,False
4,0.30000000000000004,0.4,0.35000000000000003,1,0.0,0.39245662093162537,0.39245662093162537,Tomato,Tomato,track_b_external,False
5,0.4,0.5,0.45,11,0.0,0.4710198640823364,0.4710198640823364,Tomato,Tomato,track_b_external,False
6,0.5,0.6000000000000001,0.55,23,0.1304347813129425,0.5428479909896851,0.41241320967674255,Tomato,Tomato,track_b_external,False
7,0.6000000000000001,0.7000000000000001,0.6500000000000001,29,0.17241379618644714,0.64914470911026,0.47673091292381287,Tomato,Tomato,track_b_external,False
8,0.7000000000000001,0.8,0.75,37,0.054054055362939835,0.7489873170852661,0.6949332617223263,Tomato,Tomato,track_b_external,False
9,0.8,0.9,0.8500000000000001,41,0.17073170840740204,0.851556658744812,0.68082495033741,Tomato,Tomato,track_b_external,False
10,0.9,1.0,0.95,130,0.1846153885126114,0.9700798392295837,0.7854644507169724,Tomato,Tomato,track_b_external,False
1,0.0,0.1,0.05,0,0.0,0.0,0.0,Tomato,Tomato,track_b_external,True
2,0.1,0.2,0.15000000000000002,0,0.0,0.0,0.0,Tomato,Tomato,track_b_external,True
3,0.2,0.30000000000000004,0.25,0,0.0,0.0,0.0,Tomato,Tomato,track_b_external,True
4,0.30000000000000004,0.4,0.35000000000000003,0,0.0,0.0,0.0,Tomato,Tomato,track_b_external,True
5,0.4,0.5,0.45,7,0.0,0.4575536549091339,0.4575536549091339,Tomato,Tomato,track_b_external,True
6,0.5,0.6000000000000001,0.55,26,0.11538461595773697,0.5401208400726318,0.42473622411489487,Tomato,Tomato,track_b_external,True
7,0.6000000000000001,0.7000000000000001,0.6500000000000001,28,0.1785714328289032,0.6546765565872192,0.47610512375831604,Tomato,Tomato,track_b_external,True
8,0.7000000000000001,0.8,0.75,34,0.05882352963089943,0.7554095983505249,0.6965860687196255,Tomato,Tomato,track_b_external,True
9,0.8,0.9,0.8500000000000001,37,0.1621621549129486,0.8500549793243408,0.6878928244113922,Tomato,Tomato,track_b_external,True
10,0.9,1.0,0.95,140,0.1785714328289032,0.9711545705795288,0.7925831377506256,Tomato,Tomato,track_b_external,True
1,0.0,0.1,0.05,0,0.0,0.0,0.0,Tomato,Tomato,track_c_realworld,False
2,0.1,0.2,0.15000000000000002,0,0.0,0.0,0.0,Tomato,Tomato,track_c_realworld,False
3,0.2,0.30000000000000004,0.25,0,0.0,0.0,0.0,Tomato,Tomato,track_c_realworld,False
4,0.30000000000000004,0.4,0.35000000000000003,1,0.0,0.36941760778427124,0.36941760778427124,Tomato,Tomato,track_c_realworld,False
5,0.4,0.5,0.45,6,0.1666666716337204,0.4634687602519989,0.2968020886182785,Tomato,Tomato,track_c_realworld,False
6,0.5,0.6000000000000001,0.55,18,0.2222222238779068,0.5432083606719971,0.32098613679409027,Tomato,Tomato,track_c_realworld,False
7,0.6000000000000001,0.7000000000000001,0.6500000000000001,19,0.15789473056793213,0.6538931131362915,0.4959983825683594,Tomato,Tomato,track_c_realworld,False
8,0.7000000000000001,0.8,0.75,21,0.2380952388048172,0.7423967123031616,0.5043014734983444,Tomato,Tomato,track_c_realworld,False
9,0.8,0.9,0.8500000000000001,23,0.260869562625885,0.8565141558647156,0.5956445932388306,Tomato,Tomato,track_c_realworld,False
10,0.9,1.0,0.95,100,0.27000001072883606,0.9727907776832581,0.702790766954422,Tomato,Tomato,track_c_realworld,False
1,0.0,0.1,0.05,0,0.0,0.0,0.0,Tomato,Tomato,track_c_realworld,True
2,0.1,0.2,0.15000000000000002,0,0.0,0.0,0.0,Tomato,Tomato,track_c_realworld,True
3,0.2,0.30000000000000004,0.25,0,0.0,0.0,0.0,Tomato,Tomato,track_c_realworld,True
4,0.30000000000000004,0.4,0.35000000000000003,1,0.0,0.37338361144065857,0.37338361144065857,Tomato,Tomato,track_c_realworld,True
5,0.4,0.5,0.45,4,0.25,0.45770809054374695,0.20770809054374695,Tomato,Tomato,track_c_realworld,True
6,0.5,0.6000000000000001,0.55,19,0.21052631735801697,0.5466203689575195,0.33609405159950256,Tomato,Tomato,track_c_realworld,True
7,0.6000000000000001,0.7000000000000001,0.6500000000000001,17,0.1764705926179886,0.6598761081695557,0.4834055155515671,Tomato,Tomato,track_c_realworld,True
8,0.7000000000000001,0.8,0.75,22,0.22727273404598236,0.7516385912895203,0.5243658572435379,Tomato,Tomato,track_c_realworld,True
9,0.8,0.9,0.8500000000000001,20,0.25,0.8607633709907532,0.6107633709907532,Tomato,Tomato,track_c_realworld,True
10,0.9,1.0,0.95,105,0.2666666805744171,0.9750468730926514,0.7083801925182343,Tomato,Tomato,track_c_realworld,True
1,0.0,0.1,0.05,0,0.0,0.0,0.0,Tomato,Tomato,track_d_cross_crop,False
2,0.1,0.2,0.15000000000000002,0,0.0,0.0,0.0,Tomato,Tomato,track_d_cross_crop,False
3,0.2,0.30000000000000004,0.25,0,0.0,0.0,0.0,Tomato,Tomato,track_d_cross_crop,False
4,0.30000000000000004,0.4,0.35000000000000003,0,0.0,0.0,0.0,Tomato,Tomato,track_d_cross_crop,False
5,0.4,0.5,0.45,1,0.0,0.496970534324646,0.496970534324646,Tomato,Tomato,track_d_cross_crop,False
6,0.5,0.6000000000000001,0.55,7,0.0,0.5486237406730652,0.5486237406730652,Tomato,Tomato,track_d_cross_crop,False
7,0.6000000000000001,0.7000000000000001,0.6500000000000001,4,0.0,0.6647049188613892,0.6647049188613892,Tomato,Tomato,track_d_cross_crop,False
8,0.7000000000000001,0.8,0.75,8,0.0,0.7377195954322815,0.7377195954322815,Tomato,Tomato,track_d_cross_crop,False
9,0.8,0.9,0.8500000000000001,8,0.0,0.8626213669776917,0.8626213669776917,Tomato,Tomato,track_d_cross_crop,False
10,0.9,1.0,0.95,47,0.0,0.9730561971664429,0.9730561971664429,Tomato,Tomato,track_d_cross_crop,False
1,0.0,0.1,0.05,0,0.0,0.0,0.0,Tomato,Tomato,track_d_cross_crop,True
2,0.1,0.2,0.15000000000000002,0,0.0,0.0,0.0,Tomato,Tomato,track_d_cross_crop,True
3,0.2,0.30000000000000004,0.25,0,0.0,0.0,0.0,Tomato,Tomato,track_d_cross_crop,True
4,0.30000000000000004,0.4,0.35000000000000003,0,0.0,0.0,0.0,Tomato,Tomato,track_d_cross_crop,True
5,0.4,0.5,0.45,0,0.0,0.0,0.0,Tomato,Tomato,track_d_cross_crop,True
6,0.5,0.6000000000000001,0.55,8,0.0,0.5509946346282959,0.5509946346282959,Tomato,Tomato,track_d_cross_crop,True
7,0.6000000000000001,0.7000000000000001,0.6500000000000001,3,0.0,0.6785526275634766,0.6785526275634766,Tomato,Tomato,track_d_cross_crop,True
8,0.7000000000000001,0.8,0.75,8,0.0,0.7506082057952881,0.7506082057952881,Tomato,Tomato,track_d_cross_crop,True
9,0.8,0.9,0.8500000000000001,6,0.0,0.8556587100028992,0.8556587100028992,Tomato,Tomato,track_d_cross_crop,True
10,0.9,1.0,0.95,50,0.0,0.9739041328430176,0.9739041328430176,Tomato,Tomato,track_d_cross_crop,True
1,0.0,0.1,0.05,0,0.0,0.0,0.0,Tomato,Tomato,track_d_unrelated,False
2,0.1,0.2,0.15000000000000002,0,0.0,0.0,0.0,Tomato,Tomato,track_d_unrelated,False
3,0.2,0.30000000000000004,0.25,0,0.0,0.0,0.0,Tomato,Tomato,track_d_unrelated,False
4,0.30000000000000004,0.4,0.35000000000000003,0,0.0,0.0,0.0,Tomato,Tomato,track_d_unrelated,False
5,0.4,0.5,0.45,0,0.0,0.0,0.0,Tomato,Tomato,track_d_unrelated,False
6,0.5,0.6000000000000001,0.55,5,0.0,0.5451189279556274,0.5451189279556274,Tomato,Tomato,track_d_unrelated,False
7,0.6000000000000001,0.7000000000000001,0.6500000000000001,3,0.0,0.6703614592552185,0.6703614592552185,Tomato,Tomato,track_d_unrelated,False
8,0.7000000000000001,0.8,0.75,0,0.0,0.0,0.0,Tomato,Tomato,track_d_unrelated,False
9,0.8,0.9,0.8500000000000001,1,0.0,0.8092949390411377,0.8092949390411377,Tomato,Tomato,track_d_unrelated,False
10,0.9,1.0,0.95,11,0.0,0.9863364696502686,0.9863364696502686,Tomato,Tomato,track_d_unrelated,False
1,0.0,0.1,0.05,0,0.0,0.0,0.0,Tomato,Tomato,track_d_unrelated,True
2,0.1,0.2,0.15000000000000002,0,0.0,0.0,0.0,Tomato,Tomato,track_d_unrelated,True
3,0.2,0.30000000000000004,0.25,0,0.0,0.0,0.0,Tomato,Tomato,track_d_unrelated,True
4,0.30000000000000004,0.4,0.35000000000000003,0,0.0,0.0,0.0,Tomato,Tomato,track_d_unrelated,True
5,0.4,0.5,0.45,0,0.0,0.0,0.0,Tomato,Tomato,track_d_unrelated,True
6,0.5,0.6000000000000001,0.55,5,0.0,0.5526753664016724,0.5526753664016724,Tomato,Tomato,track_d_unrelated,True
7,0.6000000000000001,0.7000000000000001,0.6500000000000001,2,0.0,0.6771636009216309,0.6771636009216309,Tomato,Tomato,track_d_unrelated,True
8,0.7000000000000001,0.8,0.75,1,0.0,0.7234581708908081,0.7234581708908081,Tomato,Tomato,track_d_unrelated,True
9,0.8,0.9,0.8500000000000001,1,0.0,0.8314544558525085,0.8314544558525085,Tomato,Tomato,track_d_unrelated,True
10,0.9,1.0,0.95,11,0.0,0.9898818731307983,0.9898818731307983,Tomato,Tomato,track_d_unrelated,True
1,0.0,0.1,0.05,0,0.0,0.0,0.0,Grape,Grape,validation,False
2,0.1,0.2,0.15000000000000002,0,0.0,0.0,0.0,Grape,Grape,validation,False
3,0.2,0.30000000000000004,0.25,0,0.0,0.0,0.0,Grape,Grape,validation,False
4,0.30000000000000004,0.4,0.35000000000000003,3,0.3333333432674408,0.36363485455513,0.03030151128768921,Grape,Grape,validation,False
5,0.4,0.5,0.45,9,0.4444444477558136,0.4751669466495514,0.030722498893737793,Grape,Grape,validation,False
6,0.5,0.6000000000000001,0.55,51,0.6470588445663452,0.5553049445152283,0.09175390005111694,Grape,Grape,validation,False
7,0.6000000000000001,0.7000000000000001,0.6500000000000001,45,0.4000000059604645,0.6486018896102905,0.24860188364982605,Grape,Grape,validation,False
8,0.7000000000000001,0.8,0.75,38,0.6578947305679321,0.7519389986991882,0.0940442681312561,Grape,Grape,validation,False
9,0.8,0.9,0.8500000000000001,86,0.7674418687820435,0.8560391068458557,0.08859723806381226,Grape,Grape,validation,False
10,0.9,1.0,0.95,699,0.9871244430541992,0.9872535467147827,0.0001291036605834961,Grape,Grape,validation,False
1,0.0,0.1,0.05,0,0.0,0.0,0.0,Grape,Grape,validation,True
2,0.1,0.2,0.15000000000000002,0,0.0,0.0,0.0,Grape,Grape,validation,True
3,0.2,0.30000000000000004,0.25,0,0.0,0.0,0.0,Grape,Grape,validation,True
4,0.30000000000000004,0.4,0.35000000000000003,3,0.3333333432674408,0.35242390632629395,0.01909056305885315,Grape,Grape,validation,True
5,0.4,0.5,0.45,11,0.4545454680919647,0.46397411823272705,0.009428650140762329,Grape,Grape,validation,True
6,0.5,0.6000000000000001,0.55,63,0.5873016119003296,0.5528151988983154,0.03448641300201416,Grape,Grape,validation,True
7,0.6000000000000001,0.7000000000000001,0.6500000000000001,43,0.5116279125213623,0.6493762135505676,0.13774830102920532,Grape,Grape,validation,True
8,0.7000000000000001,0.8,0.75,48,0.6666666865348816,0.755486786365509,0.08882009983062744,Grape,Grape,validation,True
9,0.8,0.9,0.8500000000000001,91,0.8241758346557617,0.8470132946968079,0.022837460041046143,Grape,Grape,validation,True
10,0.9,1.0,0.95,672,0.9895833134651184,0.9833129048347473,0.006270408630371094,Grape,Grape,validation,True
1,0.0,0.1,0.05,0,0.0,0.0,0.0,Grape,Grape,internal_test,False
2,0.1,0.2,0.15000000000000002,0,0.0,0.0,0.0,Grape,Grape,internal_test,False
3,0.2,0.30000000000000004,0.25,0,0.0,0.0,0.0,Grape,Grape,internal_test,False
4,0.30000000000000004,0.4,0.35000000000000003,3,0.0,0.36712297797203064,0.36712297797203064,Grape,Grape,internal_test,False
5,0.4,0.5,0.45,10,0.6000000238418579,0.4573444426059723,0.14265558123588562,Grape,Grape,internal_test,False
6,0.5,0.6000000000000001,0.55,38,0.5263158082962036,0.548229455947876,0.021913647651672363,Grape,Grape,internal_test,False
7,0.6000000000000001,0.7000000000000001,0.6500000000000001,43,0.4883720874786377,0.6375784277915955,0.14920634031295776,Grape,Grape,internal_test,False
8,0.7000000000000001,0.8,0.75,56,0.625,0.7555773854255676,0.13057738542556763,Grape,Grape,internal_test,False
9,0.8,0.9,0.8500000000000001,79,0.797468364238739,0.8528516888618469,0.05538332462310791,Grape,Grape,internal_test,False
10,0.9,1.0,0.95,702,0.9743589758872986,0.9873945116996765,0.01303553581237793,Grape,Grape,internal_test,False
1,0.0,0.1,0.05,0,0.0,0.0,0.0,Grape,Grape,internal_test,True
2,0.1,0.2,0.15000000000000002,0,0.0,0.0,0.0,Grape,Grape,internal_test,True
3,0.2,0.30000000000000004,0.25,0,0.0,0.0,0.0,Grape,Grape,internal_test,True
4,0.30000000000000004,0.4,0.35000000000000003,3,0.0,0.3590870797634125,0.3590870797634125,Grape,Grape,internal_test,True
5,0.4,0.5,0.45,16,0.4375,0.45801180601119995,0.02051180601119995,Grape,Grape,internal_test,True
6,0.5,0.6000000000000001,0.55,48,0.5833333134651184,0.5575138926506042,0.02581942081451416,Grape,Grape,internal_test,True
7,0.6000000000000001,0.7000000000000001,0.6500000000000001,40,0.42500001192092896,0.6423236727714539,0.2173236608505249,Grape,Grape,internal_test,True
8,0.7000000000000001,0.8,0.75,71,0.7323943376541138,0.7513806819915771,0.01898634433746338,Grape,Grape,internal_test,True
9,0.8,0.9,0.8500000000000001,87,0.8390804529190063,0.8537003993988037,0.014619946479797363,Grape,Grape,internal_test,True
10,0.9,1.0,0.95,666,0.9789789915084839,0.9853798747062683,0.006400883197784424,Grape,Grape,internal_test,True
1,0.0,0.1,0.05,0,0.0,0.0,0.0,Grape,Grape,validation,False
2,0.1,0.2,0.15000000000000002,0,0.0,0.0,0.0,Grape,Grape,validation,False
3,0.2,0.30000000000000004,0.25,0,0.0,0.0,0.0,Grape,Grape,validation,False
4,0.30000000000000004,0.4,0.35000000000000003,3,0.3333333432674408,0.36363485455513,0.03030151128768921,Grape,Grape,validation,False
5,0.4,0.5,0.45,9,0.4444444477558136,0.4751669466495514,0.030722498893737793,Grape,Grape,validation,False
6,0.5,0.6000000000000001,0.55,51,0.6470588445663452,0.5553049445152283,0.09175390005111694,Grape,Grape,validation,False
7,0.6000000000000001,0.7000000000000001,0.6500000000000001,45,0.4000000059604645,0.6486018896102905,0.24860188364982605,Grape,Grape,validation,False
8,0.7000000000000001,0.8,0.75,38,0.6578947305679321,0.7519389986991882,0.0940442681312561,Grape,Grape,validation,False
9,0.8,0.9,0.8500000000000001,86,0.7674418687820435,0.8560391068458557,0.08859723806381226,Grape,Grape,validation,False
10,0.9,1.0,0.95,699,0.9871244430541992,0.9872535467147827,0.0001291036605834961,Grape,Grape,validation,False
1,0.0,0.1,0.05,0,0.0,0.0,0.0,Grape,Grape,validation,True
2,0.1,0.2,0.15000000000000002,0,0.0,0.0,0.0,Grape,Grape,validation,True
3,0.2,0.30000000000000004,0.25,0,0.0,0.0,0.0,Grape,Grape,validation,True
4,0.30000000000000004,0.4,0.35000000000000003,3,0.3333333432674408,0.35242390632629395,0.01909056305885315,Grape,Grape,validation,True
5,0.4,0.5,0.45,11,0.4545454680919647,0.46397411823272705,0.009428650140762329,Grape,Grape,validation,True
6,0.5,0.6000000000000001,0.55,63,0.5873016119003296,0.5528151988983154,0.03448641300201416,Grape,Grape,validation,True
7,0.6000000000000001,0.7000000000000001,0.6500000000000001,43,0.5116279125213623,0.6493762135505676,0.13774830102920532,Grape,Grape,validation,True
8,0.7000000000000001,0.8,0.75,48,0.6666666865348816,0.755486786365509,0.08882009983062744,Grape,Grape,validation,True
9,0.8,0.9,0.8500000000000001,91,0.8241758346557617,0.8470132946968079,0.022837460041046143,Grape,Grape,validation,True
10,0.9,1.0,0.95,672,0.9895833134651184,0.9833129048347473,0.006270408630371094,Grape,Grape,validation,True
1,0.0,0.1,0.05,0,0.0,0.0,0.0,Grape,Grape,internal_test,False
2,0.1,0.2,0.15000000000000002,0,0.0,0.0,0.0,Grape,Grape,internal_test,False
3,0.2,0.30000000000000004,0.25,0,0.0,0.0,0.0,Grape,Grape,internal_test,False
4,0.30000000000000004,0.4,0.35000000000000003,3,0.0,0.36712297797203064,0.36712297797203064,Grape,Grape,internal_test,False
5,0.4,0.5,0.45,10,0.6000000238418579,0.4573444426059723,0.14265558123588562,Grape,Grape,internal_test,False
6,0.5,0.6000000000000001,0.55,38,0.5263158082962036,0.548229455947876,0.021913647651672363,Grape,Grape,internal_test,False
7,0.6000000000000001,0.7000000000000001,0.6500000000000001,43,0.4883720874786377,0.6375784277915955,0.14920634031295776,Grape,Grape,internal_test,False
8,0.7000000000000001,0.8,0.75,56,0.625,0.7555773854255676,0.13057738542556763,Grape,Grape,internal_test,False
9,0.8,0.9,0.8500000000000001,79,0.797468364238739,0.8528516888618469,0.05538332462310791,Grape,Grape,internal_test,False
10,0.9,1.0,0.95,702,0.9743589758872986,0.9873945116996765,0.01303553581237793,Grape,Grape,internal_test,False
1,0.0,0.1,0.05,0,0.0,0.0,0.0,Grape,Grape,internal_test,True
2,0.1,0.2,0.15000000000000002,0,0.0,0.0,0.0,Grape,Grape,internal_test,True
3,0.2,0.30000000000000004,0.25,0,0.0,0.0,0.0,Grape,Grape,internal_test,True
4,0.30000000000000004,0.4,0.35000000000000003,3,0.0,0.3590870797634125,0.3590870797634125,Grape,Grape,internal_test,True
5,0.4,0.5,0.45,16,0.4375,0.45801180601119995,0.02051180601119995,Grape,Grape,internal_test,True
6,0.5,0.6000000000000001,0.55,48,0.5833333134651184,0.5575138926506042,0.02581942081451416,Grape,Grape,internal_test,True
7,0.6000000000000001,0.7000000000000001,0.6500000000000001,40,0.42500001192092896,0.6423236727714539,0.2173236608505249,Grape,Grape,internal_test,True
8,0.7000000000000001,0.8,0.75,71,0.7323943376541138,0.7513806819915771,0.01898634433746338,Grape,Grape,internal_test,True
9,0.8,0.9,0.8500000000000001,87,0.8390804529190063,0.8537003993988037,0.014619946479797363,Grape,Grape,internal_test,True
10,0.9,1.0,0.95,666,0.9789789915084839,0.9853798747062683,0.006400883197784424,Grape,Grape,internal_test,True
1,0.0,0.1,0.05,0,0.0,0.0,0.0,Grape,Grape,track_a_internal,False
2,0.1,0.2,0.15000000000000002,0,0.0,0.0,0.0,Grape,Grape,track_a_internal,False
3,0.2,0.30000000000000004,0.25,0,0.0,0.0,0.0,Grape,Grape,track_a_internal,False
4,0.30000000000000004,0.4,0.35000000000000003,1,0.0,0.33637115359306335,0.33637115359306335,Grape,Grape,track_a_internal,False
5,0.4,0.5,0.45,3,0.6666666865348816,0.46977758407592773,0.19688910245895386,Grape,Grape,track_a_internal,False
6,0.5,0.6000000000000001,0.55,14,0.5714285969734192,0.5469892621040344,0.024439334869384766,Grape,Grape,track_a_internal,False
7,0.6000000000000001,0.7000000000000001,0.6500000000000001,12,0.6666666865348816,0.6368312835693359,0.029835402965545654,Grape,Grape,track_a_internal,False
8,0.7000000000000001,0.8,0.75,19,0.6315789222717285,0.7525333166122437,0.12095439434051514,Grape,Grape,track_a_internal,False
9,0.8,0.9,0.8500000000000001,18,0.8333333134651184,0.8562645316123962,0.022931218147277832,Grape,Grape,track_a_internal,False
10,0.9,1.0,0.95,158,0.9746835231781006,0.9841322898864746,0.009448766708374023,Grape,Grape,track_a_internal,False
1,0.0,0.1,0.05,0,0.0,0.0,0.0,Grape,Grape,track_a_internal,True
2,0.1,0.2,0.15000000000000002,0,0.0,0.0,0.0,Grape,Grape,track_a_internal,True
3,0.2,0.30000000000000004,0.25,0,0.0,0.0,0.0,Grape,Grape,track_a_internal,True
4,0.30000000000000004,0.4,0.35000000000000003,1,0.0,0.3252583146095276,0.3252583146095276,Grape,Grape,track_a_internal,True
5,0.4,0.5,0.45,4,0.5,0.45376044511795044,0.04623955488204956,Grape,Grape,track_a_internal,True
6,0.5,0.6000000000000001,0.55,17,0.6470588445663452,0.5481787919998169,0.09888005256652832,Grape,Grape,track_a_internal,True
7,0.6000000000000001,0.7000000000000001,0.6500000000000001,13,0.6153846383094788,0.6492251753807068,0.03384053707122803,Grape,Grape,track_a_internal,True
8,0.7000000000000001,0.8,0.75,21,0.7142857313156128,0.7459163069725037,0.03163057565689087,Grape,Grape,track_a_internal,True
9,0.8,0.9,0.8500000000000001,20,0.8999999761581421,0.8597820997238159,0.04021787643432617,Grape,Grape,track_a_internal,True
10,0.9,1.0,0.95,149,0.9731543660163879,0.9807367324829102,0.007582366466522217,Grape,Grape,track_a_internal,True
1,0.0,0.1,0.05,0,0.0,0.0,0.0,Grape,Grape,track_b_external,False
2,0.1,0.2,0.15000000000000002,0,0.0,0.0,0.0,Grape,Grape,track_b_external,False
3,0.2,0.30000000000000004,0.25,2,0.0,0.290235698223114,0.290235698223114,Grape,Grape,track_b_external,False
4,0.30000000000000004,0.4,0.35000000000000003,6,0.3333333432674408,0.3458085358142853,0.012475192546844482,Grape,Grape,track_b_external,False
5,0.4,0.5,0.45,12,0.1666666716337204,0.4575752913951874,0.290908619761467,Grape,Grape,track_b_external,False
6,0.5,0.6000000000000001,0.55,17,0.05882352963089943,0.5550536513328552,0.4962301217019558,Grape,Grape,track_b_external,False
7,0.6000000000000001,0.7000000000000001,0.6500000000000001,22,0.13636364042758942,0.6481115818023682,0.5117479413747787,Grape,Grape,track_b_external,False
8,0.7000000000000001,0.8,0.75,18,0.0555555559694767,0.7491225004196167,0.69356694445014,Grape,Grape,track_b_external,False
9,0.8,0.9,0.8500000000000001,35,0.08571428805589676,0.8523187637329102,0.7666044756770134,Grape,Grape,track_b_external,False
10,0.9,1.0,0.95,68,0.19117647409439087,0.9643736481666565,0.7731971740722656,Grape,Grape,track_b_external,False
1,0.0,0.1,0.05,0,0.0,0.0,0.0,Grape,Grape,track_b_external,True
2,0.1,0.2,0.15000000000000002,0,0.0,0.0,0.0,Grape,Grape,track_b_external,True
3,0.2,0.30000000000000004,0.25,3,0.0,0.28221234679222107,0.28221234679222107,Grape,Grape,track_b_external,True
4,0.30000000000000004,0.4,0.35000000000000003,7,0.4285714328289032,0.3504151999950409,0.0781562328338623,Grape,Grape,track_b_external,True
5,0.4,0.5,0.45,13,0.07692307978868484,0.4493304491043091,0.37240736931562424,Grape,Grape,track_b_external,True
6,0.5,0.6000000000000001,0.55,24,0.0833333358168602,0.5550100207328796,0.47167668491601944,Grape,Grape,track_b_external,True
7,0.6000000000000001,0.7000000000000001,0.6500000000000001,20,0.10000000149011612,0.6499490737915039,0.5499490723013878,Grape,Grape,track_b_external,True
8,0.7000000000000001,0.8,0.75,27,0.14814814925193787,0.7607784271240234,0.6126302778720856,Grape,Grape,track_b_external,True
9,0.8,0.9,0.8500000000000001,27,0.03703703731298447,0.848093569278717,0.8110565319657326,Grape,Grape,track_b_external,True
10,0.9,1.0,0.95,59,0.20338982343673706,0.9530646800994873,0.7496748566627502,Grape,Grape,track_b_external,True
1,0.0,0.1,0.05,0,0.0,0.0,0.0,Grape,Grape,track_c_realworld,False
2,0.1,0.2,0.15000000000000002,0,0.0,0.0,0.0,Grape,Grape,track_c_realworld,False
3,0.2,0.30000000000000004,0.25,1,0.0,0.26742517948150635,0.26742517948150635,Grape,Grape,track_c_realworld,False
4,0.30000000000000004,0.4,0.35000000000000003,1,0.0,0.3181324899196625,0.3181324899196625,Grape,Grape,track_c_realworld,False
5,0.4,0.5,0.45,8,0.0,0.45757293701171875,0.45757293701171875,Grape,Grape,track_c_realworld,False
6,0.5,0.6000000000000001,0.55,17,0.1764705926179886,0.5445386171340942,0.36806802451610565,Grape,Grape,track_c_realworld,False
7,0.6000000000000001,0.7000000000000001,0.6500000000000001,9,0.2222222238779068,0.6683144569396973,0.44609223306179047,Grape,Grape,track_c_realworld,False
8,0.7000000000000001,0.8,0.75,17,0.0,0.7453926801681519,0.7453926801681519,Grape,Grape,track_c_realworld,False
9,0.8,0.9,0.8500000000000001,16,0.0,0.8625383377075195,0.8625383377075195,Grape,Grape,track_c_realworld,False
10,0.9,1.0,0.95,31,0.06451612710952759,0.9619325399398804,0.8974164128303528,Grape,Grape,track_c_realworld,False
1,0.0,0.1,0.05,0,0.0,0.0,0.0,Grape,Grape,track_c_realworld,True
2,0.1,0.2,0.15000000000000002,0,0.0,0.0,0.0,Grape,Grape,track_c_realworld,True
3,0.2,0.30000000000000004,0.25,1,0.0,0.2520884573459625,0.2520884573459625,Grape,Grape,track_c_realworld,True
4,0.30000000000000004,0.4,0.35000000000000003,2,0.0,0.34804534912109375,0.34804534912109375,Grape,Grape,track_c_realworld,True
5,0.4,0.5,0.45,13,0.1538461595773697,0.4594631791114807,0.305617019534111,Grape,Grape,track_c_realworld,True
6,0.5,0.6000000000000001,0.55,13,0.1538461595773697,0.5355004668235779,0.3816543072462082,Grape,Grape,track_c_realworld,True
7,0.6000000000000001,0.7000000000000001,0.6500000000000001,17,0.05882352963089943,0.6622600555419922,0.6034365259110928,Grape,Grape,track_c_realworld,True
8,0.7000000000000001,0.8,0.75,12,0.0,0.7477344870567322,0.7477344870567322,Grape,Grape,track_c_realworld,True
9,0.8,0.9,0.8500000000000001,18,0.0,0.8555969595909119,0.8555969595909119,Grape,Grape,track_c_realworld,True
10,0.9,1.0,0.95,24,0.0833333358168602,0.9585485458374023,0.8752152100205421,Grape,Grape,track_c_realworld,True
1,0.0,0.1,0.05,0,0.0,0.0,0.0,Grape,Grape,track_d_cross_crop,False
2,0.1,0.2,0.15000000000000002,0,0.0,0.0,0.0,Grape,Grape,track_d_cross_crop,False
3,0.2,0.30000000000000004,0.25,0,0.0,0.0,0.0,Grape,Grape,track_d_cross_crop,False
4,0.30000000000000004,0.4,0.35000000000000003,1,0.0,0.39737677574157715,0.39737677574157715,Grape,Grape,track_d_cross_crop,False
5,0.4,0.5,0.45,7,0.0,0.45737403631210327,0.45737403631210327,Grape,Grape,track_d_cross_crop,False
6,0.5,0.6000000000000001,0.55,15,0.0,0.5418867468833923,0.5418867468833923,Grape,Grape,track_d_cross_crop,False
7,0.6000000000000001,0.7000000000000001,0.6500000000000001,9,0.0,0.6542437076568604,0.6542437076568604,Grape,Grape,track_d_cross_crop,False
8,0.7000000000000001,0.8,0.75,16,0.0,0.7477748990058899,0.7477748990058899,Grape,Grape,track_d_cross_crop,False
9,0.8,0.9,0.8500000000000001,10,0.0,0.8710854649543762,0.8710854649543762,Grape,Grape,track_d_cross_crop,False
10,0.9,1.0,0.95,17,0.0,0.9553635716438293,0.9553635716438293,Grape,Grape,track_d_cross_crop,False
1,0.0,0.1,0.05,0,0.0,0.0,0.0,Grape,Grape,track_d_cross_crop,True
2,0.1,0.2,0.15000000000000002,0,0.0,0.0,0.0,Grape,Grape,track_d_cross_crop,True
3,0.2,0.30000000000000004,0.25,0,0.0,0.0,0.0,Grape,Grape,track_d_cross_crop,True
4,0.30000000000000004,0.4,0.35000000000000003,1,0.0,0.38624078035354614,0.38624078035354614,Grape,Grape,track_d_cross_crop,True
5,0.4,0.5,0.45,10,0.0,0.44776520133018494,0.44776520133018494,Grape,Grape,track_d_cross_crop,True
6,0.5,0.6000000000000001,0.55,15,0.0,0.5364748239517212,0.5364748239517212,Grape,Grape,track_d_cross_crop,True
7,0.6000000000000001,0.7000000000000001,0.6500000000000001,16,0.0,0.6650772094726562,0.6650772094726562,Grape,Grape,track_d_cross_crop,True
8,0.7000000000000001,0.8,0.75,7,0.0,0.7403564453125,0.7403564453125,Grape,Grape,track_d_cross_crop,True
9,0.8,0.9,0.8500000000000001,13,0.0,0.8542537689208984,0.8542537689208984,Grape,Grape,track_d_cross_crop,True
10,0.9,1.0,0.95,13,0.0,0.9457178115844727,0.9457178115844727,Grape,Grape,track_d_cross_crop,True
1,0.0,0.1,0.05,0,0.0,0.0,0.0,Grape,Grape,track_d_unrelated,False
2,0.1,0.2,0.15000000000000002,0,0.0,0.0,0.0,Grape,Grape,track_d_unrelated,False
3,0.2,0.30000000000000004,0.25,0,0.0,0.0,0.0,Grape,Grape,track_d_unrelated,False
4,0.30000000000000004,0.4,0.35000000000000003,0,0.0,0.0,0.0,Grape,Grape,track_d_unrelated,False
5,0.4,0.5,0.45,0,0.0,0.0,0.0,Grape,Grape,track_d_unrelated,False
6,0.5,0.6000000000000001,0.55,4,0.0,0.5374922156333923,0.5374922156333923,Grape,Grape,track_d_unrelated,False
7,0.6000000000000001,0.7000000000000001,0.6500000000000001,0,0.0,0.0,0.0,Grape,Grape,track_d_unrelated,False
8,0.7000000000000001,0.8,0.75,3,0.0,0.7567874789237976,0.7567874789237976,Grape,Grape,track_d_unrelated,False
9,0.8,0.9,0.8500000000000001,4,0.0,0.8769112825393677,0.8769112825393677,Grape,Grape,track_d_unrelated,False
10,0.9,1.0,0.95,9,0.0,0.9881547093391418,0.9881547093391418,Grape,Grape,track_d_unrelated,False
1,0.0,0.1,0.05,0,0.0,0.0,0.0,Grape,Grape,track_d_unrelated,True
2,0.1,0.2,0.15000000000000002,0,0.0,0.0,0.0,Grape,Grape,track_d_unrelated,True
3,0.2,0.30000000000000004,0.25,0,0.0,0.0,0.0,Grape,Grape,track_d_unrelated,True
4,0.30000000000000004,0.4,0.35000000000000003,0,0.0,0.0,0.0,Grape,Grape,track_d_unrelated,True
5,0.4,0.5,0.45,1,0.0,0.49031171202659607,0.49031171202659607,Grape,Grape,track_d_unrelated,True
6,0.5,0.6000000000000001,0.55,3,0.0,0.5153281092643738,0.5153281092643738,Grape,Grape,track_d_unrelated,True
7,0.6000000000000001,0.7000000000000001,0.6500000000000001,1,0.0,0.6775507926940918,0.6775507926940918,Grape,Grape,track_d_unrelated,True
8,0.7000000000000001,0.8,0.75,2,0.0,0.7347022294998169,0.7347022294998169,Grape,Grape,track_d_unrelated,True
9,0.8,0.9,0.8500000000000001,4,0.0,0.8360370397567749,0.8360370397567749,Grape,Grape,track_d_unrelated,True
10,0.9,1.0,0.95,9,0.0,0.9791785478591919,0.9791785478591919,Grape,Grape,track_d_unrelated,True
1,0.0,0.1,0.05,0,0.0,0.0,0.0,Chilli,Chilli,validation,False
2,0.1,0.2,0.15000000000000002,0,0.0,0.0,0.0,Chilli,Chilli,validation,False
3,0.2,0.30000000000000004,0.25,0,0.0,0.0,0.0,Chilli,Chilli,validation,False
4,0.30000000000000004,0.4,0.35000000000000003,15,0.4000000059604645,0.37416332960128784,0.025836676359176636,Chilli,Chilli,validation,False
5,0.4,0.5,0.45,47,0.4893617033958435,0.4539036452770233,0.03545805811882019,Chilli,Chilli,validation,False
6,0.5,0.6000000000000001,0.55,50,0.5,0.551452100276947,0.05145210027694702,Chilli,Chilli,validation,False
7,0.6000000000000001,0.7000000000000001,0.6500000000000001,33,0.6666666865348816,0.6474334597587585,0.019233226776123047,Chilli,Chilli,validation,False
8,0.7000000000000001,0.8,0.75,47,0.6382978558540344,0.7468486428260803,0.1085507869720459,Chilli,Chilli,validation,False
9,0.8,0.9,0.8500000000000001,30,0.7666666507720947,0.852039098739624,0.0853724479675293,Chilli,Chilli,validation,False
10,0.9,1.0,0.95,68,0.8823529481887817,0.9491488337516785,0.06679588556289673,Chilli,Chilli,validation,False
1,0.0,0.1,0.05,0,0.0,0.0,0.0,Chilli,Chilli,validation,True
2,0.1,0.2,0.15000000000000002,0,0.0,0.0,0.0,Chilli,Chilli,validation,True
3,0.2,0.30000000000000004,0.25,1,0.0,0.2938936650753021,0.2938936650753021,Chilli,Chilli,validation,True
4,0.30000000000000004,0.4,0.35000000000000003,31,0.4838709533214569,0.36899399757385254,0.11487695574760437,Chilli,Chilli,validation,True
5,0.4,0.5,0.45,57,0.4912280738353729,0.45385339856147766,0.037374675273895264,Chilli,Chilli,validation,True
6,0.5,0.6000000000000001,0.55,49,0.5510203838348389,0.5444475412368774,0.006572842597961426,Chilli,Chilli,validation,True
7,0.6000000000000001,0.7000000000000001,0.6500000000000001,50,0.6600000262260437,0.6563472747802734,0.0036527514457702637,Chilli,Chilli,validation,True
8,0.7000000000000001,0.8,0.75,27,0.7037037014961243,0.7494581937789917,0.04575449228286743,Chilli,Chilli,validation,True
9,0.8,0.9,0.8500000000000001,43,0.8604651093482971,0.8525257706642151,0.007939338684082031,Chilli,Chilli,validation,True
10,0.9,1.0,0.95,32,0.9375,0.9367175102233887,0.0007824897766113281,Chilli,Chilli,validation,True
1,0.0,0.1,0.05,0,0.0,0.0,0.0,Chilli,Chilli,internal_test,False
2,0.1,0.2,0.15000000000000002,0,0.0,0.0,0.0,Chilli,Chilli,internal_test,False
3,0.2,0.30000000000000004,0.25,2,0.5,0.2761234641075134,0.22387653589248657,Chilli,Chilli,internal_test,False
4,0.30000000000000004,0.4,0.35000000000000003,14,0.4285714328289032,0.36909082531929016,0.05948060750961304,Chilli,Chilli,internal_test,False
5,0.4,0.5,0.45,34,0.47058823704719543,0.45732569694519043,0.013262540102005005,Chilli,Chilli,internal_test,False
6,0.5,0.6000000000000001,0.55,64,0.390625,0.5537973046302795,0.16317230463027954,Chilli,Chilli,internal_test,False
7,0.6000000000000001,0.7000000000000001,0.6500000000000001,48,0.5416666865348816,0.6470126509666443,0.1053459644317627,Chilli,Chilli,internal_test,False
8,0.7000000000000001,0.8,0.75,32,0.71875,0.7491782903671265,0.030428290367126465,Chilli,Chilli,internal_test,False
9,0.8,0.9,0.8500000000000001,37,0.9189189076423645,0.8431041836738586,0.07581472396850586,Chilli,Chilli,internal_test,False
10,0.9,1.0,0.95,59,0.9152542352676392,0.9529608488082886,0.037706613540649414,Chilli,Chilli,internal_test,False
1,0.0,0.1,0.05,0,0.0,0.0,0.0,Chilli,Chilli,internal_test,True
2,0.1,0.2,0.15000000000000002,0,0.0,0.0,0.0,Chilli,Chilli,internal_test,True
3,0.2,0.30000000000000004,0.25,4,0.5,0.27892163395881653,0.22107836604118347,Chilli,Chilli,internal_test,True
4,0.30000000000000004,0.4,0.35000000000000003,22,0.3636363744735718,0.36792275309562683,0.004286378622055054,Chilli,Chilli,internal_test,True
5,0.4,0.5,0.45,59,0.49152541160583496,0.45937639474868774,0.03214901685714722,Chilli,Chilli,internal_test,True
6,0.5,0.6000000000000001,0.55,67,0.43283581733703613,0.5473766922950745,0.11454087495803833,Chilli,Chilli,internal_test,True
7,0.6000000000000001,0.7000000000000001,0.6500000000000001,36,0.6944444179534912,0.6428356766700745,0.05160874128341675,Chilli,Chilli,internal_test,True
8,0.7000000000000001,0.8,0.75,37,0.8648648858070374,0.740903913974762,0.12396097183227539,Chilli,Chilli,internal_test,True
9,0.8,0.9,0.8500000000000001,36,0.9166666865348816,0.8562281727790833,0.06043851375579834,Chilli,Chilli,internal_test,True
10,0.9,1.0,0.95,29,0.931034505367279,0.9458938241004944,0.014859318733215332,Chilli,Chilli,internal_test,True
1,0.0,0.1,0.05,0,0.0,0.0,0.0,Chilli,Chilli,validation,False
2,0.1,0.2,0.15000000000000002,0,0.0,0.0,0.0,Chilli,Chilli,validation,False
3,0.2,0.30000000000000004,0.25,0,0.0,0.0,0.0,Chilli,Chilli,validation,False
4,0.30000000000000004,0.4,0.35000000000000003,15,0.4000000059604645,0.37416332960128784,0.025836676359176636,Chilli,Chilli,validation,False
5,0.4,0.5,0.45,47,0.4893617033958435,0.4539036452770233,0.03545805811882019,Chilli,Chilli,validation,False
6,0.5,0.6000000000000001,0.55,50,0.5,0.551452100276947,0.05145210027694702,Chilli,Chilli,validation,False
7,0.6000000000000001,0.7000000000000001,0.6500000000000001,33,0.6666666865348816,0.6474334597587585,0.019233226776123047,Chilli,Chilli,validation,False
8,0.7000000000000001,0.8,0.75,47,0.6382978558540344,0.7468486428260803,0.1085507869720459,Chilli,Chilli,validation,False
9,0.8,0.9,0.8500000000000001,30,0.7666666507720947,0.852039098739624,0.0853724479675293,Chilli,Chilli,validation,False
10,0.9,1.0,0.95,68,0.8823529481887817,0.9491488337516785,0.06679588556289673,Chilli,Chilli,validation,False
1,0.0,0.1,0.05,0,0.0,0.0,0.0,Chilli,Chilli,validation,True
2,0.1,0.2,0.15000000000000002,0,0.0,0.0,0.0,Chilli,Chilli,validation,True
3,0.2,0.30000000000000004,0.25,1,0.0,0.2938936650753021,0.2938936650753021,Chilli,Chilli,validation,True
4,0.30000000000000004,0.4,0.35000000000000003,31,0.4838709533214569,0.36899399757385254,0.11487695574760437,Chilli,Chilli,validation,True
5,0.4,0.5,0.45,57,0.4912280738353729,0.45385339856147766,0.037374675273895264,Chilli,Chilli,validation,True
6,0.5,0.6000000000000001,0.55,49,0.5510203838348389,0.5444475412368774,0.006572842597961426,Chilli,Chilli,validation,True
7,0.6000000000000001,0.7000000000000001,0.6500000000000001,50,0.6600000262260437,0.6563472747802734,0.0036527514457702637,Chilli,Chilli,validation,True
8,0.7000000000000001,0.8,0.75,27,0.7037037014961243,0.7494581937789917,0.04575449228286743,Chilli,Chilli,validation,True
9,0.8,0.9,0.8500000000000001,43,0.8604651093482971,0.8525257706642151,0.007939338684082031,Chilli,Chilli,validation,True
10,0.9,1.0,0.95,32,0.9375,0.9367175102233887,0.0007824897766113281,Chilli,Chilli,validation,True
1,0.0,0.1,0.05,0,0.0,0.0,0.0,Chilli,Chilli,internal_test,False
2,0.1,0.2,0.15000000000000002,0,0.0,0.0,0.0,Chilli,Chilli,internal_test,False
3,0.2,0.30000000000000004,0.25,2,0.5,0.2761234641075134,0.22387653589248657,Chilli,Chilli,internal_test,False
4,0.30000000000000004,0.4,0.35000000000000003,14,0.4285714328289032,0.36909082531929016,0.05948060750961304,Chilli,Chilli,internal_test,False
5,0.4,0.5,0.45,34,0.47058823704719543,0.45732569694519043,0.013262540102005005,Chilli,Chilli,internal_test,False
6,0.5,0.6000000000000001,0.55,64,0.390625,0.5537973046302795,0.16317230463027954,Chilli,Chilli,internal_test,False
7,0.6000000000000001,0.7000000000000001,0.6500000000000001,48,0.5416666865348816,0.6470126509666443,0.1053459644317627,Chilli,Chilli,internal_test,False
8,0.7000000000000001,0.8,0.75,32,0.71875,0.7491782903671265,0.030428290367126465,Chilli,Chilli,internal_test,False
9,0.8,0.9,0.8500000000000001,37,0.9189189076423645,0.8431041836738586,0.07581472396850586,Chilli,Chilli,internal_test,False
10,0.9,1.0,0.95,59,0.9152542352676392,0.9529608488082886,0.037706613540649414,Chilli,Chilli,internal_test,False
1,0.0,0.1,0.05,0,0.0,0.0,0.0,Chilli,Chilli,internal_test,True
2,0.1,0.2,0.15000000000000002,0,0.0,0.0,0.0,Chilli,Chilli,internal_test,True
3,0.2,0.30000000000000004,0.25,4,0.5,0.27892163395881653,0.22107836604118347,Chilli,Chilli,internal_test,True
4,0.30000000000000004,0.4,0.35000000000000003,22,0.3636363744735718,0.36792275309562683,0.004286378622055054,Chilli,Chilli,internal_test,True
5,0.4,0.5,0.45,59,0.49152541160583496,0.45937639474868774,0.03214901685714722,Chilli,Chilli,internal_test,True
6,0.5,0.6000000000000001,0.55,67,0.43283581733703613,0.5473766922950745,0.11454087495803833,Chilli,Chilli,internal_test,True
7,0.6000000000000001,0.7000000000000001,0.6500000000000001,36,0.6944444179534912,0.6428356766700745,0.05160874128341675,Chilli,Chilli,internal_test,True
8,0.7000000000000001,0.8,0.75,37,0.8648648858070374,0.740903913974762,0.12396097183227539,Chilli,Chilli,internal_test,True
9,0.8,0.9,0.8500000000000001,36,0.9166666865348816,0.8562281727790833,0.06043851375579834,Chilli,Chilli,internal_test,True
10,0.9,1.0,0.95,29,0.931034505367279,0.9458938241004944,0.014859318733215332,Chilli,Chilli,internal_test,True
1,0.0,0.1,0.05,0,0.0,0.0,0.0,Chilli,Chilli,track_a_internal,False
2,0.1,0.2,0.15000000000000002,0,0.0,0.0,0.0,Chilli,Chilli,track_a_internal,False
3,0.2,0.30000000000000004,0.25,1,1.0,0.2884685695171356,0.7115314304828644,Chilli,Chilli,track_a_internal,False
4,0.30000000000000004,0.4,0.35000000000000003,8,0.5,0.3667827248573303,0.13321727514266968,Chilli,Chilli,track_a_internal,False
5,0.4,0.5,0.45,22,0.3636363744735718,0.4551267921924591,0.09149041771888733,Chilli,Chilli,track_a_internal,False
6,0.5,0.6000000000000001,0.55,32,0.34375,0.554085373878479,0.210335373878479,Chilli,Chilli,track_a_internal,False
7,0.6000000000000001,0.7000000000000001,0.6500000000000001,28,0.4285714328289032,0.653570830821991,0.22499939799308777,Chilli,Chilli,track_a_internal,False
8,0.7000000000000001,0.8,0.75,15,0.6000000238418579,0.7586513757705688,0.15865135192871094,Chilli,Chilli,track_a_internal,False
9,0.8,0.9,0.8500000000000001,14,0.8571428656578064,0.841740608215332,0.015402257442474365,Chilli,Chilli,track_a_internal,False
10,0.9,1.0,0.95,24,0.8333333134651184,0.9556701183319092,0.12233680486679077,Chilli,Chilli,track_a_internal,False
1,0.0,0.1,0.05,0,0.0,0.0,0.0,Chilli,Chilli,track_a_internal,True
2,0.1,0.2,0.15000000000000002,0,0.0,0.0,0.0,Chilli,Chilli,track_a_internal,True
3,0.2,0.30000000000000004,0.25,3,0.6666666865348816,0.28844165802001953,0.37822502851486206,Chilli,Chilli,track_a_internal,True
4,0.30000000000000004,0.4,0.35000000000000003,13,0.3076923191547394,0.37007638812065125,0.062384068965911865,Chilli,Chilli,track_a_internal,True
5,0.4,0.5,0.45,34,0.4117647111415863,0.4584122896194458,0.0466475784778595,Chilli,Chilli,track_a_internal,True
6,0.5,0.6000000000000001,0.55,33,0.3333333432674408,0.552263081073761,0.2189297378063202,Chilli,Chilli,track_a_internal,True
7,0.6000000000000001,0.7000000000000001,0.6500000000000001,19,0.6315789222717285,0.642352283000946,0.01077336072921753,Chilli,Chilli,track_a_internal,True
8,0.7000000000000001,0.8,0.75,16,0.75,0.7409255504608154,0.00907444953918457,Chilli,Chilli,track_a_internal,True
9,0.8,0.9,0.8500000000000001,14,0.8571428656578064,0.8646132349967957,0.007470369338989258,Chilli,Chilli,track_a_internal,True
10,0.9,1.0,0.95,12,0.8333333134651184,0.9425430297851562,0.10920971632003784,Chilli,Chilli,track_a_internal,True
1,0.0,0.1,0.05,0,0.0,0.0,0.0,Chilli,Chilli,track_b_external,False
2,0.1,0.2,0.15000000000000002,0,0.0,0.0,0.0,Chilli,Chilli,track_b_external,False
3,0.2,0.30000000000000004,0.25,0,0.0,0.0,0.0,Chilli,Chilli,track_b_external,False
4,0.30000000000000004,0.4,0.35000000000000003,6,0.0,0.3825085461139679,0.3825085461139679,Chilli,Chilli,track_b_external,False
5,0.4,0.5,0.45,23,0.30434781312942505,0.467864453792572,0.16351664066314697,Chilli,Chilli,track_b_external,False
6,0.5,0.6000000000000001,0.55,28,0.4285714328289032,0.5470979809761047,0.11852654814720154,Chilli,Chilli,track_b_external,False
7,0.6000000000000001,0.7000000000000001,0.6500000000000001,19,0.42105263471603394,0.6432518362998962,0.2221992015838623,Chilli,Chilli,track_b_external,False
8,0.7000000000000001,0.8,0.75,25,0.5600000023841858,0.7511113882064819,0.19111138582229614,Chilli,Chilli,track_b_external,False
9,0.8,0.9,0.8500000000000001,13,0.9230769276618958,0.8408184051513672,0.08225852251052856,Chilli,Chilli,track_b_external,False
10,0.9,1.0,0.95,6,0.6666666865348816,0.9294139742851257,0.26274728775024414,Chilli,Chilli,track_b_external,False
1,0.0,0.1,0.05,0,0.0,0.0,0.0,Chilli,Chilli,track_b_external,True
2,0.1,0.2,0.15000000000000002,0,0.0,0.0,0.0,Chilli,Chilli,track_b_external,True
3,0.2,0.30000000000000004,0.25,0,0.0,0.0,0.0,Chilli,Chilli,track_b_external,True
4,0.30000000000000004,0.4,0.35000000000000003,10,0.10000000149011612,0.36844363808631897,0.26844363659620285,Chilli,Chilli,track_b_external,True
5,0.4,0.5,0.45,35,0.34285715222358704,0.4576490819454193,0.11479192972183228,Chilli,Chilli,track_b_external,True
6,0.5,0.6000000000000001,0.55,27,0.4444444477558136,0.548323929309845,0.10387948155403137,Chilli,Chilli,track_b_external,True
7,0.6000000000000001,0.7000000000000001,0.6500000000000001,23,0.5652173757553101,0.6504271030426025,0.08520972728729248,Chilli,Chilli,track_b_external,True
8,0.7000000000000001,0.8,0.75,18,0.7777777910232544,0.7424221634864807,0.03535562753677368,Chilli,Chilli,track_b_external,True
9,0.8,0.9,0.8500000000000001,6,0.8333333134651184,0.8489804267883301,0.01564711332321167,Chilli,Chilli,track_b_external,True
10,0.9,1.0,0.95,1,0.0,0.9577385783195496,0.9577385783195496,Chilli,Chilli,track_b_external,True
1,0.0,0.1,0.05,0,0.0,0.0,0.0,Chilli,Chilli,track_c_realworld,False
2,0.1,0.2,0.15000000000000002,0,0.0,0.0,0.0,Chilli,Chilli,track_c_realworld,False
3,0.2,0.30000000000000004,0.25,0,0.0,0.0,0.0,Chilli,Chilli,track_c_realworld,False
4,0.30000000000000004,0.4,0.35000000000000003,4,0.5,0.36313891410827637,0.13686108589172363,Chilli,Chilli,track_c_realworld,False
5,0.4,0.5,0.45,11,0.09090909361839294,0.45343711972236633,0.3625280261039734,Chilli,Chilli,track_c_realworld,False
6,0.5,0.6000000000000001,0.55,23,0.5652173757553101,0.5561652183532715,0.009052157402038574,Chilli,Chilli,track_c_realworld,False
7,0.6000000000000001,0.7000000000000001,0.6500000000000001,20,0.6499999761581421,0.6466563940048218,0.0033435821533203125,Chilli,Chilli,track_c_realworld,False
8,0.7000000000000001,0.8,0.75,18,0.7777777910232544,0.7360990047454834,0.041678786277770996,Chilli,Chilli,track_c_realworld,False
9,0.8,0.9,0.8500000000000001,14,0.6428571343421936,0.8428047895431519,0.19994765520095825,Chilli,Chilli,track_c_realworld,False
10,0.9,1.0,0.95,7,0.8571428656578064,0.9416481852531433,0.08450531959533691,Chilli,Chilli,track_c_realworld,False
1,0.0,0.1,0.05,0,0.0,0.0,0.0,Chilli,Chilli,track_c_realworld,True
2,0.1,0.2,0.15000000000000002,0,0.0,0.0,0.0,Chilli,Chilli,track_c_realworld,True
3,0.2,0.30000000000000004,0.25,0,0.0,0.0,0.0,Chilli,Chilli,track_c_realworld,True
4,0.30000000000000004,0.4,0.35000000000000003,7,0.4285714328289032,0.35987403988838196,0.06869739294052124,Chilli,Chilli,track_c_realworld,True
5,0.4,0.5,0.45,19,0.31578946113586426,0.46133461594581604,0.14554515480995178,Chilli,Chilli,track_c_realworld,True
6,0.5,0.6000000000000001,0.55,28,0.5714285969734192,0.5421832203865051,0.029245376586914062,Chilli,Chilli,track_c_realworld,True
7,0.6000000000000001,0.7000000000000001,0.6500000000000001,21,0.8095238208770752,0.6434242725372314,0.16609954833984375,Chilli,Chilli,track_c_realworld,True
8,0.7000000000000001,0.8,0.75,12,0.6666666865348816,0.7401025891304016,0.07343590259552002,Chilli,Chilli,track_c_realworld,True
9,0.8,0.9,0.8500000000000001,7,0.7142857313156128,0.832740843296051,0.11845511198043823,Chilli,Chilli,track_c_realworld,True
10,0.9,1.0,0.95,3,1.0,0.9295631051063538,0.07043689489364624,Chilli,Chilli,track_c_realworld,True
1,0.0,0.1,0.05,0,0.0,0.0,0.0,Chilli,Chilli,track_d_cross_crop,False
2,0.1,0.2,0.15000000000000002,0,0.0,0.0,0.0,Chilli,Chilli,track_d_cross_crop,False
3,0.2,0.30000000000000004,0.25,0,0.0,0.0,0.0,Chilli,Chilli,track_d_cross_crop,False
4,0.30000000000000004,0.4,0.35000000000000003,3,0.0,0.37537550926208496,0.37537550926208496,Chilli,Chilli,track_d_cross_crop,False
5,0.4,0.5,0.45,12,0.0,0.45194193720817566,0.45194193720817566,Chilli,Chilli,track_d_cross_crop,False
6,0.5,0.6000000000000001,0.55,11,0.0,0.5315420627593994,0.5315420627593994,Chilli,Chilli,track_d_cross_crop,False
7,0.6000000000000001,0.7000000000000001,0.6500000000000001,11,0.0,0.6351612210273743,0.6351612210273743,Chilli,Chilli,track_d_cross_crop,False
8,0.7000000000000001,0.8,0.75,8,0.0,0.7475894689559937,0.7475894689559937,Chilli,Chilli,track_d_cross_crop,False
9,0.8,0.9,0.8500000000000001,16,0.0,0.843383252620697,0.843383252620697,Chilli,Chilli,track_d_cross_crop,False
10,0.9,1.0,0.95,14,0.0,0.9541557431221008,0.9541557431221008,Chilli,Chilli,track_d_cross_crop,False
1,0.0,0.1,0.05,0,0.0,0.0,0.0,Chilli,Chilli,track_d_cross_crop,True
2,0.1,0.2,0.15000000000000002,0,0.0,0.0,0.0,Chilli,Chilli,track_d_cross_crop,True
3,0.2,0.30000000000000004,0.25,0,0.0,0.0,0.0,Chilli,Chilli,track_d_cross_crop,True
4,0.30000000000000004,0.4,0.35000000000000003,7,0.0,0.37132835388183594,0.37132835388183594,Chilli,Chilli,track_d_cross_crop,True
5,0.4,0.5,0.45,17,0.0,0.45211026072502136,0.45211026072502136,Chilli,Chilli,track_d_cross_crop,True
6,0.5,0.6000000000000001,0.55,12,0.0,0.5438482761383057,0.5438482761383057,Chilli,Chilli,track_d_cross_crop,True
7,0.6000000000000001,0.7000000000000001,0.6500000000000001,8,0.0,0.6571651101112366,0.6571651101112366,Chilli,Chilli,track_d_cross_crop,True
8,0.7000000000000001,0.8,0.75,15,0.0,0.7497658133506775,0.7497658133506775,Chilli,Chilli,track_d_cross_crop,True
9,0.8,0.9,0.8500000000000001,8,0.0,0.8456078767776489,0.8456078767776489,Chilli,Chilli,track_d_cross_crop,True
10,0.9,1.0,0.95,8,0.0,0.9418349862098694,0.9418349862098694,Chilli,Chilli,track_d_cross_crop,True
1,0.0,0.1,0.05,0,0.0,0.0,0.0,Chilli,Chilli,track_d_unrelated,False
2,0.1,0.2,0.15000000000000002,0,0.0,0.0,0.0,Chilli,Chilli,track_d_unrelated,False
3,0.2,0.30000000000000004,0.25,0,0.0,0.0,0.0,Chilli,Chilli,track_d_unrelated,False
4,0.30000000000000004,0.4,0.35000000000000003,0,0.0,0.0,0.0,Chilli,Chilli,track_d_unrelated,False
5,0.4,0.5,0.45,2,0.0,0.4697107672691345,0.4697107672691345,Chilli,Chilli,track_d_unrelated,False
6,0.5,0.6000000000000001,0.55,2,0.0,0.580251932144165,0.580251932144165,Chilli,Chilli,track_d_unrelated,False
7,0.6000000000000001,0.7000000000000001,0.6500000000000001,4,0.0,0.6310198307037354,0.6310198307037354,Chilli,Chilli,track_d_unrelated,False
8,0.7000000000000001,0.8,0.75,3,0.0,0.7734391093254089,0.7734391093254089,Chilli,Chilli,track_d_unrelated,False
9,0.8,0.9,0.8500000000000001,5,0.0,0.8688634634017944,0.8688634634017944,Chilli,Chilli,track_d_unrelated,False
10,0.9,1.0,0.95,4,0.0,0.980880081653595,0.980880081653595,Chilli,Chilli,track_d_unrelated,False
1,0.0,0.1,0.05,0,0.0,0.0,0.0,Chilli,Chilli,track_d_unrelated,True
2,0.1,0.2,0.15000000000000002,0,0.0,0.0,0.0,Chilli,Chilli,track_d_unrelated,True
3,0.2,0.30000000000000004,0.25,0,0.0,0.0,0.0,Chilli,Chilli,track_d_unrelated,True
4,0.30000000000000004,0.4,0.35000000000000003,0,0.0,0.0,0.0,Chilli,Chilli,track_d_unrelated,True
5,0.4,0.5,0.45,2,0.0,0.4414641559123993,0.4414641559123993,Chilli,Chilli,track_d_unrelated,True
6,0.5,0.6000000000000001,0.55,5,0.0,0.5302964448928833,0.5302964448928833,Chilli,Chilli,track_d_unrelated,True
7,0.6000000000000001,0.7000000000000001,0.6500000000000001,2,0.0,0.6464470624923706,0.6464470624923706,Chilli,Chilli,track_d_unrelated,True
8,0.7000000000000001,0.8,0.75,5,0.0,0.7436713576316833,0.7436713576316833,Chilli,Chilli,track_d_unrelated,True
9,0.8,0.9,0.8500000000000001,3,0.0,0.8490787148475647,0.8490787148475647,Chilli,Chilli,track_d_unrelated,True
10,0.9,1.0,0.95,3,0.0,0.9770059585571289,0.9770059585571289,Chilli,Chilli,track_d_unrelated,True
1,0.0,0.1,0.05,0,0.0,0.0,0.0,Sugarcane,Sugarcane,validation,False
2,0.1,0.2,0.15000000000000002,0,0.0,0.0,0.0,Sugarcane,Sugarcane,validation,False
3,0.2,0.30000000000000004,0.25,3,0.0,0.28887948393821716,0.28887948393821716,Sugarcane,Sugarcane,validation,False
4,0.30000000000000004,0.4,0.35000000000000003,29,0.4137931168079376,0.3594013452529907,0.0543917715549469,Sugarcane,Sugarcane,validation,False
5,0.4,0.5,0.45,65,0.6153846383094788,0.4529382586479187,0.16244637966156006,Sugarcane,Sugarcane,validation,False
6,0.5,0.6000000000000001,0.55,96,0.59375,0.5495877265930176,0.04416227340698242,Sugarcane,Sugarcane,validation,False
7,0.6000000000000001,0.7000000000000001,0.6500000000000001,125,0.6800000071525574,0.6562608480453491,0.023739159107208252,Sugarcane,Sugarcane,validation,False
8,0.7000000000000001,0.8,0.75,148,0.7702702879905701,0.7489412426948547,0.021329045295715332,Sugarcane,Sugarcane,validation,False
9,0.8,0.9,0.8500000000000001,164,0.8902438879013062,0.8535026907920837,0.03674119710922241,Sugarcane,Sugarcane,validation,False
10,0.9,1.0,0.95,709,0.9675599336624146,0.9759919047355652,0.008431971073150635,Sugarcane,Sugarcane,validation,False
1,0.0,0.1,0.05,0,0.0,0.0,0.0,Sugarcane,Sugarcane,validation,True
2,0.1,0.2,0.15000000000000002,0,0.0,0.0,0.0,Sugarcane,Sugarcane,validation,True
3,0.2,0.30000000000000004,0.25,2,0.0,0.2890486419200897,0.2890486419200897,Sugarcane,Sugarcane,validation,True
4,0.30000000000000004,0.4,0.35000000000000003,25,0.4399999976158142,0.354707807302475,0.08529219031333923,Sugarcane,Sugarcane,validation,True
5,0.4,0.5,0.45,68,0.5882353186607361,0.45426833629608154,0.13396698236465454,Sugarcane,Sugarcane,validation,True
6,0.5,0.6000000000000001,0.55,83,0.6024096608161926,0.5487155914306641,0.053694069385528564,Sugarcane,Sugarcane,validation,True
7,0.6000000000000001,0.7000000000000001,0.6500000000000001,121,0.6694214940071106,0.6547006368637085,0.0147208571434021,Sugarcane,Sugarcane,validation,True
8,0.7000000000000001,0.8,0.75,146,0.732876718044281,0.7490026950836182,0.016125977039337158,Sugarcane,Sugarcane,validation,True
9,0.8,0.9,0.8500000000000001,162,0.8765432238578796,0.8525699377059937,0.023973286151885986,Sugarcane,Sugarcane,validation,True
10,0.9,1.0,0.95,732,0.9685792326927185,0.9770136475563049,0.008434414863586426,Sugarcane,Sugarcane,validation,True
1,0.0,0.1,0.05,0,0.0,0.0,0.0,Sugarcane,Sugarcane,internal_test,False
2,0.1,0.2,0.15000000000000002,0,0.0,0.0,0.0,Sugarcane,Sugarcane,internal_test,False
3,0.2,0.30000000000000004,0.25,4,0.25,0.2827986478805542,0.0327986478805542,Sugarcane,Sugarcane,internal_test,False
4,0.30000000000000004,0.4,0.35000000000000003,31,0.35483869910240173,0.36923158168792725,0.014392882585525513,Sugarcane,Sugarcane,internal_test,False
5,0.4,0.5,0.45,67,0.4776119291782379,0.45470961928367615,0.022902309894561768,Sugarcane,Sugarcane,internal_test,False
6,0.5,0.6000000000000001,0.55,96,0.53125,0.5489968657493591,0.01774686574935913,Sugarcane,Sugarcane,internal_test,False
7,0.6000000000000001,0.7000000000000001,0.6500000000000001,110,0.7090908885002136,0.6578185558319092,0.05127233266830444,Sugarcane,Sugarcane,internal_test,False
8,0.7000000000000001,0.8,0.75,125,0.7200000286102295,0.7500327229499817,0.030032694339752197,Sugarcane,Sugarcane,internal_test,False
9,0.8,0.9,0.8500000000000001,165,0.7939394116401672,0.8516614437103271,0.05772203207015991,Sugarcane,Sugarcane,internal_test,False
10,0.9,1.0,0.95,742,0.9757412672042847,0.9756638407707214,7.742643356323242e-05,Sugarcane,Sugarcane,internal_test,False
1,0.0,0.1,0.05,0,0.0,0.0,0.0,Sugarcane,Sugarcane,internal_test,True
2,0.1,0.2,0.15000000000000002,0,0.0,0.0,0.0,Sugarcane,Sugarcane,internal_test,True
3,0.2,0.30000000000000004,0.25,3,0.0,0.2809908390045166,0.2809908390045166,Sugarcane,Sugarcane,internal_test,True
4,0.30000000000000004,0.4,0.35000000000000003,27,0.3333333432674408,0.36808067560195923,0.03474733233451843,Sugarcane,Sugarcane,internal_test,True
5,0.4,0.5,0.45,68,0.47058823704719543,0.45525726675987244,0.015330970287322998,Sugarcane,Sugarcane,internal_test,True
6,0.5,0.6000000000000001,0.55,87,0.540229856967926,0.5481236577033997,0.007893800735473633,Sugarcane,Sugarcane,internal_test,True
7,0.6000000000000001,0.7000000000000001,0.6500000000000001,104,0.6634615659713745,0.6553008556365967,0.008160710334777832,Sugarcane,Sugarcane,internal_test,True
8,0.7000000000000001,0.8,0.75,128,0.7265625,0.749481201171875,0.022918701171875,Sugarcane,Sugarcane,internal_test,True
9,0.8,0.9,0.8500000000000001,152,0.7828947305679321,0.8500249981880188,0.06713026762008667,Sugarcane,Sugarcane,internal_test,True
10,0.9,1.0,0.95,771,0.9714656472206116,0.9763330221176147,0.004867374897003174,Sugarcane,Sugarcane,internal_test,True
1,0.0,0.1,0.05,0,0.0,0.0,0.0,Sugarcane,Sugarcane,validation,False
2,0.1,0.2,0.15000000000000002,0,0.0,0.0,0.0,Sugarcane,Sugarcane,validation,False
3,0.2,0.30000000000000004,0.25,3,0.0,0.28887948393821716,0.28887948393821716,Sugarcane,Sugarcane,validation,False
4,0.30000000000000004,0.4,0.35000000000000003,29,0.4137931168079376,0.3594013452529907,0.0543917715549469,Sugarcane,Sugarcane,validation,False
5,0.4,0.5,0.45,65,0.6153846383094788,0.4529382586479187,0.16244637966156006,Sugarcane,Sugarcane,validation,False
6,0.5,0.6000000000000001,0.55,96,0.59375,0.5495877265930176,0.04416227340698242,Sugarcane,Sugarcane,validation,False
7,0.6000000000000001,0.7000000000000001,0.6500000000000001,125,0.6800000071525574,0.6562608480453491,0.023739159107208252,Sugarcane,Sugarcane,validation,False
8,0.7000000000000001,0.8,0.75,148,0.7702702879905701,0.7489412426948547,0.021329045295715332,Sugarcane,Sugarcane,validation,False
9,0.8,0.9,0.8500000000000001,164,0.8902438879013062,0.8535026907920837,0.03674119710922241,Sugarcane,Sugarcane,validation,False
10,0.9,1.0,0.95,709,0.9675599336624146,0.9759919047355652,0.008431971073150635,Sugarcane,Sugarcane,validation,False
1,0.0,0.1,0.05,0,0.0,0.0,0.0,Sugarcane,Sugarcane,validation,True
2,0.1,0.2,0.15000000000000002,0,0.0,0.0,0.0,Sugarcane,Sugarcane,validation,True
3,0.2,0.30000000000000004,0.25,2,0.0,0.2890486419200897,0.2890486419200897,Sugarcane,Sugarcane,validation,True
4,0.30000000000000004,0.4,0.35000000000000003,25,0.4399999976158142,0.354707807302475,0.08529219031333923,Sugarcane,Sugarcane,validation,True
5,0.4,0.5,0.45,68,0.5882353186607361,0.45426833629608154,0.13396698236465454,Sugarcane,Sugarcane,validation,True
6,0.5,0.6000000000000001,0.55,83,0.6024096608161926,0.5487155914306641,0.053694069385528564,Sugarcane,Sugarcane,validation,True
7,0.6000000000000001,0.7000000000000001,0.6500000000000001,121,0.6694214940071106,0.6547006368637085,0.0147208571434021,Sugarcane,Sugarcane,validation,True
8,0.7000000000000001,0.8,0.75,146,0.732876718044281,0.7490026950836182,0.016125977039337158,Sugarcane,Sugarcane,validation,True
9,0.8,0.9,0.8500000000000001,162,0.8765432238578796,0.8525699377059937,0.023973286151885986,Sugarcane,Sugarcane,validation,True
10,0.9,1.0,0.95,732,0.9685792326927185,0.9770136475563049,0.008434414863586426,Sugarcane,Sugarcane,validation,True
1,0.0,0.1,0.05,0,0.0,0.0,0.0,Sugarcane,Sugarcane,internal_test,False
2,0.1,0.2,0.15000000000000002,0,0.0,0.0,0.0,Sugarcane,Sugarcane,internal_test,False
3,0.2,0.30000000000000004,0.25,4,0.25,0.2827986478805542,0.0327986478805542,Sugarcane,Sugarcane,internal_test,False
4,0.30000000000000004,0.4,0.35000000000000003,31,0.35483869910240173,0.36923158168792725,0.014392882585525513,Sugarcane,Sugarcane,internal_test,False
5,0.4,0.5,0.45,67,0.4776119291782379,0.45470961928367615,0.022902309894561768,Sugarcane,Sugarcane,internal_test,False
6,0.5,0.6000000000000001,0.55,96,0.53125,0.5489968657493591,0.01774686574935913,Sugarcane,Sugarcane,internal_test,False
7,0.6000000000000001,0.7000000000000001,0.6500000000000001,110,0.7090908885002136,0.6578185558319092,0.05127233266830444,Sugarcane,Sugarcane,internal_test,False
8,0.7000000000000001,0.8,0.75,125,0.7200000286102295,0.7500327229499817,0.030032694339752197,Sugarcane,Sugarcane,internal_test,False
9,0.8,0.9,0.8500000000000001,165,0.7939394116401672,0.8516614437103271,0.05772203207015991,Sugarcane,Sugarcane,internal_test,False
10,0.9,1.0,0.95,742,0.9757412672042847,0.9756638407707214,7.742643356323242e-05,Sugarcane,Sugarcane,internal_test,False
1,0.0,0.1,0.05,0,0.0,0.0,0.0,Sugarcane,Sugarcane,internal_test,True
2,0.1,0.2,0.15000000000000002,0,0.0,0.0,0.0,Sugarcane,Sugarcane,internal_test,True
3,0.2,0.30000000000000004,0.25,3,0.0,0.2809908390045166,0.2809908390045166,Sugarcane,Sugarcane,internal_test,True
4,0.30000000000000004,0.4,0.35000000000000003,27,0.3333333432674408,0.36808067560195923,0.03474733233451843,Sugarcane,Sugarcane,internal_test,True
5,0.4,0.5,0.45,68,0.47058823704719543,0.45525726675987244,0.015330970287322998,Sugarcane,Sugarcane,internal_test,True
6,0.5,0.6000000000000001,0.55,87,0.540229856967926,0.5481236577033997,0.007893800735473633,Sugarcane,Sugarcane,internal_test,True
7,0.6000000000000001,0.7000000000000001,0.6500000000000001,104,0.6634615659713745,0.6553008556365967,0.008160710334777832,Sugarcane,Sugarcane,internal_test,True
8,0.7000000000000001,0.8,0.75,128,0.7265625,0.749481201171875,0.022918701171875,Sugarcane,Sugarcane,internal_test,True
9,0.8,0.9,0.8500000000000001,152,0.7828947305679321,0.8500249981880188,0.06713026762008667,Sugarcane,Sugarcane,internal_test,True
10,0.9,1.0,0.95,771,0.9714656472206116,0.9763330221176147,0.004867374897003174,Sugarcane,Sugarcane,internal_test,True
1,0.0,0.1,0.05,0,0.0,0.0,0.0,Sugarcane,Sugarcane,track_a_internal,False
2,0.1,0.2,0.15000000000000002,0,0.0,0.0,0.0,Sugarcane,Sugarcane,track_a_internal,False
3,0.2,0.30000000000000004,0.25,3,0.0,0.27784666419029236,0.27784666419029236,Sugarcane,Sugarcane,track_a_internal,False
4,0.30000000000000004,0.4,0.35000000000000003,11,0.3636363744735718,0.3566545844078064,0.006981790065765381,Sugarcane,Sugarcane,track_a_internal,False
5,0.4,0.5,0.45,26,0.6538461446762085,0.4626252353191376,0.19122090935707092,Sugarcane,Sugarcane,track_a_internal,False
6,0.5,0.6000000000000001,0.55,33,0.5757575631141663,0.5494493842124939,0.026308178901672363,Sugarcane,Sugarcane,track_a_internal,False
7,0.6000000000000001,0.7000000000000001,0.6500000000000001,38,0.6052631735801697,0.6562299132347107,0.050966739654541016,Sugarcane,Sugarcane,track_a_internal,False
8,0.7000000000000001,0.8,0.75,48,0.6458333134651184,0.7484011650085449,0.10256785154342651,Sugarcane,Sugarcane,track_a_internal,False
9,0.8,0.9,0.8500000000000001,58,0.7241379022598267,0.8467776775360107,0.12263977527618408,Sugarcane,Sugarcane,track_a_internal,False
10,0.9,1.0,0.95,233,0.9527897238731384,0.9757529497146606,0.022963225841522217,Sugarcane,Sugarcane,track_a_internal,False
1,0.0,0.1,0.05,0,0.0,0.0,0.0,Sugarcane,Sugarcane,track_a_internal,True
2,0.1,0.2,0.15000000000000002,0,0.0,0.0,0.0,Sugarcane,Sugarcane,track_a_internal,True
3,0.2,0.30000000000000004,0.25,3,0.0,0.2809908390045166,0.2809908390045166,Sugarcane,Sugarcane,track_a_internal,True
4,0.30000000000000004,0.4,0.35000000000000003,10,0.30000001192092896,0.3588920533657074,0.05889204144477844,Sugarcane,Sugarcane,track_a_internal,True
5,0.4,0.5,0.45,25,0.6399999856948853,0.4635448455810547,0.17645514011383057,Sugarcane,Sugarcane,track_a_internal,True
6,0.5,0.6000000000000001,0.55,30,0.6333333253860474,0.5447279214859009,0.08860540390014648,Sugarcane,Sugarcane,track_a_internal,True
7,0.6000000000000001,0.7000000000000001,0.6500000000000001,38,0.5526315569877625,0.6551524996757507,0.10252094268798828,Sugarcane,Sugarcane,track_a_internal,True
8,0.7000000000000001,0.8,0.75,48,0.6458333134651184,0.7507891654968262,0.10495585203170776,Sugarcane,Sugarcane,track_a_internal,True
9,0.8,0.9,0.8500000000000001,53,0.7169811129570007,0.8458365797996521,0.12885546684265137,Sugarcane,Sugarcane,track_a_internal,True
10,0.9,1.0,0.95,243,0.9465020298957825,0.9761084914207458,0.02960646152496338,Sugarcane,Sugarcane,track_a_internal,True
1,0.0,0.1,0.05,0,0.0,0.0,0.0,Sugarcane,Sugarcane,track_b_external,False
2,0.1,0.2,0.15000000000000002,0,0.0,0.0,0.0,Sugarcane,Sugarcane,track_b_external,False
3,0.2,0.30000000000000004,0.25,2,0.0,0.2767130732536316,0.2767130732536316,Sugarcane,Sugarcane,track_b_external,False
4,0.30000000000000004,0.4,0.35000000000000003,8,0.375,0.3568260371685028,0.018173962831497192,Sugarcane,Sugarcane,track_b_external,False
5,0.4,0.5,0.45,9,0.2222222238779068,0.45156702399253845,0.22934480011463165,Sugarcane,Sugarcane,track_b_external,False
6,0.5,0.6000000000000001,0.55,8,0.0,0.5778732895851135,0.5778732895851135,Sugarcane,Sugarcane,track_b_external,False
7,0.6000000000000001,0.7000000000000001,0.6500000000000001,7,0.2857142984867096,0.6580321192741394,0.3723178207874298,Sugarcane,Sugarcane,track_b_external,False
8,0.7000000000000001,0.8,0.75,8,0.375,0.7336733937263489,0.3586733937263489,Sugarcane,Sugarcane,track_b_external,False
9,0.8,0.9,0.8500000000000001,7,0.4285714328289032,0.8381829261779785,0.4096114933490753,Sugarcane,Sugarcane,track_b_external,False
10,0.9,1.0,0.95,11,0.6363636255264282,0.964790940284729,0.3284273147583008,Sugarcane,Sugarcane,track_b_external,False
1,0.0,0.1,0.05,0,0.0,0.0,0.0,Sugarcane,Sugarcane,track_b_external,True
2,0.1,0.2,0.15000000000000002,0,0.0,0.0,0.0,Sugarcane,Sugarcane,track_b_external,True
3,0.2,0.30000000000000004,0.25,2,0.0,0.28259754180908203,0.28259754180908203,Sugarcane,Sugarcane,track_b_external,True
4,0.30000000000000004,0.4,0.35000000000000003,8,0.375,0.3639075458049774,0.011092454195022583,Sugarcane,Sugarcane,track_b_external,True
5,0.4,0.5,0.45,7,0.2857142984867096,0.447247713804245,0.1615334153175354,Sugarcane,Sugarcane,track_b_external,True
6,0.5,0.6000000000000001,0.55,6,0.0,0.5506507754325867,0.5506507754325867,Sugarcane,Sugarcane,track_b_external,True
7,0.6000000000000001,0.7000000000000001,0.6500000000000001,9,0.1111111119389534,0.637230634689331,0.5261195227503777,Sugarcane,Sugarcane,track_b_external,True
8,0.7000000000000001,0.8,0.75,10,0.4000000059604645,0.7409731149673462,0.3409731090068817,Sugarcane,Sugarcane,track_b_external,True
9,0.8,0.9,0.8500000000000001,6,0.3333333432674408,0.8424599766731262,0.5091266334056854,Sugarcane,Sugarcane,track_b_external,True
10,0.9,1.0,0.95,12,0.6666666865348816,0.964819610118866,0.2981529235839844,Sugarcane,Sugarcane,track_b_external,True
1,0.0,0.1,0.05,0,0.0,0.0,0.0,Sugarcane,Sugarcane,track_c_realworld,False
2,0.1,0.2,0.15000000000000002,0,0.0,0.0,0.0,Sugarcane,Sugarcane,track_c_realworld,False
3,0.2,0.30000000000000004,0.25,1,0.0,0.25231409072875977,0.25231409072875977,Sugarcane,Sugarcane,track_c_realworld,False
4,0.30000000000000004,0.4,0.35000000000000003,3,0.3333333432674408,0.3528940975666046,0.01956075429916382,Sugarcane,Sugarcane,track_c_realworld,False
5,0.4,0.5,0.45,5,0.20000000298023224,0.43980932235717773,0.2398093193769455,Sugarcane,Sugarcane,track_c_realworld,False
6,0.5,0.6000000000000001,0.55,4,0.25,0.5683097839355469,0.3183097839355469,Sugarcane,Sugarcane,track_c_realworld,False
7,0.6000000000000001,0.7000000000000001,0.6500000000000001,5,0.20000000298023224,0.6369991302490234,0.4369991272687912,Sugarcane,Sugarcane,track_c_realworld,False
8,0.7000000000000001,0.8,0.75,5,0.0,0.7541888356208801,0.7541888356208801,Sugarcane,Sugarcane,track_c_realworld,False
9,0.8,0.9,0.8500000000000001,5,0.6000000238418579,0.8319131135940552,0.23191308975219727,Sugarcane,Sugarcane,track_c_realworld,False
10,0.9,1.0,0.95,12,0.3333333432674408,0.9602193832397461,0.6268860399723053,Sugarcane,Sugarcane,track_c_realworld,False
1,0.0,0.1,0.05,0,0.0,0.0,0.0,Sugarcane,Sugarcane,track_c_realworld,True
2,0.1,0.2,0.15000000000000002,0,0.0,0.0,0.0,Sugarcane,Sugarcane,track_c_realworld,True
3,0.2,0.30000000000000004,0.25,1,0.0,0.25487446784973145,0.25487446784973145,Sugarcane,Sugarcane,track_c_realworld,True
4,0.30000000000000004,0.4,0.35000000000000003,2,0.5,0.33872735500335693,0.16127264499664307,Sugarcane,Sugarcane,track_c_realworld,True
5,0.4,0.5,0.45,6,0.1666666716337204,0.4398665726184845,0.2731999009847641,Sugarcane,Sugarcane,track_c_realworld,True
6,0.5,0.6000000000000001,0.55,3,0.0,0.5733840465545654,0.5733840465545654,Sugarcane,Sugarcane,track_c_realworld,True
7,0.6000000000000001,0.7000000000000001,0.6500000000000001,6,0.3333333432674408,0.6414986848831177,0.3081653416156769,Sugarcane,Sugarcane,track_c_realworld,True
8,0.7000000000000001,0.8,0.75,5,0.0,0.7689598202705383,0.7689598202705383,Sugarcane,Sugarcane,track_c_realworld,True
9,0.8,0.9,0.8500000000000001,4,0.5,0.8311619758605957,0.3311619758605957,Sugarcane,Sugarcane,track_c_realworld,True
10,0.9,1.0,0.95,13,0.38461539149284363,0.9602712988853455,0.5756559073925018,Sugarcane,Sugarcane,track_c_realworld,True
1,0.0,0.1,0.05,0,0.0,0.0,0.0,Sugarcane,Sugarcane,track_d_cross_crop,False
2,0.1,0.2,0.15000000000000002,0,0.0,0.0,0.0,Sugarcane,Sugarcane,track_d_cross_crop,False
3,0.2,0.30000000000000004,0.25,0,0.0,0.0,0.0,Sugarcane,Sugarcane,track_d_cross_crop,False
4,0.30000000000000004,0.4,0.35000000000000003,2,0.0,0.3654600977897644,0.3654600977897644,Sugarcane,Sugarcane,track_d_cross_crop,False
5,0.4,0.5,0.45,6,0.0,0.4544977843761444,0.4544977843761444,Sugarcane,Sugarcane,track_d_cross_crop,False
6,0.5,0.6000000000000001,0.55,7,0.0,0.5656680464744568,0.5656680464744568,Sugarcane,Sugarcane,track_d_cross_crop,False
7,0.6000000000000001,0.7000000000000001,0.6500000000000001,15,0.0,0.6516675353050232,0.6516675353050232,Sugarcane,Sugarcane,track_d_cross_crop,False
8,0.7000000000000001,0.8,0.75,11,0.0,0.7432917952537537,0.7432917952537537,Sugarcane,Sugarcane,track_d_cross_crop,False
9,0.8,0.9,0.8500000000000001,13,0.0,0.8563038110733032,0.8563038110733032,Sugarcane,Sugarcane,track_d_cross_crop,False
10,0.9,1.0,0.95,21,0.0,0.9584008455276489,0.9584008455276489,Sugarcane,Sugarcane,track_d_cross_crop,False
1,0.0,0.1,0.05,0,0.0,0.0,0.0,Sugarcane,Sugarcane,track_d_cross_crop,True
2,0.1,0.2,0.15000000000000002,0,0.0,0.0,0.0,Sugarcane,Sugarcane,track_d_cross_crop,True
3,0.2,0.30000000000000004,0.25,0,0.0,0.0,0.0,Sugarcane,Sugarcane,track_d_cross_crop,True
4,0.30000000000000004,0.4,0.35000000000000003,1,0.0,0.33521702885627747,0.33521702885627747,Sugarcane,Sugarcane,track_d_cross_crop,True
5,0.4,0.5,0.45,7,0.0,0.4547797739505768,0.4547797739505768,Sugarcane,Sugarcane,track_d_cross_crop,True
6,0.5,0.6000000000000001,0.55,6,0.0,0.5708684325218201,0.5708684325218201,Sugarcane,Sugarcane,track_d_cross_crop,True
7,0.6000000000000001,0.7000000000000001,0.6500000000000001,15,0.0,0.65782630443573,0.65782630443573,Sugarcane,Sugarcane,track_d_cross_crop,True
8,0.7000000000000001,0.8,0.75,11,0.0,0.7482579946517944,0.7482579946517944,Sugarcane,Sugarcane,track_d_cross_crop,True
9,0.8,0.9,0.8500000000000001,12,0.0,0.8577226996421814,0.8577226996421814,Sugarcane,Sugarcane,track_d_cross_crop,True
10,0.9,1.0,0.95,23,0.0,0.958591103553772,0.958591103553772,Sugarcane,Sugarcane,track_d_cross_crop,True
1,0.0,0.1,0.05,0,0.0,0.0,0.0,Sugarcane,Sugarcane,track_d_unrelated,False
2,0.1,0.2,0.15000000000000002,0,0.0,0.0,0.0,Sugarcane,Sugarcane,track_d_unrelated,False
3,0.2,0.30000000000000004,0.25,0,0.0,0.0,0.0,Sugarcane,Sugarcane,track_d_unrelated,False
4,0.30000000000000004,0.4,0.35000000000000003,2,0.0,0.3595083951950073,0.3595083951950073,Sugarcane,Sugarcane,track_d_unrelated,False
5,0.4,0.5,0.45,3,0.0,0.48415616154670715,0.48415616154670715,Sugarcane,Sugarcane,track_d_unrelated,False
6,0.5,0.6000000000000001,0.55,2,0.0,0.5712435245513916,0.5712435245513916,Sugarcane,Sugarcane,track_d_unrelated,False
7,0.6000000000000001,0.7000000000000001,0.6500000000000001,4,0.0,0.6631072759628296,0.6631072759628296,Sugarcane,Sugarcane,track_d_unrelated,False
8,0.7000000000000001,0.8,0.75,2,0.0,0.7449089288711548,0.7449089288711548,Sugarcane,Sugarcane,track_d_unrelated,False
9,0.8,0.9,0.8500000000000001,1,0.0,0.839236855506897,0.839236855506897,Sugarcane,Sugarcane,track_d_unrelated,False
10,0.9,1.0,0.95,6,0.0,0.9739239811897278,0.9739239811897278,Sugarcane,Sugarcane,track_d_unrelated,False
1,0.0,0.1,0.05,0,0.0,0.0,0.0,Sugarcane,Sugarcane,track_d_unrelated,True
2,0.1,0.2,0.15000000000000002,0,0.0,0.0,0.0,Sugarcane,Sugarcane,track_d_unrelated,True
3,0.2,0.30000000000000004,0.25,0,0.0,0.0,0.0,Sugarcane,Sugarcane,track_d_unrelated,True
4,0.30000000000000004,0.4,0.35000000000000003,2,0.0,0.36626213788986206,0.36626213788986206,Sugarcane,Sugarcane,track_d_unrelated,True
5,0.4,0.5,0.45,2,0.0,0.48470133543014526,0.48470133543014526,Sugarcane,Sugarcane,track_d_unrelated,True
6,0.5,0.6000000000000001,0.55,2,0.0,0.5259561538696289,0.5259561538696289,Sugarcane,Sugarcane,track_d_unrelated,True
7,0.6000000000000001,0.7000000000000001,0.6500000000000001,4,0.0,0.6575582027435303,0.6575582027435303,Sugarcane,Sugarcane,track_d_unrelated,True
8,0.7000000000000001,0.8,0.75,3,0.0,0.7401185035705566,0.7401185035705566,Sugarcane,Sugarcane,track_d_unrelated,True
9,0.8,0.9,0.8500000000000001,1,0.0,0.8490682244300842,0.8490682244300842,Sugarcane,Sugarcane,track_d_unrelated,True
10,0.9,1.0,0.95,6,0.0,0.9779467582702637,0.9779467582702637,Sugarcane,Sugarcane,track_d_unrelated,True
1,0.0,0.1,0.05,0,0.0,0.0,0.0,Chilli (Candidate D - Supplementary),Chilli,validation,False
2,0.1,0.2,0.15000000000000002,0,0.0,0.0,0.0,Chilli (Candidate D - Supplementary),Chilli,validation,False
3,0.2,0.30000000000000004,0.25,2,0.0,0.2882508933544159,0.2882508933544159,Chilli (Candidate D - Supplementary),Chilli,validation,False
4,0.30000000000000004,0.4,0.35000000000000003,12,0.0833333358168602,0.36918362975120544,0.28585029393434525,Chilli (Candidate D - Supplementary),Chilli,validation,False
5,0.4,0.5,0.45,9,0.2222222238779068,0.4478065073490143,0.22558428347110748,Chilli (Candidate D - Supplementary),Chilli,validation,False
6,0.5,0.6000000000000001,0.55,30,0.4000000059604645,0.5505372881889343,0.15053728222846985,Chilli (Candidate D - Supplementary),Chilli,validation,False
7,0.6000000000000001,0.7000000000000001,0.6500000000000001,38,0.6578947305679321,0.6538739204406738,0.004020810127258301,Chilli (Candidate D - Supplementary),Chilli,validation,False
8,0.7000000000000001,0.8,0.75,24,0.7916666865348816,0.757282555103302,0.03438413143157959,Chilli (Candidate D - Supplementary),Chilli,validation,False
9,0.8,0.9,0.8500000000000001,43,0.7674418687820435,0.8507833480834961,0.08334147930145264,Chilli (Candidate D - Supplementary),Chilli,validation,False
10,0.9,1.0,0.95,132,0.9015151262283325,0.9703141450881958,0.06879901885986328,Chilli (Candidate D - Supplementary),Chilli,validation,False
1,0.0,0.1,0.05,0,0.0,0.0,0.0,Chilli (Candidate D - Supplementary),Chilli,validation,True
2,0.1,0.2,0.15000000000000002,0,0.0,0.0,0.0,Chilli (Candidate D - Supplementary),Chilli,validation,True
3,0.2,0.30000000000000004,0.25,2,0.0,0.26836612820625305,0.26836612820625305,Chilli (Candidate D - Supplementary),Chilli,validation,True
4,0.30000000000000004,0.4,0.35000000000000003,18,0.1666666716337204,0.3420867919921875,0.1754201203584671,Chilli (Candidate D - Supplementary),Chilli,validation,True
5,0.4,0.5,0.45,30,0.4000000059604645,0.4563257098197937,0.056325703859329224,Chilli (Candidate D - Supplementary),Chilli,validation,True
6,0.5,0.6000000000000001,0.55,44,0.6363636255264282,0.5437137484550476,0.09264987707138062,Chilli (Candidate D - Supplementary),Chilli,validation,True
7,0.6000000000000001,0.7000000000000001,0.6500000000000001,40,0.75,0.6498772501945496,0.10012274980545044,Chilli (Candidate D - Supplementary),Chilli,validation,True
8,0.7000000000000001,0.8,0.75,41,0.7804877758026123,0.7550721168518066,0.025415658950805664,Chilli (Candidate D - Supplementary),Chilli,validation,True
9,0.8,0.9,0.8500000000000001,43,0.8837209343910217,0.8611531853675842,0.0225677490234375,Chilli (Candidate D - Supplementary),Chilli,validation,True
10,0.9,1.0,0.95,72,0.9444444179534912,0.9568642377853394,0.012419819831848145,Chilli (Candidate D - Supplementary),Chilli,validation,True
1,0.0,0.1,0.05,0,0.0,0.0,0.0,Chilli (Candidate D - Supplementary),Chilli,internal_test,False
2,0.1,0.2,0.15000000000000002,0,0.0,0.0,0.0,Chilli (Candidate D - Supplementary),Chilli,internal_test,False
3,0.2,0.30000000000000004,0.25,0,0.0,0.0,0.0,Chilli (Candidate D - Supplementary),Chilli,internal_test,False
4,0.30000000000000004,0.4,0.35000000000000003,6,0.1666666716337204,0.35481488704681396,0.18814821541309357,Chilli (Candidate D - Supplementary),Chilli,internal_test,False
5,0.4,0.5,0.45,28,0.4285714328289032,0.4564184844493866,0.0278470516204834,Chilli (Candidate D - Supplementary),Chilli,internal_test,False
6,0.5,0.6000000000000001,0.55,23,0.47826087474823,0.5410224795341492,0.06276160478591919,Chilli (Candidate D - Supplementary),Chilli,internal_test,False
7,0.6000000000000001,0.7000000000000001,0.6500000000000001,36,0.4166666567325592,0.6473156809806824,0.23064902424812317,Chilli (Candidate D - Supplementary),Chilli,internal_test,False
8,0.7000000000000001,0.8,0.75,19,0.6842105388641357,0.7451652884483337,0.060954749584198,Chilli (Candidate D - Supplementary),Chilli,internal_test,False
9,0.8,0.9,0.8500000000000001,45,0.644444465637207,0.8544217348098755,0.20997726917266846,Chilli (Candidate D - Supplementary),Chilli,internal_test,False
10,0.9,1.0,0.95,133,0.8872180581092834,0.9738321900367737,0.08661413192749023,Chilli (Candidate D - Supplementary),Chilli,internal_test,False
1,0.0,0.1,0.05,0,0.0,0.0,0.0,Chilli (Candidate D - Supplementary),Chilli,internal_test,True
2,0.1,0.2,0.15000000000000002,0,0.0,0.0,0.0,Chilli (Candidate D - Supplementary),Chilli,internal_test,True
3,0.2,0.30000000000000004,0.25,1,0.0,0.29377445578575134,0.29377445578575134,Chilli (Candidate D - Supplementary),Chilli,internal_test,True
4,0.30000000000000004,0.4,0.35000000000000003,23,0.43478259444236755,0.3643184006214142,0.07046419382095337,Chilli (Candidate D - Supplementary),Chilli,internal_test,True
5,0.4,0.5,0.45,36,0.3888888955116272,0.4454856514930725,0.05659675598144531,Chilli (Candidate D - Supplementary),Chilli,internal_test,True
6,0.5,0.6000000000000001,0.55,39,0.5128205418586731,0.5480206608772278,0.03520011901855469,Chilli (Candidate D - Supplementary),Chilli,internal_test,True
7,0.6000000000000001,0.7000000000000001,0.6500000000000001,30,0.6333333253860474,0.6538755297660828,0.0205422043800354,Chilli (Candidate D - Supplementary),Chilli,internal_test,True
8,0.7000000000000001,0.8,0.75,43,0.7209302186965942,0.7563445568084717,0.03541433811187744,Chilli (Candidate D - Supplementary),Chilli,internal_test,True
9,0.8,0.9,0.8500000000000001,46,0.8478260636329651,0.8622201681137085,0.014394104480743408,Chilli (Candidate D - Supplementary),Chilli,internal_test,True
10,0.9,1.0,0.95,72,0.9166666865348816,0.961381196975708,0.044714510440826416,Chilli (Candidate D - Supplementary),Chilli,internal_test,True
1,0.0,0.1,0.05,0,0.0,0.0,0.0,Chilli (Candidate D - Supplementary),Chilli,validation,False
2,0.1,0.2,0.15000000000000002,0,0.0,0.0,0.0,Chilli (Candidate D - Supplementary),Chilli,validation,False
3,0.2,0.30000000000000004,0.25,2,0.0,0.2882508933544159,0.2882508933544159,Chilli (Candidate D - Supplementary),Chilli,validation,False
4,0.30000000000000004,0.4,0.35000000000000003,12,0.0833333358168602,0.36918362975120544,0.28585029393434525,Chilli (Candidate D - Supplementary),Chilli,validation,False
5,0.4,0.5,0.45,9,0.2222222238779068,0.4478065073490143,0.22558428347110748,Chilli (Candidate D - Supplementary),Chilli,validation,False
6,0.5,0.6000000000000001,0.55,30,0.4000000059604645,0.5505372881889343,0.15053728222846985,Chilli (Candidate D - Supplementary),Chilli,validation,False
7,0.6000000000000001,0.7000000000000001,0.6500000000000001,38,0.6578947305679321,0.6538739204406738,0.004020810127258301,Chilli (Candidate D - Supplementary),Chilli,validation,False
8,0.7000000000000001,0.8,0.75,24,0.7916666865348816,0.757282555103302,0.03438413143157959,Chilli (Candidate D - Supplementary),Chilli,validation,False
9,0.8,0.9,0.8500000000000001,43,0.7674418687820435,0.8507833480834961,0.08334147930145264,Chilli (Candidate D - Supplementary),Chilli,validation,False
10,0.9,1.0,0.95,132,0.9015151262283325,0.9703141450881958,0.06879901885986328,Chilli (Candidate D - Supplementary),Chilli,validation,False
1,0.0,0.1,0.05,0,0.0,0.0,0.0,Chilli (Candidate D - Supplementary),Chilli,validation,True
2,0.1,0.2,0.15000000000000002,0,0.0,0.0,0.0,Chilli (Candidate D - Supplementary),Chilli,validation,True
3,0.2,0.30000000000000004,0.25,2,0.0,0.26836612820625305,0.26836612820625305,Chilli (Candidate D - Supplementary),Chilli,validation,True
4,0.30000000000000004,0.4,0.35000000000000003,18,0.1666666716337204,0.3420867919921875,0.1754201203584671,Chilli (Candidate D - Supplementary),Chilli,validation,True
5,0.4,0.5,0.45,30,0.4000000059604645,0.4563257098197937,0.056325703859329224,Chilli (Candidate D - Supplementary),Chilli,validation,True
6,0.5,0.6000000000000001,0.55,44,0.6363636255264282,0.5437137484550476,0.09264987707138062,Chilli (Candidate D - Supplementary),Chilli,validation,True
7,0.6000000000000001,0.7000000000000001,0.6500000000000001,40,0.75,0.6498772501945496,0.10012274980545044,Chilli (Candidate D - Supplementary),Chilli,validation,True
8,0.7000000000000001,0.8,0.75,41,0.7804877758026123,0.7550721168518066,0.025415658950805664,Chilli (Candidate D - Supplementary),Chilli,validation,True
9,0.8,0.9,0.8500000000000001,43,0.8837209343910217,0.8611531853675842,0.0225677490234375,Chilli (Candidate D - Supplementary),Chilli,validation,True
10,0.9,1.0,0.95,72,0.9444444179534912,0.9568642377853394,0.012419819831848145,Chilli (Candidate D - Supplementary),Chilli,validation,True
1,0.0,0.1,0.05,0,0.0,0.0,0.0,Chilli (Candidate D - Supplementary),Chilli,internal_test,False
2,0.1,0.2,0.15000000000000002,0,0.0,0.0,0.0,Chilli (Candidate D - Supplementary),Chilli,internal_test,False
3,0.2,0.30000000000000004,0.25,0,0.0,0.0,0.0,Chilli (Candidate D - Supplementary),Chilli,internal_test,False
4,0.30000000000000004,0.4,0.35000000000000003,6,0.1666666716337204,0.35481488704681396,0.18814821541309357,Chilli (Candidate D - Supplementary),Chilli,internal_test,False
5,0.4,0.5,0.45,28,0.4285714328289032,0.4564184844493866,0.0278470516204834,Chilli (Candidate D - Supplementary),Chilli,internal_test,False
6,0.5,0.6000000000000001,0.55,23,0.47826087474823,0.5410224795341492,0.06276160478591919,Chilli (Candidate D - Supplementary),Chilli,internal_test,False
7,0.6000000000000001,0.7000000000000001,0.6500000000000001,36,0.4166666567325592,0.6473156809806824,0.23064902424812317,Chilli (Candidate D - Supplementary),Chilli,internal_test,False
8,0.7000000000000001,0.8,0.75,19,0.6842105388641357,0.7451652884483337,0.060954749584198,Chilli (Candidate D - Supplementary),Chilli,internal_test,False
9,0.8,0.9,0.8500000000000001,45,0.644444465637207,0.8544217348098755,0.20997726917266846,Chilli (Candidate D - Supplementary),Chilli,internal_test,False
10,0.9,1.0,0.95,133,0.8872180581092834,0.9738321900367737,0.08661413192749023,Chilli (Candidate D - Supplementary),Chilli,internal_test,False
1,0.0,0.1,0.05,0,0.0,0.0,0.0,Chilli (Candidate D - Supplementary),Chilli,internal_test,True
2,0.1,0.2,0.15000000000000002,0,0.0,0.0,0.0,Chilli (Candidate D - Supplementary),Chilli,internal_test,True
3,0.2,0.30000000000000004,0.25,1,0.0,0.29377445578575134,0.29377445578575134,Chilli (Candidate D - Supplementary),Chilli,internal_test,True
4,0.30000000000000004,0.4,0.35000000000000003,23,0.43478259444236755,0.3643184006214142,0.07046419382095337,Chilli (Candidate D - Supplementary),Chilli,internal_test,True
5,0.4,0.5,0.45,36,0.3888888955116272,0.4454856514930725,0.05659675598144531,Chilli (Candidate D - Supplementary),Chilli,internal_test,True
6,0.5,0.6000000000000001,0.55,39,0.5128205418586731,0.5480206608772278,0.03520011901855469,Chilli (Candidate D - Supplementary),Chilli,internal_test,True
7,0.6000000000000001,0.7000000000000001,0.6500000000000001,30,0.6333333253860474,0.6538755297660828,0.0205422043800354,Chilli (Candidate D - Supplementary),Chilli,internal_test,True
8,0.7000000000000001,0.8,0.75,43,0.7209302186965942,0.7563445568084717,0.03541433811187744,Chilli (Candidate D - Supplementary),Chilli,internal_test,True
9,0.8,0.9,0.8500000000000001,46,0.8478260636329651,0.8622201681137085,0.014394104480743408,Chilli (Candidate D - Supplementary),Chilli,internal_test,True
10,0.9,1.0,0.95,72,0.9166666865348816,0.961381196975708,0.044714510440826416,Chilli (Candidate D - Supplementary),Chilli,internal_test,True
1,0.0,0.1,0.05,0,0.0,0.0,0.0,Chilli (Candidate D - Supplementary),Chilli,track_a_internal,False
2,0.1,0.2,0.15000000000000002,0,0.0,0.0,0.0,Chilli (Candidate D - Supplementary),Chilli,track_a_internal,False
3,0.2,0.30000000000000004,0.25,0,0.0,0.0,0.0,Chilli (Candidate D - Supplementary),Chilli,track_a_internal,False
4,0.30000000000000004,0.4,0.35000000000000003,3,0.0,0.34950006008148193,0.34950006008148193,Chilli (Candidate D - Supplementary),Chilli,track_a_internal,False
5,0.4,0.5,0.45,17,0.3529411852359772,0.4606549143791199,0.1077137291431427,Chilli (Candidate D - Supplementary),Chilli,track_a_internal,False
6,0.5,0.6000000000000001,0.55,11,0.3636363744735718,0.5325732827186584,0.16893690824508667,Chilli (Candidate D - Supplementary),Chilli,track_a_internal,False
7,0.6000000000000001,0.7000000000000001,0.6500000000000001,19,0.31578946113586426,0.6457076072692871,0.32991814613342285,Chilli (Candidate D - Supplementary),Chilli,track_a_internal,False
8,0.7000000000000001,0.8,0.75,8,0.625,0.7418362498283386,0.11683624982833862,Chilli (Candidate D - Supplementary),Chilli,track_a_internal,False
9,0.8,0.9,0.8500000000000001,25,0.5199999809265137,0.8547167181968689,0.3347167372703552,Chilli (Candidate D - Supplementary),Chilli,track_a_internal,False
10,0.9,1.0,0.95,61,0.8196721076965332,0.9771188497543335,0.1574467420578003,Chilli (Candidate D - Supplementary),Chilli,track_a_internal,False
1,0.0,0.1,0.05,0,0.0,0.0,0.0,Chilli (Candidate D - Supplementary),Chilli,track_a_internal,True
2,0.1,0.2,0.15000000000000002,0,0.0,0.0,0.0,Chilli (Candidate D - Supplementary),Chilli,track_a_internal,True
3,0.2,0.30000000000000004,0.25,1,0.0,0.29377445578575134,0.29377445578575134,Chilli (Candidate D - Supplementary),Chilli,track_a_internal,True
4,0.30000000000000004,0.4,0.35000000000000003,12,0.4166666567325592,0.3699198067188263,0.04674685001373291,Chilli (Candidate D - Supplementary),Chilli,track_a_internal,True
5,0.4,0.5,0.45,22,0.3181818127632141,0.44444963335990906,0.12626782059669495,Chilli (Candidate D - Supplementary),Chilli,track_a_internal,True
6,0.5,0.6000000000000001,0.55,19,0.3684210479259491,0.554764986038208,0.1863439381122589,Chilli (Candidate D - Supplementary),Chilli,track_a_internal,True
7,0.6000000000000001,0.7000000000000001,0.6500000000000001,13,0.5384615659713745,0.6626607179641724,0.12419915199279785,Chilli (Candidate D - Supplementary),Chilli,track_a_internal,True
8,0.7000000000000001,0.8,0.75,20,0.6000000238418579,0.749894917011261,0.14989489316940308,Chilli (Candidate D - Supplementary),Chilli,track_a_internal,True
9,0.8,0.9,0.8500000000000001,20,0.6499999761581421,0.8546883463859558,0.20468837022781372,Chilli (Candidate D - Supplementary),Chilli,track_a_internal,True
10,0.9,1.0,0.95,37,0.8918918967247009,0.9589038491249084,0.06701195240020752,Chilli (Candidate D - Supplementary),Chilli,track_a_internal,True
1,0.0,0.1,0.05,0,0.0,0.0,0.0,Chilli (Candidate D - Supplementary),Chilli,track_b_external,False
2,0.1,0.2,0.15000000000000002,0,0.0,0.0,0.0,Chilli (Candidate D - Supplementary),Chilli,track_b_external,False
3,0.2,0.30000000000000004,0.25,0,0.0,0.0,0.0,Chilli (Candidate D - Supplementary),Chilli,track_b_external,False
4,0.30000000000000004,0.4,0.35000000000000003,0,0.0,0.0,0.0,Chilli (Candidate D - Supplementary),Chilli,track_b_external,False
5,0.4,0.5,0.45,2,0.5,0.4537142515182495,0.04628574848175049,Chilli (Candidate D - Supplementary),Chilli,track_b_external,False
6,0.5,0.6000000000000001,0.55,8,0.625,0.542543888092041,0.08245611190795898,Chilli (Candidate D - Supplementary),Chilli,track_b_external,False
7,0.6000000000000001,0.7000000000000001,0.6500000000000001,6,0.6666666865348816,0.6603485941886902,0.006318092346191406,Chilli (Candidate D - Supplementary),Chilli,track_b_external,False
8,0.7000000000000001,0.8,0.75,9,0.7777777910232544,0.7578999400138855,0.019877851009368896,Chilli (Candidate D - Supplementary),Chilli,track_b_external,False
9,0.8,0.9,0.8500000000000001,5,1.0,0.8682416677474976,0.13175833225250244,Chilli (Candidate D - Supplementary),Chilli,track_b_external,False
10,0.9,1.0,0.95,90,0.9888888597488403,0.9881420731544495,0.0007467865943908691,Chilli (Candidate D - Supplementary),Chilli,track_b_external,False
1,0.0,0.1,0.05,0,0.0,0.0,0.0,Chilli (Candidate D - Supplementary),Chilli,track_b_external,True
2,0.1,0.2,0.15000000000000002,0,0.0,0.0,0.0,Chilli (Candidate D - Supplementary),Chilli,track_b_external,True
3,0.2,0.30000000000000004,0.25,0,0.0,0.0,0.0,Chilli (Candidate D - Supplementary),Chilli,track_b_external,True
4,0.30000000000000004,0.4,0.35000000000000003,2,0.5,0.38636982440948486,0.11363017559051514,Chilli (Candidate D - Supplementary),Chilli,track_b_external,True
5,0.4,0.5,0.45,6,0.5,0.45523378252983093,0.04476621747016907,Chilli (Candidate D - Supplementary),Chilli,track_b_external,True
6,0.5,0.6000000000000001,0.55,11,0.6363636255264282,0.5526577234268188,0.08370590209960938,Chilli (Candidate D - Supplementary),Chilli,track_b_external,True
7,0.6000000000000001,0.7000000000000001,0.6500000000000001,7,1.0,0.6456414461135864,0.3543585538864136,Chilli (Candidate D - Supplementary),Chilli,track_b_external,True
8,0.7000000000000001,0.8,0.75,10,1.0,0.7611882090568542,0.23881179094314575,Chilli (Candidate D - Supplementary),Chilli,track_b_external,True
9,0.8,0.9,0.8500000000000001,6,0.8333333134651184,0.8576321601867676,0.02429884672164917,Chilli (Candidate D - Supplementary),Chilli,track_b_external,True
10,0.9,1.0,0.95,78,1.0,0.9784271121025085,0.021572887897491455,Chilli (Candidate D - Supplementary),Chilli,track_b_external,True
1,0.0,0.1,0.05,0,0.0,0.0,0.0,Chilli (Candidate D - Supplementary),Chilli,track_c_realworld,False
2,0.1,0.2,0.15000000000000002,0,0.0,0.0,0.0,Chilli (Candidate D - Supplementary),Chilli,track_c_realworld,False
3,0.2,0.30000000000000004,0.25,0,0.0,0.0,0.0,Chilli (Candidate D - Supplementary),Chilli,track_c_realworld,False
4,0.30000000000000004,0.4,0.35000000000000003,2,0.0,0.32437998056411743,0.32437998056411743,Chilli (Candidate D - Supplementary),Chilli,track_c_realworld,False
5,0.4,0.5,0.45,1,0.0,0.4624831974506378,0.4624831974506378,Chilli (Candidate D - Supplementary),Chilli,track_c_realworld,False
6,0.5,0.6000000000000001,0.55,4,0.5,0.5500702261924744,0.050070226192474365,Chilli (Candidate D - Supplementary),Chilli,track_c_realworld,False
7,0.6000000000000001,0.7000000000000001,0.6500000000000001,7,0.4285714328289032,0.6733937859535217,0.24482235312461853,Chilli (Candidate D - Supplementary),Chilli,track_c_realworld,False
8,0.7000000000000001,0.8,0.75,8,0.5,0.746070921421051,0.24607092142105103,Chilli (Candidate D - Supplementary),Chilli,track_c_realworld,False
9,0.8,0.9,0.8500000000000001,3,0.6666666865348816,0.8565155863761902,0.1898488998413086,Chilli (Candidate D - Supplementary),Chilli,track_c_realworld,False
10,0.9,1.0,0.95,72,0.9444444179534912,0.9877300262451172,0.04328560829162598,Chilli (Candidate D - Supplementary),Chilli,track_c_realworld,False
1,0.0,0.1,0.05,0,0.0,0.0,0.0,Chilli (Candidate D - Supplementary),Chilli,track_c_realworld,True
2,0.1,0.2,0.15000000000000002,0,0.0,0.0,0.0,Chilli (Candidate D - Supplementary),Chilli,track_c_realworld,True
3,0.2,0.30000000000000004,0.25,1,0.0,0.28311413526535034,0.28311413526535034,Chilli (Candidate D - Supplementary),Chilli,track_c_realworld,True
4,0.30000000000000004,0.4,0.35000000000000003,1,0.0,0.3138628900051117,0.3138628900051117,Chilli (Candidate D - Supplementary),Chilli,track_c_realworld,True
5,0.4,0.5,0.45,3,0.3333333432674408,0.4280029535293579,0.09466961026191711,Chilli (Candidate D - Supplementary),Chilli,track_c_realworld,True
6,0.5,0.6000000000000001,0.55,11,0.5454545617103577,0.5447173714637756,0.0007371902465820312,Chilli (Candidate D - Supplementary),Chilli,track_c_realworld,True
7,0.6000000000000001,0.7000000000000001,0.6500000000000001,6,0.3333333432674408,0.6407710909843445,0.3074377477169037,Chilli (Candidate D - Supplementary),Chilli,track_c_realworld,True
8,0.7000000000000001,0.8,0.75,7,0.7142857313156128,0.7581520676612854,0.04386633634567261,Chilli (Candidate D - Supplementary),Chilli,track_c_realworld,True
9,0.8,0.9,0.8500000000000001,9,0.8888888955116272,0.8725669384002686,0.016321957111358643,Chilli (Candidate D - Supplementary),Chilli,track_c_realworld,True
10,0.9,1.0,0.95,59,0.9661017060279846,0.9754481315612793,0.009346425533294678,Chilli (Candidate D - Supplementary),Chilli,track_c_realworld,True
1,0.0,0.1,0.05,0,0.0,0.0,0.0,Chilli (Candidate D - Supplementary),Chilli,track_d_cross_crop,False
2,0.1,0.2,0.15000000000000002,0,0.0,0.0,0.0,Chilli (Candidate D - Supplementary),Chilli,track_d_cross_crop,False
3,0.2,0.30000000000000004,0.25,0,0.0,0.0,0.0,Chilli (Candidate D - Supplementary),Chilli,track_d_cross_crop,False
4,0.30000000000000004,0.4,0.35000000000000003,1,0.0,0.34046193957328796,0.34046193957328796,Chilli (Candidate D - Supplementary),Chilli,track_d_cross_crop,False
5,0.4,0.5,0.45,6,0.0,0.4320407807826996,0.4320407807826996,Chilli (Candidate D - Supplementary),Chilli,track_d_cross_crop,False
6,0.5,0.6000000000000001,0.55,5,0.0,0.5547224283218384,0.5547224283218384,Chilli (Candidate D - Supplementary),Chilli,track_d_cross_crop,False
7,0.6000000000000001,0.7000000000000001,0.6500000000000001,9,0.0,0.6436766386032104,0.6436766386032104,Chilli (Candidate D - Supplementary),Chilli,track_d_cross_crop,False
8,0.7000000000000001,0.8,0.75,13,0.0,0.7611724138259888,0.7611724138259888,Chilli (Candidate D - Supplementary),Chilli,track_d_cross_crop,False
9,0.8,0.9,0.8500000000000001,10,0.0,0.8538349270820618,0.8538349270820618,Chilli (Candidate D - Supplementary),Chilli,track_d_cross_crop,False
10,0.9,1.0,0.95,31,0.0,0.9749347567558289,0.9749347567558289,Chilli (Candidate D - Supplementary),Chilli,track_d_cross_crop,False
1,0.0,0.1,0.05,0,0.0,0.0,0.0,Chilli (Candidate D - Supplementary),Chilli,track_d_cross_crop,True
2,0.1,0.2,0.15000000000000002,0,0.0,0.0,0.0,Chilli (Candidate D - Supplementary),Chilli,track_d_cross_crop,True
3,0.2,0.30000000000000004,0.25,1,0.0,0.2979828417301178,0.2979828417301178,Chilli (Candidate D - Supplementary),Chilli,track_d_cross_crop,True
4,0.30000000000000004,0.4,0.35000000000000003,5,0.0,0.37348657846450806,0.37348657846450806,Chilli (Candidate D - Supplementary),Chilli,track_d_cross_crop,True
5,0.4,0.5,0.45,6,0.0,0.45399579405784607,0.45399579405784607,Chilli (Candidate D - Supplementary),Chilli,track_d_cross_crop,True
6,0.5,0.6000000000000001,0.55,11,0.0,0.5424522757530212,0.5424522757530212,Chilli (Candidate D - Supplementary),Chilli,track_d_cross_crop,True
7,0.6000000000000001,0.7000000000000001,0.6500000000000001,13,0.0,0.6418753862380981,0.6418753862380981,Chilli (Candidate D - Supplementary),Chilli,track_d_cross_crop,True
8,0.7000000000000001,0.8,0.75,10,0.0,0.7400871515274048,0.7400871515274048,Chilli (Candidate D - Supplementary),Chilli,track_d_cross_crop,True
9,0.8,0.9,0.8500000000000001,9,0.0,0.8558363318443298,0.8558363318443298,Chilli (Candidate D - Supplementary),Chilli,track_d_cross_crop,True
10,0.9,1.0,0.95,20,0.0,0.953818678855896,0.953818678855896,Chilli (Candidate D - Supplementary),Chilli,track_d_cross_crop,True
1,0.0,0.1,0.05,0,0.0,0.0,0.0,Chilli (Candidate D - Supplementary),Chilli,track_d_unrelated,False
2,0.1,0.2,0.15000000000000002,0,0.0,0.0,0.0,Chilli (Candidate D - Supplementary),Chilli,track_d_unrelated,False
3,0.2,0.30000000000000004,0.25,0,0.0,0.0,0.0,Chilli (Candidate D - Supplementary),Chilli,track_d_unrelated,False
4,0.30000000000000004,0.4,0.35000000000000003,0,0.0,0.0,0.0,Chilli (Candidate D - Supplementary),Chilli,track_d_unrelated,False
5,0.4,0.5,0.45,1,0.0,0.4478571116924286,0.4478571116924286,Chilli (Candidate D - Supplementary),Chilli,track_d_unrelated,False
6,0.5,0.6000000000000001,0.55,1,0.0,0.5338948965072632,0.5338948965072632,Chilli (Candidate D - Supplementary),Chilli,track_d_unrelated,False
7,0.6000000000000001,0.7000000000000001,0.6500000000000001,7,0.0,0.6517187356948853,0.6517187356948853,Chilli (Candidate D - Supplementary),Chilli,track_d_unrelated,False
8,0.7000000000000001,0.8,0.75,2,0.0,0.7620465755462646,0.7620465755462646,Chilli (Candidate D - Supplementary),Chilli,track_d_unrelated,False
9,0.8,0.9,0.8500000000000001,4,0.0,0.8281542062759399,0.8281542062759399,Chilli (Candidate D - Supplementary),Chilli,track_d_unrelated,False
10,0.9,1.0,0.95,5,0.0,0.9531940221786499,0.9531940221786499,Chilli (Candidate D - Supplementary),Chilli,track_d_unrelated,False
1,0.0,0.1,0.05,0,0.0,0.0,0.0,Chilli (Candidate D - Supplementary),Chilli,track_d_unrelated,True
2,0.1,0.2,0.15000000000000002,0,0.0,0.0,0.0,Chilli (Candidate D - Supplementary),Chilli,track_d_unrelated,True
3,0.2,0.30000000000000004,0.25,0,0.0,0.0,0.0,Chilli (Candidate D - Supplementary),Chilli,track_d_unrelated,True
4,0.30000000000000004,0.4,0.35000000000000003,1,0.0,0.3784048855304718,0.3784048855304718,Chilli (Candidate D - Supplementary),Chilli,track_d_unrelated,True
5,0.4,0.5,0.45,1,0.0,0.4305015802383423,0.4305015802383423,Chilli (Candidate D - Supplementary),Chilli,track_d_unrelated,True
6,0.5,0.6000000000000001,0.55,8,0.0,0.5537651181221008,0.5537651181221008,Chilli (Candidate D - Supplementary),Chilli,track_d_unrelated,True
7,0.6000000000000001,0.7000000000000001,0.6500000000000001,3,0.0,0.6508833765983582,0.6508833765983582,Chilli (Candidate D - Supplementary),Chilli,track_d_unrelated,True
8,0.7000000000000001,0.8,0.75,3,0.0,0.7230778336524963,0.7230778336524963,Chilli (Candidate D - Supplementary),Chilli,track_d_unrelated,True
9,0.8,0.9,0.8500000000000001,2,0.0,0.8218339681625366,0.8218339681625366,Chilli (Candidate D - Supplementary),Chilli,track_d_unrelated,True
10,0.9,1.0,0.95,2,0.0,0.9406493306159973,0.9406493306159973,Chilli (Candidate D - Supplementary),Chilli,track_d_unrelated,True
