file_path,true_label,true_index,predicted_label,predicted_index,confidence
D:\CropDiseaseProject\sugarcane_large\Diseases\Banded Chlorosis\image236.jpg,Banded Chlorosis,0,Banded Chlorosis,0,0.4676
D:\CropDiseaseProject\sugarcane_large\Diseases\Yellow Leaf\Yellow Leaf582.jpg,Yellow Leaf Disease,10,Yellow Leaf Disease,10,0.9786
D:\CropDiseaseProject\sugarcane_large\Diseases\Brown Spot\image662.jpg,Brown Spot,1,Brown Spot,1,0.9888
D:\CropDiseaseProject\sugarcane_large\Diseases\Brown Spot\image267.jpg,Brown Spot,1,Brown Spot,1,0.9992
D:\CropDiseaseProject\sugarcane_large\Diseases\Yellow Leaf\Yellow Leaf050.jpg,Yellow Leaf Disease,10,Yellow Leaf Disease,10,0.9404
D:\CropDiseaseProject\sugarcane_large\Diseases\Viral Disease\Viral Disease551.jpg,Mosaic / Viral Disease,4,Mosaic / Viral Disease,4,0.9959
D:\CropDiseaseProject\sugarcane_large\Diseases\Sett Rot\Sett Rot074.jpg,Sett Rot,8,Sett Rot,8,1.0
D:\CropDiseaseProject\sugarcane_large\Diseases\BrownRust\image102.jpg,Rust (Brown Rust),7,Rust (Brown Rust),7,0.5152
D:\CropDiseaseProject\sugarcane_large\Diseases\Yellow Leaf\Yellow Leaf922.jpg,Yellow Leaf Disease,10,Yellow Leaf Disease,10,0.9998
D:\CropDiseaseProject\sugarcane_large\Diseases\smut\Smut068.jpg,Smut,9,Pokkah Boeng,5,0.8579
D:\CropDiseaseProject\sugarcane_large\Diseases\Sett Rot\Sett Rot083.jpg,Sett Rot,8,Sett Rot,8,1.0
D:\CropDiseaseProject\sugarcane_large\Diseases\smut\Smut168.jpg,Smut,9,Smut,9,0.8419
D:\CropDiseaseProject\sugarcane_large\Diseases\Yellow Leaf\Yellow Leaf005.jpg,Yellow Leaf Disease,10,Yellow Leaf Disease,10,0.9978
D:\CropDiseaseProject\sugarcane_large\Diseases\Pokkah Boeng\Pokkah Boeng161.jpg,Pokkah Boeng,5,Pokkah Boeng,5,0.814
D:\CropDiseaseProject\sugarcane_large\Diseases\BrownRust\image214.jpg,Rust (Brown Rust),7,Rust (Brown Rust),7,0.9415
D:\CropDiseaseProject\sugarcane_large\Diseases\Yellow Leaf\Yellow Leaf493.jpg,Yellow Leaf Disease,10,Yellow Leaf Disease,10,0.9915
D:\CropDiseaseProject\sugarcane_large\Diseases\BrownRust\image200.jpg,Rust (Brown Rust),7,Rust (Brown Rust),7,0.6293
D:\CropDiseaseProject\sugarcane_large\Diseases\Banded Chlorosis\image053.jpg,Banded Chlorosis,0,Banded Chlorosis,0,0.9348
D:\CropDiseaseProject\sugarcane_large\Diseases\Yellow Leaf\Yellow Leaf954.jpg,Yellow Leaf Disease,10,Yellow Leaf Disease,10,0.5295
D:\CropDiseaseProject\sugarcane_large\Diseases\Banded Chlorosis\image049.jpg,Banded Chlorosis,0,Brown Spot,1,0.5798
D:\CropDiseaseProject\sugarcane_large\Diseases\Yellow Leaf\Yellow Leaf393.jpg,Yellow Leaf Disease,10,Yellow Leaf Disease,10,0.9969
D:\CropDiseaseProject\sugarcane_large\Diseases\Banded Chlorosis\image271.jpg,Banded Chlorosis,0,Banded Chlorosis,0,0.8678
D:\CropDiseaseProject\sugarcane_large\Diseases\Brown Spot\image1459.jpg,Brown Spot,1,Brown Spot,1,0.7395
D:\CropDiseaseProject\sugarcane_large\Diseases\BrownRust\image277.jpg,Rust (Brown Rust),7,Rust (Brown Rust),7,0.9614
D:\CropDiseaseProject\sugarcane_large\Diseases\smut\Smut233.jpg,Smut,9,Smut,9,0.842
D:\CropDiseaseProject\sugarcane_large\Diseases\Sett Rot\Sett Rot024.jpg,Sett Rot,8,Sett Rot,8,0.9954
D:\CropDiseaseProject\sugarcane_large\Diseases\Grassy shoot\image256.jpg,Grassy Shoot,2,Grassy Shoot,2,0.9984
D:\CropDiseaseProject\sugarcane_large\Diseases\Yellow Leaf\Yellow Leaf797.jpg,Yellow Leaf Disease,10,Yellow Leaf Disease,10,0.9992
D:\CropDiseaseProject\sugarcane_large\Diseases\Banded Chlorosis\image242.jpg,Banded Chlorosis,0,Rust (Brown Rust),7,0.5966
D:\CropDiseaseProject\sugarcane_large\Diseases\Brown Spot\image029.jpg,Brown Spot,1,Brown Spot,1,0.7756
D:\CropDiseaseProject\sugarcane_large\Diseases\Banded Chlorosis\image464.jpg,Banded Chlorosis,0,Banded Chlorosis,0,0.6124
D:\CropDiseaseProject\sugarcane_large\Diseases\Grassy shoot\image051.jpg,Grassy Shoot,2,Grassy Shoot,2,0.9978
D:\CropDiseaseProject\sugarcane_large\Diseases\Grassy shoot\image133.jpg,Grassy Shoot,2,Brown Spot,1,0.5671
D:\CropDiseaseProject\sugarcane_large\Diseases\Yellow Leaf\Yellow Leaf096.jpg,Yellow Leaf Disease,10,Yellow Leaf Disease,10,0.7792
D:\CropDiseaseProject\sugarcane_large\Diseases\Viral Disease\Viral Disease252.jpg,Mosaic / Viral Disease,4,Brown Spot,1,0.7124
D:\CropDiseaseProject\sugarcane_large\Healthy Leaves\image131.jpg,Healthy Leaves,3,Healthy Leaves,3,0.9869
D:\CropDiseaseProject\sugarcane_large\Diseases\Yellow Leaf\Yellow Leaf796.jpg,Yellow Leaf Disease,10,Yellow Leaf Disease,10,0.9984
D:\CropDiseaseProject\sugarcane_large\Diseases\Yellow Leaf\Yellow Leaf554.jpg,Yellow Leaf Disease,10,Yellow Leaf Disease,10,0.9197
D:\CropDiseaseProject\sugarcane_large\Diseases\Brown Spot\image513.jpg,Brown Spot,1,Brown Spot,1,0.6464
D:\CropDiseaseProject\sugarcane_large\Diseases\smut\Smut240.jpg,Smut,9,Smut,9,0.7959
D:\CropDiseaseProject\sugarcane_large\Diseases\Yellow Leaf\Yellow Leaf840.jpg,Yellow Leaf Disease,10,Yellow Leaf Disease,10,0.9935
D:\CropDiseaseProject\sugarcane_large\Diseases\Yellow Leaf\Yellow Leaf252.jpg,Yellow Leaf Disease,10,Yellow Leaf Disease,10,0.9603
D:\CropDiseaseProject\sugarcane_large\Diseases\Brown Spot\image1240.jpg,Brown Spot,1,Brown Spot,1,0.6229
D:\CropDiseaseProject\sugarcane_large\Diseases\Sett Rot\Sett Rot028.jpg,Sett Rot,8,Sett Rot,8,0.9611
D:\CropDiseaseProject\sugarcane_large\Diseases\Brown Spot\image826.jpg,Brown Spot,1,Brown Spot,1,0.9994
D:\CropDiseaseProject\sugarcane_large\Diseases\Sett Rot\Sett Rot293.jpg,Sett Rot,8,Sett Rot,8,0.9973
D:\CropDiseaseProject\sugarcane_large\Diseases\Viral Disease\Viral Disease059.jpg,Mosaic / Viral Disease,4,Healthy Leaves,3,0.4659
D:\CropDiseaseProject\sugarcane_large\Diseases\Yellow Leaf\Yellow Leaf1081.jpg,Yellow Leaf Disease,10,Yellow Leaf Disease,10,0.6438
D:\CropDiseaseProject\sugarcane_large\Diseases\Brown Spot\image1304.jpg,Brown Spot,1,Brown Spot,1,0.9747
D:\CropDiseaseProject\sugarcane_large\Diseases\Brown Spot\image211.jpg,Brown Spot,1,Brown Spot,1,0.9635
D:\CropDiseaseProject\sugarcane_large\Diseases\Yellow Leaf\Yellow Leaf160.jpg,Yellow Leaf Disease,10,Yellow Leaf Disease,10,0.9814
D:\CropDiseaseProject\sugarcane_large\Diseases\smut\Smut065.jpg,Smut,9,Pokkah Boeng,5,0.775
D:\CropDiseaseProject\sugarcane_large\Diseases\Yellow Leaf\Yellow Leaf915.jpg,Yellow Leaf Disease,10,Yellow Leaf Disease,10,0.9924
D:\CropDiseaseProject\sugarcane_large\Diseases\Brown Spot\image1591.jpg,Brown Spot,1,Brown Spot,1,0.9647
D:\CropDiseaseProject\sugarcane_large\Diseases\Brown Spot\image514.jpg,Brown Spot,1,Brown Spot,1,0.6728
D:\CropDiseaseProject\sugarcane_large\Diseases\Banded Chlorosis\image320.jpg,Banded Chlorosis,0,Banded Chlorosis,0,0.8338
D:\CropDiseaseProject\sugarcane_large\Diseases\Grassy shoot\image211.jpg,Grassy Shoot,2,Grassy Shoot,2,0.985
D:\CropDiseaseProject\sugarcane_large\Diseases\Brown Spot\image635.jpg,Brown Spot,1,Banded Chlorosis,0,0.4465
D:\CropDiseaseProject\sugarcane_large\Diseases\Brown Spot\image508.jpg,Brown Spot,1,Brown Spot,1,0.7925
D:\CropDiseaseProject\sugarcane_large\Diseases\Brown Spot\image165.jpg,Brown Spot,1,Brown Spot,1,0.9975
D:\CropDiseaseProject\sugarcane_large\Diseases\Grassy shoot\image232.jpg,Grassy Shoot,2,Sett Rot,8,0.5886
D:\CropDiseaseProject\sugarcane_large\Diseases\Sett Rot\Sett Rot304.jpg,Sett Rot,8,Sett Rot,8,0.9999
D:\CropDiseaseProject\sugarcane_large\Diseases\BrownRust\image226.jpg,Rust (Brown Rust),7,Rust (Brown Rust),7,0.975
D:\CropDiseaseProject\sugarcane_large\Diseases\Grassy shoot\image247.jpg,Grassy Shoot,2,Grassy Shoot,2,0.9864
D:\CropDiseaseProject\sugarcane_large\Diseases\Brown Spot\image1236.jpg,Brown Spot,1,Healthy Leaves,3,0.424
D:\CropDiseaseProject\sugarcane_large\Diseases\Banded Chlorosis\image390.jpg,Banded Chlorosis,0,Banded Chlorosis,0,0.5046
D:\CropDiseaseProject\sugarcane_large\Diseases\BrownRust\image218.jpg,Rust (Brown Rust),7,Yellow Leaf Disease,10,0.4903
D:\CropDiseaseProject\sugarcane_large\Diseases\Banded Chlorosis\image301.jpg,Banded Chlorosis,0,Banded Chlorosis,0,0.9344
D:\CropDiseaseProject\sugarcane_large\Diseases\Brown Spot\image061.jpg,Brown Spot,1,Brown Spot,1,0.9591
D:\CropDiseaseProject\sugarcane_large\Diseases\Pokkah Boeng\Pokkah Boeng057.jpg,Pokkah Boeng,5,Pokkah Boeng,5,0.5106
D:\CropDiseaseProject\sugarcane_large\Diseases\Viral Disease\Viral Disease392.jpg,Mosaic / Viral Disease,4,Mosaic / Viral Disease,4,0.788
D:\CropDiseaseProject\sugarcane_large\Diseases\Brown Spot\image359.jpg,Brown Spot,1,Brown Spot,1,0.8609
D:\CropDiseaseProject\sugarcane_large\Diseases\Banded Chlorosis\image157.jpg,Banded Chlorosis,0,Mosaic / Viral Disease,4,0.714
D:\CropDiseaseProject\sugarcane_large\Diseases\Banded Chlorosis\image202.jpg,Banded Chlorosis,0,Banded Chlorosis,0,0.5193
D:\CropDiseaseProject\sugarcane_large\Diseases\BrownRust\image011.jpg,Rust (Brown Rust),7,Rust (Brown Rust),7,0.6926
D:\CropDiseaseProject\sugarcane_large\Diseases\Grassy shoot\image060.jpg,Grassy Shoot,2,Grassy Shoot,2,0.9964
D:\CropDiseaseProject\sugarcane_large\Diseases\Yellow Leaf\Yellow Leaf992.jpg,Yellow Leaf Disease,10,Mosaic / Viral Disease,4,0.8312
D:\CropDiseaseProject\sugarcane_large\Diseases\Banded Chlorosis\image367.jpg,Banded Chlorosis,0,Banded Chlorosis,0,0.8471
D:\CropDiseaseProject\sugarcane_large\Diseases\Brown Spot\image914.jpg,Brown Spot,1,Brown Spot,1,0.9994
D:\CropDiseaseProject\sugarcane_large\Diseases\Grassy shoot\image172.jpg,Grassy Shoot,2,Grassy Shoot,2,1.0
D:\CropDiseaseProject\sugarcane_large\Diseases\Banded Chlorosis\image304.jpg,Banded Chlorosis,0,Banded Chlorosis,0,0.9907
D:\CropDiseaseProject\sugarcane_large\Diseases\Yellow Leaf\Yellow Leaf251.jpg,Yellow Leaf Disease,10,Yellow Leaf Disease,10,0.9546
D:\CropDiseaseProject\sugarcane_large\Diseases\Viral Disease\Viral Disease634.jpg,Mosaic / Viral Disease,4,Mosaic / Viral Disease,4,0.9644
D:\CropDiseaseProject\sugarcane_large\Diseases\Sett Rot\Sett Rot651.jpg,Sett Rot,8,Sett Rot,8,0.9997
D:\CropDiseaseProject\sugarcane_large\Diseases\Yellow Leaf\Yellow Leaf1000.jpg,Yellow Leaf Disease,10,Mosaic / Viral Disease,4,0.4906
D:\CropDiseaseProject\sugarcane_large\Diseases\Brown Spot\image895.jpg,Brown Spot,1,Brown Spot,1,0.9913
D:\CropDiseaseProject\sugarcane_large\Diseases\Sett Rot\Sett Rot188.jpg,Sett Rot,8,Sett Rot,8,1.0
D:\CropDiseaseProject\sugarcane_large\Diseases\BrownRust\image289.jpg,Rust (Brown Rust),7,Rust (Brown Rust),7,0.9826
D:\CropDiseaseProject\sugarcane_large\Diseases\Sett Rot\Sett Rot175.jpg,Sett Rot,8,Sett Rot,8,1.0
D:\CropDiseaseProject\sugarcane_large\Diseases\Viral Disease\Viral Disease567.jpg,Mosaic / Viral Disease,4,Mosaic / Viral Disease,4,0.7649
D:\CropDiseaseProject\sugarcane_large\Diseases\Brown Spot\image1184.jpg,Brown Spot,1,Brown Spot,1,0.999
D:\CropDiseaseProject\sugarcane_large\Diseases\Grassy shoot\image160.jpg,Grassy Shoot,2,Grassy Shoot,2,0.9972
D:\CropDiseaseProject\sugarcane_large\Diseases\Brown Spot\image245.jpg,Brown Spot,1,Brown Spot,1,0.7103
D:\CropDiseaseProject\sugarcane_large\Diseases\Yellow Leaf\Yellow Leaf942.jpg,Yellow Leaf Disease,10,Yellow Leaf Disease,10,0.8288
D:\CropDiseaseProject\sugarcane_large\Diseases\Brown Spot\image601.jpg,Brown Spot,1,Brown Spot,1,0.9864
D:\CropDiseaseProject\sugarcane_large\Diseases\Sett Rot\Sett Rot111.jpg,Sett Rot,8,Sett Rot,8,1.0
D:\CropDiseaseProject\sugarcane_large\Diseases\Yellow Leaf\Yellow Leaf507.jpg,Yellow Leaf Disease,10,Yellow Leaf Disease,10,0.9435
D:\CropDiseaseProject\sugarcane_large\Diseases\Yellow Leaf\Yellow Leaf711.jpg,Yellow Leaf Disease,10,Yellow Leaf Disease,10,0.9119
D:\CropDiseaseProject\sugarcane_large\Healthy Leaves\image069.jpg,Healthy Leaves,3,Healthy Leaves,3,0.996
D:\CropDiseaseProject\sugarcane_large\Diseases\Viral Disease\Viral Disease202.jpg,Mosaic / Viral Disease,4,Mosaic / Viral Disease,4,0.9937
D:\CropDiseaseProject\sugarcane_large\Diseases\smut\Smut151.jpg,Smut,9,Yellow Leaf Disease,10,0.5939
D:\CropDiseaseProject\sugarcane_large\Diseases\Sett Rot\Sett Rot134.jpg,Sett Rot,8,Sett Rot,8,1.0
D:\CropDiseaseProject\sugarcane_large\Diseases\Sett Rot\Sett Rot390.jpg,Sett Rot,8,Sett Rot,8,1.0
D:\CropDiseaseProject\sugarcane_large\Diseases\Grassy shoot\image217.jpg,Grassy Shoot,2,Grassy Shoot,2,0.9973
D:\CropDiseaseProject\sugarcane_large\Diseases\Brown Spot\image1397.jpg,Brown Spot,1,Brown Spot,1,0.5654
D:\CropDiseaseProject\sugarcane_large\Diseases\Brown Spot\image1162.jpg,Brown Spot,1,Brown Spot,1,0.823
D:\CropDiseaseProject\sugarcane_large\Diseases\smut\Smut183.jpg,Smut,9,Smut,9,0.9478
D:\CropDiseaseProject\sugarcane_large\Diseases\Banded Chlorosis\image122.jpg,Banded Chlorosis,0,Banded Chlorosis,0,0.9614
D:\CropDiseaseProject\sugarcane_large\Diseases\Yellow Leaf\Yellow Leaf147.jpg,Yellow Leaf Disease,10,Yellow Leaf Disease,10,0.9987
D:\CropDiseaseProject\sugarcane_large\Diseases\Banded Chlorosis\image175.jpg,Banded Chlorosis,0,Yellow Leaf Disease,10,0.4595
D:\CropDiseaseProject\sugarcane_large\Diseases\Banded Chlorosis\image424.jpg,Banded Chlorosis,0,Banded Chlorosis,0,0.6955
D:\CropDiseaseProject\sugarcane_large\Diseases\Brown Spot\image387.jpg,Brown Spot,1,Yellow Leaf Disease,10,0.637
D:\CropDiseaseProject\sugarcane_large\Diseases\Pokkah Boeng\Pokkah Boeng289.jpg,Pokkah Boeng,5,Pokkah Boeng,5,0.9813
D:\CropDiseaseProject\sugarcane_large\Diseases\Sett Rot\Sett Rot010.jpg,Sett Rot,8,Sett Rot,8,0.9974
D:\CropDiseaseProject\sugarcane_large\Diseases\Yellow Leaf\Yellow Leaf110.jpg,Yellow Leaf Disease,10,Yellow Leaf Disease,10,0.82
D:\CropDiseaseProject\sugarcane_large\Diseases\Banded Chlorosis\image340.jpg,Banded Chlorosis,0,Banded Chlorosis,0,0.678
D:\CropDiseaseProject\sugarcane_large\Diseases\Yellow Leaf\Yellow Leaf1123.jpg,Yellow Leaf Disease,10,Rust (Brown Rust),7,0.6446
D:\CropDiseaseProject\sugarcane_large\Diseases\Brown Spot\image707.jpg,Brown Spot,1,Yellow Leaf Disease,10,0.5924
D:\CropDiseaseProject\sugarcane_large\Diseases\BrownRust\image027.jpg,Rust (Brown Rust),7,Rust (Brown Rust),7,0.4455
D:\CropDiseaseProject\sugarcane_large\Diseases\smut\Smut309.jpg,Smut,9,Smut,9,0.9956
D:\CropDiseaseProject\sugarcane_large\Diseases\Yellow Leaf\Yellow Leaf454.jpg,Yellow Leaf Disease,10,Yellow Leaf Disease,10,0.9751
D:\CropDiseaseProject\sugarcane_large\Diseases\smut\Smut311.jpg,Smut,9,Smut,9,0.9922
D:\CropDiseaseProject\sugarcane_large\Diseases\Pokkah Boeng\Pokkah Boeng127.jpg,Pokkah Boeng,5,Pokkah Boeng,5,0.8363
D:\CropDiseaseProject\sugarcane_large\Diseases\Brown Spot\image212.jpg,Brown Spot,1,Brown Spot,1,0.9818
D:\CropDiseaseProject\sugarcane_large\Diseases\Grassy shoot\image141.jpg,Grassy Shoot,2,Grassy Shoot,2,0.9994
D:\CropDiseaseProject\sugarcane_large\Diseases\Yellow Leaf\Yellow Leaf1176.jpg,Yellow Leaf Disease,10,Yellow Leaf Disease,10,0.9816
D:\CropDiseaseProject\sugarcane_large\Diseases\Banded Chlorosis\image101.jpg,Banded Chlorosis,0,Banded Chlorosis,0,0.9514
D:\CropDiseaseProject\sugarcane_large\Diseases\Brown Spot\image612.jpg,Brown Spot,1,Brown Spot,1,0.9987
D:\CropDiseaseProject\sugarcane_large\Diseases\Sett Rot\Sett Rot183.jpg,Sett Rot,8,Sett Rot,8,1.0
D:\CropDiseaseProject\sugarcane_large\Diseases\Yellow Leaf\Yellow Leaf640.jpg,Yellow Leaf Disease,10,Yellow Leaf Disease,10,0.9557
D:\CropDiseaseProject\sugarcane_large\Diseases\Yellow Leaf\Yellow Leaf053.jpg,Yellow Leaf Disease,10,Yellow Leaf Disease,10,0.9759
D:\CropDiseaseProject\sugarcane_large\Diseases\Brown Spot\image1394.jpg,Brown Spot,1,Pokkah Boeng,5,0.5669
D:\CropDiseaseProject\sugarcane_large\Diseases\Grassy shoot\image328.jpg,Grassy Shoot,2,Grassy Shoot,2,0.9997
D:\CropDiseaseProject\sugarcane_large\Diseases\Brown Spot\image1378.jpg,Brown Spot,1,Brown Spot,1,0.9744
D:\CropDiseaseProject\sugarcane_large\Diseases\Sett Rot\Sett Rot186.jpg,Sett Rot,8,Sett Rot,8,1.0
D:\CropDiseaseProject\sugarcane_large\Diseases\Banded Chlorosis\image062.jpg,Banded Chlorosis,0,Banded Chlorosis,0,0.8086
D:\CropDiseaseProject\sugarcane_large\Diseases\Viral Disease\Viral Disease039.jpg,Mosaic / Viral Disease,4,Mosaic / Viral Disease,4,0.4049
D:\CropDiseaseProject\sugarcane_large\Diseases\Brown Spot\image235.jpg,Brown Spot,1,Brown Spot,1,0.9143
D:\CropDiseaseProject\sugarcane_large\Diseases\Brown Spot\image427.jpg,Brown Spot,1,Brown Spot,1,0.8278
D:\CropDiseaseProject\sugarcane_large\Diseases\Brown Spot\image1341.jpg,Brown Spot,1,Brown Spot,1,0.9041
D:\CropDiseaseProject\sugarcane_large\Healthy Leaves\image178.jpg,Healthy Leaves,3,Healthy Leaves,3,0.6972
D:\CropDiseaseProject\sugarcane_large\Diseases\Yellow Leaf\Yellow Leaf563.jpg,Yellow Leaf Disease,10,Yellow Leaf Disease,10,0.9915
D:\CropDiseaseProject\sugarcane_large\Healthy Leaves\image076.jpg,Healthy Leaves,3,Healthy Leaves,3,0.9994
D:\CropDiseaseProject\sugarcane_large\Diseases\Brown Spot\image878.jpg,Brown Spot,1,Mosaic / Viral Disease,4,0.6403
D:\CropDiseaseProject\sugarcane_large\Diseases\Brown Spot\image433.jpg,Brown Spot,1,Brown Spot,1,0.7289
D:\CropDiseaseProject\sugarcane_large\Diseases\Viral Disease\Viral Disease331.jpg,Mosaic / Viral Disease,4,Yellow Leaf Disease,10,0.4149
D:\CropDiseaseProject\sugarcane_large\Diseases\Grassy shoot\image122.jpg,Grassy Shoot,2,Grassy Shoot,2,0.9985
D:\CropDiseaseProject\sugarcane_large\Diseases\Yellow Leaf\Yellow Leaf1170.jpg,Yellow Leaf Disease,10,Yellow Leaf Disease,10,0.9963
D:\CropDiseaseProject\sugarcane_large\Diseases\Brown Spot\image310.jpg,Brown Spot,1,Brown Spot,1,0.9995
D:\CropDiseaseProject\sugarcane_large\Diseases\smut\Smut064.jpg,Smut,9,Pokkah Boeng,5,0.8289
D:\CropDiseaseProject\sugarcane_large\Diseases\Sett Rot\Sett Rot054.jpg,Sett Rot,8,Sett Rot,8,0.9999
D:\CropDiseaseProject\sugarcane_large\Healthy Leaves\image412.jpg,Healthy Leaves,3,Healthy Leaves,3,0.9392
D:\CropDiseaseProject\sugarcane_large\Diseases\Grassy shoot\image046.jpg,Grassy Shoot,2,Grassy Shoot,2,0.9995
D:\CropDiseaseProject\sugarcane_large\Diseases\Banded Chlorosis\image309.jpg,Banded Chlorosis,0,Banded Chlorosis,0,0.9786
D:\CropDiseaseProject\sugarcane_large\Healthy Leaves\image283.jpg,Healthy Leaves,3,Healthy Leaves,3,0.6729
D:\CropDiseaseProject\sugarcane_large\Diseases\Yellow Leaf\Yellow Leaf690.jpg,Yellow Leaf Disease,10,Yellow Leaf Disease,10,0.9537
D:\CropDiseaseProject\sugarcane_large\Diseases\Brown Spot\image1273.jpg,Brown Spot,1,Brown Spot,1,0.9699
D:\CropDiseaseProject\sugarcane_large\Diseases\Grassy shoot\image164.jpg,Grassy Shoot,2,Grassy Shoot,2,0.9999
D:\CropDiseaseProject\sugarcane_large\Diseases\Brown Spot\image168.jpg,Brown Spot,1,Brown Spot,1,0.5173
D:\CropDiseaseProject\sugarcane_large\Diseases\Banded Chlorosis\image054.jpg,Banded Chlorosis,0,Banded Chlorosis,0,0.8418
D:\CropDiseaseProject\sugarcane_large\Diseases\Grassy shoot\image039.jpg,Grassy Shoot,2,Grassy Shoot,2,0.9351
D:\CropDiseaseProject\sugarcane_large\Diseases\Banded Chlorosis\image344.jpg,Banded Chlorosis,0,Banded Chlorosis,0,0.9561
D:\CropDiseaseProject\sugarcane_large\Diseases\Brown Spot\image1362.jpg,Brown Spot,1,Brown Spot,1,0.9934
D:\CropDiseaseProject\sugarcane_large\Diseases\Yellow Leaf\Yellow Leaf1026.jpg,Yellow Leaf Disease,10,Yellow Leaf Disease,10,0.7108
D:\CropDiseaseProject\sugarcane_large\Diseases\Brown Spot\image475.jpg,Brown Spot,1,Brown Spot,1,0.8277
D:\CropDiseaseProject\sugarcane_large\Diseases\Brown Spot\image1120.jpg,Brown Spot,1,Yellow Leaf Disease,10,0.9023
D:\CropDiseaseProject\sugarcane_large\Diseases\Viral Disease\Viral Disease109.jpg,Mosaic / Viral Disease,4,Rust (Brown Rust),7,0.8119
D:\CropDiseaseProject\sugarcane_large\Healthy Leaves\image262.jpg,Healthy Leaves,3,Healthy Leaves,3,0.9998
D:\CropDiseaseProject\sugarcane_large\Diseases\Sett Rot\Sett Rot441.jpg,Sett Rot,8,Sett Rot,8,0.9998
D:\CropDiseaseProject\sugarcane_large\Diseases\Viral Disease\Viral Disease135.jpg,Mosaic / Viral Disease,4,Mosaic / Viral Disease,4,0.8348
D:\CropDiseaseProject\sugarcane_large\Diseases\Viral Disease\Viral Disease474.jpg,Mosaic / Viral Disease,4,Mosaic / Viral Disease,4,0.9473
D:\CropDiseaseProject\sugarcane_large\Diseases\Brown Spot\image1647.jpg,Brown Spot,1,Brown Spot,1,0.7263
D:\CropDiseaseProject\sugarcane_large\Diseases\Grassy shoot\image254.jpg,Grassy Shoot,2,Grassy Shoot,2,0.9254
D:\CropDiseaseProject\sugarcane_large\Diseases\Brown Spot\image879.jpg,Brown Spot,1,Mosaic / Viral Disease,4,0.6606
D:\CropDiseaseProject\sugarcane_large\Diseases\Sett Rot\Sett Rot446.jpg,Sett Rot,8,Sett Rot,8,0.9976
D:\CropDiseaseProject\sugarcane_large\Diseases\Yellow Leaf\Yellow Leaf433.jpg,Yellow Leaf Disease,10,Brown Spot,1,0.4819
D:\CropDiseaseProject\sugarcane_large\Diseases\Sett Rot\Sett Rot227.jpg,Sett Rot,8,Sett Rot,8,0.9999
D:\CropDiseaseProject\sugarcane_large\Diseases\Sett Rot\Sett Rot003.jpg,Sett Rot,8,Sett Rot,8,0.7855
D:\CropDiseaseProject\sugarcane_large\Diseases\BrownRust\image118.jpg,Rust (Brown Rust),7,Mosaic / Viral Disease,4,0.4486
D:\CropDiseaseProject\sugarcane_large\Healthy Leaves\image316.jpg,Healthy Leaves,3,Healthy Leaves,3,0.9848
D:\CropDiseaseProject\sugarcane_large\Diseases\Brown Spot\image053.jpg,Brown Spot,1,Brown Spot,1,0.7045
D:\CropDiseaseProject\sugarcane_large\Diseases\Yellow Leaf\Yellow Leaf1076.jpg,Yellow Leaf Disease,10,Yellow Leaf Disease,10,0.7608
D:\CropDiseaseProject\sugarcane_large\Diseases\Yellow Leaf\Yellow Leaf650.jpg,Yellow Leaf Disease,10,Yellow Leaf Disease,10,0.9731
D:\CropDiseaseProject\sugarcane_large\Diseases\Brown Spot\image357.jpg,Brown Spot,1,Brown Spot,1,0.8509
D:\CropDiseaseProject\sugarcane_large\Diseases\Sett Rot\Sett Rot280.jpg,Sett Rot,8,Sett Rot,8,0.7765
D:\CropDiseaseProject\sugarcane_large\Diseases\Yellow Leaf\Yellow Leaf913.jpg,Yellow Leaf Disease,10,Yellow Leaf Disease,10,0.9913
D:\CropDiseaseProject\sugarcane_large\Diseases\Viral Disease\Viral Disease092.jpg,Mosaic / Viral Disease,4,Mosaic / Viral Disease,4,0.9499
D:\CropDiseaseProject\sugarcane_large\Diseases\Sett Rot\Sett Rot615.jpg,Sett Rot,8,Sett Rot,8,1.0
D:\CropDiseaseProject\sugarcane_large\Diseases\Brown Spot\image086.jpg,Brown Spot,1,Brown Spot,1,0.997
D:\CropDiseaseProject\sugarcane_large\Diseases\Yellow Leaf\Yellow Leaf1034.jpg,Yellow Leaf Disease,10,Yellow Leaf Disease,10,0.9401
D:\CropDiseaseProject\sugarcane_large\Diseases\Grassy shoot\image255.jpg,Grassy Shoot,2,Grassy Shoot,2,0.807
D:\CropDiseaseProject\sugarcane_large\Diseases\Brown Spot\image516.jpg,Brown Spot,1,Brown Spot,1,0.7425
D:\CropDiseaseProject\sugarcane_large\Diseases\Brown Spot\image1112.jpg,Brown Spot,1,Yellow Leaf Disease,10,0.8938
D:\CropDiseaseProject\sugarcane_large\Diseases\Brown Spot\image1536.jpg,Brown Spot,1,Brown Spot,1,0.5772
D:\CropDiseaseProject\sugarcane_large\Diseases\Yellow Leaf\Yellow Leaf891.jpg,Yellow Leaf Disease,10,Yellow Leaf Disease,10,0.7347
D:\CropDiseaseProject\sugarcane_large\Diseases\Sett Rot\Sett Rot046.jpg,Sett Rot,8,Sett Rot,8,1.0
D:\CropDiseaseProject\sugarcane_large\Diseases\Brown Spot\image407.jpg,Brown Spot,1,Brown Spot,1,0.9341
D:\CropDiseaseProject\sugarcane_large\Diseases\Yellow Leaf\Yellow Leaf1056.jpg,Yellow Leaf Disease,10,Yellow Leaf Disease,10,0.9575
D:\CropDiseaseProject\sugarcane_large\Diseases\Brown Spot\image343.jpg,Brown Spot,1,Brown Spot,1,0.9992
D:\CropDiseaseProject\sugarcane_large\Diseases\Pokkah Boeng\Pokkah Boeng263.jpg,Pokkah Boeng,5,Pokkah Boeng,5,0.6608
D:\CropDiseaseProject\sugarcane_large\Diseases\Viral Disease\Viral Disease256.jpg,Mosaic / Viral Disease,4,Mosaic / Viral Disease,4,0.8107
D:\CropDiseaseProject\sugarcane_large\Diseases\smut\Smut171.jpg,Smut,9,Smut,9,0.9405
D:\CropDiseaseProject\sugarcane_large\Diseases\BrownRust\image100.jpg,Rust (Brown Rust),7,Rust (Brown Rust),7,0.6547
D:\CropDiseaseProject\sugarcane_large\Diseases\Viral Disease\Viral Disease325.jpg,Mosaic / Viral Disease,4,Mosaic / Viral Disease,4,0.4049
D:\CropDiseaseProject\sugarcane_large\Diseases\Yellow Leaf\Yellow Leaf712.jpg,Yellow Leaf Disease,10,Yellow Leaf Disease,10,0.9868
D:\CropDiseaseProject\sugarcane_large\Diseases\Sett Rot\Sett Rot088.jpg,Sett Rot,8,Sett Rot,8,1.0
D:\CropDiseaseProject\sugarcane_large\Diseases\Banded Chlorosis\image021.jpg,Banded Chlorosis,0,Banded Chlorosis,0,0.8424
D:\CropDiseaseProject\sugarcane_large\Diseases\Viral Disease\Viral Disease341.jpg,Mosaic / Viral Disease,4,Mosaic / Viral Disease,4,0.8422
D:\CropDiseaseProject\sugarcane_large\Diseases\BrownRust\image119.jpg,Rust (Brown Rust),7,Mosaic / Viral Disease,4,0.3208
D:\CropDiseaseProject\sugarcane_large\Diseases\Brown Spot\image1630.jpg,Brown Spot,1,Brown Spot,1,0.9867
D:\CropDiseaseProject\sugarcane_large\Diseases\Grassy shoot\image153.jpg,Grassy Shoot,2,Grassy Shoot,2,0.9977
D:\CropDiseaseProject\sugarcane_large\Diseases\Brown Spot\image609.jpg,Brown Spot,1,Brown Spot,1,0.9927
D:\CropDiseaseProject\sugarcane_large\Diseases\Viral Disease\Viral Disease319.jpg,Mosaic / Viral Disease,4,Yellow Leaf Disease,10,0.4628
D:\CropDiseaseProject\sugarcane_large\Diseases\Brown Spot\image797.jpg,Brown Spot,1,Brown Spot,1,0.9998
D:\CropDiseaseProject\sugarcane_large\Diseases\Brown Spot\image479.jpg,Brown Spot,1,Mosaic / Viral Disease,4,0.6417
D:\CropDiseaseProject\sugarcane_large\Diseases\Yellow Leaf\Yellow Leaf193.jpg,Yellow Leaf Disease,10,Yellow Leaf Disease,10,0.9767
D:\CropDiseaseProject\sugarcane_large\Diseases\Yellow Leaf\Yellow Leaf976.jpg,Yellow Leaf Disease,10,Yellow Leaf Disease,10,0.9863
D:\CropDiseaseProject\sugarcane_large\Diseases\Yellow Leaf\Yellow Leaf531.jpg,Yellow Leaf Disease,10,Yellow Leaf Disease,10,0.5397
D:\CropDiseaseProject\sugarcane_large\Diseases\Viral Disease\Viral Disease413.jpg,Mosaic / Viral Disease,4,Mosaic / Viral Disease,4,0.9481
D:\CropDiseaseProject\sugarcane_large\Diseases\Sett Rot\Sett Rot455.jpg,Sett Rot,8,Sett Rot,8,0.9998
D:\CropDiseaseProject\sugarcane_large\Diseases\Banded Chlorosis\image217.jpg,Banded Chlorosis,0,Rust (Brown Rust),7,0.3721
D:\CropDiseaseProject\sugarcane_large\Healthy Leaves\image302.jpg,Healthy Leaves,3,Healthy Leaves,3,0.5669
D:\CropDiseaseProject\sugarcane_large\Diseases\Brown Spot\image010.jpg,Brown Spot,1,Yellow Leaf Disease,10,0.9306
D:\CropDiseaseProject\sugarcane_large\Diseases\Yellow Leaf\Yellow Leaf756.jpg,Yellow Leaf Disease,10,Yellow Leaf Disease,10,0.9882
D:\CropDiseaseProject\sugarcane_large\Diseases\Sett Rot\Sett Rot210.jpg,Sett Rot,8,Sett Rot,8,1.0
D:\CropDiseaseProject\sugarcane_large\Diseases\BrownRust\image295.jpg,Rust (Brown Rust),7,Rust (Brown Rust),7,0.8784
D:\CropDiseaseProject\sugarcane_large\Diseases\Brown Spot\image1600.jpg,Brown Spot,1,Brown Spot,1,0.8134
D:\CropDiseaseProject\sugarcane_large\Diseases\Yellow Leaf\Yellow Leaf384.jpg,Yellow Leaf Disease,10,Yellow Leaf Disease,10,0.997
D:\CropDiseaseProject\sugarcane_large\Healthy Leaves\image220.jpg,Healthy Leaves,3,Healthy Leaves,3,0.8472
D:\CropDiseaseProject\sugarcane_large\Diseases\Sett Rot\Sett Rot564.jpg,Sett Rot,8,Sett Rot,8,1.0
D:\CropDiseaseProject\sugarcane_large\Diseases\smut\Smut126.jpg,Smut,9,Smut,9,0.9528
D:\CropDiseaseProject\sugarcane_large\Diseases\Brown Spot\image930.jpg,Brown Spot,1,Brown Spot,1,0.9858
D:\CropDiseaseProject\sugarcane_large\Diseases\Yellow Leaf\Yellow Leaf566.jpg,Yellow Leaf Disease,10,Yellow Leaf Disease,10,0.9977
D:\CropDiseaseProject\sugarcane_large\Diseases\Grassy shoot\image332.jpg,Grassy Shoot,2,Grassy Shoot,2,0.9982
D:\CropDiseaseProject\sugarcane_large\Diseases\smut\Smut043.jpg,Smut,9,Pokkah Boeng,5,0.8565
D:\CropDiseaseProject\sugarcane_large\Diseases\Yellow Leaf\Yellow Leaf930.jpg,Yellow Leaf Disease,10,Yellow Leaf Disease,10,0.5066
D:\CropDiseaseProject\sugarcane_large\Diseases\Banded Chlorosis\image191.jpg,Banded Chlorosis,0,Banded Chlorosis,0,0.8268
D:\CropDiseaseProject\sugarcane_large\Diseases\Brown Spot\image685.jpg,Brown Spot,1,Banded Chlorosis,0,0.5013
D:\CropDiseaseProject\sugarcane_large\Diseases\Yellow Leaf\Yellow Leaf836.jpg,Yellow Leaf Disease,10,Yellow Leaf Disease,10,0.9911
D:\CropDiseaseProject\sugarcane_large\Diseases\Pokkah Boeng\Pokkah Boeng048.jpg,Pokkah Boeng,5,Pokkah Boeng,5,0.727
D:\CropDiseaseProject\sugarcane_large\Diseases\Sett Rot\Sett Rot474.jpg,Sett Rot,8,Sett Rot,8,0.9995
D:\CropDiseaseProject\sugarcane_large\Diseases\Viral Disease\Viral Disease452.jpg,Mosaic / Viral Disease,4,Brown Spot,1,0.6889
D:\CropDiseaseProject\sugarcane_large\Diseases\Brown Spot\image694.jpg,Brown Spot,1,Brown Spot,1,0.9959
D:\CropDiseaseProject\sugarcane_large\Diseases\Yellow Leaf\Yellow Leaf1116.jpg,Yellow Leaf Disease,10,Brown Spot,1,0.7237
D:\CropDiseaseProject\sugarcane_large\Diseases\Brown Spot\image1233.jpg,Brown Spot,1,Brown Spot,1,0.9839
D:\CropDiseaseProject\sugarcane_large\Diseases\Brown Spot\image583.jpg,Brown Spot,1,Brown Spot,1,0.7298
D:\CropDiseaseProject\sugarcane_large\Diseases\BrownRust\image085.jpg,Rust (Brown Rust),7,Mosaic / Viral Disease,4,0.3203
D:\CropDiseaseProject\sugarcane_large\Diseases\Brown Spot\image1542.jpg,Brown Spot,1,Rust (Brown Rust),7,0.3935
D:\CropDiseaseProject\sugarcane_large\Healthy Leaves\image341.jpg,Healthy Leaves,3,Healthy Leaves,3,0.9998
D:\CropDiseaseProject\sugarcane_large\Diseases\Brown Spot\image709.jpg,Brown Spot,1,Yellow Leaf Disease,10,0.6112
D:\CropDiseaseProject\sugarcane_large\Diseases\Brown Spot\image1260.jpg,Brown Spot,1,Brown Spot,1,0.9892
D:\CropDiseaseProject\sugarcane_large\Diseases\Pokkah Boeng\Pokkah Boeng195.jpg,Pokkah Boeng,5,Pokkah Boeng,5,0.9844
D:\CropDiseaseProject\sugarcane_large\Diseases\Brown Spot\image515.jpg,Brown Spot,1,Yellow Leaf Disease,10,0.6562
D:\CropDiseaseProject\sugarcane_large\Diseases\Brown Spot\image1262.jpg,Brown Spot,1,Brown Spot,1,0.9794
D:\CropDiseaseProject\sugarcane_large\Diseases\BrownRust\image264.jpg,Rust (Brown Rust),7,Rust (Brown Rust),7,0.8841
D:\CropDiseaseProject\sugarcane_large\Diseases\Brown Spot\image496.jpg,Brown Spot,1,Brown Spot,1,0.6729
D:\CropDiseaseProject\sugarcane_large\Healthy Leaves\image059.jpg,Healthy Leaves,3,Brown Spot,1,0.5026
D:\CropDiseaseProject\sugarcane_large\Diseases\Viral Disease\Viral Disease275.jpg,Mosaic / Viral Disease,4,Mosaic / Viral Disease,4,0.9263
D:\CropDiseaseProject\sugarcane_large\Diseases\Brown Spot\image047.jpg,Brown Spot,1,Brown Spot,1,0.7083
D:\CropDiseaseProject\sugarcane_large\Healthy Leaves\image114.jpg,Healthy Leaves,3,Brown Spot,1,0.4147
D:\CropDiseaseProject\sugarcane_large\Diseases\Brown Spot\image1284.jpg,Brown Spot,1,Brown Spot,1,0.9665
D:\CropDiseaseProject\sugarcane_large\Diseases\Brown Spot\image134.jpg,Brown Spot,1,Brown Spot,1,0.9136
D:\CropDiseaseProject\sugarcane_large\Diseases\Brown Spot\image574.jpg,Brown Spot,1,Brown Spot,1,0.8998
D:\CropDiseaseProject\sugarcane_large\Diseases\Pokkah Boeng\Pokkah Boeng157.jpg,Pokkah Boeng,5,Pokkah Boeng,5,0.9683
D:\CropDiseaseProject\sugarcane_large\Diseases\Brown Spot\image051.jpg,Brown Spot,1,Yellow Leaf Disease,10,0.8049
D:\CropDiseaseProject\sugarcane_large\Diseases\Viral Disease\Viral Disease449.jpg,Mosaic / Viral Disease,4,Mosaic / Viral Disease,4,0.9786
D:\CropDiseaseProject\sugarcane_large\Diseases\BrownRust\image254.jpg,Rust (Brown Rust),7,Rust (Brown Rust),7,0.7781
D:\CropDiseaseProject\sugarcane_large\Diseases\Brown Spot\image517.jpg,Brown Spot,1,Brown Spot,1,0.762
D:\CropDiseaseProject\sugarcane_large\Diseases\Yellow Leaf\Yellow Leaf1047.jpg,Yellow Leaf Disease,10,Yellow Leaf Disease,10,0.9196
D:\CropDiseaseProject\sugarcane_large\Diseases\Grassy shoot\image342.jpg,Grassy Shoot,2,Grassy Shoot,2,0.9983
D:\CropDiseaseProject\sugarcane_large\Diseases\Banded Chlorosis\image453.jpg,Banded Chlorosis,0,Banded Chlorosis,0,0.4412
D:\CropDiseaseProject\sugarcane_large\Diseases\Brown Spot\image818.jpg,Brown Spot,1,Brown Spot,1,0.9991
D:\CropDiseaseProject\sugarcane_large\Diseases\Brown Spot\image1225.jpg,Brown Spot,1,Brown Spot,1,0.7016
D:\CropDiseaseProject\sugarcane_large\Diseases\Viral Disease\Viral Disease296.jpg,Mosaic / Viral Disease,4,Mosaic / Viral Disease,4,0.6681
D:\CropDiseaseProject\sugarcane_large\Diseases\Banded Chlorosis\image338.jpg,Banded Chlorosis,0,Banded Chlorosis,0,0.8896
D:\CropDiseaseProject\sugarcane_large\Diseases\Pokkah Boeng\Pokkah Boeng064.jpg,Pokkah Boeng,5,Smut,9,0.8958
D:\CropDiseaseProject\sugarcane_large\Diseases\Sett Rot\Sett Rot421.jpg,Sett Rot,8,Sett Rot,8,0.9999
D:\CropDiseaseProject\sugarcane_large\Diseases\Brown Spot\image1670.jpg,Brown Spot,1,Brown Spot,1,0.983
D:\CropDiseaseProject\sugarcane_large\Healthy Leaves\image384.jpg,Healthy Leaves,3,Healthy Leaves,3,0.9054
D:\CropDiseaseProject\sugarcane_large\Diseases\smut\Smut160.jpg,Smut,9,Smut,9,0.7551
D:\CropDiseaseProject\sugarcane_large\Diseases\Viral Disease\Viral Disease553.jpg,Mosaic / Viral Disease,4,Mosaic / Viral Disease,4,0.986
D:\CropDiseaseProject\sugarcane_large\Diseases\Yellow Leaf\Yellow Leaf466.jpg,Yellow Leaf Disease,10,Yellow Leaf Disease,10,0.9972
D:\CropDiseaseProject\sugarcane_large\Diseases\Yellow Leaf\Yellow Leaf912.jpg,Yellow Leaf Disease,10,Yellow Leaf Disease,10,0.9904
D:\CropDiseaseProject\sugarcane_large\Diseases\smut\Smut056.jpg,Smut,9,Pokkah Boeng,5,0.7078
D:\CropDiseaseProject\sugarcane_large\Diseases\Pokkah Boeng\Pokkah Boeng002.jpg,Pokkah Boeng,5,Pokkah Boeng,5,0.6791
D:\CropDiseaseProject\sugarcane_large\Healthy Leaves\image167.jpg,Healthy Leaves,3,Healthy Leaves,3,0.6351
D:\CropDiseaseProject\sugarcane_large\Healthy Leaves\image421.jpg,Healthy Leaves,3,Healthy Leaves,3,0.9953
D:\CropDiseaseProject\sugarcane_large\Diseases\Sett Rot\Sett Rot452.jpg,Sett Rot,8,Sett Rot,8,0.9999
D:\CropDiseaseProject\sugarcane_large\Diseases\Brown Spot\image711.jpg,Brown Spot,1,Yellow Leaf Disease,10,0.6838
D:\CropDiseaseProject\sugarcane_large\Diseases\Brown Spot\image080.jpg,Brown Spot,1,Brown Spot,1,0.9572
D:\CropDiseaseProject\sugarcane_large\Diseases\Brown Spot\image1434.jpg,Brown Spot,1,Yellow Leaf Disease,10,0.8104
D:\CropDiseaseProject\sugarcane_large\Healthy Leaves\image246.jpg,Healthy Leaves,3,Healthy Leaves,3,0.864
D:\CropDiseaseProject\sugarcane_large\Diseases\Sett Rot\Sett Rot031.jpg,Sett Rot,8,Sett Rot,8,0.9992
D:\CropDiseaseProject\sugarcane_large\Diseases\Brown Spot\image469.jpg,Brown Spot,1,Brown Spot,1,0.838
D:\CropDiseaseProject\sugarcane_large\Diseases\Viral Disease\Viral Disease573.jpg,Mosaic / Viral Disease,4,Mosaic / Viral Disease,4,0.9657
D:\CropDiseaseProject\sugarcane_large\Diseases\Viral Disease\Viral Disease309.jpg,Mosaic / Viral Disease,4,Mosaic / Viral Disease,4,0.9948
D:\CropDiseaseProject\sugarcane_large\Diseases\Banded Chlorosis\image231.jpg,Banded Chlorosis,0,Banded Chlorosis,0,0.9655
D:\CropDiseaseProject\sugarcane_large\Diseases\Brown Spot\image1004.jpg,Brown Spot,1,Brown Spot,1,0.6403
D:\CropDiseaseProject\sugarcane_large\Diseases\Viral Disease\Viral Disease207.jpg,Mosaic / Viral Disease,4,Mosaic / Viral Disease,4,0.9936
D:\CropDiseaseProject\sugarcane_large\Diseases\Banded Chlorosis\image218.jpg,Banded Chlorosis,0,Banded Chlorosis,0,0.4449
D:\CropDiseaseProject\sugarcane_large\Diseases\Banded Chlorosis\image188.jpg,Banded Chlorosis,0,Brown Spot,1,0.7736
D:\CropDiseaseProject\sugarcane_large\Diseases\Brown Spot\image171.jpg,Brown Spot,1,Banded Chlorosis,0,0.5183
D:\CropDiseaseProject\sugarcane_large\Diseases\Brown Spot\image320.jpg,Brown Spot,1,Brown Spot,1,0.9998
D:\CropDiseaseProject\sugarcane_large\Diseases\Yellow Leaf\Yellow Leaf658.jpg,Yellow Leaf Disease,10,Yellow Leaf Disease,10,0.638
D:\CropDiseaseProject\sugarcane_large\Diseases\Yellow Leaf\Yellow Leaf1072.jpg,Yellow Leaf Disease,10,Brown Spot,1,0.5002
D:\CropDiseaseProject\sugarcane_large\Diseases\Brown Spot\image152.jpg,Brown Spot,1,Brown Spot,1,0.9846
D:\CropDiseaseProject\sugarcane_large\Diseases\Brown Spot\image1234.jpg,Brown Spot,1,Brown Spot,1,0.9373
D:\CropDiseaseProject\sugarcane_large\Diseases\Yellow Leaf\Yellow Leaf831.jpg,Yellow Leaf Disease,10,Yellow Leaf Disease,10,0.9962
D:\CropDiseaseProject\sugarcane_large\Diseases\Pokkah Boeng\Pokkah Boeng007.jpg,Pokkah Boeng,5,Pokkah Boeng,5,0.8721
D:\CropDiseaseProject\sugarcane_large\Diseases\Brown Spot\image1301.jpg,Brown Spot,1,Brown Spot,1,0.998
D:\CropDiseaseProject\sugarcane_large\Diseases\Banded Chlorosis\image063.jpg,Banded Chlorosis,0,Banded Chlorosis,0,0.8994
D:\CropDiseaseProject\sugarcane_large\Diseases\Brown Spot\image090.jpg,Brown Spot,1,Brown Spot,1,0.9989
D:\CropDiseaseProject\sugarcane_large\Diseases\Yellow Leaf\Yellow Leaf817.jpg,Yellow Leaf Disease,10,Yellow Leaf Disease,10,0.9977
D:\CropDiseaseProject\sugarcane_large\Diseases\Brown Spot\image1324.jpg,Brown Spot,1,Brown Spot,1,0.6713
D:\CropDiseaseProject\sugarcane_large\Diseases\Brown Spot\image753.jpg,Brown Spot,1,Brown Spot,1,0.9304
D:\CropDiseaseProject\sugarcane_large\Diseases\Banded Chlorosis\image314.jpg,Banded Chlorosis,0,Banded Chlorosis,0,0.6284
D:\CropDiseaseProject\sugarcane_large\Diseases\Banded Chlorosis\image468.jpg,Banded Chlorosis,0,Banded Chlorosis,0,0.5155
D:\CropDiseaseProject\sugarcane_large\Diseases\Brown Spot\image304.jpg,Brown Spot,1,Brown Spot,1,0.9967
D:\CropDiseaseProject\sugarcane_large\Healthy Leaves\image267.jpg,Healthy Leaves,3,Healthy Leaves,3,0.9981
D:\CropDiseaseProject\sugarcane_large\Diseases\Yellow Leaf\Yellow Leaf265.jpg,Yellow Leaf Disease,10,Yellow Leaf Disease,10,0.8697
D:\CropDiseaseProject\sugarcane_large\Diseases\Sett Rot\Sett Rot075.jpg,Sett Rot,8,Sett Rot,8,1.0
D:\CropDiseaseProject\sugarcane_large\Diseases\Yellow Leaf\Yellow Leaf543.jpg,Yellow Leaf Disease,10,Yellow Leaf Disease,10,0.5542
D:\CropDiseaseProject\sugarcane_large\Diseases\Yellow Leaf\Yellow Leaf883.jpg,Yellow Leaf Disease,10,Yellow Leaf Disease,10,0.6475
D:\CropDiseaseProject\sugarcane_large\Healthy Leaves\image263.jpg,Healthy Leaves,3,Healthy Leaves,3,0.9993
D:\CropDiseaseProject\sugarcane_large\Diseases\Yellow Leaf\Yellow Leaf758.jpg,Yellow Leaf Disease,10,Yellow Leaf Disease,10,0.9741
D:\CropDiseaseProject\sugarcane_large\Diseases\Yellow Leaf\Yellow Leaf342.jpg,Yellow Leaf Disease,10,Yellow Leaf Disease,10,0.6158
D:\CropDiseaseProject\sugarcane_large\Diseases\Yellow Leaf\Yellow Leaf544.jpg,Yellow Leaf Disease,10,Yellow Leaf Disease,10,0.3938
D:\CropDiseaseProject\sugarcane_large\Healthy Leaves\image294.jpg,Healthy Leaves,3,Rust (Brown Rust),7,0.7961
D:\CropDiseaseProject\sugarcane_large\Diseases\Yellow Leaf\Yellow Leaf812.jpg,Yellow Leaf Disease,10,Yellow Leaf Disease,10,0.999
D:\CropDiseaseProject\sugarcane_large\Diseases\Pokkah Boeng\Pokkah Boeng261.jpg,Pokkah Boeng,5,Pokkah Boeng,5,0.664
D:\CropDiseaseProject\sugarcane_large\Diseases\Brown Spot\image1657.jpg,Brown Spot,1,Brown Spot,1,0.9757
D:\CropDiseaseProject\sugarcane_large\Diseases\Viral Disease\Viral Disease003.jpg,Mosaic / Viral Disease,4,Smut,9,0.9648
D:\CropDiseaseProject\sugarcane_large\Diseases\Brown Spot\image1126.jpg,Brown Spot,1,Brown Spot,1,0.9884
D:\CropDiseaseProject\sugarcane_large\Diseases\BrownRust\image072.jpg,Rust (Brown Rust),7,Banded Chlorosis,0,0.8268
D:\CropDiseaseProject\sugarcane_large\Diseases\Brown Spot\image1334.jpg,Brown Spot,1,Brown Spot,1,0.9876
D:\CropDiseaseProject\sugarcane_large\Diseases\Yellow Leaf\Yellow Leaf1017.jpg,Yellow Leaf Disease,10,Rust (Brown Rust),7,0.5429
D:\CropDiseaseProject\sugarcane_large\Diseases\Yellow Leaf\Yellow Leaf519.jpg,Yellow Leaf Disease,10,Yellow Leaf Disease,10,0.9769
D:\CropDiseaseProject\sugarcane_large\Diseases\Brown Spot\image913.jpg,Brown Spot,1,Brown Spot,1,0.9953
D:\CropDiseaseProject\sugarcane_large\Diseases\Brown Spot\image521.jpg,Brown Spot,1,Brown Spot,1,0.6777
D:\CropDiseaseProject\sugarcane_large\Diseases\Pokkah Boeng\Pokkah Boeng285.jpg,Pokkah Boeng,5,Pokkah Boeng,5,0.996
D:\CropDiseaseProject\sugarcane_large\Diseases\Viral Disease\Viral Disease619.jpg,Mosaic / Viral Disease,4,Mosaic / Viral Disease,4,0.9924
D:\CropDiseaseProject\sugarcane_large\Diseases\Yellow Leaf\Yellow Leaf813.jpg,Yellow Leaf Disease,10,Yellow Leaf Disease,10,0.9992
D:\CropDiseaseProject\sugarcane_large\Diseases\Brown Spot\image495.jpg,Brown Spot,1,Brown Spot,1,0.8286
D:\CropDiseaseProject\sugarcane_large\Diseases\Pokkah Boeng\Pokkah Boeng220.jpg,Pokkah Boeng,5,Pokkah Boeng,5,0.929
D:\CropDiseaseProject\sugarcane_large\Diseases\Brown Spot\image1254.jpg,Brown Spot,1,Brown Spot,1,0.9406
D:\CropDiseaseProject\sugarcane_large\Diseases\Viral Disease\Viral Disease310.jpg,Mosaic / Viral Disease,4,Mosaic / Viral Disease,4,0.9839
D:\CropDiseaseProject\sugarcane_large\Diseases\smut\Smut114.jpg,Smut,9,Pokkah Boeng,5,0.7335
D:\CropDiseaseProject\sugarcane_large\Diseases\Viral Disease\Viral Disease204.jpg,Mosaic / Viral Disease,4,Mosaic / Viral Disease,4,0.9915
D:\CropDiseaseProject\sugarcane_large\Diseases\Viral Disease\Viral Disease628.jpg,Mosaic / Viral Disease,4,Mosaic / Viral Disease,4,0.7222
D:\CropDiseaseProject\sugarcane_large\Diseases\Yellow Leaf\Yellow Leaf661.jpg,Yellow Leaf Disease,10,Yellow Leaf Disease,10,0.9744
D:\CropDiseaseProject\sugarcane_large\Diseases\Yellow Leaf\Yellow Leaf013.jpg,Yellow Leaf Disease,10,Yellow Leaf Disease,10,0.4733
D:\CropDiseaseProject\sugarcane_large\Diseases\Sett Rot\Sett Rot153.jpg,Sett Rot,8,Sett Rot,8,0.9999
D:\CropDiseaseProject\sugarcane_large\Diseases\smut\Smut214.jpg,Smut,9,Smut,9,0.9124
D:\CropDiseaseProject\sugarcane_large\Diseases\Pokkah Boeng\Pokkah Boeng038.jpg,Pokkah Boeng,5,Pokkah Boeng,5,0.6947
D:\CropDiseaseProject\sugarcane_large\Diseases\smut\Smut292.jpg,Smut,9,Smut,9,0.9909
D:\CropDiseaseProject\sugarcane_large\Healthy Leaves\image277.jpg,Healthy Leaves,3,Healthy Leaves,3,0.9918
D:\CropDiseaseProject\sugarcane_large\Diseases\smut\Smut180.jpg,Smut,9,Smut,9,0.7578
D:\CropDiseaseProject\sugarcane_large\Diseases\Viral Disease\Viral Disease061.jpg,Mosaic / Viral Disease,4,Rust (Brown Rust),7,0.5599
D:\CropDiseaseProject\sugarcane_large\Diseases\Brown Spot\image1495.jpg,Brown Spot,1,Brown Spot,1,0.9855
D:\CropDiseaseProject\sugarcane_large\Diseases\Yellow Leaf\Yellow Leaf861.jpg,Yellow Leaf Disease,10,Yellow Leaf Disease,10,0.9798
D:\CropDiseaseProject\sugarcane_large\Diseases\Viral Disease\Viral Disease635.jpg,Mosaic / Viral Disease,4,Mosaic / Viral Disease,4,0.9847
D:\CropDiseaseProject\sugarcane_large\Diseases\Brown Spot\image1365.jpg,Brown Spot,1,Brown Spot,1,0.9456
D:\CropDiseaseProject\sugarcane_large\Diseases\Banded Chlorosis\image041.jpg,Banded Chlorosis,0,Brown Spot,1,0.7069
D:\CropDiseaseProject\sugarcane_large\Diseases\Viral Disease\Viral Disease404.jpg,Mosaic / Viral Disease,4,Mosaic / Viral Disease,4,0.9768
D:\CropDiseaseProject\sugarcane_large\Diseases\Sett Rot\Sett Rot055.jpg,Sett Rot,8,Sett Rot,8,0.9993
D:\CropDiseaseProject\sugarcane_large\Diseases\Brown Spot\image067.jpg,Brown Spot,1,Brown Spot,1,0.9007
D:\CropDiseaseProject\sugarcane_large\Diseases\Yellow Leaf\Yellow Leaf1157.jpg,Yellow Leaf Disease,10,Yellow Leaf Disease,10,0.7356
D:\CropDiseaseProject\sugarcane_large\Diseases\Pokkah Boeng\Pokkah Boeng049.jpg,Pokkah Boeng,5,Smut,9,0.504
D:\CropDiseaseProject\sugarcane_large\Diseases\Brown Spot\image147.jpg,Brown Spot,1,Brown Spot,1,0.9976
D:\CropDiseaseProject\sugarcane_large\Diseases\Brown Spot\image1063.jpg,Brown Spot,1,Mosaic / Viral Disease,4,0.7829
D:\CropDiseaseProject\sugarcane_large\Diseases\Yellow Leaf\Yellow Leaf627.jpg,Yellow Leaf Disease,10,Yellow Leaf Disease,10,0.9541
D:\CropDiseaseProject\sugarcane_large\Diseases\Brown Spot\image289.jpg,Brown Spot,1,Brown Spot,1,0.9864
D:\CropDiseaseProject\sugarcane_large\Diseases\Grassy shoot\image097.jpg,Grassy Shoot,2,Grassy Shoot,2,0.9999
D:\CropDiseaseProject\sugarcane_large\Healthy Leaves\image218.jpg,Healthy Leaves,3,Healthy Leaves,3,0.9757
D:\CropDiseaseProject\sugarcane_large\Diseases\Pokkah Boeng\Pokkah Boeng204.jpg,Pokkah Boeng,5,Pokkah Boeng,5,0.525
D:\CropDiseaseProject\sugarcane_large\Diseases\Brown Spot\image674.jpg,Brown Spot,1,Brown Spot,1,0.993
D:\CropDiseaseProject\sugarcane_large\Diseases\Yellow Leaf\Yellow Leaf527.jpg,Yellow Leaf Disease,10,Yellow Leaf Disease,10,0.9711
D:\CropDiseaseProject\sugarcane_large\Diseases\Brown Spot\image025.jpg,Brown Spot,1,Brown Spot,1,0.8392
D:\CropDiseaseProject\sugarcane_large\Diseases\Yellow Leaf\Yellow Leaf862.jpg,Yellow Leaf Disease,10,Yellow Leaf Disease,10,0.9523
D:\CropDiseaseProject\sugarcane_large\Diseases\smut\Smut249.jpg,Smut,9,Smut,9,0.9911
D:\CropDiseaseProject\sugarcane_large\Diseases\Yellow Leaf\Yellow Leaf668.jpg,Yellow Leaf Disease,10,Yellow Leaf Disease,10,0.9563
D:\CropDiseaseProject\sugarcane_large\Diseases\Brown Spot\image759.jpg,Brown Spot,1,Brown Spot,1,0.7103
D:\CropDiseaseProject\sugarcane_large\Diseases\Brown Spot\image444.jpg,Brown Spot,1,Rust (Brown Rust),7,0.6217
D:\CropDiseaseProject\sugarcane_large\Diseases\Yellow Leaf\Yellow Leaf1154.jpg,Yellow Leaf Disease,10,Yellow Leaf Disease,10,0.5916
D:\CropDiseaseProject\sugarcane_large\Diseases\Brown Spot\image1195.jpg,Brown Spot,1,Brown Spot,1,0.9822
D:\CropDiseaseProject\sugarcane_large\Diseases\Banded Chlorosis\image189.jpg,Banded Chlorosis,0,Banded Chlorosis,0,0.6523
D:\CropDiseaseProject\sugarcane_large\Diseases\smut\Smut310.jpg,Smut,9,Smut,9,0.9949
D:\CropDiseaseProject\sugarcane_large\Diseases\Brown Spot\image1514.jpg,Brown Spot,1,Yellow Leaf Disease,10,0.5177
D:\CropDiseaseProject\sugarcane_large\Diseases\Brown Spot\image1337.jpg,Brown Spot,1,Brown Spot,1,0.9701
D:\CropDiseaseProject\sugarcane_large\Healthy Leaves\image107.jpg,Healthy Leaves,3,Healthy Leaves,3,0.9983
D:\CropDiseaseProject\sugarcane_large\Diseases\Viral Disease\Viral Disease314.jpg,Mosaic / Viral Disease,4,Mosaic / Viral Disease,4,0.9911
D:\CropDiseaseProject\sugarcane_large\Diseases\Grassy shoot\image220.jpg,Grassy Shoot,2,Grassy Shoot,2,0.9895
D:\CropDiseaseProject\sugarcane_large\Diseases\BrownRust\image287.jpg,Rust (Brown Rust),7,Rust (Brown Rust),7,0.9833
D:\CropDiseaseProject\sugarcane_large\Healthy Leaves\image022.jpg,Healthy Leaves,3,Healthy Leaves,3,0.6159
D:\CropDiseaseProject\sugarcane_large\Diseases\Yellow Leaf\Yellow Leaf738.jpg,Yellow Leaf Disease,10,Yellow Leaf Disease,10,0.9393
D:\CropDiseaseProject\sugarcane_large\Diseases\Viral Disease\Viral Disease483.jpg,Mosaic / Viral Disease,4,Mosaic / Viral Disease,4,0.8433
D:\CropDiseaseProject\sugarcane_large\Diseases\Yellow Leaf\Yellow Leaf154.jpg,Yellow Leaf Disease,10,Yellow Leaf Disease,10,0.9864
D:\CropDiseaseProject\sugarcane_large\Diseases\Pokkah Boeng\Pokkah Boeng081.jpg,Pokkah Boeng,5,Pokkah Boeng,5,0.5071
D:\CropDiseaseProject\sugarcane_large\Diseases\Banded Chlorosis\image253.jpg,Banded Chlorosis,0,Banded Chlorosis,0,0.4763
D:\CropDiseaseProject\sugarcane_large\Diseases\smut\Smut232.jpg,Smut,9,Smut,9,0.8568
D:\CropDiseaseProject\sugarcane_large\Healthy Leaves\image161.jpg,Healthy Leaves,3,Healthy Leaves,3,0.8772
D:\CropDiseaseProject\sugarcane_large\Diseases\Yellow Leaf\Yellow Leaf1130.jpg,Yellow Leaf Disease,10,Yellow Leaf Disease,10,0.4378
D:\CropDiseaseProject\sugarcane_large\Diseases\Yellow Leaf\Yellow Leaf941.jpg,Yellow Leaf Disease,10,Yellow Leaf Disease,10,0.6812
D:\CropDiseaseProject\sugarcane_large\Diseases\Yellow Leaf\Yellow Leaf1100.jpg,Yellow Leaf Disease,10,Yellow Leaf Disease,10,0.6753
D:\CropDiseaseProject\sugarcane_large\Diseases\Yellow Leaf\Yellow Leaf522.jpg,Yellow Leaf Disease,10,Yellow Leaf Disease,10,0.9913
D:\CropDiseaseProject\sugarcane_large\Diseases\Yellow Leaf\Yellow Leaf743.jpg,Yellow Leaf Disease,10,Yellow Leaf Disease,10,0.9772
D:\CropDiseaseProject\sugarcane_large\Diseases\Brown Spot\image149.jpg,Brown Spot,1,Brown Spot,1,0.9971
D:\CropDiseaseProject\sugarcane_large\Diseases\Yellow Leaf\Yellow Leaf957.jpg,Yellow Leaf Disease,10,Brown Spot,1,0.4182
D:\CropDiseaseProject\sugarcane_large\Diseases\Grassy shoot\image223.jpg,Grassy Shoot,2,Grassy Shoot,2,0.9952
D:\CropDiseaseProject\sugarcane_large\Diseases\Viral Disease\Viral Disease512.jpg,Mosaic / Viral Disease,4,Brown Spot,1,0.4896
D:\CropDiseaseProject\sugarcane_large\Diseases\Brown Spot\image1385.jpg,Brown Spot,1,Rust (Brown Rust),7,0.5139
D:\CropDiseaseProject\sugarcane_large\Diseases\Brown Spot\image423.jpg,Brown Spot,1,Brown Spot,1,0.7858
D:\CropDiseaseProject\sugarcane_large\Healthy Leaves\image319.jpg,Healthy Leaves,3,Healthy Leaves,3,0.946
D:\CropDiseaseProject\sugarcane_large\Diseases\Brown Spot\image1450.jpg,Brown Spot,1,Brown Spot,1,0.7202
D:\CropDiseaseProject\sugarcane_large\Diseases\Viral Disease\Viral Disease500.jpg,Mosaic / Viral Disease,4,Mosaic / Viral Disease,4,0.596
D:\CropDiseaseProject\sugarcane_large\Diseases\Yellow Leaf\Yellow Leaf688.jpg,Yellow Leaf Disease,10,Yellow Leaf Disease,10,0.7267
D:\CropDiseaseProject\sugarcane_large\Diseases\Grassy shoot\image104.jpg,Grassy Shoot,2,Grassy Shoot,2,0.9921
D:\CropDiseaseProject\sugarcane_large\Diseases\smut\Smut163.jpg,Smut,9,Smut,9,0.9496
D:\CropDiseaseProject\sugarcane_large\Diseases\Grassy shoot\image264.jpg,Grassy Shoot,2,Grassy Shoot,2,0.9959
D:\CropDiseaseProject\sugarcane_large\Diseases\Sett Rot\Sett Rot023.jpg,Sett Rot,8,Sett Rot,8,0.9996
D:\CropDiseaseProject\sugarcane_large\Diseases\Pokkah Boeng\Pokkah Boeng196.jpg,Pokkah Boeng,5,Pokkah Boeng,5,0.9806
D:\CropDiseaseProject\sugarcane_large\Diseases\BrownRust\image164.jpg,Rust (Brown Rust),7,Rust (Brown Rust),7,0.8908
D:\CropDiseaseProject\sugarcane_large\Diseases\Brown Spot\image1093.jpg,Brown Spot,1,Yellow Leaf Disease,10,0.8237
D:\CropDiseaseProject\sugarcane_large\Diseases\Grassy shoot\image038.jpg,Grassy Shoot,2,Grassy Shoot,2,0.7719
D:\CropDiseaseProject\sugarcane_large\Diseases\Brown Spot\image617.jpg,Brown Spot,1,Brown Spot,1,0.9797
D:\CropDiseaseProject\sugarcane_large\Diseases\smut\Smut035.jpg,Smut,9,Pokkah Boeng,5,0.8162
D:\CropDiseaseProject\sugarcane_large\Diseases\Viral Disease\Viral Disease022.jpg,Mosaic / Viral Disease,4,Smut,9,0.4077
D:\CropDiseaseProject\sugarcane_large\Diseases\Yellow Leaf\Yellow Leaf501.jpg,Yellow Leaf Disease,10,Yellow Leaf Disease,10,0.7557
D:\CropDiseaseProject\sugarcane_large\Diseases\BrownRust\image300.jpg,Rust (Brown Rust),7,Rust (Brown Rust),7,0.9475
D:\CropDiseaseProject\sugarcane_large\Diseases\Brown Spot\image1633.jpg,Brown Spot,1,Brown Spot,1,0.9736
D:\CropDiseaseProject\sugarcane_large\Healthy Leaves\image354.jpg,Healthy Leaves,3,Healthy Leaves,3,0.9981
D:\CropDiseaseProject\sugarcane_large\Diseases\Sett Rot\Sett Rot634.jpg,Sett Rot,8,Sett Rot,8,0.9962
D:\CropDiseaseProject\sugarcane_large\Diseases\Brown Spot\image603.jpg,Brown Spot,1,Brown Spot,1,0.9889
D:\CropDiseaseProject\sugarcane_large\Diseases\Pokkah Boeng\Pokkah Boeng272.jpg,Pokkah Boeng,5,Pokkah Boeng,5,0.9869
D:\CropDiseaseProject\sugarcane_large\Diseases\Banded Chlorosis\image089.jpg,Banded Chlorosis,0,Banded Chlorosis,0,0.9857
D:\CropDiseaseProject\sugarcane_large\Diseases\Yellow Leaf\Yellow Leaf1115.jpg,Yellow Leaf Disease,10,Brown Spot,1,0.6372
D:\CropDiseaseProject\sugarcane_large\Diseases\Brown Spot\image752.jpg,Brown Spot,1,Brown Spot,1,0.9462
D:\CropDiseaseProject\sugarcane_large\Diseases\Brown Spot\image1622.jpg,Brown Spot,1,Brown Spot,1,0.9572
D:\CropDiseaseProject\sugarcane_large\Diseases\Sett Rot\Sett Rot065.jpg,Sett Rot,8,Sett Rot,8,0.9992
D:\CropDiseaseProject\sugarcane_large\Diseases\Pokkah Boeng\Pokkah Boeng117.jpg,Pokkah Boeng,5,Brown Spot,1,0.8424
D:\CropDiseaseProject\sugarcane_large\Diseases\Brown Spot\image634.jpg,Brown Spot,1,Banded Chlorosis,0,0.4663
D:\CropDiseaseProject\sugarcane_large\Diseases\Brown Spot\image098.jpg,Brown Spot,1,Brown Spot,1,0.9801
D:\CropDiseaseProject\sugarcane_large\Healthy Leaves\image016.jpg,Healthy Leaves,3,Healthy Leaves,3,0.824
D:\CropDiseaseProject\sugarcane_large\Healthy Leaves\image061.jpg,Healthy Leaves,3,Healthy Leaves,3,0.9819
D:\CropDiseaseProject\sugarcane_large\Diseases\Brown Spot\image1239.jpg,Brown Spot,1,Brown Spot,1,0.8891
D:\CropDiseaseProject\sugarcane_large\Diseases\Grassy shoot\image021.jpg,Grassy Shoot,2,Grassy Shoot,2,0.9809
D:\CropDiseaseProject\sugarcane_large\Diseases\Brown Spot\image249.jpg,Brown Spot,1,Brown Spot,1,0.9962
D:\CropDiseaseProject\sugarcane_large\Diseases\Brown Spot\image1401.jpg,Brown Spot,1,Brown Spot,1,0.783
D:\CropDiseaseProject\sugarcane_large\Diseases\Yellow Leaf\Yellow Leaf530.jpg,Yellow Leaf Disease,10,Yellow Leaf Disease,10,0.3422
D:\CropDiseaseProject\sugarcane_large\Diseases\Yellow Leaf\Yellow Leaf894.jpg,Yellow Leaf Disease,10,Mosaic / Viral Disease,4,0.5834
D:\CropDiseaseProject\sugarcane_large\Diseases\Yellow Leaf\Yellow Leaf468.jpg,Yellow Leaf Disease,10,Yellow Leaf Disease,10,0.9843
D:\CropDiseaseProject\sugarcane_large\Diseases\Brown Spot\image1507.jpg,Brown Spot,1,Brown Spot,1,0.5895
D:\CropDiseaseProject\sugarcane_large\Healthy Leaves\image028.jpg,Healthy Leaves,3,Mosaic / Viral Disease,4,0.5734
D:\CropDiseaseProject\sugarcane_large\Diseases\Banded Chlorosis\image214.jpg,Banded Chlorosis,0,Brown Spot,1,0.5437
D:\CropDiseaseProject\sugarcane_large\Diseases\smut\Smut012.jpg,Smut,9,Pokkah Boeng,5,0.6791
D:\CropDiseaseProject\sugarcane_large\Diseases\Brown Spot\image785.jpg,Brown Spot,1,Brown Spot,1,0.9992
D:\CropDiseaseProject\sugarcane_large\Healthy Leaves\image116.jpg,Healthy Leaves,3,Healthy Leaves,3,0.9614
D:\CropDiseaseProject\sugarcane_large\Diseases\Brown Spot\image1634.jpg,Brown Spot,1,Brown Spot,1,0.9743
D:\CropDiseaseProject\sugarcane_large\Diseases\Yellow Leaf\Yellow Leaf635.jpg,Yellow Leaf Disease,10,Yellow Leaf Disease,10,0.9916
D:\CropDiseaseProject\sugarcane_large\Diseases\Brown Spot\image1405.jpg,Brown Spot,1,Brown Spot,1,0.7674
D:\CropDiseaseProject\sugarcane_large\Diseases\Grassy shoot\image126.jpg,Grassy Shoot,2,Grassy Shoot,2,0.9974
D:\CropDiseaseProject\sugarcane_large\Diseases\Sett Rot\Sett Rot123.jpg,Sett Rot,8,Sett Rot,8,1.0
D:\CropDiseaseProject\sugarcane_large\Diseases\Brown Spot\image1034.jpg,Brown Spot,1,Brown Spot,1,0.9554
D:\CropDiseaseProject\sugarcane_large\Diseases\Viral Disease\Viral Disease088.jpg,Mosaic / Viral Disease,4,Mosaic / Viral Disease,4,0.7689
D:\CropDiseaseProject\sugarcane_large\Diseases\Yellow Leaf\Yellow Leaf274.jpg,Yellow Leaf Disease,10,Yellow Leaf Disease,10,0.7267
D:\CropDiseaseProject\sugarcane_large\Healthy Leaves\image112.jpg,Healthy Leaves,3,Healthy Leaves,3,0.9961
D:\CropDiseaseProject\sugarcane_large\Diseases\Brown Spot\image366.jpg,Brown Spot,1,Brown Spot,1,0.7008
D:\CropDiseaseProject\sugarcane_large\Diseases\Sett Rot\Sett Rot258.jpg,Sett Rot,8,Sett Rot,8,0.9626
D:\CropDiseaseProject\sugarcane_large\Diseases\Brown Spot\image1407.jpg,Brown Spot,1,Healthy Leaves,3,0.7462
D:\CropDiseaseProject\sugarcane_large\Diseases\smut\Smut266.jpg,Smut,9,Smut,9,0.9644
D:\CropDiseaseProject\sugarcane_large\Diseases\Yellow Leaf\Yellow Leaf917.jpg,Yellow Leaf Disease,10,Yellow Leaf Disease,10,0.9961
D:\CropDiseaseProject\sugarcane_large\Diseases\Brown Spot\image780.jpg,Brown Spot,1,Brown Spot,1,0.9996
D:\CropDiseaseProject\sugarcane_large\Diseases\Banded Chlorosis\image088.jpg,Banded Chlorosis,0,Banded Chlorosis,0,0.9964
D:\CropDiseaseProject\sugarcane_large\Diseases\Yellow Leaf\Yellow Leaf918.jpg,Yellow Leaf Disease,10,Yellow Leaf Disease,10,0.9987
D:\CropDiseaseProject\sugarcane_large\Diseases\Viral Disease\Viral Disease023.jpg,Mosaic / Viral Disease,4,Brown Spot,1,0.2758
D:\CropDiseaseProject\sugarcane_large\Diseases\Brown Spot\image912.jpg,Brown Spot,1,Brown Spot,1,0.996
D:\CropDiseaseProject\sugarcane_large\Diseases\Yellow Leaf\Yellow Leaf1013.jpg,Yellow Leaf Disease,10,Yellow Leaf Disease,10,0.6439
D:\CropDiseaseProject\sugarcane_large\Diseases\Banded Chlorosis\image044.jpg,Banded Chlorosis,0,Banded Chlorosis,0,0.4663
D:\CropDiseaseProject\sugarcane_large\Diseases\Sett Rot\Sett Rot236.jpg,Sett Rot,8,Sett Rot,8,0.9999
D:\CropDiseaseProject\sugarcane_large\Diseases\Sett Rot\Sett Rot502.jpg,Sett Rot,8,Sett Rot,8,1.0
D:\CropDiseaseProject\sugarcane_large\Diseases\Yellow Leaf\Yellow Leaf896.jpg,Yellow Leaf Disease,10,Yellow Leaf Disease,10,0.4956
D:\CropDiseaseProject\sugarcane_large\Diseases\Viral Disease\Viral Disease203.jpg,Mosaic / Viral Disease,4,Mosaic / Viral Disease,4,0.9788
D:\CropDiseaseProject\sugarcane_large\Diseases\Brown Spot\image1322.jpg,Brown Spot,1,Brown Spot,1,0.9759
D:\CropDiseaseProject\sugarcane_large\Diseases\Brown Spot\image1223.jpg,Brown Spot,1,Brown Spot,1,0.7786
D:\CropDiseaseProject\sugarcane_large\Diseases\Sett Rot\Sett Rot268.jpg,Sett Rot,8,Sett Rot,8,0.9985
D:\CropDiseaseProject\sugarcane_large\Diseases\BrownRust\image146.jpg,Rust (Brown Rust),7,Rust (Brown Rust),7,0.8208
D:\CropDiseaseProject\sugarcane_large\Diseases\Yellow Leaf\Yellow Leaf1120.jpg,Yellow Leaf Disease,10,Rust (Brown Rust),7,0.5193
D:\CropDiseaseProject\sugarcane_large\Diseases\Brown Spot\image493.jpg,Brown Spot,1,Yellow Leaf Disease,10,0.5863
D:\CropDiseaseProject\sugarcane_large\Diseases\Yellow Leaf\Yellow Leaf056.jpg,Yellow Leaf Disease,10,Yellow Leaf Disease,10,0.9938
D:\CropDiseaseProject\sugarcane_large\Diseases\Yellow Leaf\Yellow Leaf383.jpg,Yellow Leaf Disease,10,Yellow Leaf Disease,10,0.9972
D:\CropDiseaseProject\sugarcane_large\Diseases\Brown Spot\image484.jpg,Brown Spot,1,Brown Spot,1,0.674
D:\CropDiseaseProject\sugarcane_large\Diseases\Brown Spot\image966.jpg,Brown Spot,1,Yellow Leaf Disease,10,0.7074
D:\CropDiseaseProject\sugarcane_large\Diseases\Yellow Leaf\Yellow Leaf1125.jpg,Yellow Leaf Disease,10,Yellow Leaf Disease,10,0.7802
D:\CropDiseaseProject\sugarcane_large\Diseases\Brown Spot\image1561.jpg,Brown Spot,1,Brown Spot,1,0.2977
D:\CropDiseaseProject\sugarcane_large\Diseases\Brown Spot\image1315.jpg,Brown Spot,1,Brown Spot,1,0.9931
D:\CropDiseaseProject\sugarcane_large\Diseases\Grassy shoot\image214.jpg,Grassy Shoot,2,Grassy Shoot,2,0.8889
D:\CropDiseaseProject\sugarcane_large\Diseases\Brown Spot\image004.jpg,Brown Spot,1,Yellow Leaf Disease,10,0.9403
D:\CropDiseaseProject\sugarcane_large\Diseases\Sett Rot\Sett Rot577.jpg,Sett Rot,8,Sett Rot,8,1.0
D:\CropDiseaseProject\sugarcane_large\Diseases\Pokkah Boeng\Pokkah Boeng240.jpg,Pokkah Boeng,5,Pokkah Boeng,5,0.8831
D:\CropDiseaseProject\sugarcane_large\Diseases\Viral Disease\Viral Disease439.jpg,Mosaic / Viral Disease,4,Mosaic / Viral Disease,4,0.8431
D:\CropDiseaseProject\sugarcane_large\Diseases\Brown Spot\image590.jpg,Brown Spot,1,Brown Spot,1,0.9775
D:\CropDiseaseProject\sugarcane_large\Diseases\smut\Smut261.jpg,Smut,9,Smut,9,0.9441
D:\CropDiseaseProject\sugarcane_large\Diseases\Brown Spot\image1002.jpg,Brown Spot,1,Brown Spot,1,0.627
D:\CropDiseaseProject\sugarcane_large\Diseases\Brown Spot\image1699.jpg,Brown Spot,1,Healthy Leaves,3,0.6275
D:\CropDiseaseProject\sugarcane_large\Diseases\Brown Spot\image1621.jpg,Brown Spot,1,Brown Spot,1,0.9762
D:\CropDiseaseProject\sugarcane_large\Diseases\Yellow Leaf\Yellow Leaf010.jpg,Yellow Leaf Disease,10,Yellow Leaf Disease,10,0.4619
D:\CropDiseaseProject\sugarcane_large\Diseases\Yellow Leaf\Yellow Leaf227.jpg,Yellow Leaf Disease,10,Yellow Leaf Disease,10,0.9774
D:\CropDiseaseProject\sugarcane_large\Healthy Leaves\image177.jpg,Healthy Leaves,3,Healthy Leaves,3,0.6618
D:\CropDiseaseProject\sugarcane_large\Diseases\Grassy shoot\image327.jpg,Grassy Shoot,2,Grassy Shoot,2,1.0
D:\CropDiseaseProject\sugarcane_large\Diseases\smut\Smut306.jpg,Smut,9,Smut,9,0.9505
D:\CropDiseaseProject\sugarcane_large\Diseases\Brown Spot\image039.jpg,Brown Spot,1,Brown Spot,1,0.8722
D:\CropDiseaseProject\sugarcane_large\Diseases\Grassy shoot\image011.jpg,Grassy Shoot,2,Grassy Shoot,2,0.9774
D:\CropDiseaseProject\sugarcane_large\Diseases\BrownRust\image109.jpg,Rust (Brown Rust),7,Yellow Leaf Disease,10,0.3452
D:\CropDiseaseProject\sugarcane_large\Diseases\Sett Rot\Sett Rot562.jpg,Sett Rot,8,Sett Rot,8,1.0
D:\CropDiseaseProject\sugarcane_large\Diseases\smut\Smut175.jpg,Smut,9,Grassy Shoot,2,0.8763
D:\CropDiseaseProject\sugarcane_large\Diseases\Viral Disease\Viral Disease299.jpg,Mosaic / Viral Disease,4,Mosaic / Viral Disease,4,0.9163
D:\CropDiseaseProject\sugarcane_large\Diseases\Brown Spot\image1562.jpg,Brown Spot,1,Rust (Brown Rust),7,0.375
D:\CropDiseaseProject\sugarcane_large\Diseases\Viral Disease\Viral Disease414.jpg,Mosaic / Viral Disease,4,Mosaic / Viral Disease,4,0.8794
D:\CropDiseaseProject\sugarcane_large\Diseases\Yellow Leaf\Yellow Leaf239.jpg,Yellow Leaf Disease,10,Yellow Leaf Disease,10,0.9194
D:\CropDiseaseProject\sugarcane_large\Diseases\Brown Spot\image853.jpg,Brown Spot,1,Brown Spot,1,0.9984
D:\CropDiseaseProject\sugarcane_large\Diseases\BrownRust\image073.jpg,Rust (Brown Rust),7,Brown Spot,1,0.711
D:\CropDiseaseProject\sugarcane_large\Diseases\Viral Disease\Viral Disease065.jpg,Mosaic / Viral Disease,4,Mosaic / Viral Disease,4,0.8052
D:\CropDiseaseProject\sugarcane_large\Diseases\Yellow Leaf\Yellow Leaf525.jpg,Yellow Leaf Disease,10,Yellow Leaf Disease,10,0.9822
D:\CropDiseaseProject\sugarcane_large\Diseases\BrownRust\image036.jpg,Rust (Brown Rust),7,Rust (Brown Rust),7,0.8908
D:\CropDiseaseProject\sugarcane_large\Diseases\Viral Disease\Viral Disease494.jpg,Mosaic / Viral Disease,4,Mosaic / Viral Disease,4,0.9139
D:\CropDiseaseProject\sugarcane_large\Diseases\Brown Spot\image903.jpg,Brown Spot,1,Brown Spot,1,0.9893
D:\CropDiseaseProject\sugarcane_large\Diseases\smut\Smut018.jpg,Smut,9,Pokkah Boeng,5,0.8186
D:\CropDiseaseProject\sugarcane_large\Diseases\Brown Spot\image078.jpg,Brown Spot,1,Brown Spot,1,0.8302
D:\CropDiseaseProject\sugarcane_large\Diseases\Viral Disease\Viral Disease218.jpg,Mosaic / Viral Disease,4,Mosaic / Viral Disease,4,0.9723
D:\CropDiseaseProject\sugarcane_large\Diseases\Yellow Leaf\Yellow Leaf728.jpg,Yellow Leaf Disease,10,Yellow Leaf Disease,10,0.9777
D:\CropDiseaseProject\sugarcane_large\Diseases\Pokkah Boeng\Pokkah Boeng047.jpg,Pokkah Boeng,5,Pokkah Boeng,5,0.772
D:\CropDiseaseProject\sugarcane_large\Healthy Leaves\image370.jpg,Healthy Leaves,3,Healthy Leaves,3,0.9983
D:\CropDiseaseProject\sugarcane_large\Diseases\Brown Spot\image1323.jpg,Brown Spot,1,Brown Spot,1,0.9853
D:\CropDiseaseProject\sugarcane_large\Diseases\Sett Rot\Sett Rot532.jpg,Sett Rot,8,Sett Rot,8,1.0
D:\CropDiseaseProject\sugarcane_large\Diseases\Yellow Leaf\Yellow Leaf654.jpg,Yellow Leaf Disease,10,Yellow Leaf Disease,10,0.944
D:\CropDiseaseProject\sugarcane_large\Diseases\Banded Chlorosis\image206.jpg,Banded Chlorosis,0,Mosaic / Viral Disease,4,0.3761
D:\CropDiseaseProject\sugarcane_large\Diseases\Yellow Leaf\Yellow Leaf1036.jpg,Yellow Leaf Disease,10,Yellow Leaf Disease,10,0.9541
D:\CropDiseaseProject\sugarcane_large\Diseases\Brown Spot\image375.jpg,Brown Spot,1,Brown Spot,1,0.9453
D:\CropDiseaseProject\sugarcane_large\Diseases\Brown Spot\image1013.jpg,Brown Spot,1,Brown Spot,1,0.9986
D:\CropDiseaseProject\sugarcane_large\Diseases\Brown Spot\image502.jpg,Brown Spot,1,Brown Spot,1,0.6703
D:\CropDiseaseProject\sugarcane_large\Diseases\Brown Spot\image1702.jpg,Brown Spot,1,Brown Spot,1,0.5341
D:\CropDiseaseProject\sugarcane_large\Diseases\Sett Rot\Sett Rot540.jpg,Sett Rot,8,Sett Rot,8,1.0
D:\CropDiseaseProject\sugarcane_large\Healthy Leaves\image065.jpg,Healthy Leaves,3,Healthy Leaves,3,0.9799
D:\CropDiseaseProject\sugarcane_large\Diseases\Brown Spot\image115.jpg,Brown Spot,1,Brown Spot,1,0.9182
D:\CropDiseaseProject\sugarcane_large\Diseases\Brown Spot\image802.jpg,Brown Spot,1,Brown Spot,1,0.9732
D:\CropDiseaseProject\sugarcane_large\Diseases\Sett Rot\Sett Rot326.jpg,Sett Rot,8,Sett Rot,8,0.9988
D:\CropDiseaseProject\sugarcane_large\Diseases\Grassy shoot\image190.jpg,Grassy Shoot,2,Grassy Shoot,2,1.0
D:\CropDiseaseProject\sugarcane_large\Diseases\Viral Disease\Viral Disease367.jpg,Mosaic / Viral Disease,4,Mosaic / Viral Disease,4,0.9796
D:\CropDiseaseProject\sugarcane_large\Diseases\Brown Spot\image944.jpg,Brown Spot,1,Brown Spot,1,0.9696
D:\CropDiseaseProject\sugarcane_large\Diseases\Viral Disease\Viral Disease185.jpg,Mosaic / Viral Disease,4,Mosaic / Viral Disease,4,0.9632
D:\CropDiseaseProject\sugarcane_large\Diseases\Brown Spot\image1722.jpg,Brown Spot,1,Brown Spot,1,0.858
D:\CropDiseaseProject\sugarcane_large\Diseases\Sett Rot\Sett Rot546.jpg,Sett Rot,8,Sett Rot,8,1.0
D:\CropDiseaseProject\sugarcane_large\Diseases\Pokkah Boeng\Pokkah Boeng146.jpg,Pokkah Boeng,5,Pokkah Boeng,5,0.966
D:\CropDiseaseProject\sugarcane_large\Diseases\Yellow Leaf\Yellow Leaf571.jpg,Yellow Leaf Disease,10,Yellow Leaf Disease,10,0.961
D:\CropDiseaseProject\sugarcane_large\Diseases\Pokkah Boeng\Pokkah Boeng065.jpg,Pokkah Boeng,5,Smut,9,0.8273
D:\CropDiseaseProject\sugarcane_large\Healthy Leaves\image227.jpg,Healthy Leaves,3,Healthy Leaves,3,0.9235
D:\CropDiseaseProject\sugarcane_large\Diseases\Sett Rot\Sett Rot568.jpg,Sett Rot,8,Sett Rot,8,1.0
D:\CropDiseaseProject\sugarcane_large\Diseases\Banded Chlorosis\image163.jpg,Banded Chlorosis,0,Banded Chlorosis,0,0.4286
D:\CropDiseaseProject\sugarcane_large\Diseases\Yellow Leaf\Yellow Leaf790.jpg,Yellow Leaf Disease,10,Yellow Leaf Disease,10,0.9986
D:\CropDiseaseProject\sugarcane_large\Diseases\Brown Spot\image678.jpg,Brown Spot,1,Brown Spot,1,0.9942
D:\CropDiseaseProject\sugarcane_large\Diseases\Pokkah Boeng\Pokkah Boeng163.jpg,Pokkah Boeng,5,Pokkah Boeng,5,0.6018
D:\CropDiseaseProject\sugarcane_large\Diseases\Grassy shoot\image290.jpg,Grassy Shoot,2,Grassy Shoot,2,0.9976
D:\CropDiseaseProject\sugarcane_large\Diseases\Sett Rot\Sett Rot235.jpg,Sett Rot,8,Sett Rot,8,1.0
D:\CropDiseaseProject\sugarcane_large\Diseases\smut\Smut118.jpg,Smut,9,Smut,9,0.4987
D:\CropDiseaseProject\sugarcane_large\Diseases\Brown Spot\image1328.jpg,Brown Spot,1,Brown Spot,1,0.9997
D:\CropDiseaseProject\sugarcane_large\Diseases\Yellow Leaf\Yellow Leaf299.jpg,Yellow Leaf Disease,10,Yellow Leaf Disease,10,0.9745
D:\CropDiseaseProject\sugarcane_large\Diseases\Viral Disease\Viral Disease504.jpg,Mosaic / Viral Disease,4,Mosaic / Viral Disease,4,0.9392
D:\CropDiseaseProject\sugarcane_large\Diseases\Brown Spot\image1356.jpg,Brown Spot,1,Brown Spot,1,0.9809
D:\CropDiseaseProject\sugarcane_large\Diseases\Viral Disease\Viral Disease542.jpg,Mosaic / Viral Disease,4,Mosaic / Viral Disease,4,0.9841
D:\CropDiseaseProject\sugarcane_large\Diseases\Brown Spot\image1076.jpg,Brown Spot,1,Brown Spot,1,0.9161
D:\CropDiseaseProject\sugarcane_large\Diseases\Yellow Leaf\Yellow Leaf733.jpg,Yellow Leaf Disease,10,Yellow Leaf Disease,10,0.9461
D:\CropDiseaseProject\sugarcane_large\Diseases\Brown Spot\image1168.jpg,Brown Spot,1,Brown Spot,1,0.9993
D:\CropDiseaseProject\sugarcane_large\Diseases\Yellow Leaf\Yellow Leaf1018.jpg,Yellow Leaf Disease,10,Yellow Leaf Disease,10,0.7146
D:\CropDiseaseProject\sugarcane_large\Diseases\Yellow Leaf\Yellow Leaf472.jpg,Yellow Leaf Disease,10,Yellow Leaf Disease,10,0.8952
D:\CropDiseaseProject\sugarcane_large\Diseases\Viral Disease\Viral Disease047.jpg,Mosaic / Viral Disease,4,Mosaic / Viral Disease,4,0.8344
D:\CropDiseaseProject\sugarcane_large\Diseases\Sett Rot\Sett Rot408.jpg,Sett Rot,8,Sett Rot,8,1.0
D:\CropDiseaseProject\sugarcane_large\Diseases\Yellow Leaf\Yellow Leaf411.jpg,Yellow Leaf Disease,10,Yellow Leaf Disease,10,0.9953
D:\CropDiseaseProject\sugarcane_large\Diseases\Viral Disease\Viral Disease170.jpg,Mosaic / Viral Disease,4,Yellow Leaf Disease,10,0.5397
D:\CropDiseaseProject\sugarcane_large\Healthy Leaves\image337.jpg,Healthy Leaves,3,Healthy Leaves,3,0.9997
D:\CropDiseaseProject\sugarcane_large\Diseases\Brown Spot\image602.jpg,Brown Spot,1,Brown Spot,1,0.9527
D:\CropDiseaseProject\sugarcane_large\Diseases\Brown Spot\image1040.jpg,Brown Spot,1,Brown Spot,1,0.9546
D:\CropDiseaseProject\sugarcane_large\Diseases\Brown Spot\image847.jpg,Brown Spot,1,Brown Spot,1,0.9994
D:\CropDiseaseProject\sugarcane_large\Diseases\Brown Spot\image1217.jpg,Brown Spot,1,Brown Spot,1,0.9329
D:\CropDiseaseProject\sugarcane_large\Diseases\Brown Spot\image1531.jpg,Brown Spot,1,Yellow Leaf Disease,10,0.301
D:\CropDiseaseProject\sugarcane_large\Diseases\Brown Spot\image076.jpg,Brown Spot,1,Brown Spot,1,0.9551
D:\CropDiseaseProject\sugarcane_large\Diseases\Viral Disease\Viral Disease480.jpg,Mosaic / Viral Disease,4,Mosaic / Viral Disease,4,0.9053
D:\CropDiseaseProject\sugarcane_large\Diseases\Pokkah Boeng\Pokkah Boeng105.jpg,Pokkah Boeng,5,Smut,9,0.5353
D:\CropDiseaseProject\sugarcane_large\Diseases\Yellow Leaf\Yellow Leaf006.jpg,Yellow Leaf Disease,10,Yellow Leaf Disease,10,0.9987
D:\CropDiseaseProject\sugarcane_large\Diseases\BrownRust\image169.jpg,Rust (Brown Rust),7,Brown Spot,1,0.953
D:\CropDiseaseProject\sugarcane_large\Diseases\Banded Chlorosis\image307.jpg,Banded Chlorosis,0,Banded Chlorosis,0,0.9837
D:\CropDiseaseProject\sugarcane_large\Diseases\Viral Disease\Viral Disease468.jpg,Mosaic / Viral Disease,4,Mosaic / Viral Disease,4,0.9731
D:\CropDiseaseProject\sugarcane_large\Diseases\Brown Spot\image718.jpg,Brown Spot,1,Yellow Leaf Disease,10,0.5031
D:\CropDiseaseProject\sugarcane_large\Diseases\Brown Spot\image113.jpg,Brown Spot,1,Brown Spot,1,0.931
D:\CropDiseaseProject\sugarcane_large\Diseases\Pokkah Boeng\Pokkah Boeng188.jpg,Pokkah Boeng,5,Pokkah Boeng,5,0.9667
D:\CropDiseaseProject\sugarcane_large\Diseases\Brown Spot\image1049.jpg,Brown Spot,1,Brown Spot,1,0.9401
D:\CropDiseaseProject\sugarcane_large\Diseases\BrownRust\image009.jpg,Rust (Brown Rust),7,Banded Chlorosis,0,0.5969
D:\CropDiseaseProject\sugarcane_large\Diseases\smut\Smut028.jpg,Smut,9,Pokkah Boeng,5,0.6475
D:\CropDiseaseProject\sugarcane_large\Diseases\Viral Disease\Viral Disease084.jpg,Mosaic / Viral Disease,4,Mosaic / Viral Disease,4,0.9298
D:\CropDiseaseProject\sugarcane_large\Diseases\BrownRust\image005.jpg,Rust (Brown Rust),7,Banded Chlorosis,0,0.387
D:\CropDiseaseProject\sugarcane_large\Diseases\Viral Disease\Viral Disease503.jpg,Mosaic / Viral Disease,4,Mosaic / Viral Disease,4,0.9059
D:\CropDiseaseProject\sugarcane_large\Diseases\Banded Chlorosis\image433.jpg,Banded Chlorosis,0,Banded Chlorosis,0,0.9848
D:\CropDiseaseProject\sugarcane_large\Healthy Leaves\image099.jpg,Healthy Leaves,3,Healthy Leaves,3,0.6092
D:\CropDiseaseProject\sugarcane_large\Diseases\Banded Chlorosis\image136.jpg,Banded Chlorosis,0,Yellow Leaf Disease,10,0.4269
D:\CropDiseaseProject\sugarcane_large\Diseases\Pokkah Boeng\Pokkah Boeng223.jpg,Pokkah Boeng,5,Pokkah Boeng,5,0.9531
D:\CropDiseaseProject\sugarcane_large\Diseases\Viral Disease\Viral Disease029.jpg,Mosaic / Viral Disease,4,Mosaic / Viral Disease,4,0.399
D:\CropDiseaseProject\sugarcane_large\Diseases\Yellow Leaf\Yellow Leaf444.jpg,Yellow Leaf Disease,10,Yellow Leaf Disease,10,0.7181
D:\CropDiseaseProject\sugarcane_large\Diseases\Brown Spot\image1516.jpg,Brown Spot,1,Brown Spot,1,0.7122
D:\CropDiseaseProject\sugarcane_large\Diseases\Yellow Leaf\Yellow Leaf1091.jpg,Yellow Leaf Disease,10,Yellow Leaf Disease,10,0.5801
D:\CropDiseaseProject\sugarcane_large\Diseases\Banded Chlorosis\image257.jpg,Banded Chlorosis,0,Rust (Brown Rust),7,0.7192
D:\CropDiseaseProject\sugarcane_large\Diseases\Banded Chlorosis\image139.jpg,Banded Chlorosis,0,Yellow Leaf Disease,10,0.4079
D:\CropDiseaseProject\sugarcane_large\Diseases\Yellow Leaf\Yellow Leaf120.jpg,Yellow Leaf Disease,10,Yellow Leaf Disease,10,0.8498
D:\CropDiseaseProject\sugarcane_large\Diseases\Banded Chlorosis\image135.jpg,Banded Chlorosis,0,Brown Spot,1,0.3114
D:\CropDiseaseProject\sugarcane_large\Diseases\Yellow Leaf\Yellow Leaf775.jpg,Yellow Leaf Disease,10,Yellow Leaf Disease,10,0.3669
D:\CropDiseaseProject\sugarcane_large\Diseases\Banded Chlorosis\image170.jpg,Banded Chlorosis,0,Mosaic / Viral Disease,4,0.4888
D:\CropDiseaseProject\sugarcane_large\Diseases\Brown Spot\image1505.jpg,Brown Spot,1,Brown Spot,1,0.7369
D:\CropDiseaseProject\sugarcane_large\Diseases\BrownRust\image298.jpg,Rust (Brown Rust),7,Rust (Brown Rust),7,0.9838
D:\CropDiseaseProject\sugarcane_large\Diseases\Yellow Leaf\Yellow Leaf1129.jpg,Yellow Leaf Disease,10,Brown Spot,1,0.7577
D:\CropDiseaseProject\sugarcane_large\Diseases\Brown Spot\image659.jpg,Brown Spot,1,Brown Spot,1,0.9977
D:\CropDiseaseProject\sugarcane_large\Diseases\Brown Spot\image606.jpg,Brown Spot,1,Brown Spot,1,0.9962
D:\CropDiseaseProject\sugarcane_large\Diseases\Viral Disease\Viral Disease043.jpg,Mosaic / Viral Disease,4,Mosaic / Viral Disease,4,0.8982
D:\CropDiseaseProject\sugarcane_large\Diseases\Grassy shoot\image236.jpg,Grassy Shoot,2,Grassy Shoot,2,0.915
D:\CropDiseaseProject\sugarcane_large\Diseases\Brown Spot\image202.jpg,Brown Spot,1,Yellow Leaf Disease,10,0.5347
D:\CropDiseaseProject\sugarcane_large\Diseases\Brown Spot\image297.jpg,Brown Spot,1,Brown Spot,1,0.9903
D:\CropDiseaseProject\sugarcane_large\Diseases\Viral Disease\Viral Disease518.jpg,Mosaic / Viral Disease,4,Mosaic / Viral Disease,4,0.9745
D:\CropDiseaseProject\sugarcane_large\Diseases\Yellow Leaf\Yellow Leaf919.jpg,Yellow Leaf Disease,10,Yellow Leaf Disease,10,0.9997
D:\CropDiseaseProject\sugarcane_large\Diseases\Yellow Leaf\Yellow Leaf994.jpg,Yellow Leaf Disease,10,Mosaic / Viral Disease,4,0.4702
D:\CropDiseaseProject\sugarcane_large\Diseases\Viral Disease\Viral Disease046.jpg,Mosaic / Viral Disease,4,Mosaic / Viral Disease,4,0.9181
D:\CropDiseaseProject\sugarcane_large\Diseases\Sett Rot\Sett Rot573.jpg,Sett Rot,8,Sett Rot,8,1.0
D:\CropDiseaseProject\sugarcane_large\Diseases\Banded Chlorosis\image227.jpg,Banded Chlorosis,0,Banded Chlorosis,0,0.8418
D:\CropDiseaseProject\sugarcane_large\Diseases\Banded Chlorosis\image296.jpg,Banded Chlorosis,0,Banded Chlorosis,0,0.6878
D:\CropDiseaseProject\sugarcane_large\Diseases\Pokkah Boeng\Pokkah Boeng034.jpg,Pokkah Boeng,5,Pokkah Boeng,5,0.7562
D:\CropDiseaseProject\sugarcane_large\Diseases\Yellow Leaf\Yellow Leaf927.jpg,Yellow Leaf Disease,10,Brown Spot,1,0.6171
D:\CropDiseaseProject\sugarcane_large\Diseases\Brown Spot\image813.jpg,Brown Spot,1,Brown Spot,1,0.9954
D:\CropDiseaseProject\sugarcane_large\Diseases\Pokkah Boeng\Pokkah Boeng019.jpg,Pokkah Boeng,5,Smut,9,0.7445
D:\CropDiseaseProject\sugarcane_large\Diseases\Brown Spot\image937.jpg,Brown Spot,1,Brown Spot,1,0.8972
D:\CropDiseaseProject\sugarcane_large\Diseases\Viral Disease\Viral Disease041.jpg,Mosaic / Viral Disease,4,Mosaic / Viral Disease,4,0.7883
D:\CropDiseaseProject\sugarcane_large\Diseases\Brown Spot\image531.jpg,Brown Spot,1,Brown Spot,1,0.9291
D:\CropDiseaseProject\sugarcane_large\Diseases\Yellow Leaf\Yellow Leaf910.jpg,Yellow Leaf Disease,10,Yellow Leaf Disease,10,0.9797
D:\CropDiseaseProject\sugarcane_large\Diseases\Sett Rot\Sett Rot595.jpg,Sett Rot,8,Sett Rot,8,1.0
D:\CropDiseaseProject\sugarcane_large\Diseases\Pokkah Boeng\Pokkah Boeng172.jpg,Pokkah Boeng,5,Pokkah Boeng,5,0.9918
D:\CropDiseaseProject\sugarcane_large\Diseases\BrownRust\image282.jpg,Rust (Brown Rust),7,Rust (Brown Rust),7,0.9915
D:\CropDiseaseProject\sugarcane_large\Diseases\BrownRust\image172.jpg,Rust (Brown Rust),7,Brown Spot,1,0.8679
D:\CropDiseaseProject\sugarcane_large\Diseases\Viral Disease\Viral Disease490.jpg,Mosaic / Viral Disease,4,Mosaic / Viral Disease,4,0.9659
D:\CropDiseaseProject\sugarcane_large\Diseases\Grassy shoot\image340.jpg,Grassy Shoot,2,Grassy Shoot,2,0.9989
D:\CropDiseaseProject\sugarcane_large\Diseases\Brown Spot\image101.jpg,Brown Spot,1,Brown Spot,1,0.9797
D:\CropDiseaseProject\sugarcane_large\Diseases\Viral Disease\Viral Disease630.jpg,Mosaic / Viral Disease,4,Mosaic / Viral Disease,4,0.7477
D:\CropDiseaseProject\sugarcane_large\Diseases\Viral Disease\Viral Disease262.jpg,Mosaic / Viral Disease,4,Mosaic / Viral Disease,4,0.5572
D:\CropDiseaseProject\sugarcane_large\Diseases\Viral Disease\Viral Disease618.jpg,Mosaic / Viral Disease,4,Mosaic / Viral Disease,4,0.9641
D:\CropDiseaseProject\sugarcane_large\Diseases\BrownRust\image078.jpg,Rust (Brown Rust),7,Banded Chlorosis,0,0.7087
D:\CropDiseaseProject\sugarcane_large\Diseases\Brown Spot\image034.jpg,Brown Spot,1,Brown Spot,1,0.7893
D:\CropDiseaseProject\sugarcane_large\Diseases\Brown Spot\image048.jpg,Brown Spot,1,Brown Spot,1,0.7594
D:\CropDiseaseProject\sugarcane_large\Diseases\Viral Disease\Viral Disease025.jpg,Mosaic / Viral Disease,4,Smut,9,0.4002
D:\CropDiseaseProject\sugarcane_large\Diseases\Yellow Leaf\Yellow Leaf087.jpg,Yellow Leaf Disease,10,Yellow Leaf Disease,10,0.8994
D:\CropDiseaseProject\sugarcane_large\Diseases\Brown Spot\image553.jpg,Brown Spot,1,Brown Spot,1,0.9734
D:\CropDiseaseProject\sugarcane_large\Healthy Leaves\image345.jpg,Healthy Leaves,3,Healthy Leaves,3,0.9999
D:\CropDiseaseProject\sugarcane_large\Diseases\smut\Smut016.jpg,Smut,9,Pokkah Boeng,5,0.7294
D:\CropDiseaseProject\sugarcane_large\Diseases\Brown Spot\image703.jpg,Brown Spot,1,Brown Spot,1,0.9861
D:\CropDiseaseProject\sugarcane_large\Diseases\Viral Disease\Viral Disease121.jpg,Mosaic / Viral Disease,4,Brown Spot,1,0.742
D:\CropDiseaseProject\sugarcane_large\Diseases\BrownRust\image238.jpg,Rust (Brown Rust),7,Rust (Brown Rust),7,0.9675
D:\CropDiseaseProject\sugarcane_large\Diseases\smut\Smut045.jpg,Smut,9,Pokkah Boeng,5,0.8546
D:\CropDiseaseProject\sugarcane_large\Diseases\BrownRust\image161.jpg,Rust (Brown Rust),7,Rust (Brown Rust),7,0.8512
D:\CropDiseaseProject\sugarcane_large\Diseases\Yellow Leaf\Yellow Leaf126.jpg,Yellow Leaf Disease,10,Yellow Leaf Disease,10,0.844
D:\CropDiseaseProject\sugarcane_large\Diseases\Sett Rot\Sett Rot100.jpg,Sett Rot,8,Sett Rot,8,1.0
D:\CropDiseaseProject\sugarcane_large\Diseases\smut\Smut025.jpg,Smut,9,Pokkah Boeng,5,0.6506
D:\CropDiseaseProject\sugarcane_large\Diseases\Viral Disease\Viral Disease219.jpg,Mosaic / Viral Disease,4,Mosaic / Viral Disease,4,0.9615
D:\CropDiseaseProject\sugarcane_large\Diseases\Sett Rot\Sett Rot022.jpg,Sett Rot,8,Sett Rot,8,0.5072
D:\CropDiseaseProject\sugarcane_large\Diseases\BrownRust\image294.jpg,Rust (Brown Rust),7,Rust (Brown Rust),7,0.8975
D:\CropDiseaseProject\sugarcane_large\Diseases\Brown Spot\image1295.jpg,Brown Spot,1,Brown Spot,1,0.8511
D:\CropDiseaseProject\sugarcane_large\Diseases\Sett Rot\Sett Rot398.jpg,Sett Rot,8,Sett Rot,8,1.0
D:\CropDiseaseProject\sugarcane_large\Diseases\Banded Chlorosis\image201.jpg,Banded Chlorosis,0,Rust (Brown Rust),7,0.3849
D:\CropDiseaseProject\sugarcane_large\Diseases\Brown Spot\image347.jpg,Brown Spot,1,Brown Spot,1,0.8646
D:\CropDiseaseProject\sugarcane_large\Diseases\Sett Rot\Sett Rot544.jpg,Sett Rot,8,Sett Rot,8,1.0
D:\CropDiseaseProject\sugarcane_large\Diseases\Yellow Leaf\Yellow Leaf269.jpg,Yellow Leaf Disease,10,Yellow Leaf Disease,10,0.9692
D:\CropDiseaseProject\sugarcane_large\Diseases\Yellow Leaf\Yellow Leaf1152.jpg,Yellow Leaf Disease,10,Yellow Leaf Disease,10,0.411
D:\CropDiseaseProject\sugarcane_large\Diseases\smut\Smut099.jpg,Smut,9,Pokkah Boeng,5,0.7767
D:\CropDiseaseProject\sugarcane_large\Diseases\Viral Disease\Viral Disease304.jpg,Mosaic / Viral Disease,4,Mosaic / Viral Disease,4,0.9569
D:\CropDiseaseProject\sugarcane_large\Diseases\Pokkah Boeng\Pokkah Boeng167.jpg,Pokkah Boeng,5,Pokkah Boeng,5,0.9996
D:\CropDiseaseProject\sugarcane_large\Diseases\Pokkah Boeng\Pokkah Boeng156.jpg,Pokkah Boeng,5,Pokkah Boeng,5,0.8912
D:\CropDiseaseProject\sugarcane_large\Diseases\BrownRust\image108.jpg,Rust (Brown Rust),7,Yellow Leaf Disease,10,0.3298
D:\CropDiseaseProject\sugarcane_large\Diseases\Yellow Leaf\Yellow Leaf601.jpg,Yellow Leaf Disease,10,Yellow Leaf Disease,10,0.9863
D:\CropDiseaseProject\sugarcane_large\Diseases\Brown Spot\image1313.jpg,Brown Spot,1,Brown Spot,1,0.9655
D:\CropDiseaseProject\sugarcane_large\Healthy Leaves\image089.jpg,Healthy Leaves,3,Healthy Leaves,3,0.7728
D:\CropDiseaseProject\sugarcane_large\Diseases\Yellow Leaf\Yellow Leaf622.jpg,Yellow Leaf Disease,10,Yellow Leaf Disease,10,0.9877
D:\CropDiseaseProject\sugarcane_large\Diseases\Brown Spot\image1103.jpg,Brown Spot,1,Yellow Leaf Disease,10,0.8895
D:\CropDiseaseProject\sugarcane_large\Diseases\Viral Disease\Viral Disease069.jpg,Mosaic / Viral Disease,4,Mosaic / Viral Disease,4,0.7305
D:\CropDiseaseProject\sugarcane_large\Diseases\Banded Chlorosis\image252.jpg,Banded Chlorosis,0,Rust (Brown Rust),7,0.609
D:\CropDiseaseProject\sugarcane_large\Diseases\Yellow Leaf\Yellow Leaf1180.jpg,Yellow Leaf Disease,10,Yellow Leaf Disease,10,0.8125
D:\CropDiseaseProject\sugarcane_large\Diseases\Banded Chlorosis\image192.jpg,Banded Chlorosis,0,Brown Spot,1,0.711
D:\CropDiseaseProject\sugarcane_large\Diseases\Viral Disease\Viral Disease412.jpg,Mosaic / Viral Disease,4,Mosaic / Viral Disease,4,0.9216
D:\CropDiseaseProject\sugarcane_large\Diseases\Banded Chlorosis\image404.jpg,Banded Chlorosis,0,Banded Chlorosis,0,0.6894
D:\CropDiseaseProject\sugarcane_large\Diseases\Yellow Leaf\Yellow Leaf955.jpg,Yellow Leaf Disease,10,Brown Spot,1,0.3688
D:\CropDiseaseProject\sugarcane_large\Healthy Leaves\image047.jpg,Healthy Leaves,3,Healthy Leaves,3,0.9909
D:\CropDiseaseProject\sugarcane_large\Diseases\Pokkah Boeng\Pokkah Boeng251.jpg,Pokkah Boeng,5,Pokkah Boeng,5,0.9948
D:\CropDiseaseProject\sugarcane_large\Diseases\Viral Disease\Viral Disease614.jpg,Mosaic / Viral Disease,4,Mosaic / Viral Disease,4,0.6812
D:\CropDiseaseProject\sugarcane_large\Diseases\Pokkah Boeng\Pokkah Boeng166.jpg,Pokkah Boeng,5,Pokkah Boeng,5,0.9941
D:\CropDiseaseProject\sugarcane_large\Diseases\Sett Rot\Sett Rot027.jpg,Sett Rot,8,Sett Rot,8,0.9814
D:\CropDiseaseProject\sugarcane_large\Diseases\Viral Disease\Viral Disease377.jpg,Mosaic / Viral Disease,4,Mosaic / Viral Disease,4,0.9925
D:\CropDiseaseProject\sugarcane_large\Diseases\Brown Spot\image418.jpg,Brown Spot,1,Brown Spot,1,0.8419
D:\CropDiseaseProject\sugarcane_large\Diseases\Grassy shoot\image152.jpg,Grassy Shoot,2,Grassy Shoot,2,0.9947
D:\CropDiseaseProject\sugarcane_large\Diseases\Brown Spot\image093.jpg,Brown Spot,1,Brown Spot,1,0.9942
D:\CropDiseaseProject\sugarcane_large\Diseases\Banded Chlorosis\image065.jpg,Banded Chlorosis,0,Banded Chlorosis,0,0.9244
D:\CropDiseaseProject\sugarcane_large\Diseases\Yellow Leaf\Yellow Leaf176.jpg,Yellow Leaf Disease,10,Yellow Leaf Disease,10,0.9149
D:\CropDiseaseProject\sugarcane_large\Diseases\Brown Spot\image643.jpg,Brown Spot,1,Banded Chlorosis,0,0.5047
D:\CropDiseaseProject\sugarcane_large\Diseases\Sett Rot\Sett Rot636.jpg,Sett Rot,8,Sett Rot,8,0.9999
D:\CropDiseaseProject\sugarcane_large\Diseases\Yellow Leaf\Yellow Leaf357.jpg,Yellow Leaf Disease,10,Yellow Leaf Disease,10,0.9969
D:\CropDiseaseProject\sugarcane_large\Diseases\Brown Spot\image713.jpg,Brown Spot,1,Brown Spot,1,0.7541
D:\CropDiseaseProject\sugarcane_large\Diseases\Brown Spot\image880.jpg,Brown Spot,1,Mosaic / Viral Disease,4,0.6381
D:\CropDiseaseProject\sugarcane_large\Healthy Leaves\image327.jpg,Healthy Leaves,3,Healthy Leaves,3,0.9946
D:\CropDiseaseProject\sugarcane_large\Diseases\Pokkah Boeng\Pokkah Boeng039.jpg,Pokkah Boeng,5,Pokkah Boeng,5,0.5502
D:\CropDiseaseProject\sugarcane_large\Diseases\Sett Rot\Sett Rot450.jpg,Sett Rot,8,Sett Rot,8,0.9999
D:\CropDiseaseProject\sugarcane_large\Diseases\Sett Rot\Sett Rot260.jpg,Sett Rot,8,Sett Rot,8,0.9974
D:\CropDiseaseProject\sugarcane_large\Diseases\BrownRust\image271.jpg,Rust (Brown Rust),7,Rust (Brown Rust),7,0.7204
D:\CropDiseaseProject\sugarcane_large\Diseases\Brown Spot\image075.jpg,Brown Spot,1,Brown Spot,1,0.9105
D:\CropDiseaseProject\sugarcane_large\Diseases\smut\Smut146.jpg,Smut,9,Smut,9,0.3942
D:\CropDiseaseProject\sugarcane_large\Diseases\Brown Spot\image626.jpg,Brown Spot,1,Brown Spot,1,0.6549
D:\CropDiseaseProject\sugarcane_large\Diseases\Sett Rot\Sett Rot104.jpg,Sett Rot,8,Sett Rot,8,1.0
D:\CropDiseaseProject\sugarcane_large\Diseases\BrownRust\image131.jpg,Rust (Brown Rust),7,Mosaic / Viral Disease,4,0.6278
D:\CropDiseaseProject\sugarcane_large\Diseases\Brown Spot\image1590.jpg,Brown Spot,1,Brown Spot,1,0.9135
D:\CropDiseaseProject\sugarcane_large\Diseases\Brown Spot\image370.jpg,Brown Spot,1,Brown Spot,1,0.9281
D:\CropDiseaseProject\sugarcane_large\Diseases\Sett Rot\Sett Rot222.jpg,Sett Rot,8,Sett Rot,8,1.0
D:\CropDiseaseProject\sugarcane_large\Diseases\Brown Spot\image1589.jpg,Brown Spot,1,Brown Spot,1,0.9598
D:\CropDiseaseProject\sugarcane_large\Healthy Leaves\image049.jpg,Healthy Leaves,3,Healthy Leaves,3,0.9972
D:\CropDiseaseProject\sugarcane_large\Diseases\Yellow Leaf\Yellow Leaf189.jpg,Yellow Leaf Disease,10,Yellow Leaf Disease,10,0.9692
D:\CropDiseaseProject\sugarcane_large\Diseases\Banded Chlorosis\image280.jpg,Banded Chlorosis,0,Banded Chlorosis,0,0.7859
D:\CropDiseaseProject\sugarcane_large\Diseases\Yellow Leaf\Yellow Leaf142.jpg,Yellow Leaf Disease,10,Yellow Leaf Disease,10,0.9936
D:\CropDiseaseProject\sugarcane_large\Diseases\Banded Chlorosis\image005.jpg,Banded Chlorosis,0,Banded Chlorosis,0,0.7696
D:\CropDiseaseProject\sugarcane_large\Diseases\Grassy shoot\image010.jpg,Grassy Shoot,2,Grassy Shoot,2,0.9563
D:\CropDiseaseProject\sugarcane_large\Diseases\Pokkah Boeng\Pokkah Boeng276.jpg,Pokkah Boeng,5,Pokkah Boeng,5,0.7705
D:\CropDiseaseProject\sugarcane_large\Diseases\Sett Rot\Sett Rot378.jpg,Sett Rot,8,Sett Rot,8,0.9997
D:\CropDiseaseProject\sugarcane_large\Diseases\smut\Smut238.jpg,Smut,9,Brown Spot,1,0.4535
D:\CropDiseaseProject\sugarcane_large\Diseases\Yellow Leaf\Yellow Leaf406.jpg,Yellow Leaf Disease,10,Yellow Leaf Disease,10,0.997
D:\CropDiseaseProject\sugarcane_large\Diseases\Brown Spot\image1577.jpg,Brown Spot,1,Brown Spot,1,0.987
D:\CropDiseaseProject\sugarcane_large\Diseases\Sett Rot\Sett Rot218.jpg,Sett Rot,8,Sett Rot,8,0.9997
D:\CropDiseaseProject\sugarcane_large\Diseases\Viral Disease\Viral Disease133.jpg,Mosaic / Viral Disease,4,Mosaic / Viral Disease,4,0.9218
D:\CropDiseaseProject\sugarcane_large\Diseases\Banded Chlorosis\image329.jpg,Banded Chlorosis,0,Banded Chlorosis,0,0.8644
D:\CropDiseaseProject\sugarcane_large\Diseases\Yellow Leaf\Yellow Leaf116.jpg,Yellow Leaf Disease,10,Yellow Leaf Disease,10,0.9653
D:\CropDiseaseProject\sugarcane_large\Healthy Leaves\image125.jpg,Healthy Leaves,3,Healthy Leaves,3,0.9731
D:\CropDiseaseProject\sugarcane_large\Diseases\BrownRust\image044.jpg,Rust (Brown Rust),7,Banded Chlorosis,0,0.4676
D:\CropDiseaseProject\sugarcane_large\Diseases\Brown Spot\image796.jpg,Brown Spot,1,Brown Spot,1,0.9995
D:\CropDiseaseProject\sugarcane_large\Diseases\Brown Spot\image324.jpg,Brown Spot,1,Brown Spot,1,0.9994
D:\CropDiseaseProject\sugarcane_large\Healthy Leaves\image330.jpg,Healthy Leaves,3,Healthy Leaves,3,0.9921
D:\CropDiseaseProject\sugarcane_large\Diseases\Grassy shoot\image329.jpg,Grassy Shoot,2,Grassy Shoot,2,0.9983
D:\CropDiseaseProject\sugarcane_large\Diseases\Viral Disease\Viral Disease082.jpg,Mosaic / Viral Disease,4,Mosaic / Viral Disease,4,0.9561
D:\CropDiseaseProject\sugarcane_large\Diseases\Brown Spot\image164.jpg,Brown Spot,1,Brown Spot,1,0.9977
D:\CropDiseaseProject\sugarcane_large\Healthy Leaves\image297.jpg,Healthy Leaves,3,Healthy Leaves,3,0.5816
D:\CropDiseaseProject\sugarcane_large\Diseases\smut\Smut141.jpg,Smut,9,Mosaic / Viral Disease,4,0.4665
D:\CropDiseaseProject\sugarcane_large\Diseases\Yellow Leaf\Yellow Leaf926.jpg,Yellow Leaf Disease,10,Yellow Leaf Disease,10,0.992
D:\CropDiseaseProject\sugarcane_large\Diseases\Brown Spot\image1054.jpg,Brown Spot,1,Brown Spot,1,0.915
D:\CropDiseaseProject\sugarcane_large\Diseases\Brown Spot\image1317.jpg,Brown Spot,1,Brown Spot,1,0.9525
D:\CropDiseaseProject\sugarcane_large\Diseases\Sett Rot\Sett Rot118.jpg,Sett Rot,8,Sett Rot,8,1.0
D:\CropDiseaseProject\sugarcane_large\Diseases\smut\Smut080.jpg,Smut,9,Smut,9,0.5773
D:\CropDiseaseProject\sugarcane_large\Diseases\BrownRust\image042.jpg,Rust (Brown Rust),7,Rust (Brown Rust),7,0.6275
D:\CropDiseaseProject\sugarcane_large\Diseases\Brown Spot\image1107.jpg,Brown Spot,1,Yellow Leaf Disease,10,0.9589
D:\CropDiseaseProject\sugarcane_large\Diseases\Viral Disease\Viral Disease212.jpg,Mosaic / Viral Disease,4,Mosaic / Viral Disease,4,0.9564
D:\CropDiseaseProject\sugarcane_large\Diseases\Grassy shoot\image174.jpg,Grassy Shoot,2,Grassy Shoot,2,1.0
D:\CropDiseaseProject\sugarcane_large\Diseases\BrownRust\image175.jpg,Rust (Brown Rust),7,Brown Spot,1,0.6797
D:\CropDiseaseProject\sugarcane_large\Diseases\Brown Spot\image960.jpg,Brown Spot,1,Brown Spot,1,0.6889
D:\CropDiseaseProject\sugarcane_large\Healthy Leaves\image068.jpg,Healthy Leaves,3,Healthy Leaves,3,0.9934
D:\CropDiseaseProject\sugarcane_large\Diseases\Sett Rot\Sett Rot428.jpg,Sett Rot,8,Sett Rot,8,0.9999
D:\CropDiseaseProject\sugarcane_large\Diseases\smut\Smut187.jpg,Smut,9,Smut,9,0.7796
D:\CropDiseaseProject\sugarcane_large\Diseases\smut\Smut154.jpg,Smut,9,Smut,9,0.6491
D:\CropDiseaseProject\sugarcane_large\Diseases\Yellow Leaf\Yellow Leaf1138.jpg,Yellow Leaf Disease,10,Rust (Brown Rust),7,0.7799
D:\CropDiseaseProject\sugarcane_large\Diseases\Yellow Leaf\Yellow Leaf385.jpg,Yellow Leaf Disease,10,Yellow Leaf Disease,10,0.9954
D:\CropDiseaseProject\sugarcane_large\Diseases\Sett Rot\Sett Rot182.jpg,Sett Rot,8,Sett Rot,8,1.0
D:\CropDiseaseProject\sugarcane_large\Diseases\Viral Disease\Viral Disease636.jpg,Mosaic / Viral Disease,4,Mosaic / Viral Disease,4,0.9532
D:\CropDiseaseProject\sugarcane_large\Diseases\Grassy shoot\image148.jpg,Grassy Shoot,2,Grassy Shoot,2,0.9963
D:\CropDiseaseProject\sugarcane_large\Diseases\Pokkah Boeng\Pokkah Boeng041.jpg,Pokkah Boeng,5,Smut,9,0.5001
D:\CropDiseaseProject\sugarcane_large\Diseases\Yellow Leaf\Yellow Leaf475.jpg,Yellow Leaf Disease,10,Yellow Leaf Disease,10,0.9543
D:\CropDiseaseProject\sugarcane_large\Diseases\Brown Spot\image972.jpg,Brown Spot,1,Brown Spot,1,0.9212
D:\CropDiseaseProject\sugarcane_large\Diseases\Brown Spot\image1641.jpg,Brown Spot,1,Brown Spot,1,0.9517
D:\CropDiseaseProject\sugarcane_large\Diseases\Brown Spot\image555.jpg,Brown Spot,1,Brown Spot,1,0.94
D:\CropDiseaseProject\sugarcane_large\Diseases\Pokkah Boeng\Pokkah Boeng028.jpg,Pokkah Boeng,5,Pokkah Boeng,5,0.5119
D:\CropDiseaseProject\sugarcane_large\Diseases\Grassy shoot\image291.jpg,Grassy Shoot,2,Grassy Shoot,2,0.9997
D:\CropDiseaseProject\sugarcane_large\Diseases\Sett Rot\Sett Rot566.jpg,Sett Rot,8,Sett Rot,8,1.0
D:\CropDiseaseProject\sugarcane_large\Diseases\BrownRust\image077.jpg,Rust (Brown Rust),7,Brown Spot,1,0.2916
D:\CropDiseaseProject\sugarcane_large\Diseases\Sett Rot\Sett Rot096.jpg,Sett Rot,8,Sett Rot,8,1.0
D:\CropDiseaseProject\sugarcane_large\Diseases\Sett Rot\Sett Rot231.jpg,Sett Rot,8,Sett Rot,8,1.0
D:\CropDiseaseProject\sugarcane_large\Diseases\Brown Spot\image815.jpg,Brown Spot,1,Brown Spot,1,0.9936
D:\CropDiseaseProject\sugarcane_large\Diseases\Banded Chlorosis\image431.jpg,Banded Chlorosis,0,Healthy Leaves,3,0.8386
D:\CropDiseaseProject\sugarcane_large\Diseases\Yellow Leaf\Yellow Leaf048.jpg,Yellow Leaf Disease,10,Yellow Leaf Disease,10,0.9009
D:\CropDiseaseProject\sugarcane_large\Diseases\Brown Spot\image094.jpg,Brown Spot,1,Brown Spot,1,0.9966
D:\CropDiseaseProject\sugarcane_large\Diseases\Sett Rot\Sett Rot372.jpg,Sett Rot,8,Sett Rot,8,1.0
D:\CropDiseaseProject\sugarcane_large\Diseases\Viral Disease\Viral Disease558.jpg,Mosaic / Viral Disease,4,Mosaic / Viral Disease,4,0.9913
D:\CropDiseaseProject\sugarcane_large\Diseases\Viral Disease\Viral Disease445.jpg,Mosaic / Viral Disease,4,Mosaic / Viral Disease,4,0.9714
D:\CropDiseaseProject\sugarcane_large\Diseases\Yellow Leaf\Yellow Leaf211.jpg,Yellow Leaf Disease,10,Yellow Leaf Disease,10,0.9022
D:\CropDiseaseProject\sugarcane_large\Diseases\Brown Spot\image302.jpg,Brown Spot,1,Brown Spot,1,0.9967
D:\CropDiseaseProject\sugarcane_large\Diseases\Viral Disease\Viral Disease586.jpg,Mosaic / Viral Disease,4,Mosaic / Viral Disease,4,0.8554
D:\CropDiseaseProject\sugarcane_large\Diseases\Yellow Leaf\Yellow Leaf1175.jpg,Yellow Leaf Disease,10,Yellow Leaf Disease,10,0.9984
D:\CropDiseaseProject\sugarcane_large\Diseases\Brown Spot\image1631.jpg,Brown Spot,1,Brown Spot,1,0.9773
D:\CropDiseaseProject\sugarcane_large\Diseases\Sett Rot\Sett Rot224.jpg,Sett Rot,8,Sett Rot,8,1.0
D:\CropDiseaseProject\sugarcane_large\Diseases\Yellow Leaf\Yellow Leaf165.jpg,Yellow Leaf Disease,10,Yellow Leaf Disease,10,0.9532
D:\CropDiseaseProject\sugarcane_large\Diseases\Brown Spot\image772.jpg,Brown Spot,1,Brown Spot,1,0.9994
D:\CropDiseaseProject\sugarcane_large\Diseases\BrownRust\image231.jpg,Rust (Brown Rust),7,Rust (Brown Rust),7,0.8259
D:\CropDiseaseProject\sugarcane_large\Healthy Leaves\image144.jpg,Healthy Leaves,3,Healthy Leaves,3,0.9593
D:\CropDiseaseProject\sugarcane_large\Healthy Leaves\image164.jpg,Healthy Leaves,3,Healthy Leaves,3,0.7758
D:\CropDiseaseProject\sugarcane_large\Diseases\Yellow Leaf\Yellow Leaf315.jpg,Yellow Leaf Disease,10,Yellow Leaf Disease,10,0.9812
D:\CropDiseaseProject\sugarcane_large\Diseases\Grassy shoot\image317.jpg,Grassy Shoot,2,Grassy Shoot,2,0.9993
D:\CropDiseaseProject\sugarcane_large\Diseases\Brown Spot\image1510.jpg,Brown Spot,1,Yellow Leaf Disease,10,0.8087
D:\CropDiseaseProject\sugarcane_large\Diseases\smut\Smut190.jpg,Smut,9,Yellow Leaf Disease,10,0.8754
D:\CropDiseaseProject\sugarcane_large\Diseases\Brown Spot\image274.jpg,Brown Spot,1,Brown Spot,1,0.9997
D:\CropDiseaseProject\sugarcane_large\Diseases\Banded Chlorosis\image150.jpg,Banded Chlorosis,0,Banded Chlorosis,0,0.9745
D:\CropDiseaseProject\sugarcane_large\Diseases\Brown Spot\image1307.jpg,Brown Spot,1,Brown Spot,1,0.9615
D:\CropDiseaseProject\sugarcane_large\Diseases\Sett Rot\Sett Rot044.jpg,Sett Rot,8,Sett Rot,8,0.9872
D:\CropDiseaseProject\sugarcane_large\Diseases\Brown Spot\image1476.jpg,Brown Spot,1,Brown Spot,1,0.8416
D:\CropDiseaseProject\sugarcane_large\Diseases\smut\Smut087.jpg,Smut,9,Smut,9,0.5667
D:\CropDiseaseProject\sugarcane_large\Diseases\Banded Chlorosis\image216.jpg,Banded Chlorosis,0,Banded Chlorosis,0,0.3869
D:\CropDiseaseProject\sugarcane_large\Diseases\Yellow Leaf\Yellow Leaf832.jpg,Yellow Leaf Disease,10,Yellow Leaf Disease,10,0.9963
D:\CropDiseaseProject\sugarcane_large\Diseases\Yellow Leaf\Yellow Leaf373.jpg,Yellow Leaf Disease,10,Yellow Leaf Disease,10,0.9995
D:\CropDiseaseProject\sugarcane_large\Diseases\Banded Chlorosis\image346.jpg,Banded Chlorosis,0,Banded Chlorosis,0,0.9147
D:\CropDiseaseProject\sugarcane_large\Diseases\Viral Disease\Viral Disease422.jpg,Mosaic / Viral Disease,4,Mosaic / Viral Disease,4,0.9137
D:\CropDiseaseProject\sugarcane_large\Diseases\Grassy shoot\image109.jpg,Grassy Shoot,2,Grassy Shoot,2,0.9989
D:\CropDiseaseProject\sugarcane_large\Diseases\Yellow Leaf\Yellow Leaf286.jpg,Yellow Leaf Disease,10,Yellow Leaf Disease,10,0.9973
D:\CropDiseaseProject\sugarcane_large\Diseases\Brown Spot\image534.jpg,Brown Spot,1,Brown Spot,1,0.7437
D:\CropDiseaseProject\sugarcane_large\Diseases\Pokkah Boeng\Pokkah Boeng258.jpg,Pokkah Boeng,5,Pokkah Boeng,5,0.4666
D:\CropDiseaseProject\sugarcane_large\Diseases\Brown Spot\image234.jpg,Brown Spot,1,Brown Spot,1,0.6752
D:\CropDiseaseProject\sugarcane_large\Diseases\Yellow Leaf\Yellow Leaf794.jpg,Yellow Leaf Disease,10,Yellow Leaf Disease,10,0.9993
D:\CropDiseaseProject\sugarcane_large\Diseases\Sett Rot\Sett Rot138.jpg,Sett Rot,8,Sett Rot,8,1.0
D:\CropDiseaseProject\sugarcane_large\Diseases\Sett Rot\Sett Rot496.jpg,Sett Rot,8,Sett Rot,8,1.0
D:\CropDiseaseProject\sugarcane_large\Diseases\BrownRust\image050.jpg,Rust (Brown Rust),7,Rust (Brown Rust),7,0.5966
D:\CropDiseaseProject\sugarcane_large\Diseases\Yellow Leaf\Yellow Leaf063.jpg,Yellow Leaf Disease,10,Yellow Leaf Disease,10,0.8907
D:\CropDiseaseProject\sugarcane_large\Diseases\Brown Spot\image223.jpg,Brown Spot,1,Brown Spot,1,0.977
D:\CropDiseaseProject\sugarcane_large\Diseases\Grassy shoot\image238.jpg,Grassy Shoot,2,Grassy Shoot,2,0.7849
D:\CropDiseaseProject\sugarcane_large\Diseases\Brown Spot\image1310.jpg,Brown Spot,1,Brown Spot,1,0.3913
D:\CropDiseaseProject\sugarcane_large\Diseases\Banded Chlorosis\image215.jpg,Banded Chlorosis,0,Mosaic / Viral Disease,4,0.3888
D:\CropDiseaseProject\sugarcane_large\Diseases\Sett Rot\Sett Rot536.jpg,Sett Rot,8,Sett Rot,8,1.0
D:\CropDiseaseProject\sugarcane_large\Diseases\Brown Spot\image885.jpg,Brown Spot,1,Mosaic / Viral Disease,4,0.487
D:\CropDiseaseProject\sugarcane_large\Diseases\Yellow Leaf\Yellow Leaf867.jpg,Yellow Leaf Disease,10,Yellow Leaf Disease,10,0.6844
D:\CropDiseaseProject\sugarcane_large\Diseases\Sett Rot\Sett Rot451.jpg,Sett Rot,8,Sett Rot,8,0.9991
D:\CropDiseaseProject\sugarcane_large\Diseases\Yellow Leaf\Yellow Leaf730.jpg,Yellow Leaf Disease,10,Yellow Leaf Disease,10,0.9696
D:\CropDiseaseProject\sugarcane_large\Diseases\Brown Spot\image564.jpg,Brown Spot,1,Brown Spot,1,0.8282
D:\CropDiseaseProject\sugarcane_large\Diseases\Yellow Leaf\Yellow Leaf169.jpg,Yellow Leaf Disease,10,Yellow Leaf Disease,10,0.9185
D:\CropDiseaseProject\sugarcane_large\Healthy Leaves\image066.jpg,Healthy Leaves,3,Banded Chlorosis,0,0.4099
D:\CropDiseaseProject\sugarcane_large\Diseases\Sett Rot\Sett Rot533.jpg,Sett Rot,8,Sett Rot,8,1.0
D:\CropDiseaseProject\sugarcane_large\Healthy Leaves\image154.jpg,Healthy Leaves,3,Healthy Leaves,3,0.9948
D:\CropDiseaseProject\sugarcane_large\Healthy Leaves\image382.jpg,Healthy Leaves,3,Healthy Leaves,3,0.9991
D:\CropDiseaseProject\sugarcane_large\Diseases\Brown Spot\image083.jpg,Brown Spot,1,Brown Spot,1,0.9864
D:\CropDiseaseProject\sugarcane_large\Diseases\Sett Rot\Sett Rot409.jpg,Sett Rot,8,Sett Rot,8,0.9999
D:\CropDiseaseProject\sugarcane_large\Diseases\Brown Spot\image299.jpg,Brown Spot,1,Brown Spot,1,0.9981
D:\CropDiseaseProject\sugarcane_large\Diseases\Pokkah Boeng\Pokkah Boeng155.jpg,Pokkah Boeng,5,Pokkah Boeng,5,0.759
D:\CropDiseaseProject\sugarcane_large\Diseases\Yellow Leaf\Yellow Leaf607.jpg,Yellow Leaf Disease,10,Yellow Leaf Disease,10,0.9767
D:\CropDiseaseProject\sugarcane_large\Diseases\Brown Spot\image001.jpg,Brown Spot,1,Brown Spot,1,0.9384
D:\CropDiseaseProject\sugarcane_large\Diseases\Viral Disease\Viral Disease295.jpg,Mosaic / Viral Disease,4,Mosaic / Viral Disease,4,0.7013
D:\CropDiseaseProject\sugarcane_large\Diseases\Yellow Leaf\Yellow Leaf911.jpg,Yellow Leaf Disease,10,Yellow Leaf Disease,10,0.9936
D:\CropDiseaseProject\sugarcane_large\Diseases\Brown Spot\image909.jpg,Brown Spot,1,Brown Spot,1,0.8701
D:\CropDiseaseProject\sugarcane_large\Diseases\Sett Rot\Sett Rot030.jpg,Sett Rot,8,Sett Rot,8,0.9989
D:\CropDiseaseProject\sugarcane_large\Diseases\Brown Spot\image1443.jpg,Brown Spot,1,Brown Spot,1,0.9077
D:\CropDiseaseProject\sugarcane_large\Diseases\Sett Rot\Sett Rot612.jpg,Sett Rot,8,Sett Rot,8,1.0
D:\CropDiseaseProject\sugarcane_large\Diseases\Sett Rot\Sett Rot101.jpg,Sett Rot,8,Sett Rot,8,1.0
D:\CropDiseaseProject\sugarcane_large\Diseases\Pokkah Boeng\Pokkah Boeng193.jpg,Pokkah Boeng,5,Pokkah Boeng,5,0.9593
D:\CropDiseaseProject\sugarcane_large\Healthy Leaves\image232.jpg,Healthy Leaves,3,Healthy Leaves,3,0.8921
D:\CropDiseaseProject\sugarcane_large\Diseases\Yellow Leaf\Yellow Leaf298.jpg,Yellow Leaf Disease,10,Yellow Leaf Disease,10,0.9461
D:\CropDiseaseProject\sugarcane_large\Healthy Leaves\image279.jpg,Healthy Leaves,3,Healthy Leaves,3,0.9215
D:\CropDiseaseProject\sugarcane_large\Diseases\Yellow Leaf\Yellow Leaf221.jpg,Yellow Leaf Disease,10,Yellow Leaf Disease,10,0.9916
D:\CropDiseaseProject\sugarcane_large\Diseases\Brown Spot\image306.jpg,Brown Spot,1,Brown Spot,1,0.9991
D:\CropDiseaseProject\sugarcane_large\Diseases\smut\Smut127.jpg,Smut,9,Smut,9,0.9314
D:\CropDiseaseProject\sugarcane_large\Diseases\BrownRust\image267.jpg,Rust (Brown Rust),7,Rust (Brown Rust),7,0.8935
D:\CropDiseaseProject\sugarcane_large\Diseases\Brown Spot\image857.jpg,Brown Spot,1,Brown Spot,1,0.9981
D:\CropDiseaseProject\sugarcane_large\Diseases\smut\Smut014.jpg,Smut,9,Smut,9,0.5047
D:\CropDiseaseProject\sugarcane_large\Diseases\Viral Disease\Viral Disease436.jpg,Mosaic / Viral Disease,4,Mosaic / Viral Disease,4,0.6335
D:\CropDiseaseProject\sugarcane_large\Diseases\Brown Spot\image904.jpg,Brown Spot,1,Brown Spot,1,0.9993
D:\CropDiseaseProject\sugarcane_large\Diseases\Grassy shoot\image258.jpg,Grassy Shoot,2,Grassy Shoot,2,0.9998
D:\CropDiseaseProject\sugarcane_large\Healthy Leaves\image117.jpg,Healthy Leaves,3,Healthy Leaves,3,0.9354
D:\CropDiseaseProject\sugarcane_large\Diseases\Yellow Leaf\Yellow Leaf1035.jpg,Yellow Leaf Disease,10,Yellow Leaf Disease,10,0.9758
D:\CropDiseaseProject\sugarcane_large\Diseases\Viral Disease\Viral Disease547.jpg,Mosaic / Viral Disease,4,Mosaic / Viral Disease,4,0.9901
D:\CropDiseaseProject\sugarcane_large\Diseases\Sett Rot\Sett Rot387.jpg,Sett Rot,8,Sett Rot,8,1.0
D:\CropDiseaseProject\sugarcane_large\Healthy Leaves\image086.jpg,Healthy Leaves,3,Healthy Leaves,3,0.5034
D:\CropDiseaseProject\sugarcane_large\Diseases\Yellow Leaf\Yellow Leaf304.jpg,Yellow Leaf Disease,10,Yellow Leaf Disease,10,0.9497
D:\CropDiseaseProject\sugarcane_large\Diseases\Brown Spot\image492.jpg,Brown Spot,1,Yellow Leaf Disease,10,0.8404
D:\CropDiseaseProject\sugarcane_large\Diseases\Yellow Leaf\Yellow Leaf731.jpg,Yellow Leaf Disease,10,Yellow Leaf Disease,10,0.8937
D:\CropDiseaseProject\sugarcane_large\Healthy Leaves\image072.jpg,Healthy Leaves,3,Healthy Leaves,3,0.9892
D:\CropDiseaseProject\sugarcane_large\Diseases\Brown Spot\image560.jpg,Brown Spot,1,Brown Spot,1,0.8652
D:\CropDiseaseProject\sugarcane_large\Diseases\smut\Smut148.jpg,Smut,9,Mosaic / Viral Disease,4,0.3948
D:\CropDiseaseProject\sugarcane_large\Diseases\Banded Chlorosis\image028.jpg,Banded Chlorosis,0,Yellow Leaf Disease,10,0.5667
D:\CropDiseaseProject\sugarcane_large\Diseases\BrownRust\image167.jpg,Rust (Brown Rust),7,Rust (Brown Rust),7,0.8302
D:\CropDiseaseProject\sugarcane_large\Diseases\Grassy shoot\image079.jpg,Grassy Shoot,2,Grassy Shoot,2,0.9997
D:\CropDiseaseProject\sugarcane_large\Diseases\Brown Spot\image1496.jpg,Brown Spot,1,Brown Spot,1,0.8641
D:\CropDiseaseProject\sugarcane_large\Diseases\Viral Disease\Viral Disease134.jpg,Mosaic / Viral Disease,4,Mosaic / Viral Disease,4,0.9224
D:\CropDiseaseProject\sugarcane_large\Diseases\Viral Disease\Viral Disease291.jpg,Mosaic / Viral Disease,4,Mosaic / Viral Disease,4,0.5957
D:\CropDiseaseProject\sugarcane_large\Diseases\Banded Chlorosis\image244.jpg,Banded Chlorosis,0,Rust (Brown Rust),7,0.7051
D:\CropDiseaseProject\sugarcane_large\Diseases\Sett Rot\Sett Rot173.jpg,Sett Rot,8,Sett Rot,8,1.0
D:\CropDiseaseProject\sugarcane_large\Diseases\Banded Chlorosis\image051.jpg,Banded Chlorosis,0,Brown Spot,1,0.6567
D:\CropDiseaseProject\sugarcane_large\Diseases\Brown Spot\image778.jpg,Brown Spot,1,Brown Spot,1,0.9996
D:\CropDiseaseProject\sugarcane_large\Diseases\Viral Disease\Viral Disease137.jpg,Mosaic / Viral Disease,4,Mosaic / Viral Disease,4,0.8289
D:\CropDiseaseProject\sugarcane_large\Diseases\Brown Spot\image376.jpg,Brown Spot,1,Brown Spot,1,0.9605
D:\CropDiseaseProject\sugarcane_large\Diseases\Sett Rot\Sett Rot431.jpg,Sett Rot,8,Sett Rot,8,1.0
D:\CropDiseaseProject\sugarcane_large\Diseases\Brown Spot\image981.jpg,Brown Spot,1,Brown Spot,1,0.6503
D:\CropDiseaseProject\sugarcane_large\Diseases\Brown Spot\image247.jpg,Brown Spot,1,Brown Spot,1,0.6652
D:\CropDiseaseProject\sugarcane_large\Diseases\Brown Spot\image177.jpg,Brown Spot,1,Brown Spot,1,0.9974
D:\CropDiseaseProject\sugarcane_large\Diseases\Sett Rot\Sett Rot356.jpg,Sett Rot,8,Sett Rot,8,1.0
D:\CropDiseaseProject\sugarcane_large\Healthy Leaves\image129.jpg,Healthy Leaves,3,Healthy Leaves,3,0.9886
D:\CropDiseaseProject\sugarcane_large\Diseases\Yellow Leaf\Yellow Leaf291.jpg,Yellow Leaf Disease,10,Yellow Leaf Disease,10,0.9519
D:\CropDiseaseProject\sugarcane_large\Diseases\Sett Rot\Sett Rot092.jpg,Sett Rot,8,Sett Rot,8,0.9994
D:\CropDiseaseProject\sugarcane_large\Diseases\Brown Spot\image1662.jpg,Brown Spot,1,Brown Spot,1,0.9963
D:\CropDiseaseProject\sugarcane_large\Diseases\Pokkah Boeng\Pokkah Boeng056.jpg,Pokkah Boeng,5,Pokkah Boeng,5,0.7815
D:\CropDiseaseProject\sugarcane_large\Diseases\Sett Rot\Sett Rot488.jpg,Sett Rot,8,Sett Rot,8,1.0
D:\CropDiseaseProject\sugarcane_large\Diseases\Brown Spot\image127.jpg,Brown Spot,1,Brown Spot,1,0.8893
D:\CropDiseaseProject\sugarcane_large\Diseases\Sett Rot\Sett Rot295.jpg,Sett Rot,8,Sett Rot,8,0.9998
D:\CropDiseaseProject\sugarcane_large\Diseases\Sett Rot\Sett Rot066.jpg,Sett Rot,8,Sett Rot,8,1.0
D:\CropDiseaseProject\sugarcane_large\Diseases\Brown Spot\image058.jpg,Brown Spot,1,Brown Spot,1,0.9697
D:\CropDiseaseProject\sugarcane_large\Diseases\Grassy shoot\image017.jpg,Grassy Shoot,2,Grassy Shoot,2,0.9745
D:\CropDiseaseProject\sugarcane_large\Diseases\Brown Spot\image666.jpg,Brown Spot,1,Brown Spot,1,0.9974
D:\CropDiseaseProject\sugarcane_large\Healthy Leaves\image314.jpg,Healthy Leaves,3,Healthy Leaves,3,0.9889
D:\CropDiseaseProject\sugarcane_large\Diseases\Brown Spot\image173.jpg,Brown Spot,1,Brown Spot,1,0.9933
D:\CropDiseaseProject\sugarcane_large\Diseases\Sett Rot\Sett Rot215.jpg,Sett Rot,8,Sett Rot,8,1.0
D:\CropDiseaseProject\sugarcane_large\Diseases\Brown Spot\image807.jpg,Brown Spot,1,Brown Spot,1,0.9859
D:\CropDiseaseProject\sugarcane_large\Healthy Leaves\image417.jpg,Healthy Leaves,3,Healthy Leaves,3,0.9905
D:\CropDiseaseProject\sugarcane_large\Diseases\Sett Rot\Sett Rot635.jpg,Sett Rot,8,Sett Rot,8,0.9998
D:\CropDiseaseProject\sugarcane_large\Diseases\Viral Disease\Viral Disease584.jpg,Mosaic / Viral Disease,4,Mosaic / Viral Disease,4,0.7391
D:\CropDiseaseProject\sugarcane_large\Diseases\Viral Disease\Viral Disease642.jpg,Mosaic / Viral Disease,4,Mosaic / Viral Disease,4,0.9368
D:\CropDiseaseProject\sugarcane_large\Diseases\Yellow Leaf\Yellow Leaf847.jpg,Yellow Leaf Disease,10,Yellow Leaf Disease,10,0.9963
D:\CropDiseaseProject\sugarcane_large\Diseases\Grassy shoot\image261.jpg,Grassy Shoot,2,Grassy Shoot,2,0.9951
D:\CropDiseaseProject\sugarcane_large\Diseases\Yellow Leaf\Yellow Leaf293.jpg,Yellow Leaf Disease,10,Yellow Leaf Disease,10,0.9777
D:\CropDiseaseProject\sugarcane_large\Diseases\Yellow Leaf\Yellow Leaf786.jpg,Yellow Leaf Disease,10,Yellow Leaf Disease,10,0.9969
D:\CropDiseaseProject\sugarcane_large\Healthy Leaves\image248.jpg,Healthy Leaves,3,Healthy Leaves,3,0.9504
D:\CropDiseaseProject\sugarcane_large\Diseases\Brown Spot\image006.jpg,Brown Spot,1,Yellow Leaf Disease,10,0.8007
D:\CropDiseaseProject\sugarcane_large\Diseases\Yellow Leaf\Yellow Leaf1039.jpg,Yellow Leaf Disease,10,Yellow Leaf Disease,10,0.9427
D:\CropDiseaseProject\sugarcane_large\Diseases\Banded Chlorosis\image264.jpg,Banded Chlorosis,0,Banded Chlorosis,0,0.8028
D:\CropDiseaseProject\sugarcane_large\Diseases\Yellow Leaf\Yellow Leaf833.jpg,Yellow Leaf Disease,10,Yellow Leaf Disease,10,0.9972
D:\CropDiseaseProject\sugarcane_large\Diseases\Yellow Leaf\Yellow Leaf1077.jpg,Yellow Leaf Disease,10,Yellow Leaf Disease,10,0.3819
D:\CropDiseaseProject\sugarcane_large\Diseases\Pokkah Boeng\Pokkah Boeng126.jpg,Pokkah Boeng,5,Pokkah Boeng,5,0.9858
D:\CropDiseaseProject\sugarcane_large\Diseases\Yellow Leaf\Yellow Leaf1114.jpg,Yellow Leaf Disease,10,Yellow Leaf Disease,10,0.8995
D:\CropDiseaseProject\sugarcane_large\Diseases\Sett Rot\Sett Rot321.jpg,Sett Rot,8,Sett Rot,8,0.9966
D:\CropDiseaseProject\sugarcane_large\Diseases\Viral Disease\Viral Disease100.jpg,Mosaic / Viral Disease,4,Mosaic / Viral Disease,4,0.9844
D:\CropDiseaseProject\sugarcane_large\Diseases\Viral Disease\Viral Disease661.jpg,Mosaic / Viral Disease,4,Healthy Leaves,3,0.8998
D:\CropDiseaseProject\sugarcane_large\Diseases\Sett Rot\Sett Rot354.jpg,Sett Rot,8,Sett Rot,8,1.0
D:\CropDiseaseProject\sugarcane_large\Diseases\Grassy shoot\image130.jpg,Grassy Shoot,2,Grassy Shoot,2,0.9991
D:\CropDiseaseProject\sugarcane_large\Diseases\Yellow Leaf\Yellow Leaf255.jpg,Yellow Leaf Disease,10,Yellow Leaf Disease,10,0.9676
D:\CropDiseaseProject\sugarcane_large\Diseases\Yellow Leaf\Yellow Leaf594.jpg,Yellow Leaf Disease,10,Yellow Leaf Disease,10,0.8883
D:\CropDiseaseProject\sugarcane_large\Healthy Leaves\image403.jpg,Healthy Leaves,3,Healthy Leaves,3,0.9988
D:\CropDiseaseProject\sugarcane_large\Diseases\Brown Spot\image344.jpg,Brown Spot,1,Brown Spot,1,0.9977
D:\CropDiseaseProject\sugarcane_large\Diseases\Viral Disease\Viral Disease390.jpg,Mosaic / Viral Disease,4,Mosaic / Viral Disease,4,0.8157
D:\CropDiseaseProject\sugarcane_large\Diseases\Sett Rot\Sett Rot574.jpg,Sett Rot,8,Sett Rot,8,1.0
D:\CropDiseaseProject\sugarcane_large\Diseases\Grassy shoot\image119.jpg,Grassy Shoot,2,Grassy Shoot,2,0.9978
D:\CropDiseaseProject\sugarcane_large\Diseases\BrownRust\image136.jpg,Rust (Brown Rust),7,Yellow Leaf Disease,10,0.4724
D:\CropDiseaseProject\sugarcane_large\Diseases\Banded Chlorosis\image449.jpg,Banded Chlorosis,0,Banded Chlorosis,0,0.8757
D:\CropDiseaseProject\sugarcane_large\Diseases\Brown Spot\image481.jpg,Brown Spot,1,Brown Spot,1,0.4175
D:\CropDiseaseProject\sugarcane_large\Diseases\Banded Chlorosis\image048.jpg,Banded Chlorosis,0,Banded Chlorosis,0,0.5047
D:\CropDiseaseProject\sugarcane_large\Diseases\Yellow Leaf\Yellow Leaf311.jpg,Yellow Leaf Disease,10,Yellow Leaf Disease,10,0.9853
D:\CropDiseaseProject\sugarcane_large\Diseases\Brown Spot\image695.jpg,Brown Spot,1,Brown Spot,1,0.849
D:\CropDiseaseProject\sugarcane_large\Diseases\BrownRust\image260.jpg,Rust (Brown Rust),7,Rust (Brown Rust),7,0.6955
D:\CropDiseaseProject\sugarcane_large\Diseases\Viral Disease\Viral Disease073.jpg,Mosaic / Viral Disease,4,Mosaic / Viral Disease,4,0.7546
D:\CropDiseaseProject\sugarcane_large\Diseases\Yellow Leaf\Yellow Leaf212.jpg,Yellow Leaf Disease,10,Yellow Leaf Disease,10,0.9388
D:\CropDiseaseProject\sugarcane_large\Diseases\Yellow Leaf\Yellow Leaf717.jpg,Yellow Leaf Disease,10,Yellow Leaf Disease,10,0.9231
D:\CropDiseaseProject\sugarcane_large\Diseases\Viral Disease\Viral Disease153.jpg,Mosaic / Viral Disease,4,Mosaic / Viral Disease,4,0.727
D:\CropDiseaseProject\sugarcane_large\Diseases\Brown Spot\image1352.jpg,Brown Spot,1,Brown Spot,1,0.943
D:\CropDiseaseProject\sugarcane_large\Diseases\Viral Disease\Viral Disease234.jpg,Mosaic / Viral Disease,4,Mosaic / Viral Disease,4,0.4553
D:\CropDiseaseProject\sugarcane_large\Healthy Leaves\image079.jpg,Healthy Leaves,3,Healthy Leaves,3,0.9659
D:\CropDiseaseProject\sugarcane_large\Diseases\Yellow Leaf\Yellow Leaf198.jpg,Yellow Leaf Disease,10,Yellow Leaf Disease,10,0.9946
D:\CropDiseaseProject\sugarcane_large\Diseases\Viral Disease\Viral Disease493.jpg,Mosaic / Viral Disease,4,Mosaic / Viral Disease,4,0.9254
D:\CropDiseaseProject\sugarcane_large\Diseases\Viral Disease\Viral Disease129.jpg,Mosaic / Viral Disease,4,Mosaic / Viral Disease,4,0.5687
D:\CropDiseaseProject\sugarcane_large\Diseases\Brown Spot\image1006.jpg,Brown Spot,1,Yellow Leaf Disease,10,0.5261
D:\CropDiseaseProject\sugarcane_large\Diseases\Grassy shoot\image129.jpg,Grassy Shoot,2,Grassy Shoot,2,1.0
D:\CropDiseaseProject\sugarcane_large\Healthy Leaves\image347.jpg,Healthy Leaves,3,Healthy Leaves,3,0.9984
D:\CropDiseaseProject\sugarcane_large\Diseases\Yellow Leaf\Yellow Leaf070.jpg,Yellow Leaf Disease,10,Yellow Leaf Disease,10,0.781
D:\CropDiseaseProject\sugarcane_large\Diseases\Viral Disease\Viral Disease366.jpg,Mosaic / Viral Disease,4,Mosaic / Viral Disease,4,0.9718
D:\CropDiseaseProject\sugarcane_large\Healthy Leaves\image344.jpg,Healthy Leaves,3,Healthy Leaves,3,0.9988
D:\CropDiseaseProject\sugarcane_large\Diseases\Brown Spot\image043.jpg,Brown Spot,1,Brown Spot,1,0.8975
D:\CropDiseaseProject\sugarcane_large\Diseases\Yellow Leaf\Yellow Leaf667.jpg,Yellow Leaf Disease,10,Yellow Leaf Disease,10,0.9685
D:\CropDiseaseProject\sugarcane_large\Diseases\Yellow Leaf\Yellow Leaf1109.jpg,Yellow Leaf Disease,10,Yellow Leaf Disease,10,0.9839
D:\CropDiseaseProject\sugarcane_large\Diseases\Sett Rot\Sett Rot484.jpg,Sett Rot,8,Sett Rot,8,0.9999
D:\CropDiseaseProject\sugarcane_large\Diseases\Sett Rot\Sett Rot397.jpg,Sett Rot,8,Sett Rot,8,0.9999
