filename,folder,class_label,exclusion_reason,sha256_hash,details
Spot Leaf -  (1).jpeg,Spot Leaf,cerocospora,EVAL_SET_EXACT_COLLISION (Track B),4b64205883d1ace4b8caefffbaea17d134be71b8869d60d456828f16d80e375f,Exact SHA-256 match with Track B evaluation sample
Spot Leaf -  (1).jpg,Spot Leaf,cerocospora,EVAL_SET_EXACT_COLLISION (Track B),282d6b1e464055dc01ec66cdf31832f76d47e8dcd1989367f507d91d926aca74,Exact SHA-256 match with Track B evaluation sample
Spot Leaf -  (10).jpg,Spot Leaf,cerocospora,EVAL_SET_EXACT_COLLISION (Track B),f4e679eeaca9e9c73b45025f6d7fe40e53eb83f6ae6d836bc4de0f4b70ffb777,Exact SHA-256 match with Track B evaluation sample
Spot Leaf -  (100).jpg,Spot Leaf,cerocospora,EVAL_SET_EXACT_COLLISION (Track B),1288c10bcdf8290576e1b2b9a403df7bb0e39003d3ed6838561444a2ddeab311,Exact SHA-256 match with Track B evaluation sample
Spot Leaf -  (101).jpg,Spot Leaf,cerocospora,EVAL_SET_EXACT_COLLISION (Track B),1332eebfe4d1b9429ce8694c42e4e148f585bc9a44d7ce23f301d11fa52b1128,Exact SHA-256 match with Track B evaluation sample
Spot Leaf -  (102).jpg,Spot Leaf,cerocospora,EVAL_SET_EXACT_COLLISION (Track B),47f6d394001612ee4bdad37f0a35bf9ab12b92178c5abe99bfa674abf2cc3e27,Exact SHA-256 match with Track B evaluation sample
Spot Leaf -  (103).jpg,Spot Leaf,cerocospora,EVAL_SET_EXACT_COLLISION (Track B),1332eebfe4d1b9429ce8694c42e4e148f585bc9a44d7ce23f301d11fa52b1128,Exact SHA-256 match with Track B evaluation sample
Spot Leaf -  (104).jpg,Spot Leaf,cerocospora,EVAL_SET_EXACT_COLLISION (Track B),6f5849562738bb780917054107486db672a349265d934f104fa5989508332753,Exact SHA-256 match with Track B evaluation sample
Spot Leaf -  (105).jpg,Spot Leaf,cerocospora,EVAL_SET_EXACT_COLLISION (Track B),a9ea36192d94787b4ac7bc5a11a2164b08d4055f8b5260f2397d2c8876c06a46,Exact SHA-256 match with Track B evaluation sample
Spot Leaf -  (106).jpg,Spot Leaf,cerocospora,EVAL_SET_EXACT_COLLISION (Track B),410f00d804ac572593ab8756c24b9fde487d30e26b7367c0889f981562098558,Exact SHA-256 match with Track B evaluation sample
Spot Leaf -  (107).jpg,Spot Leaf,cerocospora,EVAL_SET_EXACT_COLLISION (Track B),410f00d804ac572593ab8756c24b9fde487d30e26b7367c0889f981562098558,Exact SHA-256 match with Track B evaluation sample
Spot Leaf -  (108).jpg,Spot Leaf,cerocospora,EVAL_SET_EXACT_COLLISION (Track B),2f9911cfd95e024096f341fcf20e95ec9c6cff604eb65e97e3736f32d4c7baf8,Exact SHA-256 match with Track B evaluation sample
Spot Leaf -  (109).jpg,Spot Leaf,cerocospora,EVAL_SET_EXACT_COLLISION (Track B),d4e0dd975dd9d9bd9c289b13c6df53c2e1b2a2596bea0df6ba22b7136eef46ba,Exact SHA-256 match with Track B evaluation sample
Spot Leaf -  (11).jpg,Spot Leaf,cerocospora,EVAL_SET_EXACT_COLLISION (Track B),ee5d7995fe83b7cd43a6147efd6210b98af64301282c65a0a706ac13a65f5d37,Exact SHA-256 match with Track B evaluation sample
Spot Leaf -  (110).jpg,Spot Leaf,cerocospora,EVAL_SET_EXACT_COLLISION (Track B),5909aa6b94a3643cdb2f705ee93b0d36420a3caef774891cd8f8dd3d75475b5b,Exact SHA-256 match with Track B evaluation sample
Spot Leaf -  (111).jpg,Spot Leaf,cerocospora,EVAL_SET_EXACT_COLLISION (Track B),03aae7e8d05df7ec878d98382522e769cabf8f226749f50da1fbe49b12fcde43,Exact SHA-256 match with Track B evaluation sample
Spot Leaf -  (112).jpg,Spot Leaf,cerocospora,EVAL_SET_EXACT_COLLISION (Track B),1e8627264601752258be1247cd7e185923924681c9623f19750de175b1bab3d7,Exact SHA-256 match with Track B evaluation sample
Spot Leaf -  (113).jpg,Spot Leaf,cerocospora,EVAL_SET_EXACT_COLLISION (Track B),bad66188daddc27e8881af1b9dbd3f542de311c2bb8e49faeef0518db3522cb2,Exact SHA-256 match with Track B evaluation sample
Spot Leaf -  (114).jpg,Spot Leaf,cerocospora,EVAL_SET_EXACT_COLLISION (Track B),ce540a62f95fa5f4d80eb807e5664b37db9cc50f2a6c82b404fd4b4dab132007,Exact SHA-256 match with Track B evaluation sample
Spot Leaf -  (115).jpg,Spot Leaf,cerocospora,EVAL_SET_EXACT_COLLISION (Track B),8cad694a0236d3990e6d7c806f4b2574521ee34b984837d29bf9771ba086ad5f,Exact SHA-256 match with Track B evaluation sample
Spot Leaf -  (116).jpg,Spot Leaf,cerocospora,EVAL_SET_EXACT_COLLISION (Track B),85bbdb58c2f55342465a23b214f93d2a44c453b79314201b81d1b5c9453553de,Exact SHA-256 match with Track B evaluation sample
Spot Leaf -  (117).jpg,Spot Leaf,cerocospora,EVAL_SET_EXACT_COLLISION (Track B),ee80aea326d99f3c4a11ec1ad0bb6456c1a0d4b9bec7fd497a2442ad97a4f909,Exact SHA-256 match with Track B evaluation sample
Spot Leaf -  (118).jpg,Spot Leaf,cerocospora,EVAL_SET_EXACT_COLLISION (Track B),ee80aea326d99f3c4a11ec1ad0bb6456c1a0d4b9bec7fd497a2442ad97a4f909,Exact SHA-256 match with Track B evaluation sample
Spot Leaf -  (119).jpg,Spot Leaf,cerocospora,EVAL_SET_EXACT_COLLISION (Track B),3c34275a873fa7d686508a8a139af149168e2a6a435ede5e5480653ad1c05106,Exact SHA-256 match with Track B evaluation sample
Spot Leaf -  (12).jpg,Spot Leaf,cerocospora,EVAL_SET_EXACT_COLLISION (Track B),ffd38a70000dd5961cae7386073af6799d15680a10aa584b157c19f0d7f30767,Exact SHA-256 match with Track B evaluation sample
Spot Leaf -  (120).jpg,Spot Leaf,cerocospora,EVAL_SET_EXACT_COLLISION (Track B),58a9d164a12f936483065dffef597e416cc5a4e2d78e040dd80a6894503be37b,Exact SHA-256 match with Track B evaluation sample
Spot Leaf -  (121).jpg,Spot Leaf,cerocospora,EVAL_SET_EXACT_COLLISION (Track B),0b788714489b6ec390d32fec366f4cb99c7d998b749c248b68f62adff8bfff31,Exact SHA-256 match with Track B evaluation sample
Spot Leaf -  (122).jpg,Spot Leaf,cerocospora,EVAL_SET_EXACT_COLLISION (Track B),58a9d164a12f936483065dffef597e416cc5a4e2d78e040dd80a6894503be37b,Exact SHA-256 match with Track B evaluation sample
Spot Leaf -  (123).jpg,Spot Leaf,cerocospora,EVAL_SET_EXACT_COLLISION (Track B),99666541df6673f455d895f73e6cf1649b1b3895dbc56cb7e971b5c3ade6576f,Exact SHA-256 match with Track B evaluation sample
Spot Leaf -  (124).jpg,Spot Leaf,cerocospora,EVAL_SET_EXACT_COLLISION (Track B),99666541df6673f455d895f73e6cf1649b1b3895dbc56cb7e971b5c3ade6576f,Exact SHA-256 match with Track B evaluation sample
Spot Leaf -  (125).jpg,Spot Leaf,cerocospora,EVAL_SET_EXACT_COLLISION (Track B),ff51ab8579e5218bd97d86076529ae9d3d63c311e3140d4330facf935386d85a,Exact SHA-256 match with Track B evaluation sample
Spot Leaf -  (126).jpg,Spot Leaf,cerocospora,EVAL_SET_EXACT_COLLISION (Track B),010f9cd99277e5ec412e895d3ea32c2cd1f6167f5b849fced750c6ee5e623162,Exact SHA-256 match with Track B evaluation sample
Spot Leaf -  (127).jpg,Spot Leaf,cerocospora,EVAL_SET_EXACT_COLLISION (Track B),61345d9abbd1660f6a53d2d51d2f189fd6f04a7d303c5c8a982a2ab2092d59b4,Exact SHA-256 match with Track B evaluation sample
Spot Leaf -  (128).jpg,Spot Leaf,cerocospora,EVAL_SET_EXACT_COLLISION (Track B),bc2edc5e2de26706b6908eb7300ac8f58a456c7d3f0ba25a7c9c97183ebcc652,Exact SHA-256 match with Track B evaluation sample
Spot Leaf -  (129).jpg,Spot Leaf,cerocospora,EVAL_SET_EXACT_COLLISION (Track B),a59c5514f682652ade3a26bb52aa34877da502756d8c5a7c6092a814fd1330e0,Exact SHA-256 match with Track B evaluation sample
Spot Leaf -  (134).jpg,Spot Leaf,cerocospora,EVAL_SET_EXACT_COLLISION (Track C),586eda4fe6225c735523c72179f460745d16a9aaba57a1341548166a12ed2e54,Exact SHA-256 match with Track C evaluation sample
Spot Leaf -  (135).jpg,Spot Leaf,cerocospora,EVAL_SET_EXACT_COLLISION (Track C),6b5538e4d4c82ea1ad61533f91858c99ff46dcdbefa6abeb8b12004e23acaa72,Exact SHA-256 match with Track C evaluation sample
Spot Leaf -  (136).jpg,Spot Leaf,cerocospora,EVAL_SET_EXACT_COLLISION (Track C),5979d270016437fbbd50ca3eefe0eff21bcdbc9605a5bc079ba98977a3e887fc,Exact SHA-256 match with Track C evaluation sample
Spot Leaf -  (137).jpg,Spot Leaf,cerocospora,EVAL_SET_EXACT_COLLISION (Track C),e6b71481c345feaaba448ecc7a2d7db31c13946e92382c5cd536354cdf637b9b,Exact SHA-256 match with Track C evaluation sample
Spot Leaf -  (138).jpg,Spot Leaf,cerocospora,EVAL_SET_EXACT_COLLISION (Track C),e6b71481c345feaaba448ecc7a2d7db31c13946e92382c5cd536354cdf637b9b,Exact SHA-256 match with Track C evaluation sample
Spot Leaf -  (139).jpg,Spot Leaf,cerocospora,EVAL_SET_EXACT_COLLISION (Track C),2af19e0e677fca97a975c8b37be22fe657fbbea8a9076d3229ad8cf0bc21167c,Exact SHA-256 match with Track C evaluation sample
Spot Leaf -  (14).jpg,Spot Leaf,cerocospora,EVAL_SET_EXACT_COLLISION (Track C),02392c08b19b97f49b090273e9c3435796aaf8217cac563ad9c2da01afbca8de,Exact SHA-256 match with Track C evaluation sample
Spot Leaf -  (140).jpg,Spot Leaf,cerocospora,EVAL_SET_EXACT_COLLISION (Track C),accce8fafe2ecc292d015443f9836a3df5545141a7b4dbe5a1f84cd2727d36fe,Exact SHA-256 match with Track C evaluation sample
Spot Leaf -  (141).jpg,Spot Leaf,cerocospora,EVAL_SET_EXACT_COLLISION (Track C),ac432f546eca6726829ecea0333e5bedd71b5216fa42c147060ff5e9d56eb69b,Exact SHA-256 match with Track C evaluation sample
Spot Leaf -  (142).jpg,Spot Leaf,cerocospora,EVAL_SET_EXACT_COLLISION (Track C),a9d17fdbe322b5adb009c33603a14c992fbaa15b805a048924e0508a648935bc,Exact SHA-256 match with Track C evaluation sample
Spot Leaf -  (143).jpg,Spot Leaf,cerocospora,EVAL_SET_EXACT_COLLISION (Track C),a9d17fdbe322b5adb009c33603a14c992fbaa15b805a048924e0508a648935bc,Exact SHA-256 match with Track C evaluation sample
Spot Leaf -  (144).jpg,Spot Leaf,cerocospora,EVAL_SET_EXACT_COLLISION (Track C),8560a810a0a70e9587dd6054f73a54e4acc373bf53538754a53a70d44214c2dc,Exact SHA-256 match with Track C evaluation sample
Spot Leaf -  (145).jpg,Spot Leaf,cerocospora,EVAL_SET_EXACT_COLLISION (Track C),ffa56d5857feba0edcfcbf8b82bd6df9f30d79923e73e48e6f590c077b23dfcf,Exact SHA-256 match with Track C evaluation sample
Spot Leaf -  (146).jpg,Spot Leaf,cerocospora,EVAL_SET_EXACT_COLLISION (Track C),e5c2eabe84354798dc5d47a1eb04de13dd332a00215afc03f10f65895d4db7f2,Exact SHA-256 match with Track C evaluation sample
Spot Leaf -  (147).jpg,Spot Leaf,cerocospora,EVAL_SET_EXACT_COLLISION (Track C),ffa56d5857feba0edcfcbf8b82bd6df9f30d79923e73e48e6f590c077b23dfcf,Exact SHA-256 match with Track C evaluation sample
Spot Leaf -  (148).jpg,Spot Leaf,cerocospora,EVAL_SET_EXACT_COLLISION (Track C),66c8c6aefb9eb34d6a927fc5bdc0c6b9652daeb519b5c04664bb9f2d79903801,Exact SHA-256 match with Track C evaluation sample
Spot Leaf -  (149).jpg,Spot Leaf,cerocospora,EVAL_SET_EXACT_COLLISION (Track C),d816af06ff6fd88476331d180044f24cad14f520dc9314f97088480bf6fe58c4,Exact SHA-256 match with Track C evaluation sample
Spot Leaf -  (15).jpg,Spot Leaf,cerocospora,EVAL_SET_EXACT_COLLISION (Track C),9f227086573e7cdb5cfc41c1da9516dfa13015e8099f784ba5bfc111edab2022,Exact SHA-256 match with Track C evaluation sample
Spot Leaf -  (150).jpg,Spot Leaf,cerocospora,EVAL_SET_EXACT_COLLISION (Track C),235ed01a1eace2f9aa10077a9392f0b094df6a1d51d7dc0ae1b80e79fd5da0fd,Exact SHA-256 match with Track C evaluation sample
Spot Leaf -  (151).jpg,Spot Leaf,cerocospora,EVAL_SET_EXACT_COLLISION (Track C),7c61330e1de912a242c87ebcb374fd71b1177f94e64112b540e1261e1f6ecec7,Exact SHA-256 match with Track C evaluation sample
Spot Leaf -  (152).jpg,Spot Leaf,cerocospora,EVAL_SET_EXACT_COLLISION (Track C),bbae253f345fad7f740e2665e208a7fd5c4acda125ab738a683bb7dd446a6bc8,Exact SHA-256 match with Track C evaluation sample
Spot Leaf -  (153).jpg,Spot Leaf,cerocospora,EVAL_SET_EXACT_COLLISION (Track C),5722dd64ef7d26ec079f8ca26a56a17b22b51184deeb78887596727d103cee66,Exact SHA-256 match with Track C evaluation sample
Spot Leaf -  (154).jpg,Spot Leaf,cerocospora,EVAL_SET_EXACT_COLLISION (Track C),831a13b20cbf35f78dd1c082ccabfc56cbc45e494dec8fc78e771bb571b71034,Exact SHA-256 match with Track C evaluation sample
Spot Leaf -  (196).JPG,Spot Leaf,cerocospora,INTERNAL_DATASET_DUPLICATE,bb92fd6d9c881257650a8cc12b735030742b00b11e2cef9d40c5f37bfbbb1627,Identical SHA-256 to earlier Ulfa image file
Spot Leaf -  (200).JPG,Spot Leaf,cerocospora,INTERNAL_DATASET_DUPLICATE,27a165c31113512943ad0d669d6fbb785a1f3afc00b04ff055be191f5afdb4d9,Identical SHA-256 to earlier Ulfa image file
Spot Leaf -  (203).JPG,Spot Leaf,cerocospora,INTERNAL_DATASET_DUPLICATE,71ff4f77469467abeee34c5cf7e5357eef464d214b6c0af9d03917267663e6df,Identical SHA-256 to earlier Ulfa image file
Spot Leaf -  (205).JPG,Spot Leaf,cerocospora,INTERNAL_DATASET_DUPLICATE,90c55260ecde4b507361b064df7d1403a6204a2699ca768a3f0a8a2a56440a18,Identical SHA-256 to earlier Ulfa image file
Spot Leaf -  (207).JPG,Spot Leaf,cerocospora,INTERNAL_DATASET_DUPLICATE,49f9e095f01727eaf90e7d461e65a3fcd646524d59c0e0ab20e45235eb5f9809,Identical SHA-256 to earlier Ulfa image file
Spot Leaf -  (209).JPG,Spot Leaf,cerocospora,INTERNAL_DATASET_DUPLICATE,6e1cada5dab6823ba61e3a3a5c29c69b682e4d72fe4e018611d451a549f1e720,Identical SHA-256 to earlier Ulfa image file
Spot Leaf -  (213).JPG,Spot Leaf,cerocospora,INTERNAL_DATASET_DUPLICATE,e43f88009e1530178aede28efbc808c016b2eedc788867095ccf00e0e3a62d3c,Identical SHA-256 to earlier Ulfa image file
Spot Leaf -  (216).JPG,Spot Leaf,cerocospora,INTERNAL_DATASET_DUPLICATE,25164af9d53174de237eeb19a496faff43a8d2ceed204cf7c22b1acbce41531d,Identical SHA-256 to earlier Ulfa image file
Spot Leaf -  (218).JPG,Spot Leaf,cerocospora,INTERNAL_DATASET_DUPLICATE,ddc0c3e3bfb8d8115f0a203cb660755655e24bf902906dbd790e6b1dcf3b45ad,Identical SHA-256 to earlier Ulfa image file
Spot Leaf -  (219).JPG,Spot Leaf,cerocospora,INTERNAL_DATASET_DUPLICATE,7f633a8e9f4a72e568d51c4afd1449fb34d82ace56480d8cf1a1413c1d3fbdbe,Identical SHA-256 to earlier Ulfa image file
Spot Leaf -  (22).jpg,Spot Leaf,cerocospora,EVAL_SET_NEAR_DUPLICATE,65b2cd610c263f2275f718107419991f0d8ea208050e29d439b6452a3fe31b65,dHash Hamming distance 1 <= 5 to eval image: results\model_robustness_audit\audit_images\track_c_realworld\chilli\cerocospora\ulfa_field_Spot_Leaf_-___139_.jpg
Spot Leaf -  (220).JPG,Spot Leaf,cerocospora,INTERNAL_DATASET_DUPLICATE,ffcbf362213b3d2db54e2612ed40475b9911485d8092964ce19d547adefe1b1d,Identical SHA-256 to earlier Ulfa image file
Spot Leaf -  (226).JPG,Spot Leaf,cerocospora,INTERNAL_DATASET_DUPLICATE,22d58f41f870aea43b9985dec150c11151e440aacdbedd29685bad1aa6d38312,Identical SHA-256 to earlier Ulfa image file
Spot Leaf -  (228).JPG,Spot Leaf,cerocospora,INTERNAL_DATASET_DUPLICATE,6ccfc56837a804843d975a9d883478adad9d64a45f33c2ce2b524f7ca7f72c48,Identical SHA-256 to earlier Ulfa image file
Spot Leaf -  (229).JPG,Spot Leaf,cerocospora,INTERNAL_DATASET_DUPLICATE,7ff68e7a5bc2a2de2d2aa048baaf9d3333041e8b30847284c9d5ff2bcae8c405,Identical SHA-256 to earlier Ulfa image file
Spot Leaf -  (230).JPG,Spot Leaf,cerocospora,INTERNAL_DATASET_DUPLICATE,412368f7f9d24979943abca9233ce550850271718b5e3968a285c000a4d29fd5,Identical SHA-256 to earlier Ulfa image file
Spot Leaf -  (232).JPG,Spot Leaf,cerocospora,INTERNAL_DATASET_DUPLICATE,863cdd29af2754dd0e6aafd87b83f304da7e9f03b61f8ecc267c786ebb2203c2,Identical SHA-256 to earlier Ulfa image file
Spot Leaf -  (234).JPG,Spot Leaf,cerocospora,INTERNAL_DATASET_DUPLICATE,f4f5b5227f459965fdc14c969f6224b0a99acb46bbf91c787b0d27d52bdaf4e3,Identical SHA-256 to earlier Ulfa image file
Spot Leaf -  (235).JPG,Spot Leaf,cerocospora,INTERNAL_DATASET_DUPLICATE,c99dcc56d905c2da1fdd26b9a3e53e42a0251b54c467be5741a6811015de9178,Identical SHA-256 to earlier Ulfa image file
Spot Leaf -  (237).JPG,Spot Leaf,cerocospora,INTERNAL_DATASET_DUPLICATE,eda1970e0dd70cedf6b4083cb64446be8ea3216b94fa6e713885351d003c510e,Identical SHA-256 to earlier Ulfa image file
Spot Leaf -  (239).JPG,Spot Leaf,cerocospora,INTERNAL_DATASET_DUPLICATE,250770bba27de9c6d85f528efcdc0733428c99f3d97af4647e9415dedcfd5783,Identical SHA-256 to earlier Ulfa image file
Spot Leaf -  (241).JPG,Spot Leaf,cerocospora,INTERNAL_DATASET_DUPLICATE,c455be883723988eb777658e268391f7f3e188560586229f7faa28a5425e12a5,Identical SHA-256 to earlier Ulfa image file
Spot Leaf -  (242).JPG,Spot Leaf,cerocospora,INTERNAL_DATASET_DUPLICATE,31dcda21359ef2e4fdd39cf332eebc2f905442818efbf8e6d5eec3b5406f179b,Identical SHA-256 to earlier Ulfa image file
Spot Leaf -  (244).JPG,Spot Leaf,cerocospora,INTERNAL_DATASET_DUPLICATE,f2e4555566068e77c594247d7b02bd032b8f525d61bdabd824522bedcb44acd6,Identical SHA-256 to earlier Ulfa image file
Spot Leaf -  (246).JPG,Spot Leaf,cerocospora,INTERNAL_DATASET_DUPLICATE,50af1f2356fe2de1ed552f9fe79840a433a1b7092acef10e073737155599a36d,Identical SHA-256 to earlier Ulfa image file
Spot Leaf -  (249).JPG,Spot Leaf,cerocospora,INTERNAL_DATASET_DUPLICATE,e2c250041dfcc3571c5894357dfeb9273348872d07af4fb0e3827af631b9e3da,Identical SHA-256 to earlier Ulfa image file
Spot Leaf -  (251).JPG,Spot Leaf,cerocospora,INTERNAL_DATASET_DUPLICATE,dd803207ed8880b613defbc187eb50a32127eb961d62ad3d53cc695703cfe5e6,Identical SHA-256 to earlier Ulfa image file
Spot Leaf -  (253).JPG,Spot Leaf,cerocospora,INTERNAL_DATASET_DUPLICATE,472790ee0acbacf5dd52e0b1ccbcaffc719c9b05cc472246a0a818c06791e4de,Identical SHA-256 to earlier Ulfa image file
Spot Leaf -  (255).JPG,Spot Leaf,cerocospora,INTERNAL_DATASET_DUPLICATE,bff5a0bc3b4507356e0db50489ed0be8af1a861b9bcec35135ce91f4aee0ab50,Identical SHA-256 to earlier Ulfa image file
Spot Leaf -  (256).JPG,Spot Leaf,cerocospora,INTERNAL_DATASET_DUPLICATE,169f124b44fb68af2c6936b4e295aae51bc8f896ed988cf3737091cd16ec9695,Identical SHA-256 to earlier Ulfa image file
Spot Leaf -  (258).JPG,Spot Leaf,cerocospora,INTERNAL_DATASET_DUPLICATE,8d450fbb7e609651bc06fd4d2eacd5d5706fb485fb4fb231b003bb781cfec07c,Identical SHA-256 to earlier Ulfa image file
Spot Leaf -  (259).JPG,Spot Leaf,cerocospora,INTERNAL_DATASET_DUPLICATE,d34f8f9aa85ed996457cdfc79499137baf7d29a6a20104b159237a079025e21b,Identical SHA-256 to earlier Ulfa image file
Spot Leaf -  (263).JPG,Spot Leaf,cerocospora,INTERNAL_DATASET_DUPLICATE,417657db49faaee148fc62f154b14defc201aafb86ed5b4a35be8280f763a1ab,Identical SHA-256 to earlier Ulfa image file
Spot Leaf -  (264).JPG,Spot Leaf,cerocospora,INTERNAL_DATASET_DUPLICATE,9cb95daa1ef385765e1272cba4a8bb42bd3578854a4a1668513fb2a33425ffae,Identical SHA-256 to earlier Ulfa image file
Spot Leaf -  (266).JPG,Spot Leaf,cerocospora,INTERNAL_DATASET_DUPLICATE,0261c9eba3fb797c06fafbc97c1df5a41d4d0fecaf749024847e29e8d7ac42aa,Identical SHA-256 to earlier Ulfa image file
Spot Leaf -  (267).JPG,Spot Leaf,cerocospora,INTERNAL_DATASET_DUPLICATE,9f7a9ec05dd36cae63efa30b066456527dc20350bf356683a892f6deb2370f38,Identical SHA-256 to earlier Ulfa image file
Spot Leaf -  (268).JPG,Spot Leaf,cerocospora,INTERNAL_DATASET_DUPLICATE,f23751a460556a87afc8342bcbff5cd3ae3744388a5c3a6e3e723052e3a422ec,Identical SHA-256 to earlier Ulfa image file
Spot Leaf -  (270).JPG,Spot Leaf,cerocospora,INTERNAL_DATASET_DUPLICATE,36232ff9d5d429614ae2da8fe164f928e647353f35f87c545fef5531c7c731cb,Identical SHA-256 to earlier Ulfa image file
Spot Leaf -  (271).JPG,Spot Leaf,cerocospora,INTERNAL_DATASET_DUPLICATE,5cfc8951db8c5a951c8c8f7dfa84385a60a794c043a315e8f00eecfcfaed685c,Identical SHA-256 to earlier Ulfa image file
Spot Leaf -  (272).JPG,Spot Leaf,cerocospora,INTERNAL_DATASET_DUPLICATE,738818b41b6a6ef72d4d84932e497cc8e9fe6db07b157377b7342cbda465798e,Identical SHA-256 to earlier Ulfa image file
Spot Leaf -  (274).JPG,Spot Leaf,cerocospora,INTERNAL_DATASET_DUPLICATE,a9468d248451314b1258c43afa9ad4a9db94da358b9f62de4a37e400333a4d17,Identical SHA-256 to earlier Ulfa image file
Spot Leaf -  (276).JPG,Spot Leaf,cerocospora,INTERNAL_DATASET_DUPLICATE,ea8fdcd888d295540beb55e4ddaf1e382ee358f214e2251fb917e165f85c3a31,Identical SHA-256 to earlier Ulfa image file
Spot Leaf -  (278).JPG,Spot Leaf,cerocospora,INTERNAL_DATASET_DUPLICATE,ad0751e41d2f84d396b85f484cc0c51d4e152c6610063214b88248046d86b261,Identical SHA-256 to earlier Ulfa image file
Spot Leaf -  (280).JPG,Spot Leaf,cerocospora,INTERNAL_DATASET_DUPLICATE,7f0096ed916458d331547bc9dc153eb160ebb34875aff2b51a9b1975f7762928,Identical SHA-256 to earlier Ulfa image file
Spot Leaf -  (282).JPG,Spot Leaf,cerocospora,INTERNAL_DATASET_DUPLICATE,83b405787eebd788fee0d00b3572ea5598282a2bf1940eeed1223fe9a319bbaa,Identical SHA-256 to earlier Ulfa image file
Spot Leaf -  (284).JPG,Spot Leaf,cerocospora,INTERNAL_DATASET_DUPLICATE,df5cfaa60a9cd5ea39822b6613fbf08e53b971b739056d530d8e880249cd9095,Identical SHA-256 to earlier Ulfa image file
Spot Leaf -  (286).jpg,Spot Leaf,cerocospora,INTERNAL_DATASET_DUPLICATE,1e07a08aa3adf464d66e4c752a558ef9f198ec51c07a165f3d3cf6e945581167,Identical SHA-256 to earlier Ulfa image file
Spot Leaf -  (293).jpg,Spot Leaf,cerocospora,INTERNAL_DATASET_DUPLICATE,bd5f92ad6ad58b47042c0e03e31cd09a35b270dda008ee3fa5f372d241b05279,Identical SHA-256 to earlier Ulfa image file
Spot Leaf -  (295).jpg,Spot Leaf,cerocospora,EVAL_SET_NEAR_DUPLICATE,f87431cf16660c53f56303e2ff6ce166ab5965eac833e53a037f56936ec9567e,dHash Hamming distance 1 <= 5 to eval image: results\model_robustness_audit\audit_images\track_b_external\chilli\cerocospora\ulfa_Spot_Leaf_-___104_.jpg
Spot Leaf -  (304).jpg,Spot Leaf,cerocospora,INTERNAL_DATASET_DUPLICATE,c581cba96e471bdaf01de6c94ec7d77da565aa463e541d6694ff67f995583bce,Identical SHA-256 to earlier Ulfa image file
Spot Leaf -  (309).jpg,Spot Leaf,cerocospora,INTERNAL_DATASET_DUPLICATE,1a0174672a642602f0c42400851361cce3ce342f0c630ce7073787be5d422521,Identical SHA-256 to earlier Ulfa image file
Spot Leaf -  (312).jpg,Spot Leaf,cerocospora,INTERNAL_DATASET_DUPLICATE,daab165f0d3bcefdef5747655a157acf79f3a6b67cfcdad43c4a1a28c665c124,Identical SHA-256 to earlier Ulfa image file
Spot Leaf -  (318).jpg,Spot Leaf,cerocospora,INTERNAL_DATASET_DUPLICATE,d2ee15e6d5f3bc9effe8ffd3174c263eea1a07bf68341e94d15f99732c0ffc96,Identical SHA-256 to earlier Ulfa image file
Spot Leaf -  (323).jpg,Spot Leaf,cerocospora,EVAL_SET_NEAR_DUPLICATE,c4672797465fc3bea146622f17e00f49c79e14d2fd676322f989e699e06db8c5,dHash Hamming distance 1 <= 5 to eval image: results\model_robustness_audit\audit_images\track_c_realworld\chilli\cerocospora\ulfa_field_Spot_Leaf_-___141_.jpg
Spot Leaf -  (324).jpg,Spot Leaf,cerocospora,INTERNAL_DATASET_DUPLICATE,c4672797465fc3bea146622f17e00f49c79e14d2fd676322f989e699e06db8c5,Identical SHA-256 to earlier Ulfa image file
Spot Leaf -  (325).jpg,Spot Leaf,cerocospora,EVAL_SET_NEAR_DUPLICATE,860f5b245c916d6de9197b388c96fcf6767b25327c187457b87d6966534325b2,dHash Hamming distance 1 <= 5 to eval image: results\model_robustness_audit\audit_images\track_c_realworld\chilli\cerocospora\ulfa_field_Spot_Leaf_-___142_.jpg
Spot Leaf -  (329).jpg,Spot Leaf,cerocospora,INTERNAL_DATASET_DUPLICATE,a01a1196d680c26c8cf2a81f415e8cb8e4252cb8e10059655d3d847cd6b1633d,Identical SHA-256 to earlier Ulfa image file
Spot Leaf -  (334).jpg,Spot Leaf,cerocospora,INTERNAL_DATASET_DUPLICATE,c789c4496b7e22e3e23972e1b6a4d9ff3860c7703d4c0807ed29e47c34911a3f,Identical SHA-256 to earlier Ulfa image file
Spot Leaf -  (338).jpg,Spot Leaf,cerocospora,INTERNAL_DATASET_DUPLICATE,f51739bd0ae4cad3adff0d0944295fd7d9a6bc50589ccb2b235c273ffb3e817b,Identical SHA-256 to earlier Ulfa image file
Spot Leaf -  (342).jpg,Spot Leaf,cerocospora,EVAL_SET_NEAR_DUPLICATE,2307c48178fc68947a4e8fa076ecd7c320951a482885f45f55dd0b9460ef987e,dHash Hamming distance 0 <= 5 to eval image: results\model_robustness_audit\audit_images\track_b_external\chilli\cerocospora\ulfa_Spot_Leaf_-___10_.jpg
Spot Leaf -  (344).jpg,Spot Leaf,cerocospora,INTERNAL_DATASET_DUPLICATE,2307c48178fc68947a4e8fa076ecd7c320951a482885f45f55dd0b9460ef987e,Identical SHA-256 to earlier Ulfa image file
Spot Leaf -  (346).jpg,Spot Leaf,cerocospora,INTERNAL_DATASET_DUPLICATE,43a55fc7bcf047558f65df3d84160faad1aa24db4979519a5e96f107580b8e76,Identical SHA-256 to earlier Ulfa image file
Spot Leaf -  (350).jpg,Spot Leaf,cerocospora,INTERNAL_DATASET_DUPLICATE,c104ce3fdcb8020cfccfe6371785e8388c07bb9a6d470f0033bb4c9731cfa0f1,Identical SHA-256 to earlier Ulfa image file
Spot Leaf -  (352).jpg,Spot Leaf,cerocospora,INTERNAL_DATASET_DUPLICATE,f4b3a5d287879363b6d5d818d9800dd09528b25cd1ebefaf4f7d4ba2b53263ef,Identical SHA-256 to earlier Ulfa image file
Spot Leaf -  (356).jpg,Spot Leaf,cerocospora,INTERNAL_DATASET_DUPLICATE,6a2b28f30a688c7da8af5da43d6148f49fce1489afc3f7facbc1e2e8588f600d,Identical SHA-256 to earlier Ulfa image file
Spot Leaf -  (36).jpg,Spot Leaf,cerocospora,INTERNAL_DATASET_DUPLICATE,1187f0badeb36a859b4f75664686984657dee19983afcd25d1b786fe95afec76,Identical SHA-256 to earlier Ulfa image file
Spot Leaf -  (363).jpg,Spot Leaf,cerocospora,INTERNAL_DATASET_DUPLICATE,fabc498abe2d941775b6e7df04ba4c0813ed98f33d100d15b30b19f852f10db8,Identical SHA-256 to earlier Ulfa image file
Spot Leaf -  (369).jpg,Spot Leaf,cerocospora,INTERNAL_DATASET_DUPLICATE,d928457ddb0d12ef9653c4e78a3e89efb87811bfd0635dc9522015716b5afac9,Identical SHA-256 to earlier Ulfa image file
Spot Leaf -  (373).jpg,Spot Leaf,cerocospora,INTERNAL_DATASET_DUPLICATE,caba07578f7a64f53aaeece049a4182d99b3e4908ecfa53d41e0e1bb2be869bd,Identical SHA-256 to earlier Ulfa image file
Spot Leaf -  (377).jpg,Spot Leaf,cerocospora,INTERNAL_DATASET_DUPLICATE,3949e116f0bebffe0120af98ec83291607082d7cfb48cdfcb0bba506102632c2,Identical SHA-256 to earlier Ulfa image file
Spot Leaf -  (379).jpg,Spot Leaf,cerocospora,EVAL_SET_NEAR_DUPLICATE,82bdb367289dca1ac54153a8bd1ad4d9c71df623945ae019c073a7d57b67adb5,dHash Hamming distance 4 <= 5 to eval image: results\model_robustness_audit\audit_images\track_c_realworld\chilli\cerocospora\ulfa_field_Spot_Leaf_-___136_.jpg
Spot Leaf -  (380).jpg,Spot Leaf,cerocospora,INTERNAL_DATASET_DUPLICATE,c9867f08cc8b784beb021f705ebeb4924e360db27dae144c58235bf12e9253fa,Identical SHA-256 to earlier Ulfa image file
Spot Leaf -  (382).jpg,Spot Leaf,cerocospora,EVAL_SET_EXACT_COLLISION (Track C),586eda4fe6225c735523c72179f460745d16a9aaba57a1341548166a12ed2e54,Exact SHA-256 match with Track C evaluation sample
Spot Leaf -  (387).jpg,Spot Leaf,cerocospora,EVAL_SET_NEAR_DUPLICATE,e8a439062f5182937d3ed8149f05e309bce447ae330bc977cec02f2d6f86d273,dHash Hamming distance 0 <= 5 to eval image: results\model_robustness_audit\audit_images\track_b_external\chilli\cerocospora\ulfa_Spot_Leaf_-___1_.jpg
Spot Leaf -  (39).jpg,Spot Leaf,cerocospora,INTERNAL_DATASET_DUPLICATE,8d24f8bcd90648717671b903536359f6a3616d11c5d1d86df00c2707120dc96a,Identical SHA-256 to earlier Ulfa image file
Spot Leaf -  (393).jpg,Spot Leaf,cerocospora,INTERNAL_DATASET_DUPLICATE,eae46f22a5530b44d937d29f44abd31abba4c5b000b15ef311b33bc65c82c1a7,Identical SHA-256 to earlier Ulfa image file
Spot Leaf -  (395).jpg,Spot Leaf,cerocospora,INTERNAL_DATASET_DUPLICATE,24e0cb6e39bff54567c8e588e167dcef0bdcf5ae076f231c4ce94098980f0ff7,Identical SHA-256 to earlier Ulfa image file
Spot Leaf -  (401).jpg,Spot Leaf,cerocospora,EVAL_SET_EXACT_COLLISION (Track B),010f9cd99277e5ec412e895d3ea32c2cd1f6167f5b849fced750c6ee5e623162,Exact SHA-256 match with Track B evaluation sample
Spot Leaf -  (402).jpg,Spot Leaf,cerocospora,EVAL_SET_EXACT_COLLISION (Track B),61345d9abbd1660f6a53d2d51d2f189fd6f04a7d303c5c8a982a2ab2092d59b4,Exact SHA-256 match with Track B evaluation sample
Spot Leaf -  (403).jpg,Spot Leaf,cerocospora,EVAL_SET_EXACT_COLLISION (Track B),bc2edc5e2de26706b6908eb7300ac8f58a456c7d3f0ba25a7c9c97183ebcc652,Exact SHA-256 match with Track B evaluation sample
Spot Leaf -  (404).jpg,Spot Leaf,cerocospora,EVAL_SET_EXACT_COLLISION (Track B),ff51ab8579e5218bd97d86076529ae9d3d63c311e3140d4330facf935386d85a,Exact SHA-256 match with Track B evaluation sample
Spot Leaf -  (405).jpg,Spot Leaf,cerocospora,INTERNAL_DATASET_DUPLICATE,26812142cedffe8d350d847dca44d89cc41462829c45827750c483184c3b59ae,Identical SHA-256 to earlier Ulfa image file
Spot Leaf -  (406).jpg,Spot Leaf,cerocospora,EVAL_SET_EXACT_COLLISION (Track B),a59c5514f682652ade3a26bb52aa34877da502756d8c5a7c6092a814fd1330e0,Exact SHA-256 match with Track B evaluation sample
Spot Leaf -  (407).jpg,Spot Leaf,cerocospora,INTERNAL_DATASET_DUPLICATE,26812142cedffe8d350d847dca44d89cc41462829c45827750c483184c3b59ae,Identical SHA-256 to earlier Ulfa image file
Spot Leaf -  (412).jpg,Spot Leaf,cerocospora,INTERNAL_DATASET_DUPLICATE,4ccf6442f330d493726bb8ec2221f1e33143a9e06348cce9fd378d48a41f66ab,Identical SHA-256 to earlier Ulfa image file
Spot Leaf -  (413).jpg,Spot Leaf,cerocospora,INTERNAL_DATASET_DUPLICATE,3aa68ad5cd999d6c140217d9ca71789daa0ca366b7b1ec688843e3a89968947f,Identical SHA-256 to earlier Ulfa image file
Spot Leaf -  (415).jpg,Spot Leaf,cerocospora,INTERNAL_DATASET_DUPLICATE,9ea09e0f0a4a26a6dcd7a5374b9528bfb3c821cdbf8c283c97a29ebedbb4aa4b,Identical SHA-256 to earlier Ulfa image file
Spot Leaf -  (416).jpg,Spot Leaf,cerocospora,INTERNAL_DATASET_DUPLICATE,f4787650adc6dc78c0208691a63e80a4ee292fbed0bfac1ba87127ac8c1aa932,Identical SHA-256 to earlier Ulfa image file
Spot Leaf -  (417).jpg,Spot Leaf,cerocospora,INTERNAL_DATASET_DUPLICATE,9ea09e0f0a4a26a6dcd7a5374b9528bfb3c821cdbf8c283c97a29ebedbb4aa4b,Identical SHA-256 to earlier Ulfa image file
Spot Leaf -  (418).jpg,Spot Leaf,cerocospora,INTERNAL_DATASET_DUPLICATE,84455183bf1a1bc1fcff7534ef64728089ee66e3cb4fd31f4c7e65698b19120b,Identical SHA-256 to earlier Ulfa image file
Spot Leaf -  (425).jpg,Spot Leaf,cerocospora,INTERNAL_DATASET_DUPLICATE,91834611848d0783cf8d8f882aae187500fdd5034ccd60962aa591c986939b63,Identical SHA-256 to earlier Ulfa image file
Spot Leaf -  (438).jpg,Spot Leaf,cerocospora,INTERNAL_DATASET_DUPLICATE,2295fdee51c4760a110a0dbe7dc024c4b1be40121f87aea50c5b2ad0ecae22ff,Identical SHA-256 to earlier Ulfa image file
Spot Leaf -  (441).jpg,Spot Leaf,cerocospora,INTERNAL_DATASET_DUPLICATE,0c9d229660d18bfec8bc077ccde0ca31c54ff81bb63b246237b22760139f6491,Identical SHA-256 to earlier Ulfa image file
Spot Leaf -  (444).jpg,Spot Leaf,cerocospora,EVAL_SET_EXACT_COLLISION (Track B),410f00d804ac572593ab8756c24b9fde487d30e26b7367c0889f981562098558,Exact SHA-256 match with Track B evaluation sample
Spot Leaf -  (445).jpg,Spot Leaf,cerocospora,EVAL_SET_EXACT_COLLISION (Track B),2f9911cfd95e024096f341fcf20e95ec9c6cff604eb65e97e3736f32d4c7baf8,Exact SHA-256 match with Track B evaluation sample
Spot Leaf -  (447).jpg,Spot Leaf,cerocospora,EVAL_SET_EXACT_COLLISION (Track B),8cad694a0236d3990e6d7c806f4b2574521ee34b984837d29bf9771ba086ad5f,Exact SHA-256 match with Track B evaluation sample
Spot Leaf -  (448).jpg,Spot Leaf,cerocospora,EVAL_SET_EXACT_COLLISION (Track B),ce540a62f95fa5f4d80eb807e5664b37db9cc50f2a6c82b404fd4b4dab132007,Exact SHA-256 match with Track B evaluation sample
Spot Leaf -  (450).jpg,Spot Leaf,cerocospora,EVAL_SET_EXACT_COLLISION (Track B),bad66188daddc27e8881af1b9dbd3f542de311c2bb8e49faeef0518db3522cb2,Exact SHA-256 match with Track B evaluation sample
Spot Leaf -  (454).jpg,Spot Leaf,cerocospora,INTERNAL_DATASET_DUPLICATE,f7981bf4f83d9a0238ececba79140310294e3a035b82f3abfce552ca37568296,Identical SHA-256 to earlier Ulfa image file
Spot Leaf -  (455).jpg,Spot Leaf,cerocospora,EVAL_SET_EXACT_COLLISION (Track C),2af19e0e677fca97a975c8b37be22fe657fbbea8a9076d3229ad8cf0bc21167c,Exact SHA-256 match with Track C evaluation sample
Spot Leaf -  (456).jpg,Spot Leaf,cerocospora,EVAL_SET_EXACT_COLLISION (Track C),accce8fafe2ecc292d015443f9836a3df5545141a7b4dbe5a1f84cd2727d36fe,Exact SHA-256 match with Track C evaluation sample
Spot Leaf -  (46).jpg,Spot Leaf,cerocospora,INTERNAL_DATASET_DUPLICATE,d5893b0d99e5d55e34d51bbfd30c4cbf22885fe82cb56faa7b8a3414a6565e27,Identical SHA-256 to earlier Ulfa image file
Spot Leaf -  (460).jpg,Spot Leaf,cerocospora,INTERNAL_DATASET_DUPLICATE,fdbd36924aa6b8168b119bfea2d002640c9ed47774aad4fedd2694d5184f0fef,Identical SHA-256 to earlier Ulfa image file
Spot Leaf -  (47).jpg,Spot Leaf,cerocospora,EVAL_SET_NEAR_DUPLICATE,7452894bcb55dadbd14b81fad667c0fb0d67d39ffe8dee479064f16629eb90f1,dHash Hamming distance 0 <= 5 to eval image: results\model_robustness_audit\audit_images\track_b_external\chilli\cerocospora\ulfa_Spot_Leaf_-___12_.jpg
Spot Leaf -  (472).jpg,Spot Leaf,cerocospora,INTERNAL_DATASET_DUPLICATE,3e21d4e30e9fddd8b5364df289e473b658629f5a583e36f247d912c40b2bff36,Identical SHA-256 to earlier Ulfa image file
Spot Leaf -  (476).jpg,Spot Leaf,cerocospora,INTERNAL_DATASET_DUPLICATE,d89b81baf26b56e8e2667498e26b0af08091ba6a11376fd4b98c5362e330f4f5,Identical SHA-256 to earlier Ulfa image file
Spot Leaf -  (48).jpg,Spot Leaf,cerocospora,INTERNAL_DATASET_DUPLICATE,7452894bcb55dadbd14b81fad667c0fb0d67d39ffe8dee479064f16629eb90f1,Identical SHA-256 to earlier Ulfa image file
Spot Leaf -  (484).jpg,Spot Leaf,cerocospora,INTERNAL_DATASET_DUPLICATE,abb40d7561a0ad9cf416bd06773c82e10ee637bced23f9280c50679541c6ade6,Identical SHA-256 to earlier Ulfa image file
Spot Leaf -  (488).jpg,Spot Leaf,cerocospora,INTERNAL_DATASET_DUPLICATE,953de14042cf77ff383b627ff63fe1cfe2870d9d284c0ece3eab3d8b39967776,Identical SHA-256 to earlier Ulfa image file
Spot Leaf -  (495).jpg,Spot Leaf,cerocospora,INTERNAL_DATASET_DUPLICATE,c3a4d6f92a36cf7c4f150e1379f5ebc53a76480c48560f24c1d94acc67b76b5c,Identical SHA-256 to earlier Ulfa image file
Spot Leaf -  (499).jpg,Spot Leaf,cerocospora,INTERNAL_DATASET_DUPLICATE,b224e019d8db7fb3429a5b9aedd4178dd2e0f514a56ff75a061b23a7f303304b,Identical SHA-256 to earlier Ulfa image file
Spot Leaf -  (502).jpg,Spot Leaf,cerocospora,INTERNAL_DATASET_DUPLICATE,9cb87c2ced5005b5aa4af5fea324568e6c769db6db3002d99bcd750e8dea274e,Identical SHA-256 to earlier Ulfa image file
Spot Leaf -  (506).jpg,Spot Leaf,cerocospora,INTERNAL_DATASET_DUPLICATE,633443c1608dba0e2360c14ff9464f016718e087c69cd6cd4048feffbe5cc06e,Identical SHA-256 to earlier Ulfa image file
Spot Leaf -  (511).jpg,Spot Leaf,cerocospora,INTERNAL_DATASET_DUPLICATE,0f85571ffa842bc697e6844ddd5ca1d20fddcb06e7bb9a33fbeaed2596278e35,Identical SHA-256 to earlier Ulfa image file
Spot Leaf -  (515).jpg,Spot Leaf,cerocospora,INTERNAL_DATASET_DUPLICATE,49b10d69cfec7df969eda435c3c695c1c5f7aa2ed4e9a3d1f5d00f4d9b4cff36,Identical SHA-256 to earlier Ulfa image file
Spot Leaf -  (519).jpg,Spot Leaf,cerocospora,INTERNAL_DATASET_DUPLICATE,9ced57f7af9c1458165261b0f4e57305fc0d24ac774e4f936208b71c830e898a,Identical SHA-256 to earlier Ulfa image file
Spot Leaf -  (525).jpg,Spot Leaf,cerocospora,INTERNAL_DATASET_DUPLICATE,660a0577c1316d4474ea53b68f27468f12e3ba6d8a8f461f65103f85f3498617,Identical SHA-256 to earlier Ulfa image file
Spot Leaf -  (529).jpg,Spot Leaf,cerocospora,INTERNAL_DATASET_DUPLICATE,604916c5c4fc9523d109173f4faf4c4b240c17e16828d94fb90e2b61c8925b0d,Identical SHA-256 to earlier Ulfa image file
Spot Leaf -  (534).jpg,Spot Leaf,cerocospora,INTERNAL_DATASET_DUPLICATE,e4544e158fee12d83543539bbf6dd97a0da3d316a61a8db12f7d86b12b62209e,Identical SHA-256 to earlier Ulfa image file
Spot Leaf -  (538).jpg,Spot Leaf,cerocospora,INTERNAL_DATASET_DUPLICATE,623a1797e05f109ec1bbbf374619511666bd882c158071fb31e88e9c0c84eaf7,Identical SHA-256 to earlier Ulfa image file
Spot Leaf -  (541).jpg,Spot Leaf,cerocospora,INTERNAL_DATASET_DUPLICATE,94b6d8f39a0b9eebb090bb80a5d5739533c08468462f441a0520425b12b0a8d5,Identical SHA-256 to earlier Ulfa image file
Spot Leaf -  (563).jpg,Spot Leaf,cerocospora,INTERNAL_DATASET_DUPLICATE,ccc752e98ebf2662a1d464061d70c71ec6290d51ac4202623012f86d3dc415f6,Identical SHA-256 to earlier Ulfa image file
Spot Leaf -  (566).jpg,Spot Leaf,cerocospora,INTERNAL_DATASET_DUPLICATE,3486487c31877033e3774f36a467b43c18eb67de95826f70b2daf64a73e3abb1,Identical SHA-256 to earlier Ulfa image file
Spot Leaf -  (573).jpg,Spot Leaf,cerocospora,INTERNAL_DATASET_DUPLICATE,2ddc5caf12a0b59103903154ce056ed479a4abcc188595413ef8fedb2cc4761e,Identical SHA-256 to earlier Ulfa image file
Spot Leaf -  (592).jpg,Spot Leaf,cerocospora,INTERNAL_DATASET_DUPLICATE,b6b3083d56e792e71b27e90db298919420b3d6bbfa9287232866feb34695e1b1,Identical SHA-256 to earlier Ulfa image file
Spot Leaf -  (593).jpg,Spot Leaf,cerocospora,INTERNAL_DATASET_DUPLICATE,b6b3083d56e792e71b27e90db298919420b3d6bbfa9287232866feb34695e1b1,Identical SHA-256 to earlier Ulfa image file
Spot Leaf -  (597).jpg,Spot Leaf,cerocospora,INTERNAL_DATASET_DUPLICATE,c09122c9455111b99e3e09c0111db611bce9e3276a666b4d2d838ce55c6dfa02,Identical SHA-256 to earlier Ulfa image file
Spot Leaf -  (601).jpg,Spot Leaf,cerocospora,INTERNAL_DATASET_DUPLICATE,a82520c4d15cb18a344c6e9ed6e1c59e6270bf3618deadd1150b2e3d758271b4,Identical SHA-256 to earlier Ulfa image file
Spot Leaf -  (618).jpg,Spot Leaf,cerocospora,INTERNAL_DATASET_DUPLICATE,58b7f999f08cc7136034c539d9176e7d4d542c800171077b1669f14c0ad01531,Identical SHA-256 to earlier Ulfa image file
Spot Leaf -  (641).jpg,Spot Leaf,cerocospora,INTERNAL_DATASET_DUPLICATE,d2fbeefed3c9069a99038d6549c458b2c415c7f7c0fe63ad3d3079200805f441,Identical SHA-256 to earlier Ulfa image file
Spot Leaf -  (645).jpg,Spot Leaf,cerocospora,INTERNAL_DATASET_DUPLICATE,2abf3a8a9b7a2d93b61996b7f3265f68e6b611277e16a98d6933ca95265a0a4c,Identical SHA-256 to earlier Ulfa image file
Spot Leaf -  (648).jpg,Spot Leaf,cerocospora,INTERNAL_DATASET_DUPLICATE,6040a36f10c1d23284e0f91d8460f0f5ee9a7ad9d31c4b54574085f30c6163de,Identical SHA-256 to earlier Ulfa image file
Spot Leaf -  (655).jpg,Spot Leaf,cerocospora,INTERNAL_DATASET_DUPLICATE,0dae9ff9df6883841fea227b3e153df12b7049a32c3fd50e7c3c9d58b033b3c8,Identical SHA-256 to earlier Ulfa image file
Spot Leaf -  (66).jpg,Spot Leaf,cerocospora,INTERNAL_DATASET_DUPLICATE,9715dc155c33401ee21dda2e75d705b24189f1b0f11ee74b0dcaaa0ff9ae3edb,Identical SHA-256 to earlier Ulfa image file
Spot Leaf -  (664).jpg,Spot Leaf,cerocospora,INTERNAL_DATASET_DUPLICATE,e2a0d695bfaa21e0a306353ecee7adf064aa4325b1e5e5351423ad4831760c3d,Identical SHA-256 to earlier Ulfa image file
Spot Leaf -  (677).jpg,Spot Leaf,cerocospora,INTERNAL_DATASET_DUPLICATE,6dbdd2433ccb1bebad3d8242b0e7cec7ca03df86e842576163a90a8f6ba29d90,Identical SHA-256 to earlier Ulfa image file
Spot Leaf -  (683).jpg,Spot Leaf,cerocospora,INTERNAL_DATASET_DUPLICATE,e545ad9b2140be4d48055e176e405b79475325bb2d17721d02ffed4aa12933f2,Identical SHA-256 to earlier Ulfa image file
Spot Leaf -  (688).jpg,Spot Leaf,cerocospora,INTERNAL_DATASET_DUPLICATE,8c0d72e7ed33b6df6895fee63e3ed025157afe5382614a2c8812657c658e9f12,Identical SHA-256 to earlier Ulfa image file
Spot Leaf -  (699).jpg,Spot Leaf,cerocospora,INTERNAL_DATASET_DUPLICATE,f5eb8d34e93af74c624ed11d23c53c7194b7bf5f023caf73926e5c5e5bcc5fb6,Identical SHA-256 to earlier Ulfa image file
Spot Leaf -  (703).jpg,Spot Leaf,cerocospora,INTERNAL_DATASET_DUPLICATE,c9935b9a85ea9c489136dc073d1aa1890320924046be1aba1e3c61e2820c5857,Identical SHA-256 to earlier Ulfa image file
Spot Leaf -  (716).jpg,Spot Leaf,cerocospora,INTERNAL_DATASET_DUPLICATE,ba674d7b6c8b200207e8632e531fa72ad4462bb8762f717a8741226985c6a9e0,Identical SHA-256 to earlier Ulfa image file
Spot Leaf -  (727).jpg,Spot Leaf,cerocospora,INTERNAL_DATASET_DUPLICATE,efb7894232fed1482f8623620e1d0d993496a0a010424caac5405afd3d9be3ea,Identical SHA-256 to earlier Ulfa image file
Spot Leaf -  (73).jpg,Spot Leaf,cerocospora,INTERNAL_DATASET_DUPLICATE,6a2b28f30a688c7da8af5da43d6148f49fce1489afc3f7facbc1e2e8588f600d,Identical SHA-256 to earlier Ulfa image file
Spot Leaf -  (732).jpg,Spot Leaf,cerocospora,INTERNAL_DATASET_DUPLICATE,4ed337ea4545d71defaa7dd72571259da4baa8ef5e42a05328396ccbfe9ae517,Identical SHA-256 to earlier Ulfa image file
Spot Leaf -  (735).jpg,Spot Leaf,cerocospora,INTERNAL_DATASET_DUPLICATE,5b6ec219608d82e321993de632e1c8b7a781a3ba0c67e6ee720769a16c2a6048,Identical SHA-256 to earlier Ulfa image file
Spot Leaf -  (743).jpg,Spot Leaf,cerocospora,INTERNAL_DATASET_DUPLICATE,b571720d1c850d23b02f7db5a1bcf590f108f177ccca5a666874096a3526579c,Identical SHA-256 to earlier Ulfa image file
Spot Leaf -  (75).jpg,Spot Leaf,cerocospora,INTERNAL_DATASET_DUPLICATE,5077b444b199446c89360335c239536dd0e0af9f6d9f843d731615cc1e9ca03b,Identical SHA-256 to earlier Ulfa image file
Spot Leaf -  (76).jpg,Spot Leaf,cerocospora,INTERNAL_DATASET_DUPLICATE,a3bc7d9beee6eed14431f6fb4313e6ebdf5b07ba2446be2cb249a8bd04a1db64,Identical SHA-256 to earlier Ulfa image file
Spot Leaf -  (77).jpg,Spot Leaf,cerocospora,INTERNAL_DATASET_DUPLICATE,367f6a61e67a5185fd603ffdb662022e7a40ed5ee551583b89cc5732d5a080b2,Identical SHA-256 to earlier Ulfa image file
Spot Leaf -  (770).jpg,Spot Leaf,cerocospora,INTERNAL_DATASET_DUPLICATE,0b8149435a6a473e72e1ecdbf54fadb6c4bb4fe9bd6cce5f3ddf5e46053de9a4,Identical SHA-256 to earlier Ulfa image file
Spot Leaf -  (775).jpg,Spot Leaf,cerocospora,INTERNAL_DATASET_DUPLICATE,c7eee4ec34096984fa3886169f1061fd27fcae8d9b2f75f61e2df9caf4d92505,Identical SHA-256 to earlier Ulfa image file
Spot Leaf -  (78).jpg,Spot Leaf,cerocospora,INTERNAL_DATASET_DUPLICATE,63c2809ae121c1812dca0f81a740ade16d8fd802bf990024b8009a333d3418c9,Identical SHA-256 to earlier Ulfa image file
Spot Leaf -  (79).jpg,Spot Leaf,cerocospora,INTERNAL_DATASET_DUPLICATE,eadf86f3c492b92e20c29531043206f30db762736b5363429df817f95a752c16,Identical SHA-256 to earlier Ulfa image file
Spot Leaf -  (82).jpg,Spot Leaf,cerocospora,INTERNAL_DATASET_DUPLICATE,7fb222605a732e40ee06b76026b88986d2e60e9d1b4ea86601fefacd478eb350,Identical SHA-256 to earlier Ulfa image file
Spot Leaf -  (83).jpg,Spot Leaf,cerocospora,INTERNAL_DATASET_DUPLICATE,fabc498abe2d941775b6e7df04ba4c0813ed98f33d100d15b30b19f852f10db8,Identical SHA-256 to earlier Ulfa image file
Spot Leaf -  (84).jpg,Spot Leaf,cerocospora,INTERNAL_DATASET_DUPLICATE,2b7bbb9d078af17a17f702a9d589209c2c990598c2270f2d21beac11c40d892a,Identical SHA-256 to earlier Ulfa image file
Spot Leaf -  (87).jpg,Spot Leaf,cerocospora,INTERNAL_DATASET_DUPLICATE,c789c4496b7e22e3e23972e1b6a4d9ff3860c7703d4c0807ed29e47c34911a3f,Identical SHA-256 to earlier Ulfa image file
Spot Leaf -  (89).jpg,Spot Leaf,cerocospora,INTERNAL_DATASET_DUPLICATE,c789c4496b7e22e3e23972e1b6a4d9ff3860c7703d4c0807ed29e47c34911a3f,Identical SHA-256 to earlier Ulfa image file
Spot Leaf -  (900).jpg,Spot Leaf,cerocospora,INTERNAL_DATASET_DUPLICATE,951604e220e99aadb68c60c3a7f51101740c3117849cac008943f7c67dfc50aa,Identical SHA-256 to earlier Ulfa image file
Spot Leaf -  (910).jpg,Spot Leaf,cerocospora,INTERNAL_DATASET_DUPLICATE,e235d664d52651c491138e0007eebe7b3d53c0e286405bb380bc94357db69a0d,Identical SHA-256 to earlier Ulfa image file
Spot Leaf -  (92).jpg,Spot Leaf,cerocospora,INTERNAL_DATASET_DUPLICATE,f51739bd0ae4cad3adff0d0944295fd7d9a6bc50589ccb2b235c273ffb3e817b,Identical SHA-256 to earlier Ulfa image file
Spot Leaf -  (937).jpg,Spot Leaf,cerocospora,INTERNAL_DATASET_DUPLICATE,dd8863883cff862f5feb52a1ee414f1067bb02fadfac3c3e05ea1bd39a6056ca,Identical SHA-256 to earlier Ulfa image file
Spot Leaf -  (94).jpg,Spot Leaf,cerocospora,INTERNAL_DATASET_DUPLICATE,82f2ac96bcae78c7c140ed06360cfd7515c70e7351825e6402ce2ad3ea6df6a9,Identical SHA-256 to earlier Ulfa image file
Spot Leaf -  (947).jpg,Spot Leaf,cerocospora,INTERNAL_DATASET_DUPLICATE,40c3e77c982e357b8d65957e4e0b298a9cd0681b551af195b352dedbfda9c0b0,Identical SHA-256 to earlier Ulfa image file
Spot Leaf -  (95).jpg,Spot Leaf,cerocospora,INTERNAL_DATASET_DUPLICATE,f51739bd0ae4cad3adff0d0944295fd7d9a6bc50589ccb2b235c273ffb3e817b,Identical SHA-256 to earlier Ulfa image file
Spot Leaf -  (951).jpg,Spot Leaf,cerocospora,INTERNAL_DATASET_DUPLICATE,8f4fb6be137fc4fdb9f6d469e55eba99af030b2cf05f5fb0722e90ccab24ad2d,Identical SHA-256 to earlier Ulfa image file
Spot Leaf -  (99).jpg,Spot Leaf,cerocospora,INTERNAL_DATASET_DUPLICATE,6ba9279bdf7ba93e7e3c60d93d9a526aaf2684c9466b71d1700aa19bb31032fd,Identical SHA-256 to earlier Ulfa image file
01.jpg,Healthy Leaf,healthy,EVAL_SET_EXACT_COLLISION (Track B),a1d528a356d5c45aa3825db974e2b107c7f9fe4325a81e44179ebe9505b22f83,Exact SHA-256 match with Track B evaluation sample
02.jpg,Healthy Leaf,healthy,EVAL_SET_EXACT_COLLISION (Track B),b70b9d0b4a1295abb4b5fe892463f2d30e8c47925877a46e6da55c6e6414be7c,Exact SHA-256 match with Track B evaluation sample
03.jpg,Healthy Leaf,healthy,EVAL_SET_EXACT_COLLISION (Track B),4cc09bb22a28b88346587d4c877fbf727ede32fb24f8da3a4bc498f4d1b636a8,Exact SHA-256 match with Track B evaluation sample
04.jpg,Healthy Leaf,healthy,EVAL_SET_EXACT_COLLISION (Track B),595ab56eae588460a2efb4cc0a943b77bfbad4039ac1e4bcf54d2d8cd804805f,Exact SHA-256 match with Track B evaluation sample
05.jpg,Healthy Leaf,healthy,EVAL_SET_EXACT_COLLISION (Track B),d70b1bca70427b084a16442e5dfc1976075a0519c261317062750d93acf4a024,Exact SHA-256 match with Track B evaluation sample
06.jpg,Healthy Leaf,healthy,EVAL_SET_EXACT_COLLISION (Track B),b81a1777b9a882652ebd4699ada06d738970d4cd71abbb40fce20ab12e10b16f,Exact SHA-256 match with Track B evaluation sample
07.jpg,Healthy Leaf,healthy,EVAL_SET_EXACT_COLLISION (Track B),6e44581377a58c57454f372cc03a7ebae649030a7a37a8db90be672067277cc0,Exact SHA-256 match with Track B evaluation sample
08.jpg,Healthy Leaf,healthy,EVAL_SET_EXACT_COLLISION (Track B),02b920cb6d4f5207acf0226375f3d85b1a5c8c41c5c4e8783ac7e73f77764414,Exact SHA-256 match with Track B evaluation sample
09.jpg,Healthy Leaf,healthy,EVAL_SET_EXACT_COLLISION (Track B),d03cfe96d00d1fa335909a14159ab130717181b2c14ca1c4c6c617a4e99f7b1a,Exact SHA-256 match with Track B evaluation sample
10.jpg,Healthy Leaf,healthy,EVAL_SET_EXACT_COLLISION (Track B),fe7c0b1abd31eb99333ed1d5ee3a74b0c62875402bd96f5bfabebcaba8fcf554,Exact SHA-256 match with Track B evaluation sample
100.jpg,Healthy Leaf,healthy,EVAL_SET_EXACT_COLLISION (Track B),95a4450e5a2562cd340f05f04209d0dedfbc57d6755c274793faaeab12398ace,Exact SHA-256 match with Track B evaluation sample
1000.jpg,Healthy Leaf,healthy,EVAL_SET_EXACT_COLLISION (Track B),b7fd16ccb22bfc792241b9fb4fa0f95ae7ca12aa54074b2c0460a143174c63f8,Exact SHA-256 match with Track B evaluation sample
101.jpg,Healthy Leaf,healthy,EVAL_SET_EXACT_COLLISION (Track B),8dde57207d68c923768418c331155a2c1bbd89643a5cde0217acc987cf4e7293,Exact SHA-256 match with Track B evaluation sample
102.jpg,Healthy Leaf,healthy,EVAL_SET_EXACT_COLLISION (Track B),af34c668c06b9d24f8e630c3b2e0698f75629c21c03e76b892df2e40993f32f6,Exact SHA-256 match with Track B evaluation sample
103.jpg,Healthy Leaf,healthy,EVAL_SET_EXACT_COLLISION (Track B),42d114ffc6aecda1b1009e78842949831ea880b9a50ebc5cf0aad5ef793ad764,Exact SHA-256 match with Track B evaluation sample
104.jpg,Healthy Leaf,healthy,EVAL_SET_EXACT_COLLISION (Track B),76656e7959a6da37ad3f50d4ed5a6fd1c7881027fc8f98649689c22012addfe2,Exact SHA-256 match with Track B evaluation sample
105.jpg,Healthy Leaf,healthy,EVAL_SET_EXACT_COLLISION (Track B),f282faf365108cdf374e87f6504f104566df34953d128f9a5e78af9fb67b5f72,Exact SHA-256 match with Track B evaluation sample
106.jpg,Healthy Leaf,healthy,EVAL_SET_EXACT_COLLISION (Track B),7760edbbcd154d3cf801192096d7f42976f64b4767fcd345a72f7843dc5f810e,Exact SHA-256 match with Track B evaluation sample
107.jpg,Healthy Leaf,healthy,EVAL_SET_EXACT_COLLISION (Track B),4a80224983e0e1287e31e09abab7db59ed84db8ee81a69f7a98dd4b2d54d06ff,Exact SHA-256 match with Track B evaluation sample
108.jpg,Healthy Leaf,healthy,EVAL_SET_EXACT_COLLISION (Track B),3ba3eac9017938c5c78f52713a86521dcb4bec367a3dc9ef97f44645cf03af97,Exact SHA-256 match with Track B evaluation sample
109.jpg,Healthy Leaf,healthy,EVAL_SET_EXACT_COLLISION (Track B),8857f81f2b992efcb9e3a2718f235abcbbaa652795f6f9b5e6c2f087832e0ad6,Exact SHA-256 match with Track B evaluation sample
11.jpg,Healthy Leaf,healthy,EVAL_SET_EXACT_COLLISION (Track B),408c6f7f55457986045ea2a6d3cebcd9d09be2853331c743b873476fc85c8066,Exact SHA-256 match with Track B evaluation sample
110.jpg,Healthy Leaf,healthy,EVAL_SET_EXACT_COLLISION (Track B),61cb1078e68fcb33409a72f194876e9743b8263dffdef76c1c0e380d2f9bca20,Exact SHA-256 match with Track B evaluation sample
111.jpg,Healthy Leaf,healthy,EVAL_SET_EXACT_COLLISION (Track B),108684f25e9998b71879fa1d0ee77bb86a224450123ea5db7a557bb06f17aba4,Exact SHA-256 match with Track B evaluation sample
112.jpg,Healthy Leaf,healthy,EVAL_SET_EXACT_COLLISION (Track B),2141b5b543496b4d77d30707eef56f2dc193ec418bbccb3ca00c584d98515cae,Exact SHA-256 match with Track B evaluation sample
113.jpg,Healthy Leaf,healthy,EVAL_SET_EXACT_COLLISION (Track B),e9aace2a2886ae76c79f42f473cee1cf5364bba903058b35abd32919ed0e0d4c,Exact SHA-256 match with Track B evaluation sample
114.jpg,Healthy Leaf,healthy,EVAL_SET_EXACT_COLLISION (Track B),58a033f8485b1625f83e0b5d134ac917763583002c45d6a70380e3328d5c7572,Exact SHA-256 match with Track B evaluation sample
115.jpg,Healthy Leaf,healthy,EVAL_SET_EXACT_COLLISION (Track B),50e9644a3d2237f26f5dc9b8167999f566249e8a70367de9c9acca863e507fe3,Exact SHA-256 match with Track B evaluation sample
116.jpg,Healthy Leaf,healthy,EVAL_SET_EXACT_COLLISION (Track B),0ea122a1f244da4e0b315efac91cc0d0052e3d0b2311c7056b3880c1a2618297,Exact SHA-256 match with Track B evaluation sample
117.jpg,Healthy Leaf,healthy,EVAL_SET_EXACT_COLLISION (Track B),46488aee6a30e465a7bebc525ef0c66413c83a6f9fa36b9ab38078e03c835a9e,Exact SHA-256 match with Track B evaluation sample
127.jpg,Healthy Leaf,healthy,EVAL_SET_EXACT_COLLISION (Track C),205a9ec7ef85ef61070a03e20c98245739c2fce60976ffe2c4bd317f604f9cfe,Exact SHA-256 match with Track C evaluation sample
128.jpg,Healthy Leaf,healthy,EVAL_SET_EXACT_COLLISION (Track C),1d150d1f88a1db00915db7bd693bdb08d94cb6c76d078558a13d332f4966f311,Exact SHA-256 match with Track C evaluation sample
129.jpg,Healthy Leaf,healthy,EVAL_SET_EXACT_COLLISION (Track C),41f4cb06055f28f97ae88d70ca43271bad2583daf05aa35c881e618edb96f183,Exact SHA-256 match with Track C evaluation sample
13.jpg,Healthy Leaf,healthy,EVAL_SET_EXACT_COLLISION (Track C),5f0de1b779b403916fceae300044bfb076582c7c82a15f53b2f6b95c42656437,Exact SHA-256 match with Track C evaluation sample
130.jpg,Healthy Leaf,healthy,EVAL_SET_EXACT_COLLISION (Track C),0f766ea2d27d10c498b30e5af20784dfe8d8e88c5762b54864811ab1d232f61d,Exact SHA-256 match with Track C evaluation sample
131.jpg,Healthy Leaf,healthy,EVAL_SET_EXACT_COLLISION (Track C),eff6c7a724fc1074c87a42d7120572f1b0f4890670416ae9b8d46d53f352352b,Exact SHA-256 match with Track C evaluation sample
132.jpg,Healthy Leaf,healthy,EVAL_SET_EXACT_COLLISION (Track C),d0fda660eb3264c87e57c112be35dd39a82e35db18b0609ec6fb9541662dfa76,Exact SHA-256 match with Track C evaluation sample
133.jpg,Healthy Leaf,healthy,EVAL_SET_EXACT_COLLISION (Track C),262890f355a5690e0f765aa46e02f37abfe1d3a4a2d31829dff734aa042c8cd5,Exact SHA-256 match with Track C evaluation sample
134.jpg,Healthy Leaf,healthy,EVAL_SET_EXACT_COLLISION (Track C),e161915c1d0e3fcfeba598ded3eb1fd6d29cf6c46497f1c0372db97e0852f865,Exact SHA-256 match with Track C evaluation sample
135.jpg,Healthy Leaf,healthy,EVAL_SET_EXACT_COLLISION (Track C),d6ba46042dc610535acbec0fa7c316b5f419029634ac33c15d7ecc929c4edf85,Exact SHA-256 match with Track C evaluation sample
136.jpg,Healthy Leaf,healthy,EVAL_SET_EXACT_COLLISION (Track C),3ca57f94da620b0ead82571aa4fbdd8d2f90d3b9e304541554f2a469ce9b998c,Exact SHA-256 match with Track C evaluation sample
137.jpg,Healthy Leaf,healthy,EVAL_SET_EXACT_COLLISION (Track C),46514d1b6b5c8741e70b68e0e1e036d1294e13ea0725d3dd5e4a661804621740,Exact SHA-256 match with Track C evaluation sample
138.jpg,Healthy Leaf,healthy,EVAL_SET_EXACT_COLLISION (Track C),cce25ef185e601a6ad4d94163830bf1be1f223bda5a09c2887e1b62ee3d64577,Exact SHA-256 match with Track C evaluation sample
139.jpg,Healthy Leaf,healthy,EVAL_SET_EXACT_COLLISION (Track C),aad3caa2b75a15e054b82f8a47b57fab6389b8ac97778bd65ba7872b38f31715,Exact SHA-256 match with Track C evaluation sample
14.jpg,Healthy Leaf,healthy,EVAL_SET_EXACT_COLLISION (Track C),3a381d0ddb4e84cc70305adcd7bdf63bba231516c0d51330611ed845782d5623,Exact SHA-256 match with Track C evaluation sample
140.jpg,Healthy Leaf,healthy,EVAL_SET_EXACT_COLLISION (Track C),65b3baeaef5df1637b39f90bf5398ca30e9ef74220bbfd080a7399d84c11194c,Exact SHA-256 match with Track C evaluation sample
141.jpg,Healthy Leaf,healthy,EVAL_SET_EXACT_COLLISION (Track C),1fcb79055cac00aaedb2470aa04cdbd1a5d793c59aed407e8f104002f4222f37,Exact SHA-256 match with Track C evaluation sample
142.jpg,Healthy Leaf,healthy,EVAL_SET_EXACT_COLLISION (Track C),1540b3c2f12337c24d0740bc73247c81232344ac2dc5caebc2c8f13f843cac6b,Exact SHA-256 match with Track C evaluation sample
143.jpg,Healthy Leaf,healthy,EVAL_SET_EXACT_COLLISION (Track C),4d31a444eaf7fce7e81d4f3466cdbbc097cbe846f58c7da568717aa648019194,Exact SHA-256 match with Track C evaluation sample
144.jpg,Healthy Leaf,healthy,EVAL_SET_EXACT_COLLISION (Track C),7d15b387540dcfbb88350d8cd7313a9724060377b2d78c509d4916cef638993a,Exact SHA-256 match with Track C evaluation sample
162.jpg,Healthy Leaf,healthy,EVAL_SET_EXACT_COLLISION (Track B),b70b9d0b4a1295abb4b5fe892463f2d30e8c47925877a46e6da55c6e6414be7c,Exact SHA-256 match with Track B evaluation sample
163.jpg,Healthy Leaf,healthy,EVAL_SET_EXACT_COLLISION (Track B),a1d528a356d5c45aa3825db974e2b107c7f9fe4325a81e44179ebe9505b22f83,Exact SHA-256 match with Track B evaluation sample
164.jpg,Healthy Leaf,healthy,EVAL_SET_EXACT_COLLISION (Track B),595ab56eae588460a2efb4cc0a943b77bfbad4039ac1e4bcf54d2d8cd804805f,Exact SHA-256 match with Track B evaluation sample
178.jpg,Healthy Leaf,healthy,EVAL_SET_EXACT_COLLISION (Track B),b81a1777b9a882652ebd4699ada06d738970d4cd71abbb40fce20ab12e10b16f,Exact SHA-256 match with Track B evaluation sample
179.jpg,Healthy Leaf,healthy,EVAL_SET_EXACT_COLLISION (Track B),6e44581377a58c57454f372cc03a7ebae649030a7a37a8db90be672067277cc0,Exact SHA-256 match with Track B evaluation sample
189.jpg,Healthy Leaf,healthy,EVAL_SET_EXACT_COLLISION (Track B),02b920cb6d4f5207acf0226375f3d85b1a5c8c41c5c4e8783ac7e73f77764414,Exact SHA-256 match with Track B evaluation sample
190.jpg,Healthy Leaf,healthy,EVAL_SET_EXACT_COLLISION (Track B),d03cfe96d00d1fa335909a14159ab130717181b2c14ca1c4c6c617a4e99f7b1a,Exact SHA-256 match with Track B evaluation sample
193.jpg,Healthy Leaf,healthy,EVAL_SET_EXACT_COLLISION (Track B),fe7c0b1abd31eb99333ed1d5ee3a74b0c62875402bd96f5bfabebcaba8fcf554,Exact SHA-256 match with Track B evaluation sample
200.jpg,Healthy Leaf,healthy,EVAL_SET_EXACT_COLLISION (Track B),408c6f7f55457986045ea2a6d3cebcd9d09be2853331c743b873476fc85c8066,Exact SHA-256 match with Track B evaluation sample
201.jpg,Healthy Leaf,healthy,INTERNAL_DATASET_DUPLICATE,59f65b073b2c60721b0fff324a7618bef3c290cfa70b2e898fe1f935ff485d7b,Identical SHA-256 to earlier Ulfa image file
202.jpg,Healthy Leaf,healthy,EVAL_SET_EXACT_COLLISION (Track C),5f0de1b779b403916fceae300044bfb076582c7c82a15f53b2f6b95c42656437,Exact SHA-256 match with Track C evaluation sample
203.jpg,Healthy Leaf,healthy,EVAL_SET_EXACT_COLLISION (Track C),3a381d0ddb4e84cc70305adcd7bdf63bba231516c0d51330611ed845782d5623,Exact SHA-256 match with Track C evaluation sample
204.jpg,Healthy Leaf,healthy,INTERNAL_DATASET_DUPLICATE,ba50909eb4be969a87a7014df096007a8f28d7f25ea2814dd60476e419277e6f,Identical SHA-256 to earlier Ulfa image file
207.jpg,Healthy Leaf,healthy,EVAL_SET_NEAR_DUPLICATE,9a89f98ccc96629e4dca5432e9ca66e6889aa8cd8335cfcacffeddeb1b4892c9,dHash Hamming distance 5 <= 5 to eval image: results\model_robustness_audit\audit_images\track_b_external\chilli\healthy\ulfa_03.jpg
208.jpg,Healthy Leaf,healthy,EVAL_SET_EXACT_COLLISION (Track B),4cc09bb22a28b88346587d4c877fbf727ede32fb24f8da3a4bc498f4d1b636a8,Exact SHA-256 match with Track B evaluation sample
228.jpg,Healthy Leaf,healthy,INTERNAL_DATASET_DUPLICATE,8ffeeacf583d954cf80c190b70dfbd1ccdfb67a4122cb996bfac89e6fb09b29d,Identical SHA-256 to earlier Ulfa image file
234.jpg,Healthy Leaf,healthy,INTERNAL_DATASET_DUPLICATE,60f5a2eebf6134dc17b78b1f1910d8ba20c99f3e3271be2f9948f201777dc290,Identical SHA-256 to earlier Ulfa image file
243.jpg,Healthy Leaf,healthy,INTERNAL_DATASET_DUPLICATE,37397479434a4ede383dbc34bfafa0b30ddf4cc95d867c847bb46c797a805dc5,Identical SHA-256 to earlier Ulfa image file
25.jpg,Healthy Leaf,healthy,INTERNAL_DATASET_DUPLICATE,c2df4511bee26d6c9d44dc5f541d41bb5ec3bce6987286605f56a3490d40daf4,Identical SHA-256 to earlier Ulfa image file
251.jpg,Healthy Leaf,healthy,INTERNAL_DATASET_DUPLICATE,92aa3683f66ea294fc1c197fb253d80a22b0a3a9d7c1fdb79af53771446aa2d6,Identical SHA-256 to earlier Ulfa image file
252.jpg,Healthy Leaf,healthy,INTERNAL_DATASET_DUPLICATE,63debfac43de863dffaccbced94c3d69a2b5597691974478a43077fa0b314bbb,Identical SHA-256 to earlier Ulfa image file
26.jpg,Healthy Leaf,healthy,EVAL_SET_EXACT_COLLISION (Track B),95a4450e5a2562cd340f05f04209d0dedfbc57d6755c274793faaeab12398ace,Exact SHA-256 match with Track B evaluation sample
263.jpg,Healthy Leaf,healthy,INTERNAL_DATASET_DUPLICATE,bbfdbc1650a5475ae361eaa84ec51be41ca4d5502bdaad871b961e8135163830,Identical SHA-256 to earlier Ulfa image file
269.jpg,Healthy Leaf,healthy,INTERNAL_DATASET_DUPLICATE,7e9aabaea9af8a91052a3e6a98d0ab3d5e1f82f1bbc84cbfcbe4cabb34621753,Identical SHA-256 to earlier Ulfa image file
27.jpg,Healthy Leaf,healthy,EVAL_SET_EXACT_COLLISION (Track C),65b3baeaef5df1637b39f90bf5398ca30e9ef74220bbfd080a7399d84c11194c,Exact SHA-256 match with Track C evaluation sample
271.jpg,Healthy Leaf,healthy,INTERNAL_DATASET_DUPLICATE,f668a6cdc9d30ee9dc79b32ea8cbd80a04ad0d1d80e923a80b19b0a4a0554d1a,Identical SHA-256 to earlier Ulfa image file
277.jpg,Healthy Leaf,healthy,INTERNAL_DATASET_DUPLICATE,c661cef23a934026057470034fa3c581f757ff8d20635248f4fbc9a71fa1dea8,Identical SHA-256 to earlier Ulfa image file
28.jpg,Healthy Leaf,healthy,EVAL_SET_EXACT_COLLISION (Track C),1fcb79055cac00aaedb2470aa04cdbd1a5d793c59aed407e8f104002f4222f37,Exact SHA-256 match with Track C evaluation sample
282.jpg,Healthy Leaf,healthy,INTERNAL_DATASET_DUPLICATE,d519f33ce1723aedbc5a0614a203528a462b85a7ec8e864dccebbfd7ade48691,Identical SHA-256 to earlier Ulfa image file
284.jpg,Healthy Leaf,healthy,INTERNAL_DATASET_DUPLICATE,99dc866fcf1f50d8b9a652b2f953ae9044e8ff53fb32b9d49f14b88eca300f7f,Identical SHA-256 to earlier Ulfa image file
286.jpg,Healthy Leaf,healthy,INTERNAL_DATASET_DUPLICATE,a4003a7a5c14cd95c23365359153f7fc0a2ee691184fbf8bdbacf27866a2bbb2,Identical SHA-256 to earlier Ulfa image file
288.jpg,Healthy Leaf,healthy,INTERNAL_DATASET_DUPLICATE,4999dd94ec17d8af7ec26624cdd6a580c20d3984d4c5b3bb2eaed122d7790106,Identical SHA-256 to earlier Ulfa image file
29.jpg,Healthy Leaf,healthy,INTERNAL_DATASET_DUPLICATE,7c1be5f73cf5b10e4b0835abb82c84b25a3bdf5b40ca2c8174e05d66a400b959,Identical SHA-256 to earlier Ulfa image file
299.jpg,Healthy Leaf,healthy,INTERNAL_DATASET_DUPLICATE,33b07212f62c503ece29bf8dd8f104bce9d47ea11e7889c12e84d96dbd12947c,Identical SHA-256 to earlier Ulfa image file
30.jpg,Healthy Leaf,healthy,INTERNAL_DATASET_DUPLICATE,294dc2dce64d3013585dda97940cd82ef7a9304893b8d3e1b991680d4f1bc134,Identical SHA-256 to earlier Ulfa image file
309.jpg,Healthy Leaf,healthy,INTERNAL_DATASET_DUPLICATE,eeeb190282e18e636bad75be03bca36fb05c0ce8e768201117cfa96151d42e08,Identical SHA-256 to earlier Ulfa image file
31.jpg,Healthy Leaf,healthy,INTERNAL_DATASET_DUPLICATE,03f6c6fdf865a08cd822161c2d5f9431ceb5504d8dd51464478bb42ee531ef84,Identical SHA-256 to earlier Ulfa image file
316.jpg,Healthy Leaf,healthy,INTERNAL_DATASET_DUPLICATE,9315f8ec9a6eea876d9c6be1265e11d15db68182a8eef7a8f867a47e62fa5875,Identical SHA-256 to earlier Ulfa image file
318.jpg,Healthy Leaf,healthy,INTERNAL_DATASET_DUPLICATE,5d8c4efdd6078105ff97b75cbcac2f41b2ae0fd3a82a8c1258c3cbaa15e478c5,Identical SHA-256 to earlier Ulfa image file
32.jpg,Healthy Leaf,healthy,INTERNAL_DATASET_DUPLICATE,03f6c6fdf865a08cd822161c2d5f9431ceb5504d8dd51464478bb42ee531ef84,Identical SHA-256 to earlier Ulfa image file
322.jpg,Healthy Leaf,healthy,INTERNAL_DATASET_DUPLICATE,a1b56c3b78989557aec41a3ea62b8a1f0db052ce869c8f10ea9662b8e104f14f,Identical SHA-256 to earlier Ulfa image file
326.jpg,Healthy Leaf,healthy,INTERNAL_DATASET_DUPLICATE,8acbff3150fbb4a88d24f7727dcc48ea2192a7e307ff3482f32830ab0b27d3c6,Identical SHA-256 to earlier Ulfa image file
33.jpg,Healthy Leaf,healthy,INTERNAL_DATASET_DUPLICATE,96bc8d73007b0f7789ecafef1a13ee591558fe3a3161453fda9a5445155e1e45,Identical SHA-256 to earlier Ulfa image file
331.jpg,Healthy Leaf,healthy,INTERNAL_DATASET_DUPLICATE,37eb13ec993b422c2dc2f6091dc6da9174988081131f4034e8da171f615f7c90,Identical SHA-256 to earlier Ulfa image file
34.jpg,Healthy Leaf,healthy,INTERNAL_DATASET_DUPLICATE,8ffeeacf583d954cf80c190b70dfbd1ccdfb67a4122cb996bfac89e6fb09b29d,Identical SHA-256 to earlier Ulfa image file
342.jpg,Healthy Leaf,healthy,INTERNAL_DATASET_DUPLICATE,f0845dd4677855c240156167488f201f7b56edd7160efaaa7ce1073ac66505ca,Identical SHA-256 to earlier Ulfa image file
346.jpg,Healthy Leaf,healthy,INTERNAL_DATASET_DUPLICATE,fd21b001dfa62fdc82fa83d13e03530191885dc10dbea057caef97bb4920d1e9,Identical SHA-256 to earlier Ulfa image file
35.jpg,Healthy Leaf,healthy,INTERNAL_DATASET_DUPLICATE,77f4010296bfac46b1865e2e72d337e4e69bade6961acb1531936b81c7dbb96d,Identical SHA-256 to earlier Ulfa image file
351.jpg,Healthy Leaf,healthy,EVAL_SET_EXACT_COLLISION (Track C),ceff539ff56e0dc1324f6f897f8d6228d4b1435a87b4fd696b6a271f4d3606ed,Exact SHA-256 match with Track C evaluation sample
353.jpg,Healthy Leaf,healthy,EVAL_SET_EXACT_COLLISION (Track C),b864d957bb7725dbcddc1dbc6974085ed6f80981488815f79d03a8f83beb108a,Exact SHA-256 match with Track C evaluation sample
359.jpg,Healthy Leaf,healthy,INTERNAL_DATASET_DUPLICATE,765b4a58e4c46665347381edc738423e6113c0bf8639441e749ff95f9b1fc1a7,Identical SHA-256 to earlier Ulfa image file
360.jpg,Healthy Leaf,healthy,INTERNAL_DATASET_DUPLICATE,4e56a6e2eaffb61b3fc2c938e6762b693de525e8ba5ff28816a879f52ba20937,Identical SHA-256 to earlier Ulfa image file
365.jpg,Healthy Leaf,healthy,EVAL_SET_EXACT_COLLISION (Track B),1332eebfe4d1b9429ce8694c42e4e148f585bc9a44d7ce23f301d11fa52b1128,Exact SHA-256 match with Track B evaluation sample
369.jpg,Healthy Leaf,healthy,INTERNAL_DATASET_DUPLICATE,5ec0677042a9d701d6b64f458e74595a6ac363ab14b03d51eb864b2c996b38de,Identical SHA-256 to earlier Ulfa image file
37.jpg,Healthy Leaf,healthy,INTERNAL_DATASET_DUPLICATE,92aa3683f66ea294fc1c197fb253d80a22b0a3a9d7c1fdb79af53771446aa2d6,Identical SHA-256 to earlier Ulfa image file
370.jpg,Healthy Leaf,healthy,INTERNAL_DATASET_DUPLICATE,5ec0677042a9d701d6b64f458e74595a6ac363ab14b03d51eb864b2c996b38de,Identical SHA-256 to earlier Ulfa image file
371.jpg,Healthy Leaf,healthy,INTERNAL_DATASET_DUPLICATE,927f1dfaff11c4065b901f7b92be9bc7fb5adb23f5654462361ad8823d3333f7,Identical SHA-256 to earlier Ulfa image file
372.jpg,Healthy Leaf,healthy,INTERNAL_DATASET_DUPLICATE,75259086fc44cd370940595e3a1b844990f323cd9d8773fe030c4e1223895a3b,Identical SHA-256 to earlier Ulfa image file
373.jpg,Healthy Leaf,healthy,INTERNAL_DATASET_DUPLICATE,1d1cf143ef9b8323662110fc05231346285c5fc258da3bb5d0ffb0c107e23d0f,Identical SHA-256 to earlier Ulfa image file
374.jpg,Healthy Leaf,healthy,INTERNAL_DATASET_DUPLICATE,d2e2ad30315e3b35a243ab581d6377b26d6f84811161d2e90c888bc9a45060df,Identical SHA-256 to earlier Ulfa image file
375.jpg,Healthy Leaf,healthy,INTERNAL_DATASET_DUPLICATE,92aa3683f66ea294fc1c197fb253d80a22b0a3a9d7c1fdb79af53771446aa2d6,Identical SHA-256 to earlier Ulfa image file
376.jpg,Healthy Leaf,healthy,INTERNAL_DATASET_DUPLICATE,92aa3683f66ea294fc1c197fb253d80a22b0a3a9d7c1fdb79af53771446aa2d6,Identical SHA-256 to earlier Ulfa image file
377.jpg,Healthy Leaf,healthy,INTERNAL_DATASET_DUPLICATE,7f1c4d45cbc96e28cc355e52224b383d02a27304b7cb3cab58d8223ebd0b05d8,Identical SHA-256 to earlier Ulfa image file
38.jpg,Healthy Leaf,healthy,INTERNAL_DATASET_DUPLICATE,bbfdbc1650a5475ae361eaa84ec51be41ca4d5502bdaad871b961e8135163830,Identical SHA-256 to earlier Ulfa image file
380.jpg,Healthy Leaf,healthy,INTERNAL_DATASET_DUPLICATE,c661cef23a934026057470034fa3c581f757ff8d20635248f4fbc9a71fa1dea8,Identical SHA-256 to earlier Ulfa image file
382.jpg,Healthy Leaf,healthy,INTERNAL_DATASET_DUPLICATE,ba2611cf1520fc6ef8ba62683ea990a4c95afade2fef1ab0b77c6ac208d2ce07,Identical SHA-256 to earlier Ulfa image file
383.jpg,Healthy Leaf,healthy,INTERNAL_DATASET_DUPLICATE,c661cef23a934026057470034fa3c581f757ff8d20635248f4fbc9a71fa1dea8,Identical SHA-256 to earlier Ulfa image file
386.jpg,Healthy Leaf,healthy,INTERNAL_DATASET_DUPLICATE,932b0080940f80982fcd60a710a10f0de2e6344f635fd371157eec4ffe4aca2b,Identical SHA-256 to earlier Ulfa image file
387.jpg,Healthy Leaf,healthy,INTERNAL_DATASET_DUPLICATE,bbfdbc1650a5475ae361eaa84ec51be41ca4d5502bdaad871b961e8135163830,Identical SHA-256 to earlier Ulfa image file
388.jpg,Healthy Leaf,healthy,INTERNAL_DATASET_DUPLICATE,9fb7d30c16ed193c6ce16037edef27554e8ba1d221ad907b506a91bb72244aae,Identical SHA-256 to earlier Ulfa image file
389.jpg,Healthy Leaf,healthy,INTERNAL_DATASET_DUPLICATE,9fb7d30c16ed193c6ce16037edef27554e8ba1d221ad907b506a91bb72244aae,Identical SHA-256 to earlier Ulfa image file
39.jpg,Healthy Leaf,healthy,INTERNAL_DATASET_DUPLICATE,9fb7d30c16ed193c6ce16037edef27554e8ba1d221ad907b506a91bb72244aae,Identical SHA-256 to earlier Ulfa image file
392.jpg,Healthy Leaf,healthy,INTERNAL_DATASET_DUPLICATE,a451efe866f7b57f5dbc12c36885b99154612f45a7b58753316f4fd173479b96,Identical SHA-256 to earlier Ulfa image file
393.jpg,Healthy Leaf,healthy,INTERNAL_DATASET_DUPLICATE,a451efe866f7b57f5dbc12c36885b99154612f45a7b58753316f4fd173479b96,Identical SHA-256 to earlier Ulfa image file
395.jpg,Healthy Leaf,healthy,INTERNAL_DATASET_DUPLICATE,37397479434a4ede383dbc34bfafa0b30ddf4cc95d867c847bb46c797a805dc5,Identical SHA-256 to earlier Ulfa image file
397.jpg,Healthy Leaf,healthy,INTERNAL_DATASET_DUPLICATE,37397479434a4ede383dbc34bfafa0b30ddf4cc95d867c847bb46c797a805dc5,Identical SHA-256 to earlier Ulfa image file
398.jpg,Healthy Leaf,healthy,INTERNAL_DATASET_DUPLICATE,e6f2c66d93cbb1db06a15a7b00b136deb8afaf55b0f14a0a40cefc98a73442a2,Identical SHA-256 to earlier Ulfa image file
399.jpg,Healthy Leaf,healthy,INTERNAL_DATASET_DUPLICATE,1ec8527ff161750cb29019f25c45c172dfc57f5f6fca107f6f5bc5225f9d08ae,Identical SHA-256 to earlier Ulfa image file
40.jpg,Healthy Leaf,healthy,INTERNAL_DATASET_DUPLICATE,9fb7d30c16ed193c6ce16037edef27554e8ba1d221ad907b506a91bb72244aae,Identical SHA-256 to earlier Ulfa image file
400.jpg,Healthy Leaf,healthy,INTERNAL_DATASET_DUPLICATE,d3c2c382ff6ada83f6b15496b54520851258af2cb493e364e0c9108bf0e83acb,Identical SHA-256 to earlier Ulfa image file
401.jpg,Healthy Leaf,healthy,INTERNAL_DATASET_DUPLICATE,33b07212f62c503ece29bf8dd8f104bce9d47ea11e7889c12e84d96dbd12947c,Identical SHA-256 to earlier Ulfa image file
402.jpg,Healthy Leaf,healthy,INTERNAL_DATASET_DUPLICATE,33b07212f62c503ece29bf8dd8f104bce9d47ea11e7889c12e84d96dbd12947c,Identical SHA-256 to earlier Ulfa image file
404.jpg,Healthy Leaf,healthy,INTERNAL_DATASET_DUPLICATE,f97b3817d6c5ef165ca7db3a0880dd903ebeb12bfdcda92558db1f7b14f786e2,Identical SHA-256 to earlier Ulfa image file
405.jpg,Healthy Leaf,healthy,INTERNAL_DATASET_DUPLICATE,37eb13ec993b422c2dc2f6091dc6da9174988081131f4034e8da171f615f7c90,Identical SHA-256 to earlier Ulfa image file
406.jpg,Healthy Leaf,healthy,INTERNAL_DATASET_DUPLICATE,cda804f272cf140873f6e383d455b78816696ba4843331e5b8d33b837310271a,Identical SHA-256 to earlier Ulfa image file
407.jpg,Healthy Leaf,healthy,INTERNAL_DATASET_DUPLICATE,37eb13ec993b422c2dc2f6091dc6da9174988081131f4034e8da171f615f7c90,Identical SHA-256 to earlier Ulfa image file
41.jpg,Healthy Leaf,healthy,INTERNAL_DATASET_DUPLICATE,4ad7c8405278cdb18bf4be5ad9263601c32667f7152e3b6e1794308d7edfe1f7,Identical SHA-256 to earlier Ulfa image file
413.jpg,Healthy Leaf,healthy,INTERNAL_DATASET_DUPLICATE,0f81492481cdb2201eca66e0a29c1e491600eef5e0fc79371003fe3a16bf4ff1,Identical SHA-256 to earlier Ulfa image file
414.jpg,Healthy Leaf,healthy,INTERNAL_DATASET_DUPLICATE,85c640a8e54580ebc37f7c5f3dec29dce5dc5b7685d70ef3f346aa25ce7e6db8,Identical SHA-256 to earlier Ulfa image file
415.jpg,Healthy Leaf,healthy,INTERNAL_DATASET_DUPLICATE,b7dd5f5d0e08a238b93645ed6b882bf0c5a3a9735bc0cc361c6bcb44d94629a2,Identical SHA-256 to earlier Ulfa image file
416.jpg,Healthy Leaf,healthy,INTERNAL_DATASET_DUPLICATE,b7dd5f5d0e08a238b93645ed6b882bf0c5a3a9735bc0cc361c6bcb44d94629a2,Identical SHA-256 to earlier Ulfa image file
417.jpg,Healthy Leaf,healthy,INTERNAL_DATASET_DUPLICATE,29b93bd6cf63c8ff6de29d160fb935f06ad7c3bbc58cd1c1eebc0a48476e6e9f,Identical SHA-256 to earlier Ulfa image file
419.jpg,Healthy Leaf,healthy,INTERNAL_DATASET_DUPLICATE,63debfac43de863dffaccbced94c3d69a2b5597691974478a43077fa0b314bbb,Identical SHA-256 to earlier Ulfa image file
42.jpg,Healthy Leaf,healthy,INTERNAL_DATASET_DUPLICATE,b9d1bd788e4e9f945366fc5438d84a62174b272453ee450d5ada8f0c530ccb32,Identical SHA-256 to earlier Ulfa image file
422.jpg,Healthy Leaf,healthy,INTERNAL_DATASET_DUPLICATE,9a8f910dc3f82637433a71b4163d2051ebd19362e7562870a83187d939fb69f5,Identical SHA-256 to earlier Ulfa image file
423.jpg,Healthy Leaf,healthy,INTERNAL_DATASET_DUPLICATE,98bd73e84989cee702b6bc5870cc6ae6804b0ac1a9ba0713fe4f6629a1a3e2bd,Identical SHA-256 to earlier Ulfa image file
424.jpg,Healthy Leaf,healthy,INTERNAL_DATASET_DUPLICATE,98bd73e84989cee702b6bc5870cc6ae6804b0ac1a9ba0713fe4f6629a1a3e2bd,Identical SHA-256 to earlier Ulfa image file
425.jpg,Healthy Leaf,healthy,INTERNAL_DATASET_DUPLICATE,60f5a2eebf6134dc17b78b1f1910d8ba20c99f3e3271be2f9948f201777dc290,Identical SHA-256 to earlier Ulfa image file
426.jpg,Healthy Leaf,healthy,INTERNAL_DATASET_DUPLICATE,60f5a2eebf6134dc17b78b1f1910d8ba20c99f3e3271be2f9948f201777dc290,Identical SHA-256 to earlier Ulfa image file
427.jpg,Healthy Leaf,healthy,INTERNAL_DATASET_DUPLICATE,8ffeeacf583d954cf80c190b70dfbd1ccdfb67a4122cb996bfac89e6fb09b29d,Identical SHA-256 to earlier Ulfa image file
428.jpg,Healthy Leaf,healthy,INTERNAL_DATASET_DUPLICATE,29b93bd6cf63c8ff6de29d160fb935f06ad7c3bbc58cd1c1eebc0a48476e6e9f,Identical SHA-256 to earlier Ulfa image file
429.jpg,Healthy Leaf,healthy,INTERNAL_DATASET_DUPLICATE,1a2c8810159ef9c3616268869c57212354c59fb67d62fd2122c058b8c238329f,Identical SHA-256 to earlier Ulfa image file
43.jpg,Healthy Leaf,healthy,INTERNAL_DATASET_DUPLICATE,37397479434a4ede383dbc34bfafa0b30ddf4cc95d867c847bb46c797a805dc5,Identical SHA-256 to earlier Ulfa image file
430.jpg,Healthy Leaf,healthy,INTERNAL_DATASET_DUPLICATE,63debfac43de863dffaccbced94c3d69a2b5597691974478a43077fa0b314bbb,Identical SHA-256 to earlier Ulfa image file
431.jpg,Healthy Leaf,healthy,INTERNAL_DATASET_DUPLICATE,44c7692112cd37c97b0a1c6f45e0151f0c93a558f10b0f4a2f30ce2fab97c561,Identical SHA-256 to earlier Ulfa image file
432.jpg,Healthy Leaf,healthy,INTERNAL_DATASET_DUPLICATE,8e69f27c9a620bea2c118a826dbc47ddfd06bbaf6850676bedad583df7ffd605,Identical SHA-256 to earlier Ulfa image file
433.jpg,Healthy Leaf,healthy,INTERNAL_DATASET_DUPLICATE,9a8f910dc3f82637433a71b4163d2051ebd19362e7562870a83187d939fb69f5,Identical SHA-256 to earlier Ulfa image file
434.jpg,Healthy Leaf,healthy,INTERNAL_DATASET_DUPLICATE,98bd73e84989cee702b6bc5870cc6ae6804b0ac1a9ba0713fe4f6629a1a3e2bd,Identical SHA-256 to earlier Ulfa image file
435.jpg,Healthy Leaf,healthy,INTERNAL_DATASET_DUPLICATE,98bd73e84989cee702b6bc5870cc6ae6804b0ac1a9ba0713fe4f6629a1a3e2bd,Identical SHA-256 to earlier Ulfa image file
436.jpg,Healthy Leaf,healthy,INTERNAL_DATASET_DUPLICATE,60f5a2eebf6134dc17b78b1f1910d8ba20c99f3e3271be2f9948f201777dc290,Identical SHA-256 to earlier Ulfa image file
437.jpg,Healthy Leaf,healthy,INTERNAL_DATASET_DUPLICATE,60f5a2eebf6134dc17b78b1f1910d8ba20c99f3e3271be2f9948f201777dc290,Identical SHA-256 to earlier Ulfa image file
438.jpg,Healthy Leaf,healthy,INTERNAL_DATASET_DUPLICATE,8ffeeacf583d954cf80c190b70dfbd1ccdfb67a4122cb996bfac89e6fb09b29d,Identical SHA-256 to earlier Ulfa image file
44.jpg,Healthy Leaf,healthy,INTERNAL_DATASET_DUPLICATE,1ec8527ff161750cb29019f25c45c172dfc57f5f6fca107f6f5bc5225f9d08ae,Identical SHA-256 to earlier Ulfa image file
441.jpg,Healthy Leaf,healthy,INTERNAL_DATASET_DUPLICATE,b0d1b76ee25e9368a183447439076e846ef5405aa77b83bab41e20d1b7c12046,Identical SHA-256 to earlier Ulfa image file
45.jpg,Healthy Leaf,healthy,INTERNAL_DATASET_DUPLICATE,fd86f3c5953af26380b29ad1316b8cd8f98f6e4db54da247de942886faad04dc,Identical SHA-256 to earlier Ulfa image file
451.jpg,Healthy Leaf,healthy,INTERNAL_DATASET_DUPLICATE,5df10fd40b3af943cbb3c7526b6b49c8c56b4edf78fa0d5971522ba912544b9c,Identical SHA-256 to earlier Ulfa image file
452.jpg,Healthy Leaf,healthy,INTERNAL_DATASET_DUPLICATE,5df10fd40b3af943cbb3c7526b6b49c8c56b4edf78fa0d5971522ba912544b9c,Identical SHA-256 to earlier Ulfa image file
453.jpg,Healthy Leaf,healthy,INTERNAL_DATASET_DUPLICATE,5df10fd40b3af943cbb3c7526b6b49c8c56b4edf78fa0d5971522ba912544b9c,Identical SHA-256 to earlier Ulfa image file
454.jpg,Healthy Leaf,healthy,INTERNAL_DATASET_DUPLICATE,5df10fd40b3af943cbb3c7526b6b49c8c56b4edf78fa0d5971522ba912544b9c,Identical SHA-256 to earlier Ulfa image file
455.jpg,Healthy Leaf,healthy,INTERNAL_DATASET_DUPLICATE,5df10fd40b3af943cbb3c7526b6b49c8c56b4edf78fa0d5971522ba912544b9c,Identical SHA-256 to earlier Ulfa image file
456.jpg,Healthy Leaf,healthy,INTERNAL_DATASET_DUPLICATE,5df10fd40b3af943cbb3c7526b6b49c8c56b4edf78fa0d5971522ba912544b9c,Identical SHA-256 to earlier Ulfa image file
458.jpg,Healthy Leaf,healthy,INTERNAL_DATASET_DUPLICATE,c167c759e2fc36a1f61829ffc97a2a77979ce84e06c39c92f1d396320017ec8a,Identical SHA-256 to earlier Ulfa image file
459.jpg,Healthy Leaf,healthy,INTERNAL_DATASET_DUPLICATE,c167c759e2fc36a1f61829ffc97a2a77979ce84e06c39c92f1d396320017ec8a,Identical SHA-256 to earlier Ulfa image file
46.jpg,Healthy Leaf,healthy,INTERNAL_DATASET_DUPLICATE,3b816cdb6cb7421af8d3dcf282991692f0aad61d99f8450ecd027c9abc5d69ed,Identical SHA-256 to earlier Ulfa image file
460.jpg,Healthy Leaf,healthy,INTERNAL_DATASET_DUPLICATE,c167c759e2fc36a1f61829ffc97a2a77979ce84e06c39c92f1d396320017ec8a,Identical SHA-256 to earlier Ulfa image file
461.jpg,Healthy Leaf,healthy,INTERNAL_DATASET_DUPLICATE,c167c759e2fc36a1f61829ffc97a2a77979ce84e06c39c92f1d396320017ec8a,Identical SHA-256 to earlier Ulfa image file
462.jpg,Healthy Leaf,healthy,INTERNAL_DATASET_DUPLICATE,c167c759e2fc36a1f61829ffc97a2a77979ce84e06c39c92f1d396320017ec8a,Identical SHA-256 to earlier Ulfa image file
463.jpg,Healthy Leaf,healthy,INTERNAL_DATASET_DUPLICATE,c167c759e2fc36a1f61829ffc97a2a77979ce84e06c39c92f1d396320017ec8a,Identical SHA-256 to earlier Ulfa image file
465.jpg,Healthy Leaf,healthy,INTERNAL_DATASET_DUPLICATE,311e0fd6a8e7fc70a93dd441c57a70f21e57cd660ad7b0a0f07a0ff6f99deb66,Identical SHA-256 to earlier Ulfa image file
466.jpg,Healthy Leaf,healthy,INTERNAL_DATASET_DUPLICATE,311e0fd6a8e7fc70a93dd441c57a70f21e57cd660ad7b0a0f07a0ff6f99deb66,Identical SHA-256 to earlier Ulfa image file
467.jpg,Healthy Leaf,healthy,INTERNAL_DATASET_DUPLICATE,311e0fd6a8e7fc70a93dd441c57a70f21e57cd660ad7b0a0f07a0ff6f99deb66,Identical SHA-256 to earlier Ulfa image file
468.jpg,Healthy Leaf,healthy,INTERNAL_DATASET_DUPLICATE,311e0fd6a8e7fc70a93dd441c57a70f21e57cd660ad7b0a0f07a0ff6f99deb66,Identical SHA-256 to earlier Ulfa image file
469.jpg,Healthy Leaf,healthy,INTERNAL_DATASET_DUPLICATE,311e0fd6a8e7fc70a93dd441c57a70f21e57cd660ad7b0a0f07a0ff6f99deb66,Identical SHA-256 to earlier Ulfa image file
470.jpg,Healthy Leaf,healthy,INTERNAL_DATASET_DUPLICATE,8305b565299767c4e6c27d2040a5aaa4eea62bc4436d278dcb0d8378e60640af,Identical SHA-256 to earlier Ulfa image file
471.jpg,Healthy Leaf,healthy,INTERNAL_DATASET_DUPLICATE,8305b565299767c4e6c27d2040a5aaa4eea62bc4436d278dcb0d8378e60640af,Identical SHA-256 to earlier Ulfa image file
472.jpg,Healthy Leaf,healthy,INTERNAL_DATASET_DUPLICATE,8305b565299767c4e6c27d2040a5aaa4eea62bc4436d278dcb0d8378e60640af,Identical SHA-256 to earlier Ulfa image file
473.jpg,Healthy Leaf,healthy,INTERNAL_DATASET_DUPLICATE,8305b565299767c4e6c27d2040a5aaa4eea62bc4436d278dcb0d8378e60640af,Identical SHA-256 to earlier Ulfa image file
474.jpg,Healthy Leaf,healthy,INTERNAL_DATASET_DUPLICATE,8305b565299767c4e6c27d2040a5aaa4eea62bc4436d278dcb0d8378e60640af,Identical SHA-256 to earlier Ulfa image file
475.jpg,Healthy Leaf,healthy,INTERNAL_DATASET_DUPLICATE,8305b565299767c4e6c27d2040a5aaa4eea62bc4436d278dcb0d8378e60640af,Identical SHA-256 to earlier Ulfa image file
476.jpg,Healthy Leaf,healthy,INTERNAL_DATASET_DUPLICATE,8305b565299767c4e6c27d2040a5aaa4eea62bc4436d278dcb0d8378e60640af,Identical SHA-256 to earlier Ulfa image file
477.jpg,Healthy Leaf,healthy,INTERNAL_DATASET_DUPLICATE,8305b565299767c4e6c27d2040a5aaa4eea62bc4436d278dcb0d8378e60640af,Identical SHA-256 to earlier Ulfa image file
478.jpg,Healthy Leaf,healthy,EVAL_SET_NEAR_DUPLICATE,6e04e3daa610bba2b41aeba1341bb77b2dfefc2fc2cd1d679f1c9eca62d694df,dHash Hamming distance 0 <= 5 to eval image: results\model_robustness_audit\audit_images\track_c_realworld\chilli\healthy\pd_real_RnGnC.jpg
479.jpg,Healthy Leaf,healthy,INTERNAL_DATASET_DUPLICATE,b0d1b76ee25e9368a183447439076e846ef5405aa77b83bab41e20d1b7c12046,Identical SHA-256 to earlier Ulfa image file
48.jpg,Healthy Leaf,healthy,INTERNAL_DATASET_DUPLICATE,1a2c8810159ef9c3616268869c57212354c59fb67d62fd2122c058b8c238329f,Identical SHA-256 to earlier Ulfa image file
480.jpg,Healthy Leaf,healthy,INTERNAL_DATASET_DUPLICATE,b0d1b76ee25e9368a183447439076e846ef5405aa77b83bab41e20d1b7c12046,Identical SHA-256 to earlier Ulfa image file
49.jpg,Healthy Leaf,healthy,INTERNAL_DATASET_DUPLICATE,8ffeeacf583d954cf80c190b70dfbd1ccdfb67a4122cb996bfac89e6fb09b29d,Identical SHA-256 to earlier Ulfa image file
490.jpg,Healthy Leaf,healthy,INTERNAL_DATASET_DUPLICATE,8525a987cd9e8f96333e5c36e8805cd6a890a7593949b88a0e5b04dcf952818d,Identical SHA-256 to earlier Ulfa image file
50.jpg,Healthy Leaf,healthy,INTERNAL_DATASET_DUPLICATE,d2e2ad30315e3b35a243ab581d6377b26d6f84811161d2e90c888bc9a45060df,Identical SHA-256 to earlier Ulfa image file
539.jpg,Healthy Leaf,healthy,INTERNAL_DATASET_DUPLICATE,4d7e382a83f2d268b82c44675c4e1d96976a38aab7a7f4decd8a5d5513164db1,Identical SHA-256 to earlier Ulfa image file
540.jpg,Healthy Leaf,healthy,INTERNAL_DATASET_DUPLICATE,4d7e382a83f2d268b82c44675c4e1d96976a38aab7a7f4decd8a5d5513164db1,Identical SHA-256 to earlier Ulfa image file
541.jpg,Healthy Leaf,healthy,INTERNAL_DATASET_DUPLICATE,b0d1b76ee25e9368a183447439076e846ef5405aa77b83bab41e20d1b7c12046,Identical SHA-256 to earlier Ulfa image file
543.jpg,Healthy Leaf,healthy,INTERNAL_DATASET_DUPLICATE,5df10fd40b3af943cbb3c7526b6b49c8c56b4edf78fa0d5971522ba912544b9c,Identical SHA-256 to earlier Ulfa image file
545.jpg,Healthy Leaf,healthy,INTERNAL_DATASET_DUPLICATE,2226afb25866f37642069097783ffc2d43a4e1062a299c14dec8fb8ee61e3bb0,Identical SHA-256 to earlier Ulfa image file
546.jpg,Healthy Leaf,healthy,INTERNAL_DATASET_DUPLICATE,2226afb25866f37642069097783ffc2d43a4e1062a299c14dec8fb8ee61e3bb0,Identical SHA-256 to earlier Ulfa image file
547.jpg,Healthy Leaf,healthy,INTERNAL_DATASET_DUPLICATE,2226afb25866f37642069097783ffc2d43a4e1062a299c14dec8fb8ee61e3bb0,Identical SHA-256 to earlier Ulfa image file
550.jpg,Healthy Leaf,healthy,INTERNAL_DATASET_DUPLICATE,4d7e382a83f2d268b82c44675c4e1d96976a38aab7a7f4decd8a5d5513164db1,Identical SHA-256 to earlier Ulfa image file
551.jpg,Healthy Leaf,healthy,INTERNAL_DATASET_DUPLICATE,5f983e12def87c2f631038b3f21fe68d52cbdc149a13ee789143e8e2715b0bf7,Identical SHA-256 to earlier Ulfa image file
552.jpg,Healthy Leaf,healthy,INTERNAL_DATASET_DUPLICATE,5f983e12def87c2f631038b3f21fe68d52cbdc149a13ee789143e8e2715b0bf7,Identical SHA-256 to earlier Ulfa image file
553.jpg,Healthy Leaf,healthy,INTERNAL_DATASET_DUPLICATE,3ef3ca2e222a0a6a9487b3726b9ac0dbc9fdfcc640a5cf8ddd3133c264451423,Identical SHA-256 to earlier Ulfa image file
554.jpg,Healthy Leaf,healthy,INTERNAL_DATASET_DUPLICATE,3ef3ca2e222a0a6a9487b3726b9ac0dbc9fdfcc640a5cf8ddd3133c264451423,Identical SHA-256 to earlier Ulfa image file
555.jpg,Healthy Leaf,healthy,INTERNAL_DATASET_DUPLICATE,3ef3ca2e222a0a6a9487b3726b9ac0dbc9fdfcc640a5cf8ddd3133c264451423,Identical SHA-256 to earlier Ulfa image file
556.jpg,Healthy Leaf,healthy,INTERNAL_DATASET_DUPLICATE,3ef3ca2e222a0a6a9487b3726b9ac0dbc9fdfcc640a5cf8ddd3133c264451423,Identical SHA-256 to earlier Ulfa image file
557.jpg,Healthy Leaf,healthy,INTERNAL_DATASET_DUPLICATE,3ef3ca2e222a0a6a9487b3726b9ac0dbc9fdfcc640a5cf8ddd3133c264451423,Identical SHA-256 to earlier Ulfa image file
558.jpg,Healthy Leaf,healthy,INTERNAL_DATASET_DUPLICATE,3ef3ca2e222a0a6a9487b3726b9ac0dbc9fdfcc640a5cf8ddd3133c264451423,Identical SHA-256 to earlier Ulfa image file
559.jpg,Healthy Leaf,healthy,INTERNAL_DATASET_DUPLICATE,3ef3ca2e222a0a6a9487b3726b9ac0dbc9fdfcc640a5cf8ddd3133c264451423,Identical SHA-256 to earlier Ulfa image file
56.jpg,Healthy Leaf,healthy,INTERNAL_DATASET_DUPLICATE,e29988d69dab7eeedfb42d1dfc0e5eb97a821610b8b75985edd47752d2c776a8,Identical SHA-256 to earlier Ulfa image file
560.jpg,Healthy Leaf,healthy,INTERNAL_DATASET_DUPLICATE,3ef3ca2e222a0a6a9487b3726b9ac0dbc9fdfcc640a5cf8ddd3133c264451423,Identical SHA-256 to earlier Ulfa image file
561.jpg,Healthy Leaf,healthy,INTERNAL_DATASET_DUPLICATE,3ef3ca2e222a0a6a9487b3726b9ac0dbc9fdfcc640a5cf8ddd3133c264451423,Identical SHA-256 to earlier Ulfa image file
563.jpg,Healthy Leaf,healthy,INTERNAL_DATASET_DUPLICATE,f8c353d6719c2598f89df45a7af16d31f27ddd0ec67a191ef1c63343000df06d,Identical SHA-256 to earlier Ulfa image file
564.jpg,Healthy Leaf,healthy,INTERNAL_DATASET_DUPLICATE,f8c353d6719c2598f89df45a7af16d31f27ddd0ec67a191ef1c63343000df06d,Identical SHA-256 to earlier Ulfa image file
565.jpg,Healthy Leaf,healthy,INTERNAL_DATASET_DUPLICATE,f8c353d6719c2598f89df45a7af16d31f27ddd0ec67a191ef1c63343000df06d,Identical SHA-256 to earlier Ulfa image file
566.jpg,Healthy Leaf,healthy,INTERNAL_DATASET_DUPLICATE,f8c353d6719c2598f89df45a7af16d31f27ddd0ec67a191ef1c63343000df06d,Identical SHA-256 to earlier Ulfa image file
567.jpg,Healthy Leaf,healthy,INTERNAL_DATASET_DUPLICATE,f8c353d6719c2598f89df45a7af16d31f27ddd0ec67a191ef1c63343000df06d,Identical SHA-256 to earlier Ulfa image file
568.jpg,Healthy Leaf,healthy,INTERNAL_DATASET_DUPLICATE,f8c353d6719c2598f89df45a7af16d31f27ddd0ec67a191ef1c63343000df06d,Identical SHA-256 to earlier Ulfa image file
57.jpg,Healthy Leaf,healthy,INTERNAL_DATASET_DUPLICATE,a31c356f642d465131ea92d73baa4746c9c8350a1573a478bff071b2aef54d7f,Identical SHA-256 to earlier Ulfa image file
570.jpg,Healthy Leaf,healthy,INTERNAL_DATASET_DUPLICATE,5f983e12def87c2f631038b3f21fe68d52cbdc149a13ee789143e8e2715b0bf7,Identical SHA-256 to earlier Ulfa image file
571.jpg,Healthy Leaf,healthy,INTERNAL_DATASET_DUPLICATE,5f983e12def87c2f631038b3f21fe68d52cbdc149a13ee789143e8e2715b0bf7,Identical SHA-256 to earlier Ulfa image file
572.jpg,Healthy Leaf,healthy,INTERNAL_DATASET_DUPLICATE,5f983e12def87c2f631038b3f21fe68d52cbdc149a13ee789143e8e2715b0bf7,Identical SHA-256 to earlier Ulfa image file
573.jpg,Healthy Leaf,healthy,INTERNAL_DATASET_DUPLICATE,1a628b7f3956ce9657372d05c3b09e024dc893bb133c1788bf14695b88c3efd6,Identical SHA-256 to earlier Ulfa image file
574.jpg,Healthy Leaf,healthy,INTERNAL_DATASET_DUPLICATE,8fa7c33af13a1c7a3bd28edd4f97fdbab77881554beba26cbad994150dfd370c,Identical SHA-256 to earlier Ulfa image file
575.jpg,Healthy Leaf,healthy,INTERNAL_DATASET_DUPLICATE,4a270044ced434bc81150c478c6737a796ec6fcd14de14007da37a062861b445,Identical SHA-256 to earlier Ulfa image file
576.jpg,Healthy Leaf,healthy,INTERNAL_DATASET_DUPLICATE,2226afb25866f37642069097783ffc2d43a4e1062a299c14dec8fb8ee61e3bb0,Identical SHA-256 to earlier Ulfa image file
577.jpg,Healthy Leaf,healthy,INTERNAL_DATASET_DUPLICATE,2226afb25866f37642069097783ffc2d43a4e1062a299c14dec8fb8ee61e3bb0,Identical SHA-256 to earlier Ulfa image file
578.jpg,Healthy Leaf,healthy,INTERNAL_DATASET_DUPLICATE,2226afb25866f37642069097783ffc2d43a4e1062a299c14dec8fb8ee61e3bb0,Identical SHA-256 to earlier Ulfa image file
579.jpg,Healthy Leaf,healthy,INTERNAL_DATASET_DUPLICATE,9aa45231ee0a8fb3a04a66eb77ce6370c5af17cb2540fa40920c3b00f8b2a497,Identical SHA-256 to earlier Ulfa image file
580.jpg,Healthy Leaf,healthy,INTERNAL_DATASET_DUPLICATE,2f72717f6a4b31b23acbc9552e829efc537b5066fc274201ce0ef4507e10e6ca,Identical SHA-256 to earlier Ulfa image file
581.jpg,Healthy Leaf,healthy,INTERNAL_DATASET_DUPLICATE,4d7e382a83f2d268b82c44675c4e1d96976a38aab7a7f4decd8a5d5513164db1,Identical SHA-256 to earlier Ulfa image file
582.jpg,Healthy Leaf,healthy,INTERNAL_DATASET_DUPLICATE,5f983e12def87c2f631038b3f21fe68d52cbdc149a13ee789143e8e2715b0bf7,Identical SHA-256 to earlier Ulfa image file
583.jpg,Healthy Leaf,healthy,INTERNAL_DATASET_DUPLICATE,5f983e12def87c2f631038b3f21fe68d52cbdc149a13ee789143e8e2715b0bf7,Identical SHA-256 to earlier Ulfa image file
584.jpg,Healthy Leaf,healthy,INTERNAL_DATASET_DUPLICATE,3ef3ca2e222a0a6a9487b3726b9ac0dbc9fdfcc640a5cf8ddd3133c264451423,Identical SHA-256 to earlier Ulfa image file
585.jpg,Healthy Leaf,healthy,INTERNAL_DATASET_DUPLICATE,3ef3ca2e222a0a6a9487b3726b9ac0dbc9fdfcc640a5cf8ddd3133c264451423,Identical SHA-256 to earlier Ulfa image file
586.jpg,Healthy Leaf,healthy,INTERNAL_DATASET_DUPLICATE,3ef3ca2e222a0a6a9487b3726b9ac0dbc9fdfcc640a5cf8ddd3133c264451423,Identical SHA-256 to earlier Ulfa image file
587.jpg,Healthy Leaf,healthy,INTERNAL_DATASET_DUPLICATE,3ef3ca2e222a0a6a9487b3726b9ac0dbc9fdfcc640a5cf8ddd3133c264451423,Identical SHA-256 to earlier Ulfa image file
588.jpg,Healthy Leaf,healthy,INTERNAL_DATASET_DUPLICATE,3ef3ca2e222a0a6a9487b3726b9ac0dbc9fdfcc640a5cf8ddd3133c264451423,Identical SHA-256 to earlier Ulfa image file
589.jpg,Healthy Leaf,healthy,INTERNAL_DATASET_DUPLICATE,3ef3ca2e222a0a6a9487b3726b9ac0dbc9fdfcc640a5cf8ddd3133c264451423,Identical SHA-256 to earlier Ulfa image file
59.jpg,Healthy Leaf,healthy,INTERNAL_DATASET_DUPLICATE,ad4113999293f8d924b55f48e95425631ee4f6d6dfb7884eb0a1bb2aab1141d0,Identical SHA-256 to earlier Ulfa image file
590.jpg,Healthy Leaf,healthy,INTERNAL_DATASET_DUPLICATE,3ef3ca2e222a0a6a9487b3726b9ac0dbc9fdfcc640a5cf8ddd3133c264451423,Identical SHA-256 to earlier Ulfa image file
591.jpg,Healthy Leaf,healthy,INTERNAL_DATASET_DUPLICATE,3ef3ca2e222a0a6a9487b3726b9ac0dbc9fdfcc640a5cf8ddd3133c264451423,Identical SHA-256 to earlier Ulfa image file
592.jpg,Healthy Leaf,healthy,INTERNAL_DATASET_DUPLICATE,3ef3ca2e222a0a6a9487b3726b9ac0dbc9fdfcc640a5cf8ddd3133c264451423,Identical SHA-256 to earlier Ulfa image file
593.jpg,Healthy Leaf,healthy,INTERNAL_DATASET_DUPLICATE,f8c353d6719c2598f89df45a7af16d31f27ddd0ec67a191ef1c63343000df06d,Identical SHA-256 to earlier Ulfa image file
594.jpg,Healthy Leaf,healthy,INTERNAL_DATASET_DUPLICATE,f8c353d6719c2598f89df45a7af16d31f27ddd0ec67a191ef1c63343000df06d,Identical SHA-256 to earlier Ulfa image file
595.jpg,Healthy Leaf,healthy,INTERNAL_DATASET_DUPLICATE,f8c353d6719c2598f89df45a7af16d31f27ddd0ec67a191ef1c63343000df06d,Identical SHA-256 to earlier Ulfa image file
596.jpg,Healthy Leaf,healthy,INTERNAL_DATASET_DUPLICATE,f8c353d6719c2598f89df45a7af16d31f27ddd0ec67a191ef1c63343000df06d,Identical SHA-256 to earlier Ulfa image file
597.jpg,Healthy Leaf,healthy,INTERNAL_DATASET_DUPLICATE,f8c353d6719c2598f89df45a7af16d31f27ddd0ec67a191ef1c63343000df06d,Identical SHA-256 to earlier Ulfa image file
598.jpg,Healthy Leaf,healthy,INTERNAL_DATASET_DUPLICATE,f8c353d6719c2598f89df45a7af16d31f27ddd0ec67a191ef1c63343000df06d,Identical SHA-256 to earlier Ulfa image file
599.jpg,Healthy Leaf,healthy,INTERNAL_DATASET_DUPLICATE,f8c353d6719c2598f89df45a7af16d31f27ddd0ec67a191ef1c63343000df06d,Identical SHA-256 to earlier Ulfa image file
60.jpg,Healthy Leaf,healthy,EVAL_SET_EXACT_COLLISION (Track B),d70b1bca70427b084a16442e5dfc1976075a0519c261317062750d93acf4a024,Exact SHA-256 match with Track B evaluation sample
600.jpg,Healthy Leaf,healthy,INTERNAL_DATASET_DUPLICATE,86e1f16f346eaddd31cadae531dd6b3aa69680e8e87de08c61663768c5f2a746,Identical SHA-256 to earlier Ulfa image file
601.jpg,Healthy Leaf,healthy,INTERNAL_DATASET_DUPLICATE,b0d1b76ee25e9368a183447439076e846ef5405aa77b83bab41e20d1b7c12046,Identical SHA-256 to earlier Ulfa image file
602.jpg,Healthy Leaf,healthy,INTERNAL_DATASET_DUPLICATE,cec2c98acb959bc873b33dcedc0ab0237d524092c1928684bde56839c81536b2,Identical SHA-256 to earlier Ulfa image file
603.jpg,Healthy Leaf,healthy,INTERNAL_DATASET_DUPLICATE,b0d1b76ee25e9368a183447439076e846ef5405aa77b83bab41e20d1b7c12046,Identical SHA-256 to earlier Ulfa image file
604.jpg,Healthy Leaf,healthy,INTERNAL_DATASET_DUPLICATE,5f983e12def87c2f631038b3f21fe68d52cbdc149a13ee789143e8e2715b0bf7,Identical SHA-256 to earlier Ulfa image file
605.jpg,Healthy Leaf,healthy,INTERNAL_DATASET_DUPLICATE,5f983e12def87c2f631038b3f21fe68d52cbdc149a13ee789143e8e2715b0bf7,Identical SHA-256 to earlier Ulfa image file
606.jpg,Healthy Leaf,healthy,INTERNAL_DATASET_DUPLICATE,5f983e12def87c2f631038b3f21fe68d52cbdc149a13ee789143e8e2715b0bf7,Identical SHA-256 to earlier Ulfa image file
607.jpg,Healthy Leaf,healthy,INTERNAL_DATASET_DUPLICATE,b0d1b76ee25e9368a183447439076e846ef5405aa77b83bab41e20d1b7c12046,Identical SHA-256 to earlier Ulfa image file
608.jpg,Healthy Leaf,healthy,INTERNAL_DATASET_DUPLICATE,d11e8a1a3d49f24318ed9445b0c6f513855e6a138b0a4c52c2e09ea3236a864e,Identical SHA-256 to earlier Ulfa image file
609.jpg,Healthy Leaf,healthy,INTERNAL_DATASET_DUPLICATE,5df10fd40b3af943cbb3c7526b6b49c8c56b4edf78fa0d5971522ba912544b9c,Identical SHA-256 to earlier Ulfa image file
61.jpg,Healthy Leaf,healthy,INTERNAL_DATASET_DUPLICATE,e153c2acb450f6b7f2900f949d13dda60e4bd0ea4d76b9e4aa38145e9ce39d6c,Identical SHA-256 to earlier Ulfa image file
610.jpg,Healthy Leaf,healthy,INTERNAL_DATASET_DUPLICATE,2226afb25866f37642069097783ffc2d43a4e1062a299c14dec8fb8ee61e3bb0,Identical SHA-256 to earlier Ulfa image file
611.jpg,Healthy Leaf,healthy,INTERNAL_DATASET_DUPLICATE,2226afb25866f37642069097783ffc2d43a4e1062a299c14dec8fb8ee61e3bb0,Identical SHA-256 to earlier Ulfa image file
612.jpg,Healthy Leaf,healthy,INTERNAL_DATASET_DUPLICATE,2226afb25866f37642069097783ffc2d43a4e1062a299c14dec8fb8ee61e3bb0,Identical SHA-256 to earlier Ulfa image file
613.jpg,Healthy Leaf,healthy,INTERNAL_DATASET_DUPLICATE,2226afb25866f37642069097783ffc2d43a4e1062a299c14dec8fb8ee61e3bb0,Identical SHA-256 to earlier Ulfa image file
614.jpg,Healthy Leaf,healthy,INTERNAL_DATASET_DUPLICATE,4d7e382a83f2d268b82c44675c4e1d96976a38aab7a7f4decd8a5d5513164db1,Identical SHA-256 to earlier Ulfa image file
615.jpg,Healthy Leaf,healthy,INTERNAL_DATASET_DUPLICATE,4d7e382a83f2d268b82c44675c4e1d96976a38aab7a7f4decd8a5d5513164db1,Identical SHA-256 to earlier Ulfa image file
616.jpg,Healthy Leaf,healthy,INTERNAL_DATASET_DUPLICATE,4d7e382a83f2d268b82c44675c4e1d96976a38aab7a7f4decd8a5d5513164db1,Identical SHA-256 to earlier Ulfa image file
617.jpg,Healthy Leaf,healthy,INTERNAL_DATASET_DUPLICATE,4d7e382a83f2d268b82c44675c4e1d96976a38aab7a7f4decd8a5d5513164db1,Identical SHA-256 to earlier Ulfa image file
618.jpg,Healthy Leaf,healthy,INTERNAL_DATASET_DUPLICATE,4d7e382a83f2d268b82c44675c4e1d96976a38aab7a7f4decd8a5d5513164db1,Identical SHA-256 to earlier Ulfa image file
619.jpg,Healthy Leaf,healthy,INTERNAL_DATASET_DUPLICATE,2226afb25866f37642069097783ffc2d43a4e1062a299c14dec8fb8ee61e3bb0,Identical SHA-256 to earlier Ulfa image file
62.jpg,Healthy Leaf,healthy,INTERNAL_DATASET_DUPLICATE,ab4d4b93598e657607138d83aa238b0095f263c67dd9eda81285ec1b0d942d89,Identical SHA-256 to earlier Ulfa image file
621.jpg,Healthy Leaf,healthy,INTERNAL_DATASET_DUPLICATE,311e0fd6a8e7fc70a93dd441c57a70f21e57cd660ad7b0a0f07a0ff6f99deb66,Identical SHA-256 to earlier Ulfa image file
624.jpg,Healthy Leaf,healthy,INTERNAL_DATASET_DUPLICATE,5a0b7f48ed6b0e52df06b4d9eabed59540f2a22272f80dfdbafa6266857d1227,Identical SHA-256 to earlier Ulfa image file
625.jpg,Healthy Leaf,healthy,INTERNAL_DATASET_DUPLICATE,5a0b7f48ed6b0e52df06b4d9eabed59540f2a22272f80dfdbafa6266857d1227,Identical SHA-256 to earlier Ulfa image file
626.jpg,Healthy Leaf,healthy,INTERNAL_DATASET_DUPLICATE,5a0b7f48ed6b0e52df06b4d9eabed59540f2a22272f80dfdbafa6266857d1227,Identical SHA-256 to earlier Ulfa image file
627.jpg,Healthy Leaf,healthy,INTERNAL_DATASET_DUPLICATE,5a0b7f48ed6b0e52df06b4d9eabed59540f2a22272f80dfdbafa6266857d1227,Identical SHA-256 to earlier Ulfa image file
628.jpg,Healthy Leaf,healthy,INTERNAL_DATASET_DUPLICATE,5a0b7f48ed6b0e52df06b4d9eabed59540f2a22272f80dfdbafa6266857d1227,Identical SHA-256 to earlier Ulfa image file
629.jpg,Healthy Leaf,healthy,INTERNAL_DATASET_DUPLICATE,5a0b7f48ed6b0e52df06b4d9eabed59540f2a22272f80dfdbafa6266857d1227,Identical SHA-256 to earlier Ulfa image file
630.jpg,Healthy Leaf,healthy,INTERNAL_DATASET_DUPLICATE,5a0b7f48ed6b0e52df06b4d9eabed59540f2a22272f80dfdbafa6266857d1227,Identical SHA-256 to earlier Ulfa image file
631.jpg,Healthy Leaf,healthy,INTERNAL_DATASET_DUPLICATE,5a0b7f48ed6b0e52df06b4d9eabed59540f2a22272f80dfdbafa6266857d1227,Identical SHA-256 to earlier Ulfa image file
632.jpg,Healthy Leaf,healthy,INTERNAL_DATASET_DUPLICATE,5a0b7f48ed6b0e52df06b4d9eabed59540f2a22272f80dfdbafa6266857d1227,Identical SHA-256 to earlier Ulfa image file
634.jpg,Healthy Leaf,healthy,INTERNAL_DATASET_DUPLICATE,5a0b7f48ed6b0e52df06b4d9eabed59540f2a22272f80dfdbafa6266857d1227,Identical SHA-256 to earlier Ulfa image file
636.jpg,Healthy Leaf,healthy,INTERNAL_DATASET_DUPLICATE,f779f9023ca9099700268dd3ad242f5d5c1b1916a0e13ac8099069a81a295cf5,Identical SHA-256 to earlier Ulfa image file
637.jpg,Healthy Leaf,healthy,INTERNAL_DATASET_DUPLICATE,f779f9023ca9099700268dd3ad242f5d5c1b1916a0e13ac8099069a81a295cf5,Identical SHA-256 to earlier Ulfa image file
638.jpg,Healthy Leaf,healthy,INTERNAL_DATASET_DUPLICATE,f779f9023ca9099700268dd3ad242f5d5c1b1916a0e13ac8099069a81a295cf5,Identical SHA-256 to earlier Ulfa image file
639.jpg,Healthy Leaf,healthy,INTERNAL_DATASET_DUPLICATE,f779f9023ca9099700268dd3ad242f5d5c1b1916a0e13ac8099069a81a295cf5,Identical SHA-256 to earlier Ulfa image file
64.jpg,Healthy Leaf,healthy,INTERNAL_DATASET_DUPLICATE,2848c17cdd5f4bac30c1c895d21e45957b50e8c148d3ea0765d9fa96bbbf7d7c,Identical SHA-256 to earlier Ulfa image file
640.jpg,Healthy Leaf,healthy,INTERNAL_DATASET_DUPLICATE,f779f9023ca9099700268dd3ad242f5d5c1b1916a0e13ac8099069a81a295cf5,Identical SHA-256 to earlier Ulfa image file
641.jpg,Healthy Leaf,healthy,INTERNAL_DATASET_DUPLICATE,f779f9023ca9099700268dd3ad242f5d5c1b1916a0e13ac8099069a81a295cf5,Identical SHA-256 to earlier Ulfa image file
642.jpg,Healthy Leaf,healthy,INTERNAL_DATASET_DUPLICATE,2226afb25866f37642069097783ffc2d43a4e1062a299c14dec8fb8ee61e3bb0,Identical SHA-256 to earlier Ulfa image file
643.jpg,Healthy Leaf,healthy,INTERNAL_DATASET_DUPLICATE,2226afb25866f37642069097783ffc2d43a4e1062a299c14dec8fb8ee61e3bb0,Identical SHA-256 to earlier Ulfa image file
644.jpg,Healthy Leaf,healthy,INTERNAL_DATASET_DUPLICATE,2226afb25866f37642069097783ffc2d43a4e1062a299c14dec8fb8ee61e3bb0,Identical SHA-256 to earlier Ulfa image file
646.jpg,Healthy Leaf,healthy,INTERNAL_DATASET_DUPLICATE,33111db4f185895813968f88997e987f398cc726956780ab826071725ffb1fa2,Identical SHA-256 to earlier Ulfa image file
647.jpg,Healthy Leaf,healthy,INTERNAL_DATASET_DUPLICATE,1a628b7f3956ce9657372d05c3b09e024dc893bb133c1788bf14695b88c3efd6,Identical SHA-256 to earlier Ulfa image file
648.jpg,Healthy Leaf,healthy,INTERNAL_DATASET_DUPLICATE,1a628b7f3956ce9657372d05c3b09e024dc893bb133c1788bf14695b88c3efd6,Identical SHA-256 to earlier Ulfa image file
649.jpg,Healthy Leaf,healthy,INTERNAL_DATASET_DUPLICATE,1a628b7f3956ce9657372d05c3b09e024dc893bb133c1788bf14695b88c3efd6,Identical SHA-256 to earlier Ulfa image file
65.jpg,Healthy Leaf,healthy,INTERNAL_DATASET_DUPLICATE,5db9b7f5aabdd88cc5c8414fca7252b581a3cadfcf37120395a6b187e67d699c,Identical SHA-256 to earlier Ulfa image file
650.jpg,Healthy Leaf,healthy,INTERNAL_DATASET_DUPLICATE,1a628b7f3956ce9657372d05c3b09e024dc893bb133c1788bf14695b88c3efd6,Identical SHA-256 to earlier Ulfa image file
651.jpg,Healthy Leaf,healthy,INTERNAL_DATASET_DUPLICATE,1a628b7f3956ce9657372d05c3b09e024dc893bb133c1788bf14695b88c3efd6,Identical SHA-256 to earlier Ulfa image file
652.jpg,Healthy Leaf,healthy,INTERNAL_DATASET_DUPLICATE,1a628b7f3956ce9657372d05c3b09e024dc893bb133c1788bf14695b88c3efd6,Identical SHA-256 to earlier Ulfa image file
656.jpg,Healthy Leaf,healthy,INTERNAL_DATASET_DUPLICATE,33111db4f185895813968f88997e987f398cc726956780ab826071725ffb1fa2,Identical SHA-256 to earlier Ulfa image file
657.jpg,Healthy Leaf,healthy,INTERNAL_DATASET_DUPLICATE,33111db4f185895813968f88997e987f398cc726956780ab826071725ffb1fa2,Identical SHA-256 to earlier Ulfa image file
658.jpg,Healthy Leaf,healthy,INTERNAL_DATASET_DUPLICATE,33111db4f185895813968f88997e987f398cc726956780ab826071725ffb1fa2,Identical SHA-256 to earlier Ulfa image file
659.jpg,Healthy Leaf,healthy,INTERNAL_DATASET_DUPLICATE,33111db4f185895813968f88997e987f398cc726956780ab826071725ffb1fa2,Identical SHA-256 to earlier Ulfa image file
66.jpg,Healthy Leaf,healthy,INTERNAL_DATASET_DUPLICATE,03b587674c1fc9a7435024f665af05f4a0d8e876061c5951dc963c786c641ae4,Identical SHA-256 to earlier Ulfa image file
660.jpg,Healthy Leaf,healthy,INTERNAL_DATASET_DUPLICATE,33111db4f185895813968f88997e987f398cc726956780ab826071725ffb1fa2,Identical SHA-256 to earlier Ulfa image file
665.jpg,Healthy Leaf,healthy,INTERNAL_DATASET_DUPLICATE,f45f1412e901e9735965a614e279d076260fd870508c7baaa2fadbc71b7e8814,Identical SHA-256 to earlier Ulfa image file
666.jpg,Healthy Leaf,healthy,INTERNAL_DATASET_DUPLICATE,f45f1412e901e9735965a614e279d076260fd870508c7baaa2fadbc71b7e8814,Identical SHA-256 to earlier Ulfa image file
667.jpg,Healthy Leaf,healthy,INTERNAL_DATASET_DUPLICATE,f45f1412e901e9735965a614e279d076260fd870508c7baaa2fadbc71b7e8814,Identical SHA-256 to earlier Ulfa image file
668.jpg,Healthy Leaf,healthy,INTERNAL_DATASET_DUPLICATE,f45f1412e901e9735965a614e279d076260fd870508c7baaa2fadbc71b7e8814,Identical SHA-256 to earlier Ulfa image file
669.jpg,Healthy Leaf,healthy,INTERNAL_DATASET_DUPLICATE,f45f1412e901e9735965a614e279d076260fd870508c7baaa2fadbc71b7e8814,Identical SHA-256 to earlier Ulfa image file
670.jpg,Healthy Leaf,healthy,INTERNAL_DATASET_DUPLICATE,f45f1412e901e9735965a614e279d076260fd870508c7baaa2fadbc71b7e8814,Identical SHA-256 to earlier Ulfa image file
671.jpg,Healthy Leaf,healthy,INTERNAL_DATASET_DUPLICATE,f45f1412e901e9735965a614e279d076260fd870508c7baaa2fadbc71b7e8814,Identical SHA-256 to earlier Ulfa image file
673.jpg,Healthy Leaf,healthy,INTERNAL_DATASET_DUPLICATE,738717346a2d071839c8b99b436faf6c63f093538eb9473b3d29cfe13574803d,Identical SHA-256 to earlier Ulfa image file
674.jpg,Healthy Leaf,healthy,INTERNAL_DATASET_DUPLICATE,738717346a2d071839c8b99b436faf6c63f093538eb9473b3d29cfe13574803d,Identical SHA-256 to earlier Ulfa image file
675.jpg,Healthy Leaf,healthy,INTERNAL_DATASET_DUPLICATE,738717346a2d071839c8b99b436faf6c63f093538eb9473b3d29cfe13574803d,Identical SHA-256 to earlier Ulfa image file
676.jpg,Healthy Leaf,healthy,INTERNAL_DATASET_DUPLICATE,738717346a2d071839c8b99b436faf6c63f093538eb9473b3d29cfe13574803d,Identical SHA-256 to earlier Ulfa image file
677.jpg,Healthy Leaf,healthy,INTERNAL_DATASET_DUPLICATE,738717346a2d071839c8b99b436faf6c63f093538eb9473b3d29cfe13574803d,Identical SHA-256 to earlier Ulfa image file
678.jpg,Healthy Leaf,healthy,INTERNAL_DATASET_DUPLICATE,738717346a2d071839c8b99b436faf6c63f093538eb9473b3d29cfe13574803d,Identical SHA-256 to earlier Ulfa image file
679.jpg,Healthy Leaf,healthy,INTERNAL_DATASET_DUPLICATE,738717346a2d071839c8b99b436faf6c63f093538eb9473b3d29cfe13574803d,Identical SHA-256 to earlier Ulfa image file
680.jpg,Healthy Leaf,healthy,INTERNAL_DATASET_DUPLICATE,738717346a2d071839c8b99b436faf6c63f093538eb9473b3d29cfe13574803d,Identical SHA-256 to earlier Ulfa image file
681.jpg,Healthy Leaf,healthy,INTERNAL_DATASET_DUPLICATE,5a0b7f48ed6b0e52df06b4d9eabed59540f2a22272f80dfdbafa6266857d1227,Identical SHA-256 to earlier Ulfa image file
682.jpg,Healthy Leaf,healthy,INTERNAL_DATASET_DUPLICATE,5a0b7f48ed6b0e52df06b4d9eabed59540f2a22272f80dfdbafa6266857d1227,Identical SHA-256 to earlier Ulfa image file
683.jpg,Healthy Leaf,healthy,INTERNAL_DATASET_DUPLICATE,8fa7c33af13a1c7a3bd28edd4f97fdbab77881554beba26cbad994150dfd370c,Identical SHA-256 to earlier Ulfa image file
684.jpg,Healthy Leaf,healthy,INTERNAL_DATASET_DUPLICATE,8c451873853a0de30e5a8a231dd30744bfa9e751930d909d1b85dfde0881ecbf,Identical SHA-256 to earlier Ulfa image file
685.jpg,Healthy Leaf,healthy,INTERNAL_DATASET_DUPLICATE,8c451873853a0de30e5a8a231dd30744bfa9e751930d909d1b85dfde0881ecbf,Identical SHA-256 to earlier Ulfa image file
686.jpg,Healthy Leaf,healthy,INTERNAL_DATASET_DUPLICATE,8c451873853a0de30e5a8a231dd30744bfa9e751930d909d1b85dfde0881ecbf,Identical SHA-256 to earlier Ulfa image file
687.jpg,Healthy Leaf,healthy,INTERNAL_DATASET_DUPLICATE,8c451873853a0de30e5a8a231dd30744bfa9e751930d909d1b85dfde0881ecbf,Identical SHA-256 to earlier Ulfa image file
688.jpg,Healthy Leaf,healthy,INTERNAL_DATASET_DUPLICATE,8c451873853a0de30e5a8a231dd30744bfa9e751930d909d1b85dfde0881ecbf,Identical SHA-256 to earlier Ulfa image file
689.jpg,Healthy Leaf,healthy,INTERNAL_DATASET_DUPLICATE,8fa7c33af13a1c7a3bd28edd4f97fdbab77881554beba26cbad994150dfd370c,Identical SHA-256 to earlier Ulfa image file
690.jpg,Healthy Leaf,healthy,INTERNAL_DATASET_DUPLICATE,8fa7c33af13a1c7a3bd28edd4f97fdbab77881554beba26cbad994150dfd370c,Identical SHA-256 to earlier Ulfa image file
691.jpg,Healthy Leaf,healthy,INTERNAL_DATASET_DUPLICATE,8fa7c33af13a1c7a3bd28edd4f97fdbab77881554beba26cbad994150dfd370c,Identical SHA-256 to earlier Ulfa image file
692.jpg,Healthy Leaf,healthy,INTERNAL_DATASET_DUPLICATE,8fa7c33af13a1c7a3bd28edd4f97fdbab77881554beba26cbad994150dfd370c,Identical SHA-256 to earlier Ulfa image file
695.jpg,Healthy Leaf,healthy,INTERNAL_DATASET_DUPLICATE,32b06c0d138fcdedcb06335ac584536485eeb8336a6ff5213e9ebdeeac3c88aa,Identical SHA-256 to earlier Ulfa image file
696.jpg,Healthy Leaf,healthy,INTERNAL_DATASET_DUPLICATE,32b06c0d138fcdedcb06335ac584536485eeb8336a6ff5213e9ebdeeac3c88aa,Identical SHA-256 to earlier Ulfa image file
697.jpg,Healthy Leaf,healthy,INTERNAL_DATASET_DUPLICATE,32b06c0d138fcdedcb06335ac584536485eeb8336a6ff5213e9ebdeeac3c88aa,Identical SHA-256 to earlier Ulfa image file
698.jpg,Healthy Leaf,healthy,INTERNAL_DATASET_DUPLICATE,ba485186874dfc3ea2e377e1ee218ca338ea0cb6494580e0e1b2ba2656636a7f,Identical SHA-256 to earlier Ulfa image file
699.jpg,Healthy Leaf,healthy,INTERNAL_DATASET_DUPLICATE,ba485186874dfc3ea2e377e1ee218ca338ea0cb6494580e0e1b2ba2656636a7f,Identical SHA-256 to earlier Ulfa image file
700.jpg,Healthy Leaf,healthy,INTERNAL_DATASET_DUPLICATE,ba485186874dfc3ea2e377e1ee218ca338ea0cb6494580e0e1b2ba2656636a7f,Identical SHA-256 to earlier Ulfa image file
701.jpg,Healthy Leaf,healthy,INTERNAL_DATASET_DUPLICATE,ba485186874dfc3ea2e377e1ee218ca338ea0cb6494580e0e1b2ba2656636a7f,Identical SHA-256 to earlier Ulfa image file
702.jpg,Healthy Leaf,healthy,INTERNAL_DATASET_DUPLICATE,ba485186874dfc3ea2e377e1ee218ca338ea0cb6494580e0e1b2ba2656636a7f,Identical SHA-256 to earlier Ulfa image file
703.jpg,Healthy Leaf,healthy,INTERNAL_DATASET_DUPLICATE,ba485186874dfc3ea2e377e1ee218ca338ea0cb6494580e0e1b2ba2656636a7f,Identical SHA-256 to earlier Ulfa image file
704.jpg,Healthy Leaf,healthy,INTERNAL_DATASET_DUPLICATE,ba485186874dfc3ea2e377e1ee218ca338ea0cb6494580e0e1b2ba2656636a7f,Identical SHA-256 to earlier Ulfa image file
705.jpg,Healthy Leaf,healthy,INTERNAL_DATASET_DUPLICATE,ba485186874dfc3ea2e377e1ee218ca338ea0cb6494580e0e1b2ba2656636a7f,Identical SHA-256 to earlier Ulfa image file
706.jpg,Healthy Leaf,healthy,INTERNAL_DATASET_DUPLICATE,ba485186874dfc3ea2e377e1ee218ca338ea0cb6494580e0e1b2ba2656636a7f,Identical SHA-256 to earlier Ulfa image file
707.jpg,Healthy Leaf,healthy,INTERNAL_DATASET_DUPLICATE,ba485186874dfc3ea2e377e1ee218ca338ea0cb6494580e0e1b2ba2656636a7f,Identical SHA-256 to earlier Ulfa image file
708.jpg,Healthy Leaf,healthy,INTERNAL_DATASET_DUPLICATE,1a628b7f3956ce9657372d05c3b09e024dc893bb133c1788bf14695b88c3efd6,Identical SHA-256 to earlier Ulfa image file
709.jpg,Healthy Leaf,healthy,INTERNAL_DATASET_DUPLICATE,1a628b7f3956ce9657372d05c3b09e024dc893bb133c1788bf14695b88c3efd6,Identical SHA-256 to earlier Ulfa image file
710.jpg,Healthy Leaf,healthy,INTERNAL_DATASET_DUPLICATE,1a628b7f3956ce9657372d05c3b09e024dc893bb133c1788bf14695b88c3efd6,Identical SHA-256 to earlier Ulfa image file
711.jpg,Healthy Leaf,healthy,INTERNAL_DATASET_DUPLICATE,1a628b7f3956ce9657372d05c3b09e024dc893bb133c1788bf14695b88c3efd6,Identical SHA-256 to earlier Ulfa image file
712.jpg,Healthy Leaf,healthy,INTERNAL_DATASET_DUPLICATE,1a628b7f3956ce9657372d05c3b09e024dc893bb133c1788bf14695b88c3efd6,Identical SHA-256 to earlier Ulfa image file
713.jpg,Healthy Leaf,healthy,INTERNAL_DATASET_DUPLICATE,1a628b7f3956ce9657372d05c3b09e024dc893bb133c1788bf14695b88c3efd6,Identical SHA-256 to earlier Ulfa image file
714.jpg,Healthy Leaf,healthy,INTERNAL_DATASET_DUPLICATE,33111db4f185895813968f88997e987f398cc726956780ab826071725ffb1fa2,Identical SHA-256 to earlier Ulfa image file
715.jpg,Healthy Leaf,healthy,INTERNAL_DATASET_DUPLICATE,c167c759e2fc36a1f61829ffc97a2a77979ce84e06c39c92f1d396320017ec8a,Identical SHA-256 to earlier Ulfa image file
716.jpg,Healthy Leaf,healthy,INTERNAL_DATASET_DUPLICATE,8fa7c33af13a1c7a3bd28edd4f97fdbab77881554beba26cbad994150dfd370c,Identical SHA-256 to earlier Ulfa image file
717.jpg,Healthy Leaf,healthy,INTERNAL_DATASET_DUPLICATE,8fa7c33af13a1c7a3bd28edd4f97fdbab77881554beba26cbad994150dfd370c,Identical SHA-256 to earlier Ulfa image file
718.jpg,Healthy Leaf,healthy,INTERNAL_DATASET_DUPLICATE,8fa7c33af13a1c7a3bd28edd4f97fdbab77881554beba26cbad994150dfd370c,Identical SHA-256 to earlier Ulfa image file
719.jpg,Healthy Leaf,healthy,INTERNAL_DATASET_DUPLICATE,8fa7c33af13a1c7a3bd28edd4f97fdbab77881554beba26cbad994150dfd370c,Identical SHA-256 to earlier Ulfa image file
720.jpg,Healthy Leaf,healthy,INTERNAL_DATASET_DUPLICATE,8fa7c33af13a1c7a3bd28edd4f97fdbab77881554beba26cbad994150dfd370c,Identical SHA-256 to earlier Ulfa image file
721.jpg,Healthy Leaf,healthy,INTERNAL_DATASET_DUPLICATE,8fa7c33af13a1c7a3bd28edd4f97fdbab77881554beba26cbad994150dfd370c,Identical SHA-256 to earlier Ulfa image file
722.jpg,Healthy Leaf,healthy,INTERNAL_DATASET_DUPLICATE,8fa7c33af13a1c7a3bd28edd4f97fdbab77881554beba26cbad994150dfd370c,Identical SHA-256 to earlier Ulfa image file
723.jpg,Healthy Leaf,healthy,INTERNAL_DATASET_DUPLICATE,8fa7c33af13a1c7a3bd28edd4f97fdbab77881554beba26cbad994150dfd370c,Identical SHA-256 to earlier Ulfa image file
724.jpg,Healthy Leaf,healthy,INTERNAL_DATASET_DUPLICATE,8c451873853a0de30e5a8a231dd30744bfa9e751930d909d1b85dfde0881ecbf,Identical SHA-256 to earlier Ulfa image file
725.jpg,Healthy Leaf,healthy,INTERNAL_DATASET_DUPLICATE,8c451873853a0de30e5a8a231dd30744bfa9e751930d909d1b85dfde0881ecbf,Identical SHA-256 to earlier Ulfa image file
726.jpg,Healthy Leaf,healthy,INTERNAL_DATASET_DUPLICATE,8c451873853a0de30e5a8a231dd30744bfa9e751930d909d1b85dfde0881ecbf,Identical SHA-256 to earlier Ulfa image file
727.jpg,Healthy Leaf,healthy,INTERNAL_DATASET_DUPLICATE,8c451873853a0de30e5a8a231dd30744bfa9e751930d909d1b85dfde0881ecbf,Identical SHA-256 to earlier Ulfa image file
728.jpg,Healthy Leaf,healthy,INTERNAL_DATASET_DUPLICATE,8c451873853a0de30e5a8a231dd30744bfa9e751930d909d1b85dfde0881ecbf,Identical SHA-256 to earlier Ulfa image file
729.jpg,Healthy Leaf,healthy,INTERNAL_DATASET_DUPLICATE,8c451873853a0de30e5a8a231dd30744bfa9e751930d909d1b85dfde0881ecbf,Identical SHA-256 to earlier Ulfa image file
730.jpg,Healthy Leaf,healthy,INTERNAL_DATASET_DUPLICATE,8c451873853a0de30e5a8a231dd30744bfa9e751930d909d1b85dfde0881ecbf,Identical SHA-256 to earlier Ulfa image file
731.jpg,Healthy Leaf,healthy,INTERNAL_DATASET_DUPLICATE,8c451873853a0de30e5a8a231dd30744bfa9e751930d909d1b85dfde0881ecbf,Identical SHA-256 to earlier Ulfa image file
733.jpg,Healthy Leaf,healthy,INTERNAL_DATASET_DUPLICATE,1c6f7b65967b4f43fe04e0c294f1310fd60e0d1fdf358add895ac66b66e985ad,Identical SHA-256 to earlier Ulfa image file
734.jpg,Healthy Leaf,healthy,INTERNAL_DATASET_DUPLICATE,1c6f7b65967b4f43fe04e0c294f1310fd60e0d1fdf358add895ac66b66e985ad,Identical SHA-256 to earlier Ulfa image file
735.jpg,Healthy Leaf,healthy,INTERNAL_DATASET_DUPLICATE,1c6f7b65967b4f43fe04e0c294f1310fd60e0d1fdf358add895ac66b66e985ad,Identical SHA-256 to earlier Ulfa image file
736.jpg,Healthy Leaf,healthy,INTERNAL_DATASET_DUPLICATE,1c6f7b65967b4f43fe04e0c294f1310fd60e0d1fdf358add895ac66b66e985ad,Identical SHA-256 to earlier Ulfa image file
739.jpg,Healthy Leaf,healthy,INTERNAL_DATASET_DUPLICATE,33111db4f185895813968f88997e987f398cc726956780ab826071725ffb1fa2,Identical SHA-256 to earlier Ulfa image file
740.jpg,Healthy Leaf,healthy,INTERNAL_DATASET_DUPLICATE,1a628b7f3956ce9657372d05c3b09e024dc893bb133c1788bf14695b88c3efd6,Identical SHA-256 to earlier Ulfa image file
741.jpg,Healthy Leaf,healthy,INTERNAL_DATASET_DUPLICATE,b0d1b76ee25e9368a183447439076e846ef5405aa77b83bab41e20d1b7c12046,Identical SHA-256 to earlier Ulfa image file
742.jpg,Healthy Leaf,healthy,INTERNAL_DATASET_DUPLICATE,d11e8a1a3d49f24318ed9445b0c6f513855e6a138b0a4c52c2e09ea3236a864e,Identical SHA-256 to earlier Ulfa image file
743.jpg,Healthy Leaf,healthy,INTERNAL_DATASET_DUPLICATE,d11e8a1a3d49f24318ed9445b0c6f513855e6a138b0a4c52c2e09ea3236a864e,Identical SHA-256 to earlier Ulfa image file
744.jpg,Healthy Leaf,healthy,INTERNAL_DATASET_DUPLICATE,d11e8a1a3d49f24318ed9445b0c6f513855e6a138b0a4c52c2e09ea3236a864e,Identical SHA-256 to earlier Ulfa image file
745.jpg,Healthy Leaf,healthy,INTERNAL_DATASET_DUPLICATE,d11e8a1a3d49f24318ed9445b0c6f513855e6a138b0a4c52c2e09ea3236a864e,Identical SHA-256 to earlier Ulfa image file
746.jpg,Healthy Leaf,healthy,INTERNAL_DATASET_DUPLICATE,d11e8a1a3d49f24318ed9445b0c6f513855e6a138b0a4c52c2e09ea3236a864e,Identical SHA-256 to earlier Ulfa image file
747.jpg,Healthy Leaf,healthy,INTERNAL_DATASET_DUPLICATE,d11e8a1a3d49f24318ed9445b0c6f513855e6a138b0a4c52c2e09ea3236a864e,Identical SHA-256 to earlier Ulfa image file
748.jpg,Healthy Leaf,healthy,INTERNAL_DATASET_DUPLICATE,d11e8a1a3d49f24318ed9445b0c6f513855e6a138b0a4c52c2e09ea3236a864e,Identical SHA-256 to earlier Ulfa image file
749.jpg,Healthy Leaf,healthy,INTERNAL_DATASET_DUPLICATE,d11e8a1a3d49f24318ed9445b0c6f513855e6a138b0a4c52c2e09ea3236a864e,Identical SHA-256 to earlier Ulfa image file
750.jpg,Healthy Leaf,healthy,INTERNAL_DATASET_DUPLICATE,d11e8a1a3d49f24318ed9445b0c6f513855e6a138b0a4c52c2e09ea3236a864e,Identical SHA-256 to earlier Ulfa image file
751.jpg,Healthy Leaf,healthy,INTERNAL_DATASET_DUPLICATE,d11e8a1a3d49f24318ed9445b0c6f513855e6a138b0a4c52c2e09ea3236a864e,Identical SHA-256 to earlier Ulfa image file
752.jpg,Healthy Leaf,healthy,INTERNAL_DATASET_DUPLICATE,d11e8a1a3d49f24318ed9445b0c6f513855e6a138b0a4c52c2e09ea3236a864e,Identical SHA-256 to earlier Ulfa image file
753.jpg,Healthy Leaf,healthy,INTERNAL_DATASET_DUPLICATE,d11e8a1a3d49f24318ed9445b0c6f513855e6a138b0a4c52c2e09ea3236a864e,Identical SHA-256 to earlier Ulfa image file
754.jpg,Healthy Leaf,healthy,INTERNAL_DATASET_DUPLICATE,32b06c0d138fcdedcb06335ac584536485eeb8336a6ff5213e9ebdeeac3c88aa,Identical SHA-256 to earlier Ulfa image file
755.jpg,Healthy Leaf,healthy,INTERNAL_DATASET_DUPLICATE,32b06c0d138fcdedcb06335ac584536485eeb8336a6ff5213e9ebdeeac3c88aa,Identical SHA-256 to earlier Ulfa image file
756.jpg,Healthy Leaf,healthy,INTERNAL_DATASET_DUPLICATE,32b06c0d138fcdedcb06335ac584536485eeb8336a6ff5213e9ebdeeac3c88aa,Identical SHA-256 to earlier Ulfa image file
757.jpg,Healthy Leaf,healthy,INTERNAL_DATASET_DUPLICATE,32b06c0d138fcdedcb06335ac584536485eeb8336a6ff5213e9ebdeeac3c88aa,Identical SHA-256 to earlier Ulfa image file
758.jpg,Healthy Leaf,healthy,INTERNAL_DATASET_DUPLICATE,32b06c0d138fcdedcb06335ac584536485eeb8336a6ff5213e9ebdeeac3c88aa,Identical SHA-256 to earlier Ulfa image file
759.jpg,Healthy Leaf,healthy,INTERNAL_DATASET_DUPLICATE,32b06c0d138fcdedcb06335ac584536485eeb8336a6ff5213e9ebdeeac3c88aa,Identical SHA-256 to earlier Ulfa image file
760.jpg,Healthy Leaf,healthy,INTERNAL_DATASET_DUPLICATE,32b06c0d138fcdedcb06335ac584536485eeb8336a6ff5213e9ebdeeac3c88aa,Identical SHA-256 to earlier Ulfa image file
761.jpg,Healthy Leaf,healthy,INTERNAL_DATASET_DUPLICATE,311e0fd6a8e7fc70a93dd441c57a70f21e57cd660ad7b0a0f07a0ff6f99deb66,Identical SHA-256 to earlier Ulfa image file
762.jpg,Healthy Leaf,healthy,INTERNAL_DATASET_DUPLICATE,311e0fd6a8e7fc70a93dd441c57a70f21e57cd660ad7b0a0f07a0ff6f99deb66,Identical SHA-256 to earlier Ulfa image file
763.jpg,Healthy Leaf,healthy,INTERNAL_DATASET_DUPLICATE,311e0fd6a8e7fc70a93dd441c57a70f21e57cd660ad7b0a0f07a0ff6f99deb66,Identical SHA-256 to earlier Ulfa image file
764.jpg,Healthy Leaf,healthy,INTERNAL_DATASET_DUPLICATE,311e0fd6a8e7fc70a93dd441c57a70f21e57cd660ad7b0a0f07a0ff6f99deb66,Identical SHA-256 to earlier Ulfa image file
765.jpg,Healthy Leaf,healthy,INTERNAL_DATASET_DUPLICATE,cec2c98acb959bc873b33dcedc0ab0237d524092c1928684bde56839c81536b2,Identical SHA-256 to earlier Ulfa image file
766.jpg,Healthy Leaf,healthy,INTERNAL_DATASET_DUPLICATE,cec2c98acb959bc873b33dcedc0ab0237d524092c1928684bde56839c81536b2,Identical SHA-256 to earlier Ulfa image file
767.jpg,Healthy Leaf,healthy,INTERNAL_DATASET_DUPLICATE,cec2c98acb959bc873b33dcedc0ab0237d524092c1928684bde56839c81536b2,Identical SHA-256 to earlier Ulfa image file
768.jpg,Healthy Leaf,healthy,INTERNAL_DATASET_DUPLICATE,cec2c98acb959bc873b33dcedc0ab0237d524092c1928684bde56839c81536b2,Identical SHA-256 to earlier Ulfa image file
769.jpg,Healthy Leaf,healthy,INTERNAL_DATASET_DUPLICATE,cec2c98acb959bc873b33dcedc0ab0237d524092c1928684bde56839c81536b2,Identical SHA-256 to earlier Ulfa image file
77.jpg,Healthy Leaf,healthy,INTERNAL_DATASET_DUPLICATE,93b6c80ddd95d0573056c881dacb954f244d5af1cb5df4570186bf5c34d720bf,Identical SHA-256 to earlier Ulfa image file
770.jpg,Healthy Leaf,healthy,INTERNAL_DATASET_DUPLICATE,cec2c98acb959bc873b33dcedc0ab0237d524092c1928684bde56839c81536b2,Identical SHA-256 to earlier Ulfa image file
771.jpg,Healthy Leaf,healthy,INTERNAL_DATASET_DUPLICATE,cec2c98acb959bc873b33dcedc0ab0237d524092c1928684bde56839c81536b2,Identical SHA-256 to earlier Ulfa image file
772.jpg,Healthy Leaf,healthy,INTERNAL_DATASET_DUPLICATE,cec2c98acb959bc873b33dcedc0ab0237d524092c1928684bde56839c81536b2,Identical SHA-256 to earlier Ulfa image file
773.jpg,Healthy Leaf,healthy,INTERNAL_DATASET_DUPLICATE,cec2c98acb959bc873b33dcedc0ab0237d524092c1928684bde56839c81536b2,Identical SHA-256 to earlier Ulfa image file
774.jpg,Healthy Leaf,healthy,INTERNAL_DATASET_DUPLICATE,b0d1b76ee25e9368a183447439076e846ef5405aa77b83bab41e20d1b7c12046,Identical SHA-256 to earlier Ulfa image file
775.jpg,Healthy Leaf,healthy,INTERNAL_DATASET_DUPLICATE,b0d1b76ee25e9368a183447439076e846ef5405aa77b83bab41e20d1b7c12046,Identical SHA-256 to earlier Ulfa image file
776.jpg,Healthy Leaf,healthy,INTERNAL_DATASET_DUPLICATE,b0d1b76ee25e9368a183447439076e846ef5405aa77b83bab41e20d1b7c12046,Identical SHA-256 to earlier Ulfa image file
777.jpg,Healthy Leaf,healthy,INTERNAL_DATASET_DUPLICATE,b0d1b76ee25e9368a183447439076e846ef5405aa77b83bab41e20d1b7c12046,Identical SHA-256 to earlier Ulfa image file
779.jpg,Healthy Leaf,healthy,INTERNAL_DATASET_DUPLICATE,f8a11657cdcf47c4016bb6bd9e1b76b4c8e483b631f4fc9973680a98aa6d2154,Identical SHA-256 to earlier Ulfa image file
784.jpg,Healthy Leaf,healthy,INTERNAL_DATASET_DUPLICATE,9c9aaf1eca0f07750c334be0ebd003d51a856a7e9a54c26f63a37627d60de22d,Identical SHA-256 to earlier Ulfa image file
787.jpg,Healthy Leaf,healthy,INTERNAL_DATASET_DUPLICATE,f1194cc7d402b72400afd114a2261d3624e4bd1b4b5803f8a864b71a127c9d82,Identical SHA-256 to earlier Ulfa image file
788.jpg,Healthy Leaf,healthy,INTERNAL_DATASET_DUPLICATE,6ba9279bdf7ba93e7e3c60d93d9a526aaf2684c9466b71d1700aa19bb31032fd,Identical SHA-256 to earlier Ulfa image file
789.jpg,Healthy Leaf,healthy,INTERNAL_DATASET_DUPLICATE,21d3654a15d81233a8efe7384b2d87861e56743236fdc9162a87ac4d72794b22,Identical SHA-256 to earlier Ulfa image file
790.jpg,Healthy Leaf,healthy,EVAL_SET_EXACT_COLLISION (Track C),ffa56d5857feba0edcfcbf8b82bd6df9f30d79923e73e48e6f590c077b23dfcf,Exact SHA-256 match with Track C evaluation sample
791.jpg,Healthy Leaf,healthy,EVAL_SET_EXACT_COLLISION (Track C),ffa56d5857feba0edcfcbf8b82bd6df9f30d79923e73e48e6f590c077b23dfcf,Exact SHA-256 match with Track C evaluation sample
860.jpg,Healthy Leaf,healthy,INTERNAL_DATASET_DUPLICATE,96bc8d73007b0f7789ecafef1a13ee591558fe3a3161453fda9a5445155e1e45,Identical SHA-256 to earlier Ulfa image file
861.jpg,Healthy Leaf,healthy,INTERNAL_DATASET_DUPLICATE,8ffeeacf583d954cf80c190b70dfbd1ccdfb67a4122cb996bfac89e6fb09b29d,Identical SHA-256 to earlier Ulfa image file
862.jpg,Healthy Leaf,healthy,INTERNAL_DATASET_DUPLICATE,77f4010296bfac46b1865e2e72d337e4e69bade6961acb1531936b81c7dbb96d,Identical SHA-256 to earlier Ulfa image file
863.jpg,Healthy Leaf,healthy,INTERNAL_DATASET_DUPLICATE,c661cef23a934026057470034fa3c581f757ff8d20635248f4fbc9a71fa1dea8,Identical SHA-256 to earlier Ulfa image file
864.jpg,Healthy Leaf,healthy,INTERNAL_DATASET_DUPLICATE,1ad6855656b8f7560d14118870b0bc085ab5381ac5dc7630fce000b1c46487f2,Identical SHA-256 to earlier Ulfa image file
865.jpg,Healthy Leaf,healthy,INTERNAL_DATASET_DUPLICATE,ba2611cf1520fc6ef8ba62683ea990a4c95afade2fef1ab0b77c6ac208d2ce07,Identical SHA-256 to earlier Ulfa image file
866.jpg,Healthy Leaf,healthy,INTERNAL_DATASET_DUPLICATE,c661cef23a934026057470034fa3c581f757ff8d20635248f4fbc9a71fa1dea8,Identical SHA-256 to earlier Ulfa image file
867.jpg,Healthy Leaf,healthy,INTERNAL_DATASET_DUPLICATE,311d186f109e8dfcd772e81711a8e4732735e6e84b3c42f6582b59173fbc4356,Identical SHA-256 to earlier Ulfa image file
868.jpg,Healthy Leaf,healthy,INTERNAL_DATASET_DUPLICATE,5d87cba372f6e46cec485c38da745e9261652608c6bb1b7762fe757f90cb8efc,Identical SHA-256 to earlier Ulfa image file
869.jpg,Healthy Leaf,healthy,INTERNAL_DATASET_DUPLICATE,932b0080940f80982fcd60a710a10f0de2e6344f635fd371157eec4ffe4aca2b,Identical SHA-256 to earlier Ulfa image file
870.jpg,Healthy Leaf,healthy,INTERNAL_DATASET_DUPLICATE,bbfdbc1650a5475ae361eaa84ec51be41ca4d5502bdaad871b961e8135163830,Identical SHA-256 to earlier Ulfa image file
871.jpg,Healthy Leaf,healthy,INTERNAL_DATASET_DUPLICATE,9fb7d30c16ed193c6ce16037edef27554e8ba1d221ad907b506a91bb72244aae,Identical SHA-256 to earlier Ulfa image file
872.jpg,Healthy Leaf,healthy,INTERNAL_DATASET_DUPLICATE,9fb7d30c16ed193c6ce16037edef27554e8ba1d221ad907b506a91bb72244aae,Identical SHA-256 to earlier Ulfa image file
873.jpg,Healthy Leaf,healthy,INTERNAL_DATASET_DUPLICATE,32d1e89f24f506033ee8898b1f80b93a69098786fb99765a9c15e830f138ba8f,Identical SHA-256 to earlier Ulfa image file
874.jpg,Healthy Leaf,healthy,INTERNAL_DATASET_DUPLICATE,4999dd94ec17d8af7ec26624cdd6a580c20d3984d4c5b3bb2eaed122d7790106,Identical SHA-256 to earlier Ulfa image file
875.jpg,Healthy Leaf,healthy,INTERNAL_DATASET_DUPLICATE,a01178177a5151af69be9a3e257633d419672e47732db2999bc43def0e5134b9,Identical SHA-256 to earlier Ulfa image file
876.jpg,Healthy Leaf,healthy,INTERNAL_DATASET_DUPLICATE,4999dd94ec17d8af7ec26624cdd6a580c20d3984d4c5b3bb2eaed122d7790106,Identical SHA-256 to earlier Ulfa image file
877.jpg,Healthy Leaf,healthy,INTERNAL_DATASET_DUPLICATE,90c8f5237f8e50c4103472dff8b934911d38700c1d3b8428f0e57b2188dbc693,Identical SHA-256 to earlier Ulfa image file
878.jpg,Healthy Leaf,healthy,INTERNAL_DATASET_DUPLICATE,a451efe866f7b57f5dbc12c36885b99154612f45a7b58753316f4fd173479b96,Identical SHA-256 to earlier Ulfa image file
879.jpg,Healthy Leaf,healthy,INTERNAL_DATASET_DUPLICATE,a451efe866f7b57f5dbc12c36885b99154612f45a7b58753316f4fd173479b96,Identical SHA-256 to earlier Ulfa image file
880.jpg,Healthy Leaf,healthy,INTERNAL_DATASET_DUPLICATE,efd033b4b85b8137de77531ea44fe94a12c7df26f41c20f2b0f6bc17139bb302,Identical SHA-256 to earlier Ulfa image file
881.jpg,Healthy Leaf,healthy,INTERNAL_DATASET_DUPLICATE,37397479434a4ede383dbc34bfafa0b30ddf4cc95d867c847bb46c797a805dc5,Identical SHA-256 to earlier Ulfa image file
882.jpg,Healthy Leaf,healthy,INTERNAL_DATASET_DUPLICATE,b9d1bd788e4e9f945366fc5438d84a62174b272453ee450d5ada8f0c530ccb32,Identical SHA-256 to earlier Ulfa image file
883.jpg,Healthy Leaf,healthy,INTERNAL_DATASET_DUPLICATE,37397479434a4ede383dbc34bfafa0b30ddf4cc95d867c847bb46c797a805dc5,Identical SHA-256 to earlier Ulfa image file
884.jpg,Healthy Leaf,healthy,INTERNAL_DATASET_DUPLICATE,e6f2c66d93cbb1db06a15a7b00b136deb8afaf55b0f14a0a40cefc98a73442a2,Identical SHA-256 to earlier Ulfa image file
885.jpg,Healthy Leaf,healthy,INTERNAL_DATASET_DUPLICATE,1ec8527ff161750cb29019f25c45c172dfc57f5f6fca107f6f5bc5225f9d08ae,Identical SHA-256 to earlier Ulfa image file
886.jpg,Healthy Leaf,healthy,INTERNAL_DATASET_DUPLICATE,d3c2c382ff6ada83f6b15496b54520851258af2cb493e364e0c9108bf0e83acb,Identical SHA-256 to earlier Ulfa image file
887.jpg,Healthy Leaf,healthy,INTERNAL_DATASET_DUPLICATE,bd7d394a9bc350a11f5269f8eaea0ca2ceb30aa6be0917ac0c615fab2d1a725a,Identical SHA-256 to earlier Ulfa image file
888.jpg,Healthy Leaf,healthy,INTERNAL_DATASET_DUPLICATE,fd86f3c5953af26380b29ad1316b8cd8f98f6e4db54da247de942886faad04dc,Identical SHA-256 to earlier Ulfa image file
889.jpg,Healthy Leaf,healthy,INTERNAL_DATASET_DUPLICATE,3b816cdb6cb7421af8d3dcf282991692f0aad61d99f8450ecd027c9abc5d69ed,Identical SHA-256 to earlier Ulfa image file
890.jpg,Healthy Leaf,healthy,INTERNAL_DATASET_DUPLICATE,0f81492481cdb2201eca66e0a29c1e491600eef5e0fc79371003fe3a16bf4ff1,Identical SHA-256 to earlier Ulfa image file
891.jpg,Healthy Leaf,healthy,INTERNAL_DATASET_DUPLICATE,0f81492481cdb2201eca66e0a29c1e491600eef5e0fc79371003fe3a16bf4ff1,Identical SHA-256 to earlier Ulfa image file
892.jpg,Healthy Leaf,healthy,INTERNAL_DATASET_DUPLICATE,85c640a8e54580ebc37f7c5f3dec29dce5dc5b7685d70ef3f346aa25ce7e6db8,Identical SHA-256 to earlier Ulfa image file
893.jpg,Healthy Leaf,healthy,INTERNAL_DATASET_DUPLICATE,b7dd5f5d0e08a238b93645ed6b882bf0c5a3a9735bc0cc361c6bcb44d94629a2,Identical SHA-256 to earlier Ulfa image file
894.jpg,Healthy Leaf,healthy,INTERNAL_DATASET_DUPLICATE,b7dd5f5d0e08a238b93645ed6b882bf0c5a3a9735bc0cc361c6bcb44d94629a2,Identical SHA-256 to earlier Ulfa image file
895.jpg,Healthy Leaf,healthy,INTERNAL_DATASET_DUPLICATE,a4003a7a5c14cd95c23365359153f7fc0a2ee691184fbf8bdbacf27866a2bbb2,Identical SHA-256 to earlier Ulfa image file
898.jpg,Healthy Leaf,healthy,INTERNAL_DATASET_DUPLICATE,b6350b6b372b1a096f7c3339119ea182e5e5851044c3f5cec03fa4cecfb4a20c,Identical SHA-256 to earlier Ulfa image file
900.jpg,Healthy Leaf,healthy,INTERNAL_DATASET_DUPLICATE,99dc866fcf1f50d8b9a652b2f953ae9044e8ff53fb32b9d49f14b88eca300f7f,Identical SHA-256 to earlier Ulfa image file
903.jpg,Healthy Leaf,healthy,INTERNAL_DATASET_DUPLICATE,c84c9f8b10e444775977ce42a9b5c8ff9817c2914e3965624c0efa42037d9209,Identical SHA-256 to earlier Ulfa image file
904.jpg,Healthy Leaf,healthy,INTERNAL_DATASET_DUPLICATE,29b93bd6cf63c8ff6de29d160fb935f06ad7c3bbc58cd1c1eebc0a48476e6e9f,Identical SHA-256 to earlier Ulfa image file
905.jpg,Healthy Leaf,healthy,INTERNAL_DATASET_DUPLICATE,1a2c8810159ef9c3616268869c57212354c59fb67d62fd2122c058b8c238329f,Identical SHA-256 to earlier Ulfa image file
906.jpg,Healthy Leaf,healthy,INTERNAL_DATASET_DUPLICATE,63debfac43de863dffaccbced94c3d69a2b5597691974478a43077fa0b314bbb,Identical SHA-256 to earlier Ulfa image file
909.jpg,Healthy Leaf,healthy,INTERNAL_DATASET_DUPLICATE,cb50ba51377867beff86ea7eea9e5756591266567c389966fc27a258991337c0,Identical SHA-256 to earlier Ulfa image file
910.jpg,Healthy Leaf,healthy,INTERNAL_DATASET_DUPLICATE,525dd509ab4bb07c95cb6123c186600601c52f79e320d1577e68804fcf5e7308,Identical SHA-256 to earlier Ulfa image file
912.jpg,Healthy Leaf,healthy,INTERNAL_DATASET_DUPLICATE,b28c350aff134b822f6fadb1fd01c05d1d475bc882a576c544560e3ff222d4f8,Identical SHA-256 to earlier Ulfa image file
923.jpg,Healthy Leaf,healthy,INTERNAL_DATASET_DUPLICATE,de2d9dd2ca7fe71080ce189705dfba1c6e41f20aed27541ff59bea917427b636,Identical SHA-256 to earlier Ulfa image file
925.jpg,Healthy Leaf,healthy,INTERNAL_DATASET_DUPLICATE,3d3385375e26bddfc7ce600a4faf0c463709867a476a27c4c8d56a9cdbd874fc,Identical SHA-256 to earlier Ulfa image file
939.jpg,Healthy Leaf,healthy,INTERNAL_DATASET_DUPLICATE,574a76ecd01d8dda0284cab0a9bbd7d8b0d4db6af42f782287afc746906378d6,Identical SHA-256 to earlier Ulfa image file
945.jpg,Healthy Leaf,healthy,INTERNAL_DATASET_DUPLICATE,9e7a79c674de3f242ba504966edaf48254b8c242e2587040a5820ffb9379c961,Identical SHA-256 to earlier Ulfa image file
951.jpg,Healthy Leaf,healthy,INTERNAL_DATASET_DUPLICATE,11257454232f488ed2670b66fc02003fa3e4e551a84407b52722d07f43ba3d6d,Identical SHA-256 to earlier Ulfa image file
955.jpg,Healthy Leaf,healthy,INTERNAL_DATASET_DUPLICATE,a236e2cb0eda5b973389a53a788a15d59fe12eb730a82634d26361ffb781e12b,Identical SHA-256 to earlier Ulfa image file
96.jpg,Healthy Leaf,healthy,INTERNAL_DATASET_DUPLICATE,c2df4511bee26d6c9d44dc5f541d41bb5ec3bce6987286605f56a3490d40daf4,Identical SHA-256 to earlier Ulfa image file
967.jpg,Healthy Leaf,healthy,INTERNAL_DATASET_DUPLICATE,e12eaa68a3c0733b6d62360e20a759fab82edae5b5ba8bcd03db3e71cdbad4fa,Identical SHA-256 to earlier Ulfa image file
97.jpg,Healthy Leaf,healthy,INTERNAL_DATASET_DUPLICATE,fcdcc01b446b33c66ac5e936d939a772846d4f3d348ce7cd67a440cc0d8924eb,Identical SHA-256 to earlier Ulfa image file
982.jpg,Healthy Leaf,healthy,INTERNAL_DATASET_DUPLICATE,32de1e29223811d108765c848effbf5eb4fe6a32b684df6fc4782a658854d9d3,Identical SHA-256 to earlier Ulfa image file
985.jpg,Healthy Leaf,healthy,INTERNAL_DATASET_DUPLICATE,8463dbadd62f3fc39ff354d10b40912fce4936df4c3ec245eec6cd27d0822024,Identical SHA-256 to earlier Ulfa image file
991.jpg,Healthy Leaf,healthy,INTERNAL_DATASET_DUPLICATE,13b139f208b29580578d1a8767538e7858efae484c6e6471c18876bce1fd520c,Identical SHA-256 to earlier Ulfa image file
993.jpg,Healthy Leaf,healthy,INTERNAL_DATASET_DUPLICATE,eb6602f2540d84526056e5b0cf691bf2f35df7eceb4818f626c6c8f40c6535ac,Identical SHA-256 to earlier Ulfa image file
Leaf Curl (1).jpg,Leaf Curl,murda complex,EVAL_SET_EXACT_COLLISION (Track B),90d92b135f76447d9c6ecdb84ad58cce4e58a5fd69d6da6c68a7acf4371b58a7,Exact SHA-256 match with Track B evaluation sample
Leaf Curl (1000).jpg,Leaf Curl,murda complex,EVAL_SET_EXACT_COLLISION (Track B),2bd6b327162bbb78117c988134536dc13e1ff8a1bfb62e9f4fc62209d552452b,Exact SHA-256 match with Track B evaluation sample
Leaf Curl (1001).jpg,Leaf Curl,murda complex,EVAL_SET_EXACT_COLLISION (Track B),2b0eed494961839d7b4765296ae82079acb5d3eb3fedef6521b4e3d94cb6535f,Exact SHA-256 match with Track B evaluation sample
Leaf Curl (1002).jpg,Leaf Curl,murda complex,EVAL_SET_EXACT_COLLISION (Track B),90d92b135f76447d9c6ecdb84ad58cce4e58a5fd69d6da6c68a7acf4371b58a7,Exact SHA-256 match with Track B evaluation sample
Leaf Curl (1003).jpg,Leaf Curl,murda complex,EVAL_SET_EXACT_COLLISION (Track B),492cf4c7af0d71baeacac6f40f6ec17145bbf9d355b8eb12a36341a6bf8ef32e,Exact SHA-256 match with Track B evaluation sample
Leaf Curl (1004).jpg,Leaf Curl,murda complex,EVAL_SET_EXACT_COLLISION (Track B),fe810edd10d7204a22de9d220d9502f25481852b581318deb80e964e9dc0e467,Exact SHA-256 match with Track B evaluation sample
Leaf Curl (1005).jpg,Leaf Curl,murda complex,EVAL_SET_EXACT_COLLISION (Track B),5cdf8a8e153a8d74b0319093e8788bc9d6d9e5f21e4cafefbf8d6beed84e72ff,Exact SHA-256 match with Track B evaluation sample
Leaf Curl (1006).jpg,Leaf Curl,murda complex,EVAL_SET_EXACT_COLLISION (Track B),5cdf8a8e153a8d74b0319093e8788bc9d6d9e5f21e4cafefbf8d6beed84e72ff,Exact SHA-256 match with Track B evaluation sample
Leaf Curl (1007).jpg,Leaf Curl,murda complex,EVAL_SET_EXACT_COLLISION (Track B),83b4f24879d8393f9fa965bfbbb30f3f238983cd053f064db56f15ac68fdd904,Exact SHA-256 match with Track B evaluation sample
Leaf Curl (1008).jpg,Leaf Curl,murda complex,EVAL_SET_EXACT_COLLISION (Track B),393c3a87fd1822af47f3f90e542ca9d7634fd9d5f0b8359564c9ee88bdce1bd6,Exact SHA-256 match with Track B evaluation sample
Leaf Curl (1009).jpg,Leaf Curl,murda complex,EVAL_SET_EXACT_COLLISION (Track B),21431e5fdeb7c2b2135874887f4efe74f78aab27c7fb816130771dae4f126e1a,Exact SHA-256 match with Track B evaluation sample
Leaf Curl (1010).jpg,Leaf Curl,murda complex,EVAL_SET_EXACT_COLLISION (Track B),ba99d57d782ae629dda74b678a89354986ecbce7b19c1ecd4ca7cc2656d13ad8,Exact SHA-256 match with Track B evaluation sample
Leaf Curl (1011).jpg,Leaf Curl,murda complex,EVAL_SET_EXACT_COLLISION (Track B),5283b403e737fda9432181c8ae13e0461640764ef8f36703b7aaec0fb3293c1b,Exact SHA-256 match with Track B evaluation sample
Leaf Curl (1012).jpg,Leaf Curl,murda complex,EVAL_SET_EXACT_COLLISION (Track B),c90e7a1cda60f9a1efb7aff5139747f97a07abc2148d3d880c3f86e98e4c7801,Exact SHA-256 match with Track B evaluation sample
Leaf Curl (1013).jpg,Leaf Curl,murda complex,EVAL_SET_EXACT_COLLISION (Track B),5322a25f2eb0b3d11b2473d2dc44c432d0da937815ecf5cfb69dc2fcdda90a56,Exact SHA-256 match with Track B evaluation sample
Leaf Curl (1014).jpg,Leaf Curl,murda complex,EVAL_SET_EXACT_COLLISION (Track B),f7047fd173e614754f7f1e02e4d498f67f782be5ce4e50dac114df84c014741b,Exact SHA-256 match with Track B evaluation sample
Leaf Curl (1015).jpg,Leaf Curl,murda complex,EVAL_SET_EXACT_COLLISION (Track B),d03be5fc1692d1cd9af469bdb07d094b5e25bdddbf4c5b95651a557d045a735a,Exact SHA-256 match with Track B evaluation sample
Leaf Curl (1016).jpg,Leaf Curl,murda complex,EVAL_SET_EXACT_COLLISION (Track B),efc63d829d9c785cdce709d7e63604aa69678817fed599bc8f881006b6cab35b,Exact SHA-256 match with Track B evaluation sample
Leaf Curl (1017).jpg,Leaf Curl,murda complex,EVAL_SET_EXACT_COLLISION (Track B),d3bb59dcc65fadcf8fa57e01702108c2c443dbd48e66b8d553cfcb26f18f93cc,Exact SHA-256 match with Track B evaluation sample
Leaf Curl (1018).jpg,Leaf Curl,murda complex,EVAL_SET_EXACT_COLLISION (Track B),d3bb59dcc65fadcf8fa57e01702108c2c443dbd48e66b8d553cfcb26f18f93cc,Exact SHA-256 match with Track B evaluation sample
Leaf Curl (1019).jpg,Leaf Curl,murda complex,EVAL_SET_EXACT_COLLISION (Track B),76feefa79e11ee65070ca62046da9871ba56bc2eaf90f98b43492a953da27c06,Exact SHA-256 match with Track B evaluation sample
Leaf Curl (1020).jpg,Leaf Curl,murda complex,EVAL_SET_EXACT_COLLISION (Track B),f99c15d3d6515609e05dbac10fdb2c1b4256b8a0d92d6ffe31df2eb1d9c7d1ba,Exact SHA-256 match with Track B evaluation sample
Leaf Curl (1021).jpg,Leaf Curl,murda complex,EVAL_SET_EXACT_COLLISION (Track B),40a536af09d72665e629e720e918b80af867cdbf759b90d20e92144e69d6a9cc,Exact SHA-256 match with Track B evaluation sample
Leaf Curl (1022).jpg,Leaf Curl,murda complex,EVAL_SET_EXACT_COLLISION (Track B),fd12b435f1e3c724ecfdb2455a4688327e76a413ac16b4fdaa26991c54906eb8,Exact SHA-256 match with Track B evaluation sample
Leaf Curl (1023).jpg,Leaf Curl,murda complex,EVAL_SET_EXACT_COLLISION (Track B),8259dfe52bcfc2b964fe5cfdfcf7cbe6dc4045b41632664e1ccee7e3655d621e,Exact SHA-256 match with Track B evaluation sample
Leaf Curl (1024).jpg,Leaf Curl,murda complex,EVAL_SET_EXACT_COLLISION (Track B),2d5607c373f26790d5b78675b7aa8af6d39674379ee43922a28bb70fcc1c9b97,Exact SHA-256 match with Track B evaluation sample
Leaf Curl (1025).jpg,Leaf Curl,murda complex,EVAL_SET_EXACT_COLLISION (Track B),59dc4486e9ecb5c3f77b72369b38ee3fbbd33dcd3708861694808f4b068d2b0a,Exact SHA-256 match with Track B evaluation sample
Leaf Curl (1026).jpg,Leaf Curl,murda complex,EVAL_SET_EXACT_COLLISION (Track B),f8c93eec0789e4b8d0dea61f6acb8705fea1a678a57bb4a1991daa733403805f,Exact SHA-256 match with Track B evaluation sample
Leaf Curl (1027).jpg,Leaf Curl,murda complex,EVAL_SET_EXACT_COLLISION (Track B),4483f9220dbf0db806febfdd7fcd3a8eea01db8e0a4a5750bf76688e3e574d6f,Exact SHA-256 match with Track B evaluation sample
Leaf Curl (1028).jpg,Leaf Curl,murda complex,EVAL_SET_EXACT_COLLISION (Track B),97995bd75534ebdaabada8cdaefa2cb3f293cd9be07fa6c47f2ec6c21efd8ad5,Exact SHA-256 match with Track B evaluation sample
Leaf Curl (1029).jpg,Leaf Curl,murda complex,EVAL_SET_EXACT_COLLISION (Track B),c8cf860618338b2ec68af4e298d26e5cee4f55d727aec6f6c6769e879ebcc02c,Exact SHA-256 match with Track B evaluation sample
Leaf Curl (1030).jpg,Leaf Curl,murda complex,EVAL_SET_EXACT_COLLISION (Track B),c8cf860618338b2ec68af4e298d26e5cee4f55d727aec6f6c6769e879ebcc02c,Exact SHA-256 match with Track B evaluation sample
Leaf Curl (1031).jpg,Leaf Curl,murda complex,EVAL_SET_EXACT_COLLISION (Track B),6f44dc93f942db6e69f1231a326ab20a4adea138b79a024a9adaea2da42da24e,Exact SHA-256 match with Track B evaluation sample
Leaf Curl (1032).jpg,Leaf Curl,murda complex,EVAL_SET_EXACT_COLLISION (Track B),8375bee2dfd3cb6c93b2a62ad4fa9b81852383717a2d800cfd0d4b336dc8f20d,Exact SHA-256 match with Track B evaluation sample
Leaf Curl (1037).jpg,Leaf Curl,murda complex,INTERNAL_DATASET_DUPLICATE,f173190e8d5a85e8311e6de92571e908c46cb0fd3f8767e5183054aa0662d881,Identical SHA-256 to earlier Ulfa image file
Leaf Curl (1038).jpg,Leaf Curl,murda complex,EVAL_SET_EXACT_COLLISION (Track C),0fa5e5a695ffdfbb44acef83d0757e9bac729d8d16e80450307a2b3b2571b3af,Exact SHA-256 match with Track C evaluation sample
Leaf Curl (1039).jpg,Leaf Curl,murda complex,EVAL_SET_EXACT_COLLISION (Track C),0fa5e5a695ffdfbb44acef83d0757e9bac729d8d16e80450307a2b3b2571b3af,Exact SHA-256 match with Track C evaluation sample
Leaf Curl (1040).jpg,Leaf Curl,murda complex,EVAL_SET_EXACT_COLLISION (Track C),c226e38593bf39179ed92e9a43f005882a12fdeb4fb7921d30a5a1e3df30124e,Exact SHA-256 match with Track C evaluation sample
Leaf Curl (1041).jpg,Leaf Curl,murda complex,EVAL_SET_EXACT_COLLISION (Track C),e0e3021d8a409c19f53ce1220ebdb06454aa67c0a04890e524b6d9214996b828,Exact SHA-256 match with Track C evaluation sample
Leaf Curl (1042).jpg,Leaf Curl,murda complex,EVAL_SET_EXACT_COLLISION (Track C),b2565f347825dd6643752c8f6e6aaa27b4b17e78280a18e6a701671af3605734,Exact SHA-256 match with Track C evaluation sample
Leaf Curl (1043).jpg,Leaf Curl,murda complex,EVAL_SET_EXACT_COLLISION (Track C),b2565f347825dd6643752c8f6e6aaa27b4b17e78280a18e6a701671af3605734,Exact SHA-256 match with Track C evaluation sample
Leaf Curl (1044).jpg,Leaf Curl,murda complex,EVAL_SET_EXACT_COLLISION (Track C),592f6292c136d1ac66d2766eb643e5899e8e196a0620d425a3e0857b538d99d7,Exact SHA-256 match with Track C evaluation sample
Leaf Curl (1045).jpg,Leaf Curl,murda complex,EVAL_SET_EXACT_COLLISION (Track C),09509febd6c83e7fe7c4d81a699f04420a603d0041d7faa2922e4911c74cafab,Exact SHA-256 match with Track C evaluation sample
Leaf Curl (1046).jpg,Leaf Curl,murda complex,EVAL_SET_EXACT_COLLISION (Track C),055e365a5c7b1ebca1b3bb6696db23a1775aebb381a3f848f0aff460e0f623f2,Exact SHA-256 match with Track C evaluation sample
Leaf Curl (1047).jpg,Leaf Curl,murda complex,EVAL_SET_EXACT_COLLISION (Track C),b8855e7bbcce95697ead26281e14e34831726374682e43c8d3018b7f6f497f93,Exact SHA-256 match with Track C evaluation sample
Leaf Curl (1048).jpg,Leaf Curl,murda complex,EVAL_SET_EXACT_COLLISION (Track C),055e365a5c7b1ebca1b3bb6696db23a1775aebb381a3f848f0aff460e0f623f2,Exact SHA-256 match with Track C evaluation sample
Leaf Curl (1049).jpg,Leaf Curl,murda complex,EVAL_SET_EXACT_COLLISION (Track C),13c7bfdecd87779335d02315b2f248d72c3e63814523c75a185956d89a548fb5,Exact SHA-256 match with Track C evaluation sample
Leaf Curl (1050).jpg,Leaf Curl,murda complex,EVAL_SET_EXACT_COLLISION (Track B),2bd6b327162bbb78117c988134536dc13e1ff8a1bfb62e9f4fc62209d552452b,Exact SHA-256 match with Track B evaluation sample
Leaf Curl (1051).jpg,Leaf Curl,murda complex,EVAL_SET_EXACT_COLLISION (Track C),b864d957bb7725dbcddc1dbc6974085ed6f80981488815f79d03a8f83beb108a,Exact SHA-256 match with Track C evaluation sample
Leaf Curl (1052).jpg,Leaf Curl,murda complex,EVAL_SET_EXACT_COLLISION (Track C),e72da5a77c81abf0a70c4bc2976d377c8081db5cb89d916fdb2233daef5f717e,Exact SHA-256 match with Track C evaluation sample
Leaf Curl (1053).jpg,Leaf Curl,murda complex,EVAL_SET_EXACT_COLLISION (Track C),b864d957bb7725dbcddc1dbc6974085ed6f80981488815f79d03a8f83beb108a,Exact SHA-256 match with Track C evaluation sample
Leaf Curl (1054).jpg,Leaf Curl,murda complex,EVAL_SET_EXACT_COLLISION (Track C),ceff539ff56e0dc1324f6f897f8d6228d4b1435a87b4fd696b6a271f4d3606ed,Exact SHA-256 match with Track C evaluation sample
Leaf Curl (1055).jpg,Leaf Curl,murda complex,EVAL_SET_EXACT_COLLISION (Track C),c6f2cdebfcfb9c28bbe90196afc63716c9d2dc0429e2aac2f97c57dc2c716724,Exact SHA-256 match with Track C evaluation sample
Leaf Curl (1056).jpg,Leaf Curl,murda complex,EVAL_SET_EXACT_COLLISION (Track C),4845b19fdf6da30b9ae3e276f2159567b11b09b9859e2241f788bd16422ee040,Exact SHA-256 match with Track C evaluation sample
Leaf Curl (1057).jpg,Leaf Curl,murda complex,EVAL_SET_EXACT_COLLISION (Track C),4922f04be45debbd6ec870f58144a61865684022d6c38edbf084e9ff98acd75f,Exact SHA-256 match with Track C evaluation sample
Leaf Curl (1058).jpg,Leaf Curl,murda complex,EVAL_SET_EXACT_COLLISION (Track C),4845b19fdf6da30b9ae3e276f2159567b11b09b9859e2241f788bd16422ee040,Exact SHA-256 match with Track C evaluation sample
Leaf Curl (1059).jpg,Leaf Curl,murda complex,EVAL_SET_EXACT_COLLISION (Track C),f92a8e88140a357692b4785939f1dbd40774c6b82948041d19e35dd461cc1d45,Exact SHA-256 match with Track C evaluation sample
Leaf Curl (1060).jpg,Leaf Curl,murda complex,EVAL_SET_EXACT_COLLISION (Track C),fc6b1d18cf8990ac68e7cbab72dcb4f6184e8f28b4ab952b5739f5faed431faa,Exact SHA-256 match with Track C evaluation sample
Leaf Curl (1061).jpg,Leaf Curl,murda complex,EVAL_SET_EXACT_COLLISION (Track C),fc6b1d18cf8990ac68e7cbab72dcb4f6184e8f28b4ab952b5739f5faed431faa,Exact SHA-256 match with Track C evaluation sample
Leaf Curl (1062).jpg,Leaf Curl,murda complex,EVAL_SET_EXACT_COLLISION (Track C),0281d0a1dd154ddfbdeb7283d89d225521652480beb8168656c020d61e0efaa6,Exact SHA-256 match with Track C evaluation sample
Leaf Curl (1063).jpg,Leaf Curl,murda complex,EVAL_SET_EXACT_COLLISION (Track C),4ee971dbf492a5d1b5d508b8cb52bdc1f60aaa7dd05709324e8cdf821c70df4d,Exact SHA-256 match with Track C evaluation sample
Leaf Curl (1064).jpg,Leaf Curl,murda complex,EVAL_SET_EXACT_COLLISION (Track C),54069f1a66936cf1dc486763d92b5764768094ab498f28e371ea8ad0bb3a48b2,Exact SHA-256 match with Track C evaluation sample
Leaf Curl (1067).jpg,Leaf Curl,murda complex,INTERNAL_DATASET_DUPLICATE,294c65b9a10e1777e41627b0c7a1681d1446256d444ab1274c862e1bf80f01e1,Identical SHA-256 to earlier Ulfa image file
Leaf Curl (1069).jpg,Leaf Curl,murda complex,INTERNAL_DATASET_DUPLICATE,5c7922f74732e82b8dc02312750d9da6949e902cb8ff8788cd575e37f424617c,Identical SHA-256 to earlier Ulfa image file
Leaf Curl (1077).jpg,Leaf Curl,murda complex,INTERNAL_DATASET_DUPLICATE,49ac7f40297c9cc0d6c000a3f79b0013bd01b57f321a8fd0f0d953ebe727e0f8,Identical SHA-256 to earlier Ulfa image file
Leaf Curl (1085).jpg,Leaf Curl,murda complex,INTERNAL_DATASET_DUPLICATE,ce0e637b2a34f44a3d98fce926003af71f7bf5728d72e7ca022266926bbe4978,Identical SHA-256 to earlier Ulfa image file
Leaf Curl (1091).jpg,Leaf Curl,murda complex,INTERNAL_DATASET_DUPLICATE,9e1f260a1275d4eef4ef18cac191ff405b626f578cbbdc58014096dd04d71732,Identical SHA-256 to earlier Ulfa image file
Leaf Curl (1096).jpg,Leaf Curl,murda complex,INTERNAL_DATASET_DUPLICATE,309611d984a2aacf7f00fd3bab0cc662aa02075fd62799e18753a71d1cc8f9c9,Identical SHA-256 to earlier Ulfa image file
Leaf Curl (1101).jpg,Leaf Curl,murda complex,INTERNAL_DATASET_DUPLICATE,b2d103b4dfe15a073a12190ebf904f4393ba83e107bb64fd0e292e5dc7bdd69f,Identical SHA-256 to earlier Ulfa image file
Leaf Curl (1105).jpg,Leaf Curl,murda complex,INTERNAL_DATASET_DUPLICATE,d67fa59db1ddb0f2342202c7054effd785b73f3bb09773259c16e7e0c8b4fccd,Identical SHA-256 to earlier Ulfa image file
Leaf Curl (1108).jpg,Leaf Curl,murda complex,INTERNAL_DATASET_DUPLICATE,9a5362d98aa6aba69e69110a4b9203614edda19626436921b9cc23428ac4d222,Identical SHA-256 to earlier Ulfa image file
Leaf Curl (1112).jpg,Leaf Curl,murda complex,INTERNAL_DATASET_DUPLICATE,7b58d4143978272dbda4036202c033dfe6dad0fddd962a1c9bb6d15fd35d9b00,Identical SHA-256 to earlier Ulfa image file
Leaf Curl (1131).jpg,Leaf Curl,murda complex,INTERNAL_DATASET_DUPLICATE,9df3afa498eb9890aede923f6ae416723a0e44356e365cfb3549475ab9792153,Identical SHA-256 to earlier Ulfa image file
Leaf Curl (1133).jpg,Leaf Curl,murda complex,INTERNAL_DATASET_DUPLICATE,14b99df3981bb47b64793d8860b8a5fb14e29378251c6103c6e048911442de82,Identical SHA-256 to earlier Ulfa image file
Leaf Curl (1143).jpg,Leaf Curl,murda complex,INTERNAL_DATASET_DUPLICATE,8178eec07540a43720b5407386b9ea643c7a8a2540cee7e265ae1bf9be8450ba,Identical SHA-256 to earlier Ulfa image file
Leaf Curl (1147).jpg,Leaf Curl,murda complex,INTERNAL_DATASET_DUPLICATE,ae3cb6960e65e52675a33b815bee9f782206bb081d0d46ca0057d35eb0685006,Identical SHA-256 to earlier Ulfa image file
Leaf Curl (1150).jpg,Leaf Curl,murda complex,INTERNAL_DATASET_DUPLICATE,add4045d6605319592c422235860cf86e92a45fd3719a72cb055f569236f3cf2,Identical SHA-256 to earlier Ulfa image file
Leaf Curl (1156).jpg,Leaf Curl,murda complex,INTERNAL_DATASET_DUPLICATE,5a3d945b7c6da6e7586d40582ff0345ee7cff30330a4663580c49b1b9e26cba5,Identical SHA-256 to earlier Ulfa image file
Leaf Curl (1159).jpg,Leaf Curl,murda complex,INTERNAL_DATASET_DUPLICATE,30d39907e45272212aa39c51c4acd4d70dbf37e649887885c07a61524f9cf89a,Identical SHA-256 to earlier Ulfa image file
Leaf Curl (1162).jpg,Leaf Curl,murda complex,INTERNAL_DATASET_DUPLICATE,eebd240e88b2634eb1e11cdfc1cc57eb48147ccae7a4bd63bb6849f410218cc3,Identical SHA-256 to earlier Ulfa image file
Leaf Curl (1168).jpg,Leaf Curl,murda complex,INTERNAL_DATASET_DUPLICATE,fd4f5e03bf46bb42cdad80c7bce76b0f70f9831465b30636ce5985c6162877ff,Identical SHA-256 to earlier Ulfa image file
Leaf Curl (1174).jpg,Leaf Curl,murda complex,INTERNAL_DATASET_DUPLICATE,029570654439938a9911257a9d9a7af2fac8a0df6ddd8a3d72fed16269ca15f8,Identical SHA-256 to earlier Ulfa image file
Leaf Curl (1178).jpg,Leaf Curl,murda complex,INTERNAL_DATASET_DUPLICATE,ca716d5f6d7417b3d269975626a88da75f35934dc2fe01f977691ad4dbb80501,Identical SHA-256 to earlier Ulfa image file
Leaf Curl (165).jpg,Leaf Curl,murda complex,INTERNAL_DATASET_DUPLICATE,b8845fc56c99d2afe855ce49d39096ae500670c1b17b002f73bbabc9365a3595,Identical SHA-256 to earlier Ulfa image file
Leaf Curl (166).jpg,Leaf Curl,murda complex,INTERNAL_DATASET_DUPLICATE,b8845fc56c99d2afe855ce49d39096ae500670c1b17b002f73bbabc9365a3595,Identical SHA-256 to earlier Ulfa image file
Leaf Curl (167).jpg,Leaf Curl,murda complex,INTERNAL_DATASET_DUPLICATE,b8845fc56c99d2afe855ce49d39096ae500670c1b17b002f73bbabc9365a3595,Identical SHA-256 to earlier Ulfa image file
Leaf Curl (168).jpg,Leaf Curl,murda complex,INTERNAL_DATASET_DUPLICATE,b8845fc56c99d2afe855ce49d39096ae500670c1b17b002f73bbabc9365a3595,Identical SHA-256 to earlier Ulfa image file
Leaf Curl (212).jpg,Leaf Curl,murda complex,INTERNAL_DATASET_DUPLICATE,b8845fc56c99d2afe855ce49d39096ae500670c1b17b002f73bbabc9365a3595,Identical SHA-256 to earlier Ulfa image file
Leaf Curl (218).jpg,Leaf Curl,murda complex,INTERNAL_DATASET_DUPLICATE,b8845fc56c99d2afe855ce49d39096ae500670c1b17b002f73bbabc9365a3595,Identical SHA-256 to earlier Ulfa image file
Leaf Curl (219).jpg,Leaf Curl,murda complex,INTERNAL_DATASET_DUPLICATE,b8845fc56c99d2afe855ce49d39096ae500670c1b17b002f73bbabc9365a3595,Identical SHA-256 to earlier Ulfa image file
Leaf Curl (220).jpg,Leaf Curl,murda complex,INTERNAL_DATASET_DUPLICATE,b8845fc56c99d2afe855ce49d39096ae500670c1b17b002f73bbabc9365a3595,Identical SHA-256 to earlier Ulfa image file
Leaf Curl (221).jpg,Leaf Curl,murda complex,INTERNAL_DATASET_DUPLICATE,b8845fc56c99d2afe855ce49d39096ae500670c1b17b002f73bbabc9365a3595,Identical SHA-256 to earlier Ulfa image file
Leaf Curl (222).jpg,Leaf Curl,murda complex,INTERNAL_DATASET_DUPLICATE,b8845fc56c99d2afe855ce49d39096ae500670c1b17b002f73bbabc9365a3595,Identical SHA-256 to earlier Ulfa image file
Leaf Curl (223).jpg,Leaf Curl,murda complex,INTERNAL_DATASET_DUPLICATE,b8845fc56c99d2afe855ce49d39096ae500670c1b17b002f73bbabc9365a3595,Identical SHA-256 to earlier Ulfa image file
Leaf Curl (224).jpg,Leaf Curl,murda complex,INTERNAL_DATASET_DUPLICATE,b8845fc56c99d2afe855ce49d39096ae500670c1b17b002f73bbabc9365a3595,Identical SHA-256 to earlier Ulfa image file
Leaf Curl (225).jpg,Leaf Curl,murda complex,INTERNAL_DATASET_DUPLICATE,b8845fc56c99d2afe855ce49d39096ae500670c1b17b002f73bbabc9365a3595,Identical SHA-256 to earlier Ulfa image file
Leaf Curl (226).jpg,Leaf Curl,murda complex,INTERNAL_DATASET_DUPLICATE,b8845fc56c99d2afe855ce49d39096ae500670c1b17b002f73bbabc9365a3595,Identical SHA-256 to earlier Ulfa image file
Leaf Curl (227).jpg,Leaf Curl,murda complex,INTERNAL_DATASET_DUPLICATE,b8845fc56c99d2afe855ce49d39096ae500670c1b17b002f73bbabc9365a3595,Identical SHA-256 to earlier Ulfa image file
Leaf Curl (228).jpg,Leaf Curl,murda complex,INTERNAL_DATASET_DUPLICATE,b8845fc56c99d2afe855ce49d39096ae500670c1b17b002f73bbabc9365a3595,Identical SHA-256 to earlier Ulfa image file
Leaf Curl (229).jpg,Leaf Curl,murda complex,INTERNAL_DATASET_DUPLICATE,b8845fc56c99d2afe855ce49d39096ae500670c1b17b002f73bbabc9365a3595,Identical SHA-256 to earlier Ulfa image file
Leaf Curl (230).jpg,Leaf Curl,murda complex,INTERNAL_DATASET_DUPLICATE,b8845fc56c99d2afe855ce49d39096ae500670c1b17b002f73bbabc9365a3595,Identical SHA-256 to earlier Ulfa image file
Leaf Curl (231).jpg,Leaf Curl,murda complex,INTERNAL_DATASET_DUPLICATE,b8845fc56c99d2afe855ce49d39096ae500670c1b17b002f73bbabc9365a3595,Identical SHA-256 to earlier Ulfa image file
Leaf Curl (232).jpg,Leaf Curl,murda complex,INTERNAL_DATASET_DUPLICATE,b8845fc56c99d2afe855ce49d39096ae500670c1b17b002f73bbabc9365a3595,Identical SHA-256 to earlier Ulfa image file
Leaf Curl (233).jpg,Leaf Curl,murda complex,INTERNAL_DATASET_DUPLICATE,b8845fc56c99d2afe855ce49d39096ae500670c1b17b002f73bbabc9365a3595,Identical SHA-256 to earlier Ulfa image file
Leaf Curl (240).jpg,Leaf Curl,murda complex,INTERNAL_DATASET_DUPLICATE,e1bb66778681558606b39c6db4564966f4fcc5d37072418cde1bf21cf1995374,Identical SHA-256 to earlier Ulfa image file
Leaf Curl (241).jpg,Leaf Curl,murda complex,INTERNAL_DATASET_DUPLICATE,e1bb66778681558606b39c6db4564966f4fcc5d37072418cde1bf21cf1995374,Identical SHA-256 to earlier Ulfa image file
Leaf Curl (242).jpg,Leaf Curl,murda complex,INTERNAL_DATASET_DUPLICATE,e1bb66778681558606b39c6db4564966f4fcc5d37072418cde1bf21cf1995374,Identical SHA-256 to earlier Ulfa image file
Leaf Curl (243).jpg,Leaf Curl,murda complex,INTERNAL_DATASET_DUPLICATE,e1bb66778681558606b39c6db4564966f4fcc5d37072418cde1bf21cf1995374,Identical SHA-256 to earlier Ulfa image file
Leaf Curl (244).jpg,Leaf Curl,murda complex,INTERNAL_DATASET_DUPLICATE,e1bb66778681558606b39c6db4564966f4fcc5d37072418cde1bf21cf1995374,Identical SHA-256 to earlier Ulfa image file
Leaf Curl (245).jpg,Leaf Curl,murda complex,INTERNAL_DATASET_DUPLICATE,e1bb66778681558606b39c6db4564966f4fcc5d37072418cde1bf21cf1995374,Identical SHA-256 to earlier Ulfa image file
Leaf Curl (246).jpg,Leaf Curl,murda complex,INTERNAL_DATASET_DUPLICATE,e1bb66778681558606b39c6db4564966f4fcc5d37072418cde1bf21cf1995374,Identical SHA-256 to earlier Ulfa image file
Leaf Curl (247).jpg,Leaf Curl,murda complex,INTERNAL_DATASET_DUPLICATE,e1bb66778681558606b39c6db4564966f4fcc5d37072418cde1bf21cf1995374,Identical SHA-256 to earlier Ulfa image file
Leaf Curl (248).jpg,Leaf Curl,murda complex,INTERNAL_DATASET_DUPLICATE,e1bb66778681558606b39c6db4564966f4fcc5d37072418cde1bf21cf1995374,Identical SHA-256 to earlier Ulfa image file
Leaf Curl (250).jpg,Leaf Curl,murda complex,INTERNAL_DATASET_DUPLICATE,e36625a0dc81b569717b108dae42ce590981018e8091fb22229a2c40123f2a37,Identical SHA-256 to earlier Ulfa image file
Leaf Curl (251).jpg,Leaf Curl,murda complex,INTERNAL_DATASET_DUPLICATE,e36625a0dc81b569717b108dae42ce590981018e8091fb22229a2c40123f2a37,Identical SHA-256 to earlier Ulfa image file
Leaf Curl (252).jpg,Leaf Curl,murda complex,INTERNAL_DATASET_DUPLICATE,e36625a0dc81b569717b108dae42ce590981018e8091fb22229a2c40123f2a37,Identical SHA-256 to earlier Ulfa image file
Leaf Curl (253).jpg,Leaf Curl,murda complex,INTERNAL_DATASET_DUPLICATE,e36625a0dc81b569717b108dae42ce590981018e8091fb22229a2c40123f2a37,Identical SHA-256 to earlier Ulfa image file
Leaf Curl (254).jpg,Leaf Curl,murda complex,INTERNAL_DATASET_DUPLICATE,e36625a0dc81b569717b108dae42ce590981018e8091fb22229a2c40123f2a37,Identical SHA-256 to earlier Ulfa image file
Leaf Curl (255).jpg,Leaf Curl,murda complex,INTERNAL_DATASET_DUPLICATE,e36625a0dc81b569717b108dae42ce590981018e8091fb22229a2c40123f2a37,Identical SHA-256 to earlier Ulfa image file
Leaf Curl (256).jpg,Leaf Curl,murda complex,INTERNAL_DATASET_DUPLICATE,e36625a0dc81b569717b108dae42ce590981018e8091fb22229a2c40123f2a37,Identical SHA-256 to earlier Ulfa image file
Leaf Curl (257).jpg,Leaf Curl,murda complex,INTERNAL_DATASET_DUPLICATE,e36625a0dc81b569717b108dae42ce590981018e8091fb22229a2c40123f2a37,Identical SHA-256 to earlier Ulfa image file
Leaf Curl (258).jpg,Leaf Curl,murda complex,INTERNAL_DATASET_DUPLICATE,e36625a0dc81b569717b108dae42ce590981018e8091fb22229a2c40123f2a37,Identical SHA-256 to earlier Ulfa image file
Leaf Curl (259).jpg,Leaf Curl,murda complex,INTERNAL_DATASET_DUPLICATE,e36625a0dc81b569717b108dae42ce590981018e8091fb22229a2c40123f2a37,Identical SHA-256 to earlier Ulfa image file
Leaf Curl (260).jpg,Leaf Curl,murda complex,INTERNAL_DATASET_DUPLICATE,e36625a0dc81b569717b108dae42ce590981018e8091fb22229a2c40123f2a37,Identical SHA-256 to earlier Ulfa image file
Leaf Curl (261).jpg,Leaf Curl,murda complex,INTERNAL_DATASET_DUPLICATE,e36625a0dc81b569717b108dae42ce590981018e8091fb22229a2c40123f2a37,Identical SHA-256 to earlier Ulfa image file
Leaf Curl (262).jpg,Leaf Curl,murda complex,INTERNAL_DATASET_DUPLICATE,e36625a0dc81b569717b108dae42ce590981018e8091fb22229a2c40123f2a37,Identical SHA-256 to earlier Ulfa image file
Leaf Curl (263).jpg,Leaf Curl,murda complex,INTERNAL_DATASET_DUPLICATE,e36625a0dc81b569717b108dae42ce590981018e8091fb22229a2c40123f2a37,Identical SHA-256 to earlier Ulfa image file
Leaf Curl (264).jpg,Leaf Curl,murda complex,INTERNAL_DATASET_DUPLICATE,e36625a0dc81b569717b108dae42ce590981018e8091fb22229a2c40123f2a37,Identical SHA-256 to earlier Ulfa image file
Leaf Curl (265).jpg,Leaf Curl,murda complex,INTERNAL_DATASET_DUPLICATE,e36625a0dc81b569717b108dae42ce590981018e8091fb22229a2c40123f2a37,Identical SHA-256 to earlier Ulfa image file
Leaf Curl (266).jpg,Leaf Curl,murda complex,INTERNAL_DATASET_DUPLICATE,e36625a0dc81b569717b108dae42ce590981018e8091fb22229a2c40123f2a37,Identical SHA-256 to earlier Ulfa image file
Leaf Curl (267).jpg,Leaf Curl,murda complex,INTERNAL_DATASET_DUPLICATE,e36625a0dc81b569717b108dae42ce590981018e8091fb22229a2c40123f2a37,Identical SHA-256 to earlier Ulfa image file
Leaf Curl (268).jpg,Leaf Curl,murda complex,INTERNAL_DATASET_DUPLICATE,e36625a0dc81b569717b108dae42ce590981018e8091fb22229a2c40123f2a37,Identical SHA-256 to earlier Ulfa image file
Leaf Curl (269).jpg,Leaf Curl,murda complex,INTERNAL_DATASET_DUPLICATE,e36625a0dc81b569717b108dae42ce590981018e8091fb22229a2c40123f2a37,Identical SHA-256 to earlier Ulfa image file
Leaf Curl (270).jpg,Leaf Curl,murda complex,INTERNAL_DATASET_DUPLICATE,e36625a0dc81b569717b108dae42ce590981018e8091fb22229a2c40123f2a37,Identical SHA-256 to earlier Ulfa image file
Leaf Curl (271).jpg,Leaf Curl,murda complex,INTERNAL_DATASET_DUPLICATE,e36625a0dc81b569717b108dae42ce590981018e8091fb22229a2c40123f2a37,Identical SHA-256 to earlier Ulfa image file
Leaf Curl (272).jpg,Leaf Curl,murda complex,INTERNAL_DATASET_DUPLICATE,e36625a0dc81b569717b108dae42ce590981018e8091fb22229a2c40123f2a37,Identical SHA-256 to earlier Ulfa image file
Leaf Curl (273).jpg,Leaf Curl,murda complex,INTERNAL_DATASET_DUPLICATE,e36625a0dc81b569717b108dae42ce590981018e8091fb22229a2c40123f2a37,Identical SHA-256 to earlier Ulfa image file
Leaf Curl (274).jpg,Leaf Curl,murda complex,INTERNAL_DATASET_DUPLICATE,e36625a0dc81b569717b108dae42ce590981018e8091fb22229a2c40123f2a37,Identical SHA-256 to earlier Ulfa image file
Leaf Curl (276).jpg,Leaf Curl,murda complex,INTERNAL_DATASET_DUPLICATE,eba0b0f07065b5fd92701bc6a67dcee2aa3e00c2c2337284bb717d1434e501ae,Identical SHA-256 to earlier Ulfa image file
Leaf Curl (277).jpg,Leaf Curl,murda complex,INTERNAL_DATASET_DUPLICATE,eba0b0f07065b5fd92701bc6a67dcee2aa3e00c2c2337284bb717d1434e501ae,Identical SHA-256 to earlier Ulfa image file
Leaf Curl (278).jpg,Leaf Curl,murda complex,INTERNAL_DATASET_DUPLICATE,eba0b0f07065b5fd92701bc6a67dcee2aa3e00c2c2337284bb717d1434e501ae,Identical SHA-256 to earlier Ulfa image file
Leaf Curl (279).jpg,Leaf Curl,murda complex,INTERNAL_DATASET_DUPLICATE,eba0b0f07065b5fd92701bc6a67dcee2aa3e00c2c2337284bb717d1434e501ae,Identical SHA-256 to earlier Ulfa image file
Leaf Curl (280).jpg,Leaf Curl,murda complex,INTERNAL_DATASET_DUPLICATE,eba0b0f07065b5fd92701bc6a67dcee2aa3e00c2c2337284bb717d1434e501ae,Identical SHA-256 to earlier Ulfa image file
Leaf Curl (281).jpg,Leaf Curl,murda complex,INTERNAL_DATASET_DUPLICATE,eba0b0f07065b5fd92701bc6a67dcee2aa3e00c2c2337284bb717d1434e501ae,Identical SHA-256 to earlier Ulfa image file
Leaf Curl (282).jpg,Leaf Curl,murda complex,INTERNAL_DATASET_DUPLICATE,eba0b0f07065b5fd92701bc6a67dcee2aa3e00c2c2337284bb717d1434e501ae,Identical SHA-256 to earlier Ulfa image file
Leaf Curl (283).jpg,Leaf Curl,murda complex,INTERNAL_DATASET_DUPLICATE,eba0b0f07065b5fd92701bc6a67dcee2aa3e00c2c2337284bb717d1434e501ae,Identical SHA-256 to earlier Ulfa image file
Leaf Curl (284).jpg,Leaf Curl,murda complex,INTERNAL_DATASET_DUPLICATE,eba0b0f07065b5fd92701bc6a67dcee2aa3e00c2c2337284bb717d1434e501ae,Identical SHA-256 to earlier Ulfa image file
Leaf Curl (285).jpg,Leaf Curl,murda complex,INTERNAL_DATASET_DUPLICATE,eba0b0f07065b5fd92701bc6a67dcee2aa3e00c2c2337284bb717d1434e501ae,Identical SHA-256 to earlier Ulfa image file
Leaf Curl (288).jpg,Leaf Curl,murda complex,INTERNAL_DATASET_DUPLICATE,eba0b0f07065b5fd92701bc6a67dcee2aa3e00c2c2337284bb717d1434e501ae,Identical SHA-256 to earlier Ulfa image file
Leaf Curl (321).jpg,Leaf Curl,murda complex,INTERNAL_DATASET_DUPLICATE,7e202dbedee3518849e60cf30b6a3bee9328ad773f77df9a920ccdc6bee79620,Identical SHA-256 to earlier Ulfa image file
Leaf Curl (327).jpg,Leaf Curl,murda complex,INTERNAL_DATASET_DUPLICATE,899f27fae46916eb33de8f598088b6363d368eb85a1b646013f49a27f001d2bc,Identical SHA-256 to earlier Ulfa image file
Leaf Curl (385).jpg,Leaf Curl,murda complex,INTERNAL_DATASET_DUPLICATE,a14afbce5dd7c88d84147f9c9c1e186c9aa556098179c4582b04e25196338ef1,Identical SHA-256 to earlier Ulfa image file
Leaf Curl (398).jpg,Leaf Curl,murda complex,INTERNAL_DATASET_DUPLICATE,e1bc0ce6b20c57a92be4c6d21e5f9c26ec55e6e8c689353ed91b4e3d99d7821d,Identical SHA-256 to earlier Ulfa image file
Leaf Curl (400).jpg,Leaf Curl,murda complex,INTERNAL_DATASET_DUPLICATE,d4c6975df3a85ce1390acea4fb3db3b38664087f98410e238d57a3d6004aecc1,Identical SHA-256 to earlier Ulfa image file
Leaf Curl (416).jpg,Leaf Curl,murda complex,INTERNAL_DATASET_DUPLICATE,f480f8b543921d85392b6bb39aa709504a3dc1a7d0c0d2bbf56be7f48c90fde9,Identical SHA-256 to earlier Ulfa image file
Leaf Curl (419).jpg,Leaf Curl,murda complex,INTERNAL_DATASET_DUPLICATE,b39ea4d44654a3bdf6dc640c8f71973a7115c9bb95ac9f60fe6999060a5510a5,Identical SHA-256 to earlier Ulfa image file
Leaf Curl (523).jpg,Leaf Curl,murda complex,INTERNAL_DATASET_DUPLICATE,658a7cbfd95327ad27e03fd979af2c2614dffbce06e3bae470818ae732b83908,Identical SHA-256 to earlier Ulfa image file
Leaf Curl (533).jpg,Leaf Curl,murda complex,INTERNAL_DATASET_DUPLICATE,74933fb3be5d6b6d4e96c809c26d3bfa72baa27c9335c4b9650fedeaffbbfd9f,Identical SHA-256 to earlier Ulfa image file
Leaf Curl (537).jpg,Leaf Curl,murda complex,INTERNAL_DATASET_DUPLICATE,c3cad19e64ffe6dc7d74a5ead0a1f01eedeeb29e5e36ae42fc1eb67471f90dc8,Identical SHA-256 to earlier Ulfa image file
Leaf Curl (557).jpg,Leaf Curl,murda complex,INTERNAL_DATASET_DUPLICATE,ed6e929617cc94db5a74a9d8477ded652f70782a15fe3efc5cf98cbf24d8a0b6,Identical SHA-256 to earlier Ulfa image file
Leaf Curl (576).jpg,Leaf Curl,murda complex,INTERNAL_DATASET_DUPLICATE,d7e2fbc9ad760771f65b849576635d100f029eb6eb499a0b4cbc33f2a49b6daa,Identical SHA-256 to earlier Ulfa image file
Leaf Curl (581).jpg,Leaf Curl,murda complex,INTERNAL_DATASET_DUPLICATE,b4ae57ec4f93dd54cb160252d6304001a20dc225aa75c64cf04bba4396498273,Identical SHA-256 to earlier Ulfa image file
Leaf Curl (610).jpg,Leaf Curl,murda complex,INTERNAL_DATASET_DUPLICATE,77f33a11e000903bc3177b223a106c163d896e7d45da8de8ca18c12fed17504a,Identical SHA-256 to earlier Ulfa image file
Leaf Curl (616).jpg,Leaf Curl,murda complex,INTERNAL_DATASET_DUPLICATE,a4edf61db033f27e3157653a87aa43e288ca2ad787f8d9ff9bc9fccf67397fd0,Identical SHA-256 to earlier Ulfa image file
Leaf Curl (622).jpg,Leaf Curl,murda complex,INTERNAL_DATASET_DUPLICATE,5ce18a99df04766d97c3eea82f733167add4f6896e65d211217ab921a5b590f5,Identical SHA-256 to earlier Ulfa image file
Leaf Curl (625).jpg,Leaf Curl,murda complex,INTERNAL_DATASET_DUPLICATE,7163aead7489ab5d215ee7eeffed380acb48e63b20c06209480bb314a5b68ba9,Identical SHA-256 to earlier Ulfa image file
Leaf Curl (631).jpg,Leaf Curl,murda complex,INTERNAL_DATASET_DUPLICATE,4f6e595a2af7c9e6ceed03152d4adf2601576116a3842bc76086dd295fceff7a,Identical SHA-256 to earlier Ulfa image file
Leaf Curl (635).jpg,Leaf Curl,murda complex,INTERNAL_DATASET_DUPLICATE,099a34c054e36b81d2e4cc83b7491b7191a91052ce090e27991ad95a5e6b4c86,Identical SHA-256 to earlier Ulfa image file
Leaf Curl (638).jpg,Leaf Curl,murda complex,INTERNAL_DATASET_DUPLICATE,c3b4f75adccd571443f549a848b272d3a891fdd41d3d37d416601ebf0e658494,Identical SHA-256 to earlier Ulfa image file
Leaf Curl (652).jpg,Leaf Curl,murda complex,INTERNAL_DATASET_DUPLICATE,350bf39ef3509e673dc1ffe60e4f156d760aac76484a949986ce98254cba87a6,Identical SHA-256 to earlier Ulfa image file
Leaf Curl (664).jpg,Leaf Curl,murda complex,INTERNAL_DATASET_DUPLICATE,f659ad63880494e97be5076d2a9bd9608b7e729497a2c936c1dc9c64644d8e14,Identical SHA-256 to earlier Ulfa image file
Leaf Curl (672).jpg,Leaf Curl,murda complex,INTERNAL_DATASET_DUPLICATE,9c913e5f3658a7a15ef277c0134d48a2ef16c7146184e71cf4a44016897ca3a4,Identical SHA-256 to earlier Ulfa image file
Leaf Curl (678).jpg,Leaf Curl,murda complex,INTERNAL_DATASET_DUPLICATE,a3317668dd4a4ac2175c5f28e49f08054763013a68bec3f7b3b2a3874a8c7172,Identical SHA-256 to earlier Ulfa image file
Leaf Curl (685).jpg,Leaf Curl,murda complex,INTERNAL_DATASET_DUPLICATE,f793cc6a588fde698f821b0f7ebdb8d17e680cd46b4f670a02121c061f9bf6d4,Identical SHA-256 to earlier Ulfa image file
Leaf Curl (694).jpg,Leaf Curl,murda complex,INTERNAL_DATASET_DUPLICATE,817ba67e25fb418f92e641a8f446eb632d5b21224814b27863ea6225fccfb372,Identical SHA-256 to earlier Ulfa image file
Leaf Curl (695).jpg,Leaf Curl,murda complex,INTERNAL_DATASET_DUPLICATE,877931fd003269bb909dc4309d300ec23b977c64260ff48a2290f7f22535a7b8,Identical SHA-256 to earlier Ulfa image file
Leaf Curl (698).jpg,Leaf Curl,murda complex,INTERNAL_DATASET_DUPLICATE,c7801de3cab6b7e2d1c7a0c890fce5eb6d9e0e8073240b5b3c894814ab27bf84,Identical SHA-256 to earlier Ulfa image file
Leaf Curl (702).jpg,Leaf Curl,murda complex,INTERNAL_DATASET_DUPLICATE,1e1aad583572041d5fc54ee1864a3dc301618e068a40c4968ba2f26eb36775dc,Identical SHA-256 to earlier Ulfa image file
Leaf Curl (703).jpg,Leaf Curl,murda complex,INTERNAL_DATASET_DUPLICATE,e722b088dd81bd2f6d504a93f939153016e5a6588a73fcdace7452993b534610,Identical SHA-256 to earlier Ulfa image file
Leaf Curl (706).jpg,Leaf Curl,murda complex,INTERNAL_DATASET_DUPLICATE,0d0ed39870068dce297c9b3b3d087ac5fc6328d167242867d47bc02a93b74812,Identical SHA-256 to earlier Ulfa image file
Leaf Curl (707).jpg,Leaf Curl,murda complex,INTERNAL_DATASET_DUPLICATE,44149fbdd1d21318889dc8a4fedfc191bd2a50cf5bb40e1062b24565a91b1309,Identical SHA-256 to earlier Ulfa image file
Leaf Curl (71).jpg,Leaf Curl,murda complex,INTERNAL_DATASET_DUPLICATE,ff7c13767562cb6726bcf875a49d0233285e41e890009a96c6c59baf3096c48d,Identical SHA-256 to earlier Ulfa image file
Leaf Curl (73).jpg,Leaf Curl,murda complex,INTERNAL_DATASET_DUPLICATE,b8845fc56c99d2afe855ce49d39096ae500670c1b17b002f73bbabc9365a3595,Identical SHA-256 to earlier Ulfa image file
Leaf Curl (751).jpg,Leaf Curl,murda complex,INTERNAL_DATASET_DUPLICATE,e0de4d0315edf6ff65b768fc87811a1d1bcb3eb47e9c5dc268c02ac38cf5ee10,Identical SHA-256 to earlier Ulfa image file
Leaf Curl (755).jpg,Leaf Curl,murda complex,INTERNAL_DATASET_DUPLICATE,8346701116347eedb994ff570126bc2e5802717fd8f369b17b8fb39e4fcbdb53,Identical SHA-256 to earlier Ulfa image file
Leaf Curl (760).jpg,Leaf Curl,murda complex,INTERNAL_DATASET_DUPLICATE,05c5e0972baa0813b34f748c699f6cbcc8c3ca47cd639fc72e28837810f3b239,Identical SHA-256 to earlier Ulfa image file
Leaf Curl (763).jpg,Leaf Curl,murda complex,INTERNAL_DATASET_DUPLICATE,af164dbc18474789914c628e2073a9854033747c85235c3abebc97948f964faf,Identical SHA-256 to earlier Ulfa image file
Leaf Curl (773).jpg,Leaf Curl,murda complex,INTERNAL_DATASET_DUPLICATE,33d2e70a5bae96c794b1efb58122667b23f9745731c8ed36fddf31dda74811d7,Identical SHA-256 to earlier Ulfa image file
Leaf Curl (776).jpg,Leaf Curl,murda complex,INTERNAL_DATASET_DUPLICATE,db6810414e22f7d9ac5ca97f3a617d5aad3a805a860f19c37af8e180aa956eab,Identical SHA-256 to earlier Ulfa image file
Leaf Curl (780).jpg,Leaf Curl,murda complex,INTERNAL_DATASET_DUPLICATE,09fc5f0018e569028bb0659608bd5a8e87ce41b79cfe6ae257bafc7a7fe78fc8,Identical SHA-256 to earlier Ulfa image file
Leaf Curl (783).jpg,Leaf Curl,murda complex,INTERNAL_DATASET_DUPLICATE,beae4d5b02fed781a7ac8bc6aa1ad20da5618083bdcfd2bfc975eb9a4e334c16,Identical SHA-256 to earlier Ulfa image file
Leaf Curl (795).jpg,Leaf Curl,murda complex,INTERNAL_DATASET_DUPLICATE,75b636e34581b32ffef62d6d3154bd2fd3877423cfb434de4ab4fa5940c7f3b7,Identical SHA-256 to earlier Ulfa image file
Leaf Curl (798).jpg,Leaf Curl,murda complex,INTERNAL_DATASET_DUPLICATE,54cc6a3665c3daa5542efa1818435be6546cd8bb389799a2fe00509adaa7513c,Identical SHA-256 to earlier Ulfa image file
Leaf Curl (803).jpg,Leaf Curl,murda complex,INTERNAL_DATASET_DUPLICATE,994d99386397950b952cd89f39738ce994e1250150fa9c4aa3e2139da9b0abc5,Identical SHA-256 to earlier Ulfa image file
Leaf Curl (805).jpg,Leaf Curl,murda complex,INTERNAL_DATASET_DUPLICATE,e8b13165c8a1764976d16a796fad71b8c43594f6460b111107f72f56780393e3,Identical SHA-256 to earlier Ulfa image file
Leaf Curl (808).jpg,Leaf Curl,murda complex,INTERNAL_DATASET_DUPLICATE,530db407025fccf52c68a249a33180f71e1153c54c6608f9381c62c0bffc1f69,Identical SHA-256 to earlier Ulfa image file
Leaf Curl (813).jpg,Leaf Curl,murda complex,EVAL_SET_EXACT_COLLISION (Track B),90d92b135f76447d9c6ecdb84ad58cce4e58a5fd69d6da6c68a7acf4371b58a7,Exact SHA-256 match with Track B evaluation sample
Leaf Curl (815).jpg,Leaf Curl,murda complex,EVAL_SET_EXACT_COLLISION (Track B),2b0eed494961839d7b4765296ae82079acb5d3eb3fedef6521b4e3d94cb6535f,Exact SHA-256 match with Track B evaluation sample
Leaf Curl (817).jpg,Leaf Curl,murda complex,INTERNAL_DATASET_DUPLICATE,206f651c5e78970de3734649ded6586a4fa23e9a01f304dc3165052f8013e83d,Identical SHA-256 to earlier Ulfa image file
Leaf Curl (820).jpg,Leaf Curl,murda complex,EVAL_SET_EXACT_COLLISION (Track B),83b4f24879d8393f9fa965bfbbb30f3f238983cd053f064db56f15ac68fdd904,Exact SHA-256 match with Track B evaluation sample
Leaf Curl (821).jpg,Leaf Curl,murda complex,EVAL_SET_EXACT_COLLISION (Track B),5cdf8a8e153a8d74b0319093e8788bc9d6d9e5f21e4cafefbf8d6beed84e72ff,Exact SHA-256 match with Track B evaluation sample
Leaf Curl (822).jpg,Leaf Curl,murda complex,EVAL_SET_EXACT_COLLISION (Track B),fe810edd10d7204a22de9d220d9502f25481852b581318deb80e964e9dc0e467,Exact SHA-256 match with Track B evaluation sample
Leaf Curl (823).jpg,Leaf Curl,murda complex,EVAL_SET_EXACT_COLLISION (Track B),5283b403e737fda9432181c8ae13e0461640764ef8f36703b7aaec0fb3293c1b,Exact SHA-256 match with Track B evaluation sample
Leaf Curl (824).jpg,Leaf Curl,murda complex,EVAL_SET_EXACT_COLLISION (Track B),393c3a87fd1822af47f3f90e542ca9d7634fd9d5f0b8359564c9ee88bdce1bd6,Exact SHA-256 match with Track B evaluation sample
Leaf Curl (825).jpg,Leaf Curl,murda complex,EVAL_SET_EXACT_COLLISION (Track B),21431e5fdeb7c2b2135874887f4efe74f78aab27c7fb816130771dae4f126e1a,Exact SHA-256 match with Track B evaluation sample
Leaf Curl (828).jpg,Leaf Curl,murda complex,INTERNAL_DATASET_DUPLICATE,c80d18fae97f21cdfab65c0cc832466b04a118374f18dd19cc00e8cb31c21aec,Identical SHA-256 to earlier Ulfa image file
Leaf Curl (831).jpg,Leaf Curl,murda complex,INTERNAL_DATASET_DUPLICATE,027e4caed841abda260afe2f76a69b9fd4b34cd37ff78627f73fa14a988f3e0a,Identical SHA-256 to earlier Ulfa image file
Leaf Curl (834).jpg,Leaf Curl,murda complex,INTERNAL_DATASET_DUPLICATE,1dd0030f4aef14e6262aab9cbc5647a34a52202ae3347b6f58d921f152ae4c70,Identical SHA-256 to earlier Ulfa image file
Leaf Curl (855).jpg,Leaf Curl,murda complex,INTERNAL_DATASET_DUPLICATE,3710b59b817058c34141d585e52293c86739b03b7e91b30851a00f0e632eb858,Identical SHA-256 to earlier Ulfa image file
Leaf Curl (859).jpg,Leaf Curl,murda complex,INTERNAL_DATASET_DUPLICATE,3513ef9735c4a96de7f017bd8a48cf1cede01c3cea3514a9e449be1b560e4d0d,Identical SHA-256 to earlier Ulfa image file
Leaf Curl (865).jpg,Leaf Curl,murda complex,INTERNAL_DATASET_DUPLICATE,ee5f4f763965d4b51d4dced58e1752d4a427ceecf438d8e1820c9e41d372e307,Identical SHA-256 to earlier Ulfa image file
Leaf Curl (878).jpg,Leaf Curl,murda complex,INTERNAL_DATASET_DUPLICATE,aa2bb7ab824a6c53cb4f5fefc6409c1687052efdefe904cb9a042608710e2cec,Identical SHA-256 to earlier Ulfa image file
Leaf Curl (882).jpg,Leaf Curl,murda complex,INTERNAL_DATASET_DUPLICATE,287e512e7934a8f44b385ce99fdd60a113c568d0784a0bb7dd265f19e9f7d785,Identical SHA-256 to earlier Ulfa image file
Leaf Curl (888).jpg,Leaf Curl,murda complex,EVAL_SET_EXACT_COLLISION (Track B),c90e7a1cda60f9a1efb7aff5139747f97a07abc2148d3d880c3f86e98e4c7801,Exact SHA-256 match with Track B evaluation sample
Leaf Curl (889).jpg,Leaf Curl,murda complex,EVAL_SET_EXACT_COLLISION (Track B),d03be5fc1692d1cd9af469bdb07d094b5e25bdddbf4c5b95651a557d045a735a,Exact SHA-256 match with Track B evaluation sample
Leaf Curl (890).jpg,Leaf Curl,murda complex,EVAL_SET_EXACT_COLLISION (Track B),c90e7a1cda60f9a1efb7aff5139747f97a07abc2148d3d880c3f86e98e4c7801,Exact SHA-256 match with Track B evaluation sample
Leaf Curl (891).jpg,Leaf Curl,murda complex,EVAL_SET_EXACT_COLLISION (Track B),d3bb59dcc65fadcf8fa57e01702108c2c443dbd48e66b8d553cfcb26f18f93cc,Exact SHA-256 match with Track B evaluation sample
Leaf Curl (892).jpg,Leaf Curl,murda complex,EVAL_SET_EXACT_COLLISION (Track B),76feefa79e11ee65070ca62046da9871ba56bc2eaf90f98b43492a953da27c06,Exact SHA-256 match with Track B evaluation sample
Leaf Curl (893).jpg,Leaf Curl,murda complex,EVAL_SET_EXACT_COLLISION (Track B),d3bb59dcc65fadcf8fa57e01702108c2c443dbd48e66b8d553cfcb26f18f93cc,Exact SHA-256 match with Track B evaluation sample
Leaf Curl (896).jpg,Leaf Curl,murda complex,INTERNAL_DATASET_DUPLICATE,d02dfca3caa269136c04f716469bdbd1feb82c359b513cc1c9112f68f3cbeccf,Identical SHA-256 to earlier Ulfa image file
Leaf Curl (897).jpg,Leaf Curl,murda complex,EVAL_SET_EXACT_COLLISION (Track B),8259dfe52bcfc2b964fe5cfdfcf7cbe6dc4045b41632664e1ccee7e3655d621e,Exact SHA-256 match with Track B evaluation sample
Leaf Curl (898).jpg,Leaf Curl,murda complex,EVAL_SET_EXACT_COLLISION (Track B),40a536af09d72665e629e720e918b80af867cdbf759b90d20e92144e69d6a9cc,Exact SHA-256 match with Track B evaluation sample
Leaf Curl (899).jpg,Leaf Curl,murda complex,EVAL_SET_EXACT_COLLISION (Track B),f99c15d3d6515609e05dbac10fdb2c1b4256b8a0d92d6ffe31df2eb1d9c7d1ba,Exact SHA-256 match with Track B evaluation sample
Leaf Curl (900).jpg,Leaf Curl,murda complex,EVAL_SET_EXACT_COLLISION (Track B),2d5607c373f26790d5b78675b7aa8af6d39674379ee43922a28bb70fcc1c9b97,Exact SHA-256 match with Track B evaluation sample
Leaf Curl (901).jpg,Leaf Curl,murda complex,EVAL_SET_EXACT_COLLISION (Track B),2d5607c373f26790d5b78675b7aa8af6d39674379ee43922a28bb70fcc1c9b97,Exact SHA-256 match with Track B evaluation sample
Leaf Curl (903).jpg,Leaf Curl,murda complex,EVAL_SET_EXACT_COLLISION (Track B),4483f9220dbf0db806febfdd7fcd3a8eea01db8e0a4a5750bf76688e3e574d6f,Exact SHA-256 match with Track B evaluation sample
Leaf Curl (904).jpg,Leaf Curl,murda complex,EVAL_SET_EXACT_COLLISION (Track B),97995bd75534ebdaabada8cdaefa2cb3f293cd9be07fa6c47f2ec6c21efd8ad5,Exact SHA-256 match with Track B evaluation sample
Leaf Curl (905).jpg,Leaf Curl,murda complex,EVAL_SET_EXACT_COLLISION (Track B),c8cf860618338b2ec68af4e298d26e5cee4f55d727aec6f6c6769e879ebcc02c,Exact SHA-256 match with Track B evaluation sample
Leaf Curl (907).jpg,Leaf Curl,murda complex,INTERNAL_DATASET_DUPLICATE,f173190e8d5a85e8311e6de92571e908c46cb0fd3f8767e5183054aa0662d881,Identical SHA-256 to earlier Ulfa image file
Leaf Curl (911).jpg,Leaf Curl,murda complex,INTERNAL_DATASET_DUPLICATE,ae3cb6960e65e52675a33b815bee9f782206bb081d0d46ca0057d35eb0685006,Identical SHA-256 to earlier Ulfa image file
Leaf Curl (913).jpg,Leaf Curl,murda complex,INTERNAL_DATASET_DUPLICATE,de587dd3b9ed6b2fedb04a83c0017e3966c424dd69801a091a40657548b10f5f,Identical SHA-256 to earlier Ulfa image file
Leaf Curl (914).jpg,Leaf Curl,murda complex,INTERNAL_DATASET_DUPLICATE,ae3cb6960e65e52675a33b815bee9f782206bb081d0d46ca0057d35eb0685006,Identical SHA-256 to earlier Ulfa image file
Leaf Curl (917).jpg,Leaf Curl,murda complex,INTERNAL_DATASET_DUPLICATE,a9f57f7b8d65a3fa7fffbcec0e05226fcc7f82b896eb9363b42345968dd5d8d8,Identical SHA-256 to earlier Ulfa image file
Leaf Curl (919).jpg,Leaf Curl,murda complex,INTERNAL_DATASET_DUPLICATE,add4045d6605319592c422235860cf86e92a45fd3719a72cb055f569236f3cf2,Identical SHA-256 to earlier Ulfa image file
Leaf Curl (922).jpg,Leaf Curl,murda complex,INTERNAL_DATASET_DUPLICATE,6b2dee900b67dfea49990c314b35c2cbc9388fd9b58bc53ff4ea646aeeb02835,Identical SHA-256 to earlier Ulfa image file
Leaf Curl (923).jpg,Leaf Curl,murda complex,INTERNAL_DATASET_DUPLICATE,5a3d945b7c6da6e7586d40582ff0345ee7cff30330a4663580c49b1b9e26cba5,Identical SHA-256 to earlier Ulfa image file
Leaf Curl (924).jpg,Leaf Curl,murda complex,INTERNAL_DATASET_DUPLICATE,5a3d945b7c6da6e7586d40582ff0345ee7cff30330a4663580c49b1b9e26cba5,Identical SHA-256 to earlier Ulfa image file
Leaf Curl (928).jpg,Leaf Curl,murda complex,INTERNAL_DATASET_DUPLICATE,30d39907e45272212aa39c51c4acd4d70dbf37e649887885c07a61524f9cf89a,Identical SHA-256 to earlier Ulfa image file
Leaf Curl (929).jpg,Leaf Curl,murda complex,INTERNAL_DATASET_DUPLICATE,30d39907e45272212aa39c51c4acd4d70dbf37e649887885c07a61524f9cf89a,Identical SHA-256 to earlier Ulfa image file
Leaf Curl (933).jpg,Leaf Curl,murda complex,INTERNAL_DATASET_DUPLICATE,eebd240e88b2634eb1e11cdfc1cc57eb48147ccae7a4bd63bb6849f410218cc3,Identical SHA-256 to earlier Ulfa image file
Leaf Curl (934).jpg,Leaf Curl,murda complex,INTERNAL_DATASET_DUPLICATE,a86a8410f495b1470afd254fe9b855d6bc43f2550cfbdaab471d21f83e985eab,Identical SHA-256 to earlier Ulfa image file
Leaf Curl (935).jpg,Leaf Curl,murda complex,INTERNAL_DATASET_DUPLICATE,1a755842e2b8e93d2eb2b94d8c1432f7fd8a1f1814a198b70c98088c42466ece,Identical SHA-256 to earlier Ulfa image file
Leaf Curl (936).jpg,Leaf Curl,murda complex,INTERNAL_DATASET_DUPLICATE,a86a8410f495b1470afd254fe9b855d6bc43f2550cfbdaab471d21f83e985eab,Identical SHA-256 to earlier Ulfa image file
Leaf Curl (937).jpg,Leaf Curl,murda complex,INTERNAL_DATASET_DUPLICATE,d3d6ba8e27f969c5bddaf7938a9e2b1faf80f0ffd236bef3199de963388aacca,Identical SHA-256 to earlier Ulfa image file
Leaf Curl (939).jpg,Leaf Curl,murda complex,INTERNAL_DATASET_DUPLICATE,61e56430120ee11a4bf4c0b1fe87e1a9975dfad98b2bc330dbc1b222a3a82dde,Identical SHA-256 to earlier Ulfa image file
Leaf Curl (940).jpg,Leaf Curl,murda complex,INTERNAL_DATASET_DUPLICATE,61e56430120ee11a4bf4c0b1fe87e1a9975dfad98b2bc330dbc1b222a3a82dde,Identical SHA-256 to earlier Ulfa image file
Leaf Curl (944).jpg,Leaf Curl,murda complex,INTERNAL_DATASET_DUPLICATE,a4c64c24adee5ea57e89fb556e37ddd890df41381b902eb49cc223f93fce61c4,Identical SHA-256 to earlier Ulfa image file
Leaf Curl (946).jpg,Leaf Curl,murda complex,EVAL_SET_EXACT_COLLISION (Track C),fc6b1d18cf8990ac68e7cbab72dcb4f6184e8f28b4ab952b5739f5faed431faa,Exact SHA-256 match with Track C evaluation sample
Leaf Curl (947).jpg,Leaf Curl,murda complex,EVAL_SET_EXACT_COLLISION (Track C),f92a8e88140a357692b4785939f1dbd40774c6b82948041d19e35dd461cc1d45,Exact SHA-256 match with Track C evaluation sample
Leaf Curl (952).jpg,Leaf Curl,murda complex,INTERNAL_DATASET_DUPLICATE,692bef513a98082f17b1e335846d9b38c4ecda6bcb62024bd024f301ebdcc555,Identical SHA-256 to earlier Ulfa image file
Leaf Curl (953).jpg,Leaf Curl,murda complex,INTERNAL_DATASET_DUPLICATE,575e5dc0bd79c824a8dd0d21e7fcd2481b4bc6cc8af5cc4dc41141b94b8906b7,Identical SHA-256 to earlier Ulfa image file
Leaf Curl (954).jpg,Leaf Curl,murda complex,INTERNAL_DATASET_DUPLICATE,c249d06f494536851228d0f5d20e7fe52261c76c8a25f2c6f6a040900629d87b,Identical SHA-256 to earlier Ulfa image file
Leaf Curl (955).jpg,Leaf Curl,murda complex,INTERNAL_DATASET_DUPLICATE,ce1bfcb8cb6d804c03a78261798c828339591499e04f652f3f5336c17a82aebd,Identical SHA-256 to earlier Ulfa image file
Leaf Curl (956).jpg,Leaf Curl,murda complex,INTERNAL_DATASET_DUPLICATE,d67fa59db1ddb0f2342202c7054effd785b73f3bb09773259c16e7e0c8b4fccd,Identical SHA-256 to earlier Ulfa image file
Leaf Curl (958).jpg,Leaf Curl,murda complex,INTERNAL_DATASET_DUPLICATE,7b58d4143978272dbda4036202c033dfe6dad0fddd962a1c9bb6d15fd35d9b00,Identical SHA-256 to earlier Ulfa image file
Leaf Curl (959).jpg,Leaf Curl,murda complex,INTERNAL_DATASET_DUPLICATE,018f88878c683f02aaeb27c9776873f1e2d440756a819d561eb8b152267dc524,Identical SHA-256 to earlier Ulfa image file
Leaf Curl (960).jpg,Leaf Curl,murda complex,INTERNAL_DATASET_DUPLICATE,7b58d4143978272dbda4036202c033dfe6dad0fddd962a1c9bb6d15fd35d9b00,Identical SHA-256 to earlier Ulfa image file
Leaf Curl (963).jpg,Leaf Curl,murda complex,INTERNAL_DATASET_DUPLICATE,1cfadaf5da9d548bb890b18f5e54e407592bf8f2db257f70a264ca9fd18b2e44,Identical SHA-256 to earlier Ulfa image file
Leaf Curl (964).jpg,Leaf Curl,murda complex,INTERNAL_DATASET_DUPLICATE,7f6f80ecce35a1d5f88e9c61a46510c2679f0810bde01b4e897e7e088c1ecdb6,Identical SHA-256 to earlier Ulfa image file
Leaf Curl (966).jpg,Leaf Curl,murda complex,INTERNAL_DATASET_DUPLICATE,7f6f80ecce35a1d5f88e9c61a46510c2679f0810bde01b4e897e7e088c1ecdb6,Identical SHA-256 to earlier Ulfa image file
Leaf Curl (969).jpg,Leaf Curl,murda complex,INTERNAL_DATASET_DUPLICATE,6579d44b36222ebecd23cf1e4fbe1be7ef2f9b1f482f8a5cc98762b1f098e40f,Identical SHA-256 to earlier Ulfa image file
Leaf Curl (970).jpg,Leaf Curl,murda complex,INTERNAL_DATASET_DUPLICATE,18768709cd629cb1987b5da8e2420e79173dbedbb7440176442a257569c6127d,Identical SHA-256 to earlier Ulfa image file
Leaf Curl (971).jpg,Leaf Curl,murda complex,INTERNAL_DATASET_DUPLICATE,f0bf5706cfc070d721dd87ba1fb5f7654ea67a16a57e3ce709cee68d37668f75,Identical SHA-256 to earlier Ulfa image file
Leaf Curl (972).jpg,Leaf Curl,murda complex,INTERNAL_DATASET_DUPLICATE,96f719d0f47c358f5955e69fcff9daa9be2e37480539d225cb74e63889f9111f,Identical SHA-256 to earlier Ulfa image file
Leaf Curl (973).jpg,Leaf Curl,murda complex,INTERNAL_DATASET_DUPLICATE,f0bf5706cfc070d721dd87ba1fb5f7654ea67a16a57e3ce709cee68d37668f75,Identical SHA-256 to earlier Ulfa image file
Leaf Curl (974).jpg,Leaf Curl,murda complex,INTERNAL_DATASET_DUPLICATE,14b99df3981bb47b64793d8860b8a5fb14e29378251c6103c6e048911442de82,Identical SHA-256 to earlier Ulfa image file
Leaf Curl (975).jpg,Leaf Curl,murda complex,INTERNAL_DATASET_DUPLICATE,37717b784c516fd53d2684664c0007cf8347d59d43cea7bd11865bfb2abba8a3,Identical SHA-256 to earlier Ulfa image file
Leaf Curl (977).jpg,Leaf Curl,murda complex,INTERNAL_DATASET_DUPLICATE,14b99df3981bb47b64793d8860b8a5fb14e29378251c6103c6e048911442de82,Identical SHA-256 to earlier Ulfa image file
Leaf Curl (978).jpg,Leaf Curl,murda complex,INTERNAL_DATASET_DUPLICATE,f0d9c0c022aec9513948e5e26499efeb5bb3d5fd543644eb2a20f95bd2267511,Identical SHA-256 to earlier Ulfa image file
Leaf Curl (979).jpg,Leaf Curl,murda complex,INTERNAL_DATASET_DUPLICATE,a429b3371bf8693379531103928b48ffcfeff181d7c07a54ed606cb41d437338,Identical SHA-256 to earlier Ulfa image file
Leaf Curl (983).jpg,Leaf Curl,murda complex,INTERNAL_DATASET_DUPLICATE,50f914c2fa6f46d580f5c0d7d99a1c582c15180c1f87bcfffdaf8c78f742453f,Identical SHA-256 to earlier Ulfa image file
Leaf Curl (985).jpg,Leaf Curl,murda complex,INTERNAL_DATASET_DUPLICATE,8b89d3a2c78300d52fe21d863b69bd528475f66cbd861332c519c49e8793623f,Identical SHA-256 to earlier Ulfa image file
Leaf Curl (986).jpg,Leaf Curl,murda complex,INTERNAL_DATASET_DUPLICATE,8b89d3a2c78300d52fe21d863b69bd528475f66cbd861332c519c49e8793623f,Identical SHA-256 to earlier Ulfa image file
Leaf Curl (990).jpg,Leaf Curl,murda complex,INTERNAL_DATASET_DUPLICATE,101b7d7cfd015baa9eab5686d256244200ec150a722a6e4b2abfd99539e3da52,Identical SHA-256 to earlier Ulfa image file
Leaf Curl (993).jpg,Leaf Curl,murda complex,INTERNAL_DATASET_DUPLICATE,9ee6726097be632cd43192be21e55f24a4db3b3b6aa24c44f069ab935d507c90,Identical SHA-256 to earlier Ulfa image file
Leaf Curl (994).jpg,Leaf Curl,murda complex,INTERNAL_DATASET_DUPLICATE,c98d96da1f7a93edd6914e42df0305f91172760d9dbad291dbc8242c78d1a155,Identical SHA-256 to earlier Ulfa image file
Leaf Curl (995).jpg,Leaf Curl,murda complex,INTERNAL_DATASET_DUPLICATE,8178eec07540a43720b5407386b9ea643c7a8a2540cee7e265ae1bf9be8450ba,Identical SHA-256 to earlier Ulfa image file
Leaf Curl (996).jpg,Leaf Curl,murda complex,INTERNAL_DATASET_DUPLICATE,8178eec07540a43720b5407386b9ea643c7a8a2540cee7e265ae1bf9be8450ba,Identical SHA-256 to earlier Ulfa image file
Leaf Curl (998).jpg,Leaf Curl,murda complex,EVAL_SET_EXACT_COLLISION (Track C),c6f2cdebfcfb9c28bbe90196afc63716c9d2dc0429e2aac2f97c57dc2c716724,Exact SHA-256 match with Track C evaluation sample
Leaf Curl (999).jpg,Leaf Curl,murda complex,EVAL_SET_EXACT_COLLISION (Track C),e72da5a77c81abf0a70c4bc2976d377c8081db5cb89d916fdb2233daef5f717e,Exact SHA-256 match with Track C evaluation sample
Daun kuning - (1).jpg,Yellowish Leaf,nutritional deficiency,EVAL_SET_EXACT_COLLISION (Track B),3b9b5c398bab2e475f10d1f92c594acd6c931e1fb3800c27f26b88317caff9f2,Exact SHA-256 match with Track B evaluation sample
Daun kuning - (1).png,Yellowish Leaf,nutritional deficiency,EVAL_SET_EXACT_COLLISION (Track B),e52089a999c24de5628feb373c76d29302d1e339a7540ea756e811f0d1f07d4d,Exact SHA-256 match with Track B evaluation sample
Daun kuning - (10).jpg,Yellowish Leaf,nutritional deficiency,EVAL_SET_EXACT_COLLISION (Track B),b2f50ae2d0b5dede96e3215442e88c314db9cb6c905de39288520d05d992779c,Exact SHA-256 match with Track B evaluation sample
Daun kuning - (10).png,Yellowish Leaf,nutritional deficiency,EVAL_SET_EXACT_COLLISION (Track B),898302161faf3d8c00fd88a81d0e149124f00d17c80c5da11b569270549cd475,Exact SHA-256 match with Track B evaluation sample
Daun kuning - (100).jpg,Yellowish Leaf,nutritional deficiency,EVAL_SET_EXACT_COLLISION (Track B),a9eefa067059442092e09f627b728bf1253a60dbef3af0cae91e265b18280e77,Exact SHA-256 match with Track B evaluation sample
Daun kuning - (101).jpg,Yellowish Leaf,nutritional deficiency,EVAL_SET_EXACT_COLLISION (Track B),35196aaac76bd57a4e97a00c3ec2738dd757299f9556c220133c765cb7df12e3,Exact SHA-256 match with Track B evaluation sample
Daun kuning - (102).jpg,Yellowish Leaf,nutritional deficiency,EVAL_SET_EXACT_COLLISION (Track B),35196aaac76bd57a4e97a00c3ec2738dd757299f9556c220133c765cb7df12e3,Exact SHA-256 match with Track B evaluation sample
Daun kuning - (103).jpg,Yellowish Leaf,nutritional deficiency,EVAL_SET_EXACT_COLLISION (Track B),2b1971b286257116dc5ba4718f8f90e7814211891f95b35ca11d819efac51baa,Exact SHA-256 match with Track B evaluation sample
Daun kuning - (104).jpg,Yellowish Leaf,nutritional deficiency,EVAL_SET_EXACT_COLLISION (Track B),2b1971b286257116dc5ba4718f8f90e7814211891f95b35ca11d819efac51baa,Exact SHA-256 match with Track B evaluation sample
Daun kuning - (105).jpg,Yellowish Leaf,nutritional deficiency,EVAL_SET_EXACT_COLLISION (Track B),7c6bfd3c83e51cbdd4b0f579fe2c6ad15bed1f88caf28128d8019bcbbc3de5a7,Exact SHA-256 match with Track B evaluation sample
Daun kuning - (106).jpg,Yellowish Leaf,nutritional deficiency,EVAL_SET_EXACT_COLLISION (Track B),6348c385d5f66f46b83d0448ff8df37658cdee91c823961a7f6811231dcf2f7b,Exact SHA-256 match with Track B evaluation sample
Daun kuning - (107).jpg,Yellowish Leaf,nutritional deficiency,EVAL_SET_EXACT_COLLISION (Track B),4a2d78d23f4dbc5ed338ec7314baa866b5ac9658ca89487c78d9d54e968851e1,Exact SHA-256 match with Track B evaluation sample
Daun kuning - (108).jpg,Yellowish Leaf,nutritional deficiency,EVAL_SET_EXACT_COLLISION (Track B),e5558a5519df284439499f826485d703634445db21792373a556420b6c0fe4a1,Exact SHA-256 match with Track B evaluation sample
Daun kuning - (109).jpg,Yellowish Leaf,nutritional deficiency,EVAL_SET_EXACT_COLLISION (Track B),ca3030e7edc7806a7778e89a1ecf840a2641cda19fce0352d6fd1e0f019b08db,Exact SHA-256 match with Track B evaluation sample
Daun kuning - (11).jpg,Yellowish Leaf,nutritional deficiency,EVAL_SET_EXACT_COLLISION (Track B),5d1fdcb8243d382b52ee90c2c74b78435d5efc71abe167b82e5effa64eac9f2a,Exact SHA-256 match with Track B evaluation sample
Daun kuning - (11).png,Yellowish Leaf,nutritional deficiency,EVAL_SET_EXACT_COLLISION (Track B),f52901c86265e43565d1953a5623b5d6d10c98e5f5e61197a9cd6f3c0ac2bbf6,Exact SHA-256 match with Track B evaluation sample
Daun kuning - (110).jpg,Yellowish Leaf,nutritional deficiency,EVAL_SET_EXACT_COLLISION (Track B),e8e6d27ec0f59eca0bc3700695bbf1a66e0420588253629d1c066fa223458689,Exact SHA-256 match with Track B evaluation sample
Daun kuning - (111).jpg,Yellowish Leaf,nutritional deficiency,EVAL_SET_EXACT_COLLISION (Track B),dba6ba1157b896e382b2d3790c876734a41c3672fffde96b7df495b01676a49b,Exact SHA-256 match with Track B evaluation sample
Daun kuning - (112).jpg,Yellowish Leaf,nutritional deficiency,EVAL_SET_EXACT_COLLISION (Track B),462ef75ec420159656a99811b85c70659f412049a1b2189a98a068b1ada27584,Exact SHA-256 match with Track B evaluation sample
Daun kuning - (113).jpg,Yellowish Leaf,nutritional deficiency,EVAL_SET_EXACT_COLLISION (Track B),9adfd7d10ade003defbf77131160cc66e1ff25cd22bd4c28a1cbb0293b027d65,Exact SHA-256 match with Track B evaluation sample
Daun kuning - (114).jpg,Yellowish Leaf,nutritional deficiency,EVAL_SET_EXACT_COLLISION (Track B),8b880639c477e46e80d5043636ba49221e951eb17e26190219a4a3b72b9ce6ea,Exact SHA-256 match with Track B evaluation sample
Daun kuning - (115).jpg,Yellowish Leaf,nutritional deficiency,EVAL_SET_EXACT_COLLISION (Track B),1eef22012d0ebe4073faf12b123119a3c266e6fdac109036bb8dc998d3d0f96b,Exact SHA-256 match with Track B evaluation sample
Daun kuning - (116).jpg,Yellowish Leaf,nutritional deficiency,EVAL_SET_EXACT_COLLISION (Track B),752be315520f07ad125c1ef4cce7850eb2c57b560cc6da888de7ce301224bb09,Exact SHA-256 match with Track B evaluation sample
Daun kuning - (117).jpg,Yellowish Leaf,nutritional deficiency,EVAL_SET_EXACT_COLLISION (Track B),60045d23201f26ef2837d5fa453f3b7227b615b3a00ae0023a1e9cafddfdfc05,Exact SHA-256 match with Track B evaluation sample
Daun kuning - (118).jpg,Yellowish Leaf,nutritional deficiency,EVAL_SET_EXACT_COLLISION (Track B),e619bf7829025cdfc25369686307bf98f20f7232a1f28ef32d71fd7c4c835471,Exact SHA-256 match with Track B evaluation sample
Daun kuning - (119).jpg,Yellowish Leaf,nutritional deficiency,EVAL_SET_EXACT_COLLISION (Track B),d303735a7c289d8ec5bba592fb0c2509c0a4acbc8dc4909b320f11832907d13f,Exact SHA-256 match with Track B evaluation sample
Daun kuning - (12).jpg,Yellowish Leaf,nutritional deficiency,EVAL_SET_EXACT_COLLISION (Track B),2cc9dc34dc4405544b07f075711719e04e36a240f19ac305efc8233db062c983,Exact SHA-256 match with Track B evaluation sample
Daun kuning - (12).png,Yellowish Leaf,nutritional deficiency,EVAL_SET_EXACT_COLLISION (Track B),2094c5aa9dd374be47bbf4be77cae02beddf8a50c403e9c6c4a481c8bda090fc,Exact SHA-256 match with Track B evaluation sample
Daun kuning - (120).jpg,Yellowish Leaf,nutritional deficiency,EVAL_SET_EXACT_COLLISION (Track B),480dfe15c4e521423ee58bb2d3e318027aff47d1a2aa86f3045a0d76223dd4ed,Exact SHA-256 match with Track B evaluation sample
Daun kuning - (121).jpg,Yellowish Leaf,nutritional deficiency,EVAL_SET_EXACT_COLLISION (Track B),c5735fe1bc9dbdfb76576f50427756f4064cb3987ea0b3d1a6ce2aa11edd532c,Exact SHA-256 match with Track B evaluation sample
Daun kuning - (122).jpg,Yellowish Leaf,nutritional deficiency,EVAL_SET_EXACT_COLLISION (Track B),aab883790af7e3c2afca8ccc10fcdf322adae54603ae644f3c5df9398691f57a,Exact SHA-256 match with Track B evaluation sample
Daun kuning - (123).jpg,Yellowish Leaf,nutritional deficiency,EVAL_SET_EXACT_COLLISION (Track B),bf5b303190b9afbd898a242e327f74ccf9959f33c517346a0fb23f7a50fdd280,Exact SHA-256 match with Track B evaluation sample
Daun kuning - (129).jpg,Yellowish Leaf,nutritional deficiency,EVAL_SET_NEAR_DUPLICATE,fbfc58e1111e65dfe643011855a750f17fc2beaa9ccaeab11eb9bc9bd26002e6,dHash Hamming distance 5 <= 5 to eval image: results\model_robustness_audit\audit_images\track_c_realworld\chilli\nutritional deficiency\ulfa_field_Daun_kuning_-__130_.jpg
Daun kuning - (130).jpg,Yellowish Leaf,nutritional deficiency,EVAL_SET_EXACT_COLLISION (Track C),25901a36b2e093b537c952f890626d3d4694c06c3c9138e238ea28e73d8c27c7,Exact SHA-256 match with Track C evaluation sample
Daun kuning - (131).jpg,Yellowish Leaf,nutritional deficiency,EVAL_SET_EXACT_COLLISION (Track C),67a3ea268f5a5c529bdae11498514dc769c1c8f74ac5ce7b2dc8021c5a2f985f,Exact SHA-256 match with Track C evaluation sample
Daun kuning - (132).jpg,Yellowish Leaf,nutritional deficiency,EVAL_SET_EXACT_COLLISION (Track C),c4a41d3ed8e4efb28c9ff75a60d58717d45f2b9057d1a35f4d3caf680ce7f183,Exact SHA-256 match with Track C evaluation sample
Daun kuning - (133).jpg,Yellowish Leaf,nutritional deficiency,EVAL_SET_EXACT_COLLISION (Track C),859d78d6a60d280c29f33668b561e2506544a21cfc93f0707d754dc229a6acb2,Exact SHA-256 match with Track C evaluation sample
Daun kuning - (134).jpg,Yellowish Leaf,nutritional deficiency,EVAL_SET_EXACT_COLLISION (Track C),c97d2c06b15741eba6c9c7eba14517faaf853da180a22c3f761d2d7e8f10fdb8,Exact SHA-256 match with Track C evaluation sample
Daun kuning - (135).jpg,Yellowish Leaf,nutritional deficiency,EVAL_SET_EXACT_COLLISION (Track C),bff59a39529bce91f59233e559ea3b172c682a4306db113b16820849527ce003,Exact SHA-256 match with Track C evaluation sample
Daun kuning - (136).jpg,Yellowish Leaf,nutritional deficiency,EVAL_SET_EXACT_COLLISION (Track C),274352bf1ac07f26e5aa33f0946d5faf528cd56dc947400a3e69d9046e601d66,Exact SHA-256 match with Track C evaluation sample
Daun kuning - (137).jpg,Yellowish Leaf,nutritional deficiency,EVAL_SET_EXACT_COLLISION (Track C),93b1c2cb25119fc888d84ddc0de1c8a910edb234420acdf313168df015656739,Exact SHA-256 match with Track C evaluation sample
Daun kuning - (138).jpg,Yellowish Leaf,nutritional deficiency,EVAL_SET_EXACT_COLLISION (Track C),6035e19146414567f0aad54c40adcf30889a8f3e520a8e9c2022aa9f8a84fbf2,Exact SHA-256 match with Track C evaluation sample
Daun kuning - (139).jpg,Yellowish Leaf,nutritional deficiency,EVAL_SET_EXACT_COLLISION (Track C),a26ced16cee87208a74faed5cb81ff97648f2e7c414b85000d4967fa5ca8e4a5,Exact SHA-256 match with Track C evaluation sample
Daun kuning - (14).jpg,Yellowish Leaf,nutritional deficiency,EVAL_SET_EXACT_COLLISION (Track C),a3962331d9a165212f8654bce83493b456fa095c89005a8ea4e9d6e8ee63cb9e,Exact SHA-256 match with Track C evaluation sample
Daun kuning - (14).png,Yellowish Leaf,nutritional deficiency,EVAL_SET_EXACT_COLLISION (Track C),a4f128a7aab9ca7f89dd4e908f4a7c567bf3879737aaeab5894e42614a1dc8b7,Exact SHA-256 match with Track C evaluation sample
Daun kuning - (140).jpg,Yellowish Leaf,nutritional deficiency,EVAL_SET_EXACT_COLLISION (Track C),85b340263e705482406a461440883298281402111cb1c97680cf9b8080b1f71c,Exact SHA-256 match with Track C evaluation sample
Daun kuning - (141).jpg,Yellowish Leaf,nutritional deficiency,EVAL_SET_EXACT_COLLISION (Track C),13b3d91da7f0bdb188258b9c047c4f2c6d4e42d4fe9ca369dad21510e25dd2a3,Exact SHA-256 match with Track C evaluation sample
Daun kuning - (142).jpg,Yellowish Leaf,nutritional deficiency,EVAL_SET_EXACT_COLLISION (Track C),538cfb8981bb250dfae5a8c88c4050f390295b7315f5893ae771e96c34b51b7b,Exact SHA-256 match with Track C evaluation sample
Daun kuning - (143).jpg,Yellowish Leaf,nutritional deficiency,EVAL_SET_EXACT_COLLISION (Track C),f70ebe983a374b51a7bec7bd48ef4bf5379f55071d7bfb5b91336bc26e0b11db,Exact SHA-256 match with Track C evaluation sample
Daun kuning - (144).jpg,Yellowish Leaf,nutritional deficiency,EVAL_SET_EXACT_COLLISION (Track C),584d5da4989540d2d7c792f0b1189d9972879539af40c858707a1ae0413808e9,Exact SHA-256 match with Track C evaluation sample
Daun kuning - (145).jpg,Yellowish Leaf,nutritional deficiency,EVAL_SET_EXACT_COLLISION (Track C),6310160d2b6a282d1798143f0dffd03aa3e7a22213dc3577f5f222fed47cf97f,Exact SHA-256 match with Track C evaluation sample
Daun kuning - (146).jpg,Yellowish Leaf,nutritional deficiency,EVAL_SET_EXACT_COLLISION (Track C),ab6c4162e8091ebf22a695223458c7bd58ca9ef0b712e56b9f46d5c198f57827,Exact SHA-256 match with Track C evaluation sample
Daun kuning - (147).jpg,Yellowish Leaf,nutritional deficiency,EVAL_SET_EXACT_COLLISION (Track C),1306751e6e52d8e657b253f99ee24824f4129b6bb3749338e376d670d94f03a9,Exact SHA-256 match with Track C evaluation sample
Daun kuning - (162).jpg,Yellowish Leaf,nutritional deficiency,EVAL_SET_NEAR_DUPLICATE,b8f9504d0b37b3f6c92fc056ae269c3e560537de6413122aae6f0993493a1b1c,dHash Hamming distance 4 <= 5 to eval image: results\model_robustness_audit\audit_images\track_b_external\chilli\nutritional deficiency\ulfa_Daun_kuning_-__108_.jpg
Daun kuning - (18).jpg,Yellowish Leaf,nutritional deficiency,INTERNAL_DATASET_DUPLICATE,b0b2ae63e76f97bf12d466f8b20ef84d21e9e86a3b7ac9b42916be414e4d0656,Identical SHA-256 to earlier Ulfa image file
Daun kuning - (189).jpg,Yellowish Leaf,nutritional deficiency,INTERNAL_DATASET_DUPLICATE,12442fdd3df1d9f6c66316c99cc9ba95172b680be5916b8db6ad32f4d186db49,Identical SHA-256 to earlier Ulfa image file
Daun kuning - (191).jpg,Yellowish Leaf,nutritional deficiency,INTERNAL_DATASET_DUPLICATE,e85f6c378ac191cf9a524f3eb024728726f76e49bde8e7146ee3dfd0630a2165,Identical SHA-256 to earlier Ulfa image file
Daun kuning - (193).jpg,Yellowish Leaf,nutritional deficiency,INTERNAL_DATASET_DUPLICATE,06bb4310a45d1b5dc014ac2dd6b3396ec3ae764761793e7c1405b1cf6e1e46af,Identical SHA-256 to earlier Ulfa image file
Daun kuning - (196).jpg,Yellowish Leaf,nutritional deficiency,EVAL_SET_EXACT_COLLISION (Track B),752be315520f07ad125c1ef4cce7850eb2c57b560cc6da888de7ce301224bb09,Exact SHA-256 match with Track B evaluation sample
Daun kuning - (197).jpg,Yellowish Leaf,nutritional deficiency,EVAL_SET_EXACT_COLLISION (Track B),60045d23201f26ef2837d5fa453f3b7227b615b3a00ae0023a1e9cafddfdfc05,Exact SHA-256 match with Track B evaluation sample
Daun kuning - (198).jpg,Yellowish Leaf,nutritional deficiency,EVAL_SET_EXACT_COLLISION (Track B),60045d23201f26ef2837d5fa453f3b7227b615b3a00ae0023a1e9cafddfdfc05,Exact SHA-256 match with Track B evaluation sample
Daun kuning - (199).jpg,Yellowish Leaf,nutritional deficiency,EVAL_SET_EXACT_COLLISION (Track B),e619bf7829025cdfc25369686307bf98f20f7232a1f28ef32d71fd7c4c835471,Exact SHA-256 match with Track B evaluation sample
Daun kuning - (20).jpg,Yellowish Leaf,nutritional deficiency,INTERNAL_DATASET_DUPLICATE,c98b85df5ceba339dcf4b26016d2b140b2700eca8f1970256b51f4616eafa1b0,Identical SHA-256 to earlier Ulfa image file
Daun kuning - (20).png,Yellowish Leaf,nutritional deficiency,EVAL_SET_NEAR_DUPLICATE,1ee630d772e82cc33b54d60beb05c3d2214081ae54f0086454ddae06c3724e42,dHash Hamming distance 4 <= 5 to eval image: results\model_robustness_audit\audit_images\track_c_realworld\chilli\nutritional deficiency\ulfa_field_Daun_kuning_-__14_.png
Daun kuning - (200).jpg,Yellowish Leaf,nutritional deficiency,EVAL_SET_EXACT_COLLISION (Track B),e619bf7829025cdfc25369686307bf98f20f7232a1f28ef32d71fd7c4c835471,Exact SHA-256 match with Track B evaluation sample
Daun kuning - (201).jpg,Yellowish Leaf,nutritional deficiency,EVAL_SET_EXACT_COLLISION (Track B),d303735a7c289d8ec5bba592fb0c2509c0a4acbc8dc4909b320f11832907d13f,Exact SHA-256 match with Track B evaluation sample
Daun kuning - (202).jpg,Yellowish Leaf,nutritional deficiency,EVAL_SET_EXACT_COLLISION (Track B),aab883790af7e3c2afca8ccc10fcdf322adae54603ae644f3c5df9398691f57a,Exact SHA-256 match with Track B evaluation sample
Daun kuning - (203).jpg,Yellowish Leaf,nutritional deficiency,INTERNAL_DATASET_DUPLICATE,06bb4310a45d1b5dc014ac2dd6b3396ec3ae764761793e7c1405b1cf6e1e46af,Identical SHA-256 to earlier Ulfa image file
Daun kuning - (204).jpg,Yellowish Leaf,nutritional deficiency,INTERNAL_DATASET_DUPLICATE,793e6a7d1bbdb770fd95ad98482a75a92663dcb54fae3fc79b34e0bfe85e0239,Identical SHA-256 to earlier Ulfa image file
Daun kuning - (214).jpg,Yellowish Leaf,nutritional deficiency,EVAL_SET_NEAR_DUPLICATE,f45f02fe8f5e18e56071fd54b8175bfcef26aacb4225b245f40323780c6f9d55,dHash Hamming distance 5 <= 5 to eval image: results\model_robustness_audit\audit_images\track_c_realworld\chilli\nutritional deficiency\ulfa_field_Daun_kuning_-__132_.jpg
Daun kuning - (239).jpg,Yellowish Leaf,nutritional deficiency,EVAL_SET_NEAR_DUPLICATE,7f3d2fb594156aa7099109ddb506bddfee46de4c67bcd6d34a22e396af67df3d,dHash Hamming distance 4 <= 5 to eval image: results\model_robustness_audit\audit_images\track_c_realworld\chilli\nutritional deficiency\ulfa_field_Daun_kuning_-__134_.jpg
Daun kuning - (242).jpg,Yellowish Leaf,nutritional deficiency,INTERNAL_DATASET_DUPLICATE,b8d2c625af82153d88929819c2e43c92d1560adbea21c318e29f0c3f4faf12b1,Identical SHA-256 to earlier Ulfa image file
Daun kuning - (25).png,Yellowish Leaf,nutritional deficiency,INTERNAL_DATASET_DUPLICATE,6eb239417b139a84bea76e695b2bbe66374b20e07761aab89ec46581bd4af119,Identical SHA-256 to earlier Ulfa image file
Daun kuning - (26).jpg,Yellowish Leaf,nutritional deficiency,INTERNAL_DATASET_DUPLICATE,d7e72f465ad367aa4e127cb1b8a2a13221479126bf72d91200dae99df4245acc,Identical SHA-256 to earlier Ulfa image file
Daun kuning - (28).jpg,Yellowish Leaf,nutritional deficiency,INTERNAL_DATASET_DUPLICATE,1ccf63f727cadef93fd51ab1f0817222c0602ff380abedb44c5263643f83b45a,Identical SHA-256 to earlier Ulfa image file
Daun kuning - (301).jpg,Yellowish Leaf,nutritional deficiency,INTERNAL_DATASET_DUPLICATE,5e92fa07b16cebd9f967ddc8488a5ab6e90565fa89c729ade18a8d5c62efdd9a,Identical SHA-256 to earlier Ulfa image file
Daun kuning - (304).jpg,Yellowish Leaf,nutritional deficiency,INTERNAL_DATASET_DUPLICATE,77d3386e7a335202d39de872c04598fbe02daf2da9d9f8a9a51e7168a68f08cb,Identical SHA-256 to earlier Ulfa image file
Daun kuning - (324).jpg,Yellowish Leaf,nutritional deficiency,INTERNAL_DATASET_DUPLICATE,9d40ed97a8b8b788ad35b9a9e7c547c7858953beacacc76f47458a7fa346f250,Identical SHA-256 to earlier Ulfa image file
Daun kuning - (33).jpg,Yellowish Leaf,nutritional deficiency,INTERNAL_DATASET_DUPLICATE,8fcfb551a18add1f5c0e9a7c2d117077f2f8053a0e329eefecdf9106b06aaeb0,Identical SHA-256 to earlier Ulfa image file
Daun kuning - (34).jpg,Yellowish Leaf,nutritional deficiency,INTERNAL_DATASET_DUPLICATE,8fcfb551a18add1f5c0e9a7c2d117077f2f8053a0e329eefecdf9106b06aaeb0,Identical SHA-256 to earlier Ulfa image file
Daun kuning - (343).jpg,Yellowish Leaf,nutritional deficiency,INTERNAL_DATASET_DUPLICATE,ffc33c1f233b6c585e393575178e92874f5d6138965c915e43b4fe1457ee3db6,Identical SHA-256 to earlier Ulfa image file
Daun kuning - (346).jpg,Yellowish Leaf,nutritional deficiency,INTERNAL_DATASET_DUPLICATE,da583657005152de984e4bb3537aba468c1538c459d22eb4f41419640380b919,Identical SHA-256 to earlier Ulfa image file
Daun kuning - (36).jpg,Yellowish Leaf,nutritional deficiency,INTERNAL_DATASET_DUPLICATE,d797a5c685605635b8521120a21f090f876a76f457e694673115f0437dd5d7f4,Identical SHA-256 to earlier Ulfa image file
Daun kuning - (360).jpg,Yellowish Leaf,nutritional deficiency,INTERNAL_DATASET_DUPLICATE,dd9f7af5d7e667a5f093c972c7eec18d1d9f5c073adc9dd0f21dbab3cbf36d48,Identical SHA-256 to earlier Ulfa image file
Daun kuning - (37).jpg,Yellowish Leaf,nutritional deficiency,INTERNAL_DATASET_DUPLICATE,d797a5c685605635b8521120a21f090f876a76f457e694673115f0437dd5d7f4,Identical SHA-256 to earlier Ulfa image file
Daun kuning - (370).jpg,Yellowish Leaf,nutritional deficiency,INTERNAL_DATASET_DUPLICATE,9a23f423e02fee6c4b641e5fe5d9d742e5e6668542cbc3524d7fb88dfe8f0cf1,Identical SHA-256 to earlier Ulfa image file
Daun kuning - (373).jpg,Yellowish Leaf,nutritional deficiency,INTERNAL_DATASET_DUPLICATE,db7c2a21aa728500d43287a12303ba02fc46b5065c8bafd468c14793dfd0827e,Identical SHA-256 to earlier Ulfa image file
Daun kuning - (377).jpg,Yellowish Leaf,nutritional deficiency,INTERNAL_DATASET_DUPLICATE,2f96497c0d5896d2461ed0defb8094d04753c7e9dc6b236896118f0cb8c22677,Identical SHA-256 to earlier Ulfa image file
Daun kuning - (38).jpg,Yellowish Leaf,nutritional deficiency,INTERNAL_DATASET_DUPLICATE,8fcfb551a18add1f5c0e9a7c2d117077f2f8053a0e329eefecdf9106b06aaeb0,Identical SHA-256 to earlier Ulfa image file
Daun kuning - (381).jpg,Yellowish Leaf,nutritional deficiency,INTERNAL_DATASET_DUPLICATE,272635cc77876a24d54e22b554d3867f9553b71d4cae6c05ccd325a01a9140e6,Identical SHA-256 to earlier Ulfa image file
Daun kuning - (384).jpg,Yellowish Leaf,nutritional deficiency,INTERNAL_DATASET_DUPLICATE,2cc35e72bea160d2626cbffd835727e21560164bcaa5f1d3108765ea7707092e,Identical SHA-256 to earlier Ulfa image file
Daun kuning - (39).jpg,Yellowish Leaf,nutritional deficiency,INTERNAL_DATASET_DUPLICATE,d797a5c685605635b8521120a21f090f876a76f457e694673115f0437dd5d7f4,Identical SHA-256 to earlier Ulfa image file
Daun kuning - (390).jpg,Yellowish Leaf,nutritional deficiency,INTERNAL_DATASET_DUPLICATE,26c020760768d87f2e365d193901f4b99c4750dc8595492af10aef064fd9fb2b,Identical SHA-256 to earlier Ulfa image file
Daun kuning - (394).jpg,Yellowish Leaf,nutritional deficiency,EVAL_SET_NEAR_DUPLICATE,13b7b3960f019e0bf74849117809d25162d04b411bbc12c70159696be0e696fb,dHash Hamming distance 5 <= 5 to eval image: results\model_robustness_audit\audit_images\track_c_realworld\chilli\nutritional deficiency\ulfa_field_Daun_kuning_-__146_.jpg
Daun kuning - (4).png,Yellowish Leaf,nutritional deficiency,INTERNAL_DATASET_DUPLICATE,8634dc13508045b3a658a00f42782330e6c7dd8153aa4c7b16a215a3d35d6674,Identical SHA-256 to earlier Ulfa image file
Daun kuning - (40).png,Yellowish Leaf,nutritional deficiency,EVAL_SET_EXACT_COLLISION (Track B),e52089a999c24de5628feb373c76d29302d1e339a7540ea756e811f0d1f07d4d,Exact SHA-256 match with Track B evaluation sample
Daun kuning - (436).jpg,Yellowish Leaf,nutritional deficiency,EVAL_SET_NEAR_DUPLICATE,6d95f186a14210de1370e3dba564abda7dd87b2067f32b9f655df89633b43111,dHash Hamming distance 3 <= 5 to eval image: results\model_robustness_audit\audit_images\track_b_external\chilli\nutritional deficiency\ulfa_Daun_kuning_-__113_.jpg
Daun kuning - (44).jpg,Yellowish Leaf,nutritional deficiency,EVAL_SET_NEAR_DUPLICATE,4577b750be895bec636891ce5b51b031d15811309ffd74e970c50105486add02,dHash Hamming distance 1 <= 5 to eval image: results\model_robustness_audit\audit_images\track_b_external\chilli\nutritional deficiency\ulfa_Daun_kuning_-__107_.jpg
Daun kuning - (44).png,Yellowish Leaf,nutritional deficiency,INTERNAL_DATASET_DUPLICATE,7a60b802b0909d789e757f273adc9181c3e4c03441d169042ae37093c8a1edc1,Identical SHA-256 to earlier Ulfa image file
Daun kuning - (47).png,Yellowish Leaf,nutritional deficiency,INTERNAL_DATASET_DUPLICATE,8634dc13508045b3a658a00f42782330e6c7dd8153aa4c7b16a215a3d35d6674,Identical SHA-256 to earlier Ulfa image file
Daun kuning - (48).jpg,Yellowish Leaf,nutritional deficiency,INTERNAL_DATASET_DUPLICATE,85549a317d22818a6cd22dd2d909be3a7db232ceeb59901bab46855b60157be3,Identical SHA-256 to earlier Ulfa image file
Daun kuning - (48).png,Yellowish Leaf,nutritional deficiency,INTERNAL_DATASET_DUPLICATE,8634dc13508045b3a658a00f42782330e6c7dd8153aa4c7b16a215a3d35d6674,Identical SHA-256 to earlier Ulfa image file
Daun kuning - (480).jpg,Yellowish Leaf,nutritional deficiency,INTERNAL_DATASET_DUPLICATE,c065bc6d68f4b5c086fa0a5a8b65aa7ea090ac6f01cbaf99717761e1c52fcd57,Identical SHA-256 to earlier Ulfa image file
Daun kuning - (481).jpg,Yellowish Leaf,nutritional deficiency,INTERNAL_DATASET_DUPLICATE,c104ce3fdcb8020cfccfe6371785e8388c07bb9a6d470f0033bb4c9731cfa0f1,Identical SHA-256 to earlier Ulfa image file
Daun kuning - (490).jpg,Yellowish Leaf,nutritional deficiency,INTERNAL_DATASET_DUPLICATE,2014800d1475adc36aabc4d14814ac6a95f854585b715f28918529d4b10a832a,Identical SHA-256 to earlier Ulfa image file
Daun kuning - (5).png,Yellowish Leaf,nutritional deficiency,EVAL_SET_NEAR_DUPLICATE,51638d73ac047ae30a091224f1cc3ffe995031e00ec89a847500d66861779411,dHash Hamming distance 3 <= 5 to eval image: results\model_robustness_audit\audit_images\track_b_external\chilli\nutritional deficiency\ulfa_Daun_kuning_-__12_.png
Daun kuning - (50).jpg,Yellowish Leaf,nutritional deficiency,INTERNAL_DATASET_DUPLICATE,09c5a5ccbfa60a49ac55a2c6e13060028db5fbb3e59442946f99319be93ed248,Identical SHA-256 to earlier Ulfa image file
Daun kuning - (50).png,Yellowish Leaf,nutritional deficiency,INTERNAL_DATASET_DUPLICATE,54c0344a90fa9f4dca6ce63980ee551e4339db2b1ffb451d0df707c57294be43,Identical SHA-256 to earlier Ulfa image file
Daun kuning - (501).jpg,Yellowish Leaf,nutritional deficiency,INTERNAL_DATASET_DUPLICATE,e84063420e914d356e5f22d49d1c2d7f76be93a005203bdb088dbd825c514344,Identical SHA-256 to earlier Ulfa image file
Daun kuning - (505).jpg,Yellowish Leaf,nutritional deficiency,INTERNAL_DATASET_DUPLICATE,e0189fbbe98fbac9d22482f483fafe3c487d4bef4bd3e477a57ec1eb2e907fd2,Identical SHA-256 to earlier Ulfa image file
Daun kuning - (507).jpg,Yellowish Leaf,nutritional deficiency,INTERNAL_DATASET_DUPLICATE,fd42a3af4f1c9479deaba6f7345bd1296848197187108aedea66495670b1e5a4,Identical SHA-256 to earlier Ulfa image file
Daun kuning - (512).jpg,Yellowish Leaf,nutritional deficiency,INTERNAL_DATASET_DUPLICATE,f6510b1403a07392586e825159da950795a3c8638f2860f1cae057fabd7fd4d1,Identical SHA-256 to earlier Ulfa image file
Daun kuning - (528).jpg,Yellowish Leaf,nutritional deficiency,INTERNAL_DATASET_DUPLICATE,3949e116f0bebffe0120af98ec83291607082d7cfb48cdfcb0bba506102632c2,Identical SHA-256 to earlier Ulfa image file
Daun kuning - (53).jpg,Yellowish Leaf,nutritional deficiency,INTERNAL_DATASET_DUPLICATE,b6b5ec4e5bd7edeec150757b2ebeea3c43e9f0089ed9bb362f4d7d8cb1cefcde,Identical SHA-256 to earlier Ulfa image file
Daun kuning - (532).jpg,Yellowish Leaf,nutritional deficiency,INTERNAL_DATASET_DUPLICATE,0c65cce4af384c268bb3f546de23ccf5eb816fec30fe21a9e99dd67add763e2f,Identical SHA-256 to earlier Ulfa image file
Daun kuning - (539).jpg,Yellowish Leaf,nutritional deficiency,INTERNAL_DATASET_DUPLICATE,d53b8d36fd60dce09669114f4c42df74c6a2b3f7c1a617f82c3e81f8b172b1e7,Identical SHA-256 to earlier Ulfa image file
Daun kuning - (543).jpg,Yellowish Leaf,nutritional deficiency,INTERNAL_DATASET_DUPLICATE,a5adb4754ae5f827b1d21a99abc8ce63e63feb67e9fd9d88bb2fda0904995c33,Identical SHA-256 to earlier Ulfa image file
Daun kuning - (547).jpg,Yellowish Leaf,nutritional deficiency,INTERNAL_DATASET_DUPLICATE,c49b0f5dea9e7cff65aff0f33aff8c263ce840e4061993634caea68e82b21600,Identical SHA-256 to earlier Ulfa image file
Daun kuning - (555).jpg,Yellowish Leaf,nutritional deficiency,INTERNAL_DATASET_DUPLICATE,5221f7a556a9d28e9a4e5a228e3037d3928507fa2c8871eaf4ab6465505b98a9,Identical SHA-256 to earlier Ulfa image file
Daun kuning - (558).jpg,Yellowish Leaf,nutritional deficiency,INTERNAL_DATASET_DUPLICATE,c42b5f94e6db91bd629d5a3760d766a4d552491a90e78346538c21f6321afd1d,Identical SHA-256 to earlier Ulfa image file
Daun kuning - (561).jpg,Yellowish Leaf,nutritional deficiency,INTERNAL_DATASET_DUPLICATE,f7ad215b1433eb8adfca005363b2db02d2ac0665679ecc847f0df96b7db5f37e,Identical SHA-256 to earlier Ulfa image file
Daun kuning - (57).jpg,Yellowish Leaf,nutritional deficiency,INTERNAL_DATASET_DUPLICATE,120626aee442718e53f184fdcbf2908a092bbcdcc6239aa3eb3aa3e7052b8f29,Identical SHA-256 to earlier Ulfa image file
Daun kuning - (58).jpg,Yellowish Leaf,nutritional deficiency,INTERNAL_DATASET_DUPLICATE,120626aee442718e53f184fdcbf2908a092bbcdcc6239aa3eb3aa3e7052b8f29,Identical SHA-256 to earlier Ulfa image file
Daun kuning - (585).jpg,Yellowish Leaf,nutritional deficiency,INTERNAL_DATASET_DUPLICATE,f4b3a5d287879363b6d5d818d9800dd09528b25cd1ebefaf4f7d4ba2b53263ef,Identical SHA-256 to earlier Ulfa image file
Daun kuning - (590).jpg,Yellowish Leaf,nutritional deficiency,INTERNAL_DATASET_DUPLICATE,0ed879a7754558211601b08715a3860d82ebde77853abb103fc8fa233527f81a,Identical SHA-256 to earlier Ulfa image file
Daun kuning - (594).jpg,Yellowish Leaf,nutritional deficiency,INTERNAL_DATASET_DUPLICATE,26c020760768d87f2e365d193901f4b99c4750dc8595492af10aef064fd9fb2b,Identical SHA-256 to earlier Ulfa image file
Daun kuning - (598).jpg,Yellowish Leaf,nutritional deficiency,INTERNAL_DATASET_DUPLICATE,b410e56be14c8a01f3ecd1955928daa42fa56cca05a4c93619dcd5222da788c8,Identical SHA-256 to earlier Ulfa image file
Daun kuning - (599).jpg,Yellowish Leaf,nutritional deficiency,INTERNAL_DATASET_DUPLICATE,b410e56be14c8a01f3ecd1955928daa42fa56cca05a4c93619dcd5222da788c8,Identical SHA-256 to earlier Ulfa image file
Daun kuning - (6).jpg,Yellowish Leaf,nutritional deficiency,INTERNAL_DATASET_DUPLICATE,f0edb7d3d01266b03748ce08cb6af866c07c3c45cdc71c716d9501680ccc0065,Identical SHA-256 to earlier Ulfa image file
Daun kuning - (600).jpg,Yellowish Leaf,nutritional deficiency,INTERNAL_DATASET_DUPLICATE,f8c692fa0cd9d7d1ee3939614f20cd3a21036da95b4f2d7b6f0c9ca6fab91f12,Identical SHA-256 to earlier Ulfa image file
Daun kuning - (601).jpg,Yellowish Leaf,nutritional deficiency,INTERNAL_DATASET_DUPLICATE,977393a3f59fcb6165c458b41b1339fd4c8799b6042812857b9d0451089415f2,Identical SHA-256 to earlier Ulfa image file
Daun kuning - (604).jpg,Yellowish Leaf,nutritional deficiency,INTERNAL_DATASET_DUPLICATE,7ac67f5d5c39c6670d9ddd1819a20f91e2a05cd059b0732331141afdb3d37cd4,Identical SHA-256 to earlier Ulfa image file
Daun kuning - (607).jpg,Yellowish Leaf,nutritional deficiency,INTERNAL_DATASET_DUPLICATE,359e45dd0be1d8036c7c464123d39b936f6d3037d8f4a2dad04ffd02d949d878,Identical SHA-256 to earlier Ulfa image file
Daun kuning - (608).jpg,Yellowish Leaf,nutritional deficiency,INTERNAL_DATASET_DUPLICATE,359e45dd0be1d8036c7c464123d39b936f6d3037d8f4a2dad04ffd02d949d878,Identical SHA-256 to earlier Ulfa image file
Daun kuning - (61).jpg,Yellowish Leaf,nutritional deficiency,INTERNAL_DATASET_DUPLICATE,055b9a760a89cfad82fffadaeec098799ada695ddeb9fbeb05f9f6cbe48c3670,Identical SHA-256 to earlier Ulfa image file
Daun kuning - (610).jpg,Yellowish Leaf,nutritional deficiency,INTERNAL_DATASET_DUPLICATE,be3e6d897079f6472efac9a6cd208565962a195ac7040257a2fffbbfbfde677d,Identical SHA-256 to earlier Ulfa image file
Daun kuning - (614).jpg,Yellowish Leaf,nutritional deficiency,INTERNAL_DATASET_DUPLICATE,8a7b6bf43c753d13d4f700b33256e50b31902e3e809e6b16ff53ff7b82042610,Identical SHA-256 to earlier Ulfa image file
Daun kuning - (615).jpg,Yellowish Leaf,nutritional deficiency,INTERNAL_DATASET_DUPLICATE,c9867f08cc8b784beb021f705ebeb4924e360db27dae144c58235bf12e9253fa,Identical SHA-256 to earlier Ulfa image file
Daun kuning - (616).jpg,Yellowish Leaf,nutritional deficiency,INTERNAL_DATASET_DUPLICATE,d7ef659aab5654327fe4f4b3ce7d36e545d42894c375bd8322aa2ab851db640d,Identical SHA-256 to earlier Ulfa image file
Daun kuning - (620).jpg,Yellowish Leaf,nutritional deficiency,INTERNAL_DATASET_DUPLICATE,18502c59040768dff12e535922aa010bb9476b069d3d45f5d7be17f1019675b5,Identical SHA-256 to earlier Ulfa image file
Daun kuning - (628).jpg,Yellowish Leaf,nutritional deficiency,INTERNAL_DATASET_DUPLICATE,3fe9b86e4e1aadfdf7939c3726ef6a081cf16a49b28fe96b04f37d387f1e0028,Identical SHA-256 to earlier Ulfa image file
Daun kuning - (63).jpg,Yellowish Leaf,nutritional deficiency,INTERNAL_DATASET_DUPLICATE,65f1ac1918e1d7e3d734c9938de552eb12398cc6211e72768c369f7dbf3d9afa,Identical SHA-256 to earlier Ulfa image file
Daun kuning - (633).jpg,Yellowish Leaf,nutritional deficiency,INTERNAL_DATASET_DUPLICATE,2e53a05c5b66a04c2e4bdccc0fefb7fc51a5c175791c4d93c1a69a5d5c43078a,Identical SHA-256 to earlier Ulfa image file
Daun kuning - (637).jpg,Yellowish Leaf,nutritional deficiency,INTERNAL_DATASET_DUPLICATE,661d1ae77950f48d7743f1dcbea864818ed38f4abed25b3ffd303734e80eff7b,Identical SHA-256 to earlier Ulfa image file
Daun kuning - (646).jpg,Yellowish Leaf,nutritional deficiency,INTERNAL_DATASET_DUPLICATE,5604274a1f49c5eec439a82f608ba149553fd95d59592c0963f30affe2581aba,Identical SHA-256 to earlier Ulfa image file
Daun kuning - (648).jpg,Yellowish Leaf,nutritional deficiency,INTERNAL_DATASET_DUPLICATE,47fd95677045f6d78b717a1bbca9ec35663d9b23e39f5e17118308f1e337d95c,Identical SHA-256 to earlier Ulfa image file
Daun kuning - (65).jpg,Yellowish Leaf,nutritional deficiency,INTERNAL_DATASET_DUPLICATE,039adccaf19fd176faebf2e96c758c3082344847f332ae7ee95797ac713edc63,Identical SHA-256 to earlier Ulfa image file
Daun kuning - (664).jpg,Yellowish Leaf,nutritional deficiency,INTERNAL_DATASET_DUPLICATE,755b5937647a6b36d945ea3d75a3199ada0213f7d1aaae38001bece040f0e718,Identical SHA-256 to earlier Ulfa image file
Daun kuning - (676).jpg,Yellowish Leaf,nutritional deficiency,INTERNAL_DATASET_DUPLICATE,439f82aaacd1e2a0def2734f59a47516d77ab4ae619c199d2d4efed22d7e9ccd,Identical SHA-256 to earlier Ulfa image file
Daun kuning - (68).jpg,Yellowish Leaf,nutritional deficiency,INTERNAL_DATASET_DUPLICATE,f1be8cec3d43063998b0470df75001d03ff1ad7522d14c19cbe755216c6dd8f3,Identical SHA-256 to earlier Ulfa image file
Daun kuning - (69).jpg,Yellowish Leaf,nutritional deficiency,INTERNAL_DATASET_DUPLICATE,de0ee5a9e870c6785e31fd61ebeebd93b38ceecfbc009ffbab9fbadc204c1b19,Identical SHA-256 to earlier Ulfa image file
Daun kuning - (699).jpg,Yellowish Leaf,nutritional deficiency,INTERNAL_DATASET_DUPLICATE,d7ef659aab5654327fe4f4b3ce7d36e545d42894c375bd8322aa2ab851db640d,Identical SHA-256 to earlier Ulfa image file
Daun kuning - (7).png,Yellowish Leaf,nutritional deficiency,EVAL_SET_NEAR_DUPLICATE,402c1c48accf4fff4f77b06675887f35e26f544351342d674cd67616ef5fc030,dHash Hamming distance 5 <= 5 to eval image: results\model_robustness_audit\audit_images\track_b_external\chilli\nutritional deficiency\ulfa_Daun_kuning_-__12_.png
Daun kuning - (70).jpg,Yellowish Leaf,nutritional deficiency,EVAL_SET_NEAR_DUPLICATE,e648996b7999851e74be5eefe777928538e2d44b775f33df18f9f6fe74e7713f,dHash Hamming distance 2 <= 5 to eval image: results\model_robustness_audit\audit_images\track_c_realworld\chilli\nutritional deficiency\ulfa_field_Daun_kuning_-__132_.jpg
Daun kuning - (702).jpg,Yellowish Leaf,nutritional deficiency,INTERNAL_DATASET_DUPLICATE,67d85b3a2edac0218b3df02114b5facef13390ca77798ed4e6ac33a61048ed4d,Identical SHA-256 to earlier Ulfa image file
Daun kuning - (704).jpg,Yellowish Leaf,nutritional deficiency,INTERNAL_DATASET_DUPLICATE,67d85b3a2edac0218b3df02114b5facef13390ca77798ed4e6ac33a61048ed4d,Identical SHA-256 to earlier Ulfa image file
Daun kuning - (705).jpg,Yellowish Leaf,nutritional deficiency,INTERNAL_DATASET_DUPLICATE,c49b0f5dea9e7cff65aff0f33aff8c263ce840e4061993634caea68e82b21600,Identical SHA-256 to earlier Ulfa image file
Daun kuning - (706).jpg,Yellowish Leaf,nutritional deficiency,INTERNAL_DATASET_DUPLICATE,729ed69652df045bf1139483716fe7478462bc058323cc46d99fcec258320cbf,Identical SHA-256 to earlier Ulfa image file
Daun kuning - (707).jpg,Yellowish Leaf,nutritional deficiency,INTERNAL_DATASET_DUPLICATE,c49b0f5dea9e7cff65aff0f33aff8c263ce840e4061993634caea68e82b21600,Identical SHA-256 to earlier Ulfa image file
Daun kuning - (709).jpg,Yellowish Leaf,nutritional deficiency,INTERNAL_DATASET_DUPLICATE,f7da7650822a59470d0088b62a2beef864292a56f3ffb6e554fbb8afcb3f048c,Identical SHA-256 to earlier Ulfa image file
Daun kuning - (710).jpg,Yellowish Leaf,nutritional deficiency,INTERNAL_DATASET_DUPLICATE,5221f7a556a9d28e9a4e5a228e3037d3928507fa2c8871eaf4ab6465505b98a9,Identical SHA-256 to earlier Ulfa image file
Daun kuning - (712).jpg,Yellowish Leaf,nutritional deficiency,INTERNAL_DATASET_DUPLICATE,c1a1364b305132920c54927e51ccfaa1f8347403cd05ff0f0ab83a611fc9f43a,Identical SHA-256 to earlier Ulfa image file
Daun kuning - (717).jpg,Yellowish Leaf,nutritional deficiency,INTERNAL_DATASET_DUPLICATE,cc4bc9d0e434ca8a19550cd41f5ab074cfebedc2e857b49b53fd0e15193a1bf1,Identical SHA-256 to earlier Ulfa image file
Daun kuning - (718).jpg,Yellowish Leaf,nutritional deficiency,INTERNAL_DATASET_DUPLICATE,cc4bc9d0e434ca8a19550cd41f5ab074cfebedc2e857b49b53fd0e15193a1bf1,Identical SHA-256 to earlier Ulfa image file
Daun kuning - (736).jpg,Yellowish Leaf,nutritional deficiency,INTERNAL_DATASET_DUPLICATE,99718aa48e10f92c19acfcaab0acbe77e07bd7368c6dae5924ae8fdc8b7168bd,Identical SHA-256 to earlier Ulfa image file
Daun kuning - (737).jpg,Yellowish Leaf,nutritional deficiency,INTERNAL_DATASET_DUPLICATE,89f39e4307a060d3229a3315647e8649187333be644d86a66c347ab1f65f4f3a,Identical SHA-256 to earlier Ulfa image file
Daun kuning - (741).jpg,Yellowish Leaf,nutritional deficiency,INTERNAL_DATASET_DUPLICATE,b76a2a7032b4dd66696e86fa7a719b7d2424f9ab6ba42e1f25981a1492c4badb,Identical SHA-256 to earlier Ulfa image file
Daun kuning - (742).jpg,Yellowish Leaf,nutritional deficiency,INTERNAL_DATASET_DUPLICATE,1c65a27fb2c5148ca1faa4c9e06af08d20778dded8662a52ea33404b6770799d,Identical SHA-256 to earlier Ulfa image file
Daun kuning - (744).jpg,Yellowish Leaf,nutritional deficiency,INTERNAL_DATASET_DUPLICATE,1c65a27fb2c5148ca1faa4c9e06af08d20778dded8662a52ea33404b6770799d,Identical SHA-256 to earlier Ulfa image file
Daun kuning - (748).jpg,Yellowish Leaf,nutritional deficiency,INTERNAL_DATASET_DUPLICATE,f76024176bdbbbac794b4c1373346a5996e01700c134ae8d3ddd0db33aa6ac3b,Identical SHA-256 to earlier Ulfa image file
Daun kuning - (749).jpg,Yellowish Leaf,nutritional deficiency,INTERNAL_DATASET_DUPLICATE,c575b0bad053f1026f2f95994affef91a8db46f8e013ac7238db86143e42dea6,Identical SHA-256 to earlier Ulfa image file
Daun kuning - (751).jpg,Yellowish Leaf,nutritional deficiency,INTERNAL_DATASET_DUPLICATE,c575b0bad053f1026f2f95994affef91a8db46f8e013ac7238db86143e42dea6,Identical SHA-256 to earlier Ulfa image file
Daun kuning - (752).jpg,Yellowish Leaf,nutritional deficiency,INTERNAL_DATASET_DUPLICATE,3404ab426f0fd874dc9ee69e8ebb2f6a019a6951eff2eb22e4b26c7dcd6541a6,Identical SHA-256 to earlier Ulfa image file
Daun kuning - (753).jpg,Yellowish Leaf,nutritional deficiency,INTERNAL_DATASET_DUPLICATE,59d2e5416d244b1036a3ade7385aaff3d4dbee3fd1f26e6fcc230445bee4d064,Identical SHA-256 to earlier Ulfa image file
Daun kuning - (754).jpg,Yellowish Leaf,nutritional deficiency,INTERNAL_DATASET_DUPLICATE,3404ab426f0fd874dc9ee69e8ebb2f6a019a6951eff2eb22e4b26c7dcd6541a6,Identical SHA-256 to earlier Ulfa image file
Daun kuning - (757).jpg,Yellowish Leaf,nutritional deficiency,INTERNAL_DATASET_DUPLICATE,b3864ec9bea3360187d0d8f487b6e232465664b7f827bf61b58b461aafa20597,Identical SHA-256 to earlier Ulfa image file
Daun kuning - (758).jpg,Yellowish Leaf,nutritional deficiency,INTERNAL_DATASET_DUPLICATE,7d511fa4d65fe2db2607d1550d81c42b961c3e26b4ffa4f7e65225cc3774fe94,Identical SHA-256 to earlier Ulfa image file
Daun kuning - (761).jpg,Yellowish Leaf,nutritional deficiency,INTERNAL_DATASET_DUPLICATE,2c54ea01fe6ef43d2b3b67a1a51f4b42a7323fbcde6f6c94c96748a0d768b192,Identical SHA-256 to earlier Ulfa image file
Daun kuning - (762).jpg,Yellowish Leaf,nutritional deficiency,INTERNAL_DATASET_DUPLICATE,755b5937647a6b36d945ea3d75a3199ada0213f7d1aaae38001bece040f0e718,Identical SHA-256 to earlier Ulfa image file
Daun kuning - (764).jpg,Yellowish Leaf,nutritional deficiency,INTERNAL_DATASET_DUPLICATE,a1ade934c3aaed8744fb35aee1ab24b17a36dfe423a277ee7b836f56fd9775f4,Identical SHA-256 to earlier Ulfa image file
Daun kuning - (767).jpg,Yellowish Leaf,nutritional deficiency,INTERNAL_DATASET_DUPLICATE,aaf331c53267fe0ee88c2852bd51d9699ea740bddf4ee4a0f6df0add617d77cc,Identical SHA-256 to earlier Ulfa image file
Daun kuning - (769).jpg,Yellowish Leaf,nutritional deficiency,INTERNAL_DATASET_DUPLICATE,f0bde70d6b757676f751f65ece270c0409d4141292b0c3658a31edf62d3246d6,Identical SHA-256 to earlier Ulfa image file
Daun kuning - (770).jpg,Yellowish Leaf,nutritional deficiency,INTERNAL_DATASET_DUPLICATE,f0bde70d6b757676f751f65ece270c0409d4141292b0c3658a31edf62d3246d6,Identical SHA-256 to earlier Ulfa image file
Daun kuning - (778).jpg,Yellowish Leaf,nutritional deficiency,INTERNAL_DATASET_DUPLICATE,d30d9914f23c679a00a76c9e5b9adfa6d569bdfa22eb629007991e39ac5bf1a1,Identical SHA-256 to earlier Ulfa image file
Daun kuning - (784).jpg,Yellowish Leaf,nutritional deficiency,INTERNAL_DATASET_DUPLICATE,fa2a45c86d97336103107a98ce570581a0a3b5cd6ccacba2a433bebbadf9eaf7,Identical SHA-256 to earlier Ulfa image file
Daun kuning - (785).jpg,Yellowish Leaf,nutritional deficiency,INTERNAL_DATASET_DUPLICATE,7570e32eaf47163694084721a12ee67f70127be706f2d382d1701a50e97cec33,Identical SHA-256 to earlier Ulfa image file
Daun kuning - (788).jpg,Yellowish Leaf,nutritional deficiency,INTERNAL_DATASET_DUPLICATE,515ae77680fb948d7b2a15c2ffe929aa067fd95e7d8432094871972487057df6,Identical SHA-256 to earlier Ulfa image file
Daun kuning - (791).jpg,Yellowish Leaf,nutritional deficiency,INTERNAL_DATASET_DUPLICATE,7697f88f5301bf0c6d02861bd79615a82342ab0622132e78270ecad454ba2a57,Identical SHA-256 to earlier Ulfa image file
Daun kuning - (795).jpg,Yellowish Leaf,nutritional deficiency,INTERNAL_DATASET_DUPLICATE,5ec6a5ca4c4453fa9f482ea728dd86e2f2b3244577c63bd4db658d1c1eae1c07,Identical SHA-256 to earlier Ulfa image file
Daun kuning - (797).jpg,Yellowish Leaf,nutritional deficiency,INTERNAL_DATASET_DUPLICATE,98bb477d091c9e0b598f89b04c2e24d27b153234cce60eb1290eb08b2883c013,Identical SHA-256 to earlier Ulfa image file
Daun kuning - (798).jpg,Yellowish Leaf,nutritional deficiency,INTERNAL_DATASET_DUPLICATE,3eb399c07362ab3d6001f3010978aa76859d25e0a53d61fe26e3644fb146a068,Identical SHA-256 to earlier Ulfa image file
Daun kuning - (799).jpg,Yellowish Leaf,nutritional deficiency,INTERNAL_DATASET_DUPLICATE,4115a9cfbd9eb47ebb3588d25ead6f3d1e14e9245438e051471f307958041eaf,Identical SHA-256 to earlier Ulfa image file
Daun kuning - (800).jpg,Yellowish Leaf,nutritional deficiency,INTERNAL_DATASET_DUPLICATE,23073f36d3c358d7874cd28df9c11bc903738d8a3177540abb561ca1e69a8910,Identical SHA-256 to earlier Ulfa image file
Daun kuning - (801).jpg,Yellowish Leaf,nutritional deficiency,INTERNAL_DATASET_DUPLICATE,2014800d1475adc36aabc4d14814ac6a95f854585b715f28918529d4b10a832a,Identical SHA-256 to earlier Ulfa image file
Daun kuning - (802).jpg,Yellowish Leaf,nutritional deficiency,INTERNAL_DATASET_DUPLICATE,2014800d1475adc36aabc4d14814ac6a95f854585b715f28918529d4b10a832a,Identical SHA-256 to earlier Ulfa image file
Daun kuning - (803).jpg,Yellowish Leaf,nutritional deficiency,INTERNAL_DATASET_DUPLICATE,7b57f934c734a47d79501f407a7c7f12274a4c71a9bbf616dd3f6d0ee0c44348,Identical SHA-256 to earlier Ulfa image file
Daun kuning - (804).jpg,Yellowish Leaf,nutritional deficiency,INTERNAL_DATASET_DUPLICATE,6f492c48ec4cdebfd34972b67cb4e775ddd7009ba8a8760c0c283cf1d914bc36,Identical SHA-256 to earlier Ulfa image file
Daun kuning - (805).jpg,Yellowish Leaf,nutritional deficiency,INTERNAL_DATASET_DUPLICATE,ce8c4f48cc400004a2d8d58fd120b96120316d0a47809ce00920a0c01de902de,Identical SHA-256 to earlier Ulfa image file
Daun kuning - (806).jpg,Yellowish Leaf,nutritional deficiency,INTERNAL_DATASET_DUPLICATE,e4dd9fb9e56a54496b2078c9523f06b37c0423b83106111cd24809f4cc68ca31,Identical SHA-256 to earlier Ulfa image file
Daun kuning - (807).jpg,Yellowish Leaf,nutritional deficiency,INTERNAL_DATASET_DUPLICATE,f99e7edab727a69d53662405602978f8238ca6684facc723e0fec26a14b56d68,Identical SHA-256 to earlier Ulfa image file
Daun kuning - (809).jpg,Yellowish Leaf,nutritional deficiency,INTERNAL_DATASET_DUPLICATE,e84063420e914d356e5f22d49d1c2d7f76be93a005203bdb088dbd825c514344,Identical SHA-256 to earlier Ulfa image file
Daun kuning - (810).jpg,Yellowish Leaf,nutritional deficiency,INTERNAL_DATASET_DUPLICATE,d34a5e0b59cf636a82298617a859fa7d5e4b73fa184d35adfa2c1e245669726f,Identical SHA-256 to earlier Ulfa image file
Daun kuning - (812).jpg,Yellowish Leaf,nutritional deficiency,INTERNAL_DATASET_DUPLICATE,d34a5e0b59cf636a82298617a859fa7d5e4b73fa184d35adfa2c1e245669726f,Identical SHA-256 to earlier Ulfa image file
Daun kuning - (813).jpg,Yellowish Leaf,nutritional deficiency,INTERNAL_DATASET_DUPLICATE,c0d3e5bea8e23d5ab4e1944997f414557e9f57c20029737e79e87b5699e910d6,Identical SHA-256 to earlier Ulfa image file
Daun kuning - (814).jpg,Yellowish Leaf,nutritional deficiency,INTERNAL_DATASET_DUPLICATE,e0189fbbe98fbac9d22482f483fafe3c487d4bef4bd3e477a57ec1eb2e907fd2,Identical SHA-256 to earlier Ulfa image file
Daun kuning - (815).jpg,Yellowish Leaf,nutritional deficiency,INTERNAL_DATASET_DUPLICATE,e0189fbbe98fbac9d22482f483fafe3c487d4bef4bd3e477a57ec1eb2e907fd2,Identical SHA-256 to earlier Ulfa image file
Daun kuning - (817).jpg,Yellowish Leaf,nutritional deficiency,INTERNAL_DATASET_DUPLICATE,39ac1f703c4f6dda6311d9942460776a1efb65290a41b02b560fdaa249df5459,Identical SHA-256 to earlier Ulfa image file
Daun kuning - (819).jpg,Yellowish Leaf,nutritional deficiency,INTERNAL_DATASET_DUPLICATE,d7e9fd9285f37a36f7f9293e43d84e40300658138b7bcfef7117bc8241a8e60a,Identical SHA-256 to earlier Ulfa image file
Daun kuning - (820).jpg,Yellowish Leaf,nutritional deficiency,INTERNAL_DATASET_DUPLICATE,d7e9fd9285f37a36f7f9293e43d84e40300658138b7bcfef7117bc8241a8e60a,Identical SHA-256 to earlier Ulfa image file
Daun kuning - (823).jpg,Yellowish Leaf,nutritional deficiency,INTERNAL_DATASET_DUPLICATE,fd42a3af4f1c9479deaba6f7345bd1296848197187108aedea66495670b1e5a4,Identical SHA-256 to earlier Ulfa image file
Daun kuning - (824).jpg,Yellowish Leaf,nutritional deficiency,INTERNAL_DATASET_DUPLICATE,bf975569908a76ef71420b9da8617281195bd679283e671be4138772cfc2190e,Identical SHA-256 to earlier Ulfa image file
Daun kuning - (825).jpg,Yellowish Leaf,nutritional deficiency,INTERNAL_DATASET_DUPLICATE,fd42a3af4f1c9479deaba6f7345bd1296848197187108aedea66495670b1e5a4,Identical SHA-256 to earlier Ulfa image file
Daun kuning - (826).jpg,Yellowish Leaf,nutritional deficiency,INTERNAL_DATASET_DUPLICATE,f6510b1403a07392586e825159da950795a3c8638f2860f1cae057fabd7fd4d1,Identical SHA-256 to earlier Ulfa image file
Daun kuning - (827).jpg,Yellowish Leaf,nutritional deficiency,INTERNAL_DATASET_DUPLICATE,f6510b1403a07392586e825159da950795a3c8638f2860f1cae057fabd7fd4d1,Identical SHA-256 to earlier Ulfa image file
Daun kuning - (829).jpg,Yellowish Leaf,nutritional deficiency,INTERNAL_DATASET_DUPLICATE,49efbed193053b8ba2306fb389299fa8c6feb789e9b69013dac97503e1c6870e,Identical SHA-256 to earlier Ulfa image file
Daun kuning - (830).jpg,Yellowish Leaf,nutritional deficiency,INTERNAL_DATASET_DUPLICATE,03cb9d1aaec90cae59715558979f49e10de2d5a01cbdf4694d4beacbf5feb98e,Identical SHA-256 to earlier Ulfa image file
Daun kuning - (831).jpg,Yellowish Leaf,nutritional deficiency,INTERNAL_DATASET_DUPLICATE,17cd17da3692fdff65f2a46e973c4482155b441800d9647839c92e7813b0abbf,Identical SHA-256 to earlier Ulfa image file
Daun kuning - (832).jpg,Yellowish Leaf,nutritional deficiency,INTERNAL_DATASET_DUPLICATE,4fc42c649677865b52fc1afc879eb2202799288b0c6f63493e9952198ab3327b,Identical SHA-256 to earlier Ulfa image file
Daun kuning - (833).jpg,Yellowish Leaf,nutritional deficiency,INTERNAL_DATASET_DUPLICATE,7bd31b1e159e8b6b57d6590cb7c172e048f78638827bd33ebdc3b0e011e1c5e1,Identical SHA-256 to earlier Ulfa image file
Daun kuning - (834).jpg,Yellowish Leaf,nutritional deficiency,INTERNAL_DATASET_DUPLICATE,b320079d768bc7f5b0ebc8cc0654d4797fd55a677773e29870bc3b7507e4cce7,Identical SHA-256 to earlier Ulfa image file
Daun kuning - (835).jpg,Yellowish Leaf,nutritional deficiency,INTERNAL_DATASET_DUPLICATE,b320079d768bc7f5b0ebc8cc0654d4797fd55a677773e29870bc3b7507e4cce7,Identical SHA-256 to earlier Ulfa image file
Daun kuning - (836).jpg,Yellowish Leaf,nutritional deficiency,INTERNAL_DATASET_DUPLICATE,6133e18f732724434b7900a6e0a1e7b46764dc90d0ccb982a177c845048159d8,Identical SHA-256 to earlier Ulfa image file
Daun kuning - (837).jpg,Yellowish Leaf,nutritional deficiency,INTERNAL_DATASET_DUPLICATE,ac9fc99c569ab520fca63ea4959b8fd39857b40838c09eb7a9e3f298cda45df3,Identical SHA-256 to earlier Ulfa image file
Daun kuning - (838).jpg,Yellowish Leaf,nutritional deficiency,INTERNAL_DATASET_DUPLICATE,2a96fd0f565b3e1ae8af4573d3614b204c4ccd2caca13a91ede3e9ce7fba73f9,Identical SHA-256 to earlier Ulfa image file
Daun kuning - (839).jpg,Yellowish Leaf,nutritional deficiency,INTERNAL_DATASET_DUPLICATE,dd9c241f384ae640e0a40ed0ae305d443ec0ba053ab638d223827d465bab901d,Identical SHA-256 to earlier Ulfa image file
Daun kuning - (840).jpg,Yellowish Leaf,nutritional deficiency,INTERNAL_DATASET_DUPLICATE,0c65cce4af384c268bb3f546de23ccf5eb816fec30fe21a9e99dd67add763e2f,Identical SHA-256 to earlier Ulfa image file
Daun kuning - (841).jpg,Yellowish Leaf,nutritional deficiency,INTERNAL_DATASET_DUPLICATE,0c65cce4af384c268bb3f546de23ccf5eb816fec30fe21a9e99dd67add763e2f,Identical SHA-256 to earlier Ulfa image file
Daun kuning - (843).jpg,Yellowish Leaf,nutritional deficiency,INTERNAL_DATASET_DUPLICATE,0914a5e48624350e484731e7812b853436338977a720217cbf0adbe4eef87d41,Identical SHA-256 to earlier Ulfa image file
Daun kuning - (844).jpg,Yellowish Leaf,nutritional deficiency,INTERNAL_DATASET_DUPLICATE,42d9ec080a418d463aca970568a09034ee9d5c829bcf7f7a8120549fe3284543,Identical SHA-256 to earlier Ulfa image file
Daun kuning - (845).jpg,Yellowish Leaf,nutritional deficiency,INTERNAL_DATASET_DUPLICATE,d53b8d36fd60dce09669114f4c42df74c6a2b3f7c1a617f82c3e81f8b172b1e7,Identical SHA-256 to earlier Ulfa image file
Daun kuning - (846).jpg,Yellowish Leaf,nutritional deficiency,INTERNAL_DATASET_DUPLICATE,411b02966995eea54d4f3217048a3d0e962ae264c573f7cd99972cacb6366978,Identical SHA-256 to earlier Ulfa image file
Daun kuning - (847).jpg,Yellowish Leaf,nutritional deficiency,INTERNAL_DATASET_DUPLICATE,d57b5a089890cb0bd71aa24833d0a034e9ad36969262b6fb3bc2ff7015fe6067,Identical SHA-256 to earlier Ulfa image file
Daun kuning - (850).jpg,Yellowish Leaf,nutritional deficiency,INTERNAL_DATASET_DUPLICATE,f7ad215b1433eb8adfca005363b2db02d2ac0665679ecc847f0df96b7db5f37e,Identical SHA-256 to earlier Ulfa image file
Daun kuning - (851).jpg,Yellowish Leaf,nutritional deficiency,INTERNAL_DATASET_DUPLICATE,fe76add6539793ecf980a75255643429b4e94303f3fa22bebcccb694de64e6ab,Identical SHA-256 to earlier Ulfa image file
Daun kuning - (853).jpg,Yellowish Leaf,nutritional deficiency,INTERNAL_DATASET_DUPLICATE,700e1c3c8f7707d89867d603c5666761e8b66a7d30bd35d3830b41f7240a351c,Identical SHA-256 to earlier Ulfa image file
Daun kuning - (854).jpg,Yellowish Leaf,nutritional deficiency,INTERNAL_DATASET_DUPLICATE,700e1c3c8f7707d89867d603c5666761e8b66a7d30bd35d3830b41f7240a351c,Identical SHA-256 to earlier Ulfa image file
Daun kuning - (855).jpg,Yellowish Leaf,nutritional deficiency,INTERNAL_DATASET_DUPLICATE,18502c59040768dff12e535922aa010bb9476b069d3d45f5d7be17f1019675b5,Identical SHA-256 to earlier Ulfa image file
Daun kuning - (856).jpg,Yellowish Leaf,nutritional deficiency,INTERNAL_DATASET_DUPLICATE,f7b2f45e057e80797e660cbdf9135792382ea868f9105d5d7e736921f7d37521,Identical SHA-256 to earlier Ulfa image file
Daun kuning - (859).jpg,Yellowish Leaf,nutritional deficiency,INTERNAL_DATASET_DUPLICATE,d1cd23289cefaea6f4891ffc5b513072ac2a5016017760eff9fa624200e69b50,Identical SHA-256 to earlier Ulfa image file
Daun kuning - (861).jpg,Yellowish Leaf,nutritional deficiency,INTERNAL_DATASET_DUPLICATE,7ac67f5d5c39c6670d9ddd1819a20f91e2a05cd059b0732331141afdb3d37cd4,Identical SHA-256 to earlier Ulfa image file
Daun kuning - (869).jpg,Yellowish Leaf,nutritional deficiency,INTERNAL_DATASET_DUPLICATE,b2b9de577dfe6e5ef11204a7fc16c1f0aa0f451ff82bc8589d2323d18ab41689,Identical SHA-256 to earlier Ulfa image file
Daun kuning - (872).jpg,Yellowish Leaf,nutritional deficiency,INTERNAL_DATASET_DUPLICATE,e6dbf12122e2a3af7d962258d936aad15dd429bb297c0be5348be9cf9c2f35ec,Identical SHA-256 to earlier Ulfa image file
Daun kuning - (873).jpg,Yellowish Leaf,nutritional deficiency,INTERNAL_DATASET_DUPLICATE,ad4b25480097a83d91b4c16b4e2cf3bef5a22490c0e39fd1818303b214f7c2c2,Identical SHA-256 to earlier Ulfa image file
Daun kuning - (876).jpg,Yellowish Leaf,nutritional deficiency,INTERNAL_DATASET_DUPLICATE,98dd1eda4bd9334c84a52c5b4449d51684d998518a83e9033a170dc68731040c,Identical SHA-256 to earlier Ulfa image file
Daun kuning - (877).jpg,Yellowish Leaf,nutritional deficiency,INTERNAL_DATASET_DUPLICATE,f551a0784465468c6f7e4d8abd392bd7b9cf20bcbe92720c6a9c5c87d914abde,Identical SHA-256 to earlier Ulfa image file
Daun kuning - (878).jpg,Yellowish Leaf,nutritional deficiency,INTERNAL_DATASET_DUPLICATE,5604274a1f49c5eec439a82f608ba149553fd95d59592c0963f30affe2581aba,Identical SHA-256 to earlier Ulfa image file
Daun kuning - (879).jpg,Yellowish Leaf,nutritional deficiency,INTERNAL_DATASET_DUPLICATE,c29a603d1a36ed93c41abb2be322b82d414e3852ba41ca0d91e0787f6b9d69f8,Identical SHA-256 to earlier Ulfa image file
Daun kuning - (880).jpg,Yellowish Leaf,nutritional deficiency,INTERNAL_DATASET_DUPLICATE,47fd95677045f6d78b717a1bbca9ec35663d9b23e39f5e17118308f1e337d95c,Identical SHA-256 to earlier Ulfa image file
Daun kuning - (882).jpg,Yellowish Leaf,nutritional deficiency,INTERNAL_DATASET_DUPLICATE,f987701d9144ffdf1261dea0d2dc0dfa46ccbe8b38113aaac6b4d15c4a93047a,Identical SHA-256 to earlier Ulfa image file
Daun kuning - (884).jpg,Yellowish Leaf,nutritional deficiency,INTERNAL_DATASET_DUPLICATE,30eec257c569262cd3193398bfe62c951a39e4278ed1edf3f014c492ec3be763,Identical SHA-256 to earlier Ulfa image file
Daun kuning - (885).jpg,Yellowish Leaf,nutritional deficiency,INTERNAL_DATASET_DUPLICATE,32b8879ea2b3f62beeb27eb38d20a1bf2e2a2f72e7f8066e6bb831f3fbf56865,Identical SHA-256 to earlier Ulfa image file
Daun kuning - (892).jpg,Yellowish Leaf,nutritional deficiency,INTERNAL_DATASET_DUPLICATE,d933f19e571667950ca6d305a230743cc195a8bb679dba028b825683b626171e,Identical SHA-256 to earlier Ulfa image file
Daun kuning - (896).jpg,Yellowish Leaf,nutritional deficiency,INTERNAL_DATASET_DUPLICATE,d8421debcfbd665eafd5d2952e24513b7e1e3da264538430ee6a60540753a9e4,Identical SHA-256 to earlier Ulfa image file
Daun kuning - (901).jpg,Yellowish Leaf,nutritional deficiency,INTERNAL_DATASET_DUPLICATE,735abbf8c6cc605bc4ec6bf1ba14196f93eb80fee88307aab0535c45c935dadf,Identical SHA-256 to earlier Ulfa image file
Daun kuning - (906).jpg,Yellowish Leaf,nutritional deficiency,INTERNAL_DATASET_DUPLICATE,6e1ba3c2cdec768cfc94bc67a378d5ec7d55bcf618ebbe73156aea64bb15e653,Identical SHA-256 to earlier Ulfa image file
Daun kuning - (907).jpg,Yellowish Leaf,nutritional deficiency,INTERNAL_DATASET_DUPLICATE,6e1ba3c2cdec768cfc94bc67a378d5ec7d55bcf618ebbe73156aea64bb15e653,Identical SHA-256 to earlier Ulfa image file
Daun kuning - (908).jpg,Yellowish Leaf,nutritional deficiency,INTERNAL_DATASET_DUPLICATE,f32363399a97965f87adda6701b33e8a5a7b8f4b18fe4a755108befae8a04c5c,Identical SHA-256 to earlier Ulfa image file
Daun kuning - (909).jpg,Yellowish Leaf,nutritional deficiency,INTERNAL_DATASET_DUPLICATE,94acfa788f0751332c6f6776cceac278582ce83869bb7ce40ab5e342d38dd8f4,Identical SHA-256 to earlier Ulfa image file
Daun kuning - (910).jpg,Yellowish Leaf,nutritional deficiency,INTERNAL_DATASET_DUPLICATE,c8e41326d6ed91c16bab28002253fb3497d5f599e155311cf2625d83d458ff7b,Identical SHA-256 to earlier Ulfa image file
Daun kuning - (911).jpg,Yellowish Leaf,nutritional deficiency,INTERNAL_DATASET_DUPLICATE,581ff1b96934f0050f4cede7d158a2eedd56a609fe644167a542a9504676e38b,Identical SHA-256 to earlier Ulfa image file
Daun kuning - (913).jpg,Yellowish Leaf,nutritional deficiency,INTERNAL_DATASET_DUPLICATE,aea77cb56282f8625d53cd9bf6dd8d6e4f21f1238235f155c4c86811919f9b13,Identical SHA-256 to earlier Ulfa image file
Daun kuning - (919).jpg,Yellowish Leaf,nutritional deficiency,INTERNAL_DATASET_DUPLICATE,bc6ae5492d6c70eb8e43fe44e38c9e35553f451981cb40925e654dac58a6bc39,Identical SHA-256 to earlier Ulfa image file
Daun kuning - (92).jpg,Yellowish Leaf,nutritional deficiency,INTERNAL_DATASET_DUPLICATE,6b1a8ff83f92201ede30c6aeb4f8aaa7c77bde1c589eba69bd6ce2d5386ca924,Identical SHA-256 to earlier Ulfa image file
Daun kuning - (921).jpg,Yellowish Leaf,nutritional deficiency,INTERNAL_DATASET_DUPLICATE,915ee609c8e9a104a1527262f79fc0177dea6ad06cd8dc14982cb5982f2d1903,Identical SHA-256 to earlier Ulfa image file
Daun kuning - (923).jpg,Yellowish Leaf,nutritional deficiency,INTERNAL_DATASET_DUPLICATE,57e38faa3fc38a782e1d272b20741af21f6217ea6a259529c17d9f57cbc02771,Identical SHA-256 to earlier Ulfa image file
Daun kuning - (925).jpg,Yellowish Leaf,nutritional deficiency,INTERNAL_DATASET_DUPLICATE,b050e616238e765e3f40034e0dd0de90892c8bd5ecb1e7515328a3a5dcd00d4c,Identical SHA-256 to earlier Ulfa image file
Daun kuning - (926).jpg,Yellowish Leaf,nutritional deficiency,EVAL_SET_EXACT_COLLISION (Track B),3b9b5c398bab2e475f10d1f92c594acd6c931e1fb3800c27f26b88317caff9f2,Exact SHA-256 match with Track B evaluation sample
Daun kuning - (94).jpg,Yellowish Leaf,nutritional deficiency,INTERNAL_DATASET_DUPLICATE,932ccdbe5dde78c89f067068af0bacd4efb1ea315ceb00b02ddf059e836eda05,Identical SHA-256 to earlier Ulfa image file
Daun kuning - (96).jpg,Yellowish Leaf,nutritional deficiency,INTERNAL_DATASET_DUPLICATE,d8794ec502431e9b7130f3f82851ecb87cf93b9acc1f8abf0dcd02572c19eaa3,Identical SHA-256 to earlier Ulfa image file
Daun kuning - (98).jpg,Yellowish Leaf,nutritional deficiency,EVAL_SET_NEAR_DUPLICATE,3863cfe64deb224eedf7e0ff6dfa95d4463393d33ae1fb24f403caa076f8a34d,dHash Hamming distance 4 <= 5 to eval image: results\model_robustness_audit\audit_images\track_b_external\chilli\nutritional deficiency\ulfa_Daun_kuning_-__100_.jpg
Daun kuning - (99).jpg,Yellowish Leaf,nutritional deficiency,INTERNAL_DATASET_DUPLICATE,3863cfe64deb224eedf7e0ff6dfa95d4463393d33ae1fb24f403caa076f8a34d,Identical SHA-256 to earlier Ulfa image file
