evaluation_track,crop,dataset,source_dataset,file_path,true_label,true_class_index,predicted_label,predicted_class_index,correct,confidence,true_class_probability,top_2_label,top_2_probability,top_3_label,top_3_probability,ground_truth_quality,error_type
TRACK_A_INTERNAL,Tomato,tomato,tomato_plantvillage,D:\CropDiseaseProject\tomato_plantvillage\Tomato___Bacterial_spot\ac017ad5-c1fa-4a46-8f13-2068d7188346___GCREC_Bact.Sp 6175.JPG,Tomato___Bacterial_spot,0,Tomato___Target_Spot,6,False,0.7785966396331787,0.1099660694599151,Tomato___Bacterial_spot,0.1099660694599151,Tomato___Septoria_leaf_spot,0.0756187066435813,HIGH,MISCLASSIFICATION
TRACK_A_INTERNAL,Tomato,tomato,tomato_plantvillage,D:\CropDiseaseProject\tomato_plantvillage\Tomato___Bacterial_spot\10c418e8-59b3-4d9f-a22b-7762b538e758___UF.GRC_BS_Lab Leaf 0900.JPG,Tomato___Bacterial_spot,0,Tomato___Bacterial_spot,0,True,0.9928950667381288,0.9928950667381288,Tomato___Septoria_leaf_spot,0.0054022218100726,Tomato___Early_blight,0.0016540146898478,HIGH,CORRECT
TRACK_A_INTERNAL,Tomato,tomato,tomato_plantvillage,D:\CropDiseaseProject\tomato_plantvillage\Tomato___Bacterial_spot\f1f7f16d-7794-4ac9-9962-32a5320d38fd___GCREC_Bact.Sp 6234.JPG,Tomato___Bacterial_spot,0,Tomato___Bacterial_spot,0,True,0.495814561843872,0.495814561843872,Tomato___Early_blight,0.4034176170825958,Tomato___Late_blight,0.0946003049612045,HIGH,CORRECT
TRACK_A_INTERNAL,Tomato,tomato,tomato_plantvillage,D:\CropDiseaseProject\tomato_plantvillage\Tomato___Bacterial_spot\b908a9aa-b8b9-46bd-aef0-9e8d1388608d___GCREC_Bact.Sp 3486.JPG,Tomato___Bacterial_spot,0,Tomato___Bacterial_spot,0,True,0.9322644472122192,0.9322644472122192,Tomato___Target_Spot,0.0399075336754322,Tomato___Septoria_leaf_spot,0.0126498015597462,HIGH,CORRECT
TRACK_A_INTERNAL,Tomato,tomato,tomato_plantvillage,D:\CropDiseaseProject\tomato_plantvillage\Tomato___Bacterial_spot\98df469d-20d0-4b6e-aae3-617473f3081f___GCREC_Bact.Sp 5792.JPG,Tomato___Bacterial_spot,0,Tomato___Bacterial_spot,0,True,0.9032158255577089,0.9032158255577089,Tomato___Target_Spot,0.0510910414159297,Tomato___Tomato_Yellow_Leaf_Curl_Virus,0.0264209881424903,HIGH,CORRECT
TRACK_A_INTERNAL,Tomato,tomato,tomato_plantvillage,D:\CropDiseaseProject\tomato_plantvillage\Tomato___Bacterial_spot\b8e606e2-0630-453f-8688-b4350feb2bce___GCREC_Bact.Sp 3033.JPG,Tomato___Bacterial_spot,0,Tomato___Bacterial_spot,0,True,0.998727023601532,0.998727023601532,Tomato___Septoria_leaf_spot,0.000985408318229,Tomato___Early_blight,0.0002394884650129,HIGH,CORRECT
TRACK_A_INTERNAL,Tomato,tomato,tomato_plantvillage,D:\CropDiseaseProject\tomato_plantvillage\Tomato___Bacterial_spot\6d746b6c-52f8-4831-b541-c74d0984c130___GCREC_Bact.Sp 3169.JPG,Tomato___Bacterial_spot,0,Tomato___Bacterial_spot,0,True,0.8387265801429749,0.8387265801429749,Tomato___Target_Spot,0.1374774426221847,Tomato___Septoria_leaf_spot,0.0161130689084529,HIGH,CORRECT
TRACK_A_INTERNAL,Tomato,tomato,tomato_plantvillage,D:\CropDiseaseProject\tomato_plantvillage\Tomato___Bacterial_spot\d6f28d37-30ea-4b05-997b-88c5b4c62856___GCREC_Bact.Sp 6297.JPG,Tomato___Bacterial_spot,0,Tomato___Bacterial_spot,0,True,0.9963333606719972,0.9963333606719972,Tomato___Early_blight,0.0033460669219493,Tomato___Septoria_leaf_spot,0.0002834350743796,HIGH,CORRECT
TRACK_A_INTERNAL,Tomato,tomato,tomato_plantvillage,D:\CropDiseaseProject\tomato_plantvillage\Tomato___Bacterial_spot\cb70e79d-a282-448e-a300-7f880a08cd70___GCREC_Bact.Sp 6332.JPG,Tomato___Bacterial_spot,0,Tomato___Bacterial_spot,0,True,0.9009221792221068,0.9009221792221068,Tomato___Target_Spot,0.0980244725942611,Tomato___Spider_mites Two-spotted_spider_mite,0.0005783006199635,HIGH,CORRECT
TRACK_A_INTERNAL,Tomato,tomato,tomato_plantvillage,D:\CropDiseaseProject\tomato_plantvillage\Tomato___Bacterial_spot\519d4cf8-cce5-47a8-b33e-39365fb0799f___GCREC_Bact.Sp 3844.JPG,Tomato___Bacterial_spot,0,Tomato___Bacterial_spot,0,True,0.8473647236824036,0.8473647236824036,Tomato___Target_Spot,0.1303571313619613,Tomato___Septoria_leaf_spot,0.0086800307035446,HIGH,CORRECT
TRACK_A_INTERNAL,Tomato,tomato,tomato_plantvillage,D:\CropDiseaseProject\tomato_plantvillage\Tomato___Bacterial_spot\2012f5c2-8a5a-4307-b2f6-f8cc65dea96d___GCREC_Bact.Sp 6350.JPG,Tomato___Bacterial_spot,0,Tomato___Bacterial_spot,0,True,0.9935628175735474,0.9935628175735474,Tomato___Target_Spot,0.0032398351468145,Tomato___Septoria_leaf_spot,0.0029117201920598,HIGH,CORRECT
TRACK_A_INTERNAL,Tomato,tomato,tomato_plantvillage,D:\CropDiseaseProject\tomato_plantvillage\Tomato___Bacterial_spot\69c8f994-3b9e-4629-9fb9-d06a9cca522e___GCREC_Bact.Sp 5875.JPG,Tomato___Bacterial_spot,0,Tomato___Bacterial_spot,0,True,0.98078852891922,0.98078852891922,Tomato___Septoria_leaf_spot,0.010923808440566,Tomato___Target_Spot,0.007534937467426,HIGH,CORRECT
TRACK_A_INTERNAL,Tomato,tomato,tomato_plantvillage,D:\CropDiseaseProject\tomato_plantvillage\Tomato___Bacterial_spot\ac099bdd-1fb0-4f9c-bb62-be3994736868___UF.GRC_BS_Lab Leaf 0419.JPG,Tomato___Bacterial_spot,0,Tomato___Late_blight,2,False,0.8696846961975098,0.1229163110256195,Tomato___Bacterial_spot,0.1229163110256195,Tomato___Septoria_leaf_spot,0.0045342585071921,HIGH,MISCLASSIFICATION
TRACK_A_INTERNAL,Tomato,tomato,tomato_plantvillage,D:\CropDiseaseProject\tomato_plantvillage\Tomato___Bacterial_spot\17ee90d7-f733-4026-a83e-c5c87ad88e67___GCREC_Bact.Sp 5623.JPG,Tomato___Bacterial_spot,0,Tomato___Bacterial_spot,0,True,0.7642835378646851,0.7642835378646851,Tomato___Leaf_Mold,0.1733930259943008,Tomato___Early_blight,0.0282034277915954,HIGH,CORRECT
TRACK_A_INTERNAL,Tomato,tomato,tomato_plantvillage,D:\CropDiseaseProject\tomato_plantvillage\Tomato___Bacterial_spot\affd3581-6323-43a3-87d6-31f6449fbf2a___GCREC_Bact.Sp 2990.JPG,Tomato___Bacterial_spot,0,Tomato___Bacterial_spot,0,True,0.9973624348640442,0.9973624348640442,Tomato___Septoria_leaf_spot,0.0015099154552444,Tomato___Target_Spot,0.0005927211605012,HIGH,CORRECT
TRACK_A_INTERNAL,Tomato,tomato,tomato_plantvillage,D:\CropDiseaseProject\tomato_plantvillage\Tomato___Bacterial_spot\5d1f3889-f029-4ebd-834d-9e39d775b070___GCREC_Bact.Sp 5996.JPG,Tomato___Bacterial_spot,0,Tomato___Bacterial_spot,0,True,0.9873313307762146,0.9873313307762146,Tomato___Septoria_leaf_spot,0.0056809219531714,Tomato___Target_Spot,0.0039490517228841,HIGH,CORRECT
TRACK_A_INTERNAL,Tomato,tomato,tomato_plantvillage,D:\CropDiseaseProject\tomato_plantvillage\Tomato___Bacterial_spot\dfa62ef3-e71a-49c9-b3fc-6b1c72fa3408___GCREC_Bact.Sp 3176.JPG,Tomato___Bacterial_spot,0,Tomato___Bacterial_spot,0,True,0.8860068321228027,0.8860068321228027,Tomato___Septoria_leaf_spot,0.109969288110733,Tomato___Target_Spot,0.0034777920227497,HIGH,CORRECT
TRACK_A_INTERNAL,Tomato,tomato,tomato_plantvillage,D:\CropDiseaseProject\tomato_plantvillage\Tomato___Bacterial_spot\7c6b8e90-fd14-4f00-b1cc-1f3e9406fd6d___GCREC_Bact.Sp 5764.JPG,Tomato___Bacterial_spot,0,Tomato___Bacterial_spot,0,True,0.9966456294059752,0.9966456294059752,Tomato___Septoria_leaf_spot,0.0021584990900009,Tomato___Target_Spot,0.000708641600795,HIGH,CORRECT
TRACK_A_INTERNAL,Tomato,tomato,tomato_plantvillage,D:\CropDiseaseProject\tomato_plantvillage\Tomato___Bacterial_spot\ffcf0c9e-f932-4836-b160-47277fbe124c___GCREC_Bact.Sp 3776.JPG,Tomato___Bacterial_spot,0,Tomato___Target_Spot,6,False,0.5732205510139465,0.0583375543355941,Tomato___Spider_mites Two-spotted_spider_mite,0.3235576450824737,Tomato___Bacterial_spot,0.0583375543355941,HIGH,MISCLASSIFICATION
TRACK_A_INTERNAL,Tomato,tomato,tomato_plantvillage,D:\CropDiseaseProject\tomato_plantvillage\Tomato___Bacterial_spot\3c968c0e-9824-455f-bbf8-b4acf133508e___GCREC_Bact.Sp 3011.JPG,Tomato___Bacterial_spot,0,Tomato___Bacterial_spot,0,True,0.7961223125457764,0.7961223125457764,Tomato___Target_Spot,0.189364954829216,Tomato___Leaf_Mold,0.0053756521083414,HIGH,CORRECT
TRACK_A_INTERNAL,Tomato,tomato,tomato_plantvillage,D:\CropDiseaseProject\tomato_plantvillage\Tomato___Bacterial_spot\8aec5b56-9ab2-4337-9544-c619d25650d7___GCREC_Bact.Sp 3579.JPG,Tomato___Bacterial_spot,0,Tomato___Bacterial_spot,0,True,0.9924813508987428,0.9924813508987428,Tomato___Target_Spot,0.0048648775555193,Tomato___Early_blight,0.0018679283093661,HIGH,CORRECT
TRACK_A_INTERNAL,Tomato,tomato,tomato_plantvillage,D:\CropDiseaseProject\tomato_plantvillage\Tomato___Bacterial_spot\7ff1454d-b742-412f-a99c-1c2a8287decb___UF.GRC_BS_Lab Leaf 1132.JPG,Tomato___Bacterial_spot,0,Tomato___Bacterial_spot,0,True,0.9165935516357422,0.9165935516357422,Tomato___Septoria_leaf_spot,0.0436781980097293,Tomato___Early_blight,0.0245392676442861,HIGH,CORRECT
TRACK_A_INTERNAL,Tomato,tomato,tomato_plantvillage,D:\CropDiseaseProject\tomato_plantvillage\Tomato___Bacterial_spot\37592d17-06d6-492a-a469-3726396ad71b___GCREC_Bact.Sp 5560.JPG,Tomato___Bacterial_spot,0,Tomato___Target_Spot,6,False,0.608677327632904,0.3789496123790741,Tomato___Bacterial_spot,0.3789496123790741,Tomato___Early_blight,0.0074215675704181,HIGH,MISCLASSIFICATION
TRACK_A_INTERNAL,Tomato,tomato,tomato_plantvillage,D:\CropDiseaseProject\tomato_plantvillage\Tomato___Bacterial_spot\9a124e24-d9d2-43f3-b2b9-968e4422744c___GCREC_Bact.Sp 5998.JPG,Tomato___Bacterial_spot,0,Tomato___Bacterial_spot,0,True,0.9941017031669616,0.9941017031669616,Tomato___Septoria_leaf_spot,0.0042912065982818,Tomato___Early_blight,0.0010079456260427,HIGH,CORRECT
TRACK_A_INTERNAL,Tomato,tomato,tomato_plantvillage,D:\CropDiseaseProject\tomato_plantvillage\Tomato___Bacterial_spot\3811d01e-de9a-4159-8ab6-eb0e277f0acd___GCREC_Bact.Sp 3546.JPG,Tomato___Bacterial_spot,0,Tomato___Bacterial_spot,0,True,0.9469638466835022,0.9469638466835022,Tomato___Target_Spot,0.0293849352747201,Tomato___Early_blight,0.0200418774038553,HIGH,CORRECT
TRACK_A_INTERNAL,Tomato,tomato,tomato_plantvillage,D:\CropDiseaseProject\tomato_plantvillage\Tomato___Bacterial_spot\6aa07949-08b2-4945-a535-3f8b49f86599___GCREC_Bact.Sp 6344.JPG,Tomato___Bacterial_spot,0,Tomato___Bacterial_spot,0,True,0.7027028799057007,0.7027028799057007,Tomato___Early_blight,0.1797056198120117,Tomato___Septoria_leaf_spot,0.1174925938248634,HIGH,CORRECT
TRACK_A_INTERNAL,Tomato,tomato,tomato_plantvillage,D:\CropDiseaseProject\tomato_plantvillage\Tomato___Bacterial_spot\e1fa4f5f-d166-4483-95c4-0c420ee2098e___GCREC_Bact.Sp 3458.JPG,Tomato___Bacterial_spot,0,Tomato___Bacterial_spot,0,True,0.9955832362174988,0.9955832362174988,Tomato___Target_Spot,0.0034340918064117,Tomato___Septoria_leaf_spot,0.0007099987124092,HIGH,CORRECT
TRACK_A_INTERNAL,Tomato,tomato,tomato_plantvillage,D:\CropDiseaseProject\tomato_plantvillage\Tomato___Bacterial_spot\c532396b-5641-4fd3-8c91-a0af394b8b93___GCREC_Bact.Sp 6169.JPG,Tomato___Bacterial_spot,0,Tomato___Bacterial_spot,0,True,0.9884662628173828,0.9884662628173828,Tomato___Septoria_leaf_spot,0.0114255091175436,Tomato___Early_blight,0.0001025644814944,HIGH,CORRECT
TRACK_A_INTERNAL,Tomato,tomato,tomato_plantvillage,D:\CropDiseaseProject\tomato_plantvillage\Tomato___Bacterial_spot\b7abb659-e26e-42a0-a9d3-ddee98526b8f___GCREC_Bact.Sp 5748.JPG,Tomato___Bacterial_spot,0,Tomato___Bacterial_spot,0,True,0.9973623156547546,0.9973623156547546,Tomato___Target_Spot,0.002255936153233,Tomato___Septoria_leaf_spot,0.0002939332625828,HIGH,CORRECT
TRACK_A_INTERNAL,Tomato,tomato,tomato_plantvillage,D:\CropDiseaseProject\tomato_plantvillage\Tomato___Bacterial_spot\641aa012-41e5-4e85-bac4-1d81bd67be58___GCREC_Bact.Sp 5665.JPG,Tomato___Bacterial_spot,0,Tomato___Bacterial_spot,0,True,0.9935765862464904,0.9935765862464904,Tomato___Target_Spot,0.0063588828779757,Tomato___Early_blight,3.0894756491761655e-05,HIGH,CORRECT
TRACK_A_INTERNAL,Tomato,tomato,tomato_plantvillage,D:\CropDiseaseProject\tomato_plantvillage\Tomato___Early_blight\5b71fe03-84fc-4866-9bf8-e557ce918c6e___RS_Erly.B 9580.JPG,Tomato___Early_blight,1,Tomato___Early_blight,1,True,0.8192742466926575,0.8192742466926575,Tomato___Target_Spot,0.094716690480709,Tomato___Tomato_Yellow_Leaf_Curl_Virus,0.0427692346274852,HIGH,CORRECT
TRACK_A_INTERNAL,Tomato,tomato,tomato_plantvillage,D:\CropDiseaseProject\tomato_plantvillage\Tomato___Early_blight\54e98d19-a7a0-44d8-a004-1eaee5f3610b___RS_Erly.B 7348.JPG,Tomato___Early_blight,1,Tomato___Early_blight,1,True,0.4551808536052704,0.4551808536052704,Tomato___Bacterial_spot,0.3340625166893005,Tomato___Late_blight,0.208865538239479,HIGH,CORRECT
TRACK_A_INTERNAL,Tomato,tomato,tomato_plantvillage,D:\CropDiseaseProject\tomato_plantvillage\Tomato___Early_blight\a9a349e8-bf20-4495-8db5-70ca9293608d___RS_Erly.B 7367.JPG,Tomato___Early_blight,1,Tomato___Early_blight,1,True,0.5536900758743286,0.5536900758743286,Tomato___Target_Spot,0.2178630828857422,Tomato___Bacterial_spot,0.1384289860725402,HIGH,CORRECT
TRACK_A_INTERNAL,Tomato,tomato,tomato_plantvillage,D:\CropDiseaseProject\tomato_plantvillage\Tomato___Early_blight\2ffcdf9e-9cf5-492e-80f8-6f80cd0be7cb___RS_Erly.B 7421.JPG,Tomato___Early_blight,1,Tomato___Bacterial_spot,0,False,0.5440278649330139,0.3410317897796631,Tomato___Early_blight,0.3410317897796631,Tomato___Target_Spot,0.0399674512445926,HIGH,MISCLASSIFICATION
TRACK_A_INTERNAL,Tomato,tomato,tomato_plantvillage,D:\CropDiseaseProject\tomato_plantvillage\Tomato___Early_blight\a5b33d5a-99bc-43b9-b408-aaf9535189e0___RS_Erly.B 8372.JPG,Tomato___Early_blight,1,Tomato___Early_blight,1,True,0.7811875939369202,0.7811875939369202,Tomato___Leaf_Mold,0.0622712112963199,Tomato___Spider_mites Two-spotted_spider_mite,0.0525223575532436,HIGH,CORRECT
TRACK_A_INTERNAL,Tomato,tomato,tomato_plantvillage,D:\CropDiseaseProject\tomato_plantvillage\Tomato___Early_blight\16ae1b64-2954-4135-bea5-d599ba56740c___RS_Erly.B 7649.JPG,Tomato___Early_blight,1,Tomato___Late_blight,2,False,0.5802357196807861,0.3967686295509338,Tomato___Early_blight,0.3967686295509338,Tomato___Target_Spot,0.0181683003902435,HIGH,MISCLASSIFICATION
TRACK_A_INTERNAL,Tomato,tomato,tomato_plantvillage,D:\CropDiseaseProject\tomato_plantvillage\Tomato___Early_blight\76b0d46d-8e2b-463b-8cba-eaeee6dc1851___RS_Erly.B 9527.JPG,Tomato___Early_blight,1,Tomato___Early_blight,1,True,0.6153799891471863,0.6153799891471863,Tomato___Late_blight,0.1941846013069152,Tomato___Bacterial_spot,0.1024926006793975,HIGH,CORRECT
TRACK_A_INTERNAL,Tomato,tomato,tomato_plantvillage,D:\CropDiseaseProject\tomato_plantvillage\Tomato___Early_blight\2bdca297-e0d1-41f0-b1dc-3801384faa1a___RS_Erly.B 7858.JPG,Tomato___Early_blight,1,Tomato___Target_Spot,6,False,0.9255314469337464,0.0055196927860379,Tomato___Spider_mites Two-spotted_spider_mite,0.0380101017653942,Tomato___Late_blight,0.0231956634670496,HIGH,MISCLASSIFICATION
TRACK_A_INTERNAL,Tomato,tomato,tomato_plantvillage,D:\CropDiseaseProject\tomato_plantvillage\Tomato___Early_blight\ea08bf85-06df-41d8-8b09-29feb53cdccf___RS_Erly.B 7486.JPG,Tomato___Early_blight,1,Tomato___Early_blight,1,True,0.939030647277832,0.939030647277832,Tomato___Leaf_Mold,0.0360744222998619,Tomato___Late_blight,0.0107104582712054,HIGH,CORRECT
TRACK_A_INTERNAL,Tomato,tomato,tomato_plantvillage,D:\CropDiseaseProject\tomato_plantvillage\Tomato___Early_blight\c83d0821-505b-4270-acd7-1a5c79f671b4___RS_Erly.B 7629.JPG,Tomato___Early_blight,1,Tomato___Late_blight,2,False,0.487382024526596,0.4694121181964874,Tomato___Early_blight,0.4694121181964874,Tomato___Bacterial_spot,0.0251230988651514,HIGH,MISCLASSIFICATION
TRACK_A_INTERNAL,Tomato,tomato,tomato_plantvillage,D:\CropDiseaseProject\tomato_plantvillage\Tomato___Early_blight\748ed7a9-9044-49d2-943d-8c82a1763c55___RS_Erly.B 8230.JPG,Tomato___Early_blight,1,Tomato___Early_blight,1,True,0.9908058047294616,0.9908058047294616,Tomato___Late_blight,0.0060373521409928,Tomato___Septoria_leaf_spot,0.0022096512839198,HIGH,CORRECT
TRACK_A_INTERNAL,Tomato,tomato,tomato_plantvillage,D:\CropDiseaseProject\tomato_plantvillage\Tomato___Early_blight\73bbd57a-8733-4b2a-a38d-f304ea890c62___RS_Erly.B 9548.JPG,Tomato___Early_blight,1,Tomato___Tomato_Yellow_Leaf_Curl_Virus,7,False,0.297167032957077,0.2475783675909042,Tomato___Early_blight,0.2475783675909042,Tomato___Late_blight,0.1575029641389846,HIGH,MISCLASSIFICATION
TRACK_A_INTERNAL,Tomato,tomato,tomato_plantvillage,D:\CropDiseaseProject\tomato_plantvillage\Tomato___Early_blight\4f6876e9-7226-49d5-aef8-cec3d8e6fbc9___RS_Erly.B 9452.JPG,Tomato___Early_blight,1,Tomato___Early_blight,1,True,0.3028607070446014,0.3028607070446014,Tomato___Septoria_leaf_spot,0.2843773663043976,Tomato___Target_Spot,0.1756641119718551,HIGH,CORRECT
TRACK_A_INTERNAL,Tomato,tomato,tomato_plantvillage,D:\CropDiseaseProject\tomato_plantvillage\Tomato___Early_blight\484250ea-cc2c-4614-bee8-7f24007e00ac___RS_Erly.B 9463.JPG,Tomato___Early_blight,1,Tomato___Early_blight,1,True,0.8885148167610168,0.8885148167610168,Tomato___Bacterial_spot,0.077495165169239,Tomato___Septoria_leaf_spot,0.0205145142972469,HIGH,CORRECT
TRACK_A_INTERNAL,Tomato,tomato,tomato_plantvillage,D:\CropDiseaseProject\tomato_plantvillage\Tomato___Early_blight\3c5e2faa-3bca-4d88-8841-fa06cf7388f1___RS_Erly.B 9599.JPG,Tomato___Early_blight,1,Tomato___Early_blight,1,True,0.9726311564445496,0.9726311564445496,Tomato___Septoria_leaf_spot,0.0154067780822515,Tomato___Tomato_Yellow_Leaf_Curl_Virus,0.0104429125785827,HIGH,CORRECT
TRACK_A_INTERNAL,Tomato,tomato,tomato_plantvillage,D:\CropDiseaseProject\tomato_plantvillage\Tomato___Early_blight\2179421c-3ce3-4581-8b65-17da6fffd3db___RS_Erly.B 7730.JPG,Tomato___Early_blight,1,Tomato___Spider_mites Two-spotted_spider_mite,5,False,0.5620890259742737,0.0432108528912067,Tomato___Target_Spot,0.1590568572282791,Tomato___healthy,0.0884107947349548,HIGH,MISCLASSIFICATION
TRACK_A_INTERNAL,Tomato,tomato,tomato_plantvillage,D:\CropDiseaseProject\tomato_plantvillage\Tomato___Early_blight\13e96f82-68c6-4331-9b05-92a6767a400b___RS_Erly.B 9502.JPG,Tomato___Early_blight,1,Tomato___Septoria_leaf_spot,4,False,0.7096807360649109,0.1425923258066177,Tomato___Early_blight,0.1425923258066177,Tomato___Late_blight,0.1108856052160263,HIGH,MISCLASSIFICATION
TRACK_A_INTERNAL,Tomato,tomato,tomato_plantvillage,D:\CropDiseaseProject\tomato_plantvillage\Tomato___Early_blight\c410d512-4708-49dd-ba8f-efce2796a3f5___RS_Erly.B 7602.JPG,Tomato___Early_blight,1,Tomato___Early_blight,1,True,0.5979572534561157,0.5979572534561157,Tomato___Late_blight,0.3661798536777496,Tomato___Bacterial_spot,0.0350102558732032,HIGH,CORRECT
TRACK_A_INTERNAL,Tomato,tomato,tomato_plantvillage,D:\CropDiseaseProject\tomato_plantvillage\Tomato___Early_blight\5bb67c87-9449-4365-aad2-0763164a608b___RS_Erly.B 7460.JPG,Tomato___Early_blight,1,Tomato___Early_blight,1,True,0.815909206867218,0.815909206867218,Tomato___Spider_mites Two-spotted_spider_mite,0.0591728016734123,Tomato___Target_Spot,0.0544441677629947,HIGH,CORRECT
TRACK_A_INTERNAL,Tomato,tomato,tomato_plantvillage,D:\CropDiseaseProject\tomato_plantvillage\Tomato___Early_blight\a0cb35c3-0ae6-4b64-a42f-d14006f3d315___RS_Erly.B 7357.JPG,Tomato___Early_blight,1,Tomato___Target_Spot,6,False,0.4527919292449951,0.1683011502027511,Tomato___Spider_mites Two-spotted_spider_mite,0.1829236149787902,Tomato___Early_blight,0.1683011502027511,HIGH,MISCLASSIFICATION
TRACK_A_INTERNAL,Tomato,tomato,tomato_plantvillage,D:\CropDiseaseProject\tomato_plantvillage\Tomato___Early_blight\9cb2abac-0c5b-4b49-ad84-d97805de271c___RS_Erly.B 7457.JPG,Tomato___Early_blight,1,Tomato___Late_blight,2,False,0.8806261420249939,0.0861815735697746,Tomato___Early_blight,0.0861815735697746,Tomato___Leaf_Mold,0.0198775380849838,HIGH,MISCLASSIFICATION
TRACK_A_INTERNAL,Tomato,tomato,tomato_plantvillage,D:\CropDiseaseProject\tomato_plantvillage\Tomato___Early_blight\dc64e0f0-9f55-4341-b256-649bebd6ca75___RS_Erly.B 7785.JPG,Tomato___Early_blight,1,Tomato___Spider_mites Two-spotted_spider_mite,5,False,0.5585505962371826,0.0194289274513721,Tomato___Target_Spot,0.1869251281023025,Tomato___Late_blight,0.0917972028255462,HIGH,MISCLASSIFICATION
TRACK_A_INTERNAL,Tomato,tomato,tomato_plantvillage,D:\CropDiseaseProject\tomato_plantvillage\Tomato___Early_blight\48dd3efc-400d-4b81-a569-13a51083df58___RS_Erly.B 7718.JPG,Tomato___Early_blight,1,Tomato___Target_Spot,6,False,0.8932305574417114,0.017873391509056,Tomato___healthy,0.0528173819184303,Tomato___Septoria_leaf_spot,0.0183862373232841,HIGH,MISCLASSIFICATION
TRACK_A_INTERNAL,Tomato,tomato,tomato_plantvillage,D:\CropDiseaseProject\tomato_plantvillage\Tomato___Early_blight\2f3c483a-b18d-4571-8c00-fb24f166d328___RS_Erly.B 7667.JPG,Tomato___Early_blight,1,Tomato___Early_blight,1,True,0.5351370573043823,0.5351370573043823,Tomato___Late_blight,0.305794894695282,Tomato___Bacterial_spot,0.0778689458966255,HIGH,CORRECT
TRACK_A_INTERNAL,Tomato,tomato,tomato_plantvillage,D:\CropDiseaseProject\tomato_plantvillage\Tomato___Early_blight\a52492e3-7916-4a13-a175-6a6c0dd3440a___RS_Erly.B 7613.JPG,Tomato___Early_blight,1,Tomato___Early_blight,1,True,0.97596675157547,0.97596675157547,Tomato___Late_blight,0.0165635831654071,Tomato___Leaf_Mold,0.0051329093985259,HIGH,CORRECT
TRACK_A_INTERNAL,Tomato,tomato,tomato_plantvillage,D:\CropDiseaseProject\tomato_plantvillage\Tomato___Early_blight\e5266d06-0ba7-49c6-9bc6-c8351b56fc88___RS_Erly.B 8294.JPG,Tomato___Early_blight,1,Tomato___Early_blight,1,True,0.8715993762016296,0.8715993762016296,Tomato___Late_blight,0.1183052435517311,Tomato___Target_Spot,0.003335993271321,HIGH,CORRECT
TRACK_A_INTERNAL,Tomato,tomato,tomato_plantvillage,D:\CropDiseaseProject\tomato_plantvillage\Tomato___Early_blight\f62b2695-c850-47d4-9e42-e35e5596e729___RS_Erly.B 7777.JPG,Tomato___Early_blight,1,Tomato___Early_blight,1,True,0.5954657196998596,0.5954657196998596,Tomato___Late_blight,0.2581822276115417,Tomato___Target_Spot,0.137583389878273,HIGH,CORRECT
TRACK_A_INTERNAL,Tomato,tomato,tomato_plantvillage,D:\CropDiseaseProject\tomato_plantvillage\Tomato___Early_blight\a3611dae-1359-41af-b506-0b012c37a451___RS_Erly.B 7368.JPG,Tomato___Early_blight,1,Tomato___Early_blight,1,True,0.9961552023887634,0.9961552023887634,Tomato___Late_blight,0.0015943679027259,Tomato___Septoria_leaf_spot,0.0008232089458033,HIGH,CORRECT
TRACK_A_INTERNAL,Tomato,tomato,tomato_plantvillage,D:\CropDiseaseProject\tomato_plantvillage\Tomato___Early_blight\b857a91a-c6e2-4d47-a025-5a5c3254e0a2___RS_Erly.B 7662.JPG,Tomato___Early_blight,1,Tomato___Early_blight,1,True,0.9487086534500122,0.9487086534500122,Tomato___Bacterial_spot,0.0257692914456129,Tomato___Late_blight,0.0120300399139523,HIGH,CORRECT
TRACK_A_INTERNAL,Tomato,tomato,tomato_plantvillage,D:\CropDiseaseProject\tomato_plantvillage\Tomato___Early_blight\ba789eab-7c04-4012-b8fa-98106b20b50c___RS_Erly.B 7771.JPG,Tomato___Early_blight,1,Tomato___Early_blight,1,True,0.602008044719696,0.602008044719696,Tomato___Septoria_leaf_spot,0.1192902773618698,Tomato___Bacterial_spot,0.1165447533130645,HIGH,CORRECT
TRACK_A_INTERNAL,Tomato,tomato,tomato_plantvillage,D:\CropDiseaseProject\tomato_plantvillage\Tomato___Late_blight\bf89b543-1d30-4648-8b4a-bb8d1f2f913a___GHLB2 Leaf 8606.JPG,Tomato___Late_blight,2,Tomato___Late_blight,2,True,0.9990180730819702,0.9990180730819702,Tomato___Bacterial_spot,0.0005774606252089,Tomato___Early_blight,0.0002884860441554,HIGH,CORRECT
TRACK_A_INTERNAL,Tomato,tomato,tomato_plantvillage,D:\CropDiseaseProject\tomato_plantvillage\Tomato___Late_blight\e60c6680-9c50-4063-9eb9-6e77980afcfa___RS_Late.B 5343.JPG,Tomato___Late_blight,2,Tomato___Late_blight,2,True,0.9443206191062928,0.9443206191062928,Tomato___Target_Spot,0.0470202900469303,Tomato___Early_blight,0.0066454173065721,HIGH,CORRECT
TRACK_A_INTERNAL,Tomato,tomato,tomato_plantvillage,D:\CropDiseaseProject\tomato_plantvillage\Tomato___Late_blight\5a701380-2b9d-4dc4-9376-56ff0361a1dd___GHLB2 Leaf 8871.JPG,Tomato___Late_blight,2,Tomato___Late_blight,2,True,0.676681637763977,0.676681637763977,Tomato___Septoria_leaf_spot,0.1866378188133239,Tomato___Early_blight,0.050322588533163,HIGH,CORRECT
TRACK_A_INTERNAL,Tomato,tomato,tomato_plantvillage,D:\CropDiseaseProject\tomato_plantvillage\Tomato___Late_blight\8072e43a-7636-4c22-8641-672077964083___RS_Late.B 6464.JPG,Tomato___Late_blight,2,Tomato___Late_blight,2,True,0.8684194684028625,0.8684194684028625,Tomato___Early_blight,0.1221261993050575,Tomato___Septoria_leaf_spot,0.0084511656314134,HIGH,CORRECT
TRACK_A_INTERNAL,Tomato,tomato,tomato_plantvillage,D:\CropDiseaseProject\tomato_plantvillage\Tomato___Late_blight\9c27b4ce-ee62-4251-b5c8-93b499d73811___RS_Late.B 6723.JPG,Tomato___Late_blight,2,Tomato___Late_blight,2,True,0.9975730776786804,0.9975730776786804,Tomato___Early_blight,0.001648926292546,Tomato___Target_Spot,0.0006803310825489,HIGH,CORRECT
TRACK_A_INTERNAL,Tomato,tomato,tomato_plantvillage,D:\CropDiseaseProject\tomato_plantvillage\Tomato___Late_blight\729bd3cf-64cc-40d3-9cec-5f52e3c3aeb3___RS_Late.B 5630.JPG,Tomato___Late_blight,2,Tomato___Late_blight,2,True,0.8324657082557678,0.8324657082557678,Tomato___Early_blight,0.1571065932512283,Tomato___Septoria_leaf_spot,0.0100189736112952,HIGH,CORRECT
TRACK_A_INTERNAL,Tomato,tomato,tomato_plantvillage,D:\CropDiseaseProject\tomato_plantvillage\Tomato___Late_blight\3fcbbb8e-c7dc-4921-b8b6-bc118b877a82___RS_Late.B 5059.JPG,Tomato___Late_blight,2,Tomato___Late_blight,2,True,0.9840742349624634,0.9840742349624634,Tomato___Leaf_Mold,0.0133476024493575,Tomato___Spider_mites Two-spotted_spider_mite,0.0013355058617889,HIGH,CORRECT
TRACK_A_INTERNAL,Tomato,tomato,tomato_plantvillage,D:\CropDiseaseProject\tomato_plantvillage\Tomato___Late_blight\4c42cb8f-e57f-48a5-bff2-8a8629d7505b___RS_Late.B 6869.JPG,Tomato___Late_blight,2,Tomato___Early_blight,1,False,0.6078525185585022,0.3510740995407104,Tomato___Late_blight,0.3510740995407104,Tomato___Spider_mites Two-spotted_spider_mite,0.0165971722453832,HIGH,MISCLASSIFICATION
TRACK_A_INTERNAL,Tomato,tomato,tomato_plantvillage,D:\CropDiseaseProject\tomato_plantvillage\Tomato___Late_blight\345e34f9-1a77-4d5f-bd62-aa41f648e41d___GHLB2 Leaf 8930.JPG,Tomato___Late_blight,2,Tomato___Late_blight,2,True,0.9734001755714417,0.9734001755714417,Tomato___Bacterial_spot,0.0233252719044685,Tomato___Early_blight,0.0022621925454586,HIGH,CORRECT
TRACK_A_INTERNAL,Tomato,tomato,tomato_plantvillage,D:\CropDiseaseProject\tomato_plantvillage\Tomato___Late_blight\a58d9924-0f70-44f3-ac76-1c2d7fc238e1___RS_Late.B 5086.JPG,Tomato___Late_blight,2,Tomato___Late_blight,2,True,0.3215518891811371,0.3215518891811371,Tomato___Early_blight,0.2892930805683136,Tomato___Target_Spot,0.2672103345394134,HIGH,CORRECT
TRACK_A_INTERNAL,Tomato,tomato,tomato_plantvillage,D:\CropDiseaseProject\tomato_plantvillage\Tomato___Late_blight\4f47d31b-0890-49a7-ab33-8b5865cb8843___GHLB2 Leaf 80.JPG,Tomato___Late_blight,2,Tomato___Late_blight,2,True,0.9999983310699464,0.9999983310699464,Tomato___Bacterial_spot,1.1204629117855802e-06,Tomato___Early_blight,5.720385161112063e-07,HIGH,CORRECT
TRACK_A_INTERNAL,Tomato,tomato,tomato_plantvillage,D:\CropDiseaseProject\tomato_plantvillage\Tomato___Late_blight\023315df-8824-4760-9480-4dca3a023931___GHLB2 Leaf 8719.JPG,Tomato___Late_blight,2,Tomato___Late_blight,2,True,0.9643011689186096,0.9643011689186096,Tomato___Spider_mites Two-spotted_spider_mite,0.0224670879542827,Tomato___Bacterial_spot,0.0091051338240504,HIGH,CORRECT
TRACK_A_INTERNAL,Tomato,tomato,tomato_plantvillage,D:\CropDiseaseProject\tomato_plantvillage\Tomato___Late_blight\11b2caf9-a56c-4d3e-bea4-a5d00affd161___RS_Late.B 6140.JPG,Tomato___Late_blight,2,Tomato___Late_blight,2,True,0.3392350971698761,0.3392350971698761,Tomato___Early_blight,0.3278925120830536,Tomato___Target_Spot,0.2694756090641022,HIGH,CORRECT
TRACK_A_INTERNAL,Tomato,tomato,tomato_plantvillage,D:\CropDiseaseProject\tomato_plantvillage\Tomato___Late_blight\f91c4442-ad78-4785-b1a4-239b45b56ca1___GHLB2 Leaf 110.1.JPG,Tomato___Late_blight,2,Tomato___Late_blight,2,True,0.9944732785224916,0.9944732785224916,Tomato___Early_blight,0.0026409965939819,Tomato___Bacterial_spot,0.0018137856386601,HIGH,CORRECT
TRACK_A_INTERNAL,Tomato,tomato,tomato_plantvillage,D:\CropDiseaseProject\tomato_plantvillage\Tomato___Late_blight\9751ae34-d376-465d-9fce-ddb75caf98d2___GHLB2 Leaf 8781.JPG,Tomato___Late_blight,2,Tomato___Late_blight,2,True,0.9984554052352904,0.9984554052352904,Tomato___Early_blight,0.0012859421549364,Tomato___Bacterial_spot,0.0001085913172573,HIGH,CORRECT
TRACK_A_INTERNAL,Tomato,tomato,tomato_plantvillage,D:\CropDiseaseProject\tomato_plantvillage\Tomato___Late_blight\e2f784ec-10de-4556-8dea-47c9d2c4e791___GHLB2 Leaf 147.2.JPG,Tomato___Late_blight,2,Tomato___Late_blight,2,True,0.9979808926582336,0.9979808926582336,Tomato___Early_blight,0.0018036121036857,Tomato___Target_Spot,9.975562716135757e-05,HIGH,CORRECT
TRACK_A_INTERNAL,Tomato,tomato,tomato_plantvillage,D:\CropDiseaseProject\tomato_plantvillage\Tomato___Late_blight\1eacb98a-d88b-4e86-bbb8-19ec6a4e6c67___GHLB2 Leaf 148.2.JPG,Tomato___Late_blight,2,Tomato___Late_blight,2,True,0.99997079372406,0.99997079372406,Tomato___Early_blight,2.442362892907113e-05,Tomato___Target_Spot,1.3401429441728396e-06,HIGH,CORRECT
TRACK_A_INTERNAL,Tomato,tomato,tomato_plantvillage,D:\CropDiseaseProject\tomato_plantvillage\Tomato___Late_blight\d26fdac6-4355-4875-8c27-ebb1eaa50a8d___RS_Late.B 5119.JPG,Tomato___Late_blight,2,Tomato___Late_blight,2,True,0.99998140335083,0.99998140335083,Tomato___Leaf_Mold,1.8265538528794423e-05,Tomato___Early_blight,2.849025122486637e-07,HIGH,CORRECT
TRACK_A_INTERNAL,Tomato,tomato,tomato_plantvillage,D:\CropDiseaseProject\tomato_plantvillage\Tomato___Late_blight\a5ef7726-d20f-4109-985f-7fc8989e4aa5___GHLB_PS Leaf 2.2 Day 8.jpg,Tomato___Late_blight,2,Tomato___Late_blight,2,True,0.999996781349182,0.999996781349182,Tomato___Tomato_Yellow_Leaf_Curl_Virus,1.6015233086363878e-06,Tomato___Early_blight,1.3957563851363377e-06,HIGH,CORRECT
TRACK_A_INTERNAL,Tomato,tomato,tomato_plantvillage,D:\CropDiseaseProject\tomato_plantvillage\Tomato___Late_blight\34bd18fa-d898-40d4-83ed-665caabed7d0___RS_Late.B 5113.JPG,Tomato___Late_blight,2,Tomato___Late_blight,2,True,0.9562228918075562,0.9562228918075562,Tomato___Early_blight,0.0251992233097553,Tomato___Target_Spot,0.0143419476225972,HIGH,CORRECT
TRACK_A_INTERNAL,Tomato,tomato,tomato_plantvillage,D:\CropDiseaseProject\tomato_plantvillage\Tomato___Late_blight\26fa9fb7-10fa-496c-9433-e4053ff456da___RS_Late.B 4867.JPG,Tomato___Late_blight,2,Tomato___Leaf_Mold,3,False,0.4438726007938385,0.3103817105293274,Tomato___Late_blight,0.3103817105293274,Tomato___Early_blight,0.1174654960632324,HIGH,MISCLASSIFICATION
TRACK_A_INTERNAL,Tomato,tomato,tomato_plantvillage,D:\CropDiseaseProject\tomato_plantvillage\Tomato___Late_blight\64a054b2-4375-48ff-aca3-f823d64d831e___RS_Late.B 7123.JPG,Tomato___Late_blight,2,Tomato___Late_blight,2,True,0.577437698841095,0.577437698841095,Tomato___Septoria_leaf_spot,0.2023748010396957,Tomato___Target_Spot,0.1816846281290054,HIGH,CORRECT
TRACK_A_INTERNAL,Tomato,tomato,tomato_plantvillage,D:\CropDiseaseProject\tomato_plantvillage\Tomato___Late_blight\2850266c-aca2-4114-807f-a5b90ad012e5___GHLB Leaf 9 Day 6.JPG,Tomato___Late_blight,2,Tomato___Late_blight,2,True,0.8512178659439087,0.8512178659439087,Tomato___Bacterial_spot,0.1463155746459961,Tomato___Early_blight,0.0018571455730125,HIGH,CORRECT
TRACK_A_INTERNAL,Tomato,tomato,tomato_plantvillage,D:\CropDiseaseProject\tomato_plantvillage\Tomato___Late_blight\3d89871d-557a-414e-b726-8f4ba18d30e4___GHLB2 Leaf 8922.JPG,Tomato___Late_blight,2,Tomato___Late_blight,2,True,0.9642847180366516,0.9642847180366516,Tomato___Leaf_Mold,0.0293324850499629,Tomato___Bacterial_spot,0.0058810948394238,HIGH,CORRECT
TRACK_A_INTERNAL,Tomato,tomato,tomato_plantvillage,D:\CropDiseaseProject\tomato_plantvillage\Tomato___Late_blight\e58ca54a-9a89-4a92-9869-dc3273e769d9___GHLB2 Leaf 113.2.JPG,Tomato___Late_blight,2,Tomato___Late_blight,2,True,0.9991015195846558,0.9991015195846558,Tomato___Early_blight,0.0005026105209253,Tomato___Bacterial_spot,0.0003812420764006,HIGH,CORRECT
TRACK_A_INTERNAL,Tomato,tomato,tomato_plantvillage,D:\CropDiseaseProject\tomato_plantvillage\Tomato___Late_blight\6c0403af-46da-424a-bb2e-98610e1b11b1___GHLB_PS Leaf 38 Day 16.jpg,Tomato___Late_blight,2,Tomato___Late_blight,2,True,0.9999895095825196,0.9999895095825196,Tomato___Early_blight,9.806128218770027e-06,Tomato___Bacterial_spot,2.3548231808945277e-07,HIGH,CORRECT
TRACK_A_INTERNAL,Tomato,tomato,tomato_plantvillage,D:\CropDiseaseProject\tomato_plantvillage\Tomato___Late_blight\5a7059b0-82e8-441e-8d8a-02521d0fa602___GHLB2 Leaf 9058.JPG,Tomato___Late_blight,2,Tomato___Late_blight,2,True,0.9738467931747437,0.9738467931747437,Tomato___healthy,0.0128469876945018,Tomato___Septoria_leaf_spot,0.0056923804804682,HIGH,CORRECT
TRACK_A_INTERNAL,Tomato,tomato,tomato_plantvillage,D:\CropDiseaseProject\tomato_plantvillage\Tomato___Late_blight\2798c7ea-850e-49a7-b304-3114c60c6baf___RS_Late.B 7141.JPG,Tomato___Late_blight,2,Tomato___Late_blight,2,True,0.98977929353714,0.98977929353714,Tomato___Early_blight,0.0053156502544879,Tomato___Septoria_leaf_spot,0.0028165401890873,HIGH,CORRECT
TRACK_A_INTERNAL,Tomato,tomato,tomato_plantvillage,D:\CropDiseaseProject\tomato_plantvillage\Tomato___Late_blight\7a08fe4d-cb32-4a4e-861e-249e582fb8c8___GHLB2 Leaf 8820.JPG,Tomato___Late_blight,2,Tomato___Late_blight,2,True,0.914691150188446,0.914691150188446,Tomato___Septoria_leaf_spot,0.0430699847638607,Tomato___Bacterial_spot,0.0346476212143898,HIGH,CORRECT
TRACK_A_INTERNAL,Tomato,tomato,tomato_plantvillage,D:\CropDiseaseProject\tomato_plantvillage\Tomato___Late_blight\9bb49d22-976d-40c3-bc9a-bff5cbbd8e28___RS_Late.B 5057.JPG,Tomato___Late_blight,2,Tomato___Late_blight,2,True,0.990111768245697,0.990111768245697,Tomato___Leaf_Mold,0.0097152860835194,Tomato___Spider_mites Two-spotted_spider_mite,0.000150235457113,HIGH,CORRECT
TRACK_A_INTERNAL,Tomato,tomato,tomato_plantvillage,D:\CropDiseaseProject\tomato_plantvillage\Tomato___Leaf_Mold\1c03ffcb-9476-453c-96be-5bd1f629b2d1___Crnl_L.Mold 8853.JPG,Tomato___Leaf_Mold,3,Tomato___Leaf_Mold,3,True,0.920951247215271,0.920951247215271,Tomato___Target_Spot,0.0515005849301815,Tomato___Late_blight,0.0144570777192711,HIGH,CORRECT
TRACK_A_INTERNAL,Tomato,tomato,tomato_plantvillage,D:\CropDiseaseProject\tomato_plantvillage\Tomato___Leaf_Mold\731cf3e6-e1a9-4258-9679-d7502ad51914___Crnl_L.Mold 7127.JPG,Tomato___Leaf_Mold,3,Tomato___Leaf_Mold,3,True,0.9902127385139464,0.9902127385139464,Tomato___Late_blight,0.0077085266821086,Tomato___Tomato_Yellow_Leaf_Curl_Virus,0.0019853957928717,HIGH,CORRECT
TRACK_A_INTERNAL,Tomato,tomato,tomato_plantvillage,D:\CropDiseaseProject\tomato_plantvillage\Tomato___Leaf_Mold\9088e27c-b60b-476c-a924-929058038fa1___Crnl_L.Mold 7167.JPG,Tomato___Leaf_Mold,3,Tomato___Leaf_Mold,3,True,0.9921557307243348,0.9921557307243348,Tomato___Late_blight,0.0070771491155028,Tomato___Tomato_Yellow_Leaf_Curl_Virus,0.0004718463751487,HIGH,CORRECT
TRACK_A_INTERNAL,Tomato,tomato,tomato_plantvillage,D:\CropDiseaseProject\tomato_plantvillage\Tomato___Leaf_Mold\866d57df-74c8-4546-9f82-d03b3c554556___Crnl_L.Mold 8981.JPG,Tomato___Leaf_Mold,3,Tomato___Leaf_Mold,3,True,0.9294408559799194,0.9294408559799194,Tomato___Bacterial_spot,0.0694231167435646,Tomato___Septoria_leaf_spot,0.0003207938862033,HIGH,CORRECT
TRACK_A_INTERNAL,Tomato,tomato,tomato_plantvillage,D:\CropDiseaseProject\tomato_plantvillage\Tomato___Leaf_Mold\790cfb1d-4926-46bb-bd50-b750e823c72a___Crnl_L.Mold 7130.JPG,Tomato___Leaf_Mold,3,Tomato___Leaf_Mold,3,True,0.9989616870880128,0.9989616870880128,Tomato___Late_blight,0.0009302199468947,Tomato___Bacterial_spot,5.354490713216365e-05,HIGH,CORRECT
TRACK_A_INTERNAL,Tomato,tomato,tomato_plantvillage,D:\CropDiseaseProject\tomato_plantvillage\Tomato___Leaf_Mold\41a6e837-7822-447c-b887-3be149d58322___Crnl_L.Mold 7100.JPG,Tomato___Leaf_Mold,3,Tomato___Leaf_Mold,3,True,0.9999998807907104,0.9999998807907104,Tomato___Tomato_Yellow_Leaf_Curl_Virus,6.264636454034189e-08,Tomato___Late_blight,1.6498059807190657e-08,HIGH,CORRECT
TRACK_A_INTERNAL,Tomato,tomato,tomato_plantvillage,D:\CropDiseaseProject\tomato_plantvillage\Tomato___Leaf_Mold\b26fc8e6-5d9f-4b96-b02b-f048c4b9e05a___Crnl_L.Mold 6735.JPG,Tomato___Leaf_Mold,3,Tomato___Leaf_Mold,3,True,0.7330126166343689,0.7330126166343689,Tomato___Spider_mites Two-spotted_spider_mite,0.2541730999946594,Tomato___Target_Spot,0.0090384585782885,HIGH,CORRECT
TRACK_A_INTERNAL,Tomato,tomato,tomato_plantvillage,D:\CropDiseaseProject\tomato_plantvillage\Tomato___Leaf_Mold\bccf2fe9-b834-47bf-b0c3-ecdc41c56614___Crnl_L.Mold 6523.JPG,Tomato___Leaf_Mold,3,Tomato___Leaf_Mold,3,True,0.7391687631607056,0.7391687631607056,Tomato___Target_Spot,0.0981627479195594,Tomato___Spider_mites Two-spotted_spider_mite,0.0862577632069587,HIGH,CORRECT
TRACK_A_INTERNAL,Tomato,tomato,tomato_plantvillage,D:\CropDiseaseProject\tomato_plantvillage\Tomato___Leaf_Mold\4b6a59ef-a004-4581-a2c4-d8f94893817e___Crnl_L.Mold 6541.JPG,Tomato___Leaf_Mold,3,Tomato___Leaf_Mold,3,True,0.7589209079742432,0.7589209079742432,Tomato___Late_blight,0.0765096768736839,Tomato___Early_blight,0.048907782882452,HIGH,CORRECT
TRACK_A_INTERNAL,Tomato,tomato,tomato_plantvillage,D:\CropDiseaseProject\tomato_plantvillage\Tomato___Leaf_Mold\9857cf56-43fc-40a6-8108-e6a9c10a8ef2___Crnl_L.Mold 9141.JPG,Tomato___Leaf_Mold,3,Tomato___Leaf_Mold,3,True,0.974364161491394,0.974364161491394,Tomato___Early_blight,0.021467862650752,Tomato___Bacterial_spot,0.0037360438145697,HIGH,CORRECT
TRACK_A_INTERNAL,Tomato,tomato,tomato_plantvillage,D:\CropDiseaseProject\tomato_plantvillage\Tomato___Leaf_Mold\b9beb5ed-0e80-4a9f-bcec-0be7abc6904d___Crnl_L.Mold 7152.JPG,Tomato___Leaf_Mold,3,Tomato___Leaf_Mold,3,True,0.9631521105766296,0.9631521105766296,Tomato___Late_blight,0.0182610228657722,Tomato___Early_blight,0.0077738845720887,HIGH,CORRECT
TRACK_A_INTERNAL,Tomato,tomato,tomato_plantvillage,D:\CropDiseaseProject\tomato_plantvillage\Tomato___Leaf_Mold\ae6c81b2-412e-417e-8448-e18214edc049___Crnl_L.Mold 6895.JPG,Tomato___Leaf_Mold,3,Tomato___Leaf_Mold,3,True,0.796615719795227,0.796615719795227,Tomato___Tomato_Yellow_Leaf_Curl_Virus,0.1493504345417022,Tomato___Late_blight,0.0459128692746162,HIGH,CORRECT
TRACK_A_INTERNAL,Tomato,tomato,tomato_plantvillage,D:\CropDiseaseProject\tomato_plantvillage\Tomato___Leaf_Mold\18488cdf-a5d7-43ff-8dfe-8250e1a04820___Crnl_L.Mold 6939.JPG,Tomato___Leaf_Mold,3,Tomato___Leaf_Mold,3,True,0.999588668346405,0.999588668346405,Tomato___Late_blight,0.0003338514652568,Tomato___Spider_mites Two-spotted_spider_mite,4.322193854022771e-05,HIGH,CORRECT
TRACK_A_INTERNAL,Tomato,tomato,tomato_plantvillage,D:\CropDiseaseProject\tomato_plantvillage\Tomato___Leaf_Mold\df78e8cb-8fc5-4682-ab5c-f265b4e8d97e___Crnl_L.Mold 8619.JPG,Tomato___Leaf_Mold,3,Tomato___Early_blight,1,False,0.5599876046180725,0.0372539758682251,Tomato___Target_Spot,0.1885087937116623,Tomato___Spider_mites Two-spotted_spider_mite,0.1553488820791244,HIGH,MISCLASSIFICATION
TRACK_A_INTERNAL,Tomato,tomato,tomato_plantvillage,D:\CropDiseaseProject\tomato_plantvillage\Tomato___Leaf_Mold\8bc3ccca-a312-4d14-a412-4c1726cdace9___Crnl_L.Mold 8802.JPG,Tomato___Leaf_Mold,3,Tomato___Leaf_Mold,3,True,0.8204516768455505,0.8204516768455505,Tomato___Septoria_leaf_spot,0.0815210416913032,Tomato___Tomato_mosaic_virus,0.0632476210594177,HIGH,CORRECT
TRACK_A_INTERNAL,Tomato,tomato,tomato_plantvillage,D:\CropDiseaseProject\tomato_plantvillage\Tomato___Leaf_Mold\06885d98-1412-4073-8800-9da44c3935c6___Crnl_L.Mold 6794.JPG,Tomato___Leaf_Mold,3,Tomato___Leaf_Mold,3,True,0.943903148174286,0.943903148174286,Tomato___Early_blight,0.0305877681821584,Tomato___Septoria_leaf_spot,0.0226560086011886,HIGH,CORRECT
TRACK_A_INTERNAL,Tomato,tomato,tomato_plantvillage,D:\CropDiseaseProject\tomato_plantvillage\Tomato___Leaf_Mold\974bc246-0ab0-4a54-95c8-dd0b557f676b___Crnl_L.Mold 7059.JPG,Tomato___Leaf_Mold,3,Tomato___Early_blight,1,False,0.4492882192134857,0.3031070828437805,Tomato___Leaf_Mold,0.3031070828437805,Tomato___Late_blight,0.2248032391071319,HIGH,MISCLASSIFICATION
TRACK_A_INTERNAL,Tomato,tomato,tomato_plantvillage,D:\CropDiseaseProject\tomato_plantvillage\Tomato___Leaf_Mold\cd0904a9-a70f-487c-bcc3-18b26a574837___Crnl_L.Mold 8803.JPG,Tomato___Leaf_Mold,3,Tomato___Leaf_Mold,3,True,0.9891335368156432,0.9891335368156432,Tomato___Late_blight,0.0075543862767517,Tomato___Septoria_leaf_spot,0.0018790058093145,HIGH,CORRECT
TRACK_A_INTERNAL,Tomato,tomato,tomato_plantvillage,D:\CropDiseaseProject\tomato_plantvillage\Tomato___Leaf_Mold\c3bd29d2-8770-4897-8554-ccba8fcc387e___Crnl_L.Mold 7154.JPG,Tomato___Leaf_Mold,3,Tomato___Leaf_Mold,3,True,0.999909520149231,0.999909520149231,Tomato___Tomato_mosaic_virus,6.148489046609029e-05,Tomato___Late_blight,1.5031568182166666e-05,HIGH,CORRECT
TRACK_A_INTERNAL,Tomato,tomato,tomato_plantvillage,D:\CropDiseaseProject\tomato_plantvillage\Tomato___Leaf_Mold\625e4181-9290-45e1-986c-1c168d912a6d___Crnl_L.Mold 9017.JPG,Tomato___Leaf_Mold,3,Tomato___Leaf_Mold,3,True,0.6140937805175781,0.6140937805175781,Tomato___Late_blight,0.2438729852437973,Tomato___Early_blight,0.1159463822841644,HIGH,CORRECT
TRACK_A_INTERNAL,Tomato,tomato,tomato_plantvillage,D:\CropDiseaseProject\tomato_plantvillage\Tomato___Leaf_Mold\1b35b99c-c7c0-4f2c-975e-148e4b6e18b3___Crnl_L.Mold 8820.JPG,Tomato___Leaf_Mold,3,Tomato___Target_Spot,6,False,0.2575120031833648,0.1725292950868606,Tomato___Bacterial_spot,0.1906426101922989,Tomato___Early_blight,0.18347929418087,HIGH,MISCLASSIFICATION
TRACK_A_INTERNAL,Tomato,tomato,tomato_plantvillage,D:\CropDiseaseProject\tomato_plantvillage\Tomato___Leaf_Mold\32e7769c-b63c-413a-a623-deebcdb2ec82___Crnl_L.Mold 8757.JPG,Tomato___Leaf_Mold,3,Tomato___Leaf_Mold,3,True,0.9788975715637208,0.9788975715637208,Tomato___Tomato_Yellow_Leaf_Curl_Virus,0.0108862426131963,Tomato___Late_blight,0.0045336578041315,HIGH,CORRECT
TRACK_A_INTERNAL,Tomato,tomato,tomato_plantvillage,D:\CropDiseaseProject\tomato_plantvillage\Tomato___Leaf_Mold\d633dfc9-74f2-4fbc-b540-3b87a53807d0___Crnl_L.Mold 9106.JPG,Tomato___Leaf_Mold,3,Tomato___Leaf_Mold,3,True,0.9941067695617676,0.9941067695617676,Tomato___Late_blight,0.0024695941247045,Tomato___Spider_mites Two-spotted_spider_mite,0.002467502374202,HIGH,CORRECT
TRACK_A_INTERNAL,Tomato,tomato,tomato_plantvillage,D:\CropDiseaseProject\tomato_plantvillage\Tomato___Leaf_Mold\a6bf45f7-1928-4a3a-98cc-74c4b948cb4d___Crnl_L.Mold 8834.JPG,Tomato___Leaf_Mold,3,Tomato___Leaf_Mold,3,True,0.4771474003791809,0.4771474003791809,Tomato___Late_blight,0.2470322400331497,Tomato___Target_Spot,0.1221756488084793,HIGH,CORRECT
TRACK_A_INTERNAL,Tomato,tomato,tomato_plantvillage,D:\CropDiseaseProject\tomato_plantvillage\Tomato___Leaf_Mold\38393031-c7ba-4221-b435-69047e14bff5___Crnl_L.Mold 8776.JPG,Tomato___Leaf_Mold,3,Tomato___Leaf_Mold,3,True,0.8129134178161621,0.8129134178161621,Tomato___Late_blight,0.182735338807106,Tomato___Septoria_leaf_spot,0.0030623532366007,HIGH,CORRECT
TRACK_A_INTERNAL,Tomato,tomato,tomato_plantvillage,D:\CropDiseaseProject\tomato_plantvillage\Tomato___Leaf_Mold\167ce5ce-ef32-4544-a7aa-d05d315ef61a___Crnl_L.Mold 9113.JPG,Tomato___Leaf_Mold,3,Tomato___Leaf_Mold,3,True,0.7555575370788574,0.7555575370788574,Tomato___Late_blight,0.2424326241016388,Tomato___Early_blight,0.0018553992267698,HIGH,CORRECT
TRACK_A_INTERNAL,Tomato,tomato,tomato_plantvillage,D:\CropDiseaseProject\tomato_plantvillage\Tomato___Leaf_Mold\4fbc277e-5998-48c1-922d-c3f2e070f9d6___Crnl_L.Mold 6593.JPG,Tomato___Leaf_Mold,3,Tomato___Spider_mites Two-spotted_spider_mite,5,False,0.4909020066261291,0.1191158294677734,Tomato___Target_Spot,0.2880050241947174,Tomato___Leaf_Mold,0.1191158294677734,HIGH,MISCLASSIFICATION
TRACK_A_INTERNAL,Tomato,tomato,tomato_plantvillage,D:\CropDiseaseProject\tomato_plantvillage\Tomato___Leaf_Mold\7922fafa-294f-4a34-999a-040d1a1a1d44___Crnl_L.Mold 6771.JPG,Tomato___Leaf_Mold,3,Tomato___Target_Spot,6,False,0.3574177026748657,0.2073061168193817,Tomato___Leaf_Mold,0.2073061168193817,Tomato___Bacterial_spot,0.2044138312339782,HIGH,MISCLASSIFICATION
TRACK_A_INTERNAL,Tomato,tomato,tomato_plantvillage,D:\CropDiseaseProject\tomato_plantvillage\Tomato___Leaf_Mold\8fcfbfee-f57a-49f7-9f68-19b4b1d5ca98___Crnl_L.Mold 6498.JPG,Tomato___Leaf_Mold,3,Tomato___Spider_mites Two-spotted_spider_mite,5,False,0.9201911687850952,0.0475607700645923,Tomato___Leaf_Mold,0.0475607700645923,Tomato___Target_Spot,0.0165748316794633,HIGH,MISCLASSIFICATION
TRACK_A_INTERNAL,Tomato,tomato,tomato_plantvillage,D:\CropDiseaseProject\tomato_plantvillage\Tomato___Leaf_Mold\8b30edb3-09a7-4419-a06a-9dddb5194a38___Crnl_L.Mold 8847.JPG,Tomato___Leaf_Mold,3,Tomato___Leaf_Mold,3,True,0.910302996635437,0.910302996635437,Tomato___Septoria_leaf_spot,0.0437865443527698,Tomato___Tomato_mosaic_virus,0.0164762809872627,HIGH,CORRECT
TRACK_A_INTERNAL,Tomato,tomato,tomato_plantvillage,D:\CropDiseaseProject\tomato_plantvillage\Tomato___Septoria_leaf_spot\fb69b46d-32bd-4d11-a60f-7eec788523c2___Matt.S_CG 6278.JPG,Tomato___Septoria_leaf_spot,4,Tomato___Septoria_leaf_spot,4,True,0.9728083610534668,0.9728083610534668,Tomato___Bacterial_spot,0.0269615724682807,Tomato___Early_blight,0.0002272662386531,HIGH,CORRECT
TRACK_A_INTERNAL,Tomato,tomato,tomato_plantvillage,D:\CropDiseaseProject\tomato_plantvillage\Tomato___Septoria_leaf_spot\788de778-60e8-42ba-88ad-36440bdd5fa7___Matt.S_CG 6057.JPG,Tomato___Septoria_leaf_spot,4,Tomato___Septoria_leaf_spot,4,True,0.6264384984970093,0.6264384984970093,Tomato___Early_blight,0.2038098275661468,Tomato___Late_blight,0.1336538195610046,HIGH,CORRECT
TRACK_A_INTERNAL,Tomato,tomato,tomato_plantvillage,D:\CropDiseaseProject\tomato_plantvillage\Tomato___Septoria_leaf_spot\a05152d0-46be-4016-b398-8c3edd794070___Matt.S_CG 6848.JPG,Tomato___Septoria_leaf_spot,4,Tomato___Septoria_leaf_spot,4,True,0.9249532222747804,0.9249532222747804,Tomato___Early_blight,0.0319914333522319,Tomato___Bacterial_spot,0.0244535077363252,HIGH,CORRECT
TRACK_A_INTERNAL,Tomato,tomato,tomato_plantvillage,D:\CropDiseaseProject\tomato_plantvillage\Tomato___Septoria_leaf_spot\a90aa234-3af2-4fe7-b8eb-415427e16700___Matt.S_CG 2484.JPG,Tomato___Septoria_leaf_spot,4,Tomato___Septoria_leaf_spot,4,True,0.99604332447052,0.99604332447052,Tomato___Early_blight,0.0016803172184154,Tomato___Bacterial_spot,0.0008536032983101,HIGH,CORRECT
TRACK_A_INTERNAL,Tomato,tomato,tomato_plantvillage,D:\CropDiseaseProject\tomato_plantvillage\Tomato___Septoria_leaf_spot\44eb0d62-ff10-4a60-bd2f-fc74300474b3___JR_Sept.L.S 2495.JPG,Tomato___Septoria_leaf_spot,4,Tomato___Septoria_leaf_spot,4,True,0.9545948505401612,0.9545948505401612,Tomato___Bacterial_spot,0.0164138041436672,Tomato___Target_Spot,0.015026681125164,HIGH,CORRECT
TRACK_A_INTERNAL,Tomato,tomato,tomato_plantvillage,D:\CropDiseaseProject\tomato_plantvillage\Tomato___Septoria_leaf_spot\8d9de432-48bb-4a21-9288-6ea97064edb8___Keller.St_CG 1917.JPG,Tomato___Septoria_leaf_spot,4,Tomato___Septoria_leaf_spot,4,True,0.9993422627449036,0.9993422627449036,Tomato___Bacterial_spot,0.0002999907010234,Tomato___Late_blight,0.0001828283275244,HIGH,CORRECT
TRACK_A_INTERNAL,Tomato,tomato,tomato_plantvillage,D:\CropDiseaseProject\tomato_plantvillage\Tomato___Septoria_leaf_spot\7a7c032c-bc58-43c0-9bf7-26be8baf2660___Matt.S_CG 7605.JPG,Tomato___Septoria_leaf_spot,4,Tomato___Septoria_leaf_spot,4,True,0.8166888952255249,0.8166888952255249,Tomato___Target_Spot,0.1146281883120536,Tomato___Early_blight,0.0451370924711227,HIGH,CORRECT
TRACK_A_INTERNAL,Tomato,tomato,tomato_plantvillage,D:\CropDiseaseProject\tomato_plantvillage\Tomato___Septoria_leaf_spot\557ea0dc-f4bd-416f-9faa-e0c894c9d440___Matt.S_CG 7564.JPG,Tomato___Septoria_leaf_spot,4,Tomato___Septoria_leaf_spot,4,True,0.9419907927513124,0.9419907927513124,Tomato___healthy,0.0261784940958023,Tomato___Target_Spot,0.0119248796254396,HIGH,CORRECT
TRACK_A_INTERNAL,Tomato,tomato,tomato_plantvillage,D:\CropDiseaseProject\tomato_plantvillage\Tomato___Septoria_leaf_spot\85d15808-c090-4c65-9994-cb98f581f9a2___Matt.S_CG 2739.JPG,Tomato___Septoria_leaf_spot,4,Tomato___Septoria_leaf_spot,4,True,0.9754611849784852,0.9754611849784852,Tomato___Bacterial_spot,0.0125592276453971,Tomato___Target_Spot,0.0068321279250085,HIGH,CORRECT
TRACK_A_INTERNAL,Tomato,tomato,tomato_plantvillage,D:\CropDiseaseProject\tomato_plantvillage\Tomato___Septoria_leaf_spot\e99379ba-b894-4930-bd39-49298c466fec___Matt.S_CG 7492.JPG,Tomato___Septoria_leaf_spot,4,Tomato___Septoria_leaf_spot,4,True,0.994750678539276,0.994750678539276,Tomato___Early_blight,0.0025038919411599,Tomato___Target_Spot,0.0019491795683279,HIGH,CORRECT
TRACK_A_INTERNAL,Tomato,tomato,tomato_plantvillage,D:\CropDiseaseProject\tomato_plantvillage\Tomato___Septoria_leaf_spot\28ca18e3-f052-4f70-be05-022fc662a641___JR_Sept.L.S 2651.JPG,Tomato___Septoria_leaf_spot,4,Tomato___Septoria_leaf_spot,4,True,0.8515099883079529,0.8515099883079529,Tomato___Early_blight,0.048294972628355,Tomato___Bacterial_spot,0.0421831607818603,HIGH,CORRECT
TRACK_A_INTERNAL,Tomato,tomato,tomato_plantvillage,D:\CropDiseaseProject\tomato_plantvillage\Tomato___Septoria_leaf_spot\772645d9-842a-45e8-b5d0-910e46be059e___Matt.S_CG 7515.JPG,Tomato___Septoria_leaf_spot,4,Tomato___Septoria_leaf_spot,4,True,0.9996563196182252,0.9996563196182252,Tomato___Early_blight,0.0002167586353607,Tomato___Bacterial_spot,8.404008258366957e-05,HIGH,CORRECT
TRACK_A_INTERNAL,Tomato,tomato,tomato_plantvillage,D:\CropDiseaseProject\tomato_plantvillage\Tomato___Septoria_leaf_spot\a654c03b-c0d9-4605-9e21-a91a19ce0466___Matt.S_CG 6135.JPG,Tomato___Septoria_leaf_spot,4,Tomato___Septoria_leaf_spot,4,True,0.9587231278419496,0.9587231278419496,Tomato___Tomato_mosaic_virus,0.031012900173664,Tomato___Early_blight,0.0045790881849825,HIGH,CORRECT
TRACK_A_INTERNAL,Tomato,tomato,tomato_plantvillage,D:\CropDiseaseProject\tomato_plantvillage\Tomato___Septoria_leaf_spot\0b4886e5-a065-44c1-aa19-bd166922d3de___JR_Sept.L.S 8498.JPG,Tomato___Septoria_leaf_spot,4,Tomato___Septoria_leaf_spot,4,True,0.9993640780448914,0.9993640780448914,Tomato___Spider_mites Two-spotted_spider_mite,0.0003070728271268,Tomato___Late_blight,0.0001600772957317,HIGH,CORRECT
TRACK_A_INTERNAL,Tomato,tomato,tomato_plantvillage,D:\CropDiseaseProject\tomato_plantvillage\Tomato___Septoria_leaf_spot\4b0ff251-1da4-4f9c-bf92-46441043c6cf___Keller.St_CG 1951.JPG,Tomato___Septoria_leaf_spot,4,Tomato___Septoria_leaf_spot,4,True,0.8780621290206909,0.8780621290206909,Tomato___Early_blight,0.065601073205471,Tomato___Target_Spot,0.0288488492369651,HIGH,CORRECT
TRACK_A_INTERNAL,Tomato,tomato,tomato_plantvillage,D:\CropDiseaseProject\tomato_plantvillage\Tomato___Septoria_leaf_spot\c949bf08-d9f7-451c-8a98-4eab25bd6236___Matt.S_CG 6272.JPG,Tomato___Septoria_leaf_spot,4,Tomato___Septoria_leaf_spot,4,True,0.999594748020172,0.999594748020172,Tomato___Bacterial_spot,0.0003408253251109,Tomato___Early_blight,6.336926890071481e-05,HIGH,CORRECT
TRACK_A_INTERNAL,Tomato,tomato,tomato_plantvillage,D:\CropDiseaseProject\tomato_plantvillage\Tomato___Septoria_leaf_spot\d47c8ffb-e42f-4bad-a87a-0a902c75bbc9___Matt.S_CG 1255.JPG,Tomato___Septoria_leaf_spot,4,Tomato___Septoria_leaf_spot,4,True,0.7904895544052124,0.7904895544052124,Tomato___Bacterial_spot,0.2074818909168243,Tomato___Tomato_Yellow_Leaf_Curl_Virus,0.0007441214402206,HIGH,CORRECT
TRACK_A_INTERNAL,Tomato,tomato,tomato_plantvillage,D:\CropDiseaseProject\tomato_plantvillage\Tomato___Septoria_leaf_spot\6e585c69-cde5-4a6c-ac40-24951f72e16a___Keller.St_CG 1964.JPG,Tomato___Septoria_leaf_spot,4,Tomato___Septoria_leaf_spot,4,True,0.9794508814811708,0.9794508814811708,Tomato___Early_blight,0.0130162164568901,Tomato___Bacterial_spot,0.0067763905972242,HIGH,CORRECT
TRACK_A_INTERNAL,Tomato,tomato,tomato_plantvillage,D:\CropDiseaseProject\tomato_plantvillage\Tomato___Septoria_leaf_spot\0806cabf-f026-43bd-a508-0e8e5a185341___Matt.S_CG 1266.JPG,Tomato___Septoria_leaf_spot,4,Tomato___Septoria_leaf_spot,4,True,0.9636417031288148,0.9636417031288148,Tomato___Tomato_Yellow_Leaf_Curl_Virus,0.0172343961894512,Tomato___Bacterial_spot,0.0169084686785936,HIGH,CORRECT
TRACK_A_INTERNAL,Tomato,tomato,tomato_plantvillage,D:\CropDiseaseProject\tomato_plantvillage\Tomato___Septoria_leaf_spot\ba0b33b8-1915-4e1b-a979-081d7c6231e2___JR_Sept.L.S 8451.JPG,Tomato___Septoria_leaf_spot,4,Tomato___Septoria_leaf_spot,4,True,0.9798760414123536,0.9798760414123536,Tomato___Late_blight,0.0095070069655776,Tomato___Spider_mites Two-spotted_spider_mite,0.0036831658799201,HIGH,CORRECT
TRACK_A_INTERNAL,Tomato,tomato,tomato_plantvillage,D:\CropDiseaseProject\tomato_plantvillage\Tomato___Septoria_leaf_spot\531f8d45-f21f-4e5e-ad6f-0f4e64440b58___Keller.St_CG 1899.JPG,Tomato___Septoria_leaf_spot,4,Tomato___Septoria_leaf_spot,4,True,0.9246254563331604,0.9246254563331604,Tomato___Late_blight,0.0315894335508346,Tomato___Bacterial_spot,0.0300597604364156,HIGH,CORRECT
TRACK_A_INTERNAL,Tomato,tomato,tomato_plantvillage,D:\CropDiseaseProject\tomato_plantvillage\Tomato___Septoria_leaf_spot\b176a644-d8ac-4bdd-9d6b-e4038ce910ac___Matt.S_CG 6914.JPG,Tomato___Septoria_leaf_spot,4,Tomato___Septoria_leaf_spot,4,True,0.975091516971588,0.975091516971588,Tomato___Bacterial_spot,0.0106881335377693,Tomato___Leaf_Mold,0.0042931260541081,HIGH,CORRECT
TRACK_A_INTERNAL,Tomato,tomato,tomato_plantvillage,D:\CropDiseaseProject\tomato_plantvillage\Tomato___Septoria_leaf_spot\18927674-9831-4c32-83ed-7b194445c824___Matt.S_CG 1602.JPG,Tomato___Septoria_leaf_spot,4,Tomato___Septoria_leaf_spot,4,True,0.9434221386909484,0.9434221386909484,Tomato___Target_Spot,0.0505717433989048,Tomato___healthy,0.0018509053625166,HIGH,CORRECT
TRACK_A_INTERNAL,Tomato,tomato,tomato_plantvillage,D:\CropDiseaseProject\tomato_plantvillage\Tomato___Septoria_leaf_spot\173f882f-3ba1-49d2-ab0d-ca8232baf2a5___Matt.S_CG 6133.JPG,Tomato___Septoria_leaf_spot,4,Tomato___Septoria_leaf_spot,4,True,0.5521189570426941,0.5521189570426941,Tomato___Bacterial_spot,0.4395950138568878,Tomato___Early_blight,0.0057159657590091,HIGH,CORRECT
TRACK_A_INTERNAL,Tomato,tomato,tomato_plantvillage,D:\CropDiseaseProject\tomato_plantvillage\Tomato___Septoria_leaf_spot\8a5a6fa0-17f1-42da-b7ee-406783e8666b___JR_Sept.L.S 8411.JPG,Tomato___Septoria_leaf_spot,4,Tomato___Septoria_leaf_spot,4,True,0.9576789736747742,0.9576789736747742,Tomato___Early_blight,0.0373964756727218,Tomato___Late_blight,0.0015093613183125,HIGH,CORRECT
TRACK_A_INTERNAL,Tomato,tomato,tomato_plantvillage,D:\CropDiseaseProject\tomato_plantvillage\Tomato___Septoria_leaf_spot\aed8e4ba-1ea2-4258-86d1-621bb13dd029___JR_Sept.L.S 2456.JPG,Tomato___Septoria_leaf_spot,4,Tomato___Spider_mites Two-spotted_spider_mite,5,False,0.5912092924118042,0.0370904617011547,Tomato___Leaf_Mold,0.226508691906929,Tomato___Target_Spot,0.0893678441643714,HIGH,MISCLASSIFICATION
TRACK_A_INTERNAL,Tomato,tomato,tomato_plantvillage,D:\CropDiseaseProject\tomato_plantvillage\Tomato___Septoria_leaf_spot\dc98cddf-6178-4199-8e81-d5e3987f67b6___Matt.S_CG 6335.JPG,Tomato___Septoria_leaf_spot,4,Tomato___Septoria_leaf_spot,4,True,0.99683940410614,0.99683940410614,Tomato___Early_blight,0.0026780678890645,Tomato___Bacterial_spot,0.0004810157115571,HIGH,CORRECT
TRACK_A_INTERNAL,Tomato,tomato,tomato_plantvillage,D:\CropDiseaseProject\tomato_plantvillage\Tomato___Septoria_leaf_spot\82de2fc1-0ff9-4711-a89d-35db440d2078___JR_Sept.L.S 8564.JPG,Tomato___Septoria_leaf_spot,4,Tomato___Septoria_leaf_spot,4,True,0.9277805685997008,0.9277805685997008,Tomato___Target_Spot,0.0332186818122863,Tomato___Bacterial_spot,0.03033291362226,HIGH,CORRECT
TRACK_A_INTERNAL,Tomato,tomato,tomato_plantvillage,D:\CropDiseaseProject\tomato_plantvillage\Tomato___Septoria_leaf_spot\f848dd07-4247-4135-a442-91dde43ae49c___Keller.St_CG 2022.JPG,Tomato___Septoria_leaf_spot,4,Tomato___Septoria_leaf_spot,4,True,0.988965392112732,0.988965392112732,Tomato___Bacterial_spot,0.0054007107391953,Tomato___Early_blight,0.0012659957865253,HIGH,CORRECT
TRACK_A_INTERNAL,Tomato,tomato,tomato_plantvillage,D:\CropDiseaseProject\tomato_plantvillage\Tomato___Septoria_leaf_spot\b57b5e78-5d2c-4e9d-9e53-f9becb02e6a7___Keller.St_CG 1842.JPG,Tomato___Septoria_leaf_spot,4,Tomato___Septoria_leaf_spot,4,True,0.8773382902145386,0.8773382902145386,Tomato___Early_blight,0.0707569122314453,Tomato___Bacterial_spot,0.0398407056927681,HIGH,CORRECT
TRACK_A_INTERNAL,Tomato,tomato,tomato_plantvillage,D:\CropDiseaseProject\tomato_plantvillage\Tomato___Spider_mites Two-spotted_spider_mite\d8897927-b800-4192-9669-be4b05195993___Com.G_SpM_FL 1464.JPG,Tomato___Spider_mites Two-spotted_spider_mite,5,Tomato___Target_Spot,6,False,0.6418287754058838,0.2763650417327881,Tomato___Spider_mites Two-spotted_spider_mite,0.2763650417327881,Tomato___healthy,0.0643446370959281,HIGH,MISCLASSIFICATION
TRACK_A_INTERNAL,Tomato,tomato,tomato_plantvillage,D:\CropDiseaseProject\tomato_plantvillage\Tomato___Spider_mites Two-spotted_spider_mite\0b891169-2116-431d-968f-d2a36bb69243___Com.G_SpM_FL 1743.JPG,Tomato___Spider_mites Two-spotted_spider_mite,5,Tomato___Spider_mites Two-spotted_spider_mite,5,True,0.9598184823989868,0.9598184823989868,Tomato___healthy,0.0194950625300407,Tomato___Target_Spot,0.0190600771456956,HIGH,CORRECT
TRACK_A_INTERNAL,Tomato,tomato,tomato_plantvillage,D:\CropDiseaseProject\tomato_plantvillage\Tomato___Spider_mites Two-spotted_spider_mite\4bac1537-cc33-460d-901c-70eb70db38a0___Com.G_SpM_FL 9021.JPG,Tomato___Spider_mites Two-spotted_spider_mite,5,Tomato___Spider_mites Two-spotted_spider_mite,5,True,0.999990940093994,0.999990940093994,Tomato___Target_Spot,4.608506060321815e-06,Tomato___healthy,2.647210294526303e-06,HIGH,CORRECT
TRACK_A_INTERNAL,Tomato,tomato,tomato_plantvillage,D:\CropDiseaseProject\tomato_plantvillage\Tomato___Spider_mites Two-spotted_spider_mite\97b67701-3294-4612-8443-47c8f521ad55___Com.G_SpM_FL 8815.JPG,Tomato___Spider_mites Two-spotted_spider_mite,5,Tomato___Spider_mites Two-spotted_spider_mite,5,True,0.9997329115867616,0.9997329115867616,Tomato___Target_Spot,0.000171912353835,Tomato___healthy,6.973417475819588e-05,HIGH,CORRECT
TRACK_A_INTERNAL,Tomato,tomato,tomato_plantvillage,D:\CropDiseaseProject\tomato_plantvillage\Tomato___Spider_mites Two-spotted_spider_mite\1f3c081d-ddf4-48f7-884b-08b3a5b3ae0a___Com.G_SpM_FL 1307.JPG,Tomato___Spider_mites Two-spotted_spider_mite,5,Tomato___Spider_mites Two-spotted_spider_mite,5,True,0.9921005368232728,0.9921005368232728,Tomato___healthy,0.0038141135592013,Tomato___Target_Spot,0.0032690346706658,HIGH,CORRECT
TRACK_A_INTERNAL,Tomato,tomato,tomato_plantvillage,D:\CropDiseaseProject\tomato_plantvillage\Tomato___Spider_mites Two-spotted_spider_mite\145e34a6-1cd6-4ac0-9091-9fa175effb81___Com.G_SpM_FL 1287.JPG,Tomato___Spider_mites Two-spotted_spider_mite,5,Tomato___Spider_mites Two-spotted_spider_mite,5,True,0.6955523490905762,0.6955523490905762,Tomato___Tomato_Yellow_Leaf_Curl_Virus,0.2890289723873138,Tomato___Target_Spot,0.009172105230391,HIGH,CORRECT
TRACK_A_INTERNAL,Tomato,tomato,tomato_plantvillage,D:\CropDiseaseProject\tomato_plantvillage\Tomato___Spider_mites Two-spotted_spider_mite\bd66c86d-1aa8-47ae-bfa6-8bf8dcd2c146___Com.G_SpM_FL 1167.JPG,Tomato___Spider_mites Two-spotted_spider_mite,5,Tomato___Spider_mites Two-spotted_spider_mite,5,True,0.99941885471344,0.99941885471344,Tomato___Target_Spot,0.0003670924634207,Tomato___healthy,0.0002129293134203,HIGH,CORRECT
TRACK_A_INTERNAL,Tomato,tomato,tomato_plantvillage,D:\CropDiseaseProject\tomato_plantvillage\Tomato___Spider_mites Two-spotted_spider_mite\c095a7b6-3359-4458-9805-ecf15870f375___Com.G_SpM_FL 8709.JPG,Tomato___Spider_mites Two-spotted_spider_mite,5,Tomato___Spider_mites Two-spotted_spider_mite,5,True,0.7741069793701172,0.7741069793701172,Tomato___Target_Spot,0.2243199795484542,Tomato___Early_blight,0.0007213598582893,HIGH,CORRECT
TRACK_A_INTERNAL,Tomato,tomato,tomato_plantvillage,D:\CropDiseaseProject\tomato_plantvillage\Tomato___Spider_mites Two-spotted_spider_mite\b0e2eeab-15c8-487e-9757-450264b8ca0a___Com.G_SpM_FL 8788.JPG,Tomato___Spider_mites Two-spotted_spider_mite,5,Tomato___Spider_mites Two-spotted_spider_mite,5,True,0.9862187504768372,0.9862187504768372,Tomato___healthy,0.0100863287225365,Tomato___Target_Spot,0.0036646644584834,HIGH,CORRECT
TRACK_A_INTERNAL,Tomato,tomato,tomato_plantvillage,D:\CropDiseaseProject\tomato_plantvillage\Tomato___Spider_mites Two-spotted_spider_mite\4d142800-be82-4dfb-a550-6fa08fb19984___Com.G_SpM_FL 1306.JPG,Tomato___Spider_mites Two-spotted_spider_mite,5,Tomato___Spider_mites Two-spotted_spider_mite,5,True,0.913771629333496,0.913771629333496,Tomato___Target_Spot,0.0407341197133064,Tomato___healthy,0.0391383878886699,HIGH,CORRECT
TRACK_A_INTERNAL,Tomato,tomato,tomato_plantvillage,D:\CropDiseaseProject\tomato_plantvillage\Tomato___Spider_mites Two-spotted_spider_mite\55b18d73-1233-4dc9-891a-a74a2995497b___Com.G_SpM_FL 8560.JPG,Tomato___Spider_mites Two-spotted_spider_mite,5,Tomato___Spider_mites Two-spotted_spider_mite,5,True,0.974898874759674,0.974898874759674,Tomato___Target_Spot,0.019672691822052,Tomato___Early_blight,0.0045772925950586,HIGH,CORRECT
TRACK_A_INTERNAL,Tomato,tomato,tomato_plantvillage,D:\CropDiseaseProject\tomato_plantvillage\Tomato___Spider_mites Two-spotted_spider_mite\fbba5b32-e839-4253-927c-091963977c55___Com.G_SpM_FL 8930.JPG,Tomato___Spider_mites Two-spotted_spider_mite,5,Tomato___Spider_mites Two-spotted_spider_mite,5,True,0.9998509883880616,0.9998509883880616,Tomato___Target_Spot,0.0001207673194585,Tomato___Leaf_Mold,2.516033782740124e-05,HIGH,CORRECT
TRACK_A_INTERNAL,Tomato,tomato,tomato_plantvillage,D:\CropDiseaseProject\tomato_plantvillage\Tomato___Spider_mites Two-spotted_spider_mite\b9323ad5-caaf-4c56-8cd8-1a638c11f79d___Com.G_SpM_FL 8594.JPG,Tomato___Spider_mites Two-spotted_spider_mite,5,Tomato___Spider_mites Two-spotted_spider_mite,5,True,0.9880366325378418,0.9880366325378418,Tomato___Target_Spot,0.0117217171937227,Tomato___Early_blight,0.0001073571766028,HIGH,CORRECT
TRACK_A_INTERNAL,Tomato,tomato,tomato_plantvillage,D:\CropDiseaseProject\tomato_plantvillage\Tomato___Spider_mites Two-spotted_spider_mite\c01aec9e-5d62-456d-94da-d729dc6df038___Com.G_SpM_FL 1705.JPG,Tomato___Spider_mites Two-spotted_spider_mite,5,Tomato___Target_Spot,6,False,0.7974274158477783,0.186497688293457,Tomato___Spider_mites Two-spotted_spider_mite,0.186497688293457,Tomato___Leaf_Mold,0.0056416518054902,HIGH,MISCLASSIFICATION
TRACK_A_INTERNAL,Tomato,tomato,tomato_plantvillage,D:\CropDiseaseProject\tomato_plantvillage\Tomato___Spider_mites Two-spotted_spider_mite\f1588800-6f56-478b-8930-8d55cb309b24___Com.G_SpM_FL 9274.JPG,Tomato___Spider_mites Two-spotted_spider_mite,5,Tomato___Spider_mites Two-spotted_spider_mite,5,True,0.9644071459770204,0.9644071459770204,Tomato___Late_blight,0.0210954062640666,Tomato___Target_Spot,0.0096462927758693,HIGH,CORRECT
TRACK_A_INTERNAL,Tomato,tomato,tomato_plantvillage,D:\CropDiseaseProject\tomato_plantvillage\Tomato___Spider_mites Two-spotted_spider_mite\326d232c-21f1-44c0-91a2-ce202460af8d___Com.G_SpM_FL 1360.JPG,Tomato___Spider_mites Two-spotted_spider_mite,5,Tomato___Spider_mites Two-spotted_spider_mite,5,True,0.6043094992637634,0.6043094992637634,Tomato___healthy,0.2762680649757385,Tomato___Target_Spot,0.0687906965613365,HIGH,CORRECT
TRACK_A_INTERNAL,Tomato,tomato,tomato_plantvillage,D:\CropDiseaseProject\tomato_plantvillage\Tomato___Spider_mites Two-spotted_spider_mite\c96e4abf-404d-40ab-b105-827dde90c4a7___Com.G_SpM_FL 9331.JPG,Tomato___Spider_mites Two-spotted_spider_mite,5,Tomato___Spider_mites Two-spotted_spider_mite,5,True,0.9861241579055786,0.9861241579055786,Tomato___healthy,0.0053015686571598,Tomato___Target_Spot,0.005205372814089,HIGH,CORRECT
TRACK_A_INTERNAL,Tomato,tomato,tomato_plantvillage,D:\CropDiseaseProject\tomato_plantvillage\Tomato___Spider_mites Two-spotted_spider_mite\706d4ada-aabd-482f-87c1-5112720d86a4___Com.G_SpM_FL 8448.JPG,Tomato___Spider_mites Two-spotted_spider_mite,5,Tomato___Spider_mites Two-spotted_spider_mite,5,True,0.9794124364852904,0.9794124364852904,Tomato___Early_blight,0.0105968732386827,Tomato___Target_Spot,0.0043261051177978,HIGH,CORRECT
TRACK_A_INTERNAL,Tomato,tomato,tomato_plantvillage,D:\CropDiseaseProject\tomato_plantvillage\Tomato___Spider_mites Two-spotted_spider_mite\36bc7e45-53e7-4f51-8135-731b80eaf80b___Com.G_SpM_FL 8918.JPG,Tomato___Spider_mites Two-spotted_spider_mite,5,Tomato___Spider_mites Two-spotted_spider_mite,5,True,0.9999752044677734,0.9999752044677734,Tomato___Target_Spot,1.429133590136189e-05,Tomato___Leaf_Mold,5.754432095272932e-06,HIGH,CORRECT
TRACK_A_INTERNAL,Tomato,tomato,tomato_plantvillage,D:\CropDiseaseProject\tomato_plantvillage\Tomato___Spider_mites Two-spotted_spider_mite\5b92430f-86a7-4845-b0eb-eb4df61797e8___Com.G_SpM_FL 8890.JPG,Tomato___Spider_mites Two-spotted_spider_mite,5,Tomato___Spider_mites Two-spotted_spider_mite,5,True,0.997928261756897,0.997928261756897,Tomato___Target_Spot,0.001749240909703,Tomato___Tomato_Yellow_Leaf_Curl_Virus,0.0002839884255081,HIGH,CORRECT
TRACK_A_INTERNAL,Tomato,tomato,tomato_plantvillage,D:\CropDiseaseProject\tomato_plantvillage\Tomato___Spider_mites Two-spotted_spider_mite\0b5cda10-da2f-4647-b159-69647b42212f___Com.G_SpM_FL 1784.JPG,Tomato___Spider_mites Two-spotted_spider_mite,5,Tomato___Spider_mites Two-spotted_spider_mite,5,True,0.995736598968506,0.995736598968506,Tomato___Target_Spot,0.0030252567958086,Tomato___Tomato_mosaic_virus,0.0006611171993426,HIGH,CORRECT
TRACK_A_INTERNAL,Tomato,tomato,tomato_plantvillage,D:\CropDiseaseProject\tomato_plantvillage\Tomato___Spider_mites Two-spotted_spider_mite\ae12c3dc-3dd3-4741-bf9a-55904738086d___Com.G_SpM_FL 1265.JPG,Tomato___Spider_mites Two-spotted_spider_mite,5,Tomato___Spider_mites Two-spotted_spider_mite,5,True,0.980401337146759,0.980401337146759,Tomato___Leaf_Mold,0.0186564233154058,Tomato___healthy,0.000412877270719,HIGH,CORRECT
TRACK_A_INTERNAL,Tomato,tomato,tomato_plantvillage,D:\CropDiseaseProject\tomato_plantvillage\Tomato___Spider_mites Two-spotted_spider_mite\ecf28797-b8ea-4ea9-a665-72db94f13ba8___Com.G_SpM_FL 1678.JPG,Tomato___Spider_mites Two-spotted_spider_mite,5,Tomato___Spider_mites Two-spotted_spider_mite,5,True,0.5753003358840942,0.5753003358840942,Tomato___Target_Spot,0.3358165323734283,Tomato___healthy,0.055395983159542,HIGH,CORRECT
TRACK_A_INTERNAL,Tomato,tomato,tomato_plantvillage,D:\CropDiseaseProject\tomato_plantvillage\Tomato___Spider_mites Two-spotted_spider_mite\bd02e7b2-383c-4d04-8361-084cec0dc177___Com.G_SpM_FL 8574.JPG,Tomato___Spider_mites Two-spotted_spider_mite,5,Tomato___Spider_mites Two-spotted_spider_mite,5,True,0.8387510180473328,0.8387510180473328,Tomato___Target_Spot,0.156228631734848,Tomato___Late_blight,0.0027674054726958,HIGH,CORRECT
TRACK_A_INTERNAL,Tomato,tomato,tomato_plantvillage,D:\CropDiseaseProject\tomato_plantvillage\Tomato___Spider_mites Two-spotted_spider_mite\89956d0e-2500-4ed8-87a5-8b221c5b8f6b___Com.G_SpM_FL 8914.JPG,Tomato___Spider_mites Two-spotted_spider_mite,5,Tomato___Spider_mites Two-spotted_spider_mite,5,True,0.9998125433921814,0.9998125433921814,Tomato___Target_Spot,0.0001793513220036,Tomato___healthy,7.215481673483737e-06,HIGH,CORRECT
TRACK_A_INTERNAL,Tomato,tomato,tomato_plantvillage,D:\CropDiseaseProject\tomato_plantvillage\Tomato___Spider_mites Two-spotted_spider_mite\71856838-2253-491f-b3d0-87a3e73476ed___Com.G_SpM_FL 9584.JPG,Tomato___Spider_mites Two-spotted_spider_mite,5,Tomato___Spider_mites Two-spotted_spider_mite,5,True,0.599946916103363,0.599946916103363,Tomato___Target_Spot,0.3681674897670746,Tomato___healthy,0.0250678211450576,HIGH,CORRECT
TRACK_A_INTERNAL,Tomato,tomato,tomato_plantvillage,D:\CropDiseaseProject\tomato_plantvillage\Tomato___Spider_mites Two-spotted_spider_mite\1ff30221-d082-4dd3-ab7b-0028ecf897db___Com.G_SpM_FL 9608.JPG,Tomato___Spider_mites Two-spotted_spider_mite,5,Tomato___Spider_mites Two-spotted_spider_mite,5,True,0.9908292293548584,0.9908292293548584,Tomato___healthy,0.0085886847227811,Tomato___Target_Spot,0.0003371597558725,HIGH,CORRECT
TRACK_A_INTERNAL,Tomato,tomato,tomato_plantvillage,D:\CropDiseaseProject\tomato_plantvillage\Tomato___Spider_mites Two-spotted_spider_mite\ab8fbd18-195d-43b1-b976-ee478141e8f8___Com.G_SpM_FL 9416.JPG,Tomato___Spider_mites Two-spotted_spider_mite,5,Tomato___Spider_mites Two-spotted_spider_mite,5,True,0.9959322810173036,0.9959322810173036,Tomato___Target_Spot,0.0027378213126212,Tomato___Leaf_Mold,0.0006896939594298,HIGH,CORRECT
TRACK_A_INTERNAL,Tomato,tomato,tomato_plantvillage,D:\CropDiseaseProject\tomato_plantvillage\Tomato___Spider_mites Two-spotted_spider_mite\aeae9e3c-ec84-4fa5-8c52-ab488c6a81f7___Com.G_SpM_FL 8765.JPG,Tomato___Spider_mites Two-spotted_spider_mite,5,Tomato___Spider_mites Two-spotted_spider_mite,5,True,0.9998000264167786,0.9998000264167786,Tomato___Target_Spot,0.0001324709010077,Tomato___Leaf_Mold,4.218065441818908e-05,HIGH,CORRECT
TRACK_A_INTERNAL,Tomato,tomato,tomato_plantvillage,D:\CropDiseaseProject\tomato_plantvillage\Tomato___Spider_mites Two-spotted_spider_mite\ab555ffb-819e-40fa-b21c-d5a6bde16100___Com.G_SpM_FL 9609.JPG,Tomato___Spider_mites Two-spotted_spider_mite,5,Tomato___Spider_mites Two-spotted_spider_mite,5,True,0.9845932126045228,0.9845932126045228,Tomato___healthy,0.0090827411040663,Tomato___Target_Spot,0.0060241124592721,HIGH,CORRECT
TRACK_A_INTERNAL,Tomato,tomato,tomato_plantvillage,D:\CropDiseaseProject\tomato_plantvillage\Tomato___Target_Spot\330c5184-7997-4827-9512-8d21f2f41685___Com.G_TgS_FL 8038.JPG,Tomato___Target_Spot,6,Tomato___Target_Spot,6,True,0.9596766233444214,0.9596766233444214,Tomato___Spider_mites Two-spotted_spider_mite,0.0268804281949996,Tomato___Early_blight,0.0098424097523093,HIGH,CORRECT
TRACK_A_INTERNAL,Tomato,tomato,tomato_plantvillage,D:\CropDiseaseProject\tomato_plantvillage\Tomato___Target_Spot\833f130d-b119-478a-b458-82aa1d78f559___Com.G_TgS_FL 0800.JPG,Tomato___Target_Spot,6,Tomato___Target_Spot,6,True,0.5237730145454407,0.5237730145454407,Tomato___Spider_mites Two-spotted_spider_mite,0.4110027849674225,Tomato___Septoria_leaf_spot,0.0385422073304653,HIGH,CORRECT
TRACK_A_INTERNAL,Tomato,tomato,tomato_plantvillage,D:\CropDiseaseProject\tomato_plantvillage\Tomato___Target_Spot\198836e7-53b2-41b0-b87a-e43f7d804dd2___Com.G_TgS_FL 8313.JPG,Tomato___Target_Spot,6,Tomato___Target_Spot,6,True,0.8829692602157593,0.8829692602157593,Tomato___Spider_mites Two-spotted_spider_mite,0.1014663875102996,Tomato___healthy,0.0121239339932799,HIGH,CORRECT
TRACK_A_INTERNAL,Tomato,tomato,tomato_plantvillage,D:\CropDiseaseProject\tomato_plantvillage\Tomato___Target_Spot\b609cf94-4fc0-495c-84c7-ce84354ffc5f___Com.G_TgS_FL 8343.JPG,Tomato___Target_Spot,6,Tomato___Target_Spot,6,True,0.5891726016998291,0.5891726016998291,Tomato___Spider_mites Two-spotted_spider_mite,0.3427216410636902,Tomato___healthy,0.0680997371673584,HIGH,CORRECT
TRACK_A_INTERNAL,Tomato,tomato,tomato_plantvillage,D:\CropDiseaseProject\tomato_plantvillage\Tomato___Target_Spot\4cf7fd8f-f605-41c6-93ab-76da0119d40a___Com.G_TgS_FL 8162.JPG,Tomato___Target_Spot,6,Tomato___Target_Spot,6,True,0.9678131937980652,0.9678131937980652,Tomato___Spider_mites Two-spotted_spider_mite,0.0169771127402782,Tomato___Septoria_leaf_spot,0.0051524341106414,HIGH,CORRECT
TRACK_A_INTERNAL,Tomato,tomato,tomato_plantvillage,D:\CropDiseaseProject\tomato_plantvillage\Tomato___Target_Spot\2d842c15-c1cd-4f2b-9e12-27855abb9758___Com.G_TgS_FL 0812.JPG,Tomato___Target_Spot,6,Tomato___Leaf_Mold,3,False,0.9770386815071106,0.0088433977216482,Tomato___Target_Spot,0.0088433977216482,Tomato___Septoria_leaf_spot,0.008078615181148,HIGH,MISCLASSIFICATION
TRACK_A_INTERNAL,Tomato,tomato,tomato_plantvillage,D:\CropDiseaseProject\tomato_plantvillage\Tomato___Target_Spot\b43bda6d-5066-4143-884b-533c0aedf6e7___Com.G_TgS_FL 9942.JPG,Tomato___Target_Spot,6,Tomato___Target_Spot,6,True,0.7654449343681335,0.7654449343681335,Tomato___Spider_mites Two-spotted_spider_mite,0.1898477971553802,Tomato___healthy,0.0425517223775386,HIGH,CORRECT
TRACK_A_INTERNAL,Tomato,tomato,tomato_plantvillage,D:\CropDiseaseProject\tomato_plantvillage\Tomato___Target_Spot\5084c5f1-06fe-49de-acb1-504005946047___Com.G_TgS_FL 0036.JPG,Tomato___Target_Spot,6,Tomato___Target_Spot,6,True,0.885377824306488,0.885377824306488,Tomato___healthy,0.036413375288248,Tomato___Bacterial_spot,0.0357117056846618,HIGH,CORRECT
TRACK_A_INTERNAL,Tomato,tomato,tomato_plantvillage,D:\CropDiseaseProject\tomato_plantvillage\Tomato___Target_Spot\edf110cf-5994-4506-8a7b-152f6d57456c___Com.G_TgS_FL 8012.JPG,Tomato___Target_Spot,6,Tomato___Target_Spot,6,True,0.7055418491363525,0.7055418491363525,Tomato___healthy,0.2465454488992691,Tomato___Septoria_leaf_spot,0.0315826311707496,HIGH,CORRECT
TRACK_A_INTERNAL,Tomato,tomato,tomato_plantvillage,D:\CropDiseaseProject\tomato_plantvillage\Tomato___Target_Spot\359af7c8-68a5-45d6-9804-387b62a92570___Com.G_TgS_FL 9955.JPG,Tomato___Target_Spot,6,Tomato___Target_Spot,6,True,0.6729692220687866,0.6729692220687866,Tomato___healthy,0.1662672311067581,Tomato___Spider_mites Two-spotted_spider_mite,0.158235415816307,HIGH,CORRECT
TRACK_A_INTERNAL,Tomato,tomato,tomato_plantvillage,D:\CropDiseaseProject\tomato_plantvillage\Tomato___Target_Spot\b3855666-8e30-46e7-bcd0-559ac8450983___Com.G_TgS_FL 7953.JPG,Tomato___Target_Spot,6,Tomato___Target_Spot,6,True,0.920215368270874,0.920215368270874,Tomato___Early_blight,0.0274492986500263,Tomato___Bacterial_spot,0.0218111015856266,HIGH,CORRECT
TRACK_A_INTERNAL,Tomato,tomato,tomato_plantvillage,D:\CropDiseaseProject\tomato_plantvillage\Tomato___Target_Spot\7b43a21e-a0cf-49f4-b92c-9b9fd8a3e1c3___Com.G_TgS_FL 7893.JPG,Tomato___Target_Spot,6,Tomato___healthy,9,False,0.9760366082191468,0.0173435192555189,Tomato___Target_Spot,0.0173435192555189,Tomato___Septoria_leaf_spot,0.0060524414293468,HIGH,MISCLASSIFICATION
TRACK_A_INTERNAL,Tomato,tomato,tomato_plantvillage,D:\CropDiseaseProject\tomato_plantvillage\Tomato___Target_Spot\69d0f54b-059c-4a3a-97a9-43089e661cb0___Com.G_TgS_FL 9835.JPG,Tomato___Target_Spot,6,Tomato___Spider_mites Two-spotted_spider_mite,5,False,0.8568306565284729,0.0697566345334053,Tomato___Target_Spot,0.0697566345334053,Tomato___healthy,0.0694591030478477,HIGH,MISCLASSIFICATION
TRACK_A_INTERNAL,Tomato,tomato,tomato_plantvillage,D:\CropDiseaseProject\tomato_plantvillage\Tomato___Target_Spot\10e52d38-fe13-47b5-b105-27441e4dece7___Com.G_TgS_FL 9766.JPG,Tomato___Target_Spot,6,Tomato___Target_Spot,6,True,0.9015691876411438,0.9015691876411438,Tomato___Bacterial_spot,0.0262042488902807,Tomato___Late_blight,0.0180581510066986,HIGH,CORRECT
TRACK_A_INTERNAL,Tomato,tomato,tomato_plantvillage,D:\CropDiseaseProject\tomato_plantvillage\Tomato___Target_Spot\f7a859bc-fcd9-4317-8ce6-f2af5ac56431___Com.G_TgS_FL 9692.JPG,Tomato___Target_Spot,6,Tomato___Target_Spot,6,True,0.7891114354133606,0.7891114354133606,Tomato___Spider_mites Two-spotted_spider_mite,0.1541428118944168,Tomato___Tomato_Yellow_Leaf_Curl_Virus,0.0197574775665998,HIGH,CORRECT
TRACK_A_INTERNAL,Tomato,tomato,tomato_plantvillage,D:\CropDiseaseProject\tomato_plantvillage\Tomato___Target_Spot\75243ce6-3b50-40cd-916f-55ff316529ef___Com.G_TgS_FL 7968.JPG,Tomato___Target_Spot,6,Tomato___Target_Spot,6,True,0.7634836435317993,0.7634836435317993,Tomato___Septoria_leaf_spot,0.1752121299505233,Tomato___Late_blight,0.0304025337100029,HIGH,CORRECT
TRACK_A_INTERNAL,Tomato,tomato,tomato_plantvillage,D:\CropDiseaseProject\tomato_plantvillage\Tomato___Target_Spot\ed60a782-22dd-4aa6-b16e-494b75fd3174___Com.G_TgS_FL 9896.JPG,Tomato___Target_Spot,6,Tomato___Septoria_leaf_spot,4,False,0.5215668082237244,0.094548650085926,Tomato___Tomato_mosaic_virus,0.2314930856227874,Tomato___Spider_mites Two-spotted_spider_mite,0.1017589718103408,HIGH,MISCLASSIFICATION
TRACK_A_INTERNAL,Tomato,tomato,tomato_plantvillage,D:\CropDiseaseProject\tomato_plantvillage\Tomato___Target_Spot\8ec26e59-70dc-4eff-a1bb-3381a9b56d96___Com.G_TgS_FL 9992.JPG,Tomato___Target_Spot,6,Tomato___Target_Spot,6,True,0.6677263975143433,0.6677263975143433,Tomato___Spider_mites Two-spotted_spider_mite,0.1554361432790756,Tomato___healthy,0.1507222652435302,HIGH,CORRECT
TRACK_A_INTERNAL,Tomato,tomato,tomato_plantvillage,D:\CropDiseaseProject\tomato_plantvillage\Tomato___Target_Spot\b535d475-5112-432a-9309-57e97813b6ae___Com.G_TgS_FL 1028.JPG,Tomato___Target_Spot,6,Tomato___Target_Spot,6,True,0.999671220779419,0.999671220779419,Tomato___healthy,0.0001287208287976,Tomato___Late_blight,7.785045454511419e-05,HIGH,CORRECT
TRACK_A_INTERNAL,Tomato,tomato,tomato_plantvillage,D:\CropDiseaseProject\tomato_plantvillage\Tomato___Target_Spot\c413ab97-c72d-4e20-a7de-c6faddd64bc1___Com.G_TgS_FL 7947.JPG,Tomato___Target_Spot,6,Tomato___Target_Spot,6,True,0.5044388175010681,0.5044388175010681,Tomato___Early_blight,0.3213363289833069,Tomato___Bacterial_spot,0.1107322126626968,HIGH,CORRECT
TRACK_A_INTERNAL,Tomato,tomato,tomato_plantvillage,D:\CropDiseaseProject\tomato_plantvillage\Tomato___Target_Spot\d14316d2-f733-4b05-933e-bb29ab3af867___Com.G_TgS_FL 1128.JPG,Tomato___Target_Spot,6,Tomato___Target_Spot,6,True,0.8187048435211182,0.8187048435211182,Tomato___healthy,0.1598205864429474,Tomato___Spider_mites Two-spotted_spider_mite,0.0208799764513969,HIGH,CORRECT
TRACK_A_INTERNAL,Tomato,tomato,tomato_plantvillage,D:\CropDiseaseProject\tomato_plantvillage\Tomato___Target_Spot\ae5e390c-1682-4e71-bb08-ce60b694dd8d___Com.G_TgS_FL 9725.JPG,Tomato___Target_Spot,6,Tomato___Target_Spot,6,True,0.9465904831886292,0.9465904831886292,Tomato___Spider_mites Two-spotted_spider_mite,0.0284297075122594,Tomato___Septoria_leaf_spot,0.012592764571309,HIGH,CORRECT
TRACK_A_INTERNAL,Tomato,tomato,tomato_plantvillage,D:\CropDiseaseProject\tomato_plantvillage\Tomato___Target_Spot\8bf33883-751c-4b5c-b50f-a955a4e0d8b7___Com.G_TgS_FL 1116.JPG,Tomato___Target_Spot,6,Tomato___Spider_mites Two-spotted_spider_mite,5,False,0.9479550719261168,0.049591664224863,Tomato___Target_Spot,0.049591664224863,Tomato___healthy,0.0015688876155763,HIGH,MISCLASSIFICATION
TRACK_A_INTERNAL,Tomato,tomato,tomato_plantvillage,D:\CropDiseaseProject\tomato_plantvillage\Tomato___Target_Spot\90939ea0-9f49-4b33-be99-8a36bd719b94___Com.G_TgS_FL 7918.JPG,Tomato___Target_Spot,6,Tomato___Target_Spot,6,True,0.3293093740940094,0.3293093740940094,Tomato___healthy,0.2048236578702926,Tomato___Spider_mites Two-spotted_spider_mite,0.1979959458112716,HIGH,CORRECT
TRACK_A_INTERNAL,Tomato,tomato,tomato_plantvillage,D:\CropDiseaseProject\tomato_plantvillage\Tomato___Target_Spot\e0fd3533-d5af-4090-a0d2-0507791d3926___Com.G_TgS_FL 8020.JPG,Tomato___Target_Spot,6,Tomato___Target_Spot,6,True,0.989043951034546,0.989043951034546,Tomato___Late_blight,0.008444502018392,Tomato___Early_blight,0.0018403040012344,HIGH,CORRECT
TRACK_A_INTERNAL,Tomato,tomato,tomato_plantvillage,D:\CropDiseaseProject\tomato_plantvillage\Tomato___Target_Spot\fac15e88-8950-4637-9bdc-26bca1e3ae8e___Com.G_TgS_FL 8169.JPG,Tomato___Target_Spot,6,Tomato___Septoria_leaf_spot,4,False,0.8824067115783691,0.0790488272905349,Tomato___Target_Spot,0.0790488272905349,Tomato___Spider_mites Two-spotted_spider_mite,0.0149186998605728,HIGH,MISCLASSIFICATION
TRACK_A_INTERNAL,Tomato,tomato,tomato_plantvillage,D:\CropDiseaseProject\tomato_plantvillage\Tomato___Target_Spot\6128862b-d649-4995-990a-846528b0f781___Com.G_TgS_FL 0887.JPG,Tomato___Target_Spot,6,Tomato___Target_Spot,6,True,0.9983729124069214,0.9983729124069214,Tomato___healthy,0.0011641882592812,Tomato___Early_blight,0.0002468368038535,HIGH,CORRECT
TRACK_A_INTERNAL,Tomato,tomato,tomato_plantvillage,D:\CropDiseaseProject\tomato_plantvillage\Tomato___Target_Spot\f9986a85-5598-41ef-80f2-98adb409adfe___Com.G_TgS_FL 0789.JPG,Tomato___Target_Spot,6,Tomato___Target_Spot,6,True,0.4370946288108825,0.4370946288108825,Tomato___healthy,0.3820902109146118,Tomato___Spider_mites Two-spotted_spider_mite,0.1148978471755981,HIGH,CORRECT
TRACK_A_INTERNAL,Tomato,tomato,tomato_plantvillage,D:\CropDiseaseProject\tomato_plantvillage\Tomato___Target_Spot\fa98bbb6-2231-4489-ab05-1eeb55bae882___Com.G_TgS_FL 8105.JPG,Tomato___Target_Spot,6,Tomato___Target_Spot,6,True,0.9235860705375672,0.9235860705375672,Tomato___Spider_mites Two-spotted_spider_mite,0.0670029371976852,Tomato___healthy,0.0059427381493151,HIGH,CORRECT
TRACK_A_INTERNAL,Tomato,tomato,tomato_plantvillage,D:\CropDiseaseProject\tomato_plantvillage\Tomato___Target_Spot\39c2047a-9d7b-489e-b790-45bf9340ee97___Com.G_TgS_FL 8331.JPG,Tomato___Target_Spot,6,Tomato___Target_Spot,6,True,0.7495467662811279,0.7495467662811279,Tomato___healthy,0.1961845159530639,Tomato___Spider_mites Two-spotted_spider_mite,0.0294464509934186,HIGH,CORRECT
TRACK_A_INTERNAL,Tomato,tomato,tomato_plantvillage,D:\CropDiseaseProject\tomato_plantvillage\Tomato___Tomato_Yellow_Leaf_Curl_Virus\3a389749-e245-4308-a1c6-a4d872e2833c___UF.GRC_YLCV_Lab 02871.JPG,Tomato___Tomato_Yellow_Leaf_Curl_Virus,7,Tomato___Tomato_Yellow_Leaf_Curl_Virus,7,True,0.9999738931655884,0.9999738931655884,Tomato___Leaf_Mold,1.997065919567831e-05,Tomato___Tomato_mosaic_virus,2.240726871605148e-06,HIGH,CORRECT
TRACK_A_INTERNAL,Tomato,tomato,tomato_plantvillage,D:\CropDiseaseProject\tomato_plantvillage\Tomato___Tomato_Yellow_Leaf_Curl_Virus\e37a58dc-6b69-4955-8dda-1561f8b0db77___UF.GRC_YLCV_Lab 02025.JPG,Tomato___Tomato_Yellow_Leaf_Curl_Virus,7,Tomato___Tomato_Yellow_Leaf_Curl_Virus,7,True,0.9999834299087524,0.9999834299087524,Tomato___Early_blight,6.047424449207028e-06,Tomato___Spider_mites Two-spotted_spider_mite,3.417293328311644e-06,HIGH,CORRECT
TRACK_A_INTERNAL,Tomato,tomato,tomato_plantvillage,D:\CropDiseaseProject\tomato_plantvillage\Tomato___Tomato_Yellow_Leaf_Curl_Virus\2ff9d604-2e15-4baa-974d-2038df4501e1___UF.GRC_YLCV_Lab 01577.JPG,Tomato___Tomato_Yellow_Leaf_Curl_Virus,7,Tomato___Tomato_Yellow_Leaf_Curl_Virus,7,True,0.9999563694000244,0.9999563694000244,Tomato___Leaf_Mold,1.6284853700199164e-05,Tomato___Early_blight,8.818924470688216e-06,HIGH,CORRECT
TRACK_A_INTERNAL,Tomato,tomato,tomato_plantvillage,D:\CropDiseaseProject\tomato_plantvillage\Tomato___Tomato_Yellow_Leaf_Curl_Virus\c80105d0-0614-4bb1-9490-02b911d94703___YLCV_GCREC 2010.JPG,Tomato___Tomato_Yellow_Leaf_Curl_Virus,7,Tomato___Tomato_Yellow_Leaf_Curl_Virus,7,True,0.9999998807907104,0.9999998807907104,Tomato___Bacterial_spot,2.9981499949371944e-08,Tomato___Early_blight,2.8242421734603343e-08,HIGH,CORRECT
TRACK_A_INTERNAL,Tomato,tomato,tomato_plantvillage,D:\CropDiseaseProject\tomato_plantvillage\Tomato___Tomato_Yellow_Leaf_Curl_Virus\5bfca510-62b9-4e1b-99a4-47c98eeda0a5___UF.GRC_YLCV_Lab 02328.JPG,Tomato___Tomato_Yellow_Leaf_Curl_Virus,7,Tomato___Tomato_Yellow_Leaf_Curl_Virus,7,True,0.9999736547470092,0.9999736547470092,Tomato___Spider_mites Two-spotted_spider_mite,1.0746668522187974e-05,Tomato___Bacterial_spot,4.849976903642528e-06,HIGH,CORRECT
TRACK_A_INTERNAL,Tomato,tomato,tomato_plantvillage,D:\CropDiseaseProject\tomato_plantvillage\Tomato___Tomato_Yellow_Leaf_Curl_Virus\5904c39e-3a20-47cb-ac78-77fa6fa6bc9f___UF.GRC_YLCV_Lab 02947.JPG,Tomato___Tomato_Yellow_Leaf_Curl_Virus,7,Tomato___Tomato_Yellow_Leaf_Curl_Virus,7,True,0.9999995231628418,0.9999995231628418,Tomato___Bacterial_spot,5.010242603020743e-07,Tomato___Late_blight,1.71520859737484e-08,HIGH,CORRECT
TRACK_A_INTERNAL,Tomato,tomato,tomato_plantvillage,D:\CropDiseaseProject\tomato_plantvillage\Tomato___Tomato_Yellow_Leaf_Curl_Virus\539de84d-20c0-439b-a3b9-91a6fd3654f5___UF.GRC_YLCV_Lab 01571.JPG,Tomato___Tomato_Yellow_Leaf_Curl_Virus,7,Tomato___Tomato_Yellow_Leaf_Curl_Virus,7,True,1.0,1.0,Tomato___Tomato_mosaic_virus,2.567248102991471e-08,Tomato___Leaf_Mold,1.3489849237657836e-08,HIGH,CORRECT
TRACK_A_INTERNAL,Tomato,tomato,tomato_plantvillage,D:\CropDiseaseProject\tomato_plantvillage\Tomato___Tomato_Yellow_Leaf_Curl_Virus\9aa335d3-ab63-4784-9fc3-21b2b6e6178b___YLCV_NREC 0059.JPG,Tomato___Tomato_Yellow_Leaf_Curl_Virus,7,Tomato___Tomato_Yellow_Leaf_Curl_Virus,7,True,0.9884492754936218,0.9884492754936218,Tomato___Target_Spot,0.004651510156691,Tomato___Spider_mites Two-spotted_spider_mite,0.0027368336450308,HIGH,CORRECT
TRACK_A_INTERNAL,Tomato,tomato,tomato_plantvillage,D:\CropDiseaseProject\tomato_plantvillage\Tomato___Tomato_Yellow_Leaf_Curl_Virus\20fe944a-3b50-4b24-98b7-1acc4d785940___UF.GRC_YLCV_Lab 02280.JPG,Tomato___Tomato_Yellow_Leaf_Curl_Virus,7,Tomato___Tomato_Yellow_Leaf_Curl_Virus,7,True,1.0,1.0,Tomato___Early_blight,4.2471967609536416e-10,Tomato___Leaf_Mold,3.6542036063735845e-10,HIGH,CORRECT
TRACK_A_INTERNAL,Tomato,tomato,tomato_plantvillage,D:\CropDiseaseProject\tomato_plantvillage\Tomato___Tomato_Yellow_Leaf_Curl_Virus\64a82c58-8e0e-4266-8a7e-4ff38d6655df___UF.GRC_YLCV_Lab 03105.JPG,Tomato___Tomato_Yellow_Leaf_Curl_Virus,7,Tomato___Tomato_Yellow_Leaf_Curl_Virus,7,True,0.9987905621528624,0.9987905621528624,Tomato___Late_blight,0.0008069963078014,Tomato___Leaf_Mold,0.000201503135031,HIGH,CORRECT
TRACK_A_INTERNAL,Tomato,tomato,tomato_plantvillage,D:\CropDiseaseProject\tomato_plantvillage\Tomato___Tomato_Yellow_Leaf_Curl_Virus\9e09f7f7-a62d-4c5a-9adb-62b1811ca244___UF.GRC_YLCV_Lab 03053.JPG,Tomato___Tomato_Yellow_Leaf_Curl_Virus,7,Tomato___Tomato_Yellow_Leaf_Curl_Virus,7,True,0.9999990463256836,0.9999990463256836,Tomato___Bacterial_spot,8.438415761702345e-07,Tomato___Early_blight,8.121057248899889e-08,HIGH,CORRECT
TRACK_A_INTERNAL,Tomato,tomato,tomato_plantvillage,D:\CropDiseaseProject\tomato_plantvillage\Tomato___Tomato_Yellow_Leaf_Curl_Virus\dfc2a2b4-aa33-40fb-8bbb-39c5608b9b9e___YLCV_NREC 2372.JPG,Tomato___Tomato_Yellow_Leaf_Curl_Virus,7,Tomato___Tomato_Yellow_Leaf_Curl_Virus,7,True,0.9999784231185912,0.9999784231185912,Tomato___Late_blight,5.063037860963959e-06,Tomato___Early_blight,4.588468527799705e-06,HIGH,CORRECT
TRACK_A_INTERNAL,Tomato,tomato,tomato_plantvillage,D:\CropDiseaseProject\tomato_plantvillage\Tomato___Tomato_Yellow_Leaf_Curl_Virus\4aa9556f-ef31-4894-bcd0-09ed19641349___YLCV_NREC 2709.JPG,Tomato___Tomato_Yellow_Leaf_Curl_Virus,7,Tomato___Tomato_Yellow_Leaf_Curl_Virus,7,True,0.9999873638153076,0.9999873638153076,Tomato___Early_blight,5.461924502014881e-06,Tomato___Leaf_Mold,4.616724709194386e-06,HIGH,CORRECT
TRACK_A_INTERNAL,Tomato,tomato,tomato_plantvillage,D:\CropDiseaseProject\tomato_plantvillage\Tomato___Tomato_Yellow_Leaf_Curl_Virus\a2737028-9b65-4d23-900d-42f9f795f465___YLCV_GCREC 2489.JPG,Tomato___Tomato_Yellow_Leaf_Curl_Virus,7,Tomato___Tomato_Yellow_Leaf_Curl_Virus,7,True,0.9993423819541932,0.9993423819541932,Tomato___Late_blight,0.0003591378335841,Tomato___Early_blight,0.0001121595123549,HIGH,CORRECT
TRACK_A_INTERNAL,Tomato,tomato,tomato_plantvillage,D:\CropDiseaseProject\tomato_plantvillage\Tomato___Tomato_Yellow_Leaf_Curl_Virus\d1c9e050-a0a8-4d18-bc4b-a4bca72bea2c___UF.GRC_YLCV_Lab 02158.JPG,Tomato___Tomato_Yellow_Leaf_Curl_Virus,7,Tomato___Tomato_Yellow_Leaf_Curl_Virus,7,True,0.9999858140945436,0.9999858140945436,Tomato___Tomato_mosaic_virus,6.324963578663301e-06,Tomato___Spider_mites Two-spotted_spider_mite,2.5487624952802435e-06,HIGH,CORRECT
TRACK_A_INTERNAL,Tomato,tomato,tomato_plantvillage,D:\CropDiseaseProject\tomato_plantvillage\Tomato___Tomato_Yellow_Leaf_Curl_Virus\a755ff7e-cb35-4974-8042-6dc6f4b24e63___UF.GRC_YLCV_Lab 03062.JPG,Tomato___Tomato_Yellow_Leaf_Curl_Virus,7,Tomato___Tomato_Yellow_Leaf_Curl_Virus,7,True,1.0,1.0,Tomato___Spider_mites Two-spotted_spider_mite,5.2001180250726975e-08,Tomato___Tomato_mosaic_virus,4.2667913646710084e-09,HIGH,CORRECT
TRACK_A_INTERNAL,Tomato,tomato,tomato_plantvillage,D:\CropDiseaseProject\tomato_plantvillage\Tomato___Tomato_Yellow_Leaf_Curl_Virus\a1310b30-d88f-4902-9d9a-71148318a68d___YLCV_GCREC 2059.JPG,Tomato___Tomato_Yellow_Leaf_Curl_Virus,7,Tomato___Tomato_Yellow_Leaf_Curl_Virus,7,True,0.99916672706604,0.99916672706604,Tomato___Spider_mites Two-spotted_spider_mite,0.0005856563802808,Tomato___Target_Spot,0.0002032995835179,HIGH,CORRECT
TRACK_A_INTERNAL,Tomato,tomato,tomato_plantvillage,D:\CropDiseaseProject\tomato_plantvillage\Tomato___Tomato_Yellow_Leaf_Curl_Virus\9f19342f-b647-4da7-9d8b-6414fdf0c5bd___UF.GRC_YLCV_Lab 02921.JPG,Tomato___Tomato_Yellow_Leaf_Curl_Virus,7,Tomato___Tomato_Yellow_Leaf_Curl_Virus,7,True,0.999460995197296,0.999460995197296,Tomato___Bacterial_spot,0.0002412094909232,Tomato___Target_Spot,0.000103399856016,HIGH,CORRECT
TRACK_A_INTERNAL,Tomato,tomato,tomato_plantvillage,D:\CropDiseaseProject\tomato_plantvillage\Tomato___Tomato_Yellow_Leaf_Curl_Virus\ae19c6a3-c28a-4853-bdec-f4ad4df73291___YLCV_NREC 0153.JPG,Tomato___Tomato_Yellow_Leaf_Curl_Virus,7,Tomato___Tomato_Yellow_Leaf_Curl_Virus,7,True,0.9997063279151917,0.9997063279151917,Tomato___Late_blight,0.0001278468116652,Tomato___Spider_mites Two-spotted_spider_mite,6.501230382127687e-05,HIGH,CORRECT
TRACK_A_INTERNAL,Tomato,tomato,tomato_plantvillage,D:\CropDiseaseProject\tomato_plantvillage\Tomato___Tomato_Yellow_Leaf_Curl_Virus\788c99c6-1982-437f-98e2-737a5c954768___YLCV_GCREC 5486.JPG,Tomato___Tomato_Yellow_Leaf_Curl_Virus,7,Tomato___Spider_mites Two-spotted_spider_mite,5,False,0.7210575938224792,0.1639015972614288,Tomato___Tomato_Yellow_Leaf_Curl_Virus,0.1639015972614288,Tomato___Target_Spot,0.0571539625525474,HIGH,MISCLASSIFICATION
TRACK_A_INTERNAL,Tomato,tomato,tomato_plantvillage,D:\CropDiseaseProject\tomato_plantvillage\Tomato___Tomato_Yellow_Leaf_Curl_Virus\8d22109e-4cfc-46ee-899f-678cd40a31eb___YLCV_GCREC 2540.JPG,Tomato___Tomato_Yellow_Leaf_Curl_Virus,7,Tomato___Tomato_Yellow_Leaf_Curl_Virus,7,True,0.9990904331207277,0.9990904331207277,Tomato___Early_blight,0.0008050628821365,Tomato___Bacterial_spot,4.985245323041454e-05,HIGH,CORRECT
TRACK_A_INTERNAL,Tomato,tomato,tomato_plantvillage,D:\CropDiseaseProject\tomato_plantvillage\Tomato___Tomato_Yellow_Leaf_Curl_Virus\1977e58e-440d-4331-b1e3-d7a7a7af587f___UF.GRC_YLCV_Lab 01404.JPG,Tomato___Tomato_Yellow_Leaf_Curl_Virus,7,Tomato___Tomato_Yellow_Leaf_Curl_Virus,7,True,0.9213116765022278,0.9213116765022278,Tomato___Late_blight,0.047216810286045,Tomato___Leaf_Mold,0.0251182466745376,HIGH,CORRECT
TRACK_A_INTERNAL,Tomato,tomato,tomato_plantvillage,D:\CropDiseaseProject\tomato_plantvillage\Tomato___Tomato_Yellow_Leaf_Curl_Virus\f591877b-3f56-491c-b522-8a192a92e78e___UF.GRC_YLCV_Lab 02503.JPG,Tomato___Tomato_Yellow_Leaf_Curl_Virus,7,Tomato___Tomato_Yellow_Leaf_Curl_Virus,7,True,0.9999972581863404,0.9999972581863404,Tomato___Spider_mites Two-spotted_spider_mite,7.584785635117441e-07,Tomato___Bacterial_spot,6.976885629228491e-07,HIGH,CORRECT
TRACK_A_INTERNAL,Tomato,tomato,tomato_plantvillage,D:\CropDiseaseProject\tomato_plantvillage\Tomato___Tomato_Yellow_Leaf_Curl_Virus\147acfda-7a23-4889-9340-1a5c15aef1db___UF.GRC_YLCV_Lab 02150.JPG,Tomato___Tomato_Yellow_Leaf_Curl_Virus,7,Tomato___Tomato_Yellow_Leaf_Curl_Virus,7,True,0.9999806880950928,0.9999806880950928,Tomato___Tomato_mosaic_virus,5.997245807520812e-06,Tomato___Early_blight,5.608284027402988e-06,HIGH,CORRECT
TRACK_A_INTERNAL,Tomato,tomato,tomato_plantvillage,D:\CropDiseaseProject\tomato_plantvillage\Tomato___Tomato_Yellow_Leaf_Curl_Virus\51d5bb0f-8603-4e31-8cfa-20f8c5cf0b45___UF.GRC_YLCV_Lab 08457.JPG,Tomato___Tomato_Yellow_Leaf_Curl_Virus,7,Tomato___Bacterial_spot,0,False,0.609790563583374,0.3268653750419616,Tomato___Tomato_Yellow_Leaf_Curl_Virus,0.3268653750419616,Tomato___Septoria_leaf_spot,0.061088390648365,HIGH,MISCLASSIFICATION
TRACK_A_INTERNAL,Tomato,tomato,tomato_plantvillage,D:\CropDiseaseProject\tomato_plantvillage\Tomato___Tomato_Yellow_Leaf_Curl_Virus\1cd0ab0b-f4cf-4f2f-960a-455de4cd4c1e___YLCV_GCREC 2897.JPG,Tomato___Tomato_Yellow_Leaf_Curl_Virus,7,Tomato___Tomato_Yellow_Leaf_Curl_Virus,7,True,0.9999130964279176,0.9999130964279176,Tomato___Tomato_mosaic_virus,3.398841363377869e-05,Tomato___Early_blight,1.950949445017613e-05,HIGH,CORRECT
TRACK_A_INTERNAL,Tomato,tomato,tomato_plantvillage,D:\CropDiseaseProject\tomato_plantvillage\Tomato___Tomato_Yellow_Leaf_Curl_Virus\44351256-a633-48d5-bcfa-8a135149ad0f___YLCV_NREC 2136.JPG,Tomato___Tomato_Yellow_Leaf_Curl_Virus,7,Tomato___Tomato_Yellow_Leaf_Curl_Virus,7,True,0.9999943971633912,0.9999943971633912,Tomato___Tomato_mosaic_virus,4.749754680233309e-06,Tomato___Spider_mites Two-spotted_spider_mite,5.11620214638242e-07,HIGH,CORRECT
TRACK_A_INTERNAL,Tomato,tomato,tomato_plantvillage,D:\CropDiseaseProject\tomato_plantvillage\Tomato___Tomato_Yellow_Leaf_Curl_Virus\ebb93175-98bf-4a4f-ad3a-d79bf0ec820b___UF.GRC_YLCV_Lab 01390.JPG,Tomato___Tomato_Yellow_Leaf_Curl_Virus,7,Tomato___Tomato_Yellow_Leaf_Curl_Virus,7,True,0.9806905388832092,0.9806905388832092,Tomato___Late_blight,0.0091753462329506,Tomato___Leaf_Mold,0.0033418841194361,HIGH,CORRECT
TRACK_A_INTERNAL,Tomato,tomato,tomato_plantvillage,D:\CropDiseaseProject\tomato_plantvillage\Tomato___Tomato_Yellow_Leaf_Curl_Virus\feb4e0fa-e4e7-4eb9-8948-ea1bac27fa1e___UF.GRC_YLCV_Lab 02872.JPG,Tomato___Tomato_Yellow_Leaf_Curl_Virus,7,Tomato___Tomato_Yellow_Leaf_Curl_Virus,7,True,0.9996567964553832,0.9996567964553832,Tomato___Late_blight,0.0001702688314253,Tomato___Leaf_Mold,0.0001314991677645,HIGH,CORRECT
TRACK_A_INTERNAL,Tomato,tomato,tomato_plantvillage,D:\CropDiseaseProject\tomato_plantvillage\Tomato___Tomato_Yellow_Leaf_Curl_Virus\0500c04e-5514-4ce1-a9e9-e4069d2b57e2___YLCV_GCREC 2630.JPG,Tomato___Tomato_Yellow_Leaf_Curl_Virus,7,Tomato___Tomato_Yellow_Leaf_Curl_Virus,7,True,0.999904990196228,0.999904990196228,Tomato___Early_blight,2.687703636183869e-05,Tomato___Tomato_mosaic_virus,2.6428997443872504e-05,HIGH,CORRECT
TRACK_A_INTERNAL,Tomato,tomato,tomato_plantvillage,D:\CropDiseaseProject\tomato_plantvillage\Tomato___Tomato_mosaic_virus\7a6e4837-d63d-465a-abae-ef857bf43e2d___PSU_CG 2117.JPG,Tomato___Tomato_mosaic_virus,8,Tomato___Tomato_mosaic_virus,8,True,0.9267659187316896,0.9267659187316896,Tomato___healthy,0.0217638034373521,Tomato___Target_Spot,0.0216559097170829,HIGH,CORRECT
TRACK_A_INTERNAL,Tomato,tomato,tomato_plantvillage,D:\CropDiseaseProject\tomato_plantvillage\Tomato___Tomato_mosaic_virus\3cb6ee9b-8550-4216-bde5-814807add4e5___PSU_CG 2395.JPG,Tomato___Tomato_mosaic_virus,8,Tomato___Tomato_mosaic_virus,8,True,0.8840563297271729,0.8840563297271729,Tomato___Septoria_leaf_spot,0.0884155556559562,Tomato___Target_Spot,0.0114159611985087,HIGH,CORRECT
TRACK_A_INTERNAL,Tomato,tomato,tomato_plantvillage,D:\CropDiseaseProject\tomato_plantvillage\Tomato___Tomato_mosaic_virus\14112644-0ec3-465b-af00-ac2286d8e15f___PSU_CG 2344.JPG,Tomato___Tomato_mosaic_virus,8,Tomato___Tomato_mosaic_virus,8,True,0.8520495891571045,0.8520495891571045,Tomato___Leaf_Mold,0.0610751248896122,Tomato___Target_Spot,0.0340491943061351,HIGH,CORRECT
TRACK_A_INTERNAL,Tomato,tomato,tomato_plantvillage,D:\CropDiseaseProject\tomato_plantvillage\Tomato___Tomato_mosaic_virus\9916341f-9dd9-498f-b553-476d9f2d722e___PSU_CG 2087.JPG,Tomato___Tomato_mosaic_virus,8,Tomato___Spider_mites Two-spotted_spider_mite,5,False,0.5697460174560547,0.0513805039227008,Tomato___Target_Spot,0.2881739735603332,Tomato___Tomato_mosaic_virus,0.0513805039227008,HIGH,MISCLASSIFICATION
TRACK_A_INTERNAL,Tomato,tomato,tomato_plantvillage,D:\CropDiseaseProject\tomato_plantvillage\Tomato___Tomato_mosaic_virus\01b32f27-2b9b-4961-805b-8066bf4d90f1___PSU_CG 2417.JPG,Tomato___Tomato_mosaic_virus,8,Tomato___Tomato_mosaic_virus,8,True,0.9846781492233276,0.9846781492233276,Tomato___Septoria_leaf_spot,0.0110251223668456,Tomato___Target_Spot,0.0024909551721066,HIGH,CORRECT
TRACK_A_INTERNAL,Tomato,tomato,tomato_plantvillage,D:\CropDiseaseProject\tomato_plantvillage\Tomato___Tomato_mosaic_virus\9a3a36e0-b0eb-4844-84f5-db08e2d9adef___PSU_CG 2300.JPG,Tomato___Tomato_mosaic_virus,8,Tomato___Tomato_mosaic_virus,8,True,0.9994863271713256,0.9994863271713256,Tomato___Septoria_leaf_spot,0.0003969097160734,Tomato___Leaf_Mold,9.88958781817928e-05,HIGH,CORRECT
TRACK_A_INTERNAL,Tomato,tomato,tomato_plantvillage,D:\CropDiseaseProject\tomato_plantvillage\Tomato___Tomato_mosaic_virus\86965ac5-b790-4218-a3c6-216d10da5211___PSU_CG 2066.JPG,Tomato___Tomato_mosaic_virus,8,Tomato___Tomato_mosaic_virus,8,True,0.7389553189277649,0.7389553189277649,Tomato___Spider_mites Two-spotted_spider_mite,0.2013588100671768,Tomato___Leaf_Mold,0.0431189350783824,HIGH,CORRECT
TRACK_A_INTERNAL,Tomato,tomato,tomato_plantvillage,D:\CropDiseaseProject\tomato_plantvillage\Tomato___Tomato_mosaic_virus\20182b2d-dfda-4ef1-89cc-17856e051b00___PSU_CG 2072.JPG,Tomato___Tomato_mosaic_virus,8,Tomato___Tomato_mosaic_virus,8,True,0.955024242401123,0.955024242401123,Tomato___Spider_mites Two-spotted_spider_mite,0.0297416821122169,Tomato___Target_Spot,0.0081113288179039,HIGH,CORRECT
TRACK_A_INTERNAL,Tomato,tomato,tomato_plantvillage,D:\CropDiseaseProject\tomato_plantvillage\Tomato___Tomato_mosaic_virus\99a4b1cb-e55a-4954-a7c5-ebb0cc57ed2a___PSU_CG 2096.JPG,Tomato___Tomato_mosaic_virus,8,Tomato___Spider_mites Two-spotted_spider_mite,5,False,0.5829909443855286,0.3706311881542206,Tomato___Tomato_mosaic_virus,0.3706311881542206,Tomato___Target_Spot,0.0156302228569984,HIGH,MISCLASSIFICATION
TRACK_A_INTERNAL,Tomato,tomato,tomato_plantvillage,D:\CropDiseaseProject\tomato_plantvillage\Tomato___Tomato_mosaic_virus\d9812306-9ab7-4c41-8c08-0aaaa0a9db5f___PSU_CG 2056.JPG,Tomato___Tomato_mosaic_virus,8,Tomato___Tomato_mosaic_virus,8,True,0.981277883052826,0.981277883052826,Tomato___Spider_mites Two-spotted_spider_mite,0.0107960477471351,Tomato___Septoria_leaf_spot,0.0057767280377447,HIGH,CORRECT
TRACK_A_INTERNAL,Tomato,tomato,tomato_plantvillage,D:\CropDiseaseProject\tomato_plantvillage\Tomato___Tomato_mosaic_virus\6c3a09c7-04b2-4c0d-bbe0-bf55ea2e5472___PSU_CG 2195.JPG,Tomato___Tomato_mosaic_virus,8,Tomato___Tomato_mosaic_virus,8,True,0.9989749193191528,0.9989749193191528,Tomato___Spider_mites Two-spotted_spider_mite,0.0007946153637021,Tomato___Septoria_leaf_spot,0.0001071507358574,HIGH,CORRECT
TRACK_A_INTERNAL,Tomato,tomato,tomato_plantvillage,D:\CropDiseaseProject\tomato_plantvillage\Tomato___Tomato_mosaic_virus\000ec6ea-9063-4c33-8abe-d58ca8a88878___PSU_CG 2169.JPG,Tomato___Tomato_mosaic_virus,8,Tomato___Tomato_mosaic_virus,8,True,0.9896434545516968,0.9896434545516968,Tomato___Spider_mites Two-spotted_spider_mite,0.0060464083217084,Tomato___healthy,0.0013845197390764,HIGH,CORRECT
TRACK_A_INTERNAL,Tomato,tomato,tomato_plantvillage,D:\CropDiseaseProject\tomato_plantvillage\Tomato___Tomato_mosaic_virus\2370fa79-6f15-4ae5-a3cb-2d585a0043c2___PSU_CG 2178.JPG,Tomato___Tomato_mosaic_virus,8,Tomato___Tomato_mosaic_virus,8,True,0.9841687083244324,0.9841687083244324,Tomato___Spider_mites Two-spotted_spider_mite,0.0149452593177557,Tomato___healthy,0.0003830492787528,HIGH,CORRECT
TRACK_A_INTERNAL,Tomato,tomato,tomato_plantvillage,D:\CropDiseaseProject\tomato_plantvillage\Tomato___Tomato_mosaic_virus\da2bbe3c-5626-46d2-9640-2da89552f113___PSU_CG 2319.JPG,Tomato___Tomato_mosaic_virus,8,Tomato___Tomato_mosaic_virus,8,True,0.9668325781822203,0.9668325781822203,Tomato___Spider_mites Two-spotted_spider_mite,0.019916046410799,Tomato___healthy,0.0076904254965484,HIGH,CORRECT
TRACK_A_INTERNAL,Tomato,tomato,tomato_plantvillage,D:\CropDiseaseProject\tomato_plantvillage\Tomato___Tomato_mosaic_virus\da1583ac-e469-400a-9092-da870299fd35___PSU_CG 2071.JPG,Tomato___Tomato_mosaic_virus,8,Tomato___Tomato_mosaic_virus,8,True,0.9940590858459472,0.9940590858459472,Tomato___Spider_mites Two-spotted_spider_mite,0.0054392074234783,Tomato___Septoria_leaf_spot,0.0002585814800113,HIGH,CORRECT
TRACK_A_INTERNAL,Tomato,tomato,tomato_plantvillage,D:\CropDiseaseProject\tomato_plantvillage\Tomato___Tomato_mosaic_virus\96c9cc98-5faf-49ad-826b-11f3ecd64577___PSU_CG 2161.JPG,Tomato___Tomato_mosaic_virus,8,Tomato___Tomato_mosaic_virus,8,True,0.9993263483047484,0.9993263483047484,Tomato___Spider_mites Two-spotted_spider_mite,0.000340549624525,Tomato___Septoria_leaf_spot,0.0001330530794803,HIGH,CORRECT
TRACK_A_INTERNAL,Tomato,tomato,tomato_plantvillage,D:\CropDiseaseProject\tomato_plantvillage\Tomato___Tomato_mosaic_virus\b0ca678e-a79d-457e-8887-952d757b2205___PSU_CG 2266.JPG,Tomato___Tomato_mosaic_virus,8,Tomato___Tomato_mosaic_virus,8,True,0.9729096293449402,0.9729096293449402,Tomato___Spider_mites Two-spotted_spider_mite,0.0188861358910799,Tomato___Target_Spot,0.0064138798043131,HIGH,CORRECT
TRACK_A_INTERNAL,Tomato,tomato,tomato_plantvillage,D:\CropDiseaseProject\tomato_plantvillage\Tomato___Tomato_mosaic_virus\03b6acc7-41a6-4670-b47c-bef6d4baea18___PSU_CG 2363.JPG,Tomato___Tomato_mosaic_virus,8,Tomato___Tomato_mosaic_virus,8,True,0.7964608073234558,0.7964608073234558,Tomato___Spider_mites Two-spotted_spider_mite,0.1007196307182312,Tomato___Leaf_Mold,0.0412520058453083,HIGH,CORRECT
TRACK_A_INTERNAL,Tomato,tomato,tomato_plantvillage,D:\CropDiseaseProject\tomato_plantvillage\Tomato___Tomato_mosaic_virus\847307bc-58ab-45fc-8001-f1e07a38bc82___PSU_CG 2065.JPG,Tomato___Tomato_mosaic_virus,8,Tomato___Tomato_mosaic_virus,8,True,0.8541331887245178,0.8541331887245178,Tomato___Leaf_Mold,0.0788130313158035,Tomato___Spider_mites Two-spotted_spider_mite,0.0321737267076969,HIGH,CORRECT
TRACK_A_INTERNAL,Tomato,tomato,tomato_plantvillage,D:\CropDiseaseProject\tomato_plantvillage\Tomato___Tomato_mosaic_virus\6e67c953-5934-439c-8303-e1762793a36a___PSU_CG 2181.JPG,Tomato___Tomato_mosaic_virus,8,Tomato___Tomato_mosaic_virus,8,True,0.9877970814704896,0.9877970814704896,Tomato___Spider_mites Two-spotted_spider_mite,0.0095859747380018,Tomato___Tomato_Yellow_Leaf_Curl_Virus,0.0015691196313127,HIGH,CORRECT
TRACK_A_INTERNAL,Tomato,tomato,tomato_plantvillage,D:\CropDiseaseProject\tomato_plantvillage\Tomato___Tomato_mosaic_virus\ffdb355f-1de6-4217-8aac-6695ee621512___PSU_CG 2342.JPG,Tomato___Tomato_mosaic_virus,8,Tomato___Tomato_mosaic_virus,8,True,0.945268452167511,0.945268452167511,Tomato___Leaf_Mold,0.0235676914453506,Tomato___Septoria_leaf_spot,0.0233425199985504,HIGH,CORRECT
TRACK_A_INTERNAL,Tomato,tomato,tomato_plantvillage,D:\CropDiseaseProject\tomato_plantvillage\Tomato___Tomato_mosaic_virus\c16ac093-9b9b-4c37-b669-aa68f3cd55cf___PSU_CG 2270.JPG,Tomato___Tomato_mosaic_virus,8,Tomato___Tomato_mosaic_virus,8,True,0.8650301098823547,0.8650301098823547,Tomato___Leaf_Mold,0.0831312015652656,Tomato___Spider_mites Two-spotted_spider_mite,0.0366643853485584,HIGH,CORRECT
TRACK_A_INTERNAL,Tomato,tomato,tomato_plantvillage,D:\CropDiseaseProject\tomato_plantvillage\Tomato___Tomato_mosaic_virus\046a2559-23b4-4018-a3db-337347ceb391___PSU_CG 2321.JPG,Tomato___Tomato_mosaic_virus,8,Tomato___Tomato_mosaic_virus,8,True,0.9552249908447266,0.9552249908447266,Tomato___healthy,0.0418710708618164,Tomato___Spider_mites Two-spotted_spider_mite,0.0022631927859038,HIGH,CORRECT
TRACK_A_INTERNAL,Tomato,tomato,tomato_plantvillage,D:\CropDiseaseProject\tomato_plantvillage\Tomato___Tomato_mosaic_virus\fc40f0c6-d15e-4c87-ad7d-8c376306b20c___PSU_CG 2198.JPG,Tomato___Tomato_mosaic_virus,8,Tomato___Tomato_mosaic_virus,8,True,0.9979771971702576,0.9979771971702576,Tomato___Spider_mites Two-spotted_spider_mite,0.0006571178091689,Tomato___Late_blight,0.0005200152518227,HIGH,CORRECT
TRACK_A_INTERNAL,Tomato,tomato,tomato_plantvillage,D:\CropDiseaseProject\tomato_plantvillage\Tomato___Tomato_mosaic_virus\3790abe5-03cb-4d5c-bfaa-9dcbc64debb2___PSU_CG 2402.JPG,Tomato___Tomato_mosaic_virus,8,Tomato___Tomato_mosaic_virus,8,True,0.8993908166885376,0.8993908166885376,Tomato___healthy,0.0605323165655136,Tomato___Septoria_leaf_spot,0.0366183035075664,HIGH,CORRECT
TRACK_A_INTERNAL,Tomato,tomato,tomato_plantvillage,D:\CropDiseaseProject\tomato_plantvillage\Tomato___Tomato_mosaic_virus\0c05f5bb-e38d-422f-8b1c-632d8c0d730c___PSU_CG 2133.JPG,Tomato___Tomato_mosaic_virus,8,Tomato___Tomato_mosaic_virus,8,True,0.9944151639938354,0.9944151639938354,Tomato___Spider_mites Two-spotted_spider_mite,0.0049231862649321,Tomato___Tomato_Yellow_Leaf_Curl_Virus,0.000307529582642,HIGH,CORRECT
TRACK_A_INTERNAL,Tomato,tomato,tomato_plantvillage,D:\CropDiseaseProject\tomato_plantvillage\Tomato___Tomato_mosaic_virus\ebf036fa-436b-42aa-8a34-0b0f188bc54a___PSU_CG 2134.JPG,Tomato___Tomato_mosaic_virus,8,Tomato___Tomato_mosaic_virus,8,True,0.8526725769042969,0.8526725769042969,Tomato___Spider_mites Two-spotted_spider_mite,0.0887545123696327,Tomato___healthy,0.0547338649630546,HIGH,CORRECT
TRACK_A_INTERNAL,Tomato,tomato,tomato_plantvillage,D:\CropDiseaseProject\tomato_plantvillage\Tomato___Tomato_mosaic_virus\f73758a1-230b-49a7-87ae-7265232b6b67___PSU_CG 2128.JPG,Tomato___Tomato_mosaic_virus,8,Tomato___Tomato_mosaic_virus,8,True,0.7960482239723206,0.7960482239723206,Tomato___Late_blight,0.1032342314720153,Tomato___Leaf_Mold,0.0549381375312805,HIGH,CORRECT
TRACK_A_INTERNAL,Tomato,tomato,tomato_plantvillage,D:\CropDiseaseProject\tomato_plantvillage\Tomato___Tomato_mosaic_virus\263f99b9-9604-42c3-9a7f-687973b8dc79___PSU_CG 2280.JPG,Tomato___Tomato_mosaic_virus,8,Tomato___Tomato_mosaic_virus,8,True,0.5839318037033081,0.5839318037033081,Tomato___Spider_mites Two-spotted_spider_mite,0.3536283075809479,Tomato___Target_Spot,0.0241226479411125,HIGH,CORRECT
TRACK_A_INTERNAL,Tomato,tomato,tomato_plantvillage,D:\CropDiseaseProject\tomato_plantvillage\Tomato___Tomato_mosaic_virus\b455e70e-1ff9-4081-a0bb-6d16c88402e3___PSU_CG 2105.JPG,Tomato___Tomato_mosaic_virus,8,Tomato___Tomato_mosaic_virus,8,True,0.9999127388000488,0.9999127388000488,Tomato___Septoria_leaf_spot,5.245499050943181e-05,Tomato___Spider_mites Two-spotted_spider_mite,1.7079835743061267e-05,HIGH,CORRECT
TRACK_A_INTERNAL,Tomato,tomato,tomato_plantvillage,D:\CropDiseaseProject\tomato_plantvillage\Tomato___healthy\0184dc6b-bfc1-4515-ac59-bbadaf524e1a___GH_HL Leaf 422.1.JPG,Tomato___healthy,9,Tomato___healthy,9,True,0.990680992603302,0.990680992603302,Tomato___Target_Spot,0.0040801409631967,Tomato___Septoria_leaf_spot,0.0021718249190598,HIGH,CORRECT
TRACK_A_INTERNAL,Tomato,tomato,tomato_plantvillage,D:\CropDiseaseProject\tomato_plantvillage\Tomato___healthy\acdbf632-8d26-472d-874f-6d7df5cd0432___RS_HL 9897.JPG,Tomato___healthy,9,Tomato___healthy,9,True,0.9961085915565492,0.9961085915565492,Tomato___Target_Spot,0.0038802397903054,Tomato___Spider_mites Two-spotted_spider_mite,6.610068339796271e-06,HIGH,CORRECT
TRACK_A_INTERNAL,Tomato,tomato,tomato_plantvillage,D:\CropDiseaseProject\tomato_plantvillage\Tomato___healthy\249797c6-648f-4df5-ab87-a0b82eb08801___GH_HL Leaf 495.JPG,Tomato___healthy,9,Tomato___healthy,9,True,0.983256220817566,0.983256220817566,Tomato___Septoria_leaf_spot,0.014038136228919,Tomato___Target_Spot,0.0018242488149553,HIGH,CORRECT
TRACK_A_INTERNAL,Tomato,tomato,tomato_plantvillage,D:\CropDiseaseProject\tomato_plantvillage\Tomato___healthy\d688345e-4491-4f31-b2f4-d9111a12c2dd___GH_HL Leaf 288.JPG,Tomato___healthy,9,Tomato___healthy,9,True,0.9999983310699464,0.9999983310699464,Tomato___Target_Spot,1.5914117739157518e-06,Tomato___Septoria_leaf_spot,1.4372533385653696e-08,HIGH,CORRECT
TRACK_A_INTERNAL,Tomato,tomato,tomato_plantvillage,D:\CropDiseaseProject\tomato_plantvillage\Tomato___healthy\1d024f2a-0ceb-4560-81fc-1114e6341f02___RS_HL 0431.JPG,Tomato___healthy,9,Tomato___healthy,9,True,0.9980258941650392,0.9980258941650392,Tomato___Target_Spot,0.0015212279977276,Tomato___Spider_mites Two-spotted_spider_mite,0.0004528227145783,HIGH,CORRECT
TRACK_A_INTERNAL,Tomato,tomato,tomato_plantvillage,D:\CropDiseaseProject\tomato_plantvillage\Tomato___healthy\62c36cad-2102-451d-aca7-93f2e58e14ab___RS_HL 0481.JPG,Tomato___healthy,9,Tomato___healthy,9,True,0.99994695186615,0.99994695186615,Tomato___Spider_mites Two-spotted_spider_mite,4.85991986352019e-05,Tomato___Target_Spot,4.416463525558356e-06,HIGH,CORRECT
TRACK_A_INTERNAL,Tomato,tomato,tomato_plantvillage,D:\CropDiseaseProject\tomato_plantvillage\Tomato___healthy\787fe2db-da4f-4655-bbb7-6fd8025feffe___RS_HL 9795.JPG,Tomato___healthy,9,Tomato___healthy,9,True,0.9995235204696656,0.9995235204696656,Tomato___Target_Spot,0.0003136509330943,Tomato___Spider_mites Two-spotted_spider_mite,0.0001611858169781,HIGH,CORRECT
TRACK_A_INTERNAL,Tomato,tomato,tomato_plantvillage,D:\CropDiseaseProject\tomato_plantvillage\Tomato___healthy\ad8359a4-48b9-4469-a012-ed9b220de38e___GH_HL Leaf 285.1.JPG,Tomato___healthy,9,Tomato___healthy,9,True,0.9948263764381408,0.9948263764381408,Tomato___Spider_mites Two-spotted_spider_mite,0.0026580514386296,Tomato___Target_Spot,0.0020862517412751,HIGH,CORRECT
TRACK_A_INTERNAL,Tomato,tomato,tomato_plantvillage,D:\CropDiseaseProject\tomato_plantvillage\Tomato___healthy\9721c76f-52cc-4a63-a465-4cc32974806c___GH_HL Leaf 431.1.JPG,Tomato___healthy,9,Tomato___healthy,9,True,0.9757975935935974,0.9757975935935974,Tomato___Target_Spot,0.0159078929573297,Tomato___Spider_mites Two-spotted_spider_mite,0.0065327733755111,HIGH,CORRECT
TRACK_A_INTERNAL,Tomato,tomato,tomato_plantvillage,D:\CropDiseaseProject\tomato_plantvillage\Tomato___healthy\e6d12c88-7d13-4b26-ada8-c5b34ccc77a5___RS_HL 0435.JPG,Tomato___healthy,9,Tomato___healthy,9,True,0.945212721824646,0.945212721824646,Tomato___Target_Spot,0.0537511222064495,Tomato___Septoria_leaf_spot,0.0006201340002007,HIGH,CORRECT
TRACK_A_INTERNAL,Tomato,tomato,tomato_plantvillage,D:\CropDiseaseProject\tomato_plantvillage\Tomato___healthy\a882bb71-3c0f-4778-94db-9a228cfe619a___RS_HL 0095.JPG,Tomato___healthy,9,Tomato___healthy,9,True,0.999714195728302,0.999714195728302,Tomato___Target_Spot,0.0002285698719788,Tomato___Spider_mites Two-spotted_spider_mite,5.714557119063102e-05,HIGH,CORRECT
TRACK_A_INTERNAL,Tomato,tomato,tomato_plantvillage,D:\CropDiseaseProject\tomato_plantvillage\Tomato___healthy\2f9e1c60-06fc-41e9-af7d-a91c4a5e9f3d___GH_HL Leaf 504.1.JPG,Tomato___healthy,9,Tomato___healthy,9,True,0.9961165189743042,0.9961165189743042,Tomato___Septoria_leaf_spot,0.0029439127538353,Tomato___Tomato_mosaic_virus,0.0004695116367656,HIGH,CORRECT
TRACK_A_INTERNAL,Tomato,tomato,tomato_plantvillage,D:\CropDiseaseProject\tomato_plantvillage\Tomato___healthy\e9dbb60b-ba84-43c7-a1cc-55ce4712e892___RS_HL 0404.JPG,Tomato___healthy,9,Tomato___healthy,9,True,0.9997125267982484,0.9997125267982484,Tomato___Spider_mites Two-spotted_spider_mite,0.0002430437889415,Tomato___Target_Spot,4.404193896334618e-05,HIGH,CORRECT
TRACK_A_INTERNAL,Tomato,tomato,tomato_plantvillage,D:\CropDiseaseProject\tomato_plantvillage\Tomato___healthy\647d15d1-5520-458d-92a4-bd647bbccb90___RS_HL 9934.JPG,Tomato___healthy,9,Tomato___healthy,9,True,0.993392288684845,0.993392288684845,Tomato___Spider_mites Two-spotted_spider_mite,0.0058352123014628,Tomato___Target_Spot,0.0006626159301958,HIGH,CORRECT
TRACK_A_INTERNAL,Tomato,tomato,tomato_plantvillage,D:\CropDiseaseProject\tomato_plantvillage\Tomato___healthy\c59a5a86-2645-49e0-a6e0-c9e8112f95d5___GH_HL Leaf 166.1.JPG,Tomato___healthy,9,Tomato___healthy,9,True,0.9949824213981628,0.9949824213981628,Tomato___Late_blight,0.004981592297554,Tomato___Septoria_leaf_spot,1.654209518164862e-05,HIGH,CORRECT
TRACK_A_INTERNAL,Tomato,tomato,tomato_plantvillage,D:\CropDiseaseProject\tomato_plantvillage\Tomato___healthy\7864a688-3ee0-4ddc-83e8-6edb177dd6bf___GH_HL Leaf 193.1.JPG,Tomato___healthy,9,Tomato___healthy,9,True,0.9892318844795228,0.9892318844795228,Tomato___Septoria_leaf_spot,0.0084275677800178,Tomato___Target_Spot,0.0018236796604469,HIGH,CORRECT
TRACK_A_INTERNAL,Tomato,tomato,tomato_plantvillage,D:\CropDiseaseProject\tomato_plantvillage\Tomato___healthy\22356f83-9bb2-4b42-9283-bbf8e0dffba0___RS_HL 0430.JPG,Tomato___healthy,9,Tomato___healthy,9,True,0.7107304334640503,0.7107304334640503,Tomato___Target_Spot,0.2839721441268921,Tomato___Septoria_leaf_spot,0.0024583041667938,HIGH,CORRECT
TRACK_A_INTERNAL,Tomato,tomato,tomato_plantvillage,D:\CropDiseaseProject\tomato_plantvillage\Tomato___healthy\cae87492-704e-472a-8bc4-fea1ce042167___RS_HL 9915.JPG,Tomato___healthy,9,Tomato___healthy,9,True,0.9948328733444214,0.9948328733444214,Tomato___Target_Spot,0.0047791791148483,Tomato___Spider_mites Two-spotted_spider_mite,0.0003573324647732,HIGH,CORRECT
TRACK_A_INTERNAL,Tomato,tomato,tomato_plantvillage,D:\CropDiseaseProject\tomato_plantvillage\Tomato___healthy\221b0575-215a-430d-a728-60020b7ad160___GH_HL Leaf 340.JPG,Tomato___healthy,9,Tomato___healthy,9,True,0.9986220598220824,0.9986220598220824,Tomato___Target_Spot,0.0004202506970614,Tomato___Spider_mites Two-spotted_spider_mite,0.0004127965366933,HIGH,CORRECT
TRACK_A_INTERNAL,Tomato,tomato,tomato_plantvillage,D:\CropDiseaseProject\tomato_plantvillage\Tomato___healthy\c17bbdf8-c589-44bc-a805-6dec51568733___GH_HL Leaf 402.JPG,Tomato___healthy,9,Tomato___healthy,9,True,0.998160183429718,0.998160183429718,Tomato___Target_Spot,0.0016070655547082,Tomato___Spider_mites Two-spotted_spider_mite,0.0001588949089637,HIGH,CORRECT
TRACK_A_INTERNAL,Tomato,tomato,tomato_plantvillage,D:\CropDiseaseProject\tomato_plantvillage\Tomato___healthy\6f6db1db-e3d1-4715-b46e-d0c64524da81___GH_HL Leaf 502.4.JPG,Tomato___healthy,9,Tomato___healthy,9,True,0.9301533102989196,0.9301533102989196,Tomato___Septoria_leaf_spot,0.0630459859967231,Tomato___Late_blight,0.00368681573309,HIGH,CORRECT
TRACK_A_INTERNAL,Tomato,tomato,tomato_plantvillage,D:\CropDiseaseProject\tomato_plantvillage\Tomato___healthy\87f08e15-5b2d-4d01-b83b-fd958eba02d4___GH_HL Leaf 434.2.JPG,Tomato___healthy,9,Tomato___healthy,9,True,0.9787120819091796,0.9787120819091796,Tomato___Target_Spot,0.0136864632368087,Tomato___Spider_mites Two-spotted_spider_mite,0.0040387739427387,HIGH,CORRECT
TRACK_A_INTERNAL,Tomato,tomato,tomato_plantvillage,D:\CropDiseaseProject\tomato_plantvillage\Tomato___healthy\68f66822-cde2-4a2c-b58e-a16900362a75___RS_HL 9674.JPG,Tomato___healthy,9,Tomato___healthy,9,True,0.8788518309593201,0.8788518309593201,Tomato___Spider_mites Two-spotted_spider_mite,0.1179859861731529,Tomato___Target_Spot,0.0030447486788034,HIGH,CORRECT
TRACK_A_INTERNAL,Tomato,tomato,tomato_plantvillage,D:\CropDiseaseProject\tomato_plantvillage\Tomato___healthy\5546f7a3-67af-432a-9a09-35f02e6cc741___GH_HL Leaf 216.JPG,Tomato___healthy,9,Tomato___healthy,9,True,0.9999756813049316,0.9999756813049316,Tomato___Target_Spot,2.3043612600304183e-05,Tomato___Late_blight,6.441259756684303e-07,HIGH,CORRECT
TRACK_A_INTERNAL,Tomato,tomato,tomato_plantvillage,D:\CropDiseaseProject\tomato_plantvillage\Tomato___healthy\8e9914bb-920e-4469-b1d4-580ab5e8790a___RS_HL 0069.JPG,Tomato___healthy,9,Tomato___healthy,9,True,0.9849815368652344,0.9849815368652344,Tomato___Target_Spot,0.0137733938172459,Tomato___Spider_mites Two-spotted_spider_mite,0.0006008176133036,HIGH,CORRECT
TRACK_A_INTERNAL,Tomato,tomato,tomato_plantvillage,D:\CropDiseaseProject\tomato_plantvillage\Tomato___healthy\8f3da0fb-90a0-4eac-b065-822895c41c54___GH_HL Leaf 265.1.JPG,Tomato___healthy,9,Tomato___healthy,9,True,0.9983593821525574,0.9983593821525574,Tomato___Target_Spot,0.0013417294248938,Tomato___Spider_mites Two-spotted_spider_mite,0.0001630430633667,HIGH,CORRECT
TRACK_A_INTERNAL,Tomato,tomato,tomato_plantvillage,D:\CropDiseaseProject\tomato_plantvillage\Tomato___healthy\eacb7fe2-5c0a-4058-a7d7-a2270faee988___RS_HL 9654.JPG,Tomato___healthy,9,Tomato___healthy,9,True,0.9896091222763062,0.9896091222763062,Tomato___Target_Spot,0.0090995756909251,Tomato___Spider_mites Two-spotted_spider_mite,0.0012622589711099,HIGH,CORRECT
TRACK_A_INTERNAL,Tomato,tomato,tomato_plantvillage,D:\CropDiseaseProject\tomato_plantvillage\Tomato___healthy\c09f9b09-e43d-46bd-96d7-bb1162b4bb52___RS_HL 9644.JPG,Tomato___healthy,9,Tomato___healthy,9,True,0.9994727969169616,0.9994727969169616,Tomato___Target_Spot,0.0004057820769958,Tomato___Spider_mites Two-spotted_spider_mite,0.000121118100651,HIGH,CORRECT
TRACK_A_INTERNAL,Tomato,tomato,tomato_plantvillage,D:\CropDiseaseProject\tomato_plantvillage\Tomato___healthy\48cbd826-6822-4bd9-8bb4-6595db85a3f2___RS_HL 9783.JPG,Tomato___healthy,9,Tomato___healthy,9,True,0.9710020422935486,0.9710020422935486,Tomato___Target_Spot,0.0280562676489353,Tomato___Spider_mites Two-spotted_spider_mite,0.0008415860356763,HIGH,CORRECT
TRACK_A_INTERNAL,Tomato,tomato,tomato_plantvillage,D:\CropDiseaseProject\tomato_plantvillage\Tomato___healthy\8f009cfa-d6f0-4e8b-8950-71638f04d2c1___RS_HL 0582.JPG,Tomato___healthy,9,Tomato___healthy,9,True,0.9990412592887878,0.9990412592887878,Tomato___Spider_mites Two-spotted_spider_mite,0.0009031004738062,Tomato___Target_Spot,5.545413660001941e-05,HIGH,CORRECT
TRACK_A_INTERNAL,Grape,grape_niphad,grape_niphad,D:\CropDiseaseProject\grape_niphad\Bacterial Leaf Spot\Bacterial Leaf Spot_38.jpg,Bacterial Leaf Spot,0,Bacterial Leaf Spot,0,True,0.9311489462852478,0.9311489462852478,Healthy Leaves,0.063546784222126,Downy Mildew,0.0045090843923389,HIGH,CORRECT
TRACK_A_INTERNAL,Grape,grape_niphad,grape_niphad,D:\CropDiseaseProject\grape_niphad\Bacterial Leaf Spot\Bacterial Leaf Spot_42.JPG,Bacterial Leaf Spot,0,Bacterial Leaf Spot,0,True,0.8853162527084351,0.8853162527084351,Powdery Mildew,0.0992749035358429,Healthy Leaves,0.0118295727297663,HIGH,CORRECT
TRACK_A_INTERNAL,Grape,grape_niphad,grape_niphad,D:\CropDiseaseProject\grape_niphad\Bacterial Leaf Spot\Bacterial Leaf Spot_77.jpg,Bacterial Leaf Spot,0,Bacterial Leaf Spot,0,True,0.998029887676239,0.998029887676239,Healthy Leaves,0.0016922059003263,Downy Mildew,0.0002747616090346,HIGH,CORRECT
TRACK_A_INTERNAL,Grape,grape_niphad,grape_niphad,D:\CropDiseaseProject\grape_niphad\Bacterial Leaf Spot\Bacterial Leaf Spot_55.jpg,Bacterial Leaf Spot,0,Bacterial Leaf Spot,0,True,0.999990463256836,0.999990463256836,Powdery Mildew,5.17033004143741e-06,Downy Mildew,3.941129307349911e-06,HIGH,CORRECT
TRACK_A_INTERNAL,Grape,grape_niphad,grape_niphad,D:\CropDiseaseProject\grape_niphad\Bacterial Leaf Spot\Bacterial Leaf Spot_100.png,Bacterial Leaf Spot,0,Bacterial Leaf Spot,0,True,0.906444013118744,0.906444013118744,Healthy Leaves,0.0814200192689895,Esca (Black Measles),0.0096593061462044,HIGH,CORRECT
TRACK_A_INTERNAL,Grape,grape_niphad,grape_niphad,D:\CropDiseaseProject\grape_niphad\Bacterial Leaf Spot\Bacterial Leaf Spot_94.png,Bacterial Leaf Spot,0,Bacterial Leaf Spot,0,True,0.9502527713775636,0.9502527713775636,Leaf Blight,0.0275159701704978,Downy Mildew,0.0209606029093265,HIGH,CORRECT
TRACK_A_INTERNAL,Grape,grape_niphad,grape_niphad,D:\CropDiseaseProject\grape_niphad\Bacterial Leaf Spot\Bacterial Leaf Spot_83.jpg,Bacterial Leaf Spot,0,Healthy Leaves,4,False,0.5910947918891907,0.3531475365161896,Bacterial Leaf Spot,0.3531475365161896,Downy Mildew,0.0359079651534557,HIGH,MISCLASSIFICATION
TRACK_A_INTERNAL,Grape,grape_niphad,grape_niphad,D:\CropDiseaseProject\grape_niphad\Bacterial Leaf Spot\Bacterial Leaf Spot_88.png,Bacterial Leaf Spot,0,Bacterial Leaf Spot,0,True,0.9838567972183228,0.9838567972183228,Healthy Leaves,0.0055441702716052,Leaf Blight,0.0035361836198717,HIGH,CORRECT
TRACK_A_INTERNAL,Grape,grape_niphad,grape_niphad,D:\CropDiseaseProject\grape_niphad\Bacterial Leaf Spot\Bacterial Leaf Spot_60.jpg,Bacterial Leaf Spot,0,Bacterial Leaf Spot,0,True,0.6346672773361206,0.6346672773361206,Healthy Leaves,0.3586502969264984,Downy Mildew,0.0064487820491194,HIGH,CORRECT
TRACK_A_INTERNAL,Grape,grape_niphad,grape_niphad,D:\CropDiseaseProject\grape_niphad\Bacterial Leaf Spot\Bacterial Leaf Spot_46.JPG,Bacterial Leaf Spot,0,Bacterial Leaf Spot,0,True,0.9538315534591676,0.9538315534591676,Downy Mildew,0.0173438526690006,Healthy Leaves,0.016994409263134,HIGH,CORRECT
TRACK_A_INTERNAL,Grape,grape_niphad,grape_niphad,D:\CropDiseaseProject\grape_niphad\Bacterial Leaf Spot\Bacterial Leaf Spot_85.png,Bacterial Leaf Spot,0,Downy Mildew,2,False,0.9683127999305724,0.0186970457434654,Bacterial Leaf Spot,0.0186970457434654,Powdery Mildew,0.0056022433564066,HIGH,MISCLASSIFICATION
TRACK_A_INTERNAL,Grape,grape_niphad,grape_niphad,D:\CropDiseaseProject\grape_niphad\Bacterial Leaf Spot\Bacterial Leaf Spot_21.jpg,Bacterial Leaf Spot,0,Bacterial Leaf Spot,0,True,0.9419249892234802,0.9419249892234802,Downy Mildew,0.0518923848867416,Black Rot,0.0028048381209373,HIGH,CORRECT
TRACK_A_INTERNAL,Grape,grape_niphad,grape_niphad,D:\CropDiseaseProject\grape_niphad\Bacterial Leaf Spot\Bacterial Leaf Spot_61.jpg,Bacterial Leaf Spot,0,Bacterial Leaf Spot,0,True,0.9702599048614502,0.9702599048614502,Powdery Mildew,0.0293862968683242,Downy Mildew,0.000148165228893,HIGH,CORRECT
TRACK_A_INTERNAL,Grape,grape_niphad,grape_niphad,D:\CropDiseaseProject\grape_niphad\Bacterial Leaf Spot\Bacterial Leaf Spot_80.jpg,Bacterial Leaf Spot,0,Bacterial Leaf Spot,0,True,0.9097074270248412,0.9097074270248412,Healthy Leaves,0.086551234126091,Downy Mildew,0.0035076877102255,HIGH,CORRECT
TRACK_A_INTERNAL,Grape,grape_niphad,grape_niphad,D:\CropDiseaseProject\grape_niphad\Bacterial Leaf Spot\Bacterial Leaf Spot_73.jpg,Bacterial Leaf Spot,0,Bacterial Leaf Spot,0,True,0.7618238925933838,0.7618238925933838,Healthy Leaves,0.2310980260372162,Downy Mildew,0.0052370224148035,HIGH,CORRECT
TRACK_A_INTERNAL,Grape,grape_niphad,grape_niphad,D:\CropDiseaseProject\grape_niphad\Downy Mildew\Downy Mildew_795.jpg,Downy Mildew,2,Downy Mildew,2,True,0.9997527003288268,0.9997527003288268,Healthy Leaves,0.0002143426972907,Powdery Mildew,2.6166428142460063e-05,HIGH,CORRECT
TRACK_A_INTERNAL,Grape,grape_niphad,grape_niphad,D:\CropDiseaseProject\grape_niphad\Downy Mildew\Downy Mildew_412.jpg,Downy Mildew,2,Downy Mildew,2,True,0.9184255599975586,0.9184255599975586,Healthy Leaves,0.0761155784130096,Powdery Mildew,0.00510462699458,HIGH,CORRECT
TRACK_A_INTERNAL,Grape,grape_niphad,grape_niphad,D:\CropDiseaseProject\grape_niphad\Downy Mildew\Downy Mildew_512.jpg,Downy Mildew,2,Downy Mildew,2,True,0.995836853981018,0.995836853981018,Powdery Mildew,0.0040369080379605,Healthy Leaves,8.439048542641103e-05,HIGH,CORRECT
TRACK_A_INTERNAL,Grape,grape_niphad,grape_niphad,D:\CropDiseaseProject\grape_niphad\Downy Mildew\Downy Mildew_348.jpg,Downy Mildew,2,Downy Mildew,2,True,0.9833005666732788,0.9833005666732788,Powdery Mildew,0.016601150855422,Healthy Leaves,9.815915109356864e-05,HIGH,CORRECT
TRACK_A_INTERNAL,Grape,grape_niphad,grape_niphad,D:\CropDiseaseProject\grape_niphad\Downy Mildew\Downy Mildew_261.jpg,Downy Mildew,2,Downy Mildew,2,True,0.9999555349349976,0.9999555349349976,Powdery Mildew,3.5156612284481525e-05,Leaf Blight,5.576324383582687e-06,HIGH,CORRECT
TRACK_A_INTERNAL,Grape,grape_niphad,grape_niphad,D:\CropDiseaseProject\grape_niphad\Downy Mildew\Downy Mildew_469.jpg,Downy Mildew,2,Downy Mildew,2,True,0.9999982118606568,0.9999982118606568,Powdery Mildew,1.605997908882273e-06,Bacterial Leaf Spot,1.6073133224381309e-07,HIGH,CORRECT
TRACK_A_INTERNAL,Grape,grape_niphad,grape_niphad,D:\CropDiseaseProject\grape_niphad\Downy Mildew\Downy Mildew_451.jpg,Downy Mildew,2,Downy Mildew,2,True,0.9999997615814208,0.9999997615814208,Powdery Mildew,2.822983162786841e-07,Bacterial Leaf Spot,3.290368510988628e-08,HIGH,CORRECT
TRACK_A_INTERNAL,Grape,grape_niphad,grape_niphad,D:\CropDiseaseProject\grape_niphad\Downy Mildew\Downy Mildew_591.jpg,Downy Mildew,2,Downy Mildew,2,True,0.9999427795410156,0.9999427795410156,Powdery Mildew,5.692363629350439e-05,Bacterial Leaf Spot,2.190808316981929e-07,HIGH,CORRECT
TRACK_A_INTERNAL,Grape,grape_niphad,grape_niphad,D:\CropDiseaseProject\grape_niphad\Downy Mildew\Downy Mildew_620.jpg,Downy Mildew,2,Downy Mildew,2,True,0.9944239258766174,0.9944239258766174,Healthy Leaves,0.0052061616443097,Bacterial Leaf Spot,0.0003633087908383,HIGH,CORRECT
TRACK_A_INTERNAL,Grape,grape_niphad,grape_niphad,D:\CropDiseaseProject\grape_niphad\Downy Mildew\Downy Mildew_947.jpg,Downy Mildew,2,Downy Mildew,2,True,0.7221654653549194,0.7221654653549194,Healthy Leaves,0.2774933874607086,Black Rot,0.0002080708072753,HIGH,CORRECT
TRACK_A_INTERNAL,Grape,grape_niphad,grape_niphad,D:\CropDiseaseProject\grape_niphad\Downy Mildew\Downy Mildew_793.jpg,Downy Mildew,2,Downy Mildew,2,True,0.986525535583496,0.986525535583496,Powdery Mildew,0.0105910114943981,Black Rot,0.0016622391995042,HIGH,CORRECT
TRACK_A_INTERNAL,Grape,grape_niphad,grape_niphad,D:\CropDiseaseProject\grape_niphad\Downy Mildew\Downy Mildew_267.jpg,Downy Mildew,2,Downy Mildew,2,True,0.9855336546897888,0.9855336546897888,Powdery Mildew,0.0134620359167456,Healthy Leaves,0.0009955799905583,HIGH,CORRECT
TRACK_A_INTERNAL,Grape,grape_niphad,grape_niphad,D:\CropDiseaseProject\grape_niphad\Downy Mildew\Downy Mildew_788.jpg,Downy Mildew,2,Downy Mildew,2,True,0.9984579086303712,0.9984579086303712,Powdery Mildew,0.0011212796671316,Healthy Leaves,0.0003114515857305,HIGH,CORRECT
TRACK_A_INTERNAL,Grape,grape_niphad,grape_niphad,D:\CropDiseaseProject\grape_niphad\Downy Mildew\Downy Mildew_646.jpg,Downy Mildew,2,Downy Mildew,2,True,0.998729169368744,0.998729169368744,Healthy Leaves,0.0010323703754693,Bacterial Leaf Spot,0.000167044418049,HIGH,CORRECT
TRACK_A_INTERNAL,Grape,grape_niphad,grape_niphad,D:\CropDiseaseProject\grape_niphad\Downy Mildew\Downy Mildew_60.jpg,Downy Mildew,2,Downy Mildew,2,True,0.9996104836463928,0.9996104836463928,Powdery Mildew,0.000335291668307,Healthy Leaves,3.184479282936081e-05,HIGH,CORRECT
TRACK_A_INTERNAL,Grape,grape_niphad,grape_niphad,D:\CropDiseaseProject\grape_niphad\Downy Mildew\Downy Mildew_111.jpg,Downy Mildew,2,Downy Mildew,2,True,0.8968689441680908,0.8968689441680908,Healthy Leaves,0.0955180525779724,Powdery Mildew,0.0046747354790568,HIGH,CORRECT
TRACK_A_INTERNAL,Grape,grape_niphad,grape_niphad,D:\CropDiseaseProject\grape_niphad\Downy Mildew\Downy Mildew_102.jpg,Downy Mildew,2,Downy Mildew,2,True,0.993805170059204,0.993805170059204,Healthy Leaves,0.0059087220579385,Powdery Mildew,0.0002840398228727,HIGH,CORRECT
TRACK_A_INTERNAL,Grape,grape_niphad,grape_niphad,D:\CropDiseaseProject\grape_niphad\Downy Mildew\Downy Mildew_479.jpg,Downy Mildew,2,Downy Mildew,2,True,0.9715414047241212,0.9715414047241212,Powdery Mildew,0.0221386477351188,Healthy Leaves,0.0060937656089663,HIGH,CORRECT
TRACK_A_INTERNAL,Grape,grape_niphad,grape_niphad,D:\CropDiseaseProject\grape_niphad\Downy Mildew\Downy Mildew_915.jpg,Downy Mildew,2,Downy Mildew,2,True,0.9547716975212096,0.9547716975212096,Healthy Leaves,0.0430362075567245,Powdery Mildew,0.0019131422741338,HIGH,CORRECT
TRACK_A_INTERNAL,Grape,grape_niphad,grape_niphad,D:\CropDiseaseProject\grape_niphad\Downy Mildew\Downy Mildew_438.jpg,Downy Mildew,2,Downy Mildew,2,True,0.9999505281448364,0.9999505281448364,Powdery Mildew,3.692245445563458e-05,Healthy Leaves,1.223284562001936e-05,HIGH,CORRECT
TRACK_A_INTERNAL,Grape,grape_niphad,grape_niphad,D:\CropDiseaseProject\grape_niphad\Downy Mildew\Downy Mildew_704.jpg,Downy Mildew,2,Downy Mildew,2,True,0.998357117176056,0.998357117176056,Powdery Mildew,0.0011546741006895,Bacterial Leaf Spot,0.000329183822032,HIGH,CORRECT
TRACK_A_INTERNAL,Grape,grape_niphad,grape_niphad,D:\CropDiseaseProject\grape_niphad\Downy Mildew\Downy Mildew_933.jpg,Downy Mildew,2,Downy Mildew,2,True,0.9997525811195374,0.9997525811195374,Healthy Leaves,0.0002031268668361,Powdery Mildew,3.556377487257123e-05,HIGH,CORRECT
TRACK_A_INTERNAL,Grape,grape_niphad,grape_niphad,D:\CropDiseaseProject\grape_niphad\Downy Mildew\Downy Mildew_252.jpg,Downy Mildew,2,Downy Mildew,2,True,0.996778666973114,0.996778666973114,Healthy Leaves,0.0028510140255093,Powdery Mildew,0.000292301090667,HIGH,CORRECT
TRACK_A_INTERNAL,Grape,grape_niphad,grape_niphad,D:\CropDiseaseProject\grape_niphad\Downy Mildew\Downy Mildew_920.jpg,Downy Mildew,2,Downy Mildew,2,True,0.9995784163475036,0.9995784163475036,Healthy Leaves,0.0003678461944218,Bacterial Leaf Spot,5.062757190898992e-05,HIGH,CORRECT
TRACK_A_INTERNAL,Grape,grape_niphad,grape_niphad,D:\CropDiseaseProject\grape_niphad\Downy Mildew\Downy Mildew_494.jpg,Downy Mildew,2,Downy Mildew,2,True,0.9935961961746216,0.9935961961746216,Bacterial Leaf Spot,0.005419123917818,Powdery Mildew,0.000798828958068,HIGH,CORRECT
TRACK_A_INTERNAL,Grape,grape_niphad,grape_niphad,D:\CropDiseaseProject\grape_niphad\Downy Mildew\Downy Mildew_132.jpg,Downy Mildew,2,Downy Mildew,2,True,0.9999170303344728,0.9999170303344728,Healthy Leaves,5.154607424628921e-05,Powdery Mildew,3.066287536057644e-05,HIGH,CORRECT
TRACK_A_INTERNAL,Grape,grape_niphad,grape_niphad,D:\CropDiseaseProject\grape_niphad\Downy Mildew\Downy Mildew_884.jpg,Downy Mildew,2,Downy Mildew,2,True,0.9999011754989624,0.9999011754989624,Powdery Mildew,9.607695392332972e-05,Healthy Leaves,2.41233101405669e-06,HIGH,CORRECT
TRACK_A_INTERNAL,Grape,grape_niphad,grape_niphad,D:\CropDiseaseProject\grape_niphad\Downy Mildew\Downy Mildew_76.jpg,Downy Mildew,2,Downy Mildew,2,True,0.9334129095077516,0.9334129095077516,Powdery Mildew,0.052840668708086,Healthy Leaves,0.0098469844087958,HIGH,CORRECT
TRACK_A_INTERNAL,Grape,grape_niphad,grape_niphad,D:\CropDiseaseProject\grape_niphad\Downy Mildew\Downy Mildew_531.jpg,Downy Mildew,2,Downy Mildew,2,True,0.9999921321868896,0.9999921321868896,Powdery Mildew,7.635998372279573e-06,Bacterial Leaf Spot,5.8584813444895196e-08,HIGH,CORRECT
TRACK_A_INTERNAL,Grape,grape_niphad,grape_niphad,D:\CropDiseaseProject\grape_niphad\Downy Mildew\Downy Mildew_739.jpg,Downy Mildew,2,Downy Mildew,2,True,0.9988877177238464,0.9988877177238464,Healthy Leaves,0.0010485212551429,Powdery Mildew,5.629883526125923e-05,HIGH,CORRECT
TRACK_A_INTERNAL,Grape,grape_niphad,grape_niphad,D:\CropDiseaseProject\grape_niphad\Healthy Leaves\Healthy Leaves_387.jpg,Healthy Leaves,4,Healthy Leaves,4,True,0.9999338388442992,0.9999338388442992,Powdery Mildew,4.929857823299244e-05,Black Rot,1.0339912478229962e-05,HIGH,CORRECT
TRACK_A_INTERNAL,Grape,grape_niphad,grape_niphad,D:\CropDiseaseProject\grape_niphad\Healthy Leaves\Healthy Leaves_1095.jpg,Healthy Leaves,4,Healthy Leaves,4,True,0.9776993989944458,0.9776993989944458,Downy Mildew,0.0146308941766619,Powdery Mildew,0.0068513615988194,HIGH,CORRECT
TRACK_A_INTERNAL,Grape,grape_niphad,grape_niphad,D:\CropDiseaseProject\grape_niphad\Healthy Leaves\Healthy Leaves_1034.jpg,Healthy Leaves,4,Healthy Leaves,4,True,0.9947633147239684,0.9947633147239684,Powdery Mildew,0.0051485355943441,Black Rot,6.062336251488887e-05,HIGH,CORRECT
TRACK_A_INTERNAL,Grape,grape_niphad,grape_niphad,D:\CropDiseaseProject\grape_niphad\Healthy Leaves\Healthy Leaves_71.jpg,Healthy Leaves,4,Healthy Leaves,4,True,0.956823468208313,0.956823468208313,Powdery Mildew,0.0364938899874687,Downy Mildew,0.0053220894187688,HIGH,CORRECT
TRACK_A_INTERNAL,Grape,grape_niphad,grape_niphad,D:\CropDiseaseProject\grape_niphad\Healthy Leaves\Healthy Leaves_509.jpg,Healthy Leaves,4,Healthy Leaves,4,True,0.9982178807258606,0.9982178807258606,Powdery Mildew,0.0016989926807582,Downy Mildew,7.127039134502411e-05,HIGH,CORRECT
TRACK_A_INTERNAL,Grape,grape_niphad,grape_niphad,D:\CropDiseaseProject\grape_niphad\Healthy Leaves\Healthy Leaves_464.jpg,Healthy Leaves,4,Healthy Leaves,4,True,0.99985933303833,0.99985933303833,Bacterial Leaf Spot,6.578100146725774e-05,Black Rot,3.410981662455015e-05,HIGH,CORRECT
TRACK_A_INTERNAL,Grape,grape_niphad,grape_niphad,D:\CropDiseaseProject\grape_niphad\Healthy Leaves\Healthy Leaves_446.jpg,Healthy Leaves,4,Healthy Leaves,4,True,0.9946735501289368,0.9946735501289368,Powdery Mildew,0.0050089214928448,Downy Mildew,0.0003041065938305,HIGH,CORRECT
TRACK_A_INTERNAL,Grape,grape_niphad,grape_niphad,D:\CropDiseaseProject\grape_niphad\Healthy Leaves\Healthy Leaves_276.jpg,Healthy Leaves,4,Healthy Leaves,4,True,0.9649412631988524,0.9649412631988524,Powdery Mildew,0.0209847930818796,Downy Mildew,0.011104704812169,HIGH,CORRECT
TRACK_A_INTERNAL,Grape,grape_niphad,grape_niphad,D:\CropDiseaseProject\grape_niphad\Healthy Leaves\Healthy Leaves_268.jpg,Healthy Leaves,4,Healthy Leaves,4,True,0.9986190795898438,0.9986190795898438,Bacterial Leaf Spot,0.0009869936620816,Downy Mildew,0.0003125043003819,HIGH,CORRECT
TRACK_A_INTERNAL,Grape,grape_niphad,grape_niphad,D:\CropDiseaseProject\grape_niphad\Healthy Leaves\Healthy Leaves_1035.jpg,Healthy Leaves,4,Healthy Leaves,4,True,0.997296154499054,0.997296154499054,Powdery Mildew,0.0024257185868918,Downy Mildew,0.0002755787281785,HIGH,CORRECT
TRACK_A_INTERNAL,Grape,grape_niphad,grape_niphad,D:\CropDiseaseProject\grape_niphad\Healthy Leaves\Healthy Leaves_901.jpg,Healthy Leaves,4,Healthy Leaves,4,True,0.9635037779808044,0.9635037779808044,Downy Mildew,0.0208167433738708,Bacterial Leaf Spot,0.0136798042804002,HIGH,CORRECT
TRACK_A_INTERNAL,Grape,grape_niphad,grape_niphad,D:\CropDiseaseProject\grape_niphad\Healthy Leaves\Healthy Leaves_1167.jpg,Healthy Leaves,4,Healthy Leaves,4,True,0.9941725134849548,0.9941725134849548,Downy Mildew,0.0051282825879752,Powdery Mildew,0.0006359614781104,HIGH,CORRECT
TRACK_A_INTERNAL,Grape,grape_niphad,grape_niphad,D:\CropDiseaseProject\grape_niphad\Healthy Leaves\Healthy Leaves_500.jpg,Healthy Leaves,4,Healthy Leaves,4,True,0.9868658185005188,0.9868658185005188,Downy Mildew,0.011194908991456,Bacterial Leaf Spot,0.001466533052735,HIGH,CORRECT
TRACK_A_INTERNAL,Grape,grape_niphad,grape_niphad,D:\CropDiseaseProject\grape_niphad\Healthy Leaves\Healthy Leaves_183.jpg,Healthy Leaves,4,Healthy Leaves,4,True,0.9997692704200744,0.9997692704200744,Powdery Mildew,0.0002171355008613,Downy Mildew,1.3355373084777966e-05,HIGH,CORRECT
TRACK_A_INTERNAL,Grape,grape_niphad,grape_niphad,D:\CropDiseaseProject\grape_niphad\Healthy Leaves\Healthy Leaves_1161.png,Healthy Leaves,4,Healthy Leaves,4,True,0.998582124710083,0.998582124710083,Esca (Black Measles),0.0008868432487361,Powdery Mildew,0.0002277719031553,HIGH,CORRECT
TRACK_A_INTERNAL,Grape,grape_niphad,grape_niphad,D:\CropDiseaseProject\grape_niphad\Healthy Leaves\Healthy Leaves_549.jpg,Healthy Leaves,4,Healthy Leaves,4,True,0.9999914169311525,0.9999914169311525,Powdery Mildew,7.659828952455427e-06,Downy Mildew,4.185437774140155e-07,HIGH,CORRECT
TRACK_A_INTERNAL,Grape,grape_niphad,grape_niphad,D:\CropDiseaseProject\grape_niphad\Healthy Leaves\Healthy Leaves_1149.jpg,Healthy Leaves,4,Healthy Leaves,4,True,0.9985853433609008,0.9985853433609008,Bacterial Leaf Spot,0.0010131828021258,Downy Mildew,0.0003197810729034,HIGH,CORRECT
TRACK_A_INTERNAL,Grape,grape_niphad,grape_niphad,D:\CropDiseaseProject\grape_niphad\Healthy Leaves\Healthy Leaves_1023.jpg,Healthy Leaves,4,Healthy Leaves,4,True,0.9914947748184204,0.9914947748184204,Powdery Mildew,0.007905488833785,Downy Mildew,0.0002237865119241,HIGH,CORRECT
TRACK_A_INTERNAL,Grape,grape_niphad,grape_niphad,D:\CropDiseaseProject\grape_niphad\Healthy Leaves\Healthy Leaves_817.jpg,Healthy Leaves,4,Healthy Leaves,4,True,0.9523164629936218,0.9523164629936218,Downy Mildew,0.0352814756333828,Powdery Mildew,0.0120481578633189,HIGH,CORRECT
TRACK_A_INTERNAL,Grape,grape_niphad,grape_niphad,D:\CropDiseaseProject\grape_niphad\Healthy Leaves\Healthy Leaves_821.jpg,Healthy Leaves,4,Healthy Leaves,4,True,0.9995031356811525,0.9995031356811525,Downy Mildew,0.0004407649103086,Powdery Mildew,3.513976844260469e-05,HIGH,CORRECT
TRACK_A_INTERNAL,Grape,grape_niphad,grape_niphad,D:\CropDiseaseProject\grape_niphad\Healthy Leaves\Healthy Leaves_402.jpg,Healthy Leaves,4,Healthy Leaves,4,True,0.8545476198196411,0.8545476198196411,Downy Mildew,0.0933879539370536,Powdery Mildew,0.051298975944519,HIGH,CORRECT
TRACK_A_INTERNAL,Grape,grape_niphad,grape_niphad,D:\CropDiseaseProject\grape_niphad\Healthy Leaves\Healthy Leaves_247.jpg,Healthy Leaves,4,Healthy Leaves,4,True,0.8932492136955261,0.8932492136955261,Downy Mildew,0.0954786166548729,Powdery Mildew,0.0099027156829833,HIGH,CORRECT
TRACK_A_INTERNAL,Grape,grape_niphad,grape_niphad,D:\CropDiseaseProject\grape_niphad\Healthy Leaves\Healthy Leaves_174.jpg,Healthy Leaves,4,Healthy Leaves,4,True,0.9983722567558287,0.9983722567558287,Powdery Mildew,0.0016120086656883,Downy Mildew,1.1275054930592889e-05,HIGH,CORRECT
TRACK_A_INTERNAL,Grape,grape_niphad,grape_niphad,D:\CropDiseaseProject\grape_niphad\Healthy Leaves\Healthy Leaves_1152.jpg,Healthy Leaves,4,Healthy Leaves,4,True,0.9999934434890748,0.9999934434890748,Downy Mildew,4.750679181597661e-06,Bacterial Leaf Spot,9.822717856877716e-07,HIGH,CORRECT
TRACK_A_INTERNAL,Grape,grape_niphad,grape_niphad,D:\CropDiseaseProject\grape_niphad\Healthy Leaves\Healthy Leaves_910.jpg,Healthy Leaves,4,Healthy Leaves,4,True,0.8836126923561096,0.8836126923561096,Powdery Mildew,0.0619037710130214,Downy Mildew,0.0540711097419261,HIGH,CORRECT
TRACK_A_INTERNAL,Grape,grape_niphad,grape_niphad,D:\CropDiseaseProject\grape_niphad\Healthy Leaves\Healthy Leaves_601.jpg,Healthy Leaves,4,Healthy Leaves,4,True,0.9972272515296936,0.9972272515296936,Downy Mildew,0.0022726904135197,Powdery Mildew,0.0001802352198865,HIGH,CORRECT
TRACK_A_INTERNAL,Grape,grape_niphad,grape_niphad,D:\CropDiseaseProject\grape_niphad\Healthy Leaves\Healthy Leaves_59.jpg,Healthy Leaves,4,Healthy Leaves,4,True,0.9511043429374696,0.9511043429374696,Powdery Mildew,0.0411724708974361,Downy Mildew,0.0070527289062738,HIGH,CORRECT
TRACK_A_INTERNAL,Grape,grape_niphad,grape_niphad,D:\CropDiseaseProject\grape_niphad\Healthy Leaves\Healthy Leaves_531.jpg,Healthy Leaves,4,Healthy Leaves,4,True,0.9984719157218932,0.9984719157218932,Powdery Mildew,0.0008286203956231,Bacterial Leaf Spot,0.000443650787929,HIGH,CORRECT
TRACK_A_INTERNAL,Grape,grape_niphad,grape_niphad,D:\CropDiseaseProject\grape_niphad\Healthy Leaves\Healthy Leaves_484.jpg,Healthy Leaves,4,Healthy Leaves,4,True,0.9834285378456116,0.9834285378456116,Downy Mildew,0.0125251300632953,Powdery Mildew,0.002655308926478,HIGH,CORRECT
TRACK_A_INTERNAL,Grape,grape_niphad,grape_niphad,D:\CropDiseaseProject\grape_niphad\Healthy Leaves\Healthy Leaves_374.jpg,Healthy Leaves,4,Healthy Leaves,4,True,0.9957159161567688,0.9957159161567688,Powdery Mildew,0.0041041173972189,Bacterial Leaf Spot,9.502519242232664e-05,HIGH,CORRECT
TRACK_A_INTERNAL,Grape,grape_niphad,grape_niphad,D:\CropDiseaseProject\grape_niphad\Powdery Mildew\Powdery Mildew_240.jpg,Powdery Mildew,6,Powdery Mildew,6,True,0.9994348883628844,0.9994348883628844,Healthy Leaves,0.0003616007452365,Downy Mildew,0.0001760707964422,HIGH,CORRECT
TRACK_A_INTERNAL,Grape,grape_niphad,grape_niphad,D:\CropDiseaseProject\grape_niphad\Powdery Mildew\Powdery Mildew_384.JPG,Powdery Mildew,6,Powdery Mildew,6,True,0.7279416918754578,0.7279416918754578,Downy Mildew,0.241647407412529,Healthy Leaves,0.0201835725456476,HIGH,CORRECT
TRACK_A_INTERNAL,Grape,grape_niphad,grape_niphad,D:\CropDiseaseProject\grape_niphad\Powdery Mildew\Powdery Mildew_359.jpg,Powdery Mildew,6,Powdery Mildew,6,True,0.9860162138938904,0.9860162138938904,Healthy Leaves,0.0125399688258767,Downy Mildew,0.0011252847034484,HIGH,CORRECT
TRACK_A_INTERNAL,Grape,grape_niphad,grape_niphad,D:\CropDiseaseProject\grape_niphad\Powdery Mildew\Powdery Mildew_339.jpg,Powdery Mildew,6,Downy Mildew,2,False,0.4612973928451538,0.4438936710357666,Powdery Mildew,0.4438936710357666,Healthy Leaves,0.0938695073127746,HIGH,MISCLASSIFICATION
TRACK_A_INTERNAL,Grape,grape_niphad,grape_niphad,D:\CropDiseaseProject\grape_niphad\Powdery Mildew\Powdery Mildew_385.JPG,Powdery Mildew,6,Healthy Leaves,4,False,0.6957339644432068,0.054403681308031,Bacterial Leaf Spot,0.2116168886423111,Powdery Mildew,0.054403681308031,HIGH,MISCLASSIFICATION
TRACK_A_INTERNAL,Grape,grape_niphad,grape_niphad,D:\CropDiseaseProject\grape_niphad\Powdery Mildew\Powdery Mildew_21.jpg,Powdery Mildew,6,Powdery Mildew,6,True,0.9981643557548524,0.9981643557548524,Healthy Leaves,0.0017891090828925,Downy Mildew,4.47974780399818e-05,HIGH,CORRECT
TRACK_A_INTERNAL,Grape,grape_niphad,grape_niphad,D:\CropDiseaseProject\grape_niphad\Powdery Mildew\Powdery Mildew_8.png,Powdery Mildew,6,Esca (Black Measles),3,False,0.7326404452323914,0.0314254686236381,Leaf Blight,0.120008647441864,Black Rot,0.1039221063256263,HIGH,MISCLASSIFICATION
TRACK_A_INTERNAL,Grape,grape_niphad,grape_niphad,D:\CropDiseaseProject\grape_niphad\Powdery Mildew\Powdery Mildew_47.jpg,Powdery Mildew,6,Powdery Mildew,6,True,0.9996090531349182,0.9996090531349182,Downy Mildew,0.0001786228822311,Healthy Leaves,0.0001670776255195,HIGH,CORRECT
TRACK_A_INTERNAL,Grape,grape_niphad,grape_niphad,D:\CropDiseaseProject\grape_niphad\Powdery Mildew\Powdery Mildew_198.jpg,Powdery Mildew,6,Powdery Mildew,6,True,0.7336779832839966,0.7336779832839966,Healthy Leaves,0.228851243853569,Downy Mildew,0.0373918898403644,HIGH,CORRECT
TRACK_A_INTERNAL,Grape,grape_niphad,grape_niphad,D:\CropDiseaseProject\grape_niphad\Powdery Mildew\Powdery Mildew_368.JPG,Powdery Mildew,6,Powdery Mildew,6,True,0.9908320307731628,0.9908320307731628,Healthy Leaves,0.0056656464003026,Downy Mildew,0.0034558952320367,HIGH,CORRECT
TRACK_A_INTERNAL,Grape,grape_niphad,grape_niphad,D:\CropDiseaseProject\grape_niphad\Powdery Mildew\Powdery Mildew_19.jpg,Powdery Mildew,6,Powdery Mildew,6,True,0.859895646572113,0.859895646572113,Downy Mildew,0.0763657316565513,Healthy Leaves,0.0376827381551265,HIGH,CORRECT
TRACK_A_INTERNAL,Grape,grape_niphad,grape_niphad,D:\CropDiseaseProject\grape_niphad\Powdery Mildew\Powdery Mildew_225.jpg,Powdery Mildew,6,Powdery Mildew,6,True,0.5485216379165649,0.5485216379165649,Downy Mildew,0.4313348233699798,Healthy Leaves,0.0162320062518119,HIGH,CORRECT
TRACK_A_INTERNAL,Grape,grape_niphad,grape_niphad,D:\CropDiseaseProject\grape_niphad\Powdery Mildew\Powdery Mildew_388.JPG,Powdery Mildew,6,Powdery Mildew,6,True,0.992488980293274,0.992488980293274,Downy Mildew,0.0046366034075617,Healthy Leaves,0.0027674832381308,HIGH,CORRECT
TRACK_A_INTERNAL,Grape,grape_niphad,grape_niphad,D:\CropDiseaseProject\grape_niphad\Powdery Mildew\Powdery Mildew_11.jpg,Powdery Mildew,6,Powdery Mildew,6,True,0.9998761415481568,0.9998761415481568,Downy Mildew,0.000106609048089,Healthy Leaves,1.4076347724767402e-05,HIGH,CORRECT
TRACK_A_INTERNAL,Grape,grape_niphad,grape_niphad,D:\CropDiseaseProject\grape_niphad\Powdery Mildew\Powdery Mildew_176.jpg,Powdery Mildew,6,Powdery Mildew,6,True,0.9958490133285522,0.9958490133285522,Downy Mildew,0.0038367777597159,Bacterial Leaf Spot,0.0001399082248099,HIGH,CORRECT
TRACK_A_INTERNAL,Grape,grape_niphad,grape_niphad,D:\CropDiseaseProject\grape_niphad\Powdery Mildew\Powdery Mildew_305.jpg,Powdery Mildew,6,Powdery Mildew,6,True,0.9111545085906982,0.9111545085906982,Healthy Leaves,0.0590727999806404,Downy Mildew,0.0297663286328315,HIGH,CORRECT
TRACK_A_INTERNAL,Grape,grape_niphad,grape_niphad,D:\CropDiseaseProject\grape_niphad\Powdery Mildew\Powdery Mildew_89.jpg,Powdery Mildew,6,Powdery Mildew,6,True,0.9929087162017822,0.9929087162017822,Healthy Leaves,0.0054294168949127,Bacterial Leaf Spot,0.0012232322478666,HIGH,CORRECT
TRACK_A_INTERNAL,Grape,grape_niphad,grape_niphad,D:\CropDiseaseProject\grape_niphad\Powdery Mildew\Powdery Mildew_4.png,Powdery Mildew,6,Healthy Leaves,4,False,0.5162630677223206,0.1268271803855896,Downy Mildew,0.198567658662796,Powdery Mildew,0.1268271803855896,HIGH,MISCLASSIFICATION
TRACK_A_INTERNAL,Grape,grape_niphad,grape_niphad,D:\CropDiseaseProject\grape_niphad\Powdery Mildew\Powdery Mildew_261.jpg,Powdery Mildew,6,Powdery Mildew,6,True,0.9982247948646544,0.9982247948646544,Downy Mildew,0.0007951050065457,Healthy Leaves,0.0006982052000239,HIGH,CORRECT
TRACK_A_INTERNAL,Grape,grape_niphad,grape_niphad,D:\CropDiseaseProject\grape_niphad\Powdery Mildew\Powdery Mildew_219.jpg,Powdery Mildew,6,Powdery Mildew,6,True,0.8807555437088013,0.8807555437088013,Downy Mildew,0.118094265460968,Bacterial Leaf Spot,0.000794127350673,HIGH,CORRECT
TRACK_A_INTERNAL,Grape,grape_niphad,grape_niphad,D:\CropDiseaseProject\grape_niphad\Powdery Mildew\Powdery Mildew_290.jpg,Powdery Mildew,6,Powdery Mildew,6,True,0.951390266418457,0.951390266418457,Healthy Leaves,0.047317586839199,Downy Mildew,0.0012498043943196,HIGH,CORRECT
TRACK_A_INTERNAL,Grape,grape_niphad,grape_niphad,D:\CropDiseaseProject\grape_niphad\Powdery Mildew\Powdery Mildew_232.jpg,Powdery Mildew,6,Powdery Mildew,6,True,0.9839019179344176,0.9839019179344176,Healthy Leaves,0.0065683126449584,Bacterial Leaf Spot,0.0064837555401027,HIGH,CORRECT
TRACK_A_INTERNAL,Grape,grape_niphad,grape_niphad,D:\CropDiseaseProject\grape_niphad\Powdery Mildew\Powdery Mildew_326.jpg,Powdery Mildew,6,Powdery Mildew,6,True,0.9955139756202698,0.9955139756202698,Downy Mildew,0.0029123006388545,Healthy Leaves,0.0015661526704207,HIGH,CORRECT
TRACK_A_INTERNAL,Grape,grape_niphad,grape_niphad,D:\CropDiseaseProject\grape_niphad\Powdery Mildew\Powdery Mildew_84.jpg,Powdery Mildew,6,Powdery Mildew,6,True,0.9998990297317504,0.9998990297317504,Bacterial Leaf Spot,9.754535130923614e-05,Downy Mildew,1.6429356719527275e-06,HIGH,CORRECT
TRACK_A_INTERNAL,Grape,grape_niphad,grape_niphad,D:\CropDiseaseProject\grape_niphad\Powdery Mildew\Powdery Mildew_62.jpg,Powdery Mildew,6,Powdery Mildew,6,True,0.9990461468696594,0.9990461468696594,Healthy Leaves,0.0006387254106812,Downy Mildew,0.0002580888394732,HIGH,CORRECT
TRACK_A_INTERNAL,Grape,grape_niphad,grape_niphad,D:\CropDiseaseProject\grape_niphad\Powdery Mildew\Powdery Mildew_203.jpg,Powdery Mildew,6,Powdery Mildew,6,True,0.790154218673706,0.790154218673706,Healthy Leaves,0.11646618694067,Downy Mildew,0.0933660194277763,HIGH,CORRECT
TRACK_A_INTERNAL,Grape,grape_niphad,grape_niphad,D:\CropDiseaseProject\grape_niphad\Powdery Mildew\Powdery Mildew_154.jpg,Powdery Mildew,6,Powdery Mildew,6,True,0.8579230904579163,0.8579230904579163,Healthy Leaves,0.1373321712017059,Downy Mildew,0.0035291872918605,HIGH,CORRECT
TRACK_A_INTERNAL,Grape,grape_niphad,grape_niphad,D:\CropDiseaseProject\grape_niphad\Powdery Mildew\Powdery Mildew_126.jpg,Powdery Mildew,6,Powdery Mildew,6,True,0.9987961053848268,0.9987961053848268,Downy Mildew,0.0010622930712997,Healthy Leaves,0.0001006101738312,HIGH,CORRECT
TRACK_A_INTERNAL,Grape,grape_niphad,grape_niphad,D:\CropDiseaseProject\grape_niphad\Powdery Mildew\Powdery Mildew_245.jpg,Powdery Mildew,6,Powdery Mildew,6,True,0.9999775886535645,0.9999775886535645,Downy Mildew,1.697951665846631e-05,Esca (Black Measles),2.262370571770589e-06,HIGH,CORRECT
TRACK_A_INTERNAL,Grape,grape_niphad,grape_niphad,D:\CropDiseaseProject\grape_niphad\Powdery Mildew\Powdery Mildew_377.JPG,Powdery Mildew,6,Powdery Mildew,6,True,0.7377282977104187,0.7377282977104187,Bacterial Leaf Spot,0.2502340972423553,Healthy Leaves,0.0105973472818732,HIGH,CORRECT
TRACK_A_INTERNAL,Grape,grape_2024,grape_2024,D:\CropDiseaseProject\grape_2024\Black rot\black rot500.jpg,Black Rot,1,Black Rot,1,True,0.9860044121742249,0.9860044121742249,Leaf Blight,0.0136753981932997,Esca (Black Measles),0.0002743925724644,HIGH,CORRECT
TRACK_A_INTERNAL,Grape,grape_2024,grape_2024,D:\CropDiseaseProject\grape_2024\Black rot\black rot386.jpg,Black Rot,1,Black Rot,1,True,0.80768883228302,0.80768883228302,Healthy Leaves,0.0535524040460586,Leaf Blight,0.0334505476057529,HIGH,CORRECT
TRACK_A_INTERNAL,Grape,grape_2024,grape_2024,D:\CropDiseaseProject\grape_2024\Black rot\black rot772.jpg,Black Rot,1,Black Rot,1,True,0.9937793612480164,0.9937793612480164,Leaf Blight,0.0061697717756032,Esca (Black Measles),4.50918305432424e-05,HIGH,CORRECT
TRACK_A_INTERNAL,Grape,grape_2024,grape_2024,D:\CropDiseaseProject\grape_2024\Black rot\black rot408.jpg,Black Rot,1,Black Rot,1,True,0.6530157923698425,0.6530157923698425,Leaf Blight,0.2985620498657226,Esca (Black Measles),0.0446253158152103,HIGH,CORRECT
TRACK_A_INTERNAL,Grape,grape_2024,grape_2024,D:\CropDiseaseProject\grape_2024\Black rot\black rot248.jpg,Black Rot,1,Leaf Blight,5,False,0.5544372797012329,0.4248987138271332,Black Rot,0.4248987138271332,Esca (Black Measles),0.0197945423424243,HIGH,MISCLASSIFICATION
TRACK_A_INTERNAL,Grape,grape_2024,grape_2024,D:\CropDiseaseProject\grape_2024\Black rot\black rot687.jpg,Black Rot,1,Black Rot,1,True,0.9933843016624452,0.9933843016624452,Leaf Blight,0.0041313180699944,Powdery Mildew,0.0017190562793985,HIGH,CORRECT
TRACK_A_INTERNAL,Grape,grape_2024,grape_2024,D:\CropDiseaseProject\grape_2024\Black rot\black rot792.jpg,Black Rot,1,Black Rot,1,True,0.9928534626960754,0.9928534626960754,Leaf Blight,0.0040885740891098,Esca (Black Measles),0.0028178812935948,HIGH,CORRECT
TRACK_A_INTERNAL,Grape,grape_2024,grape_2024,D:\CropDiseaseProject\grape_2024\Black rot\black rot712.jpg,Black Rot,1,Black Rot,1,True,0.9213414788246156,0.9213414788246156,Leaf Blight,0.0461746267974376,Esca (Black Measles),0.0323225930333137,HIGH,CORRECT
TRACK_A_INTERNAL,Grape,grape_2024,grape_2024,D:\CropDiseaseProject\grape_2024\Black rot\black rot749.jpg,Black Rot,1,Black Rot,1,True,0.9764070510864258,0.9764070510864258,Leaf Blight,0.0180037692189216,Esca (Black Measles),0.005588989239186,HIGH,CORRECT
TRACK_A_INTERNAL,Grape,grape_2024,grape_2024,D:\CropDiseaseProject\grape_2024\Black rot\black rot199.jpg,Black Rot,1,Black Rot,1,True,0.9873139262199402,0.9873139262199402,Bacterial Leaf Spot,0.0083351293578743,Leaf Blight,0.0030695192981511,HIGH,CORRECT
TRACK_A_INTERNAL,Grape,grape_2024,grape_2024,D:\CropDiseaseProject\grape_2024\Black rot\black rot378.jpg,Black Rot,1,Black Rot,1,True,0.9582127928733826,0.9582127928733826,Leaf Blight,0.0390586331486702,Esca (Black Measles),0.0026875098701566,HIGH,CORRECT
TRACK_A_INTERNAL,Grape,grape_2024,grape_2024,D:\CropDiseaseProject\grape_2024\Black rot\black rot060.jpg,Black Rot,1,Black Rot,1,True,0.9943477511405944,0.9943477511405944,Leaf Blight,0.0047090984880924,Downy Mildew,0.000471130158985,HIGH,CORRECT
TRACK_A_INTERNAL,Grape,grape_2024,grape_2024,D:\CropDiseaseProject\grape_2024\Black rot\black rot663.jpg,Black Rot,1,Black Rot,1,True,0.986203908920288,0.986203908920288,Leaf Blight,0.0132379326969385,Esca (Black Measles),0.0004827468073926,HIGH,CORRECT
TRACK_A_INTERNAL,Grape,grape_2024,grape_2024,D:\CropDiseaseProject\grape_2024\Black rot\black rot564.jpg,Black Rot,1,Black Rot,1,True,0.9664000868797302,0.9664000868797302,Leaf Blight,0.0335759483277797,Esca (Black Measles),2.2251759219216183e-05,HIGH,CORRECT
TRACK_A_INTERNAL,Grape,grape_2024,grape_2024,D:\CropDiseaseProject\grape_2024\Black rot\black rot602.jpg,Black Rot,1,Black Rot,1,True,0.9604875445365906,0.9604875445365906,Leaf Blight,0.0384666733443737,Esca (Black Measles),0.0010030332487076,HIGH,CORRECT
TRACK_A_INTERNAL,Grape,grape_2024,grape_2024,D:\CropDiseaseProject\grape_2024\Black rot\black rot278.jpg,Black Rot,1,Leaf Blight,5,False,0.5544372797012329,0.4248987138271332,Black Rot,0.4248987138271332,Esca (Black Measles),0.0197945423424243,HIGH,MISCLASSIFICATION
TRACK_A_INTERNAL,Grape,grape_2024,grape_2024,D:\CropDiseaseProject\grape_2024\Black rot\black rot391.jpg,Black Rot,1,Leaf Blight,5,False,0.5371155738830566,0.4581356048583984,Black Rot,0.4581356048583984,Esca (Black Measles),0.0046759317629039,HIGH,MISCLASSIFICATION
TRACK_A_INTERNAL,Grape,grape_2024,grape_2024,D:\CropDiseaseProject\grape_2024\Black rot\black rot219.jpg,Black Rot,1,Black Rot,1,True,0.9304010272026062,0.9304010272026062,Leaf Blight,0.0682173371315002,Esca (Black Measles),0.0013692791108042,HIGH,CORRECT
TRACK_A_INTERNAL,Grape,grape_2024,grape_2024,D:\CropDiseaseProject\grape_2024\Black rot\black rot315.jpg,Black Rot,1,Black Rot,1,True,0.999363124370575,0.999363124370575,Leaf Blight,0.0006237768684513,Esca (Black Measles),1.3080603821435943e-05,HIGH,CORRECT
TRACK_A_INTERNAL,Grape,grape_2024,grape_2024,D:\CropDiseaseProject\grape_2024\Black rot\black rot478.jpg,Black Rot,1,Black Rot,1,True,0.995484471321106,0.995484471321106,Esca (Black Measles),0.0025573384482413,Leaf Blight,0.0011573393130674,HIGH,CORRECT
TRACK_A_INTERNAL,Grape,grape_2024,grape_2024,D:\CropDiseaseProject\grape_2024\Black rot\black rot269.jpg,Black Rot,1,Black Rot,1,True,0.9954076409339904,0.9954076409339904,Leaf Blight,0.0043232557363808,Esca (Black Measles),0.0002572857483755,HIGH,CORRECT
TRACK_A_INTERNAL,Grape,grape_2024,grape_2024,D:\CropDiseaseProject\grape_2024\Black rot\black rot802.jpg,Black Rot,1,Leaf Blight,5,False,0.3965048193931579,0.2279503643512725,Esca (Black Measles),0.375301718711853,Black Rot,0.2279503643512725,HIGH,MISCLASSIFICATION
TRACK_A_INTERNAL,Grape,grape_2024,grape_2024,D:\CropDiseaseProject\grape_2024\Black rot\black rot726.jpg,Black Rot,1,Black Rot,1,True,0.9620257019996644,0.9620257019996644,Leaf Blight,0.03077332675457,Esca (Black Measles),0.0052370559424161,HIGH,CORRECT
TRACK_A_INTERNAL,Grape,grape_2024,grape_2024,D:\CropDiseaseProject\grape_2024\Black rot\black rot243.jpg,Black Rot,1,Black Rot,1,True,0.9972730278968812,0.9972730278968812,Healthy Leaves,0.0020048085134476,Leaf Blight,0.0005278708995319,HIGH,CORRECT
TRACK_A_INTERNAL,Grape,grape_2024,grape_2024,D:\CropDiseaseProject\grape_2024\Black rot\black rot275.jpg,Black Rot,1,Black Rot,1,True,0.9949347376823424,0.9949347376823424,Leaf Blight,0.00505081564188,Esca (Black Measles),1.1726520824595354e-05,HIGH,CORRECT
TRACK_A_INTERNAL,Grape,grape_2024,grape_2024,D:\CropDiseaseProject\grape_2024\Black rot\black rot158.jpg,Black Rot,1,Black Rot,1,True,0.98346209526062,0.98346209526062,Leaf Blight,0.0153673347085714,Esca (Black Measles),0.0011704176431521,HIGH,CORRECT
TRACK_A_INTERNAL,Grape,grape_2024,grape_2024,D:\CropDiseaseProject\grape_2024\Black rot\black rot125.jpg,Black Rot,1,Black Rot,1,True,0.993809163570404,0.993809163570404,Healthy Leaves,0.0048752268776297,Powdery Mildew,0.0007704256568104,HIGH,CORRECT
TRACK_A_INTERNAL,Grape,grape_2024,grape_2024,D:\CropDiseaseProject\grape_2024\Black rot\black rot640.jpg,Black Rot,1,Black Rot,1,True,0.9911682605743408,0.9911682605743408,Esca (Black Measles),0.0053975754417479,Leaf Blight,0.0032320441678166,HIGH,CORRECT
TRACK_A_INTERNAL,Grape,grape_2024,grape_2024,D:\CropDiseaseProject\grape_2024\Black rot\black rot720.jpg,Black Rot,1,Black Rot,1,True,0.9213414788246156,0.9213414788246156,Leaf Blight,0.0461746267974376,Esca (Black Measles),0.0323225930333137,HIGH,CORRECT
TRACK_A_INTERNAL,Grape,grape_2024,grape_2024,D:\CropDiseaseProject\grape_2024\Black rot\black rot136.jpg,Black Rot,1,Black Rot,1,True,0.993809163570404,0.993809163570404,Healthy Leaves,0.0048752268776297,Powdery Mildew,0.0007704256568104,HIGH,CORRECT
TRACK_A_INTERNAL,Grape,grape_2024,grape_2024,D:\CropDiseaseProject\grape_2024\esca\esca724.jpg,Esca (Black Measles),3,Esca (Black Measles),3,True,0.7233918309211731,0.7233918309211731,Leaf Blight,0.2747229933738708,Black Rot,0.0008931967895478,HIGH,CORRECT
TRACK_A_INTERNAL,Grape,grape_2024,grape_2024,D:\CropDiseaseProject\grape_2024\esca\esca006.jpg,Esca (Black Measles),3,Esca (Black Measles),3,True,0.947096586227417,0.947096586227417,Leaf Blight,0.0520516782999038,Bacterial Leaf Spot,0.000418152048951,HIGH,CORRECT
TRACK_A_INTERNAL,Grape,grape_2024,grape_2024,D:\CropDiseaseProject\grape_2024\esca\esca097.jpg,Esca (Black Measles),3,Esca (Black Measles),3,True,0.5537084341049194,0.5537084341049194,Leaf Blight,0.4280071854591369,Healthy Leaves,0.0179030839353799,HIGH,CORRECT
TRACK_A_INTERNAL,Grape,grape_2024,grape_2024,D:\CropDiseaseProject\grape_2024\esca\esca503.jpg,Esca (Black Measles),3,Esca (Black Measles),3,True,0.7279171347618103,0.7279171347618103,Leaf Blight,0.2719630897045135,Bacterial Leaf Spot,9.812360804062335e-05,HIGH,CORRECT
TRACK_A_INTERNAL,Grape,grape_2024,grape_2024,D:\CropDiseaseProject\grape_2024\esca\esca320.jpg,Esca (Black Measles),3,Esca (Black Measles),3,True,0.9629732370376588,0.9629732370376588,Leaf Blight,0.0366883538663387,Bacterial Leaf Spot,0.0002154624962713,HIGH,CORRECT
TRACK_A_INTERNAL,Grape,grape_2024,grape_2024,D:\CropDiseaseProject\grape_2024\esca\esca259.jpg,Esca (Black Measles),3,Leaf Blight,5,False,0.7860653400421143,0.1993073374032974,Esca (Black Measles),0.1993073374032974,Black Rot,0.0143837574869394,HIGH,MISCLASSIFICATION
TRACK_A_INTERNAL,Grape,grape_2024,grape_2024,D:\CropDiseaseProject\grape_2024\esca\esca410.jpg,Esca (Black Measles),3,Esca (Black Measles),3,True,0.9888187050819396,0.9888187050819396,Leaf Blight,0.008505399338901,Black Rot,0.0023939341772347,HIGH,CORRECT
TRACK_A_INTERNAL,Grape,grape_2024,grape_2024,D:\CropDiseaseProject\grape_2024\esca\esca376.jpg,Esca (Black Measles),3,Esca (Black Measles),3,True,0.6183006763458252,0.6183006763458252,Leaf Blight,0.3542812466621399,Black Rot,0.0261050723493099,HIGH,CORRECT
TRACK_A_INTERNAL,Grape,grape_2024,grape_2024,D:\CropDiseaseProject\grape_2024\esca\esca350.jpg,Esca (Black Measles),3,Esca (Black Measles),3,True,0.9354516267776488,0.9354516267776488,Healthy Leaves,0.0644709169864654,Leaf Blight,6.89430526108481e-05,HIGH,CORRECT
TRACK_A_INTERNAL,Grape,grape_2024,grape_2024,D:\CropDiseaseProject\grape_2024\esca\esca646.jpg,Esca (Black Measles),3,Leaf Blight,5,False,0.729567289352417,0.2704004645347595,Esca (Black Measles),0.2704004645347595,Healthy Leaves,1.5840943888179027e-05,HIGH,MISCLASSIFICATION
TRACK_A_INTERNAL,Grape,grape_2024,grape_2024,D:\CropDiseaseProject\grape_2024\esca\esca349.jpg,Esca (Black Measles),3,Esca (Black Measles),3,True,0.9302738904953004,0.9302738904953004,Leaf Blight,0.069651573896408,Black Rot,5.666570359608159e-05,HIGH,CORRECT
TRACK_A_INTERNAL,Grape,grape_2024,grape_2024,D:\CropDiseaseProject\grape_2024\esca\esca757.jpg,Esca (Black Measles),3,Esca (Black Measles),3,True,0.9516720175743104,0.9516720175743104,Leaf Blight,0.04830277338624,Healthy Leaves,1.659763256611768e-05,HIGH,CORRECT
TRACK_A_INTERNAL,Grape,grape_2024,grape_2024,D:\CropDiseaseProject\grape_2024\esca\esca616.jpg,Esca (Black Measles),3,Esca (Black Measles),3,True,0.9564985632896424,0.9564985632896424,Black Rot,0.0352808684110641,Healthy Leaves,0.0041214120574295,HIGH,CORRECT
TRACK_A_INTERNAL,Grape,grape_2024,grape_2024,D:\CropDiseaseProject\grape_2024\esca\esca003.jpg,Esca (Black Measles),3,Esca (Black Measles),3,True,0.8413488268852234,0.8413488268852234,Leaf Blight,0.1033072471618652,Black Rot,0.0537963695824146,HIGH,CORRECT
TRACK_A_INTERNAL,Grape,grape_2024,grape_2024,D:\CropDiseaseProject\grape_2024\esca\esca518.jpg,Esca (Black Measles),3,Esca (Black Measles),3,True,0.9102827906608582,0.9102827906608582,Healthy Leaves,0.0365904383361339,Black Rot,0.0285288318991661,HIGH,CORRECT
TRACK_A_INTERNAL,Grape,grape_2024,grape_2024,D:\CropDiseaseProject\grape_2024\esca\esca223.jpg,Esca (Black Measles),3,Leaf Blight,5,False,0.8197223544120789,0.1758660972118377,Esca (Black Measles),0.1758660972118377,Healthy Leaves,0.0040750997141003,HIGH,MISCLASSIFICATION
TRACK_A_INTERNAL,Grape,grape_2024,grape_2024,D:\CropDiseaseProject\grape_2024\esca\esca337.jpg,Esca (Black Measles),3,Esca (Black Measles),3,True,0.8916535377502441,0.8916535377502441,Leaf Blight,0.1061214730143547,Black Rot,0.00207927566953,HIGH,CORRECT
TRACK_A_INTERNAL,Grape,grape_2024,grape_2024,D:\CropDiseaseProject\grape_2024\esca\esca813.jpg,Esca (Black Measles),3,Esca (Black Measles),3,True,0.8914468884468079,0.8914468884468079,Leaf Blight,0.1080182567238807,Black Rot,0.0003924045886378,HIGH,CORRECT
TRACK_A_INTERNAL,Grape,grape_2024,grape_2024,D:\CropDiseaseProject\grape_2024\esca\esca650.jpg,Esca (Black Measles),3,Leaf Blight,5,False,0.6860617995262146,0.3137261271476745,Esca (Black Measles),0.3137261271476745,Bacterial Leaf Spot,0.0001098940410884,HIGH,MISCLASSIFICATION
TRACK_A_INTERNAL,Grape,grape_2024,grape_2024,D:\CropDiseaseProject\grape_2024\esca\esca300.jpg,Esca (Black Measles),3,Leaf Blight,5,False,0.7107069492340088,0.2892285287380218,Esca (Black Measles),0.2892285287380218,Bacterial Leaf Spot,5.454934580484405e-05,HIGH,MISCLASSIFICATION
TRACK_A_INTERNAL,Grape,grape_2024,grape_2024,D:\CropDiseaseProject\grape_2024\esca\esca386.jpg,Esca (Black Measles),3,Esca (Black Measles),3,True,0.7435958981513977,0.7435958981513977,Leaf Blight,0.2555320262908935,Bacterial Leaf Spot,0.0005563626764342,HIGH,CORRECT
TRACK_A_INTERNAL,Grape,grape_2024,grape_2024,D:\CropDiseaseProject\grape_2024\esca\esca001.jpg,Esca (Black Measles),3,Esca (Black Measles),3,True,0.8278563618659973,0.8278563618659973,Leaf Blight,0.1651166677474975,Black Rot,0.006931809708476,HIGH,CORRECT
TRACK_A_INTERNAL,Grape,grape_2024,grape_2024,D:\CropDiseaseProject\grape_2024\esca\esca543.jpg,Esca (Black Measles),3,Esca (Black Measles),3,True,0.967898726463318,0.967898726463318,Leaf Blight,0.0318623259663581,Healthy Leaves,0.0001394336286466,HIGH,CORRECT
TRACK_A_INTERNAL,Grape,grape_2024,grape_2024,D:\CropDiseaseProject\grape_2024\esca\esca095.jpg,Esca (Black Measles),3,Esca (Black Measles),3,True,0.933436155319214,0.933436155319214,Leaf Blight,0.0632072612643241,Healthy Leaves,0.0023207580670714,HIGH,CORRECT
TRACK_A_INTERNAL,Grape,grape_2024,grape_2024,D:\CropDiseaseProject\grape_2024\esca\esca315.jpg,Esca (Black Measles),3,Esca (Black Measles),3,True,0.8279603123664856,0.8279603123664856,Leaf Blight,0.1658790856599807,Bacterial Leaf Spot,0.0044331443496048,HIGH,CORRECT
TRACK_A_INTERNAL,Grape,grape_2024,grape_2024,D:\CropDiseaseProject\grape_2024\esca\esca580.jpg,Esca (Black Measles),3,Esca (Black Measles),3,True,0.9980487823486328,0.9980487823486328,Leaf Blight,0.0018249191343784,Healthy Leaves,0.0001212627976201,HIGH,CORRECT
TRACK_A_INTERNAL,Grape,grape_2024,grape_2024,D:\CropDiseaseProject\grape_2024\esca\esca666.jpg,Esca (Black Measles),3,Esca (Black Measles),3,True,0.5331357717514038,0.5331357717514038,Leaf Blight,0.4639961719512939,Black Rot,0.0011775364400818,HIGH,CORRECT
TRACK_A_INTERNAL,Grape,grape_2024,grape_2024,D:\CropDiseaseProject\grape_2024\esca\esca623.jpg,Esca (Black Measles),3,Esca (Black Measles),3,True,0.7913469672203064,0.7913469672203064,Leaf Blight,0.2063943594694137,Black Rot,0.0020897076465189,HIGH,CORRECT
TRACK_A_INTERNAL,Grape,grape_2024,grape_2024,D:\CropDiseaseProject\grape_2024\esca\esca802.jpg,Esca (Black Measles),3,Esca (Black Measles),3,True,0.9912159442901612,0.9912159442901612,Leaf Blight,0.0087637864053249,Black Rot,1.6866189980646595e-05,HIGH,CORRECT
TRACK_A_INTERNAL,Grape,grape_2024,grape_2024,D:\CropDiseaseProject\grape_2024\esca\esca643.jpg,Esca (Black Measles),3,Esca (Black Measles),3,True,0.7444836497306824,0.7444836497306824,Leaf Blight,0.2509078979492187,Black Rot,0.0040933480486273,HIGH,CORRECT
TRACK_A_INTERNAL,Grape,grape_2024,grape_2024,D:\CropDiseaseProject\grape_2024\healthy\healthy391.jpg,Healthy Leaves,4,Healthy Leaves,4,True,0.9989068508148192,0.9989068508148192,Leaf Blight,0.0004162292170803,Downy Mildew,0.0002825550036504,HIGH,CORRECT
TRACK_A_INTERNAL,Grape,grape_2024,grape_2024,D:\CropDiseaseProject\grape_2024\healthy\healthy566.jpg,Healthy Leaves,4,Healthy Leaves,4,True,0.999986171722412,0.999986171722412,Leaf Blight,8.250271093857009e-06,Downy Mildew,2.0984937236789847e-06,HIGH,CORRECT
TRACK_A_INTERNAL,Grape,grape_2024,grape_2024,D:\CropDiseaseProject\grape_2024\healthy\healthy1047.jpg,Healthy Leaves,4,Healthy Leaves,4,True,0.9050037264823914,0.9050037264823914,Black Rot,0.0899555757641792,Esca (Black Measles),0.002418068004772,HIGH,CORRECT
TRACK_A_INTERNAL,Grape,grape_2024,grape_2024,D:\CropDiseaseProject\grape_2024\healthy\healthy164.jpg,Healthy Leaves,4,Healthy Leaves,4,True,0.9985236525535583,0.9985236525535583,Black Rot,0.0010009238030761,Leaf Blight,0.0002295271697221,HIGH,CORRECT
TRACK_A_INTERNAL,Grape,grape_2024,grape_2024,D:\CropDiseaseProject\grape_2024\healthy\healthy191.jpg,Healthy Leaves,4,Healthy Leaves,4,True,0.9999995231628418,0.9999995231628418,Leaf Blight,2.374961951545629e-07,Bacterial Leaf Spot,1.866224437208075e-07,HIGH,CORRECT
TRACK_A_INTERNAL,Grape,grape_2024,grape_2024,D:\CropDiseaseProject\grape_2024\healthy\healthy222.jpg,Healthy Leaves,4,Healthy Leaves,4,True,0.984713852405548,0.984713852405548,Powdery Mildew,0.0095377396792173,Bacterial Leaf Spot,0.0021285421680659,HIGH,CORRECT
TRACK_A_INTERNAL,Grape,grape_2024,grape_2024,D:\CropDiseaseProject\grape_2024\healthy\healthy899.jpg,Healthy Leaves,4,Healthy Leaves,4,True,0.99997878074646,0.99997878074646,Esca (Black Measles),9.587968634150457e-06,Leaf Blight,6.417400527425343e-06,HIGH,CORRECT
TRACK_A_INTERNAL,Grape,grape_2024,grape_2024,D:\CropDiseaseProject\grape_2024\healthy\healthy199.jpg,Healthy Leaves,4,Healthy Leaves,4,True,0.9997536540031432,0.9997536540031432,Black Rot,0.0001165585490525,Leaf Blight,6.405192834790796e-05,HIGH,CORRECT
TRACK_A_INTERNAL,Grape,grape_2024,grape_2024,D:\CropDiseaseProject\grape_2024\healthy\healthy759.jpg,Healthy Leaves,4,Healthy Leaves,4,True,0.9820117950439452,0.9820117950439452,Esca (Black Measles),0.0133217694237828,Black Rot,0.0019740706775337,HIGH,CORRECT
TRACK_A_INTERNAL,Grape,grape_2024,grape_2024,D:\CropDiseaseProject\grape_2024\healthy\healthy335.jpg,Healthy Leaves,4,Healthy Leaves,4,True,0.9988797307014464,0.9988797307014464,Black Rot,0.0008318406180478,Esca (Black Measles),0.0001678345433901,HIGH,CORRECT
TRACK_A_INTERNAL,Grape,grape_2024,grape_2024,D:\CropDiseaseProject\grape_2024\healthy\healthy010.jpg,Healthy Leaves,4,Healthy Leaves,4,True,0.9630821347236632,0.9630821347236632,Black Rot,0.0152387525886297,Esca (Black Measles),0.0111166443675756,HIGH,CORRECT
TRACK_A_INTERNAL,Grape,grape_2024,grape_2024,D:\CropDiseaseProject\grape_2024\healthy\healthy757.jpg,Healthy Leaves,4,Healthy Leaves,4,True,0.9998515844345092,0.9998515844345092,Esca (Black Measles),8.235455607064068e-05,Leaf Blight,5.5030577641446143e-05,HIGH,CORRECT
TRACK_A_INTERNAL,Grape,grape_2024,grape_2024,D:\CropDiseaseProject\grape_2024\healthy\healthy392.jpg,Healthy Leaves,4,Healthy Leaves,4,True,0.999842405319214,0.999842405319214,Esca (Black Measles),0.0001388294476782,Leaf Blight,1.2994660210097209e-05,HIGH,CORRECT
TRACK_A_INTERNAL,Grape,grape_2024,grape_2024,D:\CropDiseaseProject\grape_2024\healthy\healthy127.jpg,Healthy Leaves,4,Healthy Leaves,4,True,0.9955744743347168,0.9955744743347168,Black Rot,0.0021507637575268,Esca (Black Measles),0.001627609017305,HIGH,CORRECT
TRACK_A_INTERNAL,Grape,grape_2024,grape_2024,D:\CropDiseaseProject\grape_2024\healthy\healthy132.jpg,Healthy Leaves,4,Healthy Leaves,4,True,0.9505427479743958,0.9505427479743958,Leaf Blight,0.0250031817704439,Esca (Black Measles),0.0239659417420625,HIGH,CORRECT
TRACK_A_INTERNAL,Grape,grape_2024,grape_2024,D:\CropDiseaseProject\grape_2024\healthy\healthy790.jpg,Healthy Leaves,4,Healthy Leaves,4,True,0.9999997615814208,0.9999997615814208,Bacterial Leaf Spot,2.263097229615596e-07,Powdery Mildew,1.949798367206768e-08,HIGH,CORRECT
TRACK_A_INTERNAL,Grape,grape_2024,grape_2024,D:\CropDiseaseProject\grape_2024\healthy\healthy892.jpg,Healthy Leaves,4,Healthy Leaves,4,True,0.99992835521698,0.99992835521698,Esca (Black Measles),3.0234938094508838e-05,Leaf Blight,2.561758810770698e-05,HIGH,CORRECT
TRACK_A_INTERNAL,Grape,grape_2024,grape_2024,D:\CropDiseaseProject\grape_2024\healthy\healthy103.jpg,Healthy Leaves,4,Healthy Leaves,4,True,0.9988648891448976,0.9988648891448976,Esca (Black Measles),0.0009781181579455,Black Rot,7.41807816666551e-05,HIGH,CORRECT
TRACK_A_INTERNAL,Grape,grape_2024,grape_2024,D:\CropDiseaseProject\grape_2024\healthy\healthy403.jpg,Healthy Leaves,4,Healthy Leaves,4,True,0.9999980926513672,0.9999980926513672,Bacterial Leaf Spot,6.298330958998122e-07,Leaf Blight,5.706783667847048e-07,HIGH,CORRECT
TRACK_A_INTERNAL,Grape,grape_2024,grape_2024,D:\CropDiseaseProject\grape_2024\healthy\healthy982.jpg,Healthy Leaves,4,Healthy Leaves,4,True,0.9999780654907228,0.9999780654907228,Esca (Black Measles),1.0192316040047444e-05,Leaf Blight,8.467764928354882e-06,HIGH,CORRECT
TRACK_A_INTERNAL,Grape,grape_2024,grape_2024,D:\CropDiseaseProject\grape_2024\healthy\healthy911.jpg,Healthy Leaves,4,Healthy Leaves,4,True,0.9999393224716188,0.9999393224716188,Bacterial Leaf Spot,2.5434319468331523e-05,Leaf Blight,2.0244946426828392e-05,HIGH,CORRECT
TRACK_A_INTERNAL,Grape,grape_2024,grape_2024,D:\CropDiseaseProject\grape_2024\healthy\healthy100.jpg,Healthy Leaves,4,Healthy Leaves,4,True,0.9983648657798768,0.9983648657798768,Esca (Black Measles),0.0011509808246046,Leaf Blight,0.0004519613867159,HIGH,CORRECT
TRACK_A_INTERNAL,Grape,grape_2024,grape_2024,D:\CropDiseaseProject\grape_2024\healthy\healthy627.jpg,Healthy Leaves,4,Healthy Leaves,4,True,0.9999920129776,0.9999920129776,Black Rot,3.114268793069641e-06,Leaf Blight,2.395691581114079e-06,HIGH,CORRECT
TRACK_A_INTERNAL,Grape,grape_2024,grape_2024,D:\CropDiseaseProject\grape_2024\healthy\healthy497.jpg,Healthy Leaves,4,Healthy Leaves,4,True,0.9999990463256836,0.9999990463256836,Bacterial Leaf Spot,6.119665840742528e-07,Powdery Mildew,1.6363702570743047e-07,HIGH,CORRECT
TRACK_A_INTERNAL,Grape,grape_2024,grape_2024,D:\CropDiseaseProject\grape_2024\healthy\healthy563.jpg,Healthy Leaves,4,Healthy Leaves,4,True,0.8817600011825562,0.8817600011825562,Leaf Blight,0.0593602173030376,Esca (Black Measles),0.0522841066122055,HIGH,CORRECT
TRACK_A_INTERNAL,Grape,grape_2024,grape_2024,D:\CropDiseaseProject\grape_2024\healthy\healthy682.jpg,Healthy Leaves,4,Healthy Leaves,4,True,0.9999983310699464,0.9999983310699464,Bacterial Leaf Spot,4.580548136345897e-07,Esca (Black Measles),4.069581223120622e-07,HIGH,CORRECT
TRACK_A_INTERNAL,Grape,grape_2024,grape_2024,D:\CropDiseaseProject\grape_2024\healthy\healthy963.jpg,Healthy Leaves,4,Healthy Leaves,4,True,1.0,1.0,Bacterial Leaf Spot,3.1446305115423456e-08,Leaf Blight,3.120240510412486e-09,HIGH,CORRECT
TRACK_A_INTERNAL,Grape,grape_2024,grape_2024,D:\CropDiseaseProject\grape_2024\healthy\healthy1027.jpg,Healthy Leaves,4,Healthy Leaves,4,True,0.9999078512191772,0.9999078512191772,Leaf Blight,4.352251562522724e-05,Esca (Black Measles),2.542886250012089e-05,HIGH,CORRECT
TRACK_A_INTERNAL,Grape,grape_2024,grape_2024,D:\CropDiseaseProject\grape_2024\healthy\healthy339.jpg,Healthy Leaves,4,Healthy Leaves,4,True,0.9998961687088012,0.9998961687088012,Esca (Black Measles),7.770506636006758e-05,Downy Mildew,2.306365240656305e-05,HIGH,CORRECT
TRACK_A_INTERNAL,Grape,grape_2024,grape_2024,D:\CropDiseaseProject\grape_2024\healthy\healthy320.jpg,Healthy Leaves,4,Healthy Leaves,4,True,0.9031015634536744,0.9031015634536744,Black Rot,0.0384285487234592,Leaf Blight,0.0366057828068733,HIGH,CORRECT
TRACK_A_INTERNAL,Grape,grape_2024,grape_2024,D:\CropDiseaseProject\grape_2024\leaf blight\leaf blight629.jpg,Leaf Blight,5,Leaf Blight,5,True,0.7221007347106934,0.7221007347106934,Esca (Black Measles),0.277866780757904,Healthy Leaves,1.5165961485763546e-05,HIGH,CORRECT
TRACK_A_INTERNAL,Grape,grape_2024,grape_2024,D:\CropDiseaseProject\grape_2024\leaf blight\leaf blight659.jpg,Leaf Blight,5,Leaf Blight,5,True,0.5755056142807007,0.5755056142807007,Esca (Black Measles),0.4244933128356933,Bacterial Leaf Spot,3.994535404672206e-07,HIGH,CORRECT
TRACK_A_INTERNAL,Grape,grape_2024,grape_2024,D:\CropDiseaseProject\grape_2024\leaf blight\leaf blight165.jpg,Leaf Blight,5,Leaf Blight,5,True,0.8526170253753662,0.8526170253753662,Black Rot,0.143609270453453,Esca (Black Measles),0.0022839233279228,HIGH,CORRECT
TRACK_A_INTERNAL,Grape,grape_2024,grape_2024,D:\CropDiseaseProject\grape_2024\leaf blight\leaf blight381.jpg,Leaf Blight,5,Leaf Blight,5,True,0.6719141602516174,0.6719141602516174,Esca (Black Measles),0.3271049261093139,Healthy Leaves,0.000551278295461,HIGH,CORRECT
TRACK_A_INTERNAL,Grape,grape_2024,grape_2024,D:\CropDiseaseProject\grape_2024\leaf blight\leaf blight243.jpg,Leaf Blight,5,Leaf Blight,5,True,0.9978118538856506,0.9978118538856506,Black Rot,0.0013154651969671,Esca (Black Measles),0.0008147910702973,HIGH,CORRECT
TRACK_A_INTERNAL,Grape,grape_2024,grape_2024,D:\CropDiseaseProject\grape_2024\leaf blight\leaf blight355.jpg,Leaf Blight,5,Leaf Blight,5,True,0.6341216564178467,0.6341216564178467,Esca (Black Measles),0.3656672239303589,Black Rot,0.0001884641969809,HIGH,CORRECT
TRACK_A_INTERNAL,Grape,grape_2024,grape_2024,D:\CropDiseaseProject\grape_2024\leaf blight\leaf blight484.jpg,Leaf Blight,5,Leaf Blight,5,True,0.7611016631126404,0.7611016631126404,Esca (Black Measles),0.2387018501758575,Black Rot,0.0001471622672397,HIGH,CORRECT
TRACK_A_INTERNAL,Grape,grape_2024,grape_2024,D:\CropDiseaseProject\grape_2024\leaf blight\leaf blight454.jpg,Leaf Blight,5,Leaf Blight,5,True,0.5380290150642395,0.5380290150642395,Esca (Black Measles),0.4611091017723083,Black Rot,0.0007279739365912,HIGH,CORRECT
TRACK_A_INTERNAL,Grape,grape_2024,grape_2024,D:\CropDiseaseProject\grape_2024\leaf blight\leaf blight039.jpg,Leaf Blight,5,Leaf Blight,5,True,0.9995536208152772,0.9995536208152772,Black Rot,0.000412389577832,Esca (Black Measles),3.3690357668092474e-05,HIGH,CORRECT
TRACK_A_INTERNAL,Grape,grape_2024,grape_2024,D:\CropDiseaseProject\grape_2024\leaf blight\leaf blight289.jpg,Leaf Blight,5,Leaf Blight,5,True,0.918814480304718,0.918814480304718,Black Rot,0.0807186663150787,Esca (Black Measles),0.000461623276351,HIGH,CORRECT
TRACK_A_INTERNAL,Grape,grape_2024,grape_2024,D:\CropDiseaseProject\grape_2024\leaf blight\leaf blight028.jpg,Leaf Blight,5,Leaf Blight,5,True,0.9385895133018494,0.9385895133018494,Black Rot,0.0612584352493286,Esca (Black Measles),0.0001490321301389,HIGH,CORRECT
TRACK_A_INTERNAL,Grape,grape_2024,grape_2024,D:\CropDiseaseProject\grape_2024\leaf blight\leaf blight485.jpg,Leaf Blight,5,Esca (Black Measles),3,False,0.7784940600395203,0.2207396328449249,Leaf Blight,0.2207396328449249,Healthy Leaves,0.0004826576914638,HIGH,MISCLASSIFICATION
TRACK_A_INTERNAL,Grape,grape_2024,grape_2024,D:\CropDiseaseProject\grape_2024\leaf blight\leaf blight075.jpg,Leaf Blight,5,Leaf Blight,5,True,0.7385823130607605,0.7385823130607605,Black Rot,0.2577896118164062,Esca (Black Measles),0.003197431564331,HIGH,CORRECT
TRACK_A_INTERNAL,Grape,grape_2024,grape_2024,D:\CropDiseaseProject\grape_2024\leaf blight\leaf blight517.jpg,Leaf Blight,5,Esca (Black Measles),3,False,0.5111517310142517,0.4885465204715729,Leaf Blight,0.4885465204715729,Black Rot,0.0002834490733221,HIGH,MISCLASSIFICATION
TRACK_A_INTERNAL,Grape,grape_2024,grape_2024,D:\CropDiseaseProject\grape_2024\leaf blight\leaf blight079.jpg,Leaf Blight,5,Black Rot,1,False,0.8846174478530884,0.0861206725239753,Leaf Blight,0.0861206725239753,Esca (Black Measles),0.0258087553083896,HIGH,MISCLASSIFICATION
TRACK_A_INTERNAL,Grape,grape_2024,grape_2024,D:\CropDiseaseProject\grape_2024\leaf blight\leaf blight265.jpg,Leaf Blight,5,Leaf Blight,5,True,0.9162049889564514,0.9162049889564514,Black Rot,0.0793792828917503,Esca (Black Measles),0.004243544768542,HIGH,CORRECT
TRACK_A_INTERNAL,Grape,grape_2024,grape_2024,D:\CropDiseaseProject\grape_2024\leaf blight\leaf blight021.jpg,Leaf Blight,5,Black Rot,1,False,0.993977427482605,0.0056781573221087,Leaf Blight,0.0056781573221087,Esca (Black Measles),0.0003315748472232,HIGH,MISCLASSIFICATION
TRACK_A_INTERNAL,Grape,grape_2024,grape_2024,D:\CropDiseaseProject\grape_2024\leaf blight\leaf blight068.jpg,Leaf Blight,5,Leaf Blight,5,True,0.9844838976860046,0.9844838976860046,Black Rot,0.0134679172188043,Esca (Black Measles),0.0016061274800449,HIGH,CORRECT
TRACK_A_INTERNAL,Grape,grape_2024,grape_2024,D:\CropDiseaseProject\grape_2024\leaf blight\leaf blight154.jpg,Leaf Blight,5,Leaf Blight,5,True,0.9863229990005492,0.9863229990005492,Black Rot,0.0118038840591907,Bacterial Leaf Spot,0.0015371891204267,HIGH,CORRECT
TRACK_A_INTERNAL,Grape,grape_2024,grape_2024,D:\CropDiseaseProject\grape_2024\leaf blight\leaf blight164.jpg,Leaf Blight,5,Black Rot,1,False,0.765876054763794,0.2239939868450164,Leaf Blight,0.2239939868450164,Esca (Black Measles),0.0097057074308395,HIGH,MISCLASSIFICATION
TRACK_A_INTERNAL,Grape,grape_2024,grape_2024,D:\CropDiseaseProject\grape_2024\leaf blight\leaf blight041.jpg,Leaf Blight,5,Leaf Blight,5,True,0.9973860383033752,0.9973860383033752,Black Rot,0.0012315949425101,Esca (Black Measles),0.0010983174433931,HIGH,CORRECT
TRACK_A_INTERNAL,Grape,grape_2024,grape_2024,D:\CropDiseaseProject\grape_2024\leaf blight\leaf blight395.jpg,Leaf Blight,5,Esca (Black Measles),3,False,0.8039626479148865,0.195067748427391,Leaf Blight,0.195067748427391,Healthy Leaves,0.0003688773431349,HIGH,MISCLASSIFICATION
TRACK_A_INTERNAL,Grape,grape_2024,grape_2024,D:\CropDiseaseProject\grape_2024\leaf blight\leaf blight468.jpg,Leaf Blight,5,Leaf Blight,5,True,0.8036407828330994,0.8036407828330994,Esca (Black Measles),0.1963341683149337,Black Rot,1.6798219803604297e-05,HIGH,CORRECT
TRACK_A_INTERNAL,Grape,grape_2024,grape_2024,D:\CropDiseaseProject\grape_2024\leaf blight\leaf blight561.jpg,Leaf Blight,5,Esca (Black Measles),3,False,0.5585052967071533,0.4268209636211395,Leaf Blight,0.4268209636211395,Healthy Leaves,0.0143640451133251,HIGH,MISCLASSIFICATION
TRACK_A_INTERNAL,Grape,grape_2024,grape_2024,D:\CropDiseaseProject\grape_2024\leaf blight\leaf blight344.jpg,Leaf Blight,5,Esca (Black Measles),3,False,0.9189756512641908,0.0798491835594177,Leaf Blight,0.0798491835594177,Black Rot,0.0010358080035075,HIGH,MISCLASSIFICATION
TRACK_A_INTERNAL,Grape,grape_2024,grape_2024,D:\CropDiseaseProject\grape_2024\leaf blight\leaf blight530.jpg,Leaf Blight,5,Esca (Black Measles),3,False,0.7116617560386658,0.1947514414787292,Leaf Blight,0.1947514414787292,Black Rot,0.0802608057856559,HIGH,MISCLASSIFICATION
TRACK_A_INTERNAL,Grape,grape_2024,grape_2024,D:\CropDiseaseProject\grape_2024\leaf blight\leaf blight134.jpg,Leaf Blight,5,Black Rot,1,False,0.8874918818473816,0.1123379841446876,Leaf Blight,0.1123379841446876,Esca (Black Measles),0.0001484607346355,HIGH,MISCLASSIFICATION
TRACK_A_INTERNAL,Grape,grape_2024,grape_2024,D:\CropDiseaseProject\grape_2024\leaf blight\leaf blight577.jpg,Leaf Blight,5,Esca (Black Measles),3,False,0.6032707095146179,0.3967157304286957,Leaf Blight,0.3967157304286957,Black Rot,1.2261422853043769e-05,HIGH,MISCLASSIFICATION
TRACK_A_INTERNAL,Grape,grape_2024,grape_2024,D:\CropDiseaseProject\grape_2024\leaf blight\leaf blight456.jpg,Leaf Blight,5,Esca (Black Measles),3,False,0.5898052453994751,0.4100776612758636,Leaf Blight,0.4100776612758636,Bacterial Leaf Spot,0.0001162056141765,HIGH,MISCLASSIFICATION
TRACK_A_INTERNAL,Grape,grape_2024,grape_2024,D:\CropDiseaseProject\grape_2024\leaf blight\leaf blight211.jpg,Leaf Blight,5,Leaf Blight,5,True,0.9993523955345154,0.9993523955345154,Black Rot,0.0003510162932798,Esca (Black Measles),0.000290508090984,HIGH,CORRECT
TRACK_A_INTERNAL,Chilli,chilli_cold,chilli_cold,D:\CropDiseaseProject\chilli_cold\cerocospora\IMG_4145.JPG,cerocospora,0,cerocospora,0,True,0.8997851610183716,0.8997851610183716,healthy,0.0796943753957748,murda complex,0.0155979953706264,HIGH,CORRECT
TRACK_A_INTERNAL,Chilli,chilli_cold,chilli_cold,D:\CropDiseaseProject\chilli_cold\cerocospora\IMG_4671.JPG,cerocospora,0,cerocospora,0,True,0.5893096327781677,0.5893096327781677,murda complex,0.2603896260261535,healthy,0.1143932417035102,HIGH,CORRECT
TRACK_A_INTERNAL,Chilli,chilli_cold,chilli_cold,D:\CropDiseaseProject\chilli_cold\cerocospora\IMG_5054.JPG,cerocospora,0,cerocospora,0,True,0.6316971778869629,0.6316971778869629,nutritional deficiency,0.1873113811016082,powdery mildew,0.1258240342140197,HIGH,CORRECT
TRACK_A_INTERNAL,Chilli,chilli_cold,chilli_cold,D:\CropDiseaseProject\chilli_cold\cerocospora\IMG_5433.JPG,cerocospora,0,cerocospora,0,True,0.9786219000816344,0.9786219000816344,murda complex,0.0173142421990633,nutritional deficiency,0.0027785161510109,HIGH,CORRECT
TRACK_A_INTERNAL,Chilli,chilli_cold,chilli_cold,D:\CropDiseaseProject\chilli_cold\cerocospora\IMG_4574.JPG,cerocospora,0,murda complex,2,False,0.5021301507949829,0.3021131455898285,cerocospora,0.3021131455898285,powdery mildew,0.1306389570236206,HIGH,MISCLASSIFICATION
TRACK_A_INTERNAL,Chilli,chilli_cold,chilli_cold,D:\CropDiseaseProject\chilli_cold\cerocospora\IMG_4596.JPG,cerocospora,0,cerocospora,0,True,0.5317866802215576,0.5317866802215576,healthy,0.3269473314285278,murda complex,0.0978984385728836,HIGH,CORRECT
TRACK_A_INTERNAL,Chilli,chilli_cold,chilli_cold,D:\CropDiseaseProject\chilli_cold\cerocospora\IMG_5383.JPG,cerocospora,0,cerocospora,0,True,0.8194659948348999,0.8194659948348999,nutritional deficiency,0.1070199534296989,healthy,0.0447848364710807,HIGH,CORRECT
TRACK_A_INTERNAL,Chilli,chilli_cold,chilli_cold,D:\CropDiseaseProject\chilli_cold\cerocospora\IMG_5427.JPG,cerocospora,0,nutritional deficiency,3,False,0.3854240477085113,0.2024632841348648,powdery mildew,0.3833663165569305,cerocospora,0.2024632841348648,HIGH,MISCLASSIFICATION
TRACK_A_INTERNAL,Chilli,chilli_cold,chilli_cold,D:\CropDiseaseProject\chilli_cold\cerocospora\IMG_4387.JPG,cerocospora,0,murda complex,2,False,0.6113508343696594,0.0731231421232223,healthy,0.1539585888385772,powdery mildew,0.1477435082197189,HIGH,MISCLASSIFICATION
TRACK_A_INTERNAL,Chilli,chilli_cold,chilli_cold,D:\CropDiseaseProject\chilli_cold\cerocospora\IMG_4670.JPG,cerocospora,0,cerocospora,0,True,0.7638635039329529,0.7638635039329529,healthy,0.1949680745601654,murda complex,0.0391254760324955,HIGH,CORRECT
TRACK_A_INTERNAL,Chilli,chilli_cold,chilli_cold,D:\CropDiseaseProject\chilli_cold\cerocospora\IMG_5324.JPG,cerocospora,0,cerocospora,0,True,0.9579383730888368,0.9579383730888368,nutritional deficiency,0.0232115983963012,powdery mildew,0.0153873832896351,HIGH,CORRECT
TRACK_A_INTERNAL,Chilli,chilli_cold,chilli_cold,D:\CropDiseaseProject\chilli_cold\cerocospora\IMG_5190.JPG,cerocospora,0,cerocospora,0,True,0.942248523235321,0.942248523235321,healthy,0.0299672931432724,nutritional deficiency,0.0230590384453535,HIGH,CORRECT
TRACK_A_INTERNAL,Chilli,chilli_cold,chilli_cold,D:\CropDiseaseProject\chilli_cold\cerocospora\IMG_5191.JPG,cerocospora,0,cerocospora,0,True,0.99088317155838,0.99088317155838,nutritional deficiency,0.0048358077183365,healthy,0.0040097734890878,HIGH,CORRECT
TRACK_A_INTERNAL,Chilli,chilli_cold,chilli_cold,D:\CropDiseaseProject\chilli_cold\cerocospora\IMG_3938.JPG,cerocospora,0,healthy,1,False,0.3390633761882782,0.1372953206300735,murda complex,0.3228353261947632,nutritional deficiency,0.191296175122261,HIGH,MISCLASSIFICATION
TRACK_A_INTERNAL,Chilli,chilli_cold,chilli_cold,D:\CropDiseaseProject\chilli_cold\cerocospora\IMG_4576.JPG,cerocospora,0,cerocospora,0,True,0.9660241603851318,0.9660241603851318,murda complex,0.017659617587924,healthy,0.0094137117266654,HIGH,CORRECT
TRACK_A_INTERNAL,Chilli,chilli_cold,chilli_cold,D:\CropDiseaseProject\chilli_cold\cerocospora\IMG_4487.JPG,cerocospora,0,cerocospora,0,True,0.9468583464622498,0.9468583464622498,nutritional deficiency,0.0358975455164909,murda complex,0.0085528790950775,HIGH,CORRECT
TRACK_A_INTERNAL,Chilli,chilli_cold,chilli_cold,D:\CropDiseaseProject\chilli_cold\cerocospora\IMG_4084.JPG,cerocospora,0,cerocospora,0,True,0.7823594212532043,0.7823594212532043,healthy,0.1358901858329773,murda complex,0.071626991033554,HIGH,CORRECT
TRACK_A_INTERNAL,Chilli,chilli_cold,chilli_cold,D:\CropDiseaseProject\chilli_cold\cerocospora\IMG_4155.JPG,cerocospora,0,cerocospora,0,True,0.9261959791183472,0.9261959791183472,healthy,0.0393000468611717,powdery mildew,0.0288692954927682,HIGH,CORRECT
TRACK_A_INTERNAL,Chilli,chilli_cold,chilli_cold,D:\CropDiseaseProject\chilli_cold\cerocospora\IMG_3925.JPG,cerocospora,0,cerocospora,0,True,0.6773228049278259,0.6773228049278259,nutritional deficiency,0.2079801261425018,healthy,0.1009385362267494,HIGH,CORRECT
TRACK_A_INTERNAL,Chilli,chilli_cold,chilli_cold,D:\CropDiseaseProject\chilli_cold\cerocospora\IMG_4628.JPG,cerocospora,0,healthy,1,False,0.5662756562232971,0.2003029882907867,murda complex,0.2066017091274261,cerocospora,0.2003029882907867,HIGH,MISCLASSIFICATION
TRACK_A_INTERNAL,Chilli,chilli_cold,chilli_cold,D:\CropDiseaseProject\chilli_cold\cerocospora\IMG_5376.JPG,cerocospora,0,cerocospora,0,True,0.8909116983413696,0.8909116983413696,powdery mildew,0.0416566058993339,healthy,0.0408838130533695,HIGH,CORRECT
TRACK_A_INTERNAL,Chilli,chilli_cold,chilli_cold,D:\CropDiseaseProject\chilli_cold\cerocospora\IMG_5123.JPG,cerocospora,0,cerocospora,0,True,0.4706165492534637,0.4706165492534637,healthy,0.3582472503185272,murda complex,0.1423497647047042,HIGH,CORRECT
TRACK_A_INTERNAL,Chilli,chilli_cold,chilli_cold,D:\CropDiseaseProject\chilli_cold\cerocospora\IMG_5332.JPG,cerocospora,0,cerocospora,0,True,0.6885866522789001,0.6885866522789001,murda complex,0.1567353457212448,healthy,0.1177252382040023,HIGH,CORRECT
TRACK_A_INTERNAL,Chilli,chilli_cold,chilli_cold,D:\CropDiseaseProject\chilli_cold\cerocospora\IMG_4776.JPG,cerocospora,0,murda complex,2,False,0.4224417209625244,0.4209588766098022,cerocospora,0.4209588766098022,nutritional deficiency,0.0884863138198852,HIGH,MISCLASSIFICATION
TRACK_A_INTERNAL,Chilli,chilli_cold,chilli_cold,D:\CropDiseaseProject\chilli_cold\cerocospora\IMG_5185.JPG,cerocospora,0,cerocospora,0,True,0.8742218613624573,0.8742218613624573,nutritional deficiency,0.1190986782312393,healthy,0.0037522257771342,HIGH,CORRECT
TRACK_A_INTERNAL,Chilli,chilli_cold,chilli_cold,D:\CropDiseaseProject\chilli_cold\cerocospora\IMG_5364.JPG,cerocospora,0,cerocospora,0,True,0.6489556431770325,0.6489556431770325,healthy,0.3009297549724579,powdery mildew,0.0219403728842735,HIGH,CORRECT
TRACK_A_INTERNAL,Chilli,chilli_cold,chilli_cold,D:\CropDiseaseProject\chilli_cold\cerocospora\IMG_4141.JPG,cerocospora,0,cerocospora,0,True,0.8812139630317688,0.8812139630317688,healthy,0.0729481950402259,nutritional deficiency,0.0300311148166656,HIGH,CORRECT
TRACK_A_INTERNAL,Chilli,chilli_cold,chilli_cold,D:\CropDiseaseProject\chilli_cold\cerocospora\IMG_5151.JPG,cerocospora,0,cerocospora,0,True,0.8429703712463379,0.8429703712463379,healthy,0.0740967243909835,murda complex,0.0550099350512027,HIGH,CORRECT
TRACK_A_INTERNAL,Chilli,chilli_cold,chilli_cold,D:\CropDiseaseProject\chilli_cold\cerocospora\IMG_4532.JPG,cerocospora,0,cerocospora,0,True,0.7817421555519104,0.7817421555519104,healthy,0.1778303980827331,nutritional deficiency,0.0286724492907524,HIGH,CORRECT
TRACK_A_INTERNAL,Chilli,chilli_cold,chilli_cold,D:\CropDiseaseProject\chilli_cold\cerocospora\IMG_4046.JPG,cerocospora,0,cerocospora,0,True,0.9890027046203612,0.9890027046203612,healthy,0.0086021553725004,nutritional deficiency,0.0018843448488041,HIGH,CORRECT
TRACK_A_INTERNAL,Chilli,chilli_cold,chilli_cold,D:\CropDiseaseProject\chilli_cold\healthy\IMG_3879.JPG,healthy,1,healthy,1,True,0.7281404733657837,0.7281404733657837,murda complex,0.1288493424654007,cerocospora,0.0810897499322891,HIGH,CORRECT
TRACK_A_INTERNAL,Chilli,chilli_cold,chilli_cold,D:\CropDiseaseProject\chilli_cold\healthy\IMG_4417.JPG,healthy,1,cerocospora,0,False,0.6994825005531311,0.0581701174378395,murda complex,0.2076613157987594,healthy,0.0581701174378395,HIGH,MISCLASSIFICATION
TRACK_A_INTERNAL,Chilli,chilli_cold,chilli_cold,D:\CropDiseaseProject\chilli_cold\healthy\IMG_3880.JPG,healthy,1,murda complex,2,False,0.4728688299655914,0.3243055343627929,healthy,0.3243055343627929,powdery mildew,0.0920273289084434,HIGH,MISCLASSIFICATION
TRACK_A_INTERNAL,Chilli,chilli_cold,chilli_cold,D:\CropDiseaseProject\chilli_cold\healthy\IMG_4183.JPG,healthy,1,cerocospora,0,False,0.3879095613956451,0.3220128417015075,healthy,0.3220128417015075,nutritional deficiency,0.1543496251106262,HIGH,MISCLASSIFICATION
TRACK_A_INTERNAL,Chilli,chilli_cold,chilli_cold,D:\CropDiseaseProject\chilli_cold\healthy\IMG_3881.JPG,healthy,1,healthy,1,True,0.3676392138004303,0.3676392138004303,nutritional deficiency,0.2886875569820404,murda complex,0.2138909846544265,HIGH,CORRECT
TRACK_A_INTERNAL,Chilli,chilli_cold,chilli_cold,D:\CropDiseaseProject\chilli_cold\healthy\IMG_3946.JPG,healthy,1,healthy,1,True,0.44680255651474,0.44680255651474,murda complex,0.4394897520542145,cerocospora,0.0910479426383972,HIGH,CORRECT
TRACK_A_INTERNAL,Chilli,chilli_cold,chilli_cold,D:\CropDiseaseProject\chilli_cold\healthy\IMG_4838.JPG,healthy,1,healthy,1,True,0.6543995141983032,0.6543995141983032,cerocospora,0.2461447864770889,nutritional deficiency,0.0546899400651454,HIGH,CORRECT
TRACK_A_INTERNAL,Chilli,chilli_cold,chilli_cold,D:\CropDiseaseProject\chilli_cold\healthy\IMG_4840.JPG,healthy,1,cerocospora,0,False,0.5491403341293335,0.1736153364181518,healthy,0.1736153364181518,murda complex,0.1507854610681533,HIGH,MISCLASSIFICATION
TRACK_A_INTERNAL,Chilli,chilli_cold,chilli_cold,D:\CropDiseaseProject\chilli_cold\healthy\IMG_4431.JPG,healthy,1,healthy,1,True,0.7228356003761292,0.7228356003761292,cerocospora,0.1394591480493545,murda complex,0.0966319218277931,HIGH,CORRECT
TRACK_A_INTERNAL,Chilli,chilli_cold,chilli_cold,D:\CropDiseaseProject\chilli_cold\healthy\IMG_4439.JPG,healthy,1,cerocospora,0,False,0.3622728586196899,0.3076570928096771,healthy,0.3076570928096771,murda complex,0.2255191206932068,HIGH,MISCLASSIFICATION
TRACK_A_INTERNAL,Chilli,chilli_cold,chilli_cold,D:\CropDiseaseProject\chilli_cold\healthy\IMG_3885.JPG,healthy,1,healthy,1,True,0.3582542538642883,0.3582542538642883,murda complex,0.3502508699893951,cerocospora,0.2593863904476166,HIGH,CORRECT
TRACK_A_INTERNAL,Chilli,chilli_cold,chilli_cold,D:\CropDiseaseProject\chilli_cold\healthy\IMG_3481.JPG,healthy,1,murda complex,2,False,0.5631323456764221,0.3894110321998596,healthy,0.3894110321998596,cerocospora,0.0376064777374267,HIGH,MISCLASSIFICATION
TRACK_A_INTERNAL,Chilli,chilli_cold,chilli_cold,D:\CropDiseaseProject\chilli_cold\healthy\IMG_3908.JPG,healthy,1,cerocospora,0,False,0.6298156380653381,0.2231941968202591,healthy,0.2231941968202591,nutritional deficiency,0.137086272239685,HIGH,MISCLASSIFICATION
TRACK_A_INTERNAL,Chilli,chilli_cold,chilli_cold,D:\CropDiseaseProject\chilli_cold\healthy\IMG_5096.JPG,healthy,1,healthy,1,True,0.3156368732452392,0.3156368732452392,cerocospora,0.2463455647230148,powdery mildew,0.2113826125860214,HIGH,CORRECT
TRACK_A_INTERNAL,Chilli,chilli_cold,chilli_cold,D:\CropDiseaseProject\chilli_cold\healthy\IMG_4827.JPG,healthy,1,healthy,1,True,0.4701860845088959,0.4701860845088959,cerocospora,0.4484400749206543,nutritional deficiency,0.0797078907489776,HIGH,CORRECT
TRACK_A_INTERNAL,Chilli,chilli_cold,chilli_cold,D:\CropDiseaseProject\chilli_cold\healthy\IMG_3572.JPG,healthy,1,healthy,1,True,0.9100017547607422,0.9100017547607422,nutritional deficiency,0.0635976865887641,cerocospora,0.0133073041215538,HIGH,CORRECT
TRACK_A_INTERNAL,Chilli,chilli_cold,chilli_cold,D:\CropDiseaseProject\chilli_cold\healthy\IMG_3477.JPG,healthy,1,murda complex,2,False,0.7820720672607422,0.0422424338757991,cerocospora,0.1612710654735565,healthy,0.0422424338757991,HIGH,MISCLASSIFICATION
TRACK_A_INTERNAL,Chilli,chilli_cold,chilli_cold,D:\CropDiseaseProject\chilli_cold\healthy\IMG_3479.JPG,healthy,1,cerocospora,0,False,0.5888389348983765,0.0788603797554969,nutritional deficiency,0.2089422792196273,murda complex,0.1046160832047462,HIGH,MISCLASSIFICATION
TRACK_A_INTERNAL,Chilli,chilli_cold,chilli_cold,D:\CropDiseaseProject\chilli_cold\healthy\IMG_3906.JPG,healthy,1,cerocospora,0,False,0.4031690955162048,0.3019746541976928,healthy,0.3019746541976928,nutritional deficiency,0.2681128680706024,HIGH,MISCLASSIFICATION
TRACK_A_INTERNAL,Chilli,chilli_cold,chilli_cold,D:\CropDiseaseProject\chilli_cold\healthy\IMG_3561.JPG,healthy,1,healthy,1,True,0.9930863976478576,0.9930863976478576,cerocospora,0.0062371436506509,nutritional deficiency,0.0003024569887202,HIGH,CORRECT
TRACK_A_INTERNAL,Chilli,chilli_cold,chilli_cold,D:\CropDiseaseProject\chilli_cold\healthy\IMG_3918.JPG,healthy,1,cerocospora,0,False,0.3691131174564361,0.1312005966901779,murda complex,0.2671663463115692,nutritional deficiency,0.1662058681249618,HIGH,MISCLASSIFICATION
TRACK_A_INTERNAL,Chilli,chilli_cold,chilli_cold,D:\CropDiseaseProject\chilli_cold\healthy\IMG_5205.JPG,healthy,1,healthy,1,True,0.7146861553192139,0.7146861553192139,cerocospora,0.2467769682407379,nutritional deficiency,0.0307301338762044,HIGH,CORRECT
TRACK_A_INTERNAL,Chilli,chilli_cold,chilli_cold,D:\CropDiseaseProject\chilli_cold\healthy\IMG_5616.JPG,healthy,1,cerocospora,0,False,0.7599092721939087,0.0304776076227426,nutritional deficiency,0.1133737489581108,murda complex,0.0520919822156429,HIGH,MISCLASSIFICATION
TRACK_A_INTERNAL,Chilli,chilli_cold,chilli_cold,D:\CropDiseaseProject\chilli_cold\healthy\IMG_4817.JPG,healthy,1,cerocospora,0,False,0.4970509707927704,0.2938330769538879,healthy,0.2938330769538879,nutritional deficiency,0.1403596997261047,HIGH,MISCLASSIFICATION
TRACK_A_INTERNAL,Chilli,chilli_cold,chilli_cold,D:\CropDiseaseProject\chilli_cold\healthy\IMG_3434.JPG,healthy,1,healthy,1,True,0.4563082158565521,0.4563082158565521,cerocospora,0.3563860952854156,murda complex,0.1474537551403045,HIGH,CORRECT
TRACK_A_INTERNAL,Chilli,chilli_cold,chilli_cold,D:\CropDiseaseProject\chilli_cold\healthy\IMG_5095.JPG,healthy,1,cerocospora,0,False,0.8478919267654419,0.0861998572945594,healthy,0.0861998572945594,murda complex,0.0311036575585603,HIGH,MISCLASSIFICATION
TRACK_A_INTERNAL,Chilli,chilli_cold,chilli_cold,D:\CropDiseaseProject\chilli_cold\healthy\IMG_4193.JPG,healthy,1,healthy,1,True,0.6258062124252319,0.6258062124252319,cerocospora,0.2079401463270187,murda complex,0.1507865190505981,HIGH,CORRECT
TRACK_A_INTERNAL,Chilli,chilli_cold,chilli_cold,D:\CropDiseaseProject\chilli_cold\healthy\IMG_3956.JPG,healthy,1,healthy,1,True,0.8763231039047241,0.8763231039047241,cerocospora,0.0679325833916664,nutritional deficiency,0.0313038788735866,HIGH,CORRECT
TRACK_A_INTERNAL,Chilli,chilli_cold,chilli_cold,D:\CropDiseaseProject\chilli_cold\healthy\IMG_3869.JPG,healthy,1,healthy,1,True,0.768031895160675,0.768031895160675,murda complex,0.1612436324357986,cerocospora,0.0645810216665268,HIGH,CORRECT
TRACK_A_INTERNAL,Chilli,chilli_cold,chilli_cold,D:\CropDiseaseProject\chilli_cold\healthy\IMG_4812.JPG,healthy,1,murda complex,2,False,0.4215016961097717,0.3686977624893188,healthy,0.3686977624893188,cerocospora,0.1451527774333953,HIGH,MISCLASSIFICATION
TRACK_A_INTERNAL,Chilli,chilli_cold,chilli_cold,D:\CropDiseaseProject\chilli_cold\murda complex\IMG_3244.JPG,murda complex,2,murda complex,2,True,0.6866019368171692,0.6866019368171692,healthy,0.2212144285440445,cerocospora,0.0886102393269538,HIGH,CORRECT
TRACK_A_INTERNAL,Chilli,chilli_cold,chilli_cold,D:\CropDiseaseProject\chilli_cold\murda complex\IMG_4277.JPG,murda complex,2,murda complex,2,True,0.4312508702278137,0.4312508702278137,cerocospora,0.3002163767814636,healthy,0.2502944767475128,HIGH,CORRECT
TRACK_A_INTERNAL,Chilli,chilli_cold,chilli_cold,D:\CropDiseaseProject\chilli_cold\murda complex\IMG_4284.JPG,murda complex,2,murda complex,2,True,0.6824184060096741,0.6824184060096741,healthy,0.1561130881309509,cerocospora,0.1553488075733184,HIGH,CORRECT
TRACK_A_INTERNAL,Chilli,chilli_cold,chilli_cold,D:\CropDiseaseProject\chilli_cold\murda complex\IMG_4220.JPG,murda complex,2,healthy,1,False,0.628335177898407,0.3353988826274872,murda complex,0.3353988826274872,cerocospora,0.0281687919050455,HIGH,MISCLASSIFICATION
TRACK_A_INTERNAL,Chilli,chilli_cold,chilli_cold,D:\CropDiseaseProject\chilli_cold\murda complex\IMG_4746.JPG,murda complex,2,cerocospora,0,False,0.3581649363040924,0.3196973800659179,murda complex,0.3196973800659179,healthy,0.2956101894378662,HIGH,MISCLASSIFICATION
TRACK_A_INTERNAL,Chilli,chilli_cold,chilli_cold,D:\CropDiseaseProject\chilli_cold\murda complex\IMG_3361.JPG,murda complex,2,murda complex,2,True,0.7574952244758606,0.7574952244758606,healthy,0.2041826993227005,cerocospora,0.0233786776661872,HIGH,CORRECT
TRACK_A_INTERNAL,Chilli,chilli_cold,chilli_cold,D:\CropDiseaseProject\chilli_cold\murda complex\IMG_5099.JPG,murda complex,2,cerocospora,0,False,0.770574152469635,0.1318192481994629,murda complex,0.1318192481994629,healthy,0.0946671441197395,HIGH,MISCLASSIFICATION
TRACK_A_INTERNAL,Chilli,chilli_cold,chilli_cold,D:\CropDiseaseProject\chilli_cold\murda complex\IMG_3320.JPG,murda complex,2,murda complex,2,True,0.5061554312705994,0.5061554312705994,healthy,0.2960589230060577,cerocospora,0.1954176127910614,HIGH,CORRECT
TRACK_A_INTERNAL,Chilli,chilli_cold,chilli_cold,D:\CropDiseaseProject\chilli_cold\murda complex\IMG_3238.JPG,murda complex,2,murda complex,2,True,0.6064352989196777,0.6064352989196777,cerocospora,0.3644234240055084,nutritional deficiency,0.0242425743490457,HIGH,CORRECT
TRACK_A_INTERNAL,Chilli,chilli_cold,chilli_cold,D:\CropDiseaseProject\chilli_cold\murda complex\IMG_5648.JPG,murda complex,2,murda complex,2,True,0.8846825957298279,0.8846825957298279,cerocospora,0.0857633799314498,powdery mildew,0.0189252216368913,HIGH,CORRECT
TRACK_A_INTERNAL,Chilli,chilli_cold,chilli_cold,D:\CropDiseaseProject\chilli_cold\murda complex\IMG_3242.JPG,murda complex,2,murda complex,2,True,0.5997417569160461,0.5997417569160461,healthy,0.3630764186382293,cerocospora,0.027858480811119,HIGH,CORRECT
TRACK_A_INTERNAL,Chilli,chilli_cold,chilli_cold,D:\CropDiseaseProject\chilli_cold\murda complex\IMG_4750.JPG,murda complex,2,murda complex,2,True,0.4446916878223419,0.4446916878223419,nutritional deficiency,0.2476750761270523,cerocospora,0.2289671301841735,HIGH,CORRECT
TRACK_A_INTERNAL,Chilli,chilli_cold,chilli_cold,D:\CropDiseaseProject\chilli_cold\murda complex\IMG_5342.JPG,murda complex,2,murda complex,2,True,0.7766901254653931,0.7766901254653931,cerocospora,0.186444953083992,nutritional deficiency,0.0208504125475883,HIGH,CORRECT
TRACK_A_INTERNAL,Chilli,chilli_cold,chilli_cold,D:\CropDiseaseProject\chilli_cold\murda complex\IMG_3364.JPG,murda complex,2,healthy,1,False,0.4528441429138183,0.2071758359670639,cerocospora,0.3253540098667145,murda complex,0.2071758359670639,HIGH,MISCLASSIFICATION
TRACK_A_INTERNAL,Chilli,chilli_cold,chilli_cold,D:\CropDiseaseProject\chilli_cold\murda complex\IMG_3257.JPG,murda complex,2,murda complex,2,True,0.3709779977798462,0.3709779977798462,healthy,0.3410576283931732,cerocospora,0.2525502443313598,HIGH,CORRECT
TRACK_A_INTERNAL,Chilli,chilli_cold,chilli_cold,D:\CropDiseaseProject\chilli_cold\murda complex\IMG_3270.JPG,murda complex,2,cerocospora,0,False,0.4849173128604889,0.0984396710991859,healthy,0.3349468410015106,murda complex,0.0984396710991859,HIGH,MISCLASSIFICATION
TRACK_A_INTERNAL,Chilli,chilli_cold,chilli_cold,D:\CropDiseaseProject\chilli_cold\murda complex\IMG_4214.JPG,murda complex,2,murda complex,2,True,0.6004574298858643,0.6004574298858643,healthy,0.345009982585907,cerocospora,0.052847109735012,HIGH,CORRECT
TRACK_A_INTERNAL,Chilli,chilli_cold,chilli_cold,D:\CropDiseaseProject\chilli_cold\murda complex\IMG_4248.JPG,murda complex,2,murda complex,2,True,0.4125884175300598,0.4125884175300598,cerocospora,0.4081439077854156,nutritional deficiency,0.1284801214933395,HIGH,CORRECT
TRACK_A_INTERNAL,Chilli,chilli_cold,chilli_cold,D:\CropDiseaseProject\chilli_cold\murda complex\IMG_5100.JPG,murda complex,2,cerocospora,0,False,0.467877060174942,0.3483787775039673,murda complex,0.3483787775039673,healthy,0.1444666534662246,HIGH,MISCLASSIFICATION
TRACK_A_INTERNAL,Chilli,chilli_cold,chilli_cold,D:\CropDiseaseProject\chilli_cold\murda complex\IMG_4201.JPG,murda complex,2,murda complex,2,True,0.8035674691200256,0.8035674691200256,nutritional deficiency,0.0820607244968414,cerocospora,0.0718710273504257,HIGH,CORRECT
TRACK_A_INTERNAL,Chilli,chilli_cold,chilli_cold,D:\CropDiseaseProject\chilli_cold\murda complex\IMG_3473.JPG,murda complex,2,cerocospora,0,False,0.5992383360862732,0.2934090793132782,murda complex,0.2934090793132782,healthy,0.0804911330342292,HIGH,MISCLASSIFICATION
TRACK_A_INTERNAL,Chilli,chilli_cold,chilli_cold,D:\CropDiseaseProject\chilli_cold\murda complex\IMG_5344.JPG,murda complex,2,healthy,1,False,0.4604210555553436,0.3316600918769836,murda complex,0.3316600918769836,cerocospora,0.1707008928060531,HIGH,MISCLASSIFICATION
TRACK_A_INTERNAL,Chilli,chilli_cold,chilli_cold,D:\CropDiseaseProject\chilli_cold\murda complex\IMG_3237.JPG,murda complex,2,murda complex,2,True,0.5313197374343872,0.5313197374343872,healthy,0.4429450035095215,cerocospora,0.0223157946020364,HIGH,CORRECT
TRACK_A_INTERNAL,Chilli,chilli_cold,chilli_cold,D:\CropDiseaseProject\chilli_cold\murda complex\IMG_4257.JPG,murda complex,2,healthy,1,False,0.5340480804443359,0.3561502397060394,murda complex,0.3561502397060394,cerocospora,0.1061275675892829,HIGH,MISCLASSIFICATION
TRACK_A_INTERNAL,Chilli,chilli_cold,chilli_cold,D:\CropDiseaseProject\chilli_cold\murda complex\IMG_5349.JPG,murda complex,2,murda complex,2,True,0.3234184384346008,0.3234184384346008,healthy,0.3163341879844665,cerocospora,0.3121192753314972,HIGH,CORRECT
TRACK_A_INTERNAL,Chilli,chilli_cold,chilli_cold,D:\CropDiseaseProject\chilli_cold\murda complex\IMG_3269.JPG,murda complex,2,healthy,1,False,0.4916355907917022,0.1757062226533889,cerocospora,0.2185548841953277,murda complex,0.1757062226533889,HIGH,MISCLASSIFICATION
TRACK_A_INTERNAL,Chilli,chilli_cold,chilli_cold,D:\CropDiseaseProject\chilli_cold\murda complex\IMG_3253.JPG,murda complex,2,murda complex,2,True,0.6235188841819763,0.6235188841819763,healthy,0.2494519501924514,cerocospora,0.1038905978202819,HIGH,CORRECT
TRACK_A_INTERNAL,Chilli,chilli_cold,chilli_cold,D:\CropDiseaseProject\chilli_cold\murda complex\IMG_3476.JPG,murda complex,2,cerocospora,0,False,0.6855332851409912,0.2474046200513839,murda complex,0.2474046200513839,healthy,0.0492704361677169,HIGH,MISCLASSIFICATION
TRACK_A_INTERNAL,Chilli,chilli_cold,chilli_cold,D:\CropDiseaseProject\chilli_cold\murda complex\IMG_4200.JPG,murda complex,2,cerocospora,0,False,0.534254789352417,0.1136419028043747,nutritional deficiency,0.3212496936321258,murda complex,0.1136419028043747,HIGH,MISCLASSIFICATION
TRACK_A_INTERNAL,Chilli,chilli_cold,chilli_cold,D:\CropDiseaseProject\chilli_cold\murda complex\IMG_4292.JPG,murda complex,2,murda complex,2,True,0.3667309582233429,0.3667309582233429,cerocospora,0.3310905694961548,healthy,0.273780882358551,HIGH,CORRECT
TRACK_A_INTERNAL,Chilli,chilli_cold,chilli_cold,D:\CropDiseaseProject\chilli_cold\nutritional deficiency\IMG_3469.JPG,nutritional deficiency,3,cerocospora,0,False,0.3904884755611419,0.2177181839942932,healthy,0.3684212565422058,nutritional deficiency,0.2177181839942932,HIGH,MISCLASSIFICATION
TRACK_A_INTERNAL,Chilli,chilli_cold,chilli_cold,D:\CropDiseaseProject\chilli_cold\nutritional deficiency\IMG_4932.JPG,nutritional deficiency,3,cerocospora,0,False,0.7410647869110107,0.1479307413101196,nutritional deficiency,0.1479307413101196,healthy,0.1005382090806961,HIGH,MISCLASSIFICATION
TRACK_A_INTERNAL,Chilli,chilli_cold,chilli_cold,D:\CropDiseaseProject\chilli_cold\nutritional deficiency\IMG_3427.JPG,nutritional deficiency,3,nutritional deficiency,3,True,0.7565791010856628,0.7565791010856628,cerocospora,0.241601675748825,murda complex,0.001600386807695,HIGH,CORRECT
TRACK_A_INTERNAL,Chilli,chilli_cold,chilli_cold,D:\CropDiseaseProject\chilli_cold\nutritional deficiency\IMG_3512.JPG,nutritional deficiency,3,nutritional deficiency,3,True,0.440238207578659,0.440238207578659,healthy,0.3097025752067566,murda complex,0.1139334291219711,HIGH,CORRECT
TRACK_A_INTERNAL,Chilli,chilli_cold,chilli_cold,D:\CropDiseaseProject\chilli_cold\nutritional deficiency\IMG_4933.JPG,nutritional deficiency,3,powdery mildew,4,False,0.662740170955658,0.0578826740384101,cerocospora,0.1608922332525253,healthy,0.0662011355161666,HIGH,MISCLASSIFICATION
TRACK_A_INTERNAL,Chilli,chilli_cold,chilli_cold,D:\CropDiseaseProject\chilli_cold\nutritional deficiency\IMG_4931.JPG,nutritional deficiency,3,cerocospora,0,False,0.6597558259963989,0.1011125743389129,healthy,0.2256519198417663,nutritional deficiency,0.1011125743389129,HIGH,MISCLASSIFICATION
TRACK_A_INTERNAL,Chilli,chilli_cold,chilli_cold,D:\CropDiseaseProject\chilli_cold\nutritional deficiency\IMG_4449.JPG,nutritional deficiency,3,cerocospora,0,False,0.9619941115379332,0.0198091398924589,nutritional deficiency,0.0198091398924589,murda complex,0.011573371477425,HIGH,MISCLASSIFICATION
TRACK_A_INTERNAL,Chilli,chilli_cold,chilli_cold,D:\CropDiseaseProject\chilli_cold\nutritional deficiency\IMG_4443.JPG,nutritional deficiency,3,cerocospora,0,False,0.251289427280426,0.2388322502374649,powdery mildew,0.2512253224849701,nutritional deficiency,0.2388322502374649,HIGH,MISCLASSIFICATION
TRACK_A_INTERNAL,Chilli,chilli_cold,chilli_cold,D:\CropDiseaseProject\chilli_cold\nutritional deficiency\IMG_4877.JPG,nutritional deficiency,3,cerocospora,0,False,0.8060845136642456,0.160647839307785,nutritional deficiency,0.160647839307785,healthy,0.0232242122292518,HIGH,MISCLASSIFICATION
TRACK_A_INTERNAL,Chilli,chilli_cold,chilli_cold,D:\CropDiseaseProject\chilli_cold\nutritional deficiency\IMG_3552.JPG,nutritional deficiency,3,powdery mildew,4,False,0.6403118968009949,0.0235854648053646,healthy,0.2733992636203766,cerocospora,0.052418727427721,HIGH,MISCLASSIFICATION
TRACK_A_INTERNAL,Chilli,chilli_cold,chilli_cold,D:\CropDiseaseProject\chilli_cold\nutritional deficiency\IMG_4871.JPG,nutritional deficiency,3,cerocospora,0,False,0.5823258757591248,0.0259759649634361,healthy,0.3811397552490234,nutritional deficiency,0.0259759649634361,HIGH,MISCLASSIFICATION
TRACK_A_INTERNAL,Chilli,chilli_cold,chilli_cold,D:\CropDiseaseProject\chilli_cold\nutritional deficiency\IMG_4869.JPG,nutritional deficiency,3,cerocospora,0,False,0.9801919460296632,0.0026769379619508,healthy,0.0167567729949951,nutritional deficiency,0.0026769379619508,HIGH,MISCLASSIFICATION
TRACK_A_INTERNAL,Chilli,chilli_cold,chilli_cold,D:\CropDiseaseProject\chilli_cold\nutritional deficiency\IMG_4688.JPG,nutritional deficiency,3,cerocospora,0,False,0.4855712354183197,0.1710622161626815,healthy,0.2662499845027923,nutritional deficiency,0.1710622161626815,HIGH,MISCLASSIFICATION
TRACK_A_INTERNAL,Chilli,chilli_cold,chilli_cold,D:\CropDiseaseProject\chilli_cold\nutritional deficiency\IMG_3285.JPG,nutritional deficiency,3,nutritional deficiency,3,True,0.5025603771209717,0.5025603771209717,cerocospora,0.3784546852111816,healthy,0.069976657629013,HIGH,CORRECT
TRACK_A_INTERNAL,Chilli,chilli_cold,chilli_cold,D:\CropDiseaseProject\chilli_cold\nutritional deficiency\IMG_4444.JPG,nutritional deficiency,3,murda complex,2,False,0.6773889064788818,0.0300634801387786,cerocospora,0.2226515561342239,healthy,0.0470821410417556,HIGH,MISCLASSIFICATION
TRACK_A_INTERNAL,Chilli,chilli_cold,chilli_cold,D:\CropDiseaseProject\chilli_cold\nutritional deficiency\IMG_3422.JPG,nutritional deficiency,3,nutritional deficiency,3,True,0.9508930444717408,0.9508930444717408,cerocospora,0.0421503968536853,healthy,0.0050218352116644,HIGH,CORRECT
TRACK_A_INTERNAL,Chilli,chilli_cold,chilli_cold,D:\CropDiseaseProject\chilli_cold\nutritional deficiency\IMG_4729.JPG,nutritional deficiency,3,healthy,1,False,0.6436830759048462,0.0630292296409607,murda complex,0.1596463173627853,cerocospora,0.1321322321891784,HIGH,MISCLASSIFICATION
TRACK_A_INTERNAL,Chilli,chilli_cold,chilli_cold,D:\CropDiseaseProject\chilli_cold\nutritional deficiency\IMG_3374.JPG,nutritional deficiency,3,healthy,1,False,0.4840352535247803,0.0075736534781754,murda complex,0.4066861271858215,cerocospora,0.100086398422718,HIGH,MISCLASSIFICATION
TRACK_A_INTERNAL,Chilli,chilli_cold,chilli_cold,D:\CropDiseaseProject\chilli_cold\nutritional deficiency\IMG_3367.JPG,nutritional deficiency,3,cerocospora,0,False,0.7398765683174133,0.1293201595544815,nutritional deficiency,0.1293201595544815,healthy,0.1170535385608673,HIGH,MISCLASSIFICATION
TRACK_A_INTERNAL,Chilli,chilli_cold,chilli_cold,D:\CropDiseaseProject\chilli_cold\nutritional deficiency\IMG_3540.JPG,nutritional deficiency,3,cerocospora,0,False,0.7387655377388,0.0642115995287895,powdery mildew,0.0757608413696289,healthy,0.0724250301718711,HIGH,MISCLASSIFICATION
TRACK_A_INTERNAL,Chilli,chilli_cold,chilli_cold,D:\CropDiseaseProject\chilli_cold\nutritional deficiency\IMG_3437.JPG,nutritional deficiency,3,cerocospora,0,False,0.5054590702056885,0.0647067502140998,murda complex,0.2328535914421081,healthy,0.1889113336801529,HIGH,MISCLASSIFICATION
TRACK_A_INTERNAL,Chilli,chilli_cold,chilli_cold,D:\CropDiseaseProject\chilli_cold\nutritional deficiency\IMG_3420.JPG,nutritional deficiency,3,nutritional deficiency,3,True,0.8699759244918823,0.8699759244918823,cerocospora,0.1289704740047454,murda complex,0.0005269119865261,HIGH,CORRECT
TRACK_A_INTERNAL,Chilli,chilli_cold,chilli_cold,D:\CropDiseaseProject\chilli_cold\nutritional deficiency\IMG_4706.JPG,nutritional deficiency,3,cerocospora,0,False,0.6650807857513428,0.2968810200691223,nutritional deficiency,0.2968810200691223,healthy,0.0277465134859085,HIGH,MISCLASSIFICATION
TRACK_A_INTERNAL,Chilli,chilli_cold,chilli_cold,D:\CropDiseaseProject\chilli_cold\nutritional deficiency\IMG_4868.JPG,nutritional deficiency,3,healthy,1,False,0.5908966660499573,0.0384223088622093,cerocospora,0.1942957639694214,murda complex,0.1750863343477249,HIGH,MISCLASSIFICATION
TRACK_A_INTERNAL,Chilli,chilli_cold,chilli_cold,D:\CropDiseaseProject\chilli_cold\nutritional deficiency\IMG_4464.JPG,nutritional deficiency,3,nutritional deficiency,3,True,0.6471328139305115,0.6471328139305115,cerocospora,0.3392060101032257,healthy,0.0075084827840328,HIGH,CORRECT
TRACK_A_INTERNAL,Chilli,chilli_cold,chilli_cold,D:\CropDiseaseProject\chilli_cold\nutritional deficiency\IMG_4446.JPG,nutritional deficiency,3,nutritional deficiency,3,True,0.3909208476543426,0.3909208476543426,cerocospora,0.3411838412284851,murda complex,0.2470057010650634,HIGH,CORRECT
TRACK_A_INTERNAL,Chilli,chilli_cold,chilli_cold,D:\CropDiseaseProject\chilli_cold\nutritional deficiency\IMG_4875.JPG,nutritional deficiency,3,cerocospora,0,False,0.8866438269615173,0.0153316175565123,healthy,0.0887838155031204,nutritional deficiency,0.0153316175565123,HIGH,MISCLASSIFICATION
TRACK_A_INTERNAL,Chilli,chilli_cold,chilli_cold,D:\CropDiseaseProject\chilli_cold\nutritional deficiency\IMG_4872.JPG,nutritional deficiency,3,cerocospora,0,False,0.75565505027771,0.0214683264493942,healthy,0.2130462378263473,nutritional deficiency,0.0214683264493942,HIGH,MISCLASSIFICATION
TRACK_A_INTERNAL,Chilli,chilli_cold,chilli_cold,D:\CropDiseaseProject\chilli_cold\nutritional deficiency\IMG_3314.JPG,nutritional deficiency,3,murda complex,2,False,0.9216503500938416,0.0017416030168533,healthy,0.0673988834023475,cerocospora,0.0091980900615453,HIGH,MISCLASSIFICATION
TRACK_A_INTERNAL,Chilli,chilli_cold,chilli_cold,D:\CropDiseaseProject\chilli_cold\nutritional deficiency\IMG_3535.JPG,nutritional deficiency,3,cerocospora,0,False,0.5254664421081543,0.3282698094844818,nutritional deficiency,0.3282698094844818,healthy,0.1314997524023056,HIGH,MISCLASSIFICATION
TRACK_A_INTERNAL,Chilli,chilli_cold,chilli_cold,D:\CropDiseaseProject\chilli_cold\powdery mildew\IMG_5562.JPG,powdery mildew,4,powdery mildew,4,True,0.926766872406006,0.926766872406006,healthy,0.0554539933800697,cerocospora,0.0102874124422669,HIGH,CORRECT
TRACK_A_INTERNAL,Chilli,chilli_cold,chilli_cold,D:\CropDiseaseProject\chilli_cold\powdery mildew\IMG_5575.JPG,powdery mildew,4,powdery mildew,4,True,0.6821163296699524,0.6821163296699524,cerocospora,0.2233959287405014,healthy,0.0634324699640274,HIGH,CORRECT
TRACK_A_INTERNAL,Chilli,chilli_cold,chilli_cold,D:\CropDiseaseProject\chilli_cold\powdery mildew\IMG_5609.JPG,powdery mildew,4,powdery mildew,4,True,0.2722718417644501,0.2722718417644501,healthy,0.2316747158765792,cerocospora,0.2215254008769989,HIGH,CORRECT
TRACK_A_INTERNAL,Chilli,chilli_cold,chilli_cold,D:\CropDiseaseProject\chilli_cold\powdery mildew\IMG_5599.JPG,powdery mildew,4,powdery mildew,4,True,0.991610825061798,0.991610825061798,cerocospora,0.0056722979061305,healthy,0.0012867070036008,HIGH,CORRECT
TRACK_A_INTERNAL,Chilli,chilli_cold,chilli_cold,D:\CropDiseaseProject\chilli_cold\powdery mildew\IMG_5557.JPG,powdery mildew,4,powdery mildew,4,True,0.8924323320388794,0.8924323320388794,cerocospora,0.0773567259311676,healthy,0.0241697616875171,HIGH,CORRECT
TRACK_A_INTERNAL,Chilli,chilli_cold,chilli_cold,D:\CropDiseaseProject\chilli_cold\powdery mildew\IMG_5493.JPG,powdery mildew,4,powdery mildew,4,True,0.9427573680877686,0.9427573680877686,cerocospora,0.036183550953865,healthy,0.0139210298657417,HIGH,CORRECT
TRACK_A_INTERNAL,Chilli,chilli_cold,chilli_cold,D:\CropDiseaseProject\chilli_cold\powdery mildew\IMG_5531.JPG,powdery mildew,4,powdery mildew,4,True,0.9507004618644714,0.9507004618644714,healthy,0.0256928578019142,cerocospora,0.0125765800476074,HIGH,CORRECT
TRACK_A_INTERNAL,Chilli,chilli_cold,chilli_cold,D:\CropDiseaseProject\chilli_cold\powdery mildew\IMG_5589.JPG,powdery mildew,4,healthy,1,False,0.777297854423523,0.1309152990579605,powdery mildew,0.1309152990579605,cerocospora,0.0545793920755386,HIGH,MISCLASSIFICATION
TRACK_A_INTERNAL,Chilli,chilli_cold,chilli_cold,D:\CropDiseaseProject\chilli_cold\powdery mildew\IMG_5514.JPG,powdery mildew,4,cerocospora,0,False,0.3691385984420776,0.2367580533027649,powdery mildew,0.2367580533027649,healthy,0.1674601733684539,HIGH,MISCLASSIFICATION
TRACK_A_INTERNAL,Chilli,chilli_cold,chilli_cold,D:\CropDiseaseProject\chilli_cold\powdery mildew\IMG_5678.JPG,powdery mildew,4,powdery mildew,4,True,0.6532517075538635,0.6532517075538635,cerocospora,0.3171291947364807,healthy,0.0170410387217998,HIGH,CORRECT
TRACK_A_INTERNAL,Chilli,chilli_cold,chilli_cold,D:\CropDiseaseProject\chilli_cold\powdery mildew\IMG_5673.JPG,powdery mildew,4,powdery mildew,4,True,0.6640030145645142,0.6640030145645142,cerocospora,0.2501743733882904,healthy,0.0490976758301258,HIGH,CORRECT
TRACK_A_INTERNAL,Chilli,chilli_cold,chilli_cold,D:\CropDiseaseProject\chilli_cold\powdery mildew\IMG_5675.JPG,powdery mildew,4,powdery mildew,4,True,0.8337411880493164,0.8337411880493164,cerocospora,0.0685359612107276,nutritional deficiency,0.0502378642559051,HIGH,CORRECT
TRACK_A_INTERNAL,Chilli,chilli_cold,chilli_cold,D:\CropDiseaseProject\chilli_cold\powdery mildew\IMG_5595.JPG,powdery mildew,4,cerocospora,0,False,0.4218800067901611,0.0532687939703464,healthy,0.3553597927093506,nutritional deficiency,0.1011211276054382,HIGH,MISCLASSIFICATION
TRACK_A_INTERNAL,Chilli,chilli_cold,chilli_cold,D:\CropDiseaseProject\chilli_cold\powdery mildew\IMG_5549.JPG,powdery mildew,4,healthy,1,False,0.6657394766807556,0.2299525737762451,powdery mildew,0.2299525737762451,nutritional deficiency,0.0580094158649444,HIGH,MISCLASSIFICATION
TRACK_A_INTERNAL,Chilli,chilli_cold,chilli_cold,D:\CropDiseaseProject\chilli_cold\powdery mildew\IMG_5577.JPG,powdery mildew,4,powdery mildew,4,True,0.9703946709632874,0.9703946709632874,healthy,0.0127837648615241,murda complex,0.0072494437918066,HIGH,CORRECT
TRACK_A_INTERNAL,Chilli,chilli_cold,chilli_cold,D:\CropDiseaseProject\chilli_cold\powdery mildew\IMG_5683.JPG,powdery mildew,4,powdery mildew,4,True,0.683140754699707,0.683140754699707,cerocospora,0.258624792098999,murda complex,0.0262805689126253,HIGH,CORRECT
TRACK_A_INTERNAL,Chilli,chilli_cold,chilli_cold,D:\CropDiseaseProject\chilli_cold\powdery mildew\IMG_5587.JPG,powdery mildew,4,powdery mildew,4,True,0.6599655151367188,0.6599655151367188,healthy,0.1570929586887359,cerocospora,0.1149974465370178,HIGH,CORRECT
TRACK_A_INTERNAL,Chilli,chilli_cold,chilli_cold,D:\CropDiseaseProject\chilli_cold\powdery mildew\IMG_5527.JPG,powdery mildew,4,powdery mildew,4,True,0.8928707242012024,0.8928707242012024,cerocospora,0.0638363659381866,murda complex,0.0184072908014059,HIGH,CORRECT
TRACK_A_INTERNAL,Chilli,chilli_cold,chilli_cold,D:\CropDiseaseProject\chilli_cold\powdery mildew\IMG_5606.JPG,powdery mildew,4,powdery mildew,4,True,0.5113469362258911,0.5113469362258911,murda complex,0.3072352409362793,cerocospora,0.1429893523454666,HIGH,CORRECT
TRACK_A_INTERNAL,Chilli,chilli_cold,chilli_cold,D:\CropDiseaseProject\chilli_cold\powdery mildew\IMG_5591.JPG,powdery mildew,4,healthy,1,False,0.4791251718997955,0.1453654915094375,cerocospora,0.2447563409805297,powdery mildew,0.1453654915094375,HIGH,MISCLASSIFICATION
TRACK_A_INTERNAL,Chilli,chilli_cold,chilli_cold,D:\CropDiseaseProject\chilli_cold\powdery mildew\IMG_5488.JPG,powdery mildew,4,powdery mildew,4,True,0.407273918390274,0.407273918390274,cerocospora,0.2382753789424896,murda complex,0.2180719971656799,HIGH,CORRECT
TRACK_A_INTERNAL,Chilli,chilli_cold,chilli_cold,D:\CropDiseaseProject\chilli_cold\powdery mildew\IMG_5684.JPG,powdery mildew,4,cerocospora,0,False,0.5315628051757812,0.4505501687526703,powdery mildew,0.4505501687526703,healthy,0.0090913008898496,HIGH,MISCLASSIFICATION
TRACK_A_INTERNAL,Chilli,chilli_cold,chilli_cold,D:\CropDiseaseProject\chilli_cold\powdery mildew\IMG_5580.JPG,powdery mildew,4,powdery mildew,4,True,0.984001636505127,0.984001636505127,cerocospora,0.008354933001101,murda complex,0.0042104232124984,HIGH,CORRECT
TRACK_A_INTERNAL,Chilli,chilli_cold,chilli_cold,D:\CropDiseaseProject\chilli_cold\powdery mildew\IMG_5661.JPG,powdery mildew,4,cerocospora,0,False,0.710879921913147,0.0594631917774677,healthy,0.1446616947650909,murda complex,0.0628410428762435,HIGH,MISCLASSIFICATION
TRACK_A_INTERNAL,Sugarcane,sugarcane_maharashtra,sugarcane_maharashtra,D:\CropDiseaseProject\sugarcane_maharashtra\Healthy\healthy (325).jpeg,Healthy Leaves,3,Healthy Leaves,3,True,0.9785814881324768,0.9785814881324768,Red Rot,0.0199735704809427,Mosaic / Viral Disease,0.0011568379122763,HIGH,CORRECT
TRACK_A_INTERNAL,Sugarcane,sugarcane_maharashtra,sugarcane_maharashtra,D:\CropDiseaseProject\sugarcane_maharashtra\Healthy\healthy (446).jpeg,Healthy Leaves,3,Healthy Leaves,3,True,0.682334303855896,0.682334303855896,Yellow Leaf Disease,0.1908233165740966,Mosaic / Viral Disease,0.1211617812514305,HIGH,CORRECT
TRACK_A_INTERNAL,Sugarcane,sugarcane_maharashtra,sugarcane_maharashtra,D:\CropDiseaseProject\sugarcane_maharashtra\Healthy\healthy (147).jpeg,Healthy Leaves,3,Healthy Leaves,3,True,0.934356927871704,0.934356927871704,Yellow Leaf Disease,0.0334162190556526,Mosaic / Viral Disease,0.0320291593670845,HIGH,CORRECT
TRACK_A_INTERNAL,Sugarcane,sugarcane_maharashtra,sugarcane_maharashtra,D:\CropDiseaseProject\sugarcane_maharashtra\Healthy\healthy (141).jpeg,Healthy Leaves,3,Healthy Leaves,3,True,0.980647087097168,0.980647087097168,Rust (Brown Rust),0.0159658789634704,Yellow Leaf Disease,0.0026418836787343,HIGH,CORRECT
TRACK_A_INTERNAL,Sugarcane,sugarcane_maharashtra,sugarcane_maharashtra,D:\CropDiseaseProject\sugarcane_maharashtra\Healthy\healthy (422).jpeg,Healthy Leaves,3,Healthy Leaves,3,True,0.9906821250915528,0.9906821250915528,Mosaic / Viral Disease,0.0083688665181398,Yellow Leaf Disease,0.0005076373345218,HIGH,CORRECT
TRACK_A_INTERNAL,Sugarcane,sugarcane_maharashtra,sugarcane_maharashtra,D:\CropDiseaseProject\sugarcane_maharashtra\Healthy\healthy (34).jpeg,Healthy Leaves,3,Healthy Leaves,3,True,0.997918426990509,0.997918426990509,Mosaic / Viral Disease,0.0016563204117119,Red Rot,0.0002136150724254,HIGH,CORRECT
TRACK_A_INTERNAL,Sugarcane,sugarcane_maharashtra,sugarcane_maharashtra,D:\CropDiseaseProject\sugarcane_maharashtra\Healthy\healthy (291).jpeg,Healthy Leaves,3,Healthy Leaves,3,True,0.7827792167663574,0.7827792167663574,Mosaic / Viral Disease,0.2080494910478592,Rust (Brown Rust),0.0064700627699494,HIGH,CORRECT
TRACK_A_INTERNAL,Sugarcane,sugarcane_maharashtra,sugarcane_maharashtra,D:\CropDiseaseProject\sugarcane_maharashtra\Healthy\healthy (394).jpeg,Healthy Leaves,3,Healthy Leaves,3,True,0.6758604049682617,0.6758604049682617,Yellow Leaf Disease,0.1796077042818069,Pokkah Boeng,0.071885347366333,HIGH,CORRECT
TRACK_A_INTERNAL,Sugarcane,sugarcane_maharashtra,sugarcane_maharashtra,D:\CropDiseaseProject\sugarcane_maharashtra\Healthy\healthy (451).jpeg,Healthy Leaves,3,Healthy Leaves,3,True,0.7528054714202881,0.7528054714202881,Yellow Leaf Disease,0.1933336853981018,Mosaic / Viral Disease,0.0471833236515522,HIGH,CORRECT
TRACK_A_INTERNAL,Sugarcane,sugarcane_maharashtra,sugarcane_maharashtra,D:\CropDiseaseProject\sugarcane_maharashtra\Healthy\healthy (350).jpeg,Healthy Leaves,3,Healthy Leaves,3,True,0.8053355813026428,0.8053355813026428,Mosaic / Viral Disease,0.1581481844186782,Yellow Leaf Disease,0.0274575147777795,HIGH,CORRECT
TRACK_A_INTERNAL,Sugarcane,sugarcane_maharashtra,sugarcane_maharashtra,D:\CropDiseaseProject\sugarcane_maharashtra\Healthy\healthy (194).jpeg,Healthy Leaves,3,Healthy Leaves,3,True,0.8645598292350769,0.8645598292350769,Rust (Brown Rust),0.1285841166973114,Yellow Leaf Disease,0.0058086742646992,HIGH,CORRECT
TRACK_A_INTERNAL,Sugarcane,sugarcane_maharashtra,sugarcane_maharashtra,D:\CropDiseaseProject\sugarcane_maharashtra\Healthy\healthy (408).jpeg,Healthy Leaves,3,Healthy Leaves,3,True,0.956277310848236,0.956277310848236,Mosaic / Viral Disease,0.0242395885288715,Yellow Leaf Disease,0.0174074489623308,HIGH,CORRECT
TRACK_A_INTERNAL,Sugarcane,sugarcane_maharashtra,sugarcane_maharashtra,D:\CropDiseaseProject\sugarcane_maharashtra\Healthy\healthy (146).jpeg,Healthy Leaves,3,Healthy Leaves,3,True,0.8485651016235352,0.8485651016235352,Mosaic / Viral Disease,0.1510354429483413,Rust (Brown Rust),0.0003501287137623,HIGH,CORRECT
TRACK_A_INTERNAL,Sugarcane,sugarcane_maharashtra,sugarcane_maharashtra,D:\CropDiseaseProject\sugarcane_maharashtra\Healthy\healthy (223).jpeg,Healthy Leaves,3,Yellow Leaf Disease,10,False,0.8501775860786438,0.1302926391363144,Healthy Leaves,0.1302926391363144,Mosaic / Viral Disease,0.0143271870911121,HIGH,MISCLASSIFICATION
TRACK_A_INTERNAL,Sugarcane,sugarcane_maharashtra,sugarcane_maharashtra,D:\CropDiseaseProject\sugarcane_maharashtra\Healthy\healthy (365).jpeg,Healthy Leaves,3,Healthy Leaves,3,True,0.8432173728942871,0.8432173728942871,Mosaic / Viral Disease,0.1402592062950134,Red Rot,0.0087404884397983,HIGH,CORRECT
TRACK_A_INTERNAL,Sugarcane,sugarcane_maharashtra,sugarcane_maharashtra,D:\CropDiseaseProject\sugarcane_maharashtra\Healthy\healthy (110).jpeg,Healthy Leaves,3,Healthy Leaves,3,True,0.4527390599250793,0.4527390599250793,Rust (Brown Rust),0.2428834289312362,Mosaic / Viral Disease,0.1788336634635925,HIGH,CORRECT
TRACK_A_INTERNAL,Sugarcane,sugarcane_maharashtra,sugarcane_maharashtra,D:\CropDiseaseProject\sugarcane_maharashtra\Healthy\healthy (505).jpeg,Healthy Leaves,3,Healthy Leaves,3,True,0.9332504868507384,0.9332504868507384,Mosaic / Viral Disease,0.0636862963438034,Rust (Brown Rust),0.0013378952862694,HIGH,CORRECT
TRACK_A_INTERNAL,Sugarcane,sugarcane_maharashtra,sugarcane_maharashtra,D:\CropDiseaseProject\sugarcane_maharashtra\Healthy\healthy (515).jpeg,Healthy Leaves,3,Healthy Leaves,3,True,0.8943076729774475,0.8943076729774475,Mosaic / Viral Disease,0.0725650563836097,Red Rot,0.0226915460079908,HIGH,CORRECT
TRACK_A_INTERNAL,Sugarcane,sugarcane_maharashtra,sugarcane_maharashtra,D:\CropDiseaseProject\sugarcane_maharashtra\Healthy\healthy (56).jpeg,Healthy Leaves,3,Healthy Leaves,3,True,0.5259127616882324,0.5259127616882324,Mosaic / Viral Disease,0.2413880825042724,Brown Spot,0.1275930702686309,HIGH,CORRECT
TRACK_A_INTERNAL,Sugarcane,sugarcane_maharashtra,sugarcane_maharashtra,D:\CropDiseaseProject\sugarcane_maharashtra\Healthy\healthy (57).jpeg,Healthy Leaves,3,Healthy Leaves,3,True,0.9784145355224608,0.9784145355224608,Mosaic / Viral Disease,0.0171362739056348,Yellow Leaf Disease,0.0028029179666191,HIGH,CORRECT
TRACK_A_INTERNAL,Sugarcane,sugarcane_maharashtra,sugarcane_maharashtra,D:\CropDiseaseProject\sugarcane_maharashtra\Healthy\healthy (500).jpeg,Healthy Leaves,3,Red Rot,6,False,0.8101068735122681,0.1370335519313812,Healthy Leaves,0.1370335519313812,Mosaic / Viral Disease,0.0300117321312427,HIGH,MISCLASSIFICATION
TRACK_A_INTERNAL,Sugarcane,sugarcane_maharashtra,sugarcane_maharashtra,D:\CropDiseaseProject\sugarcane_maharashtra\Healthy\healthy (188).jpeg,Healthy Leaves,3,Healthy Leaves,3,True,0.9571493268013,0.9571493268013,Rust (Brown Rust),0.0413396805524826,Yellow Leaf Disease,0.0010045662056654,HIGH,CORRECT
TRACK_A_INTERNAL,Sugarcane,sugarcane_maharashtra,sugarcane_maharashtra,D:\CropDiseaseProject\sugarcane_maharashtra\Healthy\healthy (516).jpeg,Healthy Leaves,3,Healthy Leaves,3,True,0.983078956604004,0.983078956604004,Red Rot,0.0071365647017955,Rust (Brown Rust),0.004829354584217,HIGH,CORRECT
TRACK_A_INTERNAL,Sugarcane,sugarcane_maharashtra,sugarcane_maharashtra,D:\CropDiseaseProject\sugarcane_maharashtra\Healthy\healthy (306).jpeg,Healthy Leaves,3,Healthy Leaves,3,True,0.9752553105354308,0.9752553105354308,Mosaic / Viral Disease,0.0220482759177684,Yellow Leaf Disease,0.0013326948974281,HIGH,CORRECT
TRACK_A_INTERNAL,Sugarcane,sugarcane_maharashtra,sugarcane_maharashtra,D:\CropDiseaseProject\sugarcane_maharashtra\Healthy\healthy (402).jpeg,Healthy Leaves,3,Healthy Leaves,3,True,0.9529739022254944,0.9529739022254944,Mosaic / Viral Disease,0.0437033250927925,Rust (Brown Rust),0.0018291949527338,HIGH,CORRECT
TRACK_A_INTERNAL,Sugarcane,sugarcane_maharashtra,sugarcane_maharashtra,D:\CropDiseaseProject\sugarcane_maharashtra\Healthy\healthy (270).jpeg,Healthy Leaves,3,Mosaic / Viral Disease,4,False,0.8025658130645752,0.1729602664709091,Healthy Leaves,0.1729602664709091,Yellow Leaf Disease,0.0164043568074703,HIGH,MISCLASSIFICATION
TRACK_A_INTERNAL,Sugarcane,sugarcane_maharashtra,sugarcane_maharashtra,D:\CropDiseaseProject\sugarcane_maharashtra\Healthy\healthy (359).jpeg,Healthy Leaves,3,Healthy Leaves,3,True,0.4610209465026855,0.4610209465026855,Mosaic / Viral Disease,0.3546167314052582,Yellow Leaf Disease,0.1791603416204452,HIGH,CORRECT
TRACK_A_INTERNAL,Sugarcane,sugarcane_maharashtra,sugarcane_maharashtra,D:\CropDiseaseProject\sugarcane_maharashtra\Healthy\healthy (333).jpeg,Healthy Leaves,3,Healthy Leaves,3,True,0.977809727191925,0.977809727191925,Mosaic / Viral Disease,0.0215298123657703,Rust (Brown Rust),0.0005880901589989,HIGH,CORRECT
TRACK_A_INTERNAL,Sugarcane,sugarcane_maharashtra,sugarcane_maharashtra,D:\CropDiseaseProject\sugarcane_maharashtra\Healthy\healthy (155).jpeg,Healthy Leaves,3,Healthy Leaves,3,True,0.9416579008102416,0.9416579008102416,Mosaic / Viral Disease,0.0493225492537021,Rust (Brown Rust),0.006736097857356,HIGH,CORRECT
TRACK_A_INTERNAL,Sugarcane,sugarcane_maharashtra,sugarcane_maharashtra,D:\CropDiseaseProject\sugarcane_maharashtra\Healthy\healthy (80).jpeg,Healthy Leaves,3,Healthy Leaves,3,True,0.9590937495231628,0.9590937495231628,Mosaic / Viral Disease,0.0252606701105833,Yellow Leaf Disease,0.0123607069253921,HIGH,CORRECT
TRACK_A_INTERNAL,Sugarcane,sugarcane_maharashtra,sugarcane_maharashtra,D:\CropDiseaseProject\sugarcane_maharashtra\Mosaic\mosaic (292).jpeg,Mosaic / Viral Disease,4,Mosaic / Viral Disease,4,True,0.9544591903686525,0.9544591903686525,Healthy Leaves,0.0221227835863828,Yellow Leaf Disease,0.0134422248229384,HIGH,CORRECT
TRACK_A_INTERNAL,Sugarcane,sugarcane_maharashtra,sugarcane_maharashtra,D:\CropDiseaseProject\sugarcane_maharashtra\Mosaic\mosaic (262).jpeg,Mosaic / Viral Disease,4,Mosaic / Viral Disease,4,True,0.950166404247284,0.950166404247284,Yellow Leaf Disease,0.0451475381851196,Healthy Leaves,0.0039693643338978,HIGH,CORRECT
TRACK_A_INTERNAL,Sugarcane,sugarcane_maharashtra,sugarcane_maharashtra,D:\CropDiseaseProject\sugarcane_maharashtra\Mosaic\mosaic (446).jpeg,Mosaic / Viral Disease,4,Mosaic / Viral Disease,4,True,0.8133381009101868,0.8133381009101868,Healthy Leaves,0.1826913803815841,Yellow Leaf Disease,0.0032014064490795,HIGH,CORRECT
TRACK_A_INTERNAL,Sugarcane,sugarcane_maharashtra,sugarcane_maharashtra,D:\CropDiseaseProject\sugarcane_maharashtra\Mosaic\mosaic (46).jpeg,Mosaic / Viral Disease,4,Mosaic / Viral Disease,4,True,0.9960675239562988,0.9960675239562988,Healthy Leaves,0.0013464825460687,Rust (Brown Rust),0.0012043988099321,HIGH,CORRECT
TRACK_A_INTERNAL,Sugarcane,sugarcane_maharashtra,sugarcane_maharashtra,D:\CropDiseaseProject\sugarcane_maharashtra\Mosaic\mosaic (37).jpeg,Mosaic / Viral Disease,4,Mosaic / Viral Disease,4,True,0.9403066039085388,0.9403066039085388,Yellow Leaf Disease,0.0509174019098281,Healthy Leaves,0.0052528656087815,HIGH,CORRECT
TRACK_A_INTERNAL,Sugarcane,sugarcane_maharashtra,sugarcane_maharashtra,D:\CropDiseaseProject\sugarcane_maharashtra\Mosaic\mosaic (63).jpeg,Mosaic / Viral Disease,4,Rust (Brown Rust),7,False,0.447392851114273,0.355798989534378,Mosaic / Viral Disease,0.355798989534378,Healthy Leaves,0.1113291010260582,HIGH,MISCLASSIFICATION
TRACK_A_INTERNAL,Sugarcane,sugarcane_maharashtra,sugarcane_maharashtra,D:\CropDiseaseProject\sugarcane_maharashtra\Mosaic\mosaic (284).jpeg,Mosaic / Viral Disease,4,Mosaic / Viral Disease,4,True,0.989180862903595,0.989180862903595,Healthy Leaves,0.0045520910061895,Red Rot,0.0020558484829962,HIGH,CORRECT
TRACK_A_INTERNAL,Sugarcane,sugarcane_maharashtra,sugarcane_maharashtra,D:\CropDiseaseProject\sugarcane_maharashtra\Mosaic\mosaic (193).jpeg,Mosaic / Viral Disease,4,Healthy Leaves,3,False,0.5587432980537415,0.216767743229866,Mosaic / Viral Disease,0.216767743229866,Yellow Leaf Disease,0.2090015709400177,HIGH,MISCLASSIFICATION
TRACK_A_INTERNAL,Sugarcane,sugarcane_maharashtra,sugarcane_maharashtra,D:\CropDiseaseProject\sugarcane_maharashtra\Mosaic\mosaic (92).jpeg,Mosaic / Viral Disease,4,Mosaic / Viral Disease,4,True,0.9571764469146729,0.9571764469146729,Rust (Brown Rust),0.0238345954567194,Healthy Leaves,0.0166216250509023,HIGH,CORRECT
TRACK_A_INTERNAL,Sugarcane,sugarcane_maharashtra,sugarcane_maharashtra,D:\CropDiseaseProject\sugarcane_maharashtra\Mosaic\mosaic (247).jpeg,Mosaic / Viral Disease,4,Mosaic / Viral Disease,4,True,0.5153302550315857,0.5153302550315857,Healthy Leaves,0.42902472615242,Yellow Leaf Disease,0.049486294388771,HIGH,CORRECT
TRACK_A_INTERNAL,Sugarcane,sugarcane_maharashtra,sugarcane_maharashtra,D:\CropDiseaseProject\sugarcane_maharashtra\Mosaic\mosaic (25).jpeg,Mosaic / Viral Disease,4,Rust (Brown Rust),7,False,0.4176802337169647,0.1574741154909134,Red Rot,0.301252543926239,Mosaic / Viral Disease,0.1574741154909134,HIGH,MISCLASSIFICATION
TRACK_A_INTERNAL,Sugarcane,sugarcane_maharashtra,sugarcane_maharashtra,D:\CropDiseaseProject\sugarcane_maharashtra\Mosaic\mosaic (430).jpeg,Mosaic / Viral Disease,4,Mosaic / Viral Disease,4,True,0.7709228992462158,0.7709228992462158,Red Rot,0.1343277245759964,Healthy Leaves,0.0783918127417564,HIGH,CORRECT
TRACK_A_INTERNAL,Sugarcane,sugarcane_maharashtra,sugarcane_maharashtra,D:\CropDiseaseProject\sugarcane_maharashtra\Mosaic\mosaic (167).jpeg,Mosaic / Viral Disease,4,Mosaic / Viral Disease,4,True,0.8872799277305603,0.8872799277305603,Yellow Leaf Disease,0.1084431484341621,Rust (Brown Rust),0.0031632774043828,HIGH,CORRECT
TRACK_A_INTERNAL,Sugarcane,sugarcane_maharashtra,sugarcane_maharashtra,D:\CropDiseaseProject\sugarcane_maharashtra\Mosaic\mosaic (437).jpeg,Mosaic / Viral Disease,4,Mosaic / Viral Disease,4,True,0.9634807705879213,0.9634807705879213,Healthy Leaves,0.0266104582697153,Yellow Leaf Disease,0.0053323619067668,HIGH,CORRECT
TRACK_A_INTERNAL,Sugarcane,sugarcane_maharashtra,sugarcane_maharashtra,D:\CropDiseaseProject\sugarcane_maharashtra\Mosaic\mosaic (298).jpeg,Mosaic / Viral Disease,4,Mosaic / Viral Disease,4,True,0.8734171390533447,0.8734171390533447,Rust (Brown Rust),0.0792511999607086,Yellow Leaf Disease,0.0256584752351045,HIGH,CORRECT
TRACK_A_INTERNAL,Sugarcane,sugarcane_maharashtra,sugarcane_maharashtra,D:\CropDiseaseProject\sugarcane_maharashtra\Mosaic\mosaic (23).jpeg,Mosaic / Viral Disease,4,Yellow Leaf Disease,10,False,0.8140138387680054,0.0620282143354415,Rust (Brown Rust),0.1071999296545982,Mosaic / Viral Disease,0.0620282143354415,HIGH,MISCLASSIFICATION
TRACK_A_INTERNAL,Sugarcane,sugarcane_maharashtra,sugarcane_maharashtra,D:\CropDiseaseProject\sugarcane_maharashtra\Mosaic\mosaic (160).jpeg,Mosaic / Viral Disease,4,Yellow Leaf Disease,10,False,0.6694272756576538,0.0345962159335613,Red Rot,0.1923340559005737,Healthy Leaves,0.0996302217245101,HIGH,MISCLASSIFICATION
TRACK_A_INTERNAL,Sugarcane,sugarcane_maharashtra,sugarcane_maharashtra,D:\CropDiseaseProject\sugarcane_maharashtra\Mosaic\mosaic (166).jpeg,Mosaic / Viral Disease,4,Yellow Leaf Disease,10,False,0.4814851582050323,0.4069400429725647,Mosaic / Viral Disease,0.4069400429725647,Healthy Leaves,0.0718283280730247,HIGH,MISCLASSIFICATION
TRACK_A_INTERNAL,Sugarcane,sugarcane_maharashtra,sugarcane_maharashtra,D:\CropDiseaseProject\sugarcane_maharashtra\Mosaic\mosaic (423).jpeg,Mosaic / Viral Disease,4,Mosaic / Viral Disease,4,True,0.9605989456176758,0.9605989456176758,Healthy Leaves,0.0263774506747722,Yellow Leaf Disease,0.00819709058851,HIGH,CORRECT
TRACK_A_INTERNAL,Sugarcane,sugarcane_maharashtra,sugarcane_maharashtra,D:\CropDiseaseProject\sugarcane_maharashtra\Mosaic\mosaic (109).jpeg,Mosaic / Viral Disease,4,Mosaic / Viral Disease,4,True,0.8722735047340393,0.8722735047340393,Yellow Leaf Disease,0.0656962618231773,Healthy Leaves,0.0365990214049816,HIGH,CORRECT
TRACK_A_INTERNAL,Sugarcane,sugarcane_maharashtra,sugarcane_maharashtra,D:\CropDiseaseProject\sugarcane_maharashtra\Mosaic\mosaic (30).jpeg,Mosaic / Viral Disease,4,Mosaic / Viral Disease,4,True,0.8745530843734741,0.8745530843734741,Yellow Leaf Disease,0.0593073889613151,Healthy Leaves,0.0542117841541767,HIGH,CORRECT
TRACK_A_INTERNAL,Sugarcane,sugarcane_maharashtra,sugarcane_maharashtra,D:\CropDiseaseProject\sugarcane_maharashtra\Mosaic\mosaic (218).jpeg,Mosaic / Viral Disease,4,Healthy Leaves,3,False,0.4377474188804626,0.2743316888809204,Mosaic / Viral Disease,0.2743316888809204,Yellow Leaf Disease,0.2596146166324615,HIGH,MISCLASSIFICATION
TRACK_A_INTERNAL,Sugarcane,sugarcane_maharashtra,sugarcane_maharashtra,D:\CropDiseaseProject\sugarcane_maharashtra\Mosaic\mosaic (184).jpeg,Mosaic / Viral Disease,4,Mosaic / Viral Disease,4,True,0.8151005506515503,0.8151005506515503,Rust (Brown Rust),0.1033196374773979,Red Rot,0.0669717490673065,HIGH,CORRECT
TRACK_A_INTERNAL,Sugarcane,sugarcane_maharashtra,sugarcane_maharashtra,D:\CropDiseaseProject\sugarcane_maharashtra\Mosaic\mosaic (189).jpeg,Mosaic / Viral Disease,4,Mosaic / Viral Disease,4,True,0.6860783696174622,0.6860783696174622,Yellow Leaf Disease,0.2040179669857025,Healthy Leaves,0.0596915408968925,HIGH,CORRECT
TRACK_A_INTERNAL,Sugarcane,sugarcane_maharashtra,sugarcane_maharashtra,D:\CropDiseaseProject\sugarcane_maharashtra\Mosaic\mosaic (348).jpeg,Mosaic / Viral Disease,4,Mosaic / Viral Disease,4,True,0.922953486442566,0.922953486442566,Rust (Brown Rust),0.0412403382360935,Yellow Leaf Disease,0.0255243517458438,HIGH,CORRECT
TRACK_A_INTERNAL,Sugarcane,sugarcane_maharashtra,sugarcane_maharashtra,D:\CropDiseaseProject\sugarcane_maharashtra\Mosaic\mosaic (55).jpeg,Mosaic / Viral Disease,4,Healthy Leaves,3,False,0.9363861680030824,0.0622492656111717,Mosaic / Viral Disease,0.0622492656111717,Rust (Brown Rust),0.0005961610004305,HIGH,MISCLASSIFICATION
TRACK_A_INTERNAL,Sugarcane,sugarcane_maharashtra,sugarcane_maharashtra,D:\CropDiseaseProject\sugarcane_maharashtra\Mosaic\mosaic (5).jpeg,Mosaic / Viral Disease,4,Yellow Leaf Disease,10,False,0.6428443193435669,0.1680092215538025,Rust (Brown Rust),0.175875648856163,Mosaic / Viral Disease,0.1680092215538025,HIGH,MISCLASSIFICATION
TRACK_A_INTERNAL,Sugarcane,sugarcane_maharashtra,sugarcane_maharashtra,D:\CropDiseaseProject\sugarcane_maharashtra\Mosaic\mosaic (235).jpeg,Mosaic / Viral Disease,4,Mosaic / Viral Disease,4,True,0.7397368550300598,0.7397368550300598,Yellow Leaf Disease,0.2141967713832855,Healthy Leaves,0.0299017354846,HIGH,CORRECT
TRACK_A_INTERNAL,Sugarcane,sugarcane_maharashtra,sugarcane_maharashtra,D:\CropDiseaseProject\sugarcane_maharashtra\Mosaic\mosaic (197).jpeg,Mosaic / Viral Disease,4,Mosaic / Viral Disease,4,True,0.6418460607528687,0.6418460607528687,Yellow Leaf Disease,0.3140060305595398,Rust (Brown Rust),0.0293195657432079,HIGH,CORRECT
TRACK_A_INTERNAL,Sugarcane,sugarcane_maharashtra,sugarcane_maharashtra,D:\CropDiseaseProject\sugarcane_maharashtra\Mosaic\mosaic (174).jpeg,Mosaic / Viral Disease,4,Healthy Leaves,3,False,0.6769834160804749,0.1720040738582611,Mosaic / Viral Disease,0.1720040738582611,Rust (Brown Rust),0.120327353477478,HIGH,MISCLASSIFICATION
TRACK_A_INTERNAL,Sugarcane,sugarcane_maharashtra,sugarcane_maharashtra,D:\CropDiseaseProject\sugarcane_maharashtra\RedRot\redrot (132).jpeg,Red Rot,6,Red Rot,6,True,0.965435028076172,0.965435028076172,Rust (Brown Rust),0.0223496966063976,Brown Spot,0.0034033078700304,HIGH,CORRECT
TRACK_A_INTERNAL,Sugarcane,sugarcane_maharashtra,sugarcane_maharashtra,D:\CropDiseaseProject\sugarcane_maharashtra\RedRot\redrot (74).jpeg,Red Rot,6,Red Rot,6,True,0.999492883682251,0.999492883682251,Brown Spot,0.000454316206742,Rust (Brown Rust),2.859321284631733e-05,HIGH,CORRECT
TRACK_A_INTERNAL,Sugarcane,sugarcane_maharashtra,sugarcane_maharashtra,D:\CropDiseaseProject\sugarcane_maharashtra\RedRot\redrot (368).jpeg,Red Rot,6,Red Rot,6,True,0.964625358581543,0.964625358581543,Brown Spot,0.0116842845454812,Rust (Brown Rust),0.0103959310799837,HIGH,CORRECT
TRACK_A_INTERNAL,Sugarcane,sugarcane_maharashtra,sugarcane_maharashtra,D:\CropDiseaseProject\sugarcane_maharashtra\RedRot\redrot (356).jpeg,Red Rot,6,Red Rot,6,True,0.8505913019180298,0.8505913019180298,Rust (Brown Rust),0.1196906939148902,Healthy Leaves,0.021593464538455,HIGH,CORRECT
TRACK_A_INTERNAL,Sugarcane,sugarcane_maharashtra,sugarcane_maharashtra,D:\CropDiseaseProject\sugarcane_maharashtra\RedRot\redrot (310).jpeg,Red Rot,6,Red Rot,6,True,0.9984264373779296,0.9984264373779296,Mosaic / Viral Disease,0.0014279151801019,Yellow Leaf Disease,5.4864842240931466e-05,HIGH,CORRECT
TRACK_A_INTERNAL,Sugarcane,sugarcane_maharashtra,sugarcane_maharashtra,D:\CropDiseaseProject\sugarcane_maharashtra\RedRot\redrot (365).jpeg,Red Rot,6,Red Rot,6,True,0.4879634380340576,0.4879634380340576,Brown Spot,0.4764296114444732,Healthy Leaves,0.0311546046286821,HIGH,CORRECT
TRACK_A_INTERNAL,Sugarcane,sugarcane_maharashtra,sugarcane_maharashtra,D:\CropDiseaseProject\sugarcane_maharashtra\RedRot\redrot (48).jpeg,Red Rot,6,Red Rot,6,True,0.930588960647583,0.930588960647583,Rust (Brown Rust),0.0622693039476871,Yellow Leaf Disease,0.0068326443433761,HIGH,CORRECT
TRACK_A_INTERNAL,Sugarcane,sugarcane_maharashtra,sugarcane_maharashtra,D:\CropDiseaseProject\sugarcane_maharashtra\RedRot\redrot (412).jpeg,Red Rot,6,Red Rot,6,True,0.9929763078689576,0.9929763078689576,Brown Spot,0.0044956528581678,Rust (Brown Rust),0.0024066662881523,HIGH,CORRECT
TRACK_A_INTERNAL,Sugarcane,sugarcane_maharashtra,sugarcane_maharashtra,D:\CropDiseaseProject\sugarcane_maharashtra\RedRot\redrot (91).jpeg,Red Rot,6,Red Rot,6,True,0.357971727848053,0.357971727848053,Brown Spot,0.3171714544296264,Yellow Leaf Disease,0.1388418525457382,HIGH,CORRECT
TRACK_A_INTERNAL,Sugarcane,sugarcane_maharashtra,sugarcane_maharashtra,D:\CropDiseaseProject\sugarcane_maharashtra\RedRot\redrot (13).jpeg,Red Rot,6,Red Rot,6,True,0.5289730429649353,0.5289730429649353,Brown Spot,0.3432930409908294,Yellow Leaf Disease,0.1243486553430557,HIGH,CORRECT
TRACK_A_INTERNAL,Sugarcane,sugarcane_maharashtra,sugarcane_maharashtra,D:\CropDiseaseProject\sugarcane_maharashtra\RedRot\redrot (174).jpeg,Red Rot,6,Red Rot,6,True,0.6719568967819214,0.6719568967819214,Healthy Leaves,0.290547251701355,Mosaic / Viral Disease,0.0136610055342316,HIGH,CORRECT
TRACK_A_INTERNAL,Sugarcane,sugarcane_maharashtra,sugarcane_maharashtra,D:\CropDiseaseProject\sugarcane_maharashtra\RedRot\redrot (394).jpeg,Red Rot,6,Rust (Brown Rust),7,False,0.8207195401191711,0.034265112131834,Brown Spot,0.0824091807007789,Red Rot,0.034265112131834,HIGH,MISCLASSIFICATION
TRACK_A_INTERNAL,Sugarcane,sugarcane_maharashtra,sugarcane_maharashtra,D:\CropDiseaseProject\sugarcane_maharashtra\RedRot\redrot (24).jpeg,Red Rot,6,Red Rot,6,True,0.4814261496067047,0.4814261496067047,Yellow Leaf Disease,0.1951037943363189,Rust (Brown Rust),0.1485888063907623,HIGH,CORRECT
TRACK_A_INTERNAL,Sugarcane,sugarcane_maharashtra,sugarcane_maharashtra,D:\CropDiseaseProject\sugarcane_maharashtra\RedRot\redrot (389).jpeg,Red Rot,6,Red Rot,6,True,0.9641944169998168,0.9641944169998168,Healthy Leaves,0.0214887205511331,Mosaic / Viral Disease,0.0104462169110775,HIGH,CORRECT
TRACK_A_INTERNAL,Sugarcane,sugarcane_maharashtra,sugarcane_maharashtra,D:\CropDiseaseProject\sugarcane_maharashtra\RedRot\redrot (226).jpeg,Red Rot,6,Red Rot,6,True,0.3388452231884002,0.3388452231884002,Brown Spot,0.2990476787090301,Yellow Leaf Disease,0.1459759324789047,HIGH,CORRECT
TRACK_A_INTERNAL,Sugarcane,sugarcane_maharashtra,sugarcane_maharashtra,D:\CropDiseaseProject\sugarcane_maharashtra\RedRot\redrot (254).jpeg,Red Rot,6,Red Rot,6,True,0.7563676238059998,0.7563676238059998,Yellow Leaf Disease,0.2434599846601486,Healthy Leaves,0.0001003903744276,HIGH,CORRECT
TRACK_A_INTERNAL,Sugarcane,sugarcane_maharashtra,sugarcane_maharashtra,D:\CropDiseaseProject\sugarcane_maharashtra\RedRot\redrot (362).jpeg,Red Rot,6,Red Rot,6,True,0.939651370048523,0.939651370048523,Healthy Leaves,0.0306975618004798,Mosaic / Viral Disease,0.0234735030680894,HIGH,CORRECT
TRACK_A_INTERNAL,Sugarcane,sugarcane_maharashtra,sugarcane_maharashtra,D:\CropDiseaseProject\sugarcane_maharashtra\RedRot\redrot (373).jpeg,Red Rot,6,Red Rot,6,True,0.9996696710586548,0.9996696710586548,Rust (Brown Rust),0.000241497400566,Brown Spot,7.461147470166907e-05,HIGH,CORRECT
TRACK_A_INTERNAL,Sugarcane,sugarcane_maharashtra,sugarcane_maharashtra,D:\CropDiseaseProject\sugarcane_maharashtra\RedRot\redrot (26).jpeg,Red Rot,6,Red Rot,6,True,0.9967066645622252,0.9967066645622252,Brown Spot,0.0022274521179497,Yellow Leaf Disease,0.0006276405765675,HIGH,CORRECT
TRACK_A_INTERNAL,Sugarcane,sugarcane_maharashtra,sugarcane_maharashtra,D:\CropDiseaseProject\sugarcane_maharashtra\RedRot\redrot (264).jpeg,Red Rot,6,Red Rot,6,True,0.9760395288467408,0.9760395288467408,Yellow Leaf Disease,0.0229392163455486,Pokkah Boeng,0.0003521739563439,HIGH,CORRECT
TRACK_A_INTERNAL,Sugarcane,sugarcane_maharashtra,sugarcane_maharashtra,D:\CropDiseaseProject\sugarcane_maharashtra\RedRot\redrot (423).jpeg,Red Rot,6,Red Rot,6,True,0.9977810978889464,0.9977810978889464,Rust (Brown Rust),0.0017111060442402,Yellow Leaf Disease,0.0004423042992129,HIGH,CORRECT
TRACK_A_INTERNAL,Sugarcane,sugarcane_maharashtra,sugarcane_maharashtra,D:\CropDiseaseProject\sugarcane_maharashtra\RedRot\redrot (169).jpeg,Red Rot,6,Healthy Leaves,3,False,0.965873122215271,0.0067216418683528,Brown Spot,0.0185938645154237,Pokkah Boeng,0.0076940557919442,HIGH,MISCLASSIFICATION
TRACK_A_INTERNAL,Sugarcane,sugarcane_maharashtra,sugarcane_maharashtra,D:\CropDiseaseProject\sugarcane_maharashtra\RedRot\redrot (110).jpeg,Red Rot,6,Red Rot,6,True,0.9853750467300416,0.9853750467300416,Rust (Brown Rust),0.0092318141832947,Brown Spot,0.0035174051299691,HIGH,CORRECT
TRACK_A_INTERNAL,Sugarcane,sugarcane_maharashtra,sugarcane_maharashtra,D:\CropDiseaseProject\sugarcane_maharashtra\RedRot\redrot (46).jpeg,Red Rot,6,Red Rot,6,True,0.8875370621681213,0.8875370621681213,Rust (Brown Rust),0.1069930493831634,Yellow Leaf Disease,0.0031333277001976,HIGH,CORRECT
TRACK_A_INTERNAL,Sugarcane,sugarcane_maharashtra,sugarcane_maharashtra,D:\CropDiseaseProject\sugarcane_maharashtra\RedRot\redrot (80).jpeg,Red Rot,6,Red Rot,6,True,0.9547628164291382,0.9547628164291382,Rust (Brown Rust),0.0355750694870948,Yellow Leaf Disease,0.0083787394687533,HIGH,CORRECT
TRACK_A_INTERNAL,Sugarcane,sugarcane_maharashtra,sugarcane_maharashtra,D:\CropDiseaseProject\sugarcane_maharashtra\RedRot\redrot (11).jpeg,Red Rot,6,Red Rot,6,True,0.998100221157074,0.998100221157074,Yellow Leaf Disease,0.0015999251045286,Rust (Brown Rust),0.0002994253009092,HIGH,CORRECT
TRACK_A_INTERNAL,Sugarcane,sugarcane_maharashtra,sugarcane_maharashtra,D:\CropDiseaseProject\sugarcane_maharashtra\RedRot\redrot (361).jpeg,Red Rot,6,Red Rot,6,True,0.9970959424972534,0.9970959424972534,Healthy Leaves,0.0026706263888627,Rust (Brown Rust),0.0001203347856062,HIGH,CORRECT
TRACK_A_INTERNAL,Sugarcane,sugarcane_maharashtra,sugarcane_maharashtra,D:\CropDiseaseProject\sugarcane_maharashtra\RedRot\redrot (229).jpeg,Red Rot,6,Red Rot,6,True,0.918701469898224,0.918701469898224,Brown Spot,0.0583718866109848,Rust (Brown Rust),0.0175638347864151,HIGH,CORRECT
TRACK_A_INTERNAL,Sugarcane,sugarcane_maharashtra,sugarcane_maharashtra,D:\CropDiseaseProject\sugarcane_maharashtra\RedRot\redrot (220).jpeg,Red Rot,6,Red Rot,6,True,0.8618335723876953,0.8618335723876953,Rust (Brown Rust),0.0694222003221511,Brown Spot,0.0619661770761013,HIGH,CORRECT
TRACK_A_INTERNAL,Sugarcane,sugarcane_maharashtra,sugarcane_maharashtra,D:\CropDiseaseProject\sugarcane_maharashtra\RedRot\redrot (490).jpeg,Red Rot,6,Brown Spot,1,False,0.958939492702484,0.0275762937963008,Red Rot,0.0275762937963008,Yellow Leaf Disease,0.0055317166261374,HIGH,MISCLASSIFICATION
TRACK_A_INTERNAL,Sugarcane,sugarcane_maharashtra,sugarcane_maharashtra,D:\CropDiseaseProject\sugarcane_maharashtra\Rust\rust (195).jpeg,Rust (Brown Rust),7,Grassy Shoot,2,False,0.6986761093139648,0.0005314570153132,Sett Rot,0.2103084474802017,Smut,0.084018625319004,HIGH,MISCLASSIFICATION
TRACK_A_INTERNAL,Sugarcane,sugarcane_maharashtra,sugarcane_maharashtra,D:\CropDiseaseProject\sugarcane_maharashtra\Rust\rust (272).jpeg,Rust (Brown Rust),7,Rust (Brown Rust),7,True,0.923963189125061,0.923963189125061,Red Rot,0.0752556324005127,Brown Spot,0.0004185671277809,HIGH,CORRECT
TRACK_A_INTERNAL,Sugarcane,sugarcane_maharashtra,sugarcane_maharashtra,D:\CropDiseaseProject\sugarcane_maharashtra\Rust\rust (331).jpeg,Rust (Brown Rust),7,Rust (Brown Rust),7,True,0.6465278267860413,0.6465278267860413,Mosaic / Viral Disease,0.1762828826904297,Brown Spot,0.1043798327445983,HIGH,CORRECT
TRACK_A_INTERNAL,Sugarcane,sugarcane_maharashtra,sugarcane_maharashtra,D:\CropDiseaseProject\sugarcane_maharashtra\Rust\rust (94).jpeg,Rust (Brown Rust),7,Red Rot,6,False,0.9654846787452698,0.0272321216762065,Rust (Brown Rust),0.0272321216762065,Yellow Leaf Disease,0.0049956180155277,HIGH,MISCLASSIFICATION
TRACK_A_INTERNAL,Sugarcane,sugarcane_maharashtra,sugarcane_maharashtra,D:\CropDiseaseProject\sugarcane_maharashtra\Rust\rust (467).jpeg,Rust (Brown Rust),7,Red Rot,6,False,0.3568707406520843,0.279098629951477,Rust (Brown Rust),0.279098629951477,Yellow Leaf Disease,0.2172804772853851,HIGH,MISCLASSIFICATION
TRACK_A_INTERNAL,Sugarcane,sugarcane_maharashtra,sugarcane_maharashtra,D:\CropDiseaseProject\sugarcane_maharashtra\Rust\rust (487).jpeg,Rust (Brown Rust),7,Rust (Brown Rust),7,True,0.9574382901191713,0.9574382901191713,Brown Spot,0.0284427925944328,Mosaic / Viral Disease,0.0122909368947148,HIGH,CORRECT
TRACK_A_INTERNAL,Sugarcane,sugarcane_maharashtra,sugarcane_maharashtra,D:\CropDiseaseProject\sugarcane_maharashtra\Rust\rust (64).jpeg,Rust (Brown Rust),7,Rust (Brown Rust),7,True,0.577398955821991,0.577398955821991,Red Rot,0.2257287353277206,Yellow Leaf Disease,0.0755550041794776,HIGH,CORRECT
TRACK_A_INTERNAL,Sugarcane,sugarcane_maharashtra,sugarcane_maharashtra,D:\CropDiseaseProject\sugarcane_maharashtra\Rust\rust (259).jpeg,Rust (Brown Rust),7,Rust (Brown Rust),7,True,0.9995118379592896,0.9995118379592896,Healthy Leaves,0.0002267080271849,Brown Spot,0.0001439031912013,HIGH,CORRECT
TRACK_A_INTERNAL,Sugarcane,sugarcane_maharashtra,sugarcane_maharashtra,D:\CropDiseaseProject\sugarcane_maharashtra\Rust\rust (132).jpeg,Rust (Brown Rust),7,Mosaic / Viral Disease,4,False,0.4086881577968597,0.3716046512126922,Rust (Brown Rust),0.3716046512126922,Brown Spot,0.1650136411190033,HIGH,MISCLASSIFICATION
TRACK_A_INTERNAL,Sugarcane,sugarcane_maharashtra,sugarcane_maharashtra,D:\CropDiseaseProject\sugarcane_maharashtra\Rust\rust (193).jpeg,Rust (Brown Rust),7,Rust (Brown Rust),7,True,0.9272471070289612,0.9272471070289612,Brown Spot,0.0339374095201492,Red Rot,0.0200643483549356,HIGH,CORRECT
TRACK_A_INTERNAL,Sugarcane,sugarcane_maharashtra,sugarcane_maharashtra,D:\CropDiseaseProject\sugarcane_maharashtra\Rust\rust (30).jpeg,Rust (Brown Rust),7,Rust (Brown Rust),7,True,0.8292080163955688,0.8292080163955688,Yellow Leaf Disease,0.1124483793973922,Brown Spot,0.0170398745685815,HIGH,CORRECT
TRACK_A_INTERNAL,Sugarcane,sugarcane_maharashtra,sugarcane_maharashtra,D:\CropDiseaseProject\sugarcane_maharashtra\Rust\rust (338).jpeg,Rust (Brown Rust),7,Rust (Brown Rust),7,True,0.9998384714126588,0.9998384714126588,Healthy Leaves,0.0001001325072138,Red Rot,3.253320392104797e-05,HIGH,CORRECT
TRACK_A_INTERNAL,Sugarcane,sugarcane_maharashtra,sugarcane_maharashtra,D:\CropDiseaseProject\sugarcane_maharashtra\Rust\rust (404).jpeg,Rust (Brown Rust),7,Rust (Brown Rust),7,True,0.997458040714264,0.997458040714264,Red Rot,0.0025112128350883,Healthy Leaves,1.667650940362364e-05,HIGH,CORRECT
TRACK_A_INTERNAL,Sugarcane,sugarcane_maharashtra,sugarcane_maharashtra,D:\CropDiseaseProject\sugarcane_maharashtra\Rust\rust (277).jpeg,Rust (Brown Rust),7,Rust (Brown Rust),7,True,0.999450147151947,0.999450147151947,Red Rot,0.0003996431769337,Yellow Leaf Disease,7.585901767015457e-05,HIGH,CORRECT
TRACK_A_INTERNAL,Sugarcane,sugarcane_maharashtra,sugarcane_maharashtra,D:\CropDiseaseProject\sugarcane_maharashtra\Rust\rust (258).jpeg,Rust (Brown Rust),7,Rust (Brown Rust),7,True,0.8873199224472046,0.8873199224472046,Red Rot,0.053347285836935,Brown Spot,0.0237611327320337,HIGH,CORRECT
TRACK_A_INTERNAL,Sugarcane,sugarcane_maharashtra,sugarcane_maharashtra,D:\CropDiseaseProject\sugarcane_maharashtra\Rust\rust (410).jpeg,Rust (Brown Rust),7,Rust (Brown Rust),7,True,0.9840438961982728,0.9840438961982728,Red Rot,0.0045783505775034,Yellow Leaf Disease,0.0039476165547966,HIGH,CORRECT
TRACK_A_INTERNAL,Sugarcane,sugarcane_maharashtra,sugarcane_maharashtra,D:\CropDiseaseProject\sugarcane_maharashtra\Rust\rust (437).jpeg,Rust (Brown Rust),7,Rust (Brown Rust),7,True,0.7611096501350403,0.7611096501350403,Yellow Leaf Disease,0.1641651839017868,Brown Spot,0.0331921055912971,HIGH,CORRECT
TRACK_A_INTERNAL,Sugarcane,sugarcane_maharashtra,sugarcane_maharashtra,D:\CropDiseaseProject\sugarcane_maharashtra\Rust\rust (224).jpeg,Rust (Brown Rust),7,Rust (Brown Rust),7,True,0.9156840443611144,0.9156840443611144,Brown Spot,0.0276906341314315,Healthy Leaves,0.0270807351917028,HIGH,CORRECT
TRACK_A_INTERNAL,Sugarcane,sugarcane_maharashtra,sugarcane_maharashtra,D:\CropDiseaseProject\sugarcane_maharashtra\Rust\rust (154).jpeg,Rust (Brown Rust),7,Rust (Brown Rust),7,True,0.9560657739639282,0.9560657739639282,Red Rot,0.0306515339761972,Brown Spot,0.0043475087732076,HIGH,CORRECT
TRACK_A_INTERNAL,Sugarcane,sugarcane_maharashtra,sugarcane_maharashtra,D:\CropDiseaseProject\sugarcane_maharashtra\Rust\rust (120).jpeg,Rust (Brown Rust),7,Rust (Brown Rust),7,True,0.997983694076538,0.997983694076538,Yellow Leaf Disease,0.0010728464694693,Red Rot,0.0008710094261914,HIGH,CORRECT
TRACK_A_INTERNAL,Sugarcane,sugarcane_maharashtra,sugarcane_maharashtra,D:\CropDiseaseProject\sugarcane_maharashtra\Rust\rust (441).jpeg,Rust (Brown Rust),7,Rust (Brown Rust),7,True,0.7420920133590698,0.7420920133590698,Mosaic / Viral Disease,0.1382490992546081,Healthy Leaves,0.0426084250211715,HIGH,CORRECT
TRACK_A_INTERNAL,Sugarcane,sugarcane_maharashtra,sugarcane_maharashtra,D:\CropDiseaseProject\sugarcane_maharashtra\Rust\rust (78).jpeg,Rust (Brown Rust),7,Rust (Brown Rust),7,True,0.8392150402069092,0.8392150402069092,Red Rot,0.1205863282084465,Yellow Leaf Disease,0.0287574417889118,HIGH,CORRECT
TRACK_A_INTERNAL,Sugarcane,sugarcane_maharashtra,sugarcane_maharashtra,D:\CropDiseaseProject\sugarcane_maharashtra\Rust\rust (373).jpeg,Rust (Brown Rust),7,Rust (Brown Rust),7,True,0.9998168349266052,0.9998168349266052,Mosaic / Viral Disease,8.34722668514587e-05,Red Rot,2.965350722661242e-05,HIGH,CORRECT
TRACK_A_INTERNAL,Sugarcane,sugarcane_maharashtra,sugarcane_maharashtra,D:\CropDiseaseProject\sugarcane_maharashtra\Rust\rust (278).jpeg,Rust (Brown Rust),7,Rust (Brown Rust),7,True,0.6652738451957703,0.6652738451957703,Red Rot,0.283564418554306,Mosaic / Viral Disease,0.0470889993011951,HIGH,CORRECT
TRACK_A_INTERNAL,Sugarcane,sugarcane_maharashtra,sugarcane_maharashtra,D:\CropDiseaseProject\sugarcane_maharashtra\Rust\rust (145).jpeg,Rust (Brown Rust),7,Rust (Brown Rust),7,True,0.972568690776825,0.972568690776825,Healthy Leaves,0.0123435324057936,Mosaic / Viral Disease,0.0118850050494074,HIGH,CORRECT
TRACK_A_INTERNAL,Sugarcane,sugarcane_maharashtra,sugarcane_maharashtra,D:\CropDiseaseProject\sugarcane_maharashtra\Rust\rust (340).jpeg,Rust (Brown Rust),7,Rust (Brown Rust),7,True,0.991239607334137,0.991239607334137,Red Rot,0.0082563562318682,Mosaic / Viral Disease,0.0001890818966785,HIGH,CORRECT
TRACK_A_INTERNAL,Sugarcane,sugarcane_maharashtra,sugarcane_maharashtra,D:\CropDiseaseProject\sugarcane_maharashtra\Rust\rust (257).jpeg,Rust (Brown Rust),7,Rust (Brown Rust),7,True,0.997458040714264,0.997458040714264,Red Rot,0.0025112128350883,Healthy Leaves,1.667650940362364e-05,HIGH,CORRECT
TRACK_A_INTERNAL,Sugarcane,sugarcane_maharashtra,sugarcane_maharashtra,D:\CropDiseaseProject\sugarcane_maharashtra\Rust\rust (343).jpeg,Rust (Brown Rust),7,Rust (Brown Rust),7,True,0.9961584210395812,0.9961584210395812,Red Rot,0.0031093780416995,Brown Spot,0.0002836189232766,HIGH,CORRECT
TRACK_A_INTERNAL,Sugarcane,sugarcane_maharashtra,sugarcane_maharashtra,D:\CropDiseaseProject\sugarcane_maharashtra\Rust\rust (458).jpeg,Rust (Brown Rust),7,Red Rot,6,False,0.5423918962478638,0.2804248034954071,Rust (Brown Rust),0.2804248034954071,Mosaic / Viral Disease,0.0822098851203918,HIGH,MISCLASSIFICATION
TRACK_A_INTERNAL,Sugarcane,sugarcane_maharashtra,sugarcane_maharashtra,D:\CropDiseaseProject\sugarcane_maharashtra\Rust\rust (485).jpeg,Rust (Brown Rust),7,Rust (Brown Rust),7,True,0.835940420627594,0.835940420627594,Healthy Leaves,0.1356411129236221,Red Rot,0.0170492157340049,HIGH,CORRECT
TRACK_A_INTERNAL,Sugarcane,sugarcane_maharashtra,sugarcane_maharashtra,D:\CropDiseaseProject\sugarcane_maharashtra\Yellow\yellow (319).jpeg,Yellow Leaf Disease,10,Yellow Leaf Disease,10,True,0.8376463055610657,0.8376463055610657,Mosaic / Viral Disease,0.1310712248086929,Rust (Brown Rust),0.0152309834957122,HIGH,CORRECT
TRACK_A_INTERNAL,Sugarcane,sugarcane_maharashtra,sugarcane_maharashtra,D:\CropDiseaseProject\sugarcane_maharashtra\Yellow\yellow (207).jpeg,Yellow Leaf Disease,10,Yellow Leaf Disease,10,True,0.5859643220901489,0.5859643220901489,Mosaic / Viral Disease,0.3681159317493438,Healthy Leaves,0.0303814709186553,HIGH,CORRECT
TRACK_A_INTERNAL,Sugarcane,sugarcane_maharashtra,sugarcane_maharashtra,D:\CropDiseaseProject\sugarcane_maharashtra\Yellow\yellow (13).jpeg,Yellow Leaf Disease,10,Yellow Leaf Disease,10,True,0.9669267535209656,0.9669267535209656,Red Rot,0.0275710131973028,Rust (Brown Rust),0.0051361904479563,HIGH,CORRECT
TRACK_A_INTERNAL,Sugarcane,sugarcane_maharashtra,sugarcane_maharashtra,D:\CropDiseaseProject\sugarcane_maharashtra\Yellow\yellow (340).jpeg,Yellow Leaf Disease,10,Yellow Leaf Disease,10,True,0.9838716983795166,0.9838716983795166,Red Rot,0.009583163075149,Mosaic / Viral Disease,0.0025915333535522,HIGH,CORRECT
TRACK_A_INTERNAL,Sugarcane,sugarcane_maharashtra,sugarcane_maharashtra,D:\CropDiseaseProject\sugarcane_maharashtra\Yellow\yellow (378).jpeg,Yellow Leaf Disease,10,Mosaic / Viral Disease,4,False,0.7036846876144409,0.1301417499780655,Healthy Leaves,0.1598835736513137,Yellow Leaf Disease,0.1301417499780655,HIGH,MISCLASSIFICATION
TRACK_A_INTERNAL,Sugarcane,sugarcane_maharashtra,sugarcane_maharashtra,D:\CropDiseaseProject\sugarcane_maharashtra\Yellow\yellow (55).jpeg,Yellow Leaf Disease,10,Rust (Brown Rust),7,False,0.9423226714134216,0.0547636672854423,Yellow Leaf Disease,0.0547636672854423,Red Rot,0.002590695163235,HIGH,MISCLASSIFICATION
TRACK_A_INTERNAL,Sugarcane,sugarcane_maharashtra,sugarcane_maharashtra,D:\CropDiseaseProject\sugarcane_maharashtra\Yellow\yellow (187).jpeg,Yellow Leaf Disease,10,Yellow Leaf Disease,10,True,0.6979019045829773,0.6979019045829773,Mosaic / Viral Disease,0.2268544882535934,Healthy Leaves,0.0727245360612869,HIGH,CORRECT
TRACK_A_INTERNAL,Sugarcane,sugarcane_maharashtra,sugarcane_maharashtra,D:\CropDiseaseProject\sugarcane_maharashtra\Yellow\yellow (483).jpeg,Yellow Leaf Disease,10,Mosaic / Viral Disease,4,False,0.9929468035697936,0.0034682159312069,Yellow Leaf Disease,0.0034682159312069,Healthy Leaves,0.0032547779846936,HIGH,MISCLASSIFICATION
TRACK_A_INTERNAL,Sugarcane,sugarcane_maharashtra,sugarcane_maharashtra,D:\CropDiseaseProject\sugarcane_maharashtra\Yellow\yellow (133).jpeg,Yellow Leaf Disease,10,Brown Spot,1,False,0.8037927150726318,0.0737482383847236,Pokkah Boeng,0.1070328056812286,Yellow Leaf Disease,0.0737482383847236,HIGH,MISCLASSIFICATION
TRACK_A_INTERNAL,Sugarcane,sugarcane_maharashtra,sugarcane_maharashtra,D:\CropDiseaseProject\sugarcane_maharashtra\Yellow\yellow (179).jpeg,Yellow Leaf Disease,10,Yellow Leaf Disease,10,True,0.8177949786186218,0.8177949786186218,Mosaic / Viral Disease,0.1139738485217094,Healthy Leaves,0.0466153733432292,HIGH,CORRECT
TRACK_A_INTERNAL,Sugarcane,sugarcane_maharashtra,sugarcane_maharashtra,D:\CropDiseaseProject\sugarcane_maharashtra\Yellow\yellow (157).jpeg,Yellow Leaf Disease,10,Yellow Leaf Disease,10,True,0.9801478385925292,0.9801478385925292,Brown Spot,0.0099311172962188,Healthy Leaves,0.0057947859168052,HIGH,CORRECT
TRACK_A_INTERNAL,Sugarcane,sugarcane_maharashtra,sugarcane_maharashtra,D:\CropDiseaseProject\sugarcane_maharashtra\Yellow\yellow (370).jpeg,Yellow Leaf Disease,10,Healthy Leaves,3,False,0.9121214747428894,0.0388303473591804,Mosaic / Viral Disease,0.0465045273303985,Yellow Leaf Disease,0.0388303473591804,HIGH,MISCLASSIFICATION
TRACK_A_INTERNAL,Sugarcane,sugarcane_maharashtra,sugarcane_maharashtra,D:\CropDiseaseProject\sugarcane_maharashtra\Yellow\yellow (109).jpeg,Yellow Leaf Disease,10,Yellow Leaf Disease,10,True,0.9993277788162231,0.9993277788162231,Brown Spot,0.0002222887123934,Healthy Leaves,0.0001866039237938,HIGH,CORRECT
TRACK_A_INTERNAL,Sugarcane,sugarcane_maharashtra,sugarcane_maharashtra,D:\CropDiseaseProject\sugarcane_maharashtra\Yellow\yellow (18).jpeg,Yellow Leaf Disease,10,Yellow Leaf Disease,10,True,0.8296315670013428,0.8296315670013428,Brown Spot,0.0730661526322364,Red Rot,0.0494580864906311,HIGH,CORRECT
TRACK_A_INTERNAL,Sugarcane,sugarcane_maharashtra,sugarcane_maharashtra,D:\CropDiseaseProject\sugarcane_maharashtra\Yellow\yellow (309).jpeg,Yellow Leaf Disease,10,Yellow Leaf Disease,10,True,0.9620392322540284,0.9620392322540284,Red Rot,0.0261840280145406,Healthy Leaves,0.0089821955189108,HIGH,CORRECT
TRACK_A_INTERNAL,Sugarcane,sugarcane_maharashtra,sugarcane_maharashtra,D:\CropDiseaseProject\sugarcane_maharashtra\Yellow\yellow (418).jpeg,Yellow Leaf Disease,10,Yellow Leaf Disease,10,True,0.5407875776290894,0.5407875776290894,Mosaic / Viral Disease,0.3246203362941742,Rust (Brown Rust),0.0644847825169563,HIGH,CORRECT
TRACK_A_INTERNAL,Sugarcane,sugarcane_maharashtra,sugarcane_maharashtra,D:\CropDiseaseProject\sugarcane_maharashtra\Yellow\yellow (440).jpeg,Yellow Leaf Disease,10,Yellow Leaf Disease,10,True,0.93072110414505,0.93072110414505,Healthy Leaves,0.0431866236031055,Rust (Brown Rust),0.0152028361335396,HIGH,CORRECT
TRACK_A_INTERNAL,Sugarcane,sugarcane_maharashtra,sugarcane_maharashtra,D:\CropDiseaseProject\sugarcane_maharashtra\Yellow\yellow (82).jpeg,Yellow Leaf Disease,10,Yellow Leaf Disease,10,True,0.9498762488365172,0.9498762488365172,Brown Spot,0.0248702485114336,Red Rot,0.0153940860182046,HIGH,CORRECT
TRACK_A_INTERNAL,Sugarcane,sugarcane_maharashtra,sugarcane_maharashtra,D:\CropDiseaseProject\sugarcane_maharashtra\Yellow\yellow (200).jpeg,Yellow Leaf Disease,10,Yellow Leaf Disease,10,True,0.9564386606216432,0.9564386606216432,Healthy Leaves,0.0306942742317914,Mosaic / Viral Disease,0.0061450763605535,HIGH,CORRECT
TRACK_A_INTERNAL,Sugarcane,sugarcane_maharashtra,sugarcane_maharashtra,D:\CropDiseaseProject\sugarcane_maharashtra\Yellow\yellow (230).jpeg,Yellow Leaf Disease,10,Yellow Leaf Disease,10,True,0.8210081458091736,0.8210081458091736,Healthy Leaves,0.0980812981724739,Mosaic / Viral Disease,0.0706148296594619,HIGH,CORRECT
TRACK_A_INTERNAL,Sugarcane,sugarcane_maharashtra,sugarcane_maharashtra,D:\CropDiseaseProject\sugarcane_maharashtra\Yellow\yellow (444).jpeg,Yellow Leaf Disease,10,Healthy Leaves,3,False,0.6995559930801392,0.0432332120835781,Smut,0.1257965713739395,Red Rot,0.0685278251767158,HIGH,MISCLASSIFICATION
TRACK_A_INTERNAL,Sugarcane,sugarcane_maharashtra,sugarcane_maharashtra,D:\CropDiseaseProject\sugarcane_maharashtra\Yellow\yellow (160).jpeg,Yellow Leaf Disease,10,Yellow Leaf Disease,10,True,0.8657594323158264,0.8657594323158264,Healthy Leaves,0.1320568621158599,Rust (Brown Rust),0.0008979300619103,HIGH,CORRECT
TRACK_A_INTERNAL,Sugarcane,sugarcane_maharashtra,sugarcane_maharashtra,D:\CropDiseaseProject\sugarcane_maharashtra\Yellow\yellow (72).jpeg,Yellow Leaf Disease,10,Yellow Leaf Disease,10,True,0.7555455565452576,0.7555455565452576,Red Rot,0.1552572846412658,Rust (Brown Rust),0.0613060370087623,HIGH,CORRECT
TRACK_A_INTERNAL,Sugarcane,sugarcane_maharashtra,sugarcane_maharashtra,D:\CropDiseaseProject\sugarcane_maharashtra\Yellow\yellow (443).jpeg,Yellow Leaf Disease,10,Yellow Leaf Disease,10,True,0.7700107097625732,0.7700107097625732,Mosaic / Viral Disease,0.1631710678339004,Healthy Leaves,0.0410114228725433,HIGH,CORRECT
TRACK_A_INTERNAL,Sugarcane,sugarcane_maharashtra,sugarcane_maharashtra,D:\CropDiseaseProject\sugarcane_maharashtra\Yellow\yellow (102).jpeg,Yellow Leaf Disease,10,Red Rot,6,False,0.3628876209259033,0.2982527911663055,Yellow Leaf Disease,0.2982527911663055,Rust (Brown Rust),0.2032758891582489,HIGH,MISCLASSIFICATION
TRACK_A_INTERNAL,Sugarcane,sugarcane_maharashtra,sugarcane_maharashtra,D:\CropDiseaseProject\sugarcane_maharashtra\Yellow\yellow (239).jpeg,Yellow Leaf Disease,10,Yellow Leaf Disease,10,True,0.9959854483604432,0.9959854483604432,Red Rot,0.0034286519512534,Rust (Brown Rust),0.0003079508605878,HIGH,CORRECT
TRACK_A_INTERNAL,Sugarcane,sugarcane_maharashtra,sugarcane_maharashtra,D:\CropDiseaseProject\sugarcane_maharashtra\Yellow\yellow (379).jpeg,Yellow Leaf Disease,10,Yellow Leaf Disease,10,True,0.4258017241954803,0.4258017241954803,Rust (Brown Rust),0.3765990436077118,Red Rot,0.1957277953624725,HIGH,CORRECT
TRACK_A_INTERNAL,Sugarcane,sugarcane_maharashtra,sugarcane_maharashtra,D:\CropDiseaseProject\sugarcane_maharashtra\Yellow\yellow (430).jpeg,Yellow Leaf Disease,10,Mosaic / Viral Disease,4,False,0.5860059857368469,0.2960864007472992,Yellow Leaf Disease,0.2960864007472992,Healthy Leaves,0.109494425356388,HIGH,MISCLASSIFICATION
TRACK_A_INTERNAL,Sugarcane,sugarcane_maharashtra,sugarcane_maharashtra,D:\CropDiseaseProject\sugarcane_maharashtra\Yellow\yellow (376).jpeg,Yellow Leaf Disease,10,Yellow Leaf Disease,10,True,0.9949533343315125,0.9949533343315125,Healthy Leaves,0.0045524812303483,Brown Spot,0.0003473476390354,HIGH,CORRECT
TRACK_A_INTERNAL,Sugarcane,sugarcane_maharashtra,sugarcane_maharashtra,D:\CropDiseaseProject\sugarcane_maharashtra\Yellow\yellow (83).jpeg,Yellow Leaf Disease,10,Yellow Leaf Disease,10,True,0.8730936646461487,0.8730936646461487,Healthy Leaves,0.0476450696587562,Brown Spot,0.0340428538620471,HIGH,CORRECT
TRACK_A_INTERNAL,Sugarcane,sugarcane_large,sugarcane_large,D:\CropDiseaseProject\sugarcane_large\Diseases\Banded Chlorosis\image021.jpg,Banded Chlorosis,0,Banded Chlorosis,0,True,0.911288559436798,0.911288559436798,Brown Spot,0.0321851782500743,Mosaic / Viral Disease,0.0163562055677175,HIGH,CORRECT
TRACK_A_INTERNAL,Sugarcane,sugarcane_large,sugarcane_large,D:\CropDiseaseProject\sugarcane_large\Diseases\Banded Chlorosis\image236.jpg,Banded Chlorosis,0,Banded Chlorosis,0,True,0.3812029063701629,0.3812029063701629,Yellow Leaf Disease,0.3025204241275787,Rust (Brown Rust),0.2590923011302948,HIGH,CORRECT
TRACK_A_INTERNAL,Sugarcane,sugarcane_large,sugarcane_large,D:\CropDiseaseProject\sugarcane_large\Diseases\Banded Chlorosis\image227.jpg,Banded Chlorosis,0,Banded Chlorosis,0,True,0.7320433259010315,0.7320433259010315,Rust (Brown Rust),0.1623201519250869,Mosaic / Viral Disease,0.0517338886857032,HIGH,CORRECT
TRACK_A_INTERNAL,Sugarcane,sugarcane_large,sugarcane_large,D:\CropDiseaseProject\sugarcane_large\Diseases\Banded Chlorosis\image242.jpg,Banded Chlorosis,0,Rust (Brown Rust),7,False,0.5122872591018677,0.4220894277095794,Banded Chlorosis,0.4220894277095794,Yellow Leaf Disease,0.0341030955314636,HIGH,MISCLASSIFICATION
TRACK_A_INTERNAL,Sugarcane,sugarcane_large,sugarcane_large,D:\CropDiseaseProject\sugarcane_large\Diseases\Banded Chlorosis\image404.jpg,Banded Chlorosis,0,Banded Chlorosis,0,True,0.7552849650382996,0.7552849650382996,Yellow Leaf Disease,0.163956344127655,Brown Spot,0.0420507118105888,HIGH,CORRECT
TRACK_A_INTERNAL,Sugarcane,sugarcane_large,sugarcane_large,D:\CropDiseaseProject\sugarcane_large\Diseases\Banded Chlorosis\image062.jpg,Banded Chlorosis,0,Banded Chlorosis,0,True,0.8889554738998413,0.8889554738998413,Yellow Leaf Disease,0.0892803817987442,Rust (Brown Rust),0.0067519769072532,HIGH,CORRECT
TRACK_A_INTERNAL,Sugarcane,sugarcane_large,sugarcane_large,D:\CropDiseaseProject\sugarcane_large\Diseases\Banded Chlorosis\image202.jpg,Banded Chlorosis,0,Banded Chlorosis,0,True,0.6303558349609375,0.6303558349609375,Rust (Brown Rust),0.2600530385971069,Yellow Leaf Disease,0.0508755668997764,HIGH,CORRECT
TRACK_A_INTERNAL,Sugarcane,sugarcane_large,sugarcane_large,D:\CropDiseaseProject\sugarcane_large\Diseases\Banded Chlorosis\image041.jpg,Banded Chlorosis,0,Banded Chlorosis,0,True,0.528832733631134,0.528832733631134,Brown Spot,0.379098117351532,Yellow Leaf Disease,0.0508958585560321,HIGH,CORRECT
TRACK_A_INTERNAL,Sugarcane,sugarcane_large,sugarcane_large,D:\CropDiseaseProject\sugarcane_large\Diseases\Banded Chlorosis\image257.jpg,Banded Chlorosis,0,Banded Chlorosis,0,True,0.4734811186790466,0.4734811186790466,Rust (Brown Rust),0.3052722215652466,Brown Spot,0.1198722645640373,HIGH,CORRECT
TRACK_A_INTERNAL,Sugarcane,sugarcane_large,sugarcane_large,D:\CropDiseaseProject\sugarcane_large\Diseases\Banded Chlorosis\image304.jpg,Banded Chlorosis,0,Banded Chlorosis,0,True,0.9382389783859252,0.9382389783859252,Yellow Leaf Disease,0.0562981218099594,Rust (Brown Rust),0.0033714713063091,HIGH,CORRECT
TRACK_A_INTERNAL,Sugarcane,sugarcane_large,sugarcane_large,D:\CropDiseaseProject\sugarcane_large\Diseases\Banded Chlorosis\image314.jpg,Banded Chlorosis,0,Yellow Leaf Disease,10,False,0.8667860627174377,0.1280875205993652,Banded Chlorosis,0.1280875205993652,Brown Spot,0.0033504150342196,HIGH,MISCLASSIFICATION
TRACK_A_INTERNAL,Sugarcane,sugarcane_large,sugarcane_large,D:\CropDiseaseProject\sugarcane_large\Diseases\Banded Chlorosis\image157.jpg,Banded Chlorosis,0,Mosaic / Viral Disease,4,False,0.8682026863098145,0.0534069091081619,Rust (Brown Rust),0.0565471723675727,Banded Chlorosis,0.0534069091081619,HIGH,MISCLASSIFICATION
TRACK_A_INTERNAL,Sugarcane,sugarcane_large,sugarcane_large,D:\CropDiseaseProject\sugarcane_large\Diseases\Banded Chlorosis\image264.jpg,Banded Chlorosis,0,Banded Chlorosis,0,True,0.9012809991836548,0.9012809991836548,Yellow Leaf Disease,0.0405601188540458,Rust (Brown Rust),0.0355571247637271,HIGH,CORRECT
TRACK_A_INTERNAL,Sugarcane,sugarcane_large,sugarcane_large,D:\CropDiseaseProject\sugarcane_large\Diseases\Banded Chlorosis\image464.jpg,Banded Chlorosis,0,Banded Chlorosis,0,True,0.5271385312080383,0.5271385312080383,Yellow Leaf Disease,0.3399497866630554,Rust (Brown Rust),0.0762185603380203,HIGH,CORRECT
TRACK_A_INTERNAL,Sugarcane,sugarcane_large,sugarcane_large,D:\CropDiseaseProject\sugarcane_large\Diseases\Banded Chlorosis\image346.jpg,Banded Chlorosis,0,Banded Chlorosis,0,True,0.9860599040985109,0.9860599040985109,Yellow Leaf Disease,0.0094378609210252,Brown Spot,0.0036010365001857,HIGH,CORRECT
TRACK_A_INTERNAL,Sugarcane,sugarcane_large,sugarcane_large,D:\CropDiseaseProject\sugarcane_large\Diseases\Banded Chlorosis\image063.jpg,Banded Chlorosis,0,Banded Chlorosis,0,True,0.9404393434524536,0.9404393434524536,Yellow Leaf Disease,0.0297017246484756,Rust (Brown Rust),0.0138681009411811,HIGH,CORRECT
TRACK_A_INTERNAL,Sugarcane,sugarcane_large,sugarcane_large,D:\CropDiseaseProject\sugarcane_large\Diseases\Banded Chlorosis\image329.jpg,Banded Chlorosis,0,Banded Chlorosis,0,True,0.9048789739608764,0.9048789739608764,Brown Spot,0.0329862348735332,Yellow Leaf Disease,0.0270510204136371,HIGH,CORRECT
TRACK_A_INTERNAL,Sugarcane,sugarcane_large,sugarcane_large,D:\CropDiseaseProject\sugarcane_large\Diseases\Banded Chlorosis\image253.jpg,Banded Chlorosis,0,Banded Chlorosis,0,True,0.7274238467216492,0.7274238467216492,Rust (Brown Rust),0.1469815522432327,Yellow Leaf Disease,0.1182041391730308,HIGH,CORRECT
TRACK_A_INTERNAL,Sugarcane,sugarcane_large,sugarcane_large,D:\CropDiseaseProject\sugarcane_large\Diseases\Banded Chlorosis\image005.jpg,Banded Chlorosis,0,Banded Chlorosis,0,True,0.3993653953075409,0.3993653953075409,Rust (Brown Rust),0.2515516877174377,Yellow Leaf Disease,0.242153450846672,HIGH,CORRECT
TRACK_A_INTERNAL,Sugarcane,sugarcane_large,sugarcane_large,D:\CropDiseaseProject\sugarcane_large\Diseases\Banded Chlorosis\image135.jpg,Banded Chlorosis,0,Banded Chlorosis,0,True,0.4251338243484497,0.4251338243484497,Yellow Leaf Disease,0.2179995477199554,Brown Spot,0.2169888913631439,HIGH,CORRECT
TRACK_A_INTERNAL,Sugarcane,sugarcane_large,sugarcane_large,D:\CropDiseaseProject\sugarcane_large\Diseases\Banded Chlorosis\image340.jpg,Banded Chlorosis,0,Banded Chlorosis,0,True,0.8096251487731934,0.8096251487731934,Yellow Leaf Disease,0.1322030425071716,Brown Spot,0.037750244140625,HIGH,CORRECT
TRACK_A_INTERNAL,Sugarcane,sugarcane_large,sugarcane_large,D:\CropDiseaseProject\sugarcane_large\Diseases\Banded Chlorosis\image189.jpg,Banded Chlorosis,0,Banded Chlorosis,0,True,0.6655399203300476,0.6655399203300476,Brown Spot,0.135551318526268,Mosaic / Viral Disease,0.1034193933010101,HIGH,CORRECT
TRACK_A_INTERNAL,Sugarcane,sugarcane_large,sugarcane_large,D:\CropDiseaseProject\sugarcane_large\Diseases\Banded Chlorosis\image307.jpg,Banded Chlorosis,0,Banded Chlorosis,0,True,0.9413670301437378,0.9413670301437378,Yellow Leaf Disease,0.0563398301601409,Rust (Brown Rust),0.0015816061059013,HIGH,CORRECT
TRACK_A_INTERNAL,Sugarcane,sugarcane_large,sugarcane_large,D:\CropDiseaseProject\sugarcane_large\Diseases\Banded Chlorosis\image218.jpg,Banded Chlorosis,0,Yellow Leaf Disease,10,False,0.4447456896305084,0.2793733775615692,Banded Chlorosis,0.2793733775615692,Mosaic / Viral Disease,0.1500326544046402,HIGH,MISCLASSIFICATION
TRACK_A_INTERNAL,Sugarcane,sugarcane_large,sugarcane_large,D:\CropDiseaseProject\sugarcane_large\Diseases\Banded Chlorosis\image390.jpg,Banded Chlorosis,0,Banded Chlorosis,0,True,0.7216244339942932,0.7216244339942932,Brown Spot,0.2117654532194137,Healthy Leaves,0.0462677665054798,HIGH,CORRECT
TRACK_A_INTERNAL,Sugarcane,sugarcane_large,sugarcane_large,D:\CropDiseaseProject\sugarcane_large\Diseases\Banded Chlorosis\image192.jpg,Banded Chlorosis,0,Brown Spot,1,False,0.4640079140663147,0.3280982077121734,Banded Chlorosis,0.3280982077121734,Mosaic / Viral Disease,0.1971307694911956,HIGH,MISCLASSIFICATION
TRACK_A_INTERNAL,Sugarcane,sugarcane_large,sugarcane_large,D:\CropDiseaseProject\sugarcane_large\Diseases\Banded Chlorosis\image206.jpg,Banded Chlorosis,0,Rust (Brown Rust),7,False,0.5483813881874084,0.2095823287963867,Banded Chlorosis,0.2095823287963867,Mosaic / Viral Disease,0.1962368935346603,HIGH,MISCLASSIFICATION
TRACK_A_INTERNAL,Sugarcane,sugarcane_large,sugarcane_large,D:\CropDiseaseProject\sugarcane_large\Diseases\Banded Chlorosis\image136.jpg,Banded Chlorosis,0,Yellow Leaf Disease,10,False,0.3478534817695617,0.194696694612503,Brown Spot,0.301103413105011,Banded Chlorosis,0.194696694612503,HIGH,MISCLASSIFICATION
TRACK_A_INTERNAL,Sugarcane,sugarcane_large,sugarcane_large,D:\CropDiseaseProject\sugarcane_large\Diseases\Banded Chlorosis\image139.jpg,Banded Chlorosis,0,Banded Chlorosis,0,True,0.6538670659065247,0.6538670659065247,Yellow Leaf Disease,0.168814018368721,Brown Spot,0.1341714262962341,HIGH,CORRECT
TRACK_A_INTERNAL,Sugarcane,sugarcane_large,sugarcane_large,D:\CropDiseaseProject\sugarcane_large\Diseases\Banded Chlorosis\image309.jpg,Banded Chlorosis,0,Banded Chlorosis,0,True,0.8750051856040955,0.8750051856040955,Yellow Leaf Disease,0.1221482753753662,Rust (Brown Rust),0.0014355262974277,HIGH,CORRECT
TRACK_A_INTERNAL,Sugarcane,sugarcane_large,sugarcane_large,D:\CropDiseaseProject\sugarcane_large\Diseases\Brown Spot\image1262.jpg,Brown Spot,1,Brown Spot,1,True,0.9171090722084044,0.9171090722084044,Healthy Leaves,0.0335856601595878,Red Rot,0.0306352768093347,HIGH,CORRECT
TRACK_A_INTERNAL,Sugarcane,sugarcane_large,sugarcane_large,D:\CropDiseaseProject\sugarcane_large\Diseases\Brown Spot\image086.jpg,Brown Spot,1,Brown Spot,1,True,0.9966592788696288,0.9966592788696288,Yellow Leaf Disease,0.0020532850176095,Rust (Brown Rust),0.0008005945128388,HIGH,CORRECT
TRACK_A_INTERNAL,Sugarcane,sugarcane_large,sugarcane_large,D:\CropDiseaseProject\sugarcane_large\Diseases\Brown Spot\image1591.jpg,Brown Spot,1,Brown Spot,1,True,0.7927327156066895,0.7927327156066895,Red Rot,0.0779382586479187,Yellow Leaf Disease,0.0689487755298614,HIGH,CORRECT
TRACK_A_INTERNAL,Sugarcane,sugarcane_large,sugarcane_large,D:\CropDiseaseProject\sugarcane_large\Diseases\Brown Spot\image517.jpg,Brown Spot,1,Brown Spot,1,True,0.9206148982048036,0.9206148982048036,Yellow Leaf Disease,0.0784406960010528,Banded Chlorosis,0.000514953280799,HIGH,CORRECT
TRACK_A_INTERNAL,Sugarcane,sugarcane_large,sugarcane_large,D:\CropDiseaseProject\sugarcane_large\Diseases\Brown Spot\image1223.jpg,Brown Spot,1,Brown Spot,1,True,0.5247123837471008,0.5247123837471008,Healthy Leaves,0.3205115795135498,Pokkah Boeng,0.0689156576991081,HIGH,CORRECT
TRACK_A_INTERNAL,Sugarcane,sugarcane_large,sugarcane_large,D:\CropDiseaseProject\sugarcane_large\Diseases\Brown Spot\image674.jpg,Brown Spot,1,Brown Spot,1,True,0.9801238775253296,0.9801238775253296,Banded Chlorosis,0.0090280063450336,Rust (Brown Rust),0.0056186625733971,HIGH,CORRECT
TRACK_A_INTERNAL,Sugarcane,sugarcane_large,sugarcane_large,D:\CropDiseaseProject\sugarcane_large\Diseases\Brown Spot\image324.jpg,Brown Spot,1,Brown Spot,1,True,0.9997411370277404,0.9997411370277404,Rust (Brown Rust),0.0001057531262631,Yellow Leaf Disease,9.752000187290832e-05,HIGH,CORRECT
TRACK_A_INTERNAL,Sugarcane,sugarcane_large,sugarcane_large,D:\CropDiseaseProject\sugarcane_large\Diseases\Brown Spot\image058.jpg,Brown Spot,1,Brown Spot,1,True,0.926257848739624,0.926257848739624,Yellow Leaf Disease,0.072982519865036,Red Rot,0.000415645801695,HIGH,CORRECT
TRACK_A_INTERNAL,Sugarcane,sugarcane_large,sugarcane_large,D:\CropDiseaseProject\sugarcane_large\Diseases\Brown Spot\image1401.jpg,Brown Spot,1,Brown Spot,1,True,0.8663053512573242,0.8663053512573242,Red Rot,0.0404949262738227,Banded Chlorosis,0.0372467339038848,HIGH,CORRECT
TRACK_A_INTERNAL,Sugarcane,sugarcane_large,sugarcane_large,D:\CropDiseaseProject\sugarcane_large\Diseases\Brown Spot\image972.jpg,Brown Spot,1,Brown Spot,1,True,0.8772128820419312,0.8772128820419312,Yellow Leaf Disease,0.1218388453125953,Red Rot,0.000576265156269,HIGH,CORRECT
TRACK_A_INTERNAL,Sugarcane,sugarcane_large,sugarcane_large,D:\CropDiseaseProject\sugarcane_large\Diseases\Brown Spot\image152.jpg,Brown Spot,1,Brown Spot,1,True,0.9915854930877686,0.9915854930877686,Banded Chlorosis,0.0038750804960727,Rust (Brown Rust),0.0021816939115524,HIGH,CORRECT
TRACK_A_INTERNAL,Sugarcane,sugarcane_large,sugarcane_large,D:\CropDiseaseProject\sugarcane_large\Diseases\Brown Spot\image878.jpg,Brown Spot,1,Mosaic / Viral Disease,4,False,0.7350659370422363,0.1924293935298919,Brown Spot,0.1924293935298919,Yellow Leaf Disease,0.0280369352549314,HIGH,MISCLASSIFICATION
TRACK_A_INTERNAL,Sugarcane,sugarcane_large,sugarcane_large,D:\CropDiseaseProject\sugarcane_large\Diseases\Brown Spot\image695.jpg,Brown Spot,1,Brown Spot,1,True,0.9649658203125,0.9649658203125,Yellow Leaf Disease,0.0307513903826475,Banded Chlorosis,0.0030822367407381,HIGH,CORRECT
TRACK_A_INTERNAL,Sugarcane,sugarcane_large,sugarcane_large,D:\CropDiseaseProject\sugarcane_large\Diseases\Brown Spot\image047.jpg,Brown Spot,1,Yellow Leaf Disease,10,False,0.7604958415031433,0.2363794296979904,Brown Spot,0.2363794296979904,Mosaic / Viral Disease,0.0016161289531737,HIGH,MISCLASSIFICATION
TRACK_A_INTERNAL,Sugarcane,sugarcane_large,sugarcane_large,D:\CropDiseaseProject\sugarcane_large\Diseases\Brown Spot\image516.jpg,Brown Spot,1,Brown Spot,1,True,0.8447583317756653,0.8447583317756653,Yellow Leaf Disease,0.154492050409317,Mosaic / Viral Disease,0.000373528630007,HIGH,CORRECT
TRACK_A_INTERNAL,Sugarcane,sugarcane_large,sugarcane_large,D:\CropDiseaseProject\sugarcane_large\Diseases\Brown Spot\image1195.jpg,Brown Spot,1,Brown Spot,1,True,0.9212211966514589,0.9212211966514589,Red Rot,0.0590800493955612,Yellow Leaf Disease,0.0111451242119073,HIGH,CORRECT
TRACK_A_INTERNAL,Sugarcane,sugarcane_large,sugarcane_large,D:\CropDiseaseProject\sugarcane_large\Diseases\Brown Spot\image826.jpg,Brown Spot,1,Brown Spot,1,True,0.9997655749320984,0.9997655749320984,Yellow Leaf Disease,0.0001348036166746,Rust (Brown Rust),6.130151450634003e-05,HIGH,CORRECT
TRACK_A_INTERNAL,Sugarcane,sugarcane_large,sugarcane_large,D:\CropDiseaseProject\sugarcane_large\Diseases\Brown Spot\image235.jpg,Brown Spot,1,Brown Spot,1,True,0.8620457053184509,0.8620457053184509,Mosaic / Viral Disease,0.072497121989727,Yellow Leaf Disease,0.0436412319540977,HIGH,CORRECT
TRACK_A_INTERNAL,Sugarcane,sugarcane_large,sugarcane_large,D:\CropDiseaseProject\sugarcane_large\Diseases\Brown Spot\image147.jpg,Brown Spot,1,Brown Spot,1,True,0.9983125925064088,0.9983125925064088,Banded Chlorosis,0.0008505611331202,Mosaic / Viral Disease,0.0004857273306697,HIGH,CORRECT
TRACK_A_INTERNAL,Sugarcane,sugarcane_large,sugarcane_large,D:\CropDiseaseProject\sugarcane_large\Diseases\Brown Spot\image010.jpg,Brown Spot,1,Yellow Leaf Disease,10,False,0.6141431927680969,0.3611024618148803,Brown Spot,0.3611024618148803,Rust (Brown Rust),0.0137171288952231,HIGH,MISCLASSIFICATION
TRACK_A_INTERNAL,Sugarcane,sugarcane_large,sugarcane_large,D:\CropDiseaseProject\sugarcane_large\Diseases\Brown Spot\image387.jpg,Brown Spot,1,Yellow Leaf Disease,10,False,0.5436872243881226,0.4456439018249511,Brown Spot,0.4456439018249511,Pokkah Boeng,0.0068639782257378,HIGH,MISCLASSIFICATION
TRACK_A_INTERNAL,Sugarcane,sugarcane_large,sugarcane_large,D:\CropDiseaseProject\sugarcane_large\Diseases\Brown Spot\image659.jpg,Brown Spot,1,Brown Spot,1,True,0.9960774779319764,0.9960774779319764,Banded Chlorosis,0.0023079204838722,Rust (Brown Rust),0.0008526769815944,HIGH,CORRECT
TRACK_A_INTERNAL,Sugarcane,sugarcane_large,sugarcane_large,D:\CropDiseaseProject\sugarcane_large\Diseases\Brown Spot\image796.jpg,Brown Spot,1,Brown Spot,1,True,0.9986045956611632,0.9986045956611632,Yellow Leaf Disease,0.0012139809550717,Red Rot,7.873422873672098e-05,HIGH,CORRECT
TRACK_A_INTERNAL,Sugarcane,sugarcane_large,sugarcane_large,D:\CropDiseaseProject\sugarcane_large\Diseases\Brown Spot\image1407.jpg,Brown Spot,1,Brown Spot,1,True,0.5256122350692749,0.5256122350692749,Healthy Leaves,0.3428137898445129,Banded Chlorosis,0.0453404523432254,HIGH,CORRECT
TRACK_A_INTERNAL,Sugarcane,sugarcane_large,sugarcane_large,D:\CropDiseaseProject\sugarcane_large\Diseases\Brown Spot\image1040.jpg,Brown Spot,1,Brown Spot,1,True,0.953719198703766,0.953719198703766,Healthy Leaves,0.0260390266776084,Yellow Leaf Disease,0.0117964744567871,HIGH,CORRECT
TRACK_A_INTERNAL,Sugarcane,sugarcane_large,sugarcane_large,D:\CropDiseaseProject\sugarcane_large\Diseases\Brown Spot\image061.jpg,Brown Spot,1,Brown Spot,1,True,0.8428085446357727,0.8428085446357727,Yellow Leaf Disease,0.1566149443387985,Red Rot,0.000492020859383,HIGH,CORRECT
TRACK_A_INTERNAL,Sugarcane,sugarcane_large,sugarcane_large,D:\CropDiseaseProject\sugarcane_large\Diseases\Brown Spot\image813.jpg,Brown Spot,1,Brown Spot,1,True,0.9973486661911012,0.9973486661911012,Banded Chlorosis,0.0006842968869023,Yellow Leaf Disease,0.0006012386875227,HIGH,CORRECT
TRACK_A_INTERNAL,Sugarcane,sugarcane_large,sugarcane_large,D:\CropDiseaseProject\sugarcane_large\Diseases\Brown Spot\image1310.jpg,Brown Spot,1,Brown Spot,1,True,0.440595418214798,0.440595418214798,Smut,0.2523539066314697,Healthy Leaves,0.0974360108375549,HIGH,CORRECT
TRACK_A_INTERNAL,Sugarcane,sugarcane_large,sugarcane_large,D:\CropDiseaseProject\sugarcane_large\Diseases\Brown Spot\image306.jpg,Brown Spot,1,Brown Spot,1,True,0.9954719543457032,0.9954719543457032,Yellow Leaf Disease,0.002391773276031,Banded Chlorosis,0.0011013532057404,HIGH,CORRECT
TRACK_A_INTERNAL,Sugarcane,sugarcane_large,sugarcane_large,D:\CropDiseaseProject\sugarcane_large\Diseases\Brown Spot\image004.jpg,Brown Spot,1,Yellow Leaf Disease,10,False,0.5091205835342407,0.4819436371326446,Brown Spot,0.4819436371326446,Pokkah Boeng,0.0021234883461147,HIGH,MISCLASSIFICATION
TRACK_A_INTERNAL,Sugarcane,sugarcane_large,sugarcane_large,D:\CropDiseaseProject\sugarcane_large\Diseases\Grassy shoot\image332.jpg,Grassy Shoot,2,Grassy Shoot,2,True,0.9992087483406068,0.9992087483406068,Rust (Brown Rust),0.0004815043939743,Smut,0.0001240715791936,HIGH,CORRECT
TRACK_A_INTERNAL,Sugarcane,sugarcane_large,sugarcane_large,D:\CropDiseaseProject\sugarcane_large\Diseases\Grassy shoot\image291.jpg,Grassy Shoot,2,Grassy Shoot,2,True,0.9969456791877748,0.9969456791877748,Banded Chlorosis,0.0018610844854265,Rust (Brown Rust),0.0008795526227913,HIGH,CORRECT
TRACK_A_INTERNAL,Sugarcane,sugarcane_large,sugarcane_large,D:\CropDiseaseProject\sugarcane_large\Diseases\Grassy shoot\image017.jpg,Grassy Shoot,2,Grassy Shoot,2,True,0.9975008368492126,0.9975008368492126,Rust (Brown Rust),0.0013613819610327,Brown Spot,0.0006033239769749,HIGH,CORRECT
TRACK_A_INTERNAL,Sugarcane,sugarcane_large,sugarcane_large,D:\CropDiseaseProject\sugarcane_large\Diseases\Grassy shoot\image122.jpg,Grassy Shoot,2,Grassy Shoot,2,True,0.996968686580658,0.996968686580658,Banded Chlorosis,0.001182101201266,Rust (Brown Rust),0.0007661396521143,HIGH,CORRECT
TRACK_A_INTERNAL,Sugarcane,sugarcane_large,sugarcane_large,D:\CropDiseaseProject\sugarcane_large\Diseases\Grassy shoot\image109.jpg,Grassy Shoot,2,Grassy Shoot,2,True,0.9990835189819336,0.9990835189819336,Yellow Leaf Disease,0.0007118784706108,Banded Chlorosis,0.0001363733026664,HIGH,CORRECT
TRACK_A_INTERNAL,Sugarcane,sugarcane_large,sugarcane_large,D:\CropDiseaseProject\sugarcane_large\Diseases\Grassy shoot\image247.jpg,Grassy Shoot,2,Grassy Shoot,2,True,0.98558109998703,0.98558109998703,Rust (Brown Rust),0.0084849316626787,Smut,0.0031583907548338,HIGH,CORRECT
TRACK_A_INTERNAL,Sugarcane,sugarcane_large,sugarcane_large,D:\CropDiseaseProject\sugarcane_large\Diseases\Grassy shoot\image255.jpg,Grassy Shoot,2,Grassy Shoot,2,True,0.9950954914093018,0.9950954914093018,Rust (Brown Rust),0.0027636673767119,Smut,0.0010382727487012,HIGH,CORRECT
TRACK_A_INTERNAL,Sugarcane,sugarcane_large,sugarcane_large,D:\CropDiseaseProject\sugarcane_large\Diseases\Grassy shoot\image119.jpg,Grassy Shoot,2,Grassy Shoot,2,True,0.994786262512207,0.994786262512207,Smut,0.0031691729091107,Banded Chlorosis,0.0007578608929179,HIGH,CORRECT
TRACK_A_INTERNAL,Sugarcane,sugarcane_large,sugarcane_large,D:\CropDiseaseProject\sugarcane_large\Diseases\Grassy shoot\image211.jpg,Grassy Shoot,2,Grassy Shoot,2,True,0.995375394821167,0.995375394821167,Rust (Brown Rust),0.0027777883224189,Banded Chlorosis,0.0012868313351646,HIGH,CORRECT
TRACK_A_INTERNAL,Sugarcane,sugarcane_large,sugarcane_large,D:\CropDiseaseProject\sugarcane_large\Diseases\Grassy shoot\image190.jpg,Grassy Shoot,2,Grassy Shoot,2,True,0.999817192554474,0.999817192554474,Healthy Leaves,7.819146412657574e-05,Smut,5.9741156292147934e-05,HIGH,CORRECT
TRACK_A_INTERNAL,Sugarcane,sugarcane_large,sugarcane_large,D:\CropDiseaseProject\sugarcane_large\Diseases\Grassy shoot\image046.jpg,Grassy Shoot,2,Grassy Shoot,2,True,0.9851030111312866,0.9851030111312866,Smut,0.0141427498310804,Yellow Leaf Disease,0.0006377366953529,HIGH,CORRECT
TRACK_A_INTERNAL,Sugarcane,sugarcane_large,sugarcane_large,D:\CropDiseaseProject\sugarcane_large\Diseases\Grassy shoot\image160.jpg,Grassy Shoot,2,Grassy Shoot,2,True,0.9751123785972596,0.9751123785972596,Sett Rot,0.0166516620665788,Yellow Leaf Disease,0.0033675720915198,HIGH,CORRECT
TRACK_A_INTERNAL,Sugarcane,sugarcane_large,sugarcane_large,D:\CropDiseaseProject\sugarcane_large\Diseases\Grassy shoot\image038.jpg,Grassy Shoot,2,Grassy Shoot,2,True,0.8661746382713318,0.8661746382713318,Yellow Leaf Disease,0.1147808507084846,Brown Spot,0.0115276202559471,HIGH,CORRECT
TRACK_A_INTERNAL,Sugarcane,sugarcane_large,sugarcane_large,D:\CropDiseaseProject\sugarcane_large\Diseases\Grassy shoot\image060.jpg,Grassy Shoot,2,Grassy Shoot,2,True,0.9979141354560852,0.9979141354560852,Banded Chlorosis,0.0011822392698377,Smut,0.0004531139275059,HIGH,CORRECT
TRACK_A_INTERNAL,Sugarcane,sugarcane_large,sugarcane_large,D:\CropDiseaseProject\sugarcane_large\Diseases\Grassy shoot\image236.jpg,Grassy Shoot,2,Grassy Shoot,2,True,0.9805575609207152,0.9805575609207152,Sett Rot,0.0123732388019561,Smut,0.0055047189816832,HIGH,CORRECT
TRACK_A_INTERNAL,Sugarcane,sugarcane_large,sugarcane_large,D:\CropDiseaseProject\sugarcane_large\Diseases\Grassy shoot\image232.jpg,Grassy Shoot,2,Sett Rot,8,False,0.6038275957107544,0.2959612011909485,Grassy Shoot,0.2959612011909485,Smut,0.0944866836071014,HIGH,MISCLASSIFICATION
TRACK_A_INTERNAL,Sugarcane,sugarcane_large,sugarcane_large,D:\CropDiseaseProject\sugarcane_large\Diseases\Grassy shoot\image010.jpg,Grassy Shoot,2,Grassy Shoot,2,True,0.9912647604942322,0.9912647604942322,Rust (Brown Rust),0.0040512639097869,Smut,0.002907296642661,HIGH,CORRECT
TRACK_A_INTERNAL,Sugarcane,sugarcane_large,sugarcane_large,D:\CropDiseaseProject\sugarcane_large\Diseases\Grassy shoot\image104.jpg,Grassy Shoot,2,Grassy Shoot,2,True,0.9998834133148192,0.9998834133148192,Brown Spot,4.889008050668053e-05,Smut,4.137310315854848e-05,HIGH,CORRECT
TRACK_A_INTERNAL,Sugarcane,sugarcane_large,sugarcane_large,D:\CropDiseaseProject\sugarcane_large\Diseases\Grassy shoot\image238.jpg,Grassy Shoot,2,Grassy Shoot,2,True,0.9257538318634032,0.9257538318634032,Smut,0.0295940823853015,Banded Chlorosis,0.0170870795845985,HIGH,CORRECT
TRACK_A_INTERNAL,Sugarcane,sugarcane_large,sugarcane_large,D:\CropDiseaseProject\sugarcane_large\Diseases\Grassy shoot\image290.jpg,Grassy Shoot,2,Grassy Shoot,2,True,0.9969385862350464,0.9969385862350464,Rust (Brown Rust),0.0017025055130943,Banded Chlorosis,0.0005952392239123,HIGH,CORRECT
TRACK_A_INTERNAL,Sugarcane,sugarcane_large,sugarcane_large,D:\CropDiseaseProject\sugarcane_large\Diseases\Grassy shoot\image130.jpg,Grassy Shoot,2,Grassy Shoot,2,True,0.9989275336265564,0.9989275336265564,Yellow Leaf Disease,0.0003611076099332,Rust (Brown Rust),0.0003369059704709,HIGH,CORRECT
TRACK_A_INTERNAL,Sugarcane,sugarcane_large,sugarcane_large,D:\CropDiseaseProject\sugarcane_large\Diseases\Grassy shoot\image039.jpg,Grassy Shoot,2,Grassy Shoot,2,True,0.9788875579833984,0.9788875579833984,Yellow Leaf Disease,0.0199685432016849,Smut,0.0006908940267749,HIGH,CORRECT
TRACK_A_INTERNAL,Sugarcane,sugarcane_large,sugarcane_large,D:\CropDiseaseProject\sugarcane_large\Diseases\Grassy shoot\image217.jpg,Grassy Shoot,2,Grassy Shoot,2,True,0.9974568486213684,0.9974568486213684,Rust (Brown Rust),0.0012698994250968,Sett Rot,0.0007063384982757,HIGH,CORRECT
TRACK_A_INTERNAL,Sugarcane,sugarcane_large,sugarcane_large,D:\CropDiseaseProject\sugarcane_large\Diseases\Grassy shoot\image254.jpg,Grassy Shoot,2,Grassy Shoot,2,True,0.9793608784675598,0.9793608784675598,Healthy Leaves,0.0096072796732187,Rust (Brown Rust),0.0040452512912452,HIGH,CORRECT
TRACK_A_INTERNAL,Sugarcane,sugarcane_large,sugarcane_large,D:\CropDiseaseProject\sugarcane_large\Diseases\Grassy shoot\image327.jpg,Grassy Shoot,2,Grassy Shoot,2,True,0.9999477863311768,0.9999477863311768,Rust (Brown Rust),2.567637238826137e-05,Smut,8.900849934434518e-06,HIGH,CORRECT
TRACK_A_INTERNAL,Sugarcane,sugarcane_large,sugarcane_large,D:\CropDiseaseProject\sugarcane_large\Diseases\Grassy shoot\image152.jpg,Grassy Shoot,2,Grassy Shoot,2,True,0.982890784740448,0.982890784740448,Smut,0.0083167236298322,Rust (Brown Rust),0.0040623839013278,HIGH,CORRECT
TRACK_A_INTERNAL,Sugarcane,sugarcane_large,sugarcane_large,D:\CropDiseaseProject\sugarcane_large\Diseases\Grassy shoot\image264.jpg,Grassy Shoot,2,Grassy Shoot,2,True,0.9934831261634828,0.9934831261634828,Smut,0.0056475768797099,Rust (Brown Rust),0.0001750696683302,HIGH,CORRECT
TRACK_A_INTERNAL,Sugarcane,sugarcane_large,sugarcane_large,D:\CropDiseaseProject\sugarcane_large\Diseases\Grassy shoot\image328.jpg,Grassy Shoot,2,Grassy Shoot,2,True,0.9999104738235474,0.9999104738235474,Smut,3.199678030796349e-05,Rust (Brown Rust),2.9222665034467354e-05,HIGH,CORRECT
TRACK_A_INTERNAL,Sugarcane,sugarcane_large,sugarcane_large,D:\CropDiseaseProject\sugarcane_large\Diseases\Grassy shoot\image256.jpg,Grassy Shoot,2,Grassy Shoot,2,True,0.9991752505302428,0.9991752505302428,Smut,0.0004354701377451,Rust (Brown Rust),0.0002304338704561,HIGH,CORRECT
TRACK_A_INTERNAL,Sugarcane,sugarcane_large,sugarcane_large,D:\CropDiseaseProject\sugarcane_large\Diseases\Grassy shoot\image079.jpg,Grassy Shoot,2,Grassy Shoot,2,True,0.9999091625213624,0.9999091625213624,Rust (Brown Rust),3.06083784380462e-05,Yellow Leaf Disease,1.600495306774974e-05,HIGH,CORRECT
TRACK_A_INTERNAL,Sugarcane,sugarcane_large,sugarcane_large,D:\CropDiseaseProject\sugarcane_large\Healthy Leaves\image279.jpg,Healthy Leaves,3,Healthy Leaves,3,True,0.8533276319503784,0.8533276319503784,Red Rot,0.0596767365932464,Pokkah Boeng,0.0532812848687171,HIGH,CORRECT
TRACK_A_INTERNAL,Sugarcane,sugarcane_large,sugarcane_large,D:\CropDiseaseProject\sugarcane_large\Healthy Leaves\image248.jpg,Healthy Leaves,3,Healthy Leaves,3,True,0.962687075138092,0.962687075138092,Brown Spot,0.0174401998519897,Rust (Brown Rust),0.0133417779579758,HIGH,CORRECT
TRACK_A_INTERNAL,Sugarcane,sugarcane_large,sugarcane_large,D:\CropDiseaseProject\sugarcane_large\Healthy Leaves\image131.jpg,Healthy Leaves,3,Healthy Leaves,3,True,0.9728357791900636,0.9728357791900636,Mosaic / Viral Disease,0.0066427187994122,Yellow Leaf Disease,0.0057254182174801,HIGH,CORRECT
TRACK_A_INTERNAL,Sugarcane,sugarcane_large,sugarcane_large,D:\CropDiseaseProject\sugarcane_large\Healthy Leaves\image297.jpg,Healthy Leaves,3,Healthy Leaves,3,True,0.8171458840370178,0.8171458840370178,Red Rot,0.0832059159874916,Mosaic / Viral Disease,0.0805367305874824,HIGH,CORRECT
TRACK_A_INTERNAL,Sugarcane,sugarcane_large,sugarcane_large,D:\CropDiseaseProject\sugarcane_large\Healthy Leaves\image283.jpg,Healthy Leaves,3,Healthy Leaves,3,True,0.7306681275367737,0.7306681275367737,Rust (Brown Rust),0.1566281616687774,Red Rot,0.0883953347802162,HIGH,CORRECT
TRACK_A_INTERNAL,Sugarcane,sugarcane_large,sugarcane_large,D:\CropDiseaseProject\sugarcane_large\Healthy Leaves\image403.jpg,Healthy Leaves,3,Healthy Leaves,3,True,0.9958987832069396,0.9958987832069396,Mosaic / Viral Disease,0.0017097261734306,Pokkah Boeng,0.0011471543693915,HIGH,CORRECT
TRACK_A_INTERNAL,Sugarcane,sugarcane_large,sugarcane_large,D:\CropDiseaseProject\sugarcane_large\Healthy Leaves\image246.jpg,Healthy Leaves,3,Healthy Leaves,3,True,0.95155531167984,0.95155531167984,Brown Spot,0.0299293659627437,Rust (Brown Rust),0.0085675995796918,HIGH,CORRECT
TRACK_A_INTERNAL,Sugarcane,sugarcane_large,sugarcane_large,D:\CropDiseaseProject\sugarcane_large\Healthy Leaves\image114.jpg,Healthy Leaves,3,Healthy Leaves,3,True,0.9337370991706848,0.9337370991706848,Rust (Brown Rust),0.0264213122427463,Brown Spot,0.0188482105731964,HIGH,CORRECT
TRACK_A_INTERNAL,Sugarcane,sugarcane_large,sugarcane_large,D:\CropDiseaseProject\sugarcane_large\Healthy Leaves\image344.jpg,Healthy Leaves,3,Healthy Leaves,3,True,0.990763247013092,0.990763247013092,Brown Spot,0.0043748510070145,Red Rot,0.0015386146260425,HIGH,CORRECT
TRACK_A_INTERNAL,Sugarcane,sugarcane_large,sugarcane_large,D:\CropDiseaseProject\sugarcane_large\Healthy Leaves\image116.jpg,Healthy Leaves,3,Healthy Leaves,3,True,0.9396411776542664,0.9396411776542664,Brown Spot,0.0345356166362762,Rust (Brown Rust),0.0074856798164546,HIGH,CORRECT
TRACK_A_INTERNAL,Sugarcane,sugarcane_large,sugarcane_large,D:\CropDiseaseProject\sugarcane_large\Healthy Leaves\image370.jpg,Healthy Leaves,3,Healthy Leaves,3,True,0.9923958778381348,0.9923958778381348,Brown Spot,0.0039095105603337,Pokkah Boeng,0.001090113306418,HIGH,CORRECT
TRACK_A_INTERNAL,Sugarcane,sugarcane_large,sugarcane_large,D:\CropDiseaseProject\sugarcane_large\Healthy Leaves\image220.jpg,Healthy Leaves,3,Healthy Leaves,3,True,0.8059142231941223,0.8059142231941223,Brown Spot,0.1100040227174758,Mosaic / Viral Disease,0.0329442843794822,HIGH,CORRECT
TRACK_A_INTERNAL,Sugarcane,sugarcane_large,sugarcane_large,D:\CropDiseaseProject\sugarcane_large\Healthy Leaves\image327.jpg,Healthy Leaves,3,Healthy Leaves,3,True,0.9583815336227416,0.9583815336227416,Mosaic / Viral Disease,0.0217912178486585,Pokkah Boeng,0.0171170923858881,HIGH,CORRECT
TRACK_A_INTERNAL,Sugarcane,sugarcane_large,sugarcane_large,D:\CropDiseaseProject\sugarcane_large\Healthy Leaves\image384.jpg,Healthy Leaves,3,Healthy Leaves,3,True,0.9251708984375,0.9251708984375,Brown Spot,0.0353214219212532,Rust (Brown Rust),0.0146055798977613,HIGH,CORRECT
TRACK_A_INTERNAL,Sugarcane,sugarcane_large,sugarcane_large,D:\CropDiseaseProject\sugarcane_large\Healthy Leaves\image065.jpg,Healthy Leaves,3,Healthy Leaves,3,True,0.9947233200073242,0.9947233200073242,Banded Chlorosis,0.0027171925175935,Red Rot,0.0012700532097369,HIGH,CORRECT
TRACK_A_INTERNAL,Sugarcane,sugarcane_large,sugarcane_large,D:\CropDiseaseProject\sugarcane_large\Healthy Leaves\image319.jpg,Healthy Leaves,3,Healthy Leaves,3,True,0.9696946144104004,0.9696946144104004,Red Rot,0.016591565683484,Pokkah Boeng,0.0063704722560942,HIGH,CORRECT
TRACK_A_INTERNAL,Sugarcane,sugarcane_large,sugarcane_large,D:\CropDiseaseProject\sugarcane_large\Healthy Leaves\image076.jpg,Healthy Leaves,3,Healthy Leaves,3,True,0.9999606609344482,0.9999606609344482,Mosaic / Viral Disease,1.3891201888327489e-05,Red Rot,1.2044072718708776e-05,HIGH,CORRECT
TRACK_A_INTERNAL,Sugarcane,sugarcane_large,sugarcane_large,D:\CropDiseaseProject\sugarcane_large\Healthy Leaves\image267.jpg,Healthy Leaves,3,Healthy Leaves,3,True,0.9405733942985536,0.9405733942985536,Red Rot,0.0432285815477371,Rust (Brown Rust),0.0043365615420043,HIGH,CORRECT
TRACK_A_INTERNAL,Sugarcane,sugarcane_large,sugarcane_large,D:\CropDiseaseProject\sugarcane_large\Healthy Leaves\image047.jpg,Healthy Leaves,3,Healthy Leaves,3,True,0.8376830220222473,0.8376830220222473,Banded Chlorosis,0.0870768204331398,Red Rot,0.0214182045310735,HIGH,CORRECT
TRACK_A_INTERNAL,Sugarcane,sugarcane_large,sugarcane_large,D:\CropDiseaseProject\sugarcane_large\Healthy Leaves\image302.jpg,Healthy Leaves,3,Healthy Leaves,3,True,0.8700560331344604,0.8700560331344604,Brown Spot,0.0784235745668411,Rust (Brown Rust),0.0324910059571266,HIGH,CORRECT
TRACK_A_INTERNAL,Sugarcane,sugarcane_large,sugarcane_large,D:\CropDiseaseProject\sugarcane_large\Healthy Leaves\image262.jpg,Healthy Leaves,3,Healthy Leaves,3,True,0.9990217685699464,0.9990217685699464,Red Rot,0.0005534079391509,Yellow Leaf Disease,0.0001717792474664,HIGH,CORRECT
TRACK_A_INTERNAL,Sugarcane,sugarcane_large,sugarcane_large,D:\CropDiseaseProject\sugarcane_large\Healthy Leaves\image347.jpg,Healthy Leaves,3,Healthy Leaves,3,True,0.9930729269981384,0.9930729269981384,Pokkah Boeng,0.0041474690660834,Brown Spot,0.0009901360608637,HIGH,CORRECT
TRACK_A_INTERNAL,Sugarcane,sugarcane_large,sugarcane_large,D:\CropDiseaseProject\sugarcane_large\Healthy Leaves\image412.jpg,Healthy Leaves,3,Healthy Leaves,3,True,0.5465472340583801,0.5465472340583801,Brown Spot,0.3931041359901428,Red Rot,0.029056828469038,HIGH,CORRECT
TRACK_A_INTERNAL,Sugarcane,sugarcane_large,sugarcane_large,D:\CropDiseaseProject\sugarcane_large\Healthy Leaves\image164.jpg,Healthy Leaves,3,Healthy Leaves,3,True,0.8399311900138855,0.8399311900138855,Brown Spot,0.1331277936697006,Red Rot,0.0182725638151168,HIGH,CORRECT
TRACK_A_INTERNAL,Sugarcane,sugarcane_large,sugarcane_large,D:\CropDiseaseProject\sugarcane_large\Healthy Leaves\image337.jpg,Healthy Leaves,3,Healthy Leaves,3,True,0.99885356426239,0.99885356426239,Brown Spot,0.0008555465028621,Mosaic / Viral Disease,0.000205255972105,HIGH,CORRECT
TRACK_A_INTERNAL,Sugarcane,sugarcane_large,sugarcane_large,D:\CropDiseaseProject\sugarcane_large\Healthy Leaves\image294.jpg,Healthy Leaves,3,Healthy Leaves,3,True,0.4646570086479187,0.4646570086479187,Red Rot,0.2556079030036926,Rust (Brown Rust),0.2460590600967407,HIGH,CORRECT
TRACK_A_INTERNAL,Sugarcane,sugarcane_large,sugarcane_large,D:\CropDiseaseProject\sugarcane_large\Healthy Leaves\image086.jpg,Healthy Leaves,3,Brown Spot,1,False,0.5129775404930115,0.4734849035739898,Healthy Leaves,0.4734849035739898,Yellow Leaf Disease,0.004488100297749,HIGH,MISCLASSIFICATION
TRACK_A_INTERNAL,Sugarcane,sugarcane_large,sugarcane_large,D:\CropDiseaseProject\sugarcane_large\Healthy Leaves\image314.jpg,Healthy Leaves,3,Healthy Leaves,3,True,0.992098331451416,0.992098331451416,Rust (Brown Rust),0.0028652022592723,Mosaic / Viral Disease,0.0022147728595882,HIGH,CORRECT
TRACK_A_INTERNAL,Sugarcane,sugarcane_large,sugarcane_large,D:\CropDiseaseProject\sugarcane_large\Healthy Leaves\image072.jpg,Healthy Leaves,3,Healthy Leaves,3,True,0.9971325397491456,0.9971325397491456,Mosaic / Viral Disease,0.0009374453802593,Red Rot,0.0009339304524473,HIGH,CORRECT
TRACK_A_INTERNAL,Sugarcane,sugarcane_large,sugarcane_large,D:\CropDiseaseProject\sugarcane_large\Healthy Leaves\image154.jpg,Healthy Leaves,3,Healthy Leaves,3,True,0.9980643391609192,0.9980643391609192,Yellow Leaf Disease,0.0007802371983416,Mosaic / Viral Disease,0.0004125223495066,HIGH,CORRECT
TRACK_A_INTERNAL,Sugarcane,sugarcane_large,sugarcane_large,D:\CropDiseaseProject\sugarcane_large\Diseases\Viral Disease\Viral Disease295.jpg,Mosaic / Viral Disease,4,Mosaic / Viral Disease,4,True,0.8590754270553589,0.8590754270553589,Healthy Leaves,0.0850564166903495,Brown Spot,0.0431981161236763,HIGH,CORRECT
TRACK_A_INTERNAL,Sugarcane,sugarcane_large,sugarcane_large,D:\CropDiseaseProject\sugarcane_large\Diseases\Viral Disease\Viral Disease170.jpg,Mosaic / Viral Disease,4,Brown Spot,1,False,0.512919008731842,0.0515934340655803,Yellow Leaf Disease,0.3898321688175201,Mosaic / Viral Disease,0.0515934340655803,HIGH,MISCLASSIFICATION
TRACK_A_INTERNAL,Sugarcane,sugarcane_large,sugarcane_large,D:\CropDiseaseProject\sugarcane_large\Diseases\Viral Disease\Viral Disease304.jpg,Mosaic / Viral Disease,4,Mosaic / Viral Disease,4,True,0.8990386724472046,0.8990386724472046,Healthy Leaves,0.0595844388008117,Brown Spot,0.0251307282596826,HIGH,CORRECT
TRACK_A_INTERNAL,Sugarcane,sugarcane_large,sugarcane_large,D:\CropDiseaseProject\sugarcane_large\Diseases\Viral Disease\Viral Disease065.jpg,Mosaic / Viral Disease,4,Mosaic / Viral Disease,4,True,0.5441815853118896,0.5441815853118896,Brown Spot,0.4019663333892822,Yellow Leaf Disease,0.0167091470211744,HIGH,CORRECT
TRACK_A_INTERNAL,Sugarcane,sugarcane_large,sugarcane_large,D:\CropDiseaseProject\sugarcane_large\Diseases\Viral Disease\Viral Disease414.jpg,Mosaic / Viral Disease,4,Mosaic / Viral Disease,4,True,0.8924412131309509,0.8924412131309509,Yellow Leaf Disease,0.0468057543039321,Rust (Brown Rust),0.0269855931401252,HIGH,CORRECT
TRACK_A_INTERNAL,Sugarcane,sugarcane_large,sugarcane_large,D:\CropDiseaseProject\sugarcane_large\Diseases\Viral Disease\Viral Disease088.jpg,Mosaic / Viral Disease,4,Mosaic / Viral Disease,4,True,0.5579305291175842,0.5579305291175842,Rust (Brown Rust),0.3932202458381653,Brown Spot,0.0169157944619655,HIGH,CORRECT
TRACK_A_INTERNAL,Sugarcane,sugarcane_large,sugarcane_large,D:\CropDiseaseProject\sugarcane_large\Diseases\Viral Disease\Viral Disease553.jpg,Mosaic / Viral Disease,4,Mosaic / Viral Disease,4,True,0.9918529391288756,0.9918529391288756,Healthy Leaves,0.0043959338217973,Brown Spot,0.0016249004984274,HIGH,CORRECT
TRACK_A_INTERNAL,Sugarcane,sugarcane_large,sugarcane_large,D:\CropDiseaseProject\sugarcane_large\Diseases\Viral Disease\Viral Disease445.jpg,Mosaic / Viral Disease,4,Mosaic / Viral Disease,4,True,0.7828381061553955,0.7828381061553955,Rust (Brown Rust),0.138550192117691,Banded Chlorosis,0.0340021476149559,HIGH,CORRECT
TRACK_A_INTERNAL,Sugarcane,sugarcane_large,sugarcane_large,D:\CropDiseaseProject\sugarcane_large\Diseases\Viral Disease\Viral Disease135.jpg,Mosaic / Viral Disease,4,Brown Spot,1,False,0.4947311580181122,0.4655609428882599,Mosaic / Viral Disease,0.4655609428882599,Yellow Leaf Disease,0.0150655889883637,HIGH,MISCLASSIFICATION
TRACK_A_INTERNAL,Sugarcane,sugarcane_large,sugarcane_large,D:\CropDiseaseProject\sugarcane_large\Diseases\Viral Disease\Viral Disease551.jpg,Mosaic / Viral Disease,4,Mosaic / Viral Disease,4,True,0.9945584535598756,0.9945584535598756,Healthy Leaves,0.002602933673188,Brown Spot,0.0008819823269732,HIGH,CORRECT
TRACK_A_INTERNAL,Sugarcane,sugarcane_large,sugarcane_large,D:\CropDiseaseProject\sugarcane_large\Diseases\Viral Disease\Viral Disease452.jpg,Mosaic / Viral Disease,4,Brown Spot,1,False,0.7852223515510559,0.2035870850086212,Mosaic / Viral Disease,0.2035870850086212,Healthy Leaves,0.0051089343614876,HIGH,MISCLASSIFICATION
TRACK_A_INTERNAL,Sugarcane,sugarcane_large,sugarcane_large,D:\CropDiseaseProject\sugarcane_large\Diseases\Viral Disease\Viral Disease628.jpg,Mosaic / Viral Disease,4,Mosaic / Viral Disease,4,True,0.6502485275268555,0.6502485275268555,Brown Spot,0.1664856076240539,Yellow Leaf Disease,0.1483194380998611,HIGH,CORRECT
TRACK_A_INTERNAL,Sugarcane,sugarcane_large,sugarcane_large,D:\CropDiseaseProject\sugarcane_large\Diseases\Viral Disease\Viral Disease614.jpg,Mosaic / Viral Disease,4,Mosaic / Viral Disease,4,True,0.7000126242637634,0.7000126242637634,Brown Spot,0.0972978994250297,Yellow Leaf Disease,0.0905113443732261,HIGH,CORRECT
TRACK_A_INTERNAL,Sugarcane,sugarcane_large,sugarcane_large,D:\CropDiseaseProject\sugarcane_large\Diseases\Viral Disease\Viral Disease404.jpg,Mosaic / Viral Disease,4,Mosaic / Viral Disease,4,True,0.9962634444236756,0.9962634444236756,Rust (Brown Rust),0.0018634025473147,Yellow Leaf Disease,0.0015294637996703,HIGH,CORRECT
TRACK_A_INTERNAL,Sugarcane,sugarcane_large,sugarcane_large,D:\CropDiseaseProject\sugarcane_large\Diseases\Viral Disease\Viral Disease642.jpg,Mosaic / Viral Disease,4,Mosaic / Viral Disease,4,True,0.9747741222381592,0.9747741222381592,Yellow Leaf Disease,0.0190497357398271,Brown Spot,0.0045713502913713,HIGH,CORRECT
TRACK_A_INTERNAL,Sugarcane,sugarcane_large,sugarcane_large,D:\CropDiseaseProject\sugarcane_large\Diseases\Viral Disease\Viral Disease634.jpg,Mosaic / Viral Disease,4,Mosaic / Viral Disease,4,True,0.9897595643997192,0.9897595643997192,Yellow Leaf Disease,0.0060795624740421,Healthy Leaves,0.0017184111056849,HIGH,CORRECT
TRACK_A_INTERNAL,Sugarcane,sugarcane_large,sugarcane_large,D:\CropDiseaseProject\sugarcane_large\Diseases\Viral Disease\Viral Disease082.jpg,Mosaic / Viral Disease,4,Mosaic / Viral Disease,4,True,0.9716245532035828,0.9716245532035828,Rust (Brown Rust),0.0096069173887372,Banded Chlorosis,0.0078503200784325,HIGH,CORRECT
TRACK_A_INTERNAL,Sugarcane,sugarcane_large,sugarcane_large,D:\CropDiseaseProject\sugarcane_large\Diseases\Viral Disease\Viral Disease212.jpg,Mosaic / Viral Disease,4,Mosaic / Viral Disease,4,True,0.9857034087181092,0.9857034087181092,Banded Chlorosis,0.0072810486890375,Rust (Brown Rust),0.0035837774630635,HIGH,CORRECT
TRACK_A_INTERNAL,Sugarcane,sugarcane_large,sugarcane_large,D:\CropDiseaseProject\sugarcane_large\Diseases\Viral Disease\Viral Disease092.jpg,Mosaic / Viral Disease,4,Mosaic / Viral Disease,4,True,0.7940763235092163,0.7940763235092163,Brown Spot,0.1220131516456604,Rust (Brown Rust),0.0727855414152145,HIGH,CORRECT
TRACK_A_INTERNAL,Sugarcane,sugarcane_large,sugarcane_large,D:\CropDiseaseProject\sugarcane_large\Diseases\Viral Disease\Viral Disease061.jpg,Mosaic / Viral Disease,4,Healthy Leaves,3,False,0.7725604176521301,0.0005162743036635,Rust (Brown Rust),0.2175391167402267,Yellow Leaf Disease,0.0059779626317322,HIGH,MISCLASSIFICATION
TRACK_A_INTERNAL,Sugarcane,sugarcane_large,sugarcane_large,D:\CropDiseaseProject\sugarcane_large\Diseases\Viral Disease\Viral Disease468.jpg,Mosaic / Viral Disease,4,Mosaic / Viral Disease,4,True,0.8758818507194519,0.8758818507194519,Rust (Brown Rust),0.0743412971496582,Banded Chlorosis,0.0345445238053798,HIGH,CORRECT
TRACK_A_INTERNAL,Sugarcane,sugarcane_large,sugarcane_large,D:\CropDiseaseProject\sugarcane_large\Diseases\Viral Disease\Viral Disease137.jpg,Mosaic / Viral Disease,4,Mosaic / Viral Disease,4,True,0.8521867990493774,0.8521867990493774,Brown Spot,0.1115160211920738,Healthy Leaves,0.0261977445334196,HIGH,CORRECT
TRACK_A_INTERNAL,Sugarcane,sugarcane_large,sugarcane_large,D:\CropDiseaseProject\sugarcane_large\Diseases\Viral Disease\Viral Disease003.jpg,Mosaic / Viral Disease,4,Mosaic / Viral Disease,4,True,0.5261691808700562,0.5261691808700562,Smut,0.4278724789619446,Banded Chlorosis,0.0231108721345663,HIGH,CORRECT
TRACK_A_INTERNAL,Sugarcane,sugarcane_large,sugarcane_large,D:\CropDiseaseProject\sugarcane_large\Diseases\Viral Disease\Viral Disease439.jpg,Mosaic / Viral Disease,4,Rust (Brown Rust),7,False,0.3614442646503448,0.1867503076791763,Banded Chlorosis,0.2027804851531982,Yellow Leaf Disease,0.1971954554319381,HIGH,MISCLASSIFICATION
TRACK_A_INTERNAL,Sugarcane,sugarcane_large,sugarcane_large,D:\CropDiseaseProject\sugarcane_large\Diseases\Viral Disease\Viral Disease219.jpg,Mosaic / Viral Disease,4,Mosaic / Viral Disease,4,True,0.9620559215545654,0.9620559215545654,Rust (Brown Rust),0.0153571004047989,Brown Spot,0.0136916954070329,HIGH,CORRECT
TRACK_A_INTERNAL,Sugarcane,sugarcane_large,sugarcane_large,D:\CropDiseaseProject\sugarcane_large\Diseases\Viral Disease\Viral Disease341.jpg,Mosaic / Viral Disease,4,Mosaic / Viral Disease,4,True,0.9920839071273804,0.9920839071273804,Yellow Leaf Disease,0.0028785259928554,Healthy Leaves,0.0021461967844516,HIGH,CORRECT
TRACK_A_INTERNAL,Sugarcane,sugarcane_large,sugarcane_large,D:\CropDiseaseProject\sugarcane_large\Diseases\Viral Disease\Viral Disease023.jpg,Mosaic / Viral Disease,4,Mosaic / Viral Disease,4,True,0.7033459544181824,0.7033459544181824,Smut,0.1878250688314438,Banded Chlorosis,0.0417764596641063,HIGH,CORRECT
TRACK_A_INTERNAL,Sugarcane,sugarcane_large,sugarcane_large,D:\CropDiseaseProject\sugarcane_large\Diseases\Viral Disease\Viral Disease234.jpg,Mosaic / Viral Disease,4,Mosaic / Viral Disease,4,True,0.7077234983444214,0.7077234983444214,Banded Chlorosis,0.161154955625534,Rust (Brown Rust),0.0790864750742912,HIGH,CORRECT
TRACK_A_INTERNAL,Sugarcane,sugarcane_large,sugarcane_large,D:\CropDiseaseProject\sugarcane_large\Diseases\Viral Disease\Viral Disease109.jpg,Mosaic / Viral Disease,4,Rust (Brown Rust),7,False,0.8304747343063354,0.0409897863864898,Banded Chlorosis,0.1226650029420852,Mosaic / Viral Disease,0.0409897863864898,HIGH,MISCLASSIFICATION
TRACK_A_INTERNAL,Sugarcane,sugarcane_large,sugarcane_large,D:\CropDiseaseProject\sugarcane_large\Diseases\Viral Disease\Viral Disease412.jpg,Mosaic / Viral Disease,4,Mosaic / Viral Disease,4,True,0.9619010090827942,0.9619010090827942,Rust (Brown Rust),0.0203260984271764,Yellow Leaf Disease,0.0105278715491294,HIGH,CORRECT
TRACK_A_INTERNAL,Sugarcane,sugarcane_large,sugarcane_large,D:\CropDiseaseProject\sugarcane_large\Diseases\Pokkah Boeng\Pokkah Boeng028.jpg,Pokkah Boeng,5,Smut,9,False,0.64101642370224,0.2855943441390991,Pokkah Boeng,0.2855943441390991,Mosaic / Viral Disease,0.0349141731858253,HIGH,MISCLASSIFICATION
TRACK_A_INTERNAL,Sugarcane,sugarcane_large,sugarcane_large,D:\CropDiseaseProject\sugarcane_large\Diseases\Pokkah Boeng\Pokkah Boeng163.jpg,Pokkah Boeng,5,Pokkah Boeng,5,True,0.7718617916107178,0.7718617916107178,Brown Spot,0.2218628525733947,Healthy Leaves,0.0017721171025186,HIGH,CORRECT
TRACK_A_INTERNAL,Sugarcane,sugarcane_large,sugarcane_large,D:\CropDiseaseProject\sugarcane_large\Diseases\Pokkah Boeng\Pokkah Boeng105.jpg,Pokkah Boeng,5,Smut,9,False,0.699906051158905,0.2995699942111969,Pokkah Boeng,0.2995699942111969,Yellow Leaf Disease,0.0002269287797389,HIGH,MISCLASSIFICATION
TRACK_A_INTERNAL,Sugarcane,sugarcane_large,sugarcane_large,D:\CropDiseaseProject\sugarcane_large\Diseases\Pokkah Boeng\Pokkah Boeng056.jpg,Pokkah Boeng,5,Smut,9,False,0.9295373558998108,0.0677514746785163,Pokkah Boeng,0.0677514746785163,Brown Spot,0.0016125354450196,HIGH,MISCLASSIFICATION
TRACK_A_INTERNAL,Sugarcane,sugarcane_large,sugarcane_large,D:\CropDiseaseProject\sugarcane_large\Diseases\Pokkah Boeng\Pokkah Boeng166.jpg,Pokkah Boeng,5,Pokkah Boeng,5,True,0.839087188243866,0.839087188243866,Healthy Leaves,0.094169981777668,Smut,0.028155805543065,HIGH,CORRECT
TRACK_A_INTERNAL,Sugarcane,sugarcane_large,sugarcane_large,D:\CropDiseaseProject\sugarcane_large\Diseases\Pokkah Boeng\Pokkah Boeng155.jpg,Pokkah Boeng,5,Pokkah Boeng,5,True,0.869709849357605,0.869709849357605,Brown Spot,0.1232619509100914,Healthy Leaves,0.0064119203016161,HIGH,CORRECT
TRACK_A_INTERNAL,Sugarcane,sugarcane_large,sugarcane_large,D:\CropDiseaseProject\sugarcane_large\Diseases\Pokkah Boeng\Pokkah Boeng263.jpg,Pokkah Boeng,5,Pokkah Boeng,5,True,0.9337168335914612,0.9337168335914612,Brown Spot,0.0418039411306381,Healthy Leaves,0.0079035656526684,HIGH,CORRECT
TRACK_A_INTERNAL,Sugarcane,sugarcane_large,sugarcane_large,D:\CropDiseaseProject\sugarcane_large\Diseases\Pokkah Boeng\Pokkah Boeng285.jpg,Pokkah Boeng,5,Pokkah Boeng,5,True,0.9975437521934508,0.9975437521934508,Smut,0.0008155675022862,Brown Spot,0.0006004537572152,HIGH,CORRECT
TRACK_A_INTERNAL,Sugarcane,sugarcane_large,sugarcane_large,D:\CropDiseaseProject\sugarcane_large\Diseases\Pokkah Boeng\Pokkah Boeng064.jpg,Pokkah Boeng,5,Smut,9,False,0.6068176031112671,0.3165324330329895,Pokkah Boeng,0.3165324330329895,Brown Spot,0.0684733018279075,HIGH,MISCLASSIFICATION
TRACK_A_INTERNAL,Sugarcane,sugarcane_large,sugarcane_large,D:\CropDiseaseProject\sugarcane_large\Diseases\Pokkah Boeng\Pokkah Boeng127.jpg,Pokkah Boeng,5,Pokkah Boeng,5,True,0.977758288383484,0.977758288383484,Brown Spot,0.0192893519997596,Healthy Leaves,0.0014780663186684,HIGH,CORRECT
TRACK_A_INTERNAL,Sugarcane,sugarcane_large,sugarcane_large,D:\CropDiseaseProject\sugarcane_large\Diseases\Pokkah Boeng\Pokkah Boeng195.jpg,Pokkah Boeng,5,Pokkah Boeng,5,True,0.9734079837799072,0.9734079837799072,Smut,0.0093356482684612,Brown Spot,0.0083955349400639,HIGH,CORRECT
TRACK_A_INTERNAL,Sugarcane,sugarcane_large,sugarcane_large,D:\CropDiseaseProject\sugarcane_large\Diseases\Pokkah Boeng\Pokkah Boeng065.jpg,Pokkah Boeng,5,Smut,9,False,0.7445517778396606,0.2538219094276428,Pokkah Boeng,0.2538219094276428,Brown Spot,0.0010241394629701,HIGH,MISCLASSIFICATION
TRACK_A_INTERNAL,Sugarcane,sugarcane_large,sugarcane_large,D:\CropDiseaseProject\sugarcane_large\Diseases\Pokkah Boeng\Pokkah Boeng167.jpg,Pokkah Boeng,5,Pokkah Boeng,5,True,0.930224597454071,0.930224597454071,Smut,0.0258800908923149,Banded Chlorosis,0.0122134573757648,HIGH,CORRECT
TRACK_A_INTERNAL,Sugarcane,sugarcane_large,sugarcane_large,D:\CropDiseaseProject\sugarcane_large\Diseases\Pokkah Boeng\Pokkah Boeng272.jpg,Pokkah Boeng,5,Pokkah Boeng,5,True,0.9970476031303406,0.9970476031303406,Healthy Leaves,0.0015098410658538,Brown Spot,0.0011817974736914,HIGH,CORRECT
TRACK_A_INTERNAL,Sugarcane,sugarcane_large,sugarcane_large,D:\CropDiseaseProject\sugarcane_large\Diseases\Pokkah Boeng\Pokkah Boeng081.jpg,Pokkah Boeng,5,Pokkah Boeng,5,True,0.5831137299537659,0.5831137299537659,Smut,0.4080656766891479,Brown Spot,0.004499087575823,HIGH,CORRECT
TRACK_A_INTERNAL,Sugarcane,sugarcane_large,sugarcane_large,D:\CropDiseaseProject\sugarcane_large\Diseases\Pokkah Boeng\Pokkah Boeng220.jpg,Pokkah Boeng,5,Pokkah Boeng,5,True,0.9763910174369812,0.9763910174369812,Smut,0.0119089800864458,Brown Spot,0.0044521382078528,HIGH,CORRECT
TRACK_A_INTERNAL,Sugarcane,sugarcane_large,sugarcane_large,D:\CropDiseaseProject\sugarcane_large\Diseases\Pokkah Boeng\Pokkah Boeng193.jpg,Pokkah Boeng,5,Pokkah Boeng,5,True,0.9819946885108948,0.9819946885108948,Brown Spot,0.0093792974948883,Smut,0.0053413701243698,HIGH,CORRECT
TRACK_A_INTERNAL,Sugarcane,sugarcane_large,sugarcane_large,D:\CropDiseaseProject\sugarcane_large\Diseases\Pokkah Boeng\Pokkah Boeng049.jpg,Pokkah Boeng,5,Smut,9,False,0.6186114549636841,0.3798675835132599,Pokkah Boeng,0.3798675835132599,Mosaic / Viral Disease,0.0007638238021172,HIGH,MISCLASSIFICATION
TRACK_A_INTERNAL,Sugarcane,sugarcane_large,sugarcane_large,D:\CropDiseaseProject\sugarcane_large\Diseases\Pokkah Boeng\Pokkah Boeng002.jpg,Pokkah Boeng,5,Smut,9,False,0.7142220735549927,0.134145438671112,Pokkah Boeng,0.134145438671112,Mosaic / Viral Disease,0.1254945397377014,HIGH,MISCLASSIFICATION
TRACK_A_INTERNAL,Sugarcane,sugarcane_large,sugarcane_large,D:\CropDiseaseProject\sugarcane_large\Diseases\Pokkah Boeng\Pokkah Boeng204.jpg,Pokkah Boeng,5,Pokkah Boeng,5,True,0.8584445714950562,0.8584445714950562,Brown Spot,0.1240344867110252,Smut,0.0083062695339322,HIGH,CORRECT
TRACK_A_INTERNAL,Sugarcane,sugarcane_large,sugarcane_large,D:\CropDiseaseProject\sugarcane_large\Diseases\Pokkah Boeng\Pokkah Boeng276.jpg,Pokkah Boeng,5,Pokkah Boeng,5,True,0.965705633163452,0.965705633163452,Healthy Leaves,0.0247964933514595,Brown Spot,0.005023774690926,HIGH,CORRECT
TRACK_A_INTERNAL,Sugarcane,sugarcane_large,sugarcane_large,D:\CropDiseaseProject\sugarcane_large\Diseases\Pokkah Boeng\Pokkah Boeng172.jpg,Pokkah Boeng,5,Pokkah Boeng,5,True,0.8405600190162659,0.8405600190162659,Healthy Leaves,0.069930724799633,Yellow Leaf Disease,0.0371171459555625,HIGH,CORRECT
TRACK_A_INTERNAL,Sugarcane,sugarcane_large,sugarcane_large,D:\CropDiseaseProject\sugarcane_large\Diseases\Pokkah Boeng\Pokkah Boeng188.jpg,Pokkah Boeng,5,Pokkah Boeng,5,True,0.9679043292999268,0.9679043292999268,Brown Spot,0.0252990573644638,Banded Chlorosis,0.0036100724246352,HIGH,CORRECT
TRACK_A_INTERNAL,Sugarcane,sugarcane_large,sugarcane_large,D:\CropDiseaseProject\sugarcane_large\Diseases\Pokkah Boeng\Pokkah Boeng161.jpg,Pokkah Boeng,5,Pokkah Boeng,5,True,0.9345949292182922,0.9345949292182922,Brown Spot,0.0495918355882167,Yellow Leaf Disease,0.0082231676205992,HIGH,CORRECT
TRACK_A_INTERNAL,Sugarcane,sugarcane_large,sugarcane_large,D:\CropDiseaseProject\sugarcane_large\Diseases\Pokkah Boeng\Pokkah Boeng019.jpg,Pokkah Boeng,5,Smut,9,False,0.9029396176338196,0.093958631157875,Pokkah Boeng,0.093958631157875,Yellow Leaf Disease,0.0018951999954879,HIGH,MISCLASSIFICATION
TRACK_A_INTERNAL,Sugarcane,sugarcane_large,sugarcane_large,D:\CropDiseaseProject\sugarcane_large\Diseases\Pokkah Boeng\Pokkah Boeng034.jpg,Pokkah Boeng,5,Smut,9,False,0.5654420256614685,0.3900270164012909,Pokkah Boeng,0.3900270164012909,Mosaic / Viral Disease,0.0315463729202747,HIGH,MISCLASSIFICATION
TRACK_A_INTERNAL,Sugarcane,sugarcane_large,sugarcane_large,D:\CropDiseaseProject\sugarcane_large\Diseases\Pokkah Boeng\Pokkah Boeng048.jpg,Pokkah Boeng,5,Pokkah Boeng,5,True,0.5442337989807129,0.5442337989807129,Smut,0.454344630241394,Mosaic / Viral Disease,0.0006131315603852,HIGH,CORRECT
TRACK_A_INTERNAL,Sugarcane,sugarcane_large,sugarcane_large,D:\CropDiseaseProject\sugarcane_large\Diseases\Pokkah Boeng\Pokkah Boeng261.jpg,Pokkah Boeng,5,Pokkah Boeng,5,True,0.9494417905807496,0.9494417905807496,Brown Spot,0.031820360571146,Healthy Leaves,0.0072758188471198,HIGH,CORRECT
TRACK_A_INTERNAL,Sugarcane,sugarcane_large,sugarcane_large,D:\CropDiseaseProject\sugarcane_large\Diseases\Pokkah Boeng\Pokkah Boeng156.jpg,Pokkah Boeng,5,Pokkah Boeng,5,True,0.980280578136444,0.980280578136444,Brown Spot,0.0180429592728614,Yellow Leaf Disease,0.0010168293956667,HIGH,CORRECT
TRACK_A_INTERNAL,Sugarcane,sugarcane_large,sugarcane_large,D:\CropDiseaseProject\sugarcane_large\Diseases\Pokkah Boeng\Pokkah Boeng057.jpg,Pokkah Boeng,5,Smut,9,False,0.9210538864135742,0.0734767019748687,Pokkah Boeng,0.0734767019748687,Brown Spot,0.0019234095234423,HIGH,MISCLASSIFICATION
TRACK_A_INTERNAL,Sugarcane,sugarcane_large,sugarcane_large,D:\CropDiseaseProject\sugarcane_large\Diseases\BrownRust\image298.jpg,Rust (Brown Rust),7,Rust (Brown Rust),7,True,0.8653849959373474,0.8653849959373474,Yellow Leaf Disease,0.1033544689416885,Smut,0.0123046450316905,HIGH,CORRECT
TRACK_A_INTERNAL,Sugarcane,sugarcane_large,sugarcane_large,D:\CropDiseaseProject\sugarcane_large\Diseases\BrownRust\image175.jpg,Rust (Brown Rust),7,Brown Spot,1,False,0.508601725101471,0.4529312551021576,Rust (Brown Rust),0.4529312551021576,Banded Chlorosis,0.0263715498149395,HIGH,MISCLASSIFICATION
TRACK_A_INTERNAL,Sugarcane,sugarcane_large,sugarcane_large,D:\CropDiseaseProject\sugarcane_large\Diseases\BrownRust\image005.jpg,Rust (Brown Rust),7,Yellow Leaf Disease,10,False,0.3229752480983734,0.0772968232631683,Banded Chlorosis,0.3048722147941589,Mosaic / Viral Disease,0.2604187130928039,HIGH,MISCLASSIFICATION
TRACK_A_INTERNAL,Sugarcane,sugarcane_large,sugarcane_large,D:\CropDiseaseProject\sugarcane_large\Diseases\BrownRust\image267.jpg,Rust (Brown Rust),7,Rust (Brown Rust),7,True,0.881420910358429,0.881420910358429,Brown Spot,0.0802339315414428,Yellow Leaf Disease,0.0154340369626879,HIGH,CORRECT
TRACK_A_INTERNAL,Sugarcane,sugarcane_large,sugarcane_large,D:\CropDiseaseProject\sugarcane_large\Diseases\BrownRust\image169.jpg,Rust (Brown Rust),7,Rust (Brown Rust),7,True,0.4789448976516723,0.4789448976516723,Brown Spot,0.4746549427509308,Mosaic / Viral Disease,0.0210721120238304,HIGH,CORRECT
TRACK_A_INTERNAL,Sugarcane,sugarcane_large,sugarcane_large,D:\CropDiseaseProject\sugarcane_large\Diseases\BrownRust\image131.jpg,Rust (Brown Rust),7,Mosaic / Viral Disease,4,False,0.4766910672187805,0.3788424134254455,Rust (Brown Rust),0.3788424134254455,Yellow Leaf Disease,0.0805615112185478,HIGH,MISCLASSIFICATION
TRACK_A_INTERNAL,Sugarcane,sugarcane_large,sugarcane_large,D:\CropDiseaseProject\sugarcane_large\Diseases\BrownRust\image295.jpg,Rust (Brown Rust),7,Rust (Brown Rust),7,True,0.8330987691879272,0.8330987691879272,Yellow Leaf Disease,0.0553461425006389,Grassy Shoot,0.0384067259728908,HIGH,CORRECT
TRACK_A_INTERNAL,Sugarcane,sugarcane_large,sugarcane_large,D:\CropDiseaseProject\sugarcane_large\Diseases\BrownRust\image300.jpg,Rust (Brown Rust),7,Rust (Brown Rust),7,True,0.9513069987297058,0.9513069987297058,Yellow Leaf Disease,0.0369862504303455,Grassy Shoot,0.009944618679583,HIGH,CORRECT
TRACK_A_INTERNAL,Sugarcane,sugarcane_large,sugarcane_large,D:\CropDiseaseProject\sugarcane_large\Diseases\BrownRust\image226.jpg,Rust (Brown Rust),7,Rust (Brown Rust),7,True,0.7354860305786133,0.7354860305786133,Red Rot,0.1198039054870605,Brown Spot,0.0496245734393596,HIGH,CORRECT
TRACK_A_INTERNAL,Sugarcane,sugarcane_large,sugarcane_large,D:\CropDiseaseProject\sugarcane_large\Diseases\BrownRust\image009.jpg,Rust (Brown Rust),7,Rust (Brown Rust),7,True,0.3792383968830108,0.3792383968830108,Banded Chlorosis,0.2593615651130676,Yellow Leaf Disease,0.1621288061141967,HIGH,CORRECT
TRACK_A_INTERNAL,Sugarcane,sugarcane_large,sugarcane_large,D:\CropDiseaseProject\sugarcane_large\Diseases\BrownRust\image027.jpg,Rust (Brown Rust),7,Brown Spot,1,False,0.4849988520145416,0.2545599043369293,Rust (Brown Rust),0.2545599043369293,Banded Chlorosis,0.1498579680919647,HIGH,MISCLASSIFICATION
TRACK_A_INTERNAL,Sugarcane,sugarcane_large,sugarcane_large,D:\CropDiseaseProject\sugarcane_large\Diseases\BrownRust\image277.jpg,Rust (Brown Rust),7,Rust (Brown Rust),7,True,0.9675631523132324,0.9675631523132324,Banded Chlorosis,0.0149173038080334,Brown Spot,0.0061780870892107,HIGH,CORRECT
TRACK_A_INTERNAL,Sugarcane,sugarcane_large,sugarcane_large,D:\CropDiseaseProject\sugarcane_large\Diseases\BrownRust\image011.jpg,Rust (Brown Rust),7,Rust (Brown Rust),7,True,0.4893620014190674,0.4893620014190674,Banded Chlorosis,0.4296302497386932,Yellow Leaf Disease,0.0624013245105743,HIGH,CORRECT
TRACK_A_INTERNAL,Sugarcane,sugarcane_large,sugarcane_large,D:\CropDiseaseProject\sugarcane_large\Diseases\BrownRust\image077.jpg,Rust (Brown Rust),7,Brown Spot,1,False,0.2975947856903076,0.1696316450834274,Mosaic / Viral Disease,0.2574800252914428,Banded Chlorosis,0.2419230192899704,HIGH,MISCLASSIFICATION
TRACK_A_INTERNAL,Sugarcane,sugarcane_large,sugarcane_large,D:\CropDiseaseProject\sugarcane_large\Diseases\BrownRust\image294.jpg,Rust (Brown Rust),7,Rust (Brown Rust),7,True,0.6353298425674438,0.6353298425674438,Red Rot,0.1726401448249817,Brown Spot,0.1043378338217735,HIGH,CORRECT
TRACK_A_INTERNAL,Sugarcane,sugarcane_large,sugarcane_large,D:\CropDiseaseProject\sugarcane_large\Diseases\BrownRust\image085.jpg,Rust (Brown Rust),7,Banded Chlorosis,0,False,0.3848469853401184,0.3680904507637024,Rust (Brown Rust),0.3680904507637024,Mosaic / Viral Disease,0.1844384670257568,HIGH,MISCLASSIFICATION
TRACK_A_INTERNAL,Sugarcane,sugarcane_large,sugarcane_large,D:\CropDiseaseProject\sugarcane_large\Diseases\BrownRust\image287.jpg,Rust (Brown Rust),7,Rust (Brown Rust),7,True,0.9156445264816284,0.9156445264816284,Brown Spot,0.0329118371009826,Red Rot,0.0151495654135942,HIGH,CORRECT
TRACK_A_INTERNAL,Sugarcane,sugarcane_large,sugarcane_large,D:\CropDiseaseProject\sugarcane_large\Diseases\BrownRust\image167.jpg,Rust (Brown Rust),7,Rust (Brown Rust),7,True,0.3559419214725494,0.3559419214725494,Mosaic / Viral Disease,0.2859322428703308,Brown Spot,0.2794118523597717,HIGH,CORRECT
TRACK_A_INTERNAL,Sugarcane,sugarcane_large,sugarcane_large,D:\CropDiseaseProject\sugarcane_large\Diseases\BrownRust\image254.jpg,Rust (Brown Rust),7,Rust (Brown Rust),7,True,0.7077498435974121,0.7077498435974121,Brown Spot,0.1576015651226043,Yellow Leaf Disease,0.1074817180633544,HIGH,CORRECT
TRACK_A_INTERNAL,Sugarcane,sugarcane_large,sugarcane_large,D:\CropDiseaseProject\sugarcane_large\Diseases\BrownRust\image118.jpg,Rust (Brown Rust),7,Rust (Brown Rust),7,True,0.4508067667484283,0.4508067667484283,Brown Spot,0.2877944111824035,Mosaic / Viral Disease,0.194486454129219,HIGH,CORRECT
TRACK_A_INTERNAL,Sugarcane,sugarcane_large,sugarcane_large,D:\CropDiseaseProject\sugarcane_large\Diseases\BrownRust\image072.jpg,Rust (Brown Rust),7,Banded Chlorosis,0,False,0.7485431432723999,0.0229686833918094,Brown Spot,0.1502434015274047,Mosaic / Viral Disease,0.0615644380450248,HIGH,MISCLASSIFICATION
TRACK_A_INTERNAL,Sugarcane,sugarcane_large,sugarcane_large,D:\CropDiseaseProject\sugarcane_large\Diseases\BrownRust\image172.jpg,Rust (Brown Rust),7,Brown Spot,1,False,0.7847765684127808,0.1825041323900222,Rust (Brown Rust),0.1825041323900222,Banded Chlorosis,0.0154955899342894,HIGH,MISCLASSIFICATION
TRACK_A_INTERNAL,Sugarcane,sugarcane_large,sugarcane_large,D:\CropDiseaseProject\sugarcane_large\Diseases\BrownRust\image161.jpg,Rust (Brown Rust),7,Rust (Brown Rust),7,True,0.845811665058136,0.845811665058136,Banded Chlorosis,0.1148885637521743,Mosaic / Viral Disease,0.0236202366650104,HIGH,CORRECT
TRACK_A_INTERNAL,Sugarcane,sugarcane_large,sugarcane_large,D:\CropDiseaseProject\sugarcane_large\Diseases\BrownRust\image136.jpg,Rust (Brown Rust),7,Yellow Leaf Disease,10,False,0.4936532378196716,0.1339311450719833,Brown Spot,0.2522099018096924,Rust (Brown Rust),0.1339311450719833,HIGH,MISCLASSIFICATION
TRACK_A_INTERNAL,Sugarcane,sugarcane_large,sugarcane_large,D:\CropDiseaseProject\sugarcane_large\Diseases\BrownRust\image102.jpg,Rust (Brown Rust),7,Rust (Brown Rust),7,True,0.7143569588661194,0.7143569588661194,Banded Chlorosis,0.1122526377439498,Mosaic / Viral Disease,0.1027100682258606,HIGH,CORRECT
TRACK_A_INTERNAL,Sugarcane,sugarcane_large,sugarcane_large,D:\CropDiseaseProject\sugarcane_large\Diseases\BrownRust\image238.jpg,Rust (Brown Rust),7,Rust (Brown Rust),7,True,0.963430643081665,0.963430643081665,Brown Spot,0.0223327279090881,Yellow Leaf Disease,0.0062327445484697,HIGH,CORRECT
TRACK_A_INTERNAL,Sugarcane,sugarcane_large,sugarcane_large,D:\CropDiseaseProject\sugarcane_large\Diseases\BrownRust\image078.jpg,Rust (Brown Rust),7,Banded Chlorosis,0,False,0.4812837839126587,0.2278775423765182,Rust (Brown Rust),0.2278775423765182,Mosaic / Viral Disease,0.1771479099988937,HIGH,MISCLASSIFICATION
TRACK_A_INTERNAL,Sugarcane,sugarcane_large,sugarcane_large,D:\CropDiseaseProject\sugarcane_large\Diseases\BrownRust\image218.jpg,Rust (Brown Rust),7,Yellow Leaf Disease,10,False,0.6839940547943115,0.0490089654922485,Banded Chlorosis,0.161757618188858,Brown Spot,0.0576942972838878,HIGH,MISCLASSIFICATION
TRACK_A_INTERNAL,Sugarcane,sugarcane_large,sugarcane_large,D:\CropDiseaseProject\sugarcane_large\Diseases\BrownRust\image119.jpg,Rust (Brown Rust),7,Rust (Brown Rust),7,True,0.3679108917713165,0.3679108917713165,Brown Spot,0.308864027261734,Mosaic / Viral Disease,0.1762115806341171,HIGH,CORRECT
TRACK_A_INTERNAL,Sugarcane,sugarcane_large,sugarcane_large,D:\CropDiseaseProject\sugarcane_large\Diseases\BrownRust\image108.jpg,Rust (Brown Rust),7,Rust (Brown Rust),7,True,0.3291737139225006,0.3291737139225006,Mosaic / Viral Disease,0.2298505902290344,Yellow Leaf Disease,0.1841084212064743,HIGH,CORRECT
TRACK_A_INTERNAL,Sugarcane,sugarcane_large,sugarcane_large,D:\CropDiseaseProject\sugarcane_large\Diseases\Sett Rot\Sett Rot222.jpg,Sett Rot,8,Sett Rot,8,True,0.9998990297317504,0.9998990297317504,Rust (Brown Rust),6.796047819079831e-05,Grassy Shoot,2.906488225562498e-05,HIGH,CORRECT
TRACK_A_INTERNAL,Sugarcane,sugarcane_large,sugarcane_large,D:\CropDiseaseProject\sugarcane_large\Diseases\Sett Rot\Sett Rot502.jpg,Sett Rot,8,Sett Rot,8,True,0.9999998807907104,0.9999998807907104,Smut,1.6088833376670666e-07,Grassy Shoot,1.265617943779773e-09,HIGH,CORRECT
TRACK_A_INTERNAL,Sugarcane,sugarcane_large,sugarcane_large,D:\CropDiseaseProject\sugarcane_large\Diseases\Sett Rot\Sett Rot354.jpg,Sett Rot,8,Sett Rot,8,True,0.9999990463256836,0.9999990463256836,Rust (Brown Rust),7.067410479066893e-07,Yellow Leaf Disease,2.697730678846711e-07,HIGH,CORRECT
TRACK_A_INTERNAL,Sugarcane,sugarcane_large,sugarcane_large,D:\CropDiseaseProject\sugarcane_large\Diseases\Sett Rot\Sett Rot227.jpg,Sett Rot,8,Sett Rot,8,True,0.9997914433479308,0.9997914433479308,Rust (Brown Rust),0.0001504688261775,Grassy Shoot,4.589923628373072e-05,HIGH,CORRECT
TRACK_A_INTERNAL,Sugarcane,sugarcane_large,sugarcane_large,D:\CropDiseaseProject\sugarcane_large\Diseases\Sett Rot\Sett Rot612.jpg,Sett Rot,8,Sett Rot,8,True,1.0,1.0,Rust (Brown Rust),3.5541830811780535e-08,Smut,1.7298783516750402e-09,HIGH,CORRECT
TRACK_A_INTERNAL,Sugarcane,sugarcane_large,sugarcane_large,D:\CropDiseaseProject\sugarcane_large\Diseases\Sett Rot\Sett Rot387.jpg,Sett Rot,8,Sett Rot,8,True,0.9999936819076538,0.9999936819076538,Rust (Brown Rust),4.861934030486736e-06,Yellow Leaf Disease,8.978213941190916e-07,HIGH,CORRECT
TRACK_A_INTERNAL,Sugarcane,sugarcane_large,sugarcane_large,D:\CropDiseaseProject\sugarcane_large\Diseases\Sett Rot\Sett Rot218.jpg,Sett Rot,8,Sett Rot,8,True,0.999805748462677,0.999805748462677,Grassy Shoot,9.861653961706908e-05,Rust (Brown Rust),8.991709182737395e-05,HIGH,CORRECT
TRACK_A_INTERNAL,Sugarcane,sugarcane_large,sugarcane_large,D:\CropDiseaseProject\sugarcane_large\Diseases\Sett Rot\Sett Rot577.jpg,Sett Rot,8,Sett Rot,8,True,0.9999977350234984,0.9999977350234984,Smut,2.148514568034443e-06,Rust (Brown Rust),6.968672039420198e-08,HIGH,CORRECT
TRACK_A_INTERNAL,Sugarcane,sugarcane_large,sugarcane_large,D:\CropDiseaseProject\sugarcane_large\Diseases\Sett Rot\Sett Rot134.jpg,Sett Rot,8,Sett Rot,8,True,0.9999995231628418,0.9999995231628418,Smut,2.681273088001035e-07,Rust (Brown Rust),2.029996863939232e-07,HIGH,CORRECT
TRACK_A_INTERNAL,Sugarcane,sugarcane_large,sugarcane_large,D:\CropDiseaseProject\sugarcane_large\Diseases\Sett Rot\Sett Rot074.jpg,Sett Rot,8,Sett Rot,8,True,0.9999321699142456,0.9999321699142456,Smut,6.457080598920584e-05,Grassy Shoot,2.859512733266456e-06,HIGH,CORRECT
TRACK_A_INTERNAL,Sugarcane,sugarcane_large,sugarcane_large,D:\CropDiseaseProject\sugarcane_large\Diseases\Sett Rot\Sett Rot075.jpg,Sett Rot,8,Sett Rot,8,True,0.99998939037323,0.99998939037323,Smut,1.0432267117721494e-05,Grassy Shoot,9.381660248664049e-08,HIGH,CORRECT
TRACK_A_INTERNAL,Sugarcane,sugarcane_large,sugarcane_large,D:\CropDiseaseProject\sugarcane_large\Diseases\Sett Rot\Sett Rot496.jpg,Sett Rot,8,Sett Rot,8,True,0.9999995231628418,0.9999995231628418,Smut,4.165950713286293e-07,Yellow Leaf Disease,5.2261274419151966e-08,HIGH,CORRECT
TRACK_A_INTERNAL,Sugarcane,sugarcane_large,sugarcane_large,D:\CropDiseaseProject\sugarcane_large\Diseases\Sett Rot\Sett Rot546.jpg,Sett Rot,8,Sett Rot,8,True,0.9999991655349731,0.9999991655349731,Smut,8.152612736012088e-07,Rust (Brown Rust),3.28496696511138e-08,HIGH,CORRECT
TRACK_A_INTERNAL,Sugarcane,sugarcane_large,sugarcane_large,D:\CropDiseaseProject\sugarcane_large\Diseases\Sett Rot\Sett Rot564.jpg,Sett Rot,8,Sett Rot,8,True,0.9999991655349731,0.9999991655349731,Smut,7.810306215105811e-07,Rust (Brown Rust),2.860503478530063e-08,HIGH,CORRECT
TRACK_A_INTERNAL,Sugarcane,sugarcane_large,sugarcane_large,D:\CropDiseaseProject\sugarcane_large\Diseases\Sett Rot\Sett Rot532.jpg,Sett Rot,8,Sett Rot,8,True,1.0,1.0,Smut,2.9486899588704323e-09,Yellow Leaf Disease,1.5697029787098415e-10,HIGH,CORRECT
TRACK_A_INTERNAL,Sugarcane,sugarcane_large,sugarcane_large,D:\CropDiseaseProject\sugarcane_large\Diseases\Sett Rot\Sett Rot293.jpg,Sett Rot,8,Sett Rot,8,True,0.998840630054474,0.998840630054474,Grassy Shoot,0.0010361144086346,Smut,0.0001129382653743,HIGH,CORRECT
TRACK_A_INTERNAL,Sugarcane,sugarcane_large,sugarcane_large,D:\CropDiseaseProject\sugarcane_large\Diseases\Sett Rot\Sett Rot046.jpg,Sett Rot,8,Sett Rot,8,True,0.9999570846557616,0.9999570846557616,Rust (Brown Rust),3.71728056052234e-05,Yellow Leaf Disease,4.290173819754273e-06,HIGH,CORRECT
TRACK_A_INTERNAL,Sugarcane,sugarcane_large,sugarcane_large,D:\CropDiseaseProject\sugarcane_large\Diseases\Sett Rot\Sett Rot010.jpg,Sett Rot,8,Sett Rot,8,True,0.9939820170402528,0.9939820170402528,Yellow Leaf Disease,0.0042399279773235,Rust (Brown Rust),0.0016407477669417,HIGH,CORRECT
TRACK_A_INTERNAL,Sugarcane,sugarcane_large,sugarcane_large,D:\CropDiseaseProject\sugarcane_large\Diseases\Sett Rot\Sett Rot066.jpg,Sett Rot,8,Sett Rot,8,True,0.9998843669891356,0.9998843669891356,Smut,0.0001153204211732,Yellow Leaf Disease,1.8515693511744763e-07,HIGH,CORRECT
TRACK_A_INTERNAL,Sugarcane,sugarcane_large,sugarcane_large,D:\CropDiseaseProject\sugarcane_large\Diseases\Sett Rot\Sett Rot044.jpg,Sett Rot,8,Sett Rot,8,True,0.9950966238975524,0.9950966238975524,Rust (Brown Rust),0.0042085144668817,Yellow Leaf Disease,0.0004767275240737,HIGH,CORRECT
TRACK_A_INTERNAL,Sugarcane,sugarcane_large,sugarcane_large,D:\CropDiseaseProject\sugarcane_large\Diseases\Sett Rot\Sett Rot235.jpg,Sett Rot,8,Sett Rot,8,True,0.9999676942825316,0.9999676942825316,Smut,2.9459080906235613e-05,Yellow Leaf Disease,2.4894757189031225e-06,HIGH,CORRECT
TRACK_A_INTERNAL,Sugarcane,sugarcane_large,sugarcane_large,D:\CropDiseaseProject\sugarcane_large\Diseases\Sett Rot\Sett Rot231.jpg,Sett Rot,8,Sett Rot,8,True,0.9999997615814208,0.9999997615814208,Grassy Shoot,1.5341369419274997e-07,Yellow Leaf Disease,4.5542517312924247e-08,HIGH,CORRECT
TRACK_A_INTERNAL,Sugarcane,sugarcane_large,sugarcane_large,D:\CropDiseaseProject\sugarcane_large\Diseases\Sett Rot\Sett Rot566.jpg,Sett Rot,8,Sett Rot,8,True,1.0,1.0,Smut,2.110108976438596e-09,Yellow Leaf Disease,8.771659787409901e-11,HIGH,CORRECT
TRACK_A_INTERNAL,Sugarcane,sugarcane_large,sugarcane_large,D:\CropDiseaseProject\sugarcane_large\Diseases\Sett Rot\Sett Rot054.jpg,Sett Rot,8,Sett Rot,8,True,0.9994158744812012,0.9994158744812012,Rust (Brown Rust),0.0004227712634019,Grassy Shoot,8.998194971354678e-05,HIGH,CORRECT
TRACK_A_INTERNAL,Sugarcane,sugarcane_large,sugarcane_large,D:\CropDiseaseProject\sugarcane_large\Diseases\Sett Rot\Sett Rot236.jpg,Sett Rot,8,Sett Rot,8,True,0.9999921321868896,0.9999921321868896,Smut,7.044292033242527e-06,Yellow Leaf Disease,8.133513915709045e-07,HIGH,CORRECT
TRACK_A_INTERNAL,Sugarcane,sugarcane_large,sugarcane_large,D:\CropDiseaseProject\sugarcane_large\Diseases\Sett Rot\Sett Rot055.jpg,Sett Rot,8,Sett Rot,8,True,0.9986497759819032,0.9986497759819032,Rust (Brown Rust),0.0011844197288155,Yellow Leaf Disease,0.000121091325127,HIGH,CORRECT
TRACK_A_INTERNAL,Sugarcane,sugarcane_large,sugarcane_large,D:\CropDiseaseProject\sugarcane_large\Diseases\Sett Rot\Sett Rot111.jpg,Sett Rot,8,Sett Rot,8,True,0.9997727274894714,0.9997727274894714,Grassy Shoot,0.0001644105941522,Yellow Leaf Disease,3.317739174235612e-05,HIGH,CORRECT
TRACK_A_INTERNAL,Sugarcane,sugarcane_large,sugarcane_large,D:\CropDiseaseProject\sugarcane_large\Diseases\Sett Rot\Sett Rot030.jpg,Sett Rot,8,Sett Rot,8,True,0.9995300769805908,0.9995300769805908,Rust (Brown Rust),0.0003347139281686,Yellow Leaf Disease,0.0001322897296631,HIGH,CORRECT
TRACK_A_INTERNAL,Sugarcane,sugarcane_large,sugarcane_large,D:\CropDiseaseProject\sugarcane_large\Diseases\Sett Rot\Sett Rot390.jpg,Sett Rot,8,Sett Rot,8,True,0.9999877214431764,0.9999877214431764,Rust (Brown Rust),1.1914776223420633e-05,Healthy Leaves,1.2243663150002249e-07,HIGH,CORRECT
TRACK_A_INTERNAL,Sugarcane,sugarcane_large,sugarcane_large,D:\CropDiseaseProject\sugarcane_large\Diseases\Sett Rot\Sett Rot118.jpg,Sett Rot,8,Sett Rot,8,True,0.9999991655349731,0.9999991655349731,Smut,5.244121439318405e-07,Grassy Shoot,2.582693525710056e-07,HIGH,CORRECT
TRACK_A_INTERNAL,Sugarcane,sugarcane_large,sugarcane_large,D:\CropDiseaseProject\sugarcane_large\Diseases\smut\Smut306.jpg,Smut,9,Smut,9,True,0.9490180611610411,0.9490180611610411,Brown Spot,0.0362126231193542,Healthy Leaves,0.0053185811266303,HIGH,CORRECT
TRACK_A_INTERNAL,Sugarcane,sugarcane_large,sugarcane_large,D:\CropDiseaseProject\sugarcane_large\Diseases\smut\Smut080.jpg,Smut,9,Smut,9,True,0.5663540363311768,0.5663540363311768,Pokkah Boeng,0.4165208339691162,Brown Spot,0.014654042199254,HIGH,CORRECT
TRACK_A_INTERNAL,Sugarcane,sugarcane_large,sugarcane_large,D:\CropDiseaseProject\sugarcane_large\Diseases\smut\Smut261.jpg,Smut,9,Smut,9,True,0.9721025228500366,0.9721025228500366,Banded Chlorosis,0.0069186342880129,Mosaic / Viral Disease,0.0068975128233432,HIGH,CORRECT
TRACK_A_INTERNAL,Sugarcane,sugarcane_large,sugarcane_large,D:\CropDiseaseProject\sugarcane_large\Diseases\smut\Smut087.jpg,Smut,9,Pokkah Boeng,5,False,0.6099002957344055,0.3830708861351013,Smut,0.3830708861351013,Yellow Leaf Disease,0.0040896814316511,HIGH,MISCLASSIFICATION
TRACK_A_INTERNAL,Sugarcane,sugarcane_large,sugarcane_large,D:\CropDiseaseProject\sugarcane_large\Diseases\smut\Smut012.jpg,Smut,9,Smut,9,True,0.7142220735549927,0.7142220735549927,Pokkah Boeng,0.134145438671112,Mosaic / Viral Disease,0.1254945397377014,HIGH,CORRECT
TRACK_A_INTERNAL,Sugarcane,sugarcane_large,sugarcane_large,D:\CropDiseaseProject\sugarcane_large\Diseases\smut\Smut146.jpg,Smut,9,Mosaic / Viral Disease,4,False,0.7927435040473938,0.1616576015949249,Smut,0.1616576015949249,Banded Chlorosis,0.0326879248023033,HIGH,MISCLASSIFICATION
TRACK_A_INTERNAL,Sugarcane,sugarcane_large,sugarcane_large,D:\CropDiseaseProject\sugarcane_large\Diseases\smut\Smut043.jpg,Smut,9,Smut,9,True,0.5721176266670227,0.5721176266670227,Pokkah Boeng,0.3458705246448517,Mosaic / Viral Disease,0.0621177963912487,HIGH,CORRECT
TRACK_A_INTERNAL,Sugarcane,sugarcane_large,sugarcane_large,D:\CropDiseaseProject\sugarcane_large\Diseases\smut\Smut249.jpg,Smut,9,Smut,9,True,0.9986730813980104,0.9986730813980104,Grassy Shoot,0.0009417273686267,Rust (Brown Rust),0.0002020964166149,HIGH,CORRECT
TRACK_A_INTERNAL,Sugarcane,sugarcane_large,sugarcane_large,D:\CropDiseaseProject\sugarcane_large\Diseases\smut\Smut065.jpg,Smut,9,Smut,9,True,0.9078386425971984,0.9078386425971984,Pokkah Boeng,0.0884687528014183,Grassy Shoot,0.0014709173701703,HIGH,CORRECT
TRACK_A_INTERNAL,Sugarcane,sugarcane_large,sugarcane_large,D:\CropDiseaseProject\sugarcane_large\Diseases\smut\Smut266.jpg,Smut,9,Smut,9,True,0.9685710668563844,0.9685710668563844,Banded Chlorosis,0.0185535345226526,Rust (Brown Rust),0.0060041001997888,HIGH,CORRECT
TRACK_A_INTERNAL,Sugarcane,sugarcane_large,sugarcane_large,D:\CropDiseaseProject\sugarcane_large\Diseases\smut\Smut311.jpg,Smut,9,Smut,9,True,0.9999020099639891,0.9999020099639891,Grassy Shoot,4.896775135421194e-05,Sett Rot,1.4955999176891057e-05,HIGH,CORRECT
TRACK_A_INTERNAL,Sugarcane,sugarcane_large,sugarcane_large,D:\CropDiseaseProject\sugarcane_large\Diseases\smut\Smut240.jpg,Smut,9,Smut,9,True,0.99369615316391,0.99369615316391,Pokkah Boeng,0.0030537245329469,Healthy Leaves,0.002045409521088,HIGH,CORRECT
TRACK_A_INTERNAL,Sugarcane,sugarcane_large,sugarcane_large,D:\CropDiseaseProject\sugarcane_large\Diseases\smut\Smut183.jpg,Smut,9,Smut,9,True,0.9813321828842164,0.9813321828842164,Yellow Leaf Disease,0.0098935281857848,Grassy Shoot,0.007779398933053,HIGH,CORRECT
TRACK_A_INTERNAL,Sugarcane,sugarcane_large,sugarcane_large,D:\CropDiseaseProject\sugarcane_large\Diseases\smut\Smut187.jpg,Smut,9,Smut,9,True,0.6771018505096436,0.6771018505096436,Yellow Leaf Disease,0.240880861878395,Brown Spot,0.0396813824772834,HIGH,CORRECT
TRACK_A_INTERNAL,Sugarcane,sugarcane_large,sugarcane_large,D:\CropDiseaseProject\sugarcane_large\Diseases\smut\Smut045.jpg,Smut,9,Pokkah Boeng,5,False,0.5311437249183655,0.4283613562583923,Smut,0.4283613562583923,Mosaic / Viral Disease,0.0270703975111246,HIGH,MISCLASSIFICATION
TRACK_A_INTERNAL,Sugarcane,sugarcane_large,sugarcane_large,D:\CropDiseaseProject\sugarcane_large\Diseases\smut\Smut160.jpg,Smut,9,Smut,9,True,0.7493264079093933,0.7493264079093933,Yellow Leaf Disease,0.1750114411115646,Banded Chlorosis,0.0708824098110199,HIGH,CORRECT
TRACK_A_INTERNAL,Sugarcane,sugarcane_large,sugarcane_large,D:\CropDiseaseProject\sugarcane_large\Diseases\smut\Smut292.jpg,Smut,9,Smut,9,True,0.9974965453147888,0.9974965453147888,Grassy Shoot,0.0015305823180824,Brown Spot,0.0004609863681253,HIGH,CORRECT
TRACK_A_INTERNAL,Sugarcane,sugarcane_large,sugarcane_large,D:\CropDiseaseProject\sugarcane_large\Diseases\smut\Smut127.jpg,Smut,9,Smut,9,True,0.6554047465324402,0.6554047465324402,Mosaic / Viral Disease,0.2881677746772766,Rust (Brown Rust),0.0368499979376792,HIGH,CORRECT
TRACK_A_INTERNAL,Sugarcane,sugarcane_large,sugarcane_large,D:\CropDiseaseProject\sugarcane_large\Diseases\smut\Smut114.jpg,Smut,9,Pokkah Boeng,5,False,0.647650420665741,0.3497530817985534,Smut,0.3497530817985534,Yellow Leaf Disease,0.0010545694967731,HIGH,MISCLASSIFICATION
TRACK_A_INTERNAL,Sugarcane,sugarcane_large,sugarcane_large,D:\CropDiseaseProject\sugarcane_large\Diseases\smut\Smut064.jpg,Smut,9,Smut,9,True,0.9386603832244872,0.9386603832244872,Pokkah Boeng,0.055818248540163,Brown Spot,0.0049004675820469,HIGH,CORRECT
TRACK_A_INTERNAL,Sugarcane,sugarcane_large,sugarcane_large,D:\CropDiseaseProject\sugarcane_large\Diseases\smut\Smut214.jpg,Smut,9,Smut,9,True,0.5106331706047058,0.5106331706047058,Yellow Leaf Disease,0.3645156621932983,Rust (Brown Rust),0.1130721718072891,HIGH,CORRECT
TRACK_A_INTERNAL,Sugarcane,sugarcane_large,sugarcane_large,D:\CropDiseaseProject\sugarcane_large\Diseases\smut\Smut018.jpg,Smut,9,Smut,9,True,0.7638719081878662,0.7638719081878662,Pokkah Boeng,0.2175290286540985,Mosaic / Viral Disease,0.0139072071760892,HIGH,CORRECT
TRACK_A_INTERNAL,Sugarcane,sugarcane_large,sugarcane_large,D:\CropDiseaseProject\sugarcane_large\Diseases\smut\Smut016.jpg,Smut,9,Smut,9,True,0.8314172625541687,0.8314172625541687,Pokkah Boeng,0.1063933968544006,Mosaic / Viral Disease,0.0556566976010799,HIGH,CORRECT
TRACK_A_INTERNAL,Sugarcane,sugarcane_large,sugarcane_large,D:\CropDiseaseProject\sugarcane_large\Diseases\smut\Smut014.jpg,Smut,9,Smut,9,True,0.8920325636863708,0.8920325636863708,Pokkah Boeng,0.0575779117643833,Mosaic / Viral Disease,0.0415403321385383,HIGH,CORRECT
TRACK_A_INTERNAL,Sugarcane,sugarcane_large,sugarcane_large,D:\CropDiseaseProject\sugarcane_large\Diseases\smut\Smut068.jpg,Smut,9,Smut,9,True,0.8800565004348755,0.8800565004348755,Pokkah Boeng,0.110283687710762,Brown Spot,0.0050098961219191,HIGH,CORRECT
TRACK_A_INTERNAL,Sugarcane,sugarcane_large,sugarcane_large,D:\CropDiseaseProject\sugarcane_large\Diseases\smut\Smut028.jpg,Smut,9,Smut,9,True,0.7158506512641907,0.7158506512641907,Pokkah Boeng,0.2760158181190491,Yellow Leaf Disease,0.0036552413366734,HIGH,CORRECT
TRACK_A_INTERNAL,Sugarcane,sugarcane_large,sugarcane_large,D:\CropDiseaseProject\sugarcane_large\Diseases\smut\Smut118.jpg,Smut,9,Pokkah Boeng,5,False,0.5109387040138245,0.4884532690048218,Smut,0.4884532690048218,Mosaic / Viral Disease,0.0002742790093179,HIGH,MISCLASSIFICATION
TRACK_A_INTERNAL,Sugarcane,sugarcane_large,sugarcane_large,D:\CropDiseaseProject\sugarcane_large\Diseases\smut\Smut151.jpg,Smut,9,Smut,9,True,0.5416826009750366,0.5416826009750366,Yellow Leaf Disease,0.4239350259304046,Banded Chlorosis,0.0237872060388326,HIGH,CORRECT
TRACK_A_INTERNAL,Sugarcane,sugarcane_large,sugarcane_large,D:\CropDiseaseProject\sugarcane_large\Diseases\smut\Smut126.jpg,Smut,9,Smut,9,True,0.6122375726699829,0.6122375726699829,Mosaic / Viral Disease,0.3430532813072204,Rust (Brown Rust),0.0215606857091188,HIGH,CORRECT
TRACK_A_INTERNAL,Sugarcane,sugarcane_large,sugarcane_large,D:\CropDiseaseProject\sugarcane_large\Diseases\smut\Smut025.jpg,Smut,9,Smut,9,True,0.891495943069458,0.891495943069458,Pokkah Boeng,0.1066395491361618,Yellow Leaf Disease,0.0014086929149925,HIGH,CORRECT
TRACK_A_INTERNAL,Sugarcane,sugarcane_large,sugarcane_large,D:\CropDiseaseProject\sugarcane_large\Diseases\Yellow Leaf\Yellow Leaf1130.jpg,Yellow Leaf Disease,10,Yellow Leaf Disease,10,True,0.5292322635650635,0.5292322635650635,Brown Spot,0.2357218414545059,Rust (Brown Rust),0.1628479063510894,HIGH,CORRECT
TRACK_A_INTERNAL,Sugarcane,sugarcane_large,sugarcane_large,D:\CropDiseaseProject\sugarcane_large\Diseases\Yellow Leaf\Yellow Leaf992.jpg,Yellow Leaf Disease,10,Mosaic / Viral Disease,4,False,0.7860691547393799,0.0388823077082634,Smut,0.0534263886511325,Rust (Brown Rust),0.044073324650526,HIGH,MISCLASSIFICATION
TRACK_A_INTERNAL,Sugarcane,sugarcane_large,sugarcane_large,D:\CropDiseaseProject\sugarcane_large\Diseases\Yellow Leaf\Yellow Leaf519.jpg,Yellow Leaf Disease,10,Yellow Leaf Disease,10,True,0.9501487612724304,0.9501487612724304,Mosaic / Viral Disease,0.0156978089362382,Brown Spot,0.014211980625987,HIGH,CORRECT
TRACK_A_INTERNAL,Sugarcane,sugarcane_large,sugarcane_large,D:\CropDiseaseProject\sugarcane_large\Diseases\Yellow Leaf\Yellow Leaf006.jpg,Yellow Leaf Disease,10,Yellow Leaf Disease,10,True,0.9913640022277832,0.9913640022277832,Smut,0.0028294394724071,Brown Spot,0.0028272103518247,HIGH,CORRECT
TRACK_A_INTERNAL,Sugarcane,sugarcane_large,sugarcane_large,D:\CropDiseaseProject\sugarcane_large\Diseases\Yellow Leaf\Yellow Leaf738.jpg,Yellow Leaf Disease,10,Yellow Leaf Disease,10,True,0.9288095831871032,0.9288095831871032,Brown Spot,0.0698617026209831,Banded Chlorosis,0.0006072457181289,HIGH,CORRECT
TRACK_A_INTERNAL,Sugarcane,sugarcane_large,sugarcane_large,D:\CropDiseaseProject\sugarcane_large\Diseases\Yellow Leaf\Yellow Leaf942.jpg,Yellow Leaf Disease,10,Brown Spot,1,False,0.5824664235115051,0.4018205404281616,Yellow Leaf Disease,0.4018205404281616,Mosaic / Viral Disease,0.008945851586759,HIGH,MISCLASSIFICATION
TRACK_A_INTERNAL,Sugarcane,sugarcane_large,sugarcane_large,D:\CropDiseaseProject\sugarcane_large\Diseases\Yellow Leaf\Yellow Leaf927.jpg,Yellow Leaf Disease,10,Yellow Leaf Disease,10,True,0.5897925496101379,0.5897925496101379,Brown Spot,0.4021472334861755,Mosaic / Viral Disease,0.0042082690633833,HIGH,CORRECT
TRACK_A_INTERNAL,Sugarcane,sugarcane_large,sugarcane_large,D:\CropDiseaseProject\sugarcane_large\Diseases\Yellow Leaf\Yellow Leaf1123.jpg,Yellow Leaf Disease,10,Rust (Brown Rust),7,False,0.454399973154068,0.2253853678703308,Yellow Leaf Disease,0.2253853678703308,Brown Spot,0.2040320634841919,HIGH,MISCLASSIFICATION
TRACK_A_INTERNAL,Sugarcane,sugarcane_large,sugarcane_large,D:\CropDiseaseProject\sugarcane_large\Diseases\Yellow Leaf\Yellow Leaf813.jpg,Yellow Leaf Disease,10,Yellow Leaf Disease,10,True,0.998664379119873,0.998664379119873,Brown Spot,0.0012639056658372,Red Rot,2.927062269009184e-05,HIGH,CORRECT
TRACK_A_INTERNAL,Sugarcane,sugarcane_large,sugarcane_large,D:\CropDiseaseProject\sugarcane_large\Diseases\Yellow Leaf\Yellow Leaf867.jpg,Yellow Leaf Disease,10,Yellow Leaf Disease,10,True,0.6996715664863586,0.6996715664863586,Banded Chlorosis,0.2399904131889343,Rust (Brown Rust),0.02202326990664,HIGH,CORRECT
TRACK_A_INTERNAL,Sugarcane,sugarcane_large,sugarcane_large,D:\CropDiseaseProject\sugarcane_large\Diseases\Yellow Leaf\Yellow Leaf384.jpg,Yellow Leaf Disease,10,Yellow Leaf Disease,10,True,0.9872881174087524,0.9872881174087524,Brown Spot,0.0121755199506878,Banded Chlorosis,0.0001834548165788,HIGH,CORRECT
TRACK_A_INTERNAL,Sugarcane,sugarcane_large,sugarcane_large,D:\CropDiseaseProject\sugarcane_large\Diseases\Yellow Leaf\Yellow Leaf976.jpg,Yellow Leaf Disease,10,Yellow Leaf Disease,10,True,0.9764317274093628,0.9764317274093628,Banded Chlorosis,0.0158123709261417,Brown Spot,0.0048153065145015,HIGH,CORRECT
TRACK_A_INTERNAL,Sugarcane,sugarcane_large,sugarcane_large,D:\CropDiseaseProject\sugarcane_large\Diseases\Yellow Leaf\Yellow Leaf1018.jpg,Yellow Leaf Disease,10,Yellow Leaf Disease,10,True,0.5874015092849731,0.5874015092849731,Rust (Brown Rust),0.3711349368095398,Brown Spot,0.016349297016859,HIGH,CORRECT
TRACK_A_INTERNAL,Sugarcane,sugarcane_large,sugarcane_large,D:\CropDiseaseProject\sugarcane_large\Diseases\Yellow Leaf\Yellow Leaf743.jpg,Yellow Leaf Disease,10,Yellow Leaf Disease,10,True,0.916623592376709,0.916623592376709,Brown Spot,0.0822764784097671,Rust (Brown Rust),0.0004919453058391,HIGH,CORRECT
TRACK_A_INTERNAL,Sugarcane,sugarcane_large,sugarcane_large,D:\CropDiseaseProject\sugarcane_large\Diseases\Yellow Leaf\Yellow Leaf661.jpg,Yellow Leaf Disease,10,Yellow Leaf Disease,10,True,0.976902961730957,0.976902961730957,Brown Spot,0.0163379590958356,Banded Chlorosis,0.0051225335337221,HIGH,CORRECT
TRACK_A_INTERNAL,Sugarcane,sugarcane_large,sugarcane_large,D:\CropDiseaseProject\sugarcane_large\Diseases\Yellow Leaf\Yellow Leaf915.jpg,Yellow Leaf Disease,10,Yellow Leaf Disease,10,True,0.9522780776023864,0.9522780776023864,Banded Chlorosis,0.0210102163255214,Brown Spot,0.0155659466981887,HIGH,CORRECT
TRACK_A_INTERNAL,Sugarcane,sugarcane_large,sugarcane_large,D:\CropDiseaseProject\sugarcane_large\Diseases\Yellow Leaf\Yellow Leaf411.jpg,Yellow Leaf Disease,10,Yellow Leaf Disease,10,True,0.991913080215454,0.991913080215454,Healthy Leaves,0.0034550495911389,Brown Spot,0.0029291603714227,HIGH,CORRECT
TRACK_A_INTERNAL,Sugarcane,sugarcane_large,sugarcane_large,D:\CropDiseaseProject\sugarcane_large\Diseases\Yellow Leaf\Yellow Leaf786.jpg,Yellow Leaf Disease,10,Yellow Leaf Disease,10,True,0.9894746541976928,0.9894746541976928,Brown Spot,0.0083948196843266,Banded Chlorosis,0.0012970630777999,HIGH,CORRECT
TRACK_A_INTERNAL,Sugarcane,sugarcane_large,sugarcane_large,D:\CropDiseaseProject\sugarcane_large\Diseases\Yellow Leaf\Yellow Leaf013.jpg,Yellow Leaf Disease,10,Mosaic / Viral Disease,4,False,0.6608720421791077,0.2075346857309341,Yellow Leaf Disease,0.2075346857309341,Banded Chlorosis,0.0623514801263809,HIGH,MISCLASSIFICATION
TRACK_A_INTERNAL,Sugarcane,sugarcane_large,sugarcane_large,D:\CropDiseaseProject\sugarcane_large\Diseases\Yellow Leaf\Yellow Leaf775.jpg,Yellow Leaf Disease,10,Yellow Leaf Disease,10,True,0.5325470566749573,0.5325470566749573,Brown Spot,0.1694595962762832,Rust (Brown Rust),0.1419761180877685,HIGH,CORRECT
TRACK_A_INTERNAL,Sugarcane,sugarcane_large,sugarcane_large,D:\CropDiseaseProject\sugarcane_large\Diseases\Yellow Leaf\Yellow Leaf048.jpg,Yellow Leaf Disease,10,Yellow Leaf Disease,10,True,0.900134801864624,0.900134801864624,Brown Spot,0.0735214278101921,Banded Chlorosis,0.0191278085112571,HIGH,CORRECT
TRACK_A_INTERNAL,Sugarcane,sugarcane_large,sugarcane_large,D:\CropDiseaseProject\sugarcane_large\Diseases\Yellow Leaf\Yellow Leaf1170.jpg,Yellow Leaf Disease,10,Yellow Leaf Disease,10,True,0.924222767353058,0.924222767353058,Sett Rot,0.0429257862269878,Healthy Leaves,0.0148186134174466,HIGH,CORRECT
TRACK_A_INTERNAL,Sugarcane,sugarcane_large,sugarcane_large,D:\CropDiseaseProject\sugarcane_large\Diseases\Yellow Leaf\Yellow Leaf796.jpg,Yellow Leaf Disease,10,Yellow Leaf Disease,10,True,0.9939661622047424,0.9939661622047424,Brown Spot,0.0045959032140672,Smut,0.0007732007070444,HIGH,CORRECT
TRACK_A_INTERNAL,Sugarcane,sugarcane_large,sugarcane_large,D:\CropDiseaseProject\sugarcane_large\Diseases\Yellow Leaf\Yellow Leaf1129.jpg,Yellow Leaf Disease,10,Brown Spot,1,False,0.5612416863441467,0.0373674370348453,Red Rot,0.382080078125,Yellow Leaf Disease,0.0373674370348453,HIGH,MISCLASSIFICATION
TRACK_A_INTERNAL,Sugarcane,sugarcane_large,sugarcane_large,D:\CropDiseaseProject\sugarcane_large\Diseases\Yellow Leaf\Yellow Leaf607.jpg,Yellow Leaf Disease,10,Yellow Leaf Disease,10,True,0.9671363234519958,0.9671363234519958,Banded Chlorosis,0.0236300081014633,Brown Spot,0.0045123547315597,HIGH,CORRECT
TRACK_A_INTERNAL,Sugarcane,sugarcane_large,sugarcane_large,D:\CropDiseaseProject\sugarcane_large\Diseases\Yellow Leaf\Yellow Leaf1000.jpg,Yellow Leaf Disease,10,Mosaic / Viral Disease,4,False,0.4231038689613342,0.3966977298259735,Yellow Leaf Disease,0.3966977298259735,Rust (Brown Rust),0.0713698267936706,HIGH,MISCLASSIFICATION
TRACK_A_INTERNAL,Sugarcane,sugarcane_large,sugarcane_large,D:\CropDiseaseProject\sugarcane_large\Diseases\Yellow Leaf\Yellow Leaf176.jpg,Yellow Leaf Disease,10,Yellow Leaf Disease,10,True,0.5342827439308167,0.5342827439308167,Brown Spot,0.4624914526939392,Smut,0.0012499706353992,HIGH,CORRECT
TRACK_A_INTERNAL,Sugarcane,sugarcane_large,sugarcane_large,D:\CropDiseaseProject\sugarcane_large\Diseases\Yellow Leaf\Yellow Leaf861.jpg,Yellow Leaf Disease,10,Yellow Leaf Disease,10,True,0.963707149028778,0.963707149028778,Banded Chlorosis,0.0146555975079536,Mosaic / Viral Disease,0.0114670833572745,HIGH,CORRECT
TRACK_A_INTERNAL,Sugarcane,sugarcane_large,sugarcane_large,D:\CropDiseaseProject\sugarcane_large\Diseases\Yellow Leaf\Yellow Leaf896.jpg,Yellow Leaf Disease,10,Yellow Leaf Disease,10,True,0.8953429460525513,0.8953429460525513,Rust (Brown Rust),0.0511082112789154,Banded Chlorosis,0.0248284302651882,HIGH,CORRECT
TRACK_A_INTERNAL,Sugarcane,sugarcane_large,sugarcane_large,D:\CropDiseaseProject\sugarcane_large\Diseases\Yellow Leaf\Yellow Leaf910.jpg,Yellow Leaf Disease,10,Yellow Leaf Disease,10,True,0.954165518283844,0.954165518283844,Brown Spot,0.0246464796364307,Banded Chlorosis,0.0135965850204229,HIGH,CORRECT
TRACK_B_EXTERNAL,Chilli,external_chilli,Ulfa-Chili-Dataset,D:\CropDiseaseProject\results\model_robustness_audit\audit_images\track_b_external\chilli\cerocospora\ulfa_Spot_Leaf_-___1_.jpeg,cerocospora,0,nutritional deficiency,3,False,0.8507816791534424,0.13285528123378754,cerocospora,0.13285528123378754,powdery mildew,0.008734498172998428,HIGH,MISCLASSIFICATION
TRACK_B_EXTERNAL,Chilli,external_chilli,Ulfa-Chili-Dataset,D:\CropDiseaseProject\results\model_robustness_audit\audit_images\track_b_external\chilli\cerocospora\ulfa_Spot_Leaf_-___1_.jpg,cerocospora,0,cerocospora,0,True,0.6638603210449219,0.6638603210449219,healthy,0.26566824316978455,nutritional deficiency,0.05870962142944336,HIGH,CORRECT
TRACK_B_EXTERNAL,Chilli,external_chilli,Ulfa-Chili-Dataset,D:\CropDiseaseProject\results\model_robustness_audit\audit_images\track_b_external\chilli\cerocospora\ulfa_Spot_Leaf_-___10_.jpg,cerocospora,0,cerocospora,0,True,0.802143931388855,0.802143931388855,healthy,0.14906804263591766,nutritional deficiency,0.026165369898080826,HIGH,CORRECT
TRACK_B_EXTERNAL,Chilli,external_chilli,Ulfa-Chili-Dataset,D:\CropDiseaseProject\results\model_robustness_audit\audit_images\track_b_external\chilli\cerocospora\ulfa_Spot_Leaf_-___100_.jpg,cerocospora,0,healthy,1,False,0.7360292077064514,0.17594575881958008,cerocospora,0.17594575881958008,nutritional deficiency,0.07651607692241669,HIGH,MISCLASSIFICATION
TRACK_B_EXTERNAL,Chilli,external_chilli,Ulfa-Chili-Dataset,D:\CropDiseaseProject\results\model_robustness_audit\audit_images\track_b_external\chilli\cerocospora\ulfa_Spot_Leaf_-___101_.jpg,cerocospora,0,cerocospora,0,True,0.4806812107563019,0.4806812107563019,healthy,0.2787991166114807,nutritional deficiency,0.20019404590129852,HIGH,CORRECT
TRACK_B_EXTERNAL,Chilli,external_chilli,Ulfa-Chili-Dataset,D:\CropDiseaseProject\results\model_robustness_audit\audit_images\track_b_external\chilli\cerocospora\ulfa_Spot_Leaf_-___102_.jpg,cerocospora,0,healthy,1,False,0.7654622793197632,0.1514296978712082,cerocospora,0.1514296978712082,nutritional deficiency,0.06426583975553513,HIGH,MISCLASSIFICATION
TRACK_B_EXTERNAL,Chilli,external_chilli,Ulfa-Chili-Dataset,D:\CropDiseaseProject\results\model_robustness_audit\audit_images\track_b_external\chilli\cerocospora\ulfa_Spot_Leaf_-___104_.jpg,cerocospora,0,cerocospora,0,True,0.5318900346755981,0.5318900346755981,healthy,0.35591864585876465,nutritional deficiency,0.0934823602437973,HIGH,CORRECT
TRACK_B_EXTERNAL,Chilli,external_chilli,Ulfa-Chili-Dataset,D:\CropDiseaseProject\results\model_robustness_audit\audit_images\track_b_external\chilli\cerocospora\ulfa_Spot_Leaf_-___105_.jpg,cerocospora,0,cerocospora,0,True,0.5545947551727295,0.5545947551727295,healthy,0.29544055461883545,nutritional deficiency,0.12203291803598404,HIGH,CORRECT
TRACK_B_EXTERNAL,Chilli,external_chilli,Ulfa-Chili-Dataset,D:\CropDiseaseProject\results\model_robustness_audit\audit_images\track_b_external\chilli\cerocospora\ulfa_Spot_Leaf_-___106_.jpg,cerocospora,0,cerocospora,0,True,0.5343969464302063,0.5343969464302063,healthy,0.2707831859588623,nutritional deficiency,0.17471301555633545,HIGH,CORRECT
TRACK_B_EXTERNAL,Chilli,external_chilli,Ulfa-Chili-Dataset,D:\CropDiseaseProject\results\model_robustness_audit\audit_images\track_b_external\chilli\cerocospora\ulfa_Spot_Leaf_-___108_.jpg,cerocospora,0,healthy,1,False,0.5686233639717102,0.30307430028915405,cerocospora,0.30307430028915405,nutritional deficiency,0.12257573753595352,HIGH,MISCLASSIFICATION
TRACK_B_EXTERNAL,Chilli,external_chilli,Ulfa-Chili-Dataset,D:\CropDiseaseProject\results\model_robustness_audit\audit_images\track_b_external\chilli\cerocospora\ulfa_Spot_Leaf_-___109_.jpg,cerocospora,0,cerocospora,0,True,0.5646620988845825,0.5646620988845825,healthy,0.30345413088798523,nutritional deficiency,0.12630246579647064,HIGH,CORRECT
TRACK_B_EXTERNAL,Chilli,external_chilli,Ulfa-Chili-Dataset,D:\CropDiseaseProject\results\model_robustness_audit\audit_images\track_b_external\chilli\cerocospora\ulfa_Spot_Leaf_-___11_.jpg,cerocospora,0,cerocospora,0,True,0.5008214116096497,0.5008214116096497,healthy,0.2636849880218506,nutritional deficiency,0.17405195534229279,HIGH,CORRECT
TRACK_B_EXTERNAL,Chilli,external_chilli,Ulfa-Chili-Dataset,D:\CropDiseaseProject\results\model_robustness_audit\audit_images\track_b_external\chilli\cerocospora\ulfa_Spot_Leaf_-___110_.jpg,cerocospora,0,healthy,1,False,0.461757093667984,0.3322828412055969,cerocospora,0.3322828412055969,nutritional deficiency,0.17500455677509308,HIGH,MISCLASSIFICATION
TRACK_B_EXTERNAL,Chilli,external_chilli,Ulfa-Chili-Dataset,D:\CropDiseaseProject\results\model_robustness_audit\audit_images\track_b_external\chilli\cerocospora\ulfa_Spot_Leaf_-___111_.jpg,cerocospora,0,cerocospora,0,True,0.40487438440322876,0.40487438440322876,nutritional deficiency,0.3414022624492645,healthy,0.23322778940200806,HIGH,CORRECT
TRACK_B_EXTERNAL,Chilli,external_chilli,Ulfa-Chili-Dataset,D:\CropDiseaseProject\results\model_robustness_audit\audit_images\track_b_external\chilli\cerocospora\ulfa_Spot_Leaf_-___112_.jpg,cerocospora,0,cerocospora,0,True,0.6270304918289185,0.6270304918289185,healthy,0.2864212095737457,nutritional deficiency,0.08245740830898285,HIGH,CORRECT
TRACK_B_EXTERNAL,Chilli,external_chilli,Ulfa-Chili-Dataset,D:\CropDiseaseProject\results\model_robustness_audit\audit_images\track_b_external\chilli\cerocospora\ulfa_Spot_Leaf_-___113_.jpg,cerocospora,0,healthy,1,False,0.5970146656036377,0.2261810451745987,cerocospora,0.2261810451745987,nutritional deficiency,0.13699938356876373,HIGH,MISCLASSIFICATION
TRACK_B_EXTERNAL,Chilli,external_chilli,Ulfa-Chili-Dataset,D:\CropDiseaseProject\results\model_robustness_audit\audit_images\track_b_external\chilli\cerocospora\ulfa_Spot_Leaf_-___114_.jpg,cerocospora,0,cerocospora,0,True,0.5147241353988647,0.5147241353988647,nutritional deficiency,0.24019233882427216,healthy,0.23710335791110992,HIGH,CORRECT
TRACK_B_EXTERNAL,Chilli,external_chilli,Ulfa-Chili-Dataset,D:\CropDiseaseProject\results\model_robustness_audit\audit_images\track_b_external\chilli\cerocospora\ulfa_Spot_Leaf_-___115_.jpg,cerocospora,0,nutritional deficiency,3,False,0.6460085511207581,0.1456209421157837,healthy,0.15794752538204193,cerocospora,0.1456209421157837,HIGH,MISCLASSIFICATION
TRACK_B_EXTERNAL,Chilli,external_chilli,Ulfa-Chili-Dataset,D:\CropDiseaseProject\results\model_robustness_audit\audit_images\track_b_external\chilli\cerocospora\ulfa_Spot_Leaf_-___116_.jpg,cerocospora,0,healthy,1,False,0.48749232292175293,0.3595951199531555,cerocospora,0.3595951199531555,murda complex,0.08448087424039841,HIGH,MISCLASSIFICATION
TRACK_B_EXTERNAL,Chilli,external_chilli,Ulfa-Chili-Dataset,D:\CropDiseaseProject\results\model_robustness_audit\audit_images\track_b_external\chilli\cerocospora\ulfa_Spot_Leaf_-___117_.jpg,cerocospora,0,healthy,1,False,0.50015789270401,0.24674789607524872,cerocospora,0.24674789607524872,nutritional deficiency,0.22353193163871765,HIGH,MISCLASSIFICATION
TRACK_B_EXTERNAL,Chilli,external_chilli,Ulfa-Chili-Dataset,D:\CropDiseaseProject\results\model_robustness_audit\audit_images\track_b_external\chilli\cerocospora\ulfa_Spot_Leaf_-___119_.jpg,cerocospora,0,cerocospora,0,True,0.5065988898277283,0.5065988898277283,healthy,0.3058892786502838,nutritional deficiency,0.16818761825561523,HIGH,CORRECT
TRACK_B_EXTERNAL,Chilli,external_chilli,Ulfa-Chili-Dataset,D:\CropDiseaseProject\results\model_robustness_audit\audit_images\track_b_external\chilli\cerocospora\ulfa_Spot_Leaf_-___12_.jpg,cerocospora,0,nutritional deficiency,3,False,0.7349212169647217,0.18146340548992157,cerocospora,0.18146340548992157,healthy,0.07133299112319946,HIGH,MISCLASSIFICATION
TRACK_B_EXTERNAL,Chilli,external_chilli,Ulfa-Chili-Dataset,D:\CropDiseaseProject\results\model_robustness_audit\audit_images\track_b_external\chilli\cerocospora\ulfa_Spot_Leaf_-___120_.jpg,cerocospora,0,cerocospora,0,True,0.6141003966331482,0.6141003966331482,healthy,0.29196617007255554,nutritional deficiency,0.08043934404850006,HIGH,CORRECT
TRACK_B_EXTERNAL,Chilli,external_chilli,Ulfa-Chili-Dataset,D:\CropDiseaseProject\results\model_robustness_audit\audit_images\track_b_external\chilli\cerocospora\ulfa_Spot_Leaf_-___121_.jpg,cerocospora,0,healthy,1,False,0.4455544054508209,0.3910970389842987,cerocospora,0.3910970389842987,nutritional deficiency,0.12709307670593262,HIGH,MISCLASSIFICATION
TRACK_B_EXTERNAL,Chilli,external_chilli,Ulfa-Chili-Dataset,D:\CropDiseaseProject\results\model_robustness_audit\audit_images\track_b_external\chilli\cerocospora\ulfa_Spot_Leaf_-___123_.jpg,cerocospora,0,nutritional deficiency,3,False,0.36821022629737854,0.16219940781593323,murda complex,0.35177478194236755,cerocospora,0.16219940781593323,HIGH,MISCLASSIFICATION
TRACK_B_EXTERNAL,Chilli,external_chilli,Ulfa-Chili-Dataset,D:\CropDiseaseProject\results\model_robustness_audit\audit_images\track_b_external\chilli\cerocospora\ulfa_Spot_Leaf_-___125_.jpg,cerocospora,0,cerocospora,0,True,0.7175170183181763,0.7175170183181763,healthy,0.24109451472759247,nutritional deficiency,0.03153557330369949,HIGH,CORRECT
TRACK_B_EXTERNAL,Chilli,external_chilli,Ulfa-Chili-Dataset,D:\CropDiseaseProject\results\model_robustness_audit\audit_images\track_b_external\chilli\cerocospora\ulfa_Spot_Leaf_-___126_.jpg,cerocospora,0,cerocospora,0,True,0.8521106243133545,0.8521106243133545,healthy,0.0778936892747879,nutritional deficiency,0.06371965259313583,HIGH,CORRECT
TRACK_B_EXTERNAL,Chilli,external_chilli,Ulfa-Chili-Dataset,D:\CropDiseaseProject\results\model_robustness_audit\audit_images\track_b_external\chilli\cerocospora\ulfa_Spot_Leaf_-___127_.jpg,cerocospora,0,cerocospora,0,True,0.7129477262496948,0.7129477262496948,healthy,0.16222935914993286,nutritional deficiency,0.10749771445989609,HIGH,CORRECT
TRACK_B_EXTERNAL,Chilli,external_chilli,Ulfa-Chili-Dataset,D:\CropDiseaseProject\results\model_robustness_audit\audit_images\track_b_external\chilli\cerocospora\ulfa_Spot_Leaf_-___128_.jpg,cerocospora,0,cerocospora,0,True,0.7491575479507446,0.7491575479507446,healthy,0.20742154121398926,nutritional deficiency,0.033373769372701645,HIGH,CORRECT
TRACK_B_EXTERNAL,Chilli,external_chilli,Ulfa-Chili-Dataset,D:\CropDiseaseProject\results\model_robustness_audit\audit_images\track_b_external\chilli\cerocospora\ulfa_Spot_Leaf_-___129_.jpg,cerocospora,0,healthy,1,False,0.5188151001930237,0.3212650716304779,cerocospora,0.3212650716304779,nutritional deficiency,0.1564580649137497,HIGH,MISCLASSIFICATION
TRACK_B_EXTERNAL,Chilli,external_chilli,Ulfa-Chili-Dataset,D:\CropDiseaseProject\results\model_robustness_audit\audit_images\track_b_external\chilli\healthy\ulfa_01.jpg,healthy,1,healthy,1,True,0.7576258182525635,0.7576258182525635,cerocospora,0.15675872564315796,nutritional deficiency,0.07946379482746124,HIGH,CORRECT
TRACK_B_EXTERNAL,Chilli,external_chilli,Ulfa-Chili-Dataset,D:\CropDiseaseProject\results\model_robustness_audit\audit_images\track_b_external\chilli\healthy\ulfa_02.jpg,healthy,1,healthy,1,True,0.8196874260902405,0.8196874260902405,cerocospora,0.10360891371965408,nutritional deficiency,0.04625526815652847,HIGH,CORRECT
TRACK_B_EXTERNAL,Chilli,external_chilli,Ulfa-Chili-Dataset,D:\CropDiseaseProject\results\model_robustness_audit\audit_images\track_b_external\chilli\healthy\ulfa_03.jpg,healthy,1,healthy,1,True,0.49121665954589844,0.49121665954589844,nutritional deficiency,0.3155162036418915,cerocospora,0.14427229762077332,HIGH,CORRECT
TRACK_B_EXTERNAL,Chilli,external_chilli,Ulfa-Chili-Dataset,D:\CropDiseaseProject\results\model_robustness_audit\audit_images\track_b_external\chilli\healthy\ulfa_04.jpg,healthy,1,healthy,1,True,0.44888219237327576,0.44888219237327576,nutritional deficiency,0.3338782787322998,cerocospora,0.19272993505001068,HIGH,CORRECT
TRACK_B_EXTERNAL,Chilli,external_chilli,Ulfa-Chili-Dataset,D:\CropDiseaseProject\results\model_robustness_audit\audit_images\track_b_external\chilli\healthy\ulfa_05.jpg,healthy,1,healthy,1,True,0.669982373714447,0.669982373714447,nutritional deficiency,0.222349613904953,cerocospora,0.08594322204589844,HIGH,CORRECT
TRACK_B_EXTERNAL,Chilli,external_chilli,Ulfa-Chili-Dataset,D:\CropDiseaseProject\results\model_robustness_audit\audit_images\track_b_external\chilli\healthy\ulfa_06.jpg,healthy,1,cerocospora,0,False,0.4539843201637268,0.31480488181114197,healthy,0.31480488181114197,nutritional deficiency,0.21843740344047546,HIGH,MISCLASSIFICATION
TRACK_B_EXTERNAL,Chilli,external_chilli,Ulfa-Chili-Dataset,D:\CropDiseaseProject\results\model_robustness_audit\audit_images\track_b_external\chilli\healthy\ulfa_07.jpg,healthy,1,nutritional deficiency,3,False,0.5838266611099243,0.3112833499908447,healthy,0.3112833499908447,cerocospora,0.09411701560020447,HIGH,MISCLASSIFICATION
TRACK_B_EXTERNAL,Chilli,external_chilli,Ulfa-Chili-Dataset,D:\CropDiseaseProject\results\model_robustness_audit\audit_images\track_b_external\chilli\healthy\ulfa_08.jpg,healthy,1,healthy,1,True,0.5979236364364624,0.5979236364364624,cerocospora,0.3639456331729889,nutritional deficiency,0.031141595914959908,HIGH,CORRECT
TRACK_B_EXTERNAL,Chilli,external_chilli,Ulfa-Chili-Dataset,D:\CropDiseaseProject\results\model_robustness_audit\audit_images\track_b_external\chilli\healthy\ulfa_09.jpg,healthy,1,healthy,1,True,0.7556272745132446,0.7556272745132446,murda complex,0.18526113033294678,cerocospora,0.042245589196681976,HIGH,CORRECT
TRACK_B_EXTERNAL,Chilli,external_chilli,Ulfa-Chili-Dataset,D:\CropDiseaseProject\results\model_robustness_audit\audit_images\track_b_external\chilli\healthy\ulfa_10.jpg,healthy,1,healthy,1,True,0.5212182998657227,0.5212182998657227,cerocospora,0.2866186499595642,nutritional deficiency,0.14619220793247223,HIGH,CORRECT
TRACK_B_EXTERNAL,Chilli,external_chilli,Ulfa-Chili-Dataset,D:\CropDiseaseProject\results\model_robustness_audit\audit_images\track_b_external\chilli\healthy\ulfa_100.jpg,healthy,1,healthy,1,True,0.611132025718689,0.611132025718689,nutritional deficiency,0.23689691722393036,cerocospora,0.13203978538513184,HIGH,CORRECT
TRACK_B_EXTERNAL,Chilli,external_chilli,Ulfa-Chili-Dataset,D:\CropDiseaseProject\results\model_robustness_audit\audit_images\track_b_external\chilli\healthy\ulfa_1000.jpg,healthy,1,healthy,1,True,0.6314579248428345,0.6314579248428345,cerocospora,0.20309534668922424,nutritional deficiency,0.12500891089439392,HIGH,CORRECT
TRACK_B_EXTERNAL,Chilli,external_chilli,Ulfa-Chili-Dataset,D:\CropDiseaseProject\results\model_robustness_audit\audit_images\track_b_external\chilli\healthy\ulfa_101.jpg,healthy,1,healthy,1,True,0.5487170815467834,0.5487170815467834,cerocospora,0.2901979386806488,nutritional deficiency,0.11641550064086914,HIGH,CORRECT
TRACK_B_EXTERNAL,Chilli,external_chilli,Ulfa-Chili-Dataset,D:\CropDiseaseProject\results\model_robustness_audit\audit_images\track_b_external\chilli\healthy\ulfa_102.jpg,healthy,1,healthy,1,True,0.645926833152771,0.645926833152771,cerocospora,0.2402183562517166,murda complex,0.07653997838497162,HIGH,CORRECT
TRACK_B_EXTERNAL,Chilli,external_chilli,Ulfa-Chili-Dataset,D:\CropDiseaseProject\results\model_robustness_audit\audit_images\track_b_external\chilli\healthy\ulfa_103.jpg,healthy,1,nutritional deficiency,3,False,0.43075433373451233,0.29331174492836,healthy,0.29331174492836,cerocospora,0.24960146844387054,HIGH,MISCLASSIFICATION
TRACK_B_EXTERNAL,Chilli,external_chilli,Ulfa-Chili-Dataset,D:\CropDiseaseProject\results\model_robustness_audit\audit_images\track_b_external\chilli\healthy\ulfa_104.jpg,healthy,1,healthy,1,True,0.7630719542503357,0.7630719542503357,cerocospora,0.1222037747502327,murda complex,0.0574207566678524,HIGH,CORRECT
TRACK_B_EXTERNAL,Chilli,external_chilli,Ulfa-Chili-Dataset,D:\CropDiseaseProject\results\model_robustness_audit\audit_images\track_b_external\chilli\healthy\ulfa_105.jpg,healthy,1,healthy,1,True,0.9235342741012573,0.9235342741012573,cerocospora,0.030752448365092278,murda complex,0.028921930119395256,HIGH,CORRECT
TRACK_B_EXTERNAL,Chilli,external_chilli,Ulfa-Chili-Dataset,D:\CropDiseaseProject\results\model_robustness_audit\audit_images\track_b_external\chilli\healthy\ulfa_106.jpg,healthy,1,healthy,1,True,0.38077664375305176,0.38077664375305176,cerocospora,0.2482118457555771,nutritional deficiency,0.2126929759979248,HIGH,CORRECT
TRACK_B_EXTERNAL,Chilli,external_chilli,Ulfa-Chili-Dataset,D:\CropDiseaseProject\results\model_robustness_audit\audit_images\track_b_external\chilli\healthy\ulfa_107.jpg,healthy,1,cerocospora,0,False,0.5095818638801575,0.30481794476509094,healthy,0.30481794476509094,nutritional deficiency,0.13861249387264252,HIGH,MISCLASSIFICATION
TRACK_B_EXTERNAL,Chilli,external_chilli,Ulfa-Chili-Dataset,D:\CropDiseaseProject\results\model_robustness_audit\audit_images\track_b_external\chilli\healthy\ulfa_108.jpg,healthy,1,healthy,1,True,0.781936764717102,0.781936764717102,cerocospora,0.09982850402593613,nutritional deficiency,0.060279037803411484,HIGH,CORRECT
TRACK_B_EXTERNAL,Chilli,external_chilli,Ulfa-Chili-Dataset,D:\CropDiseaseProject\results\model_robustness_audit\audit_images\track_b_external\chilli\healthy\ulfa_109.jpg,healthy,1,healthy,1,True,0.6154565215110779,0.6154565215110779,nutritional deficiency,0.193057581782341,cerocospora,0.1348460614681244,HIGH,CORRECT
TRACK_B_EXTERNAL,Chilli,external_chilli,Ulfa-Chili-Dataset,D:\CropDiseaseProject\results\model_robustness_audit\audit_images\track_b_external\chilli\healthy\ulfa_11.jpg,healthy,1,healthy,1,True,0.7422329187393188,0.7422329187393188,cerocospora,0.1549370437860489,murda complex,0.05000331252813339,HIGH,CORRECT
TRACK_B_EXTERNAL,Chilli,external_chilli,Ulfa-Chili-Dataset,D:\CropDiseaseProject\results\model_robustness_audit\audit_images\track_b_external\chilli\healthy\ulfa_110.jpg,healthy,1,healthy,1,True,0.5051704049110413,0.5051704049110413,nutritional deficiency,0.23948419094085693,cerocospora,0.2131626456975937,HIGH,CORRECT
TRACK_B_EXTERNAL,Chilli,external_chilli,Ulfa-Chili-Dataset,D:\CropDiseaseProject\results\model_robustness_audit\audit_images\track_b_external\chilli\healthy\ulfa_111.jpg,healthy,1,healthy,1,True,0.5056040287017822,0.5056040287017822,nutritional deficiency,0.2817386984825134,cerocospora,0.19141501188278198,HIGH,CORRECT
TRACK_B_EXTERNAL,Chilli,external_chilli,Ulfa-Chili-Dataset,D:\CropDiseaseProject\results\model_robustness_audit\audit_images\track_b_external\chilli\healthy\ulfa_112.jpg,healthy,1,healthy,1,True,0.8559525609016418,0.8559525609016418,murda complex,0.052719272673130035,cerocospora,0.04664590582251549,HIGH,CORRECT
TRACK_B_EXTERNAL,Chilli,external_chilli,Ulfa-Chili-Dataset,D:\CropDiseaseProject\results\model_robustness_audit\audit_images\track_b_external\chilli\healthy\ulfa_113.jpg,healthy,1,healthy,1,True,0.48789578676223755,0.48789578676223755,cerocospora,0.3367439806461334,nutritional deficiency,0.15356603264808655,HIGH,CORRECT
TRACK_B_EXTERNAL,Chilli,external_chilli,Ulfa-Chili-Dataset,D:\CropDiseaseProject\results\model_robustness_audit\audit_images\track_b_external\chilli\healthy\ulfa_114.jpg,healthy,1,healthy,1,True,0.6386535167694092,0.6386535167694092,cerocospora,0.23960146307945251,nutritional deficiency,0.09829413145780563,HIGH,CORRECT
TRACK_B_EXTERNAL,Chilli,external_chilli,Ulfa-Chili-Dataset,D:\CropDiseaseProject\results\model_robustness_audit\audit_images\track_b_external\chilli\healthy\ulfa_115.jpg,healthy,1,healthy,1,True,0.741321325302124,0.741321325302124,nutritional deficiency,0.15413670241832733,cerocospora,0.09466807544231415,HIGH,CORRECT
TRACK_B_EXTERNAL,Chilli,external_chilli,Ulfa-Chili-Dataset,D:\CropDiseaseProject\results\model_robustness_audit\audit_images\track_b_external\chilli\healthy\ulfa_116.jpg,healthy,1,healthy,1,True,0.8222472667694092,0.8222472667694092,cerocospora,0.10761325806379318,nutritional deficiency,0.038914456963539124,HIGH,CORRECT
TRACK_B_EXTERNAL,Chilli,external_chilli,Ulfa-Chili-Dataset,D:\CropDiseaseProject\results\model_robustness_audit\audit_images\track_b_external\chilli\healthy\ulfa_117.jpg,healthy,1,healthy,1,True,0.6809847950935364,0.6809847950935364,cerocospora,0.15268120169639587,nutritional deficiency,0.13284263014793396,HIGH,CORRECT
TRACK_B_EXTERNAL,Chilli,external_chilli,Ulfa-Chili-Dataset,D:\CropDiseaseProject\results\model_robustness_audit\audit_images\track_b_external\chilli\murda complex\ulfa_Leaf_Curl__1_.jpg,murda complex,2,cerocospora,0,False,0.389641672372818,0.03216182067990303,healthy,0.29997169971466064,nutritional deficiency,0.26823997497558594,HIGH,MISCLASSIFICATION
TRACK_B_EXTERNAL,Chilli,external_chilli,Ulfa-Chili-Dataset,D:\CropDiseaseProject\results\model_robustness_audit\audit_images\track_b_external\chilli\murda complex\ulfa_Leaf_Curl__1000_.jpg,murda complex,2,healthy,1,False,0.5748855471611023,0.029683252796530724,cerocospora,0.2746089994907379,nutritional deficiency,0.10687896609306335,HIGH,MISCLASSIFICATION
TRACK_B_EXTERNAL,Chilli,external_chilli,Ulfa-Chili-Dataset,D:\CropDiseaseProject\results\model_robustness_audit\audit_images\track_b_external\chilli\murda complex\ulfa_Leaf_Curl__1001_.jpg,murda complex,2,cerocospora,0,False,0.4916912019252777,0.01622690074145794,healthy,0.36273565888404846,nutritional deficiency,0.06519097089767456,HIGH,MISCLASSIFICATION
TRACK_B_EXTERNAL,Chilli,external_chilli,Ulfa-Chili-Dataset,D:\CropDiseaseProject\results\model_robustness_audit\audit_images\track_b_external\chilli\murda complex\ulfa_Leaf_Curl__1003_.jpg,murda complex,2,healthy,1,False,0.3965829014778137,0.017721744254231453,cerocospora,0.37090834975242615,nutritional deficiency,0.15063320100307465,HIGH,MISCLASSIFICATION
TRACK_B_EXTERNAL,Chilli,external_chilli,Ulfa-Chili-Dataset,D:\CropDiseaseProject\results\model_robustness_audit\audit_images\track_b_external\chilli\murda complex\ulfa_Leaf_Curl__1004_.jpg,murda complex,2,cerocospora,0,False,0.9310789704322815,0.0015974916750565171,nutritional deficiency,0.059562284499406815,healthy,0.0057852729223668575,HIGH,MISCLASSIFICATION
TRACK_B_EXTERNAL,Chilli,external_chilli,Ulfa-Chili-Dataset,D:\CropDiseaseProject\results\model_robustness_audit\audit_images\track_b_external\chilli\murda complex\ulfa_Leaf_Curl__1005_.jpg,murda complex,2,cerocospora,0,False,0.6551174521446228,0.004194675013422966,nutritional deficiency,0.2715880870819092,healthy,0.058969609439373016,HIGH,MISCLASSIFICATION
TRACK_B_EXTERNAL,Chilli,external_chilli,Ulfa-Chili-Dataset,D:\CropDiseaseProject\results\model_robustness_audit\audit_images\track_b_external\chilli\murda complex\ulfa_Leaf_Curl__1007_.jpg,murda complex,2,nutritional deficiency,3,False,0.7983828186988831,0.0028844859916716814,cerocospora,0.17160245776176453,healthy,0.021931130439043045,HIGH,MISCLASSIFICATION
TRACK_B_EXTERNAL,Chilli,external_chilli,Ulfa-Chili-Dataset,D:\CropDiseaseProject\results\model_robustness_audit\audit_images\track_b_external\chilli\murda complex\ulfa_Leaf_Curl__1008_.jpg,murda complex,2,cerocospora,0,False,0.6306869387626648,0.015980158001184464,healthy,0.2664758861064911,nutritional deficiency,0.07297142595052719,HIGH,MISCLASSIFICATION
TRACK_B_EXTERNAL,Chilli,external_chilli,Ulfa-Chili-Dataset,D:\CropDiseaseProject\results\model_robustness_audit\audit_images\track_b_external\chilli\murda complex\ulfa_Leaf_Curl__1009_.jpg,murda complex,2,cerocospora,0,False,0.5040229558944702,0.008119155652821064,healthy,0.36554834246635437,nutritional deficiency,0.10465339571237564,HIGH,MISCLASSIFICATION
TRACK_B_EXTERNAL,Chilli,external_chilli,Ulfa-Chili-Dataset,D:\CropDiseaseProject\results\model_robustness_audit\audit_images\track_b_external\chilli\murda complex\ulfa_Leaf_Curl__1010_.jpg,murda complex,2,healthy,1,False,0.46769455075263977,0.023804930970072746,cerocospora,0.3120031952857971,nutritional deficiency,0.15858127176761627,HIGH,MISCLASSIFICATION
TRACK_B_EXTERNAL,Chilli,external_chilli,Ulfa-Chili-Dataset,D:\CropDiseaseProject\results\model_robustness_audit\audit_images\track_b_external\chilli\murda complex\ulfa_Leaf_Curl__1011_.jpg,murda complex,2,nutritional deficiency,3,False,0.31567806005477905,0.09297357499599457,cerocospora,0.30952897667884827,healthy,0.2608567178249359,HIGH,MISCLASSIFICATION
TRACK_B_EXTERNAL,Chilli,external_chilli,Ulfa-Chili-Dataset,D:\CropDiseaseProject\results\model_robustness_audit\audit_images\track_b_external\chilli\murda complex\ulfa_Leaf_Curl__1012_.jpg,murda complex,2,cerocospora,0,False,0.5078310370445251,0.0367865264415741,nutritional deficiency,0.26307469606399536,healthy,0.16718682646751404,HIGH,MISCLASSIFICATION
TRACK_B_EXTERNAL,Chilli,external_chilli,Ulfa-Chili-Dataset,D:\CropDiseaseProject\results\model_robustness_audit\audit_images\track_b_external\chilli\murda complex\ulfa_Leaf_Curl__1013_.jpg,murda complex,2,cerocospora,0,False,0.45932117104530334,0.039815668016672134,healthy,0.26119425892829895,nutritional deficiency,0.22278834879398346,HIGH,MISCLASSIFICATION
TRACK_B_EXTERNAL,Chilli,external_chilli,Ulfa-Chili-Dataset,D:\CropDiseaseProject\results\model_robustness_audit\audit_images\track_b_external\chilli\murda complex\ulfa_Leaf_Curl__1014_.jpg,murda complex,2,cerocospora,0,False,0.5778692960739136,0.012528247199952602,nutritional deficiency,0.2877073884010315,healthy,0.07282231003046036,HIGH,MISCLASSIFICATION
TRACK_B_EXTERNAL,Chilli,external_chilli,Ulfa-Chili-Dataset,D:\CropDiseaseProject\results\model_robustness_audit\audit_images\track_b_external\chilli\murda complex\ulfa_Leaf_Curl__1015_.jpg,murda complex,2,healthy,1,False,0.3708849549293518,0.20280560851097107,cerocospora,0.24954867362976074,murda complex,0.20280560851097107,HIGH,MISCLASSIFICATION
TRACK_B_EXTERNAL,Chilli,external_chilli,Ulfa-Chili-Dataset,D:\CropDiseaseProject\results\model_robustness_audit\audit_images\track_b_external\chilli\murda complex\ulfa_Leaf_Curl__1016_.jpg,murda complex,2,healthy,1,False,0.5406944751739502,0.08553337305784225,nutritional deficiency,0.2633092999458313,cerocospora,0.10375060886144638,HIGH,MISCLASSIFICATION
TRACK_B_EXTERNAL,Chilli,external_chilli,Ulfa-Chili-Dataset,D:\CropDiseaseProject\results\model_robustness_audit\audit_images\track_b_external\chilli\murda complex\ulfa_Leaf_Curl__1017_.jpg,murda complex,2,nutritional deficiency,3,False,0.37209466099739075,0.09614194184541702,healthy,0.31117165088653564,cerocospora,0.1974036693572998,HIGH,MISCLASSIFICATION
TRACK_B_EXTERNAL,Chilli,external_chilli,Ulfa-Chili-Dataset,D:\CropDiseaseProject\results\model_robustness_audit\audit_images\track_b_external\chilli\murda complex\ulfa_Leaf_Curl__1019_.jpg,murda complex,2,cerocospora,0,False,0.44547414779663086,0.0943639725446701,powdery mildew,0.20103825628757477,nutritional deficiency,0.13192130625247955,HIGH,MISCLASSIFICATION
TRACK_B_EXTERNAL,Chilli,external_chilli,Ulfa-Chili-Dataset,D:\CropDiseaseProject\results\model_robustness_audit\audit_images\track_b_external\chilli\murda complex\ulfa_Leaf_Curl__1020_.jpg,murda complex,2,nutritional deficiency,3,False,0.49374285340309143,0.3488227128982544,murda complex,0.3488227128982544,cerocospora,0.10525598376989365,HIGH,MISCLASSIFICATION
TRACK_B_EXTERNAL,Chilli,external_chilli,Ulfa-Chili-Dataset,D:\CropDiseaseProject\results\model_robustness_audit\audit_images\track_b_external\chilli\murda complex\ulfa_Leaf_Curl__1021_.jpg,murda complex,2,cerocospora,0,False,0.48194292187690735,0.015735581517219543,nutritional deficiency,0.4131721258163452,healthy,0.08852162212133408,HIGH,MISCLASSIFICATION
TRACK_B_EXTERNAL,Chilli,external_chilli,Ulfa-Chili-Dataset,D:\CropDiseaseProject\results\model_robustness_audit\audit_images\track_b_external\chilli\murda complex\ulfa_Leaf_Curl__1022_.jpg,murda complex,2,cerocospora,0,False,0.4553273022174835,0.11015359312295914,healthy,0.2938603162765503,nutritional deficiency,0.13593241572380066,HIGH,MISCLASSIFICATION
TRACK_B_EXTERNAL,Chilli,external_chilli,Ulfa-Chili-Dataset,D:\CropDiseaseProject\results\model_robustness_audit\audit_images\track_b_external\chilli\murda complex\ulfa_Leaf_Curl__1023_.jpg,murda complex,2,cerocospora,0,False,0.4206826984882355,0.0775357186794281,healthy,0.2524015009403229,nutritional deficiency,0.24163053929805756,HIGH,MISCLASSIFICATION
TRACK_B_EXTERNAL,Chilli,external_chilli,Ulfa-Chili-Dataset,D:\CropDiseaseProject\results\model_robustness_audit\audit_images\track_b_external\chilli\murda complex\ulfa_Leaf_Curl__1024_.jpg,murda complex,2,healthy,1,False,0.3696644902229309,0.08132962137460709,nutritional deficiency,0.28264692425727844,cerocospora,0.25175297260284424,HIGH,MISCLASSIFICATION
TRACK_B_EXTERNAL,Chilli,external_chilli,Ulfa-Chili-Dataset,D:\CropDiseaseProject\results\model_robustness_audit\audit_images\track_b_external\chilli\murda complex\ulfa_Leaf_Curl__1025_.jpg,murda complex,2,cerocospora,0,False,0.35310789942741394,0.09042444080114365,healthy,0.34227532148361206,nutritional deficiency,0.1773931384086609,HIGH,MISCLASSIFICATION
TRACK_B_EXTERNAL,Chilli,external_chilli,Ulfa-Chili-Dataset,D:\CropDiseaseProject\results\model_robustness_audit\audit_images\track_b_external\chilli\murda complex\ulfa_Leaf_Curl__1026_.jpg,murda complex,2,healthy,1,False,0.4240952432155609,0.05150725319981575,cerocospora,0.4017675220966339,nutritional deficiency,0.11813388764858246,HIGH,MISCLASSIFICATION
TRACK_B_EXTERNAL,Chilli,external_chilli,Ulfa-Chili-Dataset,D:\CropDiseaseProject\results\model_robustness_audit\audit_images\track_b_external\chilli\murda complex\ulfa_Leaf_Curl__1027_.jpg,murda complex,2,cerocospora,0,False,0.385968416929245,0.04457220062613487,healthy,0.38362622261047363,nutritional deficiency,0.17568545043468475,HIGH,MISCLASSIFICATION
TRACK_B_EXTERNAL,Chilli,external_chilli,Ulfa-Chili-Dataset,D:\CropDiseaseProject\results\model_robustness_audit\audit_images\track_b_external\chilli\murda complex\ulfa_Leaf_Curl__1028_.jpg,murda complex,2,cerocospora,0,False,0.5763868093490601,0.02981608547270298,healthy,0.20355921983718872,powdery mildew,0.10023346543312073,HIGH,MISCLASSIFICATION
TRACK_B_EXTERNAL,Chilli,external_chilli,Ulfa-Chili-Dataset,D:\CropDiseaseProject\results\model_robustness_audit\audit_images\track_b_external\chilli\murda complex\ulfa_Leaf_Curl__1029_.jpg,murda complex,2,healthy,1,False,0.6104369163513184,0.031619422137737274,cerocospora,0.294596791267395,nutritional deficiency,0.05852661281824112,HIGH,MISCLASSIFICATION
TRACK_B_EXTERNAL,Chilli,external_chilli,Ulfa-Chili-Dataset,D:\CropDiseaseProject\results\model_robustness_audit\audit_images\track_b_external\chilli\murda complex\ulfa_Leaf_Curl__1031_.jpg,murda complex,2,healthy,1,False,0.37124621868133545,0.12021972239017487,nutritional deficiency,0.2920796573162079,cerocospora,0.20277637243270874,HIGH,MISCLASSIFICATION
TRACK_B_EXTERNAL,Chilli,external_chilli,Ulfa-Chili-Dataset,D:\CropDiseaseProject\results\model_robustness_audit\audit_images\track_b_external\chilli\murda complex\ulfa_Leaf_Curl__1032_.jpg,murda complex,2,nutritional deficiency,3,False,0.34202849864959717,0.24862927198410034,healthy,0.25012093782424927,murda complex,0.24862927198410034,HIGH,MISCLASSIFICATION
TRACK_B_EXTERNAL,Chilli,external_chilli,Ulfa-Chili-Dataset,D:\CropDiseaseProject\results\model_robustness_audit\audit_images\track_b_external\chilli\nutritional deficiency\ulfa_Daun_kuning_-__1_.jpg,nutritional deficiency,3,cerocospora,0,False,0.5604365468025208,0.09047181159257889,murda complex,0.24618782103061676,nutritional deficiency,0.09047181159257889,HIGH,MISCLASSIFICATION
TRACK_B_EXTERNAL,Chilli,external_chilli,Ulfa-Chili-Dataset,D:\CropDiseaseProject\results\model_robustness_audit\audit_images\track_b_external\chilli\nutritional deficiency\ulfa_Daun_kuning_-__1_.png,nutritional deficiency,3,murda complex,2,False,0.4673064649105072,0.2584984302520752,nutritional deficiency,0.2584984302520752,cerocospora,0.16694940626621246,HIGH,MISCLASSIFICATION
TRACK_B_EXTERNAL,Chilli,external_chilli,Ulfa-Chili-Dataset,D:\CropDiseaseProject\results\model_robustness_audit\audit_images\track_b_external\chilli\nutritional deficiency\ulfa_Daun_kuning_-__10_.jpg,nutritional deficiency,3,powdery mildew,4,False,0.8100114464759827,0.006391845643520355,healthy,0.1778794527053833,nutritional deficiency,0.006391845643520355,HIGH,MISCLASSIFICATION
TRACK_B_EXTERNAL,Chilli,external_chilli,Ulfa-Chili-Dataset,D:\CropDiseaseProject\results\model_robustness_audit\audit_images\track_b_external\chilli\nutritional deficiency\ulfa_Daun_kuning_-__10_.png,nutritional deficiency,3,healthy,1,False,0.3726254403591156,0.18732604384422302,cerocospora,0.3021372854709625,nutritional deficiency,0.18732604384422302,HIGH,MISCLASSIFICATION
TRACK_B_EXTERNAL,Chilli,external_chilli,Ulfa-Chili-Dataset,D:\CropDiseaseProject\results\model_robustness_audit\audit_images\track_b_external\chilli\nutritional deficiency\ulfa_Daun_kuning_-__100_.jpg,nutritional deficiency,3,nutritional deficiency,3,True,0.7848913669586182,0.7848913669586182,cerocospora,0.20988142490386963,healthy,0.0029367785900831223,HIGH,CORRECT
TRACK_B_EXTERNAL,Chilli,external_chilli,Ulfa-Chili-Dataset,D:\CropDiseaseProject\results\model_robustness_audit\audit_images\track_b_external\chilli\nutritional deficiency\ulfa_Daun_kuning_-__101_.jpg,nutritional deficiency,3,nutritional deficiency,3,True,0.9878091812133789,0.9878091812133789,cerocospora,0.010533967986702919,healthy,0.0008563899318687618,HIGH,CORRECT
TRACK_B_EXTERNAL,Chilli,external_chilli,Ulfa-Chili-Dataset,D:\CropDiseaseProject\results\model_robustness_audit\audit_images\track_b_external\chilli\nutritional deficiency\ulfa_Daun_kuning_-__103_.jpg,nutritional deficiency,3,nutritional deficiency,3,True,0.9814630746841431,0.9814630746841431,cerocospora,0.014739533886313438,healthy,0.002615636447444558,HIGH,CORRECT
TRACK_B_EXTERNAL,Chilli,external_chilli,Ulfa-Chili-Dataset,D:\CropDiseaseProject\results\model_robustness_audit\audit_images\track_b_external\chilli\nutritional deficiency\ulfa_Daun_kuning_-__105_.jpg,nutritional deficiency,3,nutritional deficiency,3,True,0.7684846520423889,0.7684846520423889,powdery mildew,0.10799969732761383,healthy,0.06897422671318054,HIGH,CORRECT
TRACK_B_EXTERNAL,Chilli,external_chilli,Ulfa-Chili-Dataset,D:\CropDiseaseProject\results\model_robustness_audit\audit_images\track_b_external\chilli\nutritional deficiency\ulfa_Daun_kuning_-__106_.jpg,nutritional deficiency,3,nutritional deficiency,3,True,0.6173576712608337,0.6173576712608337,powdery mildew,0.20873719453811646,healthy,0.14220169186592102,HIGH,CORRECT
TRACK_B_EXTERNAL,Chilli,external_chilli,Ulfa-Chili-Dataset,D:\CropDiseaseProject\results\model_robustness_audit\audit_images\track_b_external\chilli\nutritional deficiency\ulfa_Daun_kuning_-__107_.jpg,nutritional deficiency,3,cerocospora,0,False,0.652229905128479,0.24494314193725586,nutritional deficiency,0.24494314193725586,healthy,0.07884403318166733,HIGH,MISCLASSIFICATION
TRACK_B_EXTERNAL,Chilli,external_chilli,Ulfa-Chili-Dataset,D:\CropDiseaseProject\results\model_robustness_audit\audit_images\track_b_external\chilli\nutritional deficiency\ulfa_Daun_kuning_-__108_.jpg,nutritional deficiency,3,nutritional deficiency,3,True,0.7428713440895081,0.7428713440895081,cerocospora,0.14985103905200958,healthy,0.07434745132923126,HIGH,CORRECT
TRACK_B_EXTERNAL,Chilli,external_chilli,Ulfa-Chili-Dataset,D:\CropDiseaseProject\results\model_robustness_audit\audit_images\track_b_external\chilli\nutritional deficiency\ulfa_Daun_kuning_-__109_.jpg,nutritional deficiency,3,nutritional deficiency,3,True,0.8701544404029846,0.8701544404029846,cerocospora,0.11137380450963974,murda complex,0.01364410575479269,HIGH,CORRECT
TRACK_B_EXTERNAL,Chilli,external_chilli,Ulfa-Chili-Dataset,D:\CropDiseaseProject\results\model_robustness_audit\audit_images\track_b_external\chilli\nutritional deficiency\ulfa_Daun_kuning_-__11_.jpg,nutritional deficiency,3,nutritional deficiency,3,True,0.4576563835144043,0.4576563835144043,healthy,0.4001685678958893,cerocospora,0.1152903214097023,HIGH,CORRECT
TRACK_B_EXTERNAL,Chilli,external_chilli,Ulfa-Chili-Dataset,D:\CropDiseaseProject\results\model_robustness_audit\audit_images\track_b_external\chilli\nutritional deficiency\ulfa_Daun_kuning_-__11_.png,nutritional deficiency,3,nutritional deficiency,3,True,0.6805511713027954,0.6805511713027954,cerocospora,0.15207387506961823,healthy,0.11130973696708679,HIGH,CORRECT
TRACK_B_EXTERNAL,Chilli,external_chilli,Ulfa-Chili-Dataset,D:\CropDiseaseProject\results\model_robustness_audit\audit_images\track_b_external\chilli\nutritional deficiency\ulfa_Daun_kuning_-__110_.jpg,nutritional deficiency,3,nutritional deficiency,3,True,0.8785237669944763,0.8785237669944763,cerocospora,0.11483929306268692,murda complex,0.005283566191792488,HIGH,CORRECT
TRACK_B_EXTERNAL,Chilli,external_chilli,Ulfa-Chili-Dataset,D:\CropDiseaseProject\results\model_robustness_audit\audit_images\track_b_external\chilli\nutritional deficiency\ulfa_Daun_kuning_-__111_.jpg,nutritional deficiency,3,nutritional deficiency,3,True,0.5802001357078552,0.5802001357078552,cerocospora,0.380750834941864,murda complex,0.03157522901892662,HIGH,CORRECT
TRACK_B_EXTERNAL,Chilli,external_chilli,Ulfa-Chili-Dataset,D:\CropDiseaseProject\results\model_robustness_audit\audit_images\track_b_external\chilli\nutritional deficiency\ulfa_Daun_kuning_-__112_.jpg,nutritional deficiency,3,nutritional deficiency,3,True,0.8607391715049744,0.8607391715049744,healthy,0.056748878210783005,powdery mildew,0.054933223873376846,HIGH,CORRECT
TRACK_B_EXTERNAL,Chilli,external_chilli,Ulfa-Chili-Dataset,D:\CropDiseaseProject\results\model_robustness_audit\audit_images\track_b_external\chilli\nutritional deficiency\ulfa_Daun_kuning_-__113_.jpg,nutritional deficiency,3,nutritional deficiency,3,True,0.870194137096405,0.870194137096405,cerocospora,0.11642007529735565,murda complex,0.012552215717732906,HIGH,CORRECT
TRACK_B_EXTERNAL,Chilli,external_chilli,Ulfa-Chili-Dataset,D:\CropDiseaseProject\results\model_robustness_audit\audit_images\track_b_external\chilli\nutritional deficiency\ulfa_Daun_kuning_-__114_.jpg,nutritional deficiency,3,nutritional deficiency,3,True,0.5148138999938965,0.5148138999938965,cerocospora,0.43697935342788696,murda complex,0.03796686232089996,HIGH,CORRECT
TRACK_B_EXTERNAL,Chilli,external_chilli,Ulfa-Chili-Dataset,D:\CropDiseaseProject\results\model_robustness_audit\audit_images\track_b_external\chilli\nutritional deficiency\ulfa_Daun_kuning_-__115_.jpg,nutritional deficiency,3,nutritional deficiency,3,True,0.5583885908126831,0.5583885908126831,cerocospora,0.3659248948097229,healthy,0.035325631499290466,HIGH,CORRECT
TRACK_B_EXTERNAL,Chilli,external_chilli,Ulfa-Chili-Dataset,D:\CropDiseaseProject\results\model_robustness_audit\audit_images\track_b_external\chilli\nutritional deficiency\ulfa_Daun_kuning_-__116_.jpg,nutritional deficiency,3,cerocospora,0,False,0.6360474228858948,0.29390817880630493,nutritional deficiency,0.29390817880630493,healthy,0.050783511251211166,HIGH,MISCLASSIFICATION
TRACK_B_EXTERNAL,Chilli,external_chilli,Ulfa-Chili-Dataset,D:\CropDiseaseProject\results\model_robustness_audit\audit_images\track_b_external\chilli\nutritional deficiency\ulfa_Daun_kuning_-__117_.jpg,nutritional deficiency,3,nutritional deficiency,3,True,0.8577193021774292,0.8577193021774292,cerocospora,0.12665173411369324,powdery mildew,0.009184913709759712,HIGH,CORRECT
TRACK_B_EXTERNAL,Chilli,external_chilli,Ulfa-Chili-Dataset,D:\CropDiseaseProject\results\model_robustness_audit\audit_images\track_b_external\chilli\nutritional deficiency\ulfa_Daun_kuning_-__118_.jpg,nutritional deficiency,3,nutritional deficiency,3,True,0.8884755969047546,0.8884755969047546,cerocospora,0.0931963250041008,healthy,0.009185445494949818,HIGH,CORRECT
TRACK_B_EXTERNAL,Chilli,external_chilli,Ulfa-Chili-Dataset,D:\CropDiseaseProject\results\model_robustness_audit\audit_images\track_b_external\chilli\nutritional deficiency\ulfa_Daun_kuning_-__119_.jpg,nutritional deficiency,3,nutritional deficiency,3,True,0.4633064568042755,0.4633064568042755,cerocospora,0.38485845923423767,murda complex,0.13234549760818481,HIGH,CORRECT
TRACK_B_EXTERNAL,Chilli,external_chilli,Ulfa-Chili-Dataset,D:\CropDiseaseProject\results\model_robustness_audit\audit_images\track_b_external\chilli\nutritional deficiency\ulfa_Daun_kuning_-__12_.jpg,nutritional deficiency,3,healthy,1,False,0.375944048166275,0.20473848283290863,cerocospora,0.24613593518733978,nutritional deficiency,0.20473848283290863,HIGH,MISCLASSIFICATION
TRACK_B_EXTERNAL,Chilli,external_chilli,Ulfa-Chili-Dataset,D:\CropDiseaseProject\results\model_robustness_audit\audit_images\track_b_external\chilli\nutritional deficiency\ulfa_Daun_kuning_-__12_.png,nutritional deficiency,3,nutritional deficiency,3,True,0.6333141326904297,0.6333141326904297,cerocospora,0.22386066615581512,murda complex,0.08025829493999481,HIGH,CORRECT
TRACK_B_EXTERNAL,Chilli,external_chilli,Ulfa-Chili-Dataset,D:\CropDiseaseProject\results\model_robustness_audit\audit_images\track_b_external\chilli\nutritional deficiency\ulfa_Daun_kuning_-__120_.jpg,nutritional deficiency,3,nutritional deficiency,3,True,0.8968420028686523,0.8968420028686523,cerocospora,0.05687050148844719,healthy,0.02540992759168148,HIGH,CORRECT
TRACK_B_EXTERNAL,Chilli,external_chilli,Ulfa-Chili-Dataset,D:\CropDiseaseProject\results\model_robustness_audit\audit_images\track_b_external\chilli\nutritional deficiency\ulfa_Daun_kuning_-__121_.jpg,nutritional deficiency,3,nutritional deficiency,3,True,0.9509044289588928,0.9509044289588928,cerocospora,0.0322687104344368,murda complex,0.009411166422069073,HIGH,CORRECT
TRACK_B_EXTERNAL,Chilli,external_chilli,Ulfa-Chili-Dataset,D:\CropDiseaseProject\results\model_robustness_audit\audit_images\track_b_external\chilli\nutritional deficiency\ulfa_Daun_kuning_-__122_.jpg,nutritional deficiency,3,nutritional deficiency,3,True,0.9775099158287048,0.9775099158287048,murda complex,0.009549938142299652,cerocospora,0.008709771558642387,HIGH,CORRECT
TRACK_B_EXTERNAL,Chilli,external_chilli,Ulfa-Chili-Dataset,D:\CropDiseaseProject\results\model_robustness_audit\audit_images\track_b_external\chilli\nutritional deficiency\ulfa_Daun_kuning_-__123_.jpg,nutritional deficiency,3,nutritional deficiency,3,True,0.9877592921257019,0.9877592921257019,murda complex,0.0058733392506837845,cerocospora,0.004086839500814676,HIGH,CORRECT
TRACK_B_EXTERNAL,Grape,external_grape,PlantDoc-Dataset,D:\CropDiseaseProject\results\model_robustness_audit\audit_images\track_b_external\grape\Healthy Leaves\plantdoc_000g.jpg,Healthy Leaves,4,Healthy Leaves,4,True,0.32294324040412903,0.32294324040412903,Black Rot,0.29530325531959534,Leaf Blight,0.2111208587884903,HIGH,CORRECT
TRACK_B_EXTERNAL,Grape,external_grape,PlantDoc-Dataset,D:\CropDiseaseProject\results\model_robustness_audit\audit_images\track_b_external\grape\Healthy Leaves\plantdoc_0g.jpg,Healthy Leaves,4,Healthy Leaves,4,True,0.5734859704971313,0.5734859704971313,Leaf Blight,0.2755257785320282,Esca (Black Measles),0.08621904253959656,HIGH,CORRECT
TRACK_B_EXTERNAL,Grape,external_grape,PlantDoc-Dataset,D:\CropDiseaseProject\results\model_robustness_audit\audit_images\track_b_external\grape\Healthy Leaves\plantdoc_10178grape_leaf.jpg,Healthy Leaves,4,Healthy Leaves,4,True,0.9864082336425781,0.9864082336425781,Esca (Black Measles),0.008955574594438076,Leaf Blight,0.001918064896017313,HIGH,CORRECT
TRACK_B_EXTERNAL,Grape,external_grape,PlantDoc-Dataset,D:\CropDiseaseProject\results\model_robustness_audit\audit_images\track_b_external\grape\Healthy Leaves\plantdoc_4635766-green-grapevine-leaves.jpg,Healthy Leaves,4,Healthy Leaves,4,True,0.9872302412986755,0.9872302412986755,Bacterial Leaf Spot,0.012079641222953796,Leaf Blight,0.0002741288917604834,HIGH,CORRECT
TRACK_B_EXTERNAL,Grape,external_grape,PlantDoc-Dataset,D:\CropDiseaseProject\results\model_robustness_audit\audit_images\track_b_external\grape\Healthy Leaves\plantdoc_6cy5kMMEi.jpg,Healthy Leaves,4,Healthy Leaves,4,True,0.9069381952285767,0.9069381952285767,Black Rot,0.08409745246171951,Leaf Blight,0.006214520428329706,HIGH,CORRECT
TRACK_B_EXTERNAL,Grape,external_grape,PlantDoc-Dataset,D:\CropDiseaseProject\results\model_robustness_audit\audit_images\track_b_external\grape\Healthy Leaves\plantdoc_GrapeLeaf.jpg,Healthy Leaves,4,Healthy Leaves,4,True,0.9252641797065735,0.9252641797065735,Black Rot,0.07465050369501114,Esca (Black Measles),5.502645581145771e-05,HIGH,CORRECT
TRACK_B_EXTERNAL,Grape,external_grape,PlantDoc-Dataset,D:\CropDiseaseProject\results\model_robustness_audit\audit_images\track_b_external\grape\Healthy Leaves\plantdoc_Grape_leaf_01.jpg,Healthy Leaves,4,Healthy Leaves,4,True,0.776354968547821,0.776354968547821,Bacterial Leaf Spot,0.12369133532047272,Black Rot,0.08574620634317398,HIGH,CORRECT
TRACK_B_EXTERNAL,Grape,external_grape,PlantDoc-Dataset,D:\CropDiseaseProject\results\model_robustness_audit\audit_images\track_b_external\grape\Healthy Leaves\plantdoc_Grolleau_noir_leaves.jpg,Healthy Leaves,4,Black Rot,1,False,0.940321683883667,0.0222098957747221,Healthy Leaves,0.0222098957747221,Leaf Blight,0.01856478862464428,HIGH,MISCLASSIFICATION
TRACK_B_EXTERNAL,Grape,external_grape,PlantDoc-Dataset,D:\CropDiseaseProject\results\model_robustness_audit\audit_images\track_b_external\grape\Healthy Leaves\plantdoc_IMG_20150511_095517.jpg,Healthy Leaves,4,Esca (Black Measles),3,False,0.8714252710342407,0.00036823569098487496,Leaf Blight,0.07516495883464813,Bacterial Leaf Spot,0.027178404852747917,HIGH,MISCLASSIFICATION
TRACK_B_EXTERNAL,Grape,external_grape,PlantDoc-Dataset,D:\CropDiseaseProject\results\model_robustness_audit\audit_images\track_b_external\grape\Healthy Leaves\plantdoc_IMG_20150511_111942.jpg,Healthy Leaves,4,Bacterial Leaf Spot,0,False,0.39332863688468933,0.2252727597951889,Healthy Leaves,0.2252727597951889,Powdery Mildew,0.19605253636837006,HIGH,MISCLASSIFICATION
TRACK_B_EXTERNAL,Grape,external_grape,PlantDoc-Dataset,D:\CropDiseaseProject\results\model_robustness_audit\audit_images\track_b_external\grape\Healthy Leaves\plantdoc_IMG_2666.jpg,Healthy Leaves,4,Healthy Leaves,4,True,0.45741337537765503,0.45741337537765503,Black Rot,0.24644164741039276,Esca (Black Measles),0.15357492864131927,HIGH,CORRECT
TRACK_B_EXTERNAL,Grape,external_grape,PlantDoc-Dataset,D:\CropDiseaseProject\results\model_robustness_audit\audit_images\track_b_external\grape\Healthy Leaves\plantdoc_P1130239.jpg,Healthy Leaves,4,Leaf Blight,5,False,0.5243414044380188,0.003854907350614667,Esca (Black Measles),0.2890283465385437,Black Rot,0.16997891664505005,HIGH,MISCLASSIFICATION
TRACK_B_EXTERNAL,Grape,external_grape,PlantDoc-Dataset,D:\CropDiseaseProject\results\model_robustness_audit\audit_images\track_b_external\grape\Healthy Leaves\plantdoc_WildGrapeLeaf_cutout.jpg,Healthy Leaves,4,Healthy Leaves,4,True,0.9893231987953186,0.9893231987953186,Powdery Mildew,0.009252963587641716,Black Rot,0.001174352364614606,HIGH,CORRECT
TRACK_B_EXTERNAL,Grape,external_grape,PlantDoc-Dataset,D:\CropDiseaseProject\results\model_robustness_audit\audit_images\track_b_external\grape\Healthy Leaves\plantdoc_Wild_Grape_Leaf.jpg,Healthy Leaves,4,Black Rot,1,False,0.8034921288490295,0.044743381440639496,Esca (Black Measles),0.11791321635246277,Healthy Leaves,0.044743381440639496,HIGH,MISCLASSIFICATION
TRACK_B_EXTERNAL,Grape,external_grape,PlantDoc-Dataset,D:\CropDiseaseProject\results\model_robustness_audit\audit_images\track_b_external\grape\Healthy Leaves\plantdoc_blue-grape-cluster-leaves-3323887.jpg,Healthy Leaves,4,Esca (Black Measles),3,False,0.4037228226661682,0.06588751822710037,Powdery Mildew,0.22953005135059357,Bacterial Leaf Spot,0.20136554539203644,HIGH,MISCLASSIFICATION
TRACK_B_EXTERNAL,Grape,external_grape,PlantDoc-Dataset,D:\CropDiseaseProject\results\model_robustness_audit\audit_images\track_b_external\grape\Healthy Leaves\plantdoc_dc9rk7rKi.jpg,Healthy Leaves,4,Black Rot,1,False,0.801388680934906,0.118972547352314,Healthy Leaves,0.118972547352314,Esca (Black Measles),0.041461411863565445,HIGH,MISCLASSIFICATION
TRACK_B_EXTERNAL,Grape,external_grape,PlantDoc-Dataset,D:\CropDiseaseProject\results\model_robustness_audit\audit_images\track_b_external\grape\Healthy Leaves\plantdoc_depositphotos_6812535-stock-photo-grape-leaves.jpg,Healthy Leaves,4,Healthy Leaves,4,True,0.9899264574050903,0.9899264574050903,Esca (Black Measles),0.006689405534416437,Leaf Blight,0.0023455233313143253,HIGH,CORRECT
TRACK_B_EXTERNAL,Grape,external_grape,PlantDoc-Dataset,D:\CropDiseaseProject\results\model_robustness_audit\audit_images\track_b_external\grape\Healthy Leaves\plantdoc_dsc00849.jpg,Healthy Leaves,4,Black Rot,1,False,0.711902379989624,0.2533354163169861,Healthy Leaves,0.2533354163169861,Esca (Black Measles),0.016528597101569176,HIGH,MISCLASSIFICATION
TRACK_B_EXTERNAL,Grape,external_grape,PlantDoc-Dataset,D:\CropDiseaseProject\results\model_robustness_audit\audit_images\track_b_external\grape\Healthy Leaves\plantdoc_grape_leaves.JPG.jpg,Healthy Leaves,4,Black Rot,1,False,0.44517481327056885,0.3111756443977356,Healthy Leaves,0.3111756443977356,Leaf Blight,0.21536985039710999,HIGH,MISCLASSIFICATION
TRACK_B_EXTERNAL,Grape,external_grape,PlantDoc-Dataset,D:\CropDiseaseProject\results\model_robustness_audit\audit_images\track_b_external\grape\Healthy Leaves\plantdoc_grape-leaf-15796930.jpg,Healthy Leaves,4,Healthy Leaves,4,True,0.9994964599609375,0.9994964599609375,Powdery Mildew,0.00047479424392804503,Esca (Black Measles),2.800873335218057e-05,HIGH,CORRECT
TRACK_B_EXTERNAL,Grape,external_grape,PlantDoc-Dataset,D:\CropDiseaseProject\results\model_robustness_audit\audit_images\track_b_external\grape\Healthy Leaves\plantdoc_grape-leaf-19616502.jpg,Healthy Leaves,4,Healthy Leaves,4,True,0.9994683861732483,0.9994683861732483,Downy Mildew,0.00033461221028119326,Bacterial Leaf Spot,6.339763785945252e-05,HIGH,CORRECT
TRACK_B_EXTERNAL,Grape,external_grape,PlantDoc-Dataset,D:\CropDiseaseProject\results\model_robustness_audit\audit_images\track_b_external\grape\Healthy Leaves\plantdoc_grape-leaf-blossoming-buds-spring-macro-31132897.jpg,Healthy Leaves,4,Black Rot,1,False,0.8766961097717285,0.004826693795621395,Esca (Black Measles),0.05523937568068504,Bacterial Leaf Spot,0.05077219009399414,HIGH,MISCLASSIFICATION
TRACK_B_EXTERNAL,Grape,external_grape,PlantDoc-Dataset,D:\CropDiseaseProject\results\model_robustness_audit\audit_images\track_b_external\grape\Healthy Leaves\plantdoc_grape-leaf-detail-1457175.jpg,Healthy Leaves,4,Powdery Mildew,6,False,0.9556708335876465,0.044327449053525925,Healthy Leaves,0.044327449053525925,Downy Mildew,1.7190428707181127e-06,HIGH,MISCLASSIFICATION
TRACK_B_EXTERNAL,Grape,external_grape,PlantDoc-Dataset,D:\CropDiseaseProject\results\model_robustness_audit\audit_images\track_b_external\grape\Healthy Leaves\plantdoc_grape-leaf-dew-465884.jpg,Healthy Leaves,4,Healthy Leaves,4,True,0.9947054982185364,0.9947054982185364,Black Rot,0.0048674470745027065,Esca (Black Measles),0.00020427009440027177,HIGH,CORRECT
TRACK_B_EXTERNAL,Grape,external_grape,PlantDoc-Dataset,D:\CropDiseaseProject\results\model_robustness_audit\audit_images\track_b_external\grape\Healthy Leaves\plantdoc_grape-leaf-isolated-cut-out-on-white-background-picture-id172320164_s_612x612.jpg,Healthy Leaves,4,Healthy Leaves,4,True,0.9864137768745422,0.9864137768745422,Powdery Mildew,0.013320732861757278,Downy Mildew,0.00014602627197746187,HIGH,CORRECT
TRACK_B_EXTERNAL,Grape,external_grape,PlantDoc-Dataset,D:\CropDiseaseProject\results\model_robustness_audit\audit_images\track_b_external\grape\Healthy Leaves\plantdoc_grape-leaf-with-water-drops-41813-1920x1080.jpg,Healthy Leaves,4,Healthy Leaves,4,True,0.9585313200950623,0.9585313200950623,Esca (Black Measles),0.020568402484059334,Black Rot,0.015077183023095131,HIGH,CORRECT
TRACK_B_EXTERNAL,Grape,external_grape,PlantDoc-Dataset,D:\CropDiseaseProject\results\model_robustness_audit\audit_images\track_b_external\grape\Healthy Leaves\plantdoc_grape-leave-clipping-path-3817989.jpg,Healthy Leaves,4,Healthy Leaves,4,True,0.9643138647079468,0.9643138647079468,Bacterial Leaf Spot,0.021725952625274658,Powdery Mildew,0.013791353441774845,HIGH,CORRECT
TRACK_B_EXTERNAL,Grape,external_grape,PlantDoc-Dataset,D:\CropDiseaseProject\results\model_robustness_audit\audit_images\track_b_external\grape\Healthy Leaves\plantdoc_grape-leaves-03-1103349.jpg,Healthy Leaves,4,Healthy Leaves,4,True,0.9044677019119263,0.9044677019119263,Bacterial Leaf Spot,0.09447316825389862,Esca (Black Measles),0.000652274873573333,HIGH,CORRECT
TRACK_B_EXTERNAL,Grape,external_grape,PlantDoc-Dataset,D:\CropDiseaseProject\results\model_robustness_audit\audit_images\track_b_external\grape\Healthy Leaves\plantdoc_grape-leaves-1.jpg,Healthy Leaves,4,Healthy Leaves,4,True,0.9909124374389648,0.9909124374389648,Esca (Black Measles),0.0044848076067864895,Black Rot,0.003167750546708703,HIGH,CORRECT
TRACK_B_EXTERNAL,Grape,external_grape,PlantDoc-Dataset,D:\CropDiseaseProject\results\model_robustness_audit\audit_images\track_b_external\grape\Healthy Leaves\plantdoc_grape-leaves-19091-1920x1200.jpg,Healthy Leaves,4,Healthy Leaves,4,True,0.9959459900856018,0.9959459900856018,Leaf Blight,0.001952427439391613,Black Rot,0.0007963096140883863,HIGH,CORRECT
TRACK_B_EXTERNAL,Grape,external_grape,AI-Challenger-2018-Grape,D:\CropDiseaseProject\results\model_robustness_audit\audit_images\track_b_external\grape\Black Rot\baliwaka_00000001.jpg,Black Rot,1,Healthy Leaves,4,False,0.7505739331245422,0.0002031443000305444,Esca (Black Measles),0.14170214533805847,Powdery Mildew,0.08266132324934006,HIGH,MISCLASSIFICATION
TRACK_B_EXTERNAL,Grape,external_grape,AI-Challenger-2018-Grape,D:\CropDiseaseProject\results\model_robustness_audit\audit_images\track_b_external\grape\Black Rot\baliwaka_00000002.jpg,Black Rot,1,Powdery Mildew,6,False,0.850980281829834,0.005079756025224924,Healthy Leaves,0.12726712226867676,Bacterial Leaf Spot,0.00835336185991764,HIGH,MISCLASSIFICATION
TRACK_B_EXTERNAL,Grape,external_grape,AI-Challenger-2018-Grape,D:\CropDiseaseProject\results\model_robustness_audit\audit_images\track_b_external\grape\Black Rot\baliwaka_00000003.jpg,Black Rot,1,Healthy Leaves,4,False,0.9964627623558044,9.911286906572059e-05,Esca (Black Measles),0.0017347346292808652,Downy Mildew,0.0007801576284691691,HIGH,MISCLASSIFICATION
TRACK_B_EXTERNAL,Grape,external_grape,AI-Challenger-2018-Grape,D:\CropDiseaseProject\results\model_robustness_audit\audit_images\track_b_external\grape\Black Rot\baliwaka_00000004.jpg,Black Rot,1,Powdery Mildew,6,False,0.973770260810852,1.241028803633526e-05,Healthy Leaves,0.025141119956970215,Downy Mildew,0.0005911863991059363,HIGH,MISCLASSIFICATION
TRACK_B_EXTERNAL,Grape,external_grape,AI-Challenger-2018-Grape,D:\CropDiseaseProject\results\model_robustness_audit\audit_images\track_b_external\grape\Black Rot\baliwaka_00000005.jpg,Black Rot,1,Powdery Mildew,6,False,0.8754370212554932,0.005726838018745184,Healthy Leaves,0.101700559258461,Esca (Black Measles),0.012427223846316338,HIGH,MISCLASSIFICATION
TRACK_B_EXTERNAL,Grape,external_grape,AI-Challenger-2018-Grape,D:\CropDiseaseProject\results\model_robustness_audit\audit_images\track_b_external\grape\Black Rot\baliwaka_00000006.jpg,Black Rot,1,Healthy Leaves,4,False,0.48149341344833374,0.0007051350548863411,Powdery Mildew,0.46923771500587463,Downy Mildew,0.0482289120554924,HIGH,MISCLASSIFICATION
TRACK_B_EXTERNAL,Grape,external_grape,AI-Challenger-2018-Grape,D:\CropDiseaseProject\results\model_robustness_audit\audit_images\track_b_external\grape\Black Rot\baliwaka_00000007.jpg,Black Rot,1,Powdery Mildew,6,False,0.9481501579284668,0.00020143884466961026,Healthy Leaves,0.03753798454999924,Downy Mildew,0.01306405384093523,HIGH,MISCLASSIFICATION
TRACK_B_EXTERNAL,Grape,external_grape,AI-Challenger-2018-Grape,D:\CropDiseaseProject\results\model_robustness_audit\audit_images\track_b_external\grape\Black Rot\baliwaka_00000008.jpg,Black Rot,1,Healthy Leaves,4,False,0.8205695748329163,0.011475767008960247,Powdery Mildew,0.1447373330593109,Esca (Black Measles),0.01565765216946602,HIGH,MISCLASSIFICATION
TRACK_B_EXTERNAL,Grape,external_grape,AI-Challenger-2018-Grape,D:\CropDiseaseProject\results\model_robustness_audit\audit_images\track_b_external\grape\Black Rot\baliwaka_00000009.jpg,Black Rot,1,Healthy Leaves,4,False,0.4686689078807831,0.0009767869487404823,Powdery Mildew,0.429589182138443,Downy Mildew,0.04908868297934532,HIGH,MISCLASSIFICATION
TRACK_B_EXTERNAL,Grape,external_grape,AI-Challenger-2018-Grape,D:\CropDiseaseProject\results\model_robustness_audit\audit_images\track_b_external\grape\Black Rot\baliwaka_00000010.jpg,Black Rot,1,Powdery Mildew,6,False,0.7619893550872803,0.01191923301666975,Healthy Leaves,0.11888537555932999,Downy Mildew,0.10248078405857086,HIGH,MISCLASSIFICATION
TRACK_B_EXTERNAL,Grape,external_grape,AI-Challenger-2018-Grape,D:\CropDiseaseProject\results\model_robustness_audit\audit_images\track_b_external\grape\Black Rot\baliwaka_00000011.jpg,Black Rot,1,Powdery Mildew,6,False,0.49684765934944153,0.09051883965730667,Healthy Leaves,0.4106658697128296,Black Rot,0.09051883965730667,HIGH,MISCLASSIFICATION
TRACK_B_EXTERNAL,Grape,external_grape,AI-Challenger-2018-Grape,D:\CropDiseaseProject\results\model_robustness_audit\audit_images\track_b_external\grape\Black Rot\baliwaka_00000012.jpg,Black Rot,1,Healthy Leaves,4,False,0.8960930109024048,0.002980701858177781,Powdery Mildew,0.08829595148563385,Downy Mildew,0.010365775786340237,HIGH,MISCLASSIFICATION
TRACK_B_EXTERNAL,Grape,external_grape,AI-Challenger-2018-Grape,D:\CropDiseaseProject\results\model_robustness_audit\audit_images\track_b_external\grape\Black Rot\baliwaka_00000013.jpg,Black Rot,1,Healthy Leaves,4,False,0.6787098050117493,0.0003291176399216056,Powdery Mildew,0.27383527159690857,Esca (Black Measles),0.03665664419531822,HIGH,MISCLASSIFICATION
TRACK_B_EXTERNAL,Grape,external_grape,AI-Challenger-2018-Grape,D:\CropDiseaseProject\results\model_robustness_audit\audit_images\track_b_external\grape\Black Rot\baliwaka_00000014.jpg,Black Rot,1,Healthy Leaves,4,False,0.8008919358253479,0.005816547200083733,Downy Mildew,0.07419420778751373,Esca (Black Measles),0.06201285123825073,HIGH,MISCLASSIFICATION
TRACK_B_EXTERNAL,Grape,external_grape,AI-Challenger-2018-Grape,D:\CropDiseaseProject\results\model_robustness_audit\audit_images\track_b_external\grape\Black Rot\baliwaka_00000015.jpg,Black Rot,1,Healthy Leaves,4,False,0.8001379370689392,0.0005422364338301122,Powdery Mildew,0.19539138674736023,Downy Mildew,0.0034711470361799,HIGH,MISCLASSIFICATION
TRACK_B_EXTERNAL,Grape,external_grape,AI-Challenger-2018-Grape,D:\CropDiseaseProject\results\model_robustness_audit\audit_images\track_b_external\grape\Black Rot\baliwaka_00000016.jpg,Black Rot,1,Healthy Leaves,4,False,0.6718713045120239,0.004914750810712576,Powdery Mildew,0.28180456161499023,Esca (Black Measles),0.03560345992445946,HIGH,MISCLASSIFICATION
TRACK_B_EXTERNAL,Grape,external_grape,AI-Challenger-2018-Grape,D:\CropDiseaseProject\results\model_robustness_audit\audit_images\track_b_external\grape\Black Rot\baliwaka_00000017.jpg,Black Rot,1,Powdery Mildew,6,False,0.517463743686676,0.0044616833329200745,Healthy Leaves,0.26060885190963745,Downy Mildew,0.2165762186050415,HIGH,MISCLASSIFICATION
TRACK_B_EXTERNAL,Grape,external_grape,AI-Challenger-2018-Grape,D:\CropDiseaseProject\results\model_robustness_audit\audit_images\track_b_external\grape\Black Rot\baliwaka_00000018.jpg,Black Rot,1,Powdery Mildew,6,False,0.8854796886444092,0.0707828477025032,Black Rot,0.0707828477025032,Downy Mildew,0.017691394314169884,HIGH,MISCLASSIFICATION
TRACK_B_EXTERNAL,Grape,external_grape,AI-Challenger-2018-Grape,D:\CropDiseaseProject\results\model_robustness_audit\audit_images\track_b_external\grape\Black Rot\baliwaka_00000019.jpg,Black Rot,1,Healthy Leaves,4,False,0.8575819730758667,0.0033547875937074423,Downy Mildew,0.09363333880901337,Powdery Mildew,0.04540441930294037,HIGH,MISCLASSIFICATION
TRACK_B_EXTERNAL,Grape,external_grape,AI-Challenger-2018-Grape,D:\CropDiseaseProject\results\model_robustness_audit\audit_images\track_b_external\grape\Black Rot\baliwaka_00000020.jpg,Black Rot,1,Powdery Mildew,6,False,0.8847966194152832,8.188182255253196e-05,Esca (Black Measles),0.09832622855901718,Healthy Leaves,0.0076945144683122635,HIGH,MISCLASSIFICATION
TRACK_B_EXTERNAL,Grape,external_grape,AI-Challenger-2018-Grape,D:\CropDiseaseProject\results\model_robustness_audit\audit_images\track_b_external\grape\Black Rot\baliwaka_00000021.jpg,Black Rot,1,Healthy Leaves,4,False,0.5817080140113831,0.07605937123298645,Powdery Mildew,0.24112926423549652,Black Rot,0.07605937123298645,HIGH,MISCLASSIFICATION
TRACK_B_EXTERNAL,Grape,external_grape,AI-Challenger-2018-Grape,D:\CropDiseaseProject\results\model_robustness_audit\audit_images\track_b_external\grape\Black Rot\baliwaka_00000022.jpg,Black Rot,1,Powdery Mildew,6,False,0.8056877255439758,0.00010295245738234371,Healthy Leaves,0.12231243401765823,Downy Mildew,0.06963343918323517,HIGH,MISCLASSIFICATION
TRACK_B_EXTERNAL,Grape,external_grape,AI-Challenger-2018-Grape,D:\CropDiseaseProject\results\model_robustness_audit\audit_images\track_b_external\grape\Black Rot\baliwaka_00000023.jpg,Black Rot,1,Powdery Mildew,6,False,0.5263217687606812,0.0010783195029944181,Downy Mildew,0.36687907576560974,Healthy Leaves,0.1005641296505928,HIGH,MISCLASSIFICATION
TRACK_B_EXTERNAL,Grape,external_grape,AI-Challenger-2018-Grape,D:\CropDiseaseProject\results\model_robustness_audit\audit_images\track_b_external\grape\Black Rot\baliwaka_00000024.jpg,Black Rot,1,Healthy Leaves,4,False,0.7398732900619507,0.0012552086263895035,Downy Mildew,0.24397501349449158,Powdery Mildew,0.013660219497978687,HIGH,MISCLASSIFICATION
TRACK_B_EXTERNAL,Grape,external_grape,AI-Challenger-2018-Grape,D:\CropDiseaseProject\results\model_robustness_audit\audit_images\track_b_external\grape\Black Rot\baliwaka_00000025.jpg,Black Rot,1,Healthy Leaves,4,False,0.6894381642341614,0.007577999960631132,Powdery Mildew,0.29857927560806274,Black Rot,0.007577999960631132,HIGH,MISCLASSIFICATION
TRACK_B_EXTERNAL,Grape,external_grape,AI-Challenger-2018-Grape,D:\CropDiseaseProject\results\model_robustness_audit\audit_images\track_b_external\grape\Black Rot\baliwaka_00000026.jpg,Black Rot,1,Powdery Mildew,6,False,0.9045001864433289,0.006896536331623793,Healthy Leaves,0.07634560018777847,Esca (Black Measles),0.009136782959103584,HIGH,MISCLASSIFICATION
TRACK_B_EXTERNAL,Grape,external_grape,AI-Challenger-2018-Grape,D:\CropDiseaseProject\results\model_robustness_audit\audit_images\track_b_external\grape\Black Rot\baliwaka_00000027.jpg,Black Rot,1,Powdery Mildew,6,False,0.42011934518814087,0.10064125806093216,Downy Mildew,0.3266611099243164,Healthy Leaves,0.10322504490613937,HIGH,MISCLASSIFICATION
TRACK_B_EXTERNAL,Grape,external_grape,AI-Challenger-2018-Grape,D:\CropDiseaseProject\results\model_robustness_audit\audit_images\track_b_external\grape\Black Rot\baliwaka_00000028.jpg,Black Rot,1,Esca (Black Measles),3,False,0.4917116165161133,0.0020188589114695787,Powdery Mildew,0.2789793610572815,Downy Mildew,0.20337723195552826,HIGH,MISCLASSIFICATION
TRACK_B_EXTERNAL,Grape,external_grape,AI-Challenger-2018-Grape,D:\CropDiseaseProject\results\model_robustness_audit\audit_images\track_b_external\grape\Black Rot\baliwaka_00000029.jpg,Black Rot,1,Healthy Leaves,4,False,0.7530862092971802,0.021734222769737244,Powdery Mildew,0.15801596641540527,Downy Mildew,0.06606185436248779,HIGH,MISCLASSIFICATION
TRACK_B_EXTERNAL,Grape,external_grape,AI-Challenger-2018-Grape,D:\CropDiseaseProject\results\model_robustness_audit\audit_images\track_b_external\grape\Black Rot\baliwaka_00000030.jpg,Black Rot,1,Powdery Mildew,6,False,0.8184020519256592,0.0005173818790353835,Healthy Leaves,0.146381214261055,Downy Mildew,0.03387076035141945,HIGH,MISCLASSIFICATION
TRACK_B_EXTERNAL,Grape,external_grape,AI-Challenger-2018-Grape,D:\CropDiseaseProject\results\model_robustness_audit\audit_images\track_b_external\grape\Esca (Black Measles)\baliwaka_00000001.jpg,Esca (Black Measles),3,Healthy Leaves,4,False,0.9741055369377136,1.6154268450918607e-05,Downy Mildew,0.014980570413172245,Powdery Mildew,0.010855485685169697,HIGH,MISCLASSIFICATION
TRACK_B_EXTERNAL,Grape,external_grape,AI-Challenger-2018-Grape,D:\CropDiseaseProject\results\model_robustness_audit\audit_images\track_b_external\grape\Esca (Black Measles)\baliwaka_00000002.jpg,Esca (Black Measles),3,Healthy Leaves,4,False,0.7213233113288879,8.029065793380141e-05,Powdery Mildew,0.2715945839881897,Downy Mildew,0.006401494611054659,HIGH,MISCLASSIFICATION
TRACK_B_EXTERNAL,Grape,external_grape,AI-Challenger-2018-Grape,D:\CropDiseaseProject\results\model_robustness_audit\audit_images\track_b_external\grape\Esca (Black Measles)\baliwaka_00000003.jpg,Esca (Black Measles),3,Black Rot,1,False,0.3382400870323181,0.2656066417694092,Healthy Leaves,0.2728663384914398,Esca (Black Measles),0.2656066417694092,HIGH,MISCLASSIFICATION
TRACK_B_EXTERNAL,Grape,external_grape,AI-Challenger-2018-Grape,D:\CropDiseaseProject\results\model_robustness_audit\audit_images\track_b_external\grape\Esca (Black Measles)\baliwaka_00000004.jpg,Esca (Black Measles),3,Healthy Leaves,4,False,0.7981517314910889,0.028219381347298622,Powdery Mildew,0.17332081496715546,Esca (Black Measles),0.028219381347298622,HIGH,MISCLASSIFICATION
TRACK_B_EXTERNAL,Grape,external_grape,AI-Challenger-2018-Grape,D:\CropDiseaseProject\results\model_robustness_audit\audit_images\track_b_external\grape\Esca (Black Measles)\baliwaka_00000005.jpg,Esca (Black Measles),3,Healthy Leaves,4,False,0.555468738079071,0.005404778756201267,Powdery Mildew,0.23528286814689636,Downy Mildew,0.13064701855182648,HIGH,MISCLASSIFICATION
TRACK_B_EXTERNAL,Grape,external_grape,AI-Challenger-2018-Grape,D:\CropDiseaseProject\results\model_robustness_audit\audit_images\track_b_external\grape\Esca (Black Measles)\baliwaka_00000006.jpg,Esca (Black Measles),3,Healthy Leaves,4,False,0.9993064403533936,0.00020395453611854464,Powdery Mildew,0.0004053767188452184,Esca (Black Measles),0.00020395453611854464,HIGH,MISCLASSIFICATION
TRACK_B_EXTERNAL,Grape,external_grape,AI-Challenger-2018-Grape,D:\CropDiseaseProject\results\model_robustness_audit\audit_images\track_b_external\grape\Esca (Black Measles)\baliwaka_00000007.jpg,Esca (Black Measles),3,Powdery Mildew,6,False,0.6108030080795288,6.606181705137715e-05,Healthy Leaves,0.38757967948913574,Downy Mildew,0.0014371409779414535,HIGH,MISCLASSIFICATION
TRACK_B_EXTERNAL,Grape,external_grape,AI-Challenger-2018-Grape,D:\CropDiseaseProject\results\model_robustness_audit\audit_images\track_b_external\grape\Esca (Black Measles)\baliwaka_00000008.jpg,Esca (Black Measles),3,Healthy Leaves,4,False,0.971304714679718,0.0021352283656597137,Powdery Mildew,0.015728676691651344,Bacterial Leaf Spot,0.00783221423625946,HIGH,MISCLASSIFICATION
TRACK_B_EXTERNAL,Grape,external_grape,AI-Challenger-2018-Grape,D:\CropDiseaseProject\results\model_robustness_audit\audit_images\track_b_external\grape\Esca (Black Measles)\baliwaka_00000009.jpg,Esca (Black Measles),3,Powdery Mildew,6,False,0.9909608960151672,2.236451837234199e-05,Healthy Leaves,0.00898056011646986,Esca (Black Measles),2.236451837234199e-05,HIGH,MISCLASSIFICATION
TRACK_B_EXTERNAL,Grape,external_grape,AI-Challenger-2018-Grape,D:\CropDiseaseProject\results\model_robustness_audit\audit_images\track_b_external\grape\Esca (Black Measles)\baliwaka_00000010.jpg,Esca (Black Measles),3,Healthy Leaves,4,False,0.6391093730926514,0.000617305573541671,Powdery Mildew,0.35993093252182007,Esca (Black Measles),0.000617305573541671,HIGH,MISCLASSIFICATION
TRACK_B_EXTERNAL,Grape,external_grape,AI-Challenger-2018-Grape,D:\CropDiseaseProject\results\model_robustness_audit\audit_images\track_b_external\grape\Esca (Black Measles)\baliwaka_00000011.jpg,Esca (Black Measles),3,Downy Mildew,2,False,0.8473239541053772,0.0006666418630629778,Healthy Leaves,0.1485544890165329,Powdery Mildew,0.0015448856865987182,HIGH,MISCLASSIFICATION
TRACK_B_EXTERNAL,Grape,external_grape,AI-Challenger-2018-Grape,D:\CropDiseaseProject\results\model_robustness_audit\audit_images\track_b_external\grape\Esca (Black Measles)\baliwaka_00000012.jpg,Esca (Black Measles),3,Healthy Leaves,4,False,0.9637083411216736,0.005444359965622425,Powdery Mildew,0.030248384922742844,Esca (Black Measles),0.005444359965622425,HIGH,MISCLASSIFICATION
TRACK_B_EXTERNAL,Grape,external_grape,AI-Challenger-2018-Grape,D:\CropDiseaseProject\results\model_robustness_audit\audit_images\track_b_external\grape\Esca (Black Measles)\baliwaka_00000013.jpg,Esca (Black Measles),3,Powdery Mildew,6,False,0.7078903913497925,0.011733501218259335,Healthy Leaves,0.25998085737228394,Downy Mildew,0.020181898027658463,HIGH,MISCLASSIFICATION
TRACK_B_EXTERNAL,Grape,external_grape,AI-Challenger-2018-Grape,D:\CropDiseaseProject\results\model_robustness_audit\audit_images\track_b_external\grape\Esca (Black Measles)\baliwaka_00000014.jpg,Esca (Black Measles),3,Downy Mildew,2,False,0.4233706593513489,0.009209421463310719,Healthy Leaves,0.3397313058376312,Powdery Mildew,0.2149728536605835,HIGH,MISCLASSIFICATION
TRACK_B_EXTERNAL,Grape,external_grape,AI-Challenger-2018-Grape,D:\CropDiseaseProject\results\model_robustness_audit\audit_images\track_b_external\grape\Esca (Black Measles)\baliwaka_00000015.jpg,Esca (Black Measles),3,Healthy Leaves,4,False,0.9988275170326233,0.0004295100225135684,Powdery Mildew,0.0006890390650369227,Esca (Black Measles),0.0004295100225135684,HIGH,MISCLASSIFICATION
TRACK_B_EXTERNAL,Grape,external_grape,AI-Challenger-2018-Grape,D:\CropDiseaseProject\results\model_robustness_audit\audit_images\track_b_external\grape\Esca (Black Measles)\baliwaka_00000016.jpg,Esca (Black Measles),3,Healthy Leaves,4,False,0.9276222586631775,5.365598917705938e-05,Powdery Mildew,0.06917448341846466,Downy Mildew,0.0017064651474356651,HIGH,MISCLASSIFICATION
TRACK_B_EXTERNAL,Grape,external_grape,AI-Challenger-2018-Grape,D:\CropDiseaseProject\results\model_robustness_audit\audit_images\track_b_external\grape\Esca (Black Measles)\baliwaka_00000017.jpg,Esca (Black Measles),3,Downy Mildew,2,False,0.9919522404670715,1.670198980718851e-05,Healthy Leaves,0.0038302422035485506,Powdery Mildew,0.0037011830136179924,HIGH,MISCLASSIFICATION
TRACK_B_EXTERNAL,Grape,external_grape,AI-Challenger-2018-Grape,D:\CropDiseaseProject\results\model_robustness_audit\audit_images\track_b_external\grape\Esca (Black Measles)\baliwaka_00000018.jpg,Esca (Black Measles),3,Powdery Mildew,6,False,0.626505434513092,0.0014133625663816929,Downy Mildew,0.22497521340847015,Healthy Leaves,0.1435600370168686,HIGH,MISCLASSIFICATION
TRACK_B_EXTERNAL,Grape,external_grape,AI-Challenger-2018-Grape,D:\CropDiseaseProject\results\model_robustness_audit\audit_images\track_b_external\grape\Esca (Black Measles)\baliwaka_00000019.jpg,Esca (Black Measles),3,Downy Mildew,2,False,0.9976304769515991,1.5663608792237937e-05,Healthy Leaves,0.0013971105217933655,Bacterial Leaf Spot,0.0008460245444439352,HIGH,MISCLASSIFICATION
TRACK_B_EXTERNAL,Grape,external_grape,AI-Challenger-2018-Grape,D:\CropDiseaseProject\results\model_robustness_audit\audit_images\track_b_external\grape\Esca (Black Measles)\baliwaka_00000020.jpg,Esca (Black Measles),3,Healthy Leaves,4,False,0.9483155608177185,0.0009581611957401037,Powdery Mildew,0.0339047908782959,Downy Mildew,0.016103923320770264,HIGH,MISCLASSIFICATION
TRACK_B_EXTERNAL,Grape,external_grape,AI-Challenger-2018-Grape,D:\CropDiseaseProject\results\model_robustness_audit\audit_images\track_b_external\grape\Esca (Black Measles)\baliwaka_00000021.jpg,Esca (Black Measles),3,Healthy Leaves,4,False,0.5498564839363098,0.025140825659036636,Downy Mildew,0.29321789741516113,Powdery Mildew,0.09761955589056015,HIGH,MISCLASSIFICATION
TRACK_B_EXTERNAL,Grape,external_grape,AI-Challenger-2018-Grape,D:\CropDiseaseProject\results\model_robustness_audit\audit_images\track_b_external\grape\Esca (Black Measles)\baliwaka_00000022.jpg,Esca (Black Measles),3,Healthy Leaves,4,False,0.9273757338523865,0.003970342222601175,Powdery Mildew,0.06690846383571625,Esca (Black Measles),0.003970342222601175,HIGH,MISCLASSIFICATION
TRACK_B_EXTERNAL,Grape,external_grape,AI-Challenger-2018-Grape,D:\CropDiseaseProject\results\model_robustness_audit\audit_images\track_b_external\grape\Esca (Black Measles)\baliwaka_00000023.jpg,Esca (Black Measles),3,Esca (Black Measles),3,True,0.9028943181037903,0.9028943181037903,Healthy Leaves,0.08825332671403885,Black Rot,0.004900657571852207,HIGH,CORRECT
TRACK_B_EXTERNAL,Grape,external_grape,AI-Challenger-2018-Grape,D:\CropDiseaseProject\results\model_robustness_audit\audit_images\track_b_external\grape\Esca (Black Measles)\baliwaka_00000024.jpg,Esca (Black Measles),3,Healthy Leaves,4,False,0.8117539286613464,0.0016384394839406013,Powdery Mildew,0.18541336059570312,Esca (Black Measles),0.0016384394839406013,HIGH,MISCLASSIFICATION
TRACK_B_EXTERNAL,Grape,external_grape,AI-Challenger-2018-Grape,D:\CropDiseaseProject\results\model_robustness_audit\audit_images\track_b_external\grape\Esca (Black Measles)\baliwaka_00000025.jpg,Esca (Black Measles),3,Healthy Leaves,4,False,0.7611662149429321,0.18106941878795624,Esca (Black Measles),0.18106941878795624,Powdery Mildew,0.034953489899635315,HIGH,MISCLASSIFICATION
TRACK_B_EXTERNAL,Grape,external_grape,AI-Challenger-2018-Grape,D:\CropDiseaseProject\results\model_robustness_audit\audit_images\track_b_external\grape\Esca (Black Measles)\baliwaka_00000026.jpg,Esca (Black Measles),3,Powdery Mildew,6,False,0.621675968170166,0.00014626761549152434,Healthy Leaves,0.3770817220211029,Downy Mildew,0.0010733583476394415,HIGH,MISCLASSIFICATION
TRACK_B_EXTERNAL,Grape,external_grape,AI-Challenger-2018-Grape,D:\CropDiseaseProject\results\model_robustness_audit\audit_images\track_b_external\grape\Esca (Black Measles)\baliwaka_00000027.jpg,Esca (Black Measles),3,Healthy Leaves,4,False,0.9854230880737305,0.0001248574408236891,Powdery Mildew,0.012867988087236881,Downy Mildew,0.001200449070893228,HIGH,MISCLASSIFICATION
TRACK_B_EXTERNAL,Grape,external_grape,AI-Challenger-2018-Grape,D:\CropDiseaseProject\results\model_robustness_audit\audit_images\track_b_external\grape\Esca (Black Measles)\baliwaka_00000028.jpg,Esca (Black Measles),3,Healthy Leaves,4,False,0.862619936466217,0.003676988882943988,Powdery Mildew,0.11524581909179688,Downy Mildew,0.013686839491128922,HIGH,MISCLASSIFICATION
TRACK_B_EXTERNAL,Grape,external_grape,AI-Challenger-2018-Grape,D:\CropDiseaseProject\results\model_robustness_audit\audit_images\track_b_external\grape\Esca (Black Measles)\baliwaka_00000029.jpg,Esca (Black Measles),3,Healthy Leaves,4,False,0.9702704548835754,0.0017774105072021484,Powdery Mildew,0.02775689586997032,Esca (Black Measles),0.0017774105072021484,HIGH,MISCLASSIFICATION
TRACK_B_EXTERNAL,Grape,external_grape,AI-Challenger-2018-Grape,D:\CropDiseaseProject\results\model_robustness_audit\audit_images\track_b_external\grape\Esca (Black Measles)\baliwaka_00000030.jpg,Esca (Black Measles),3,Healthy Leaves,4,False,0.6844151616096497,0.05020919814705849,Powdery Mildew,0.26519718766212463,Esca (Black Measles),0.05020919814705849,HIGH,MISCLASSIFICATION
TRACK_B_EXTERNAL,Grape,external_grape,AI-Challenger-2018-Grape,D:\CropDiseaseProject\results\model_robustness_audit\audit_images\track_b_external\grape\Leaf Blight\baliwaka_00000001.jpg,Leaf Blight,5,Powdery Mildew,6,False,0.8907604217529297,0.016459906473755836,Black Rot,0.06479416787624359,Esca (Black Measles),0.01861722394824028,HIGH,MISCLASSIFICATION
TRACK_B_EXTERNAL,Grape,external_grape,AI-Challenger-2018-Grape,D:\CropDiseaseProject\results\model_robustness_audit\audit_images\track_b_external\grape\Leaf Blight\baliwaka_00000002.jpg,Leaf Blight,5,Powdery Mildew,6,False,0.9624199271202087,0.005182652268558741,Downy Mildew,0.022080207243561745,Esca (Black Measles),0.009371847845613956,HIGH,MISCLASSIFICATION
TRACK_B_EXTERNAL,Grape,external_grape,AI-Challenger-2018-Grape,D:\CropDiseaseProject\results\model_robustness_audit\audit_images\track_b_external\grape\Leaf Blight\baliwaka_00000003.jpg,Leaf Blight,5,Esca (Black Measles),3,False,0.7583728432655334,0.009915304370224476,Healthy Leaves,0.19760537147521973,Powdery Mildew,0.025164762511849403,HIGH,MISCLASSIFICATION
TRACK_B_EXTERNAL,Grape,external_grape,AI-Challenger-2018-Grape,D:\CropDiseaseProject\results\model_robustness_audit\audit_images\track_b_external\grape\Leaf Blight\baliwaka_00000004.jpg,Leaf Blight,5,Powdery Mildew,6,False,0.9943437576293945,0.0017377155600115657,Healthy Leaves,0.002367530483752489,Leaf Blight,0.0017377155600115657,HIGH,MISCLASSIFICATION
TRACK_B_EXTERNAL,Grape,external_grape,AI-Challenger-2018-Grape,D:\CropDiseaseProject\results\model_robustness_audit\audit_images\track_b_external\grape\Leaf Blight\baliwaka_00000005.jpg,Leaf Blight,5,Powdery Mildew,6,False,0.6230810284614563,0.0018793814815580845,Healthy Leaves,0.21764419972896576,Downy Mildew,0.10475201159715652,HIGH,MISCLASSIFICATION
TRACK_B_EXTERNAL,Grape,external_grape,AI-Challenger-2018-Grape,D:\CropDiseaseProject\results\model_robustness_audit\audit_images\track_b_external\grape\Leaf Blight\baliwaka_00000006.jpg,Leaf Blight,5,Powdery Mildew,6,False,0.6015754342079163,0.08524902909994125,Esca (Black Measles),0.1928461790084839,Leaf Blight,0.08524902909994125,HIGH,MISCLASSIFICATION
TRACK_B_EXTERNAL,Grape,external_grape,AI-Challenger-2018-Grape,D:\CropDiseaseProject\results\model_robustness_audit\audit_images\track_b_external\grape\Leaf Blight\baliwaka_00000007.jpg,Leaf Blight,5,Bacterial Leaf Spot,0,False,0.29061439633369446,0.04090920835733414,Powdery Mildew,0.26989686489105225,Downy Mildew,0.21723158657550812,HIGH,MISCLASSIFICATION
TRACK_B_EXTERNAL,Grape,external_grape,AI-Challenger-2018-Grape,D:\CropDiseaseProject\results\model_robustness_audit\audit_images\track_b_external\grape\Leaf Blight\baliwaka_00000008.jpg,Leaf Blight,5,Downy Mildew,2,False,0.42399680614471436,0.015271434560418129,Powdery Mildew,0.37287795543670654,Esca (Black Measles),0.17901641130447388,HIGH,MISCLASSIFICATION
TRACK_B_EXTERNAL,Grape,external_grape,AI-Challenger-2018-Grape,D:\CropDiseaseProject\results\model_robustness_audit\audit_images\track_b_external\grape\Leaf Blight\baliwaka_00000009.jpg,Leaf Blight,5,Healthy Leaves,4,False,0.9001098275184631,1.790677742974367e-06,Powdery Mildew,0.09875718504190445,Black Rot,0.0009197353501804173,HIGH,MISCLASSIFICATION
TRACK_B_EXTERNAL,Grape,external_grape,AI-Challenger-2018-Grape,D:\CropDiseaseProject\results\model_robustness_audit\audit_images\track_b_external\grape\Leaf Blight\baliwaka_00000010.jpg,Leaf Blight,5,Powdery Mildew,6,False,0.7322429418563843,1.581331525812857e-05,Downy Mildew,0.1972929984331131,Healthy Leaves,0.07035354524850845,HIGH,MISCLASSIFICATION
TRACK_B_EXTERNAL,Grape,external_grape,AI-Challenger-2018-Grape,D:\CropDiseaseProject\results\model_robustness_audit\audit_images\track_b_external\grape\Leaf Blight\baliwaka_00000011.jpg,Leaf Blight,5,Leaf Blight,5,True,0.31975218653678894,0.31975218653678894,Bacterial Leaf Spot,0.21888303756713867,Esca (Black Measles),0.21752597391605377,HIGH,CORRECT
TRACK_B_EXTERNAL,Grape,external_grape,AI-Challenger-2018-Grape,D:\CropDiseaseProject\results\model_robustness_audit\audit_images\track_b_external\grape\Leaf Blight\baliwaka_00000012.jpg,Leaf Blight,5,Powdery Mildew,6,False,0.6866655945777893,0.09716574847698212,Leaf Blight,0.09716574847698212,Black Rot,0.06825590133666992,HIGH,MISCLASSIFICATION
TRACK_B_EXTERNAL,Grape,external_grape,AI-Challenger-2018-Grape,D:\CropDiseaseProject\results\model_robustness_audit\audit_images\track_b_external\grape\Leaf Blight\baliwaka_00000013.jpg,Leaf Blight,5,Powdery Mildew,6,False,0.3084525465965271,0.14680971205234528,Healthy Leaves,0.27160394191741943,Bacterial Leaf Spot,0.18261902034282684,HIGH,MISCLASSIFICATION
TRACK_B_EXTERNAL,Grape,external_grape,AI-Challenger-2018-Grape,D:\CropDiseaseProject\results\model_robustness_audit\audit_images\track_b_external\grape\Leaf Blight\baliwaka_00000014.jpg,Leaf Blight,5,Bacterial Leaf Spot,0,False,0.47987979650497437,0.0034904605709016323,Powdery Mildew,0.2396751195192337,Healthy Leaves,0.1547602415084839,HIGH,MISCLASSIFICATION
TRACK_B_EXTERNAL,Grape,external_grape,AI-Challenger-2018-Grape,D:\CropDiseaseProject\results\model_robustness_audit\audit_images\track_b_external\grape\Leaf Blight\baliwaka_00000015.jpg,Leaf Blight,5,Black Rot,1,False,0.24667112529277802,0.20948290824890137,Leaf Blight,0.20948290824890137,Downy Mildew,0.1931745558977127,HIGH,MISCLASSIFICATION
TRACK_B_EXTERNAL,Grape,external_grape,AI-Challenger-2018-Grape,D:\CropDiseaseProject\results\model_robustness_audit\audit_images\track_b_external\grape\Leaf Blight\baliwaka_00000016.jpg,Leaf Blight,5,Bacterial Leaf Spot,0,False,0.9574388265609741,0.005174312740564346,Powdery Mildew,0.018800916150212288,Healthy Leaves,0.0102844825014472,HIGH,MISCLASSIFICATION
TRACK_B_EXTERNAL,Grape,external_grape,AI-Challenger-2018-Grape,D:\CropDiseaseProject\results\model_robustness_audit\audit_images\track_b_external\grape\Leaf Blight\baliwaka_00000017.jpg,Leaf Blight,5,Powdery Mildew,6,False,0.9490072131156921,0.0067467475309967995,Bacterial Leaf Spot,0.017162328585982323,Downy Mildew,0.01607203297317028,HIGH,MISCLASSIFICATION
TRACK_B_EXTERNAL,Grape,external_grape,AI-Challenger-2018-Grape,D:\CropDiseaseProject\results\model_robustness_audit\audit_images\track_b_external\grape\Leaf Blight\baliwaka_00000018.jpg,Leaf Blight,5,Healthy Leaves,4,False,0.5839911103248596,0.0005211743409745395,Powdery Mildew,0.25262513756752014,Black Rot,0.09976344555616379,HIGH,MISCLASSIFICATION
TRACK_B_EXTERNAL,Grape,external_grape,AI-Challenger-2018-Grape,D:\CropDiseaseProject\results\model_robustness_audit\audit_images\track_b_external\grape\Leaf Blight\baliwaka_00000019.jpg,Leaf Blight,5,Powdery Mildew,6,False,0.8646417260169983,0.0355469174683094,Downy Mildew,0.08511076122522354,Leaf Blight,0.0355469174683094,HIGH,MISCLASSIFICATION
TRACK_B_EXTERNAL,Grape,external_grape,AI-Challenger-2018-Grape,D:\CropDiseaseProject\results\model_robustness_audit\audit_images\track_b_external\grape\Leaf Blight\baliwaka_00000020.jpg,Leaf Blight,5,Powdery Mildew,6,False,0.7794408202171326,0.0022219389211386442,Healthy Leaves,0.17823921144008636,Esca (Black Measles),0.0257856622338295,HIGH,MISCLASSIFICATION
TRACK_B_EXTERNAL,Grape,external_grape,AI-Challenger-2018-Grape,D:\CropDiseaseProject\results\model_robustness_audit\audit_images\track_b_external\grape\Leaf Blight\baliwaka_00000021.jpg,Leaf Blight,5,Powdery Mildew,6,False,0.9482808113098145,0.0002024191344389692,Bacterial Leaf Spot,0.03958525508642197,Healthy Leaves,0.006628693547099829,HIGH,MISCLASSIFICATION
TRACK_B_EXTERNAL,Grape,external_grape,AI-Challenger-2018-Grape,D:\CropDiseaseProject\results\model_robustness_audit\audit_images\track_b_external\grape\Leaf Blight\baliwaka_00000022.jpg,Leaf Blight,5,Powdery Mildew,6,False,0.9404515624046326,0.024650081992149353,Leaf Blight,0.024650081992149353,Bacterial Leaf Spot,0.015548084862530231,HIGH,MISCLASSIFICATION
TRACK_B_EXTERNAL,Grape,external_grape,AI-Challenger-2018-Grape,D:\CropDiseaseProject\results\model_robustness_audit\audit_images\track_b_external\grape\Leaf Blight\baliwaka_00000023.jpg,Leaf Blight,5,Healthy Leaves,4,False,0.9738986492156982,3.961734182666987e-05,Powdery Mildew,0.017359351739287376,Downy Mildew,0.008002068847417831,HIGH,MISCLASSIFICATION
TRACK_B_EXTERNAL,Grape,external_grape,AI-Challenger-2018-Grape,D:\CropDiseaseProject\results\model_robustness_audit\audit_images\track_b_external\grape\Leaf Blight\baliwaka_00000024.jpg,Leaf Blight,5,Healthy Leaves,4,False,0.49276572465896606,0.07185140997171402,Black Rot,0.20993554592132568,Esca (Black Measles),0.15550550818443298,HIGH,MISCLASSIFICATION
TRACK_B_EXTERNAL,Grape,external_grape,AI-Challenger-2018-Grape,D:\CropDiseaseProject\results\model_robustness_audit\audit_images\track_b_external\grape\Leaf Blight\baliwaka_00000025.jpg,Leaf Blight,5,Powdery Mildew,6,False,0.9634547829627991,0.009221034124493599,Leaf Blight,0.009221034124493599,Healthy Leaves,0.008960516192018986,HIGH,MISCLASSIFICATION
TRACK_B_EXTERNAL,Grape,external_grape,AI-Challenger-2018-Grape,D:\CropDiseaseProject\results\model_robustness_audit\audit_images\track_b_external\grape\Leaf Blight\baliwaka_00000026.jpg,Leaf Blight,5,Powdery Mildew,6,False,0.9635820388793945,0.001144894864410162,Healthy Leaves,0.014023439027369022,Downy Mildew,0.009738396853208542,HIGH,MISCLASSIFICATION
TRACK_B_EXTERNAL,Grape,external_grape,AI-Challenger-2018-Grape,D:\CropDiseaseProject\results\model_robustness_audit\audit_images\track_b_external\grape\Leaf Blight\baliwaka_00000027.jpg,Leaf Blight,5,Healthy Leaves,4,False,0.5264661312103271,0.12139512598514557,Black Rot,0.2394745796918869,Leaf Blight,0.12139512598514557,HIGH,MISCLASSIFICATION
TRACK_B_EXTERNAL,Grape,external_grape,AI-Challenger-2018-Grape,D:\CropDiseaseProject\results\model_robustness_audit\audit_images\track_b_external\grape\Leaf Blight\baliwaka_00000028.jpg,Leaf Blight,5,Powdery Mildew,6,False,0.9710947871208191,0.0037208260037004948,Healthy Leaves,0.014340342953801155,Downy Mildew,0.005934597924351692,HIGH,MISCLASSIFICATION
TRACK_B_EXTERNAL,Grape,external_grape,AI-Challenger-2018-Grape,D:\CropDiseaseProject\results\model_robustness_audit\audit_images\track_b_external\grape\Leaf Blight\baliwaka_00000029.jpg,Leaf Blight,5,Powdery Mildew,6,False,0.6190894842147827,0.01785483956336975,Healthy Leaves,0.2803468406200409,Black Rot,0.047111205756664276,HIGH,MISCLASSIFICATION
TRACK_B_EXTERNAL,Grape,external_grape,AI-Challenger-2018-Grape,D:\CropDiseaseProject\results\model_robustness_audit\audit_images\track_b_external\grape\Leaf Blight\baliwaka_00000030.jpg,Leaf Blight,5,Powdery Mildew,6,False,0.9985490441322327,0.0006749149761162698,Leaf Blight,0.0006749149761162698,Esca (Black Measles),0.0002903373970184475,HIGH,MISCLASSIFICATION
TRACK_B_EXTERNAL,Grape,external_grape,GLDD-Dataset,D:\CropDiseaseProject\results\model_robustness_audit\audit_images\track_b_external\grape\Powdery Mildew\gldd_003e8cb4-02e0-4e82-94c2-8845d178c088_jpg.rf.838d6db1c071c16d252bbed873fe1ae8.jpg,Powdery Mildew,6,Healthy Leaves,4,False,0.6712376475334167,0.0031394606921821833,Esca (Black Measles),0.2890443503856659,Bacterial Leaf Spot,0.03636254370212555,HIGH,MISCLASSIFICATION
TRACK_B_EXTERNAL,Grape,external_grape,GLDD-Dataset,D:\CropDiseaseProject\results\model_robustness_audit\audit_images\track_b_external\grape\Powdery Mildew\gldd_029dfa4d-a08d-4ff3-82f3-45c56330f16f_jpg.rf.8f7a59bec5f029ad68b9f050db854d3e.jpg,Powdery Mildew,6,Healthy Leaves,4,False,0.898561954498291,3.372307401150465e-05,Esca (Black Measles),0.10139090567827225,Powdery Mildew,3.372307401150465e-05,HIGH,MISCLASSIFICATION
TRACK_B_EXTERNAL,Grape,external_grape,GLDD-Dataset,D:\CropDiseaseProject\results\model_robustness_audit\audit_images\track_b_external\grape\Powdery Mildew\gldd_099a83f8-97a6-4802-9261-3231550a5834_jpg.rf.6434058691a2b6f7f8aa8f4e9788ac16.jpg,Powdery Mildew,6,Esca (Black Measles),3,False,0.5177139043807983,0.000975165399722755,Black Rot,0.31379857659339905,Leaf Blight,0.15980397164821625,HIGH,MISCLASSIFICATION
TRACK_B_EXTERNAL,Grape,external_grape,GLDD-Dataset,D:\CropDiseaseProject\results\model_robustness_audit\audit_images\track_b_external\grape\Downy Mildew\gldd_1573744-PPT_jpg.rf.71758ce1e89ecb1357630780f438940d.jpg,Downy Mildew,2,Healthy Leaves,4,False,0.906465470790863,0.0016840551979839802,Leaf Blight,0.05456231161952019,Esca (Black Measles),0.03232349827885628,HIGH,MISCLASSIFICATION
TRACK_B_EXTERNAL,Grape,external_grape,GLDD-Dataset,D:\CropDiseaseProject\results\model_robustness_audit\audit_images\track_b_external\grape\Downy Mildew\gldd_1_jpg.rf.361e3c2f1eb29cc6e36e438efc5e4969.jpg,Downy Mildew,2,Black Rot,1,False,0.5867783427238464,0.0004945668042637408,Healthy Leaves,0.2002149373292923,Esca (Black Measles),0.19332431256771088,HIGH,MISCLASSIFICATION
TRACK_B_EXTERNAL,Grape,external_grape,GLDD-Dataset,D:\CropDiseaseProject\results\model_robustness_audit\audit_images\track_b_external\grape\Powdery Mildew\gldd_20ff1f14-be9e-4a1b-bc79-b83804e37075_jpg.rf.6ad9c053ea41ca1a8462d1b69eae7275.jpg,Powdery Mildew,6,Healthy Leaves,4,False,0.9905897378921509,0.0004235495289321989,Esca (Black Measles),0.008515669964253902,Powdery Mildew,0.0004235495289321989,HIGH,MISCLASSIFICATION
TRACK_B_EXTERNAL,Grape,external_grape,GLDD-Dataset,D:\CropDiseaseProject\results\model_robustness_audit\audit_images\track_b_external\grape\Downy Mildew\gldd_3-56_thumb_png_jpg.rf.d8c0165152f5b7a3e6cdae631538e2d3.jpg,Downy Mildew,2,Black Rot,1,False,0.5848566889762878,5.784228051197715e-05,Leaf Blight,0.2679823040962219,Bacterial Leaf Spot,0.09871591627597809,HIGH,MISCLASSIFICATION
TRACK_B_EXTERNAL,Grape,external_grape,GLDD-Dataset,D:\CropDiseaseProject\results\model_robustness_audit\audit_images\track_b_external\grape\Powdery Mildew\gldd_31eb63a5-a19a-4b33-b777-dab5acd099a0_jpg.rf.d255a74c375a58b13976f3154114e8e5.jpg,Powdery Mildew,6,Healthy Leaves,4,False,0.8429715633392334,0.029285620898008347,Esca (Black Measles),0.10958882421255112,Powdery Mildew,0.029285620898008347,HIGH,MISCLASSIFICATION
TRACK_B_EXTERNAL,Grape,external_grape,GLDD-Dataset,D:\CropDiseaseProject\results\model_robustness_audit\audit_images\track_b_external\grape\Powdery Mildew\gldd_3eaab474-e2bd-4e2d-b8fa-e42c38133b32_jpg.rf.bac3588b02d2a6c96d6aa279cf097fbc.jpg,Powdery Mildew,6,Healthy Leaves,4,False,0.5869910717010498,4.029325737064937e-06,Bacterial Leaf Spot,0.4130033552646637,Powdery Mildew,4.029325737064937e-06,HIGH,MISCLASSIFICATION
TRACK_B_EXTERNAL,Grape,external_grape,GLDD-Dataset,D:\CropDiseaseProject\results\model_robustness_audit\audit_images\track_b_external\grape\Powdery Mildew\gldd_4046e66d-1078-4435-ae80-375541e7f722_jpg.rf.bcd7546362feb5820352e8f30a3863a2.jpg,Powdery Mildew,6,Healthy Leaves,4,False,0.9855698943138123,0.0012409279588609934,Esca (Black Measles),0.013065086677670479,Powdery Mildew,0.0012409279588609934,HIGH,MISCLASSIFICATION
TRACK_B_EXTERNAL,Grape,external_grape,GLDD-Dataset,D:\CropDiseaseProject\results\model_robustness_audit\audit_images\track_b_external\grape\Powdery Mildew\gldd_46db51bf-0485-42e2-bdfd-505fecf6ba6a_jpg.rf.0f39e9e9e8ec322d0c1f0b6e14778253.jpg,Powdery Mildew,6,Esca (Black Measles),3,False,0.8279837965965271,0.09538375586271286,Powdery Mildew,0.09538375586271286,Healthy Leaves,0.06113196536898613,HIGH,MISCLASSIFICATION
TRACK_B_EXTERNAL,Grape,external_grape,GLDD-Dataset,D:\CropDiseaseProject\results\model_robustness_audit\audit_images\track_b_external\grape\Powdery Mildew\gldd_4b4ab7cb-5243-4fe4-90d1-cfeff8477ee4_jpg.rf.cc5f0fcaabd9bfdbee9d597cc5a20a06.jpg,Powdery Mildew,6,Esca (Black Measles),3,False,0.5720056891441345,0.0006514564156532288,Healthy Leaves,0.42679333686828613,Powdery Mildew,0.0006514564156532288,HIGH,MISCLASSIFICATION
TRACK_B_EXTERNAL,Grape,external_grape,GLDD-Dataset,D:\CropDiseaseProject\results\model_robustness_audit\audit_images\track_b_external\grape\Downy Mildew\gldd_5506260-PPT_jpg.rf.82770f75e58ba789668aa3a6c5472ebe.jpg,Downy Mildew,2,Healthy Leaves,4,False,0.7569550275802612,0.001645070151425898,Black Rot,0.22265973687171936,Powdery Mildew,0.012882373295724392,HIGH,MISCLASSIFICATION
TRACK_B_EXTERNAL,Grape,external_grape,GLDD-Dataset,D:\CropDiseaseProject\results\model_robustness_audit\audit_images\track_b_external\grape\Downy Mildew\gldd_5556502-PPT_jpg.rf.c232cd5f49347a35ed08225fb29aed3b.jpg,Downy Mildew,2,Black Rot,1,False,0.6127877831459045,0.0007941115763969719,Powdery Mildew,0.17424893379211426,Leaf Blight,0.14900609850883484,HIGH,MISCLASSIFICATION
TRACK_B_EXTERNAL,Grape,external_grape,GLDD-Dataset,D:\CropDiseaseProject\results\model_robustness_audit\audit_images\track_b_external\grape\Downy Mildew\gldd_55830b60a7cf2-image_jpg.rf.5bcb11a6e0d83c1872e0f78c89647ae6.jpg,Downy Mildew,2,Leaf Blight,5,False,0.5533568859100342,0.03609541058540344,Esca (Black Measles),0.3560415208339691,Downy Mildew,0.03609541058540344,HIGH,MISCLASSIFICATION
TRACK_B_EXTERNAL,Grape,external_grape,GLDD-Dataset,D:\CropDiseaseProject\results\model_robustness_audit\audit_images\track_b_external\grape\Downy Mildew\gldd_5586132-PPT_jpg.rf.8e7a65ba6e39182ac275c5538693a43a.jpg,Downy Mildew,2,Black Rot,1,False,0.8405469655990601,0.00526383938267827,Esca (Black Measles),0.09219992160797119,Leaf Blight,0.026974307373166084,HIGH,MISCLASSIFICATION
TRACK_B_EXTERNAL,Grape,external_grape,GLDD-Dataset,D:\CropDiseaseProject\results\model_robustness_audit\audit_images\track_b_external\grape\Downy Mildew\gldd_5602327-PPT_jpg.rf.6bb8d470cb1b80eac0cd622c27e2ee60.jpg,Downy Mildew,2,Downy Mildew,2,True,0.5270593166351318,0.5270593166351318,Esca (Black Measles),0.2718110978603363,Powdery Mildew,0.146502286195755,HIGH,CORRECT
TRACK_B_EXTERNAL,Grape,external_grape,GLDD-Dataset,D:\CropDiseaseProject\results\model_robustness_audit\audit_images\track_b_external\grape\Downy Mildew\gldd_5602330-PPT_jpg.rf.8684699ed89897ca11ccadfc8fde047c.jpg,Downy Mildew,2,Healthy Leaves,4,False,0.7979795932769775,0.01945880614221096,Powdery Mildew,0.1766011118888855,Downy Mildew,0.01945880614221096,HIGH,MISCLASSIFICATION
TRACK_B_EXTERNAL,Grape,external_grape,GLDD-Dataset,D:\CropDiseaseProject\results\model_robustness_audit\audit_images\track_b_external\grape\Downy Mildew\gldd_5602331-PPT_jpg.rf.1609eaa2e436930c4fa4b21e1ba26442.jpg,Downy Mildew,2,Powdery Mildew,6,False,0.9782016277313232,0.016469232738018036,Downy Mildew,0.016469232738018036,Healthy Leaves,0.0033899880945682526,HIGH,MISCLASSIFICATION
TRACK_B_EXTERNAL,Grape,external_grape,GLDD-Dataset,D:\CropDiseaseProject\results\model_robustness_audit\audit_images\track_b_external\grape\Downy Mildew\gldd_5602331-PPT_jpg.rf.fe8cebfc9a493fd3148fa90a7ba95671.jpg,Downy Mildew,2,Powdery Mildew,6,False,0.9859970808029175,0.007716020569205284,Downy Mildew,0.007716020569205284,Esca (Black Measles),0.003685746109113097,HIGH,MISCLASSIFICATION
TRACK_B_EXTERNAL,Grape,external_grape,GLDD-Dataset,D:\CropDiseaseProject\results\model_robustness_audit\audit_images\track_b_external\grape\Downy Mildew\gldd_5602343-PPT_jpg.rf.35c7059b28e8745b0f0c05545ffd9ba5.jpg,Downy Mildew,2,Black Rot,1,False,0.3360770642757416,0.3207971751689911,Downy Mildew,0.3207971751689911,Leaf Blight,0.15701472759246826,HIGH,MISCLASSIFICATION
TRACK_B_EXTERNAL,Grape,external_grape,GLDD-Dataset,D:\CropDiseaseProject\results\model_robustness_audit\audit_images\track_b_external\grape\Downy Mildew\gldd_5602347-PPT_jpg.rf.c1f77f67ad4ad50b0ac5e3af9a8a5a3d.jpg,Downy Mildew,2,Healthy Leaves,4,False,0.9521987438201904,2.1446833216032246e-06,Esca (Black Measles),0.04682080075144768,Black Rot,0.0004939486971125007,HIGH,MISCLASSIFICATION
TRACK_B_EXTERNAL,Grape,external_grape,GLDD-Dataset,D:\CropDiseaseProject\results\model_robustness_audit\audit_images\track_b_external\grape\Downy Mildew\gldd_5602348-PPT_jpg.rf.c2d13d6f687de1b58a2702ee915aebf4.jpg,Downy Mildew,2,Powdery Mildew,6,False,0.6924315690994263,0.29216820001602173,Downy Mildew,0.29216820001602173,Healthy Leaves,0.011164109222590923,HIGH,MISCLASSIFICATION
TRACK_B_EXTERNAL,Grape,external_grape,GLDD-Dataset,D:\CropDiseaseProject\results\model_robustness_audit\audit_images\track_b_external\grape\Downy Mildew\gldd_5602361-PPT_jpg.rf.e84ffe7d82bff858a6542f5a92fe77d9.jpg,Downy Mildew,2,Healthy Leaves,4,False,0.9947711825370789,8.319576636495185e-07,Black Rot,0.0048417323268949986,Bacterial Leaf Spot,0.00028327718609943986,HIGH,MISCLASSIFICATION
TRACK_B_EXTERNAL,Grape,external_grape,GLDD-Dataset,D:\CropDiseaseProject\results\model_robustness_audit\audit_images\track_b_external\grape\Downy Mildew\gldd_5602378-PPT_jpg.rf.c18e1f4b4adf2a2eef83e52a73573d62.jpg,Downy Mildew,2,Leaf Blight,5,False,0.7167336344718933,0.0006188562838360667,Healthy Leaves,0.2095993608236313,Esca (Black Measles),0.034287840127944946,HIGH,MISCLASSIFICATION
TRACK_B_EXTERNAL,Grape,external_grape,GLDD-Dataset,D:\CropDiseaseProject\results\model_robustness_audit\audit_images\track_b_external\grape\Downy Mildew\gldd_5602380-PPT_jpg.rf.c15352f7d6af8017ae6f3653f5fd7cdc.jpg,Downy Mildew,2,Healthy Leaves,4,False,0.9962912797927856,6.429597476653726e-08,Powdery Mildew,0.0037067860830575228,Bacterial Leaf Spot,1.9275278191344114e-06,HIGH,MISCLASSIFICATION
TRACK_B_EXTERNAL,Grape,external_grape,GLDD-Dataset,D:\CropDiseaseProject\results\model_robustness_audit\audit_images\track_b_external\grape\Downy Mildew\gldd_5602389-PPT_jpg.rf.e6c7fa3ea3e2fbe2aac8bbf8cd96a2f5.jpg,Downy Mildew,2,Healthy Leaves,4,False,0.8732728958129883,0.1213247999548912,Downy Mildew,0.1213247999548912,Powdery Mildew,0.0029570781625807285,HIGH,MISCLASSIFICATION
TRACK_B_EXTERNAL,Grape,external_grape,GLDD-Dataset,D:\CropDiseaseProject\results\model_robustness_audit\audit_images\track_b_external\grape\Downy Mildew\gldd_5602414-PPT_jpg.rf.5447e814fd916853021760218df4ad2b.jpg,Downy Mildew,2,Healthy Leaves,4,False,0.42813292145729065,0.1862698793411255,Black Rot,0.37774428725242615,Downy Mildew,0.1862698793411255,HIGH,MISCLASSIFICATION
TRACK_B_EXTERNAL,Grape,external_grape,GLDD-Dataset,D:\CropDiseaseProject\results\model_robustness_audit\audit_images\track_b_external\grape\Downy Mildew\gldd_5602415-PPT_jpg.rf.60ca103e8f921c5388ea83ff6bb1cce9.jpg,Downy Mildew,2,Powdery Mildew,6,False,0.7754328846931458,0.16432978212833405,Downy Mildew,0.16432978212833405,Healthy Leaves,0.050239138305187225,HIGH,MISCLASSIFICATION
TRACK_B_EXTERNAL,Grape,external_grape,GLDD-Dataset,D:\CropDiseaseProject\results\model_robustness_audit\audit_images\track_b_external\grape\Downy Mildew\gldd_5602416-PPT_jpg.rf.3a04c11dc3a7ef0aa37e25414fa48824.jpg,Downy Mildew,2,Healthy Leaves,4,False,0.9143271446228027,0.0033482688013464212,Black Rot,0.07496042549610138,Bacterial Leaf Spot,0.003609936684370041,HIGH,MISCLASSIFICATION
TRACK_B_EXTERNAL,Grape,external_grape,GLDD-Dataset,D:\CropDiseaseProject\results\model_robustness_audit\audit_images\track_b_external\grape\Downy Mildew\gldd_5602444-PPT_jpg.rf.c837403dab2ca2ccf02ab2e1bde59148.jpg,Downy Mildew,2,Black Rot,1,False,0.6815383434295654,9.611344466975424e-06,Healthy Leaves,0.21169567108154297,Esca (Black Measles),0.09216643869876862,HIGH,MISCLASSIFICATION
TRACK_B_EXTERNAL,Grape,external_grape,GLDD-Dataset,D:\CropDiseaseProject\results\model_robustness_audit\audit_images\track_b_external\grape\Downy Mildew\gldd_5602449-PPT_jpg.rf.9fddaaf9c1a45786d5c7e32816d3e6a4.jpg,Downy Mildew,2,Black Rot,1,False,0.9858893156051636,0.0009201767388731241,Leaf Blight,0.011830107308924198,Esca (Black Measles),0.0011776071041822433,HIGH,MISCLASSIFICATION
TRACK_B_EXTERNAL,Grape,external_grape,GLDD-Dataset,D:\CropDiseaseProject\results\model_robustness_audit\audit_images\track_b_external\grape\Downy Mildew\gldd_5602468-PPT_jpg.rf.057422736816b9060236a70fee85b872.jpg,Downy Mildew,2,Esca (Black Measles),3,False,0.7767651677131653,1.0770932021841872e-06,Leaf Blight,0.19019798934459686,Black Rot,0.032430123537778854,HIGH,MISCLASSIFICATION
TRACK_B_EXTERNAL,Grape,external_grape,GLDD-Dataset,D:\CropDiseaseProject\results\model_robustness_audit\audit_images\track_b_external\grape\Downy Mildew\gldd_5602469-PPT_jpg.rf.6aa331f04d3086a0d3942881c3612bd1.jpg,Downy Mildew,2,Powdery Mildew,6,False,0.7954602241516113,0.028795575723052025,Healthy Leaves,0.08290038257837296,Black Rot,0.04314325004816055,HIGH,MISCLASSIFICATION
TRACK_B_EXTERNAL,Grape,external_grape,GLDD-Dataset,D:\CropDiseaseProject\results\model_robustness_audit\audit_images\track_b_external\grape\Downy Mildew\gldd_5602484-PPT_jpg.rf.733c31c322baabb79a67ec2c4325b385.jpg,Downy Mildew,2,Healthy Leaves,4,False,0.6868664026260376,0.004289810545742512,Powdery Mildew,0.2822485864162445,Esca (Black Measles),0.015292510390281677,HIGH,MISCLASSIFICATION
TRACK_B_EXTERNAL,Grape,external_grape,GLDD-Dataset,D:\CropDiseaseProject\results\model_robustness_audit\audit_images\track_b_external\grape\Downy Mildew\gldd_5602488-PPT_jpg.rf.7a328b9ed33146457be84eb1717982cc.jpg,Downy Mildew,2,Downy Mildew,2,True,0.8128558397293091,0.8128558397293091,Healthy Leaves,0.10131664574146271,Powdery Mildew,0.08294066786766052,HIGH,CORRECT
TRACK_B_EXTERNAL,Grape,external_grape,GLDD-Dataset,D:\CropDiseaseProject\results\model_robustness_audit\audit_images\track_b_external\grape\Downy Mildew\gldd_5602664-PPT_jpg.rf.d1870f5c03374f20014c98129561260f.jpg,Downy Mildew,2,Black Rot,1,False,0.6935741901397705,2.5773177185328677e-05,Esca (Black Measles),0.18071618676185608,Leaf Blight,0.12184121459722519,HIGH,MISCLASSIFICATION
TRACK_B_EXTERNAL,Grape,external_grape,GLDD-Dataset,D:\CropDiseaseProject\results\model_robustness_audit\audit_images\track_b_external\grape\Downy Mildew\gldd_5602752-PPT_jpg.rf.18159aff56ffc80775474bd1cf251bfc.jpg,Downy Mildew,2,Powdery Mildew,6,False,0.9623737931251526,0.028033629059791565,Downy Mildew,0.028033629059791565,Black Rot,0.006935520097613335,HIGH,MISCLASSIFICATION
TRACK_B_EXTERNAL,Grape,external_grape,GLDD-Dataset,D:\CropDiseaseProject\results\model_robustness_audit\audit_images\track_b_external\grape\Downy Mildew\gldd_5602755-PPT_jpg.rf.af2df93825e29216ed737ef3ed930c29.jpg,Downy Mildew,2,Black Rot,1,False,0.7630298733711243,0.0005178641295060515,Esca (Black Measles),0.16265574097633362,Powdery Mildew,0.04627494886517525,HIGH,MISCLASSIFICATION
TRACK_B_EXTERNAL,Grape,external_grape,GLDD-Dataset,D:\CropDiseaseProject\results\model_robustness_audit\audit_images\track_b_external\grape\Powdery Mildew\gldd_5683e0ab-9105-4c16-8917-8b7a1adf4432_jpg.rf.95d9f18fa751c0a7921776a6a40df6fc.jpg,Powdery Mildew,6,Healthy Leaves,4,False,0.8807289004325867,0.00016096104809548706,Esca (Black Measles),0.11663918197154999,Bacterial Leaf Spot,0.002340899780392647,HIGH,MISCLASSIFICATION
TRACK_B_EXTERNAL,Grape,external_grape,GLDD-Dataset,D:\CropDiseaseProject\results\model_robustness_audit\audit_images\track_b_external\grape\Powdery Mildew\gldd_5858549c-ae82-4ae0-93c6-d93661d71b1f_jpg.rf.a6de6130d7c8613a9d8c3559f04de6d1.jpg,Powdery Mildew,6,Esca (Black Measles),3,False,0.7674282789230347,2.1748471681348747e-06,Healthy Leaves,0.23252172768115997,Leaf Blight,2.3591146600665525e-05,HIGH,MISCLASSIFICATION
TRACK_B_EXTERNAL,Grape,external_grape,GLDD-Dataset,D:\CropDiseaseProject\results\model_robustness_audit\audit_images\track_b_external\grape\Powdery Mildew\gldd_5a85e72a-2cbb-45fe-8093-fa230730e6c2_jpg.rf.aad8a30391dbf7caf36a41be3ad6d5a3.jpg,Powdery Mildew,6,Healthy Leaves,4,False,0.9278396964073181,1.0918342013610527e-05,Esca (Black Measles),0.0713372603058815,Leaf Blight,0.000800667388830334,HIGH,MISCLASSIFICATION
TRACK_B_EXTERNAL,Grape,external_grape,GLDD-Dataset,D:\CropDiseaseProject\results\model_robustness_audit\audit_images\track_b_external\grape\Powdery Mildew\gldd_5d24d1fe-779a-4d4f-a58f-f2cd93e71ef6_jpg.rf.1beacdff61b5f7ea46bf296d7ba86037.jpg,Powdery Mildew,6,Healthy Leaves,4,False,0.9904852509498596,0.0004060291685163975,Esca (Black Measles),0.00735455984249711,Bacterial Leaf Spot,0.0017334652366116643,HIGH,MISCLASSIFICATION
TRACK_B_EXTERNAL,Grape,external_grape,GLDD-Dataset,D:\CropDiseaseProject\results\model_robustness_audit\audit_images\track_b_external\grape\Powdery Mildew\gldd_5e893c80-ce5f-4cd4-906e-5ce169d3066d_jpg.rf.683c110ee0c2a016d152a8a773e5232f.jpg,Powdery Mildew,6,Healthy Leaves,4,False,0.7629886269569397,0.05323462933301926,Bacterial Leaf Spot,0.13406457006931305,Powdery Mildew,0.05323462933301926,HIGH,MISCLASSIFICATION
TRACK_B_EXTERNAL,Grape,external_grape,GLDD-Dataset,D:\CropDiseaseProject\results\model_robustness_audit\audit_images\track_b_external\grape\Powdery Mildew\gldd_5ffbc6f2-eeec-40d4-a09a-4f09bcdbed31_jpg.rf.75a48ddead7cad53be033b530b4c901e.jpg,Powdery Mildew,6,Powdery Mildew,6,True,0.3271297812461853,0.3271297812461853,Downy Mildew,0.297331303358078,Bacterial Leaf Spot,0.2533031105995178,HIGH,CORRECT
TRACK_B_EXTERNAL,Grape,external_grape,GLDD-Dataset,D:\CropDiseaseProject\results\model_robustness_audit\audit_images\track_b_external\grape\Powdery Mildew\gldd_66e3d906-fff6-4cfd-b5ff-ae5105a733f6_jpg.rf.a8a02dd8fe50bcfa712fb2ffb345411a.jpg,Powdery Mildew,6,Esca (Black Measles),3,False,0.9439387321472168,0.006497279275208712,Bacterial Leaf Spot,0.039031434804201126,Healthy Leaves,0.00826194416731596,HIGH,MISCLASSIFICATION
TRACK_B_EXTERNAL,Grape,external_grape,GLDD-Dataset,D:\CropDiseaseProject\results\model_robustness_audit\audit_images\track_b_external\grape\Powdery Mildew\gldd_6c0c9c4f-5c20-487f-8482-ad1f1a141ec5_jpg.rf.152a7f2a3d5e58233d389f7586518d23.jpg,Powdery Mildew,6,Healthy Leaves,4,False,0.9943743944168091,0.000206060751224868,Bacterial Leaf Spot,0.003687236225232482,Esca (Black Measles),0.0015495422994717956,HIGH,MISCLASSIFICATION
TRACK_B_EXTERNAL,Grape,external_grape,GLDD-Dataset,D:\CropDiseaseProject\results\model_robustness_audit\audit_images\track_b_external\grape\Powdery Mildew\gldd_6dc3ad0f-a535-400d-aa70-f54ae16c87a5_jpg.rf.0079cfad565ea610282b3ebee97786ce.jpg,Powdery Mildew,6,Healthy Leaves,4,False,0.5891736149787903,0.005888385232537985,Esca (Black Measles),0.3959859311580658,Leaf Blight,0.008180360309779644,HIGH,MISCLASSIFICATION
TRACK_B_EXTERNAL,Grape,external_grape,GLDD-Dataset,D:\CropDiseaseProject\results\model_robustness_audit\audit_images\track_b_external\grape\Powdery Mildew\gldd_6dfda380-a391-40ae-b729-cd5a27d664df_jpg.rf.3fe7b18cce99f02987f59e032e7abfa3.jpg,Powdery Mildew,6,Esca (Black Measles),3,False,0.5469201803207397,5.29075987287797e-05,Healthy Leaves,0.45208030939102173,Leaf Blight,0.0008439361699856818,HIGH,MISCLASSIFICATION
TRACK_B_EXTERNAL,Grape,external_grape,GLDD-Dataset,D:\CropDiseaseProject\results\model_robustness_audit\audit_images\track_b_external\grape\Powdery Mildew\gldd_847d0c3b-8d79-4d33-b73b-8a758f6dd55f_jpg.rf.2009b251f629b2362a9d10e603ac0dae.jpg,Powdery Mildew,6,Healthy Leaves,4,False,0.9192835688591003,0.0031319402623921633,Esca (Black Measles),0.07142303138971329,Bacterial Leaf Spot,0.005897947587072849,HIGH,MISCLASSIFICATION
TRACK_B_EXTERNAL,Grape,external_grape,GLDD-Dataset,D:\CropDiseaseProject\results\model_robustness_audit\audit_images\track_b_external\grape\Powdery Mildew\gldd_8a0a817e-3f2e-4232-be9c-219df06a08ac_jpg.rf.6025a04de507b8576adb4077d65a2244.jpg,Powdery Mildew,6,Healthy Leaves,4,False,0.6530652046203613,0.024572011083364487,Esca (Black Measles),0.2871096730232239,Bacterial Leaf Spot,0.030757857486605644,HIGH,MISCLASSIFICATION
TRACK_B_EXTERNAL,Grape,external_grape,GLDD-Dataset,D:\CropDiseaseProject\results\model_robustness_audit\audit_images\track_b_external\grape\Powdery Mildew\gldd_8d702eb5-6cac-4bc7-b9eb-2c1a12f120b2_jpg.rf.a905e16df132fc85fb7d08ca9ada2e01.jpg,Powdery Mildew,6,Healthy Leaves,4,False,0.9951209425926208,0.0003558322787284851,Black Rot,0.0039764330722391605,Powdery Mildew,0.0003558322787284851,HIGH,MISCLASSIFICATION
TRACK_B_EXTERNAL,Grape,external_grape,GLDD-Dataset,D:\CropDiseaseProject\results\model_robustness_audit\audit_images\track_b_external\grape\Powdery Mildew\gldd_97579a02-3378-4197-866a-efe4cb971a42_jpg.rf.5de64aa46c1a2e2dfaff997ac5f1c01a.jpg,Powdery Mildew,6,Healthy Leaves,4,False,0.971674382686615,0.0006367241148836911,Esca (Black Measles),0.026430044323205948,Leaf Blight,0.001174241304397583,HIGH,MISCLASSIFICATION
TRACK_B_EXTERNAL,Grape,external_grape,GLDD-Dataset,D:\CropDiseaseProject\results\model_robustness_audit\audit_images\track_b_external\grape\Powdery Mildew\gldd_98f7a979-ac4f-4b8d-b5c2-e08abb76b70d_jpg.rf.05d59968e064eb80155eef61365cc3d1.jpg,Powdery Mildew,6,Healthy Leaves,4,False,0.7598724961280823,0.002369582885876298,Esca (Black Measles),0.18889601528644562,Bacterial Leaf Spot,0.04633459821343422,HIGH,MISCLASSIFICATION
TRACK_B_EXTERNAL,Grape,external_grape,GLDD-Dataset,D:\CropDiseaseProject\results\model_robustness_audit\audit_images\track_b_external\grape\Powdery Mildew\gldd_9fd44bee-07e8-4d30-ad53-f09e3bb5ba57_jpg.rf.37ba4093cf1a984e5c4a98f94ed2a49a.jpg,Powdery Mildew,6,Esca (Black Measles),3,False,0.99980229139328,8.514796867586938e-09,Leaf Blight,0.00018178609025198966,Healthy Leaves,1.294476260227384e-05,HIGH,MISCLASSIFICATION
TRACK_B_EXTERNAL,Grape,external_grape,GLDD-Dataset,D:\CropDiseaseProject\results\model_robustness_audit\audit_images\track_b_external\grape\Powdery Mildew\gldd_ade9542b-99e1-4369-bc13-b2a95d75811f_jpg.rf.cec9e7e03178ae96f2ec8d904d47c82f.jpg,Powdery Mildew,6,Healthy Leaves,4,False,0.9264132380485535,0.0046753594651818275,Esca (Black Measles),0.03557993099093437,Bacterial Leaf Spot,0.03180386871099472,HIGH,MISCLASSIFICATION
TRACK_B_EXTERNAL,Grape,external_grape,GLDD-Dataset,D:\CropDiseaseProject\results\model_robustness_audit\audit_images\track_b_external\grape\Powdery Mildew\gldd_d536f351-5599-4c59-8f9f-73e764357145_jpg.rf.7715b2f1481246db7d1d7f37482902de.jpg,Powdery Mildew,6,Healthy Leaves,4,False,0.9485298991203308,0.014838882721960545,Esca (Black Measles),0.020719658583402634,Powdery Mildew,0.014838882721960545,HIGH,MISCLASSIFICATION
TRACK_B_EXTERNAL,Grape,external_grape,GLDD-Dataset,D:\CropDiseaseProject\results\model_robustness_audit\audit_images\track_b_external\grape\Powdery Mildew\gldd_d7fb9b64-27a8-46b2-ab4b-a9afca0bf3fd_jpg.rf.a0951b82a6fe004681b630a12605acb1.jpg,Powdery Mildew,6,Esca (Black Measles),3,False,0.9195272326469421,0.0005058383685536683,Healthy Leaves,0.06588102132081985,Bacterial Leaf Spot,0.009325079619884491,HIGH,MISCLASSIFICATION
TRACK_B_EXTERNAL,Grape,external_grape,GLDD-Dataset,D:\CropDiseaseProject\results\model_robustness_audit\audit_images\track_b_external\grape\Powdery Mildew\gldd_de46ba6b-92c0-4af8-a494-759b51f9f362_jpg.rf.294491cb38d6e0371ddda106b9130d92.jpg,Powdery Mildew,6,Healthy Leaves,4,False,0.6458024978637695,0.00021510165242943913,Bacterial Leaf Spot,0.293350487947464,Esca (Black Measles),0.05440549552440643,HIGH,MISCLASSIFICATION
TRACK_B_EXTERNAL,Grape,external_grape,GLDD-Dataset,D:\CropDiseaseProject\results\model_robustness_audit\audit_images\track_b_external\grape\Powdery Mildew\gldd_f2cd7f70-d87c-4feb-b02a-da9a248a3794_jpg.rf.45f30db65c45a53f9e4a5b950ee1a5c0.jpg,Powdery Mildew,6,Healthy Leaves,4,False,0.8568648099899292,0.01307753287255764,Esca (Black Measles),0.07682739943265915,Leaf Blight,0.02793908677995205,HIGH,MISCLASSIFICATION
TRACK_B_EXTERNAL,Sugarcane,external_sugarcane,Sabid-Sugarcane-Dataset,D:\CropDiseaseProject\results\model_robustness_audit\audit_images\track_b_external\sugarcane\Red Rot\sabid_S_RR-1-_jpg.rf.ac62c73e2ec23006ba09a1b6c72722e1.jpg,Red Rot,6,Mosaic / Viral Disease,4,False,0.7543438076972961,0.022559521719813347,Rust (Brown Rust),0.15189644694328308,Healthy Leaves,0.05688527598977089,HIGH,MISCLASSIFICATION
TRACK_B_EXTERNAL,Sugarcane,external_sugarcane,Sabid-Sugarcane-Dataset,D:\CropDiseaseProject\results\model_robustness_audit\audit_images\track_b_external\sugarcane\Red Rot\sabid_S_RR-22-_JPG.rf.9184efd4b66418b313bbc0fdd4534e02.jpg,Red Rot,6,Red Rot,6,True,0.4897068738937378,0.4897068738937378,Rust (Brown Rust),0.23494958877563477,Yellow Leaf Disease,0.09778779000043869,HIGH,CORRECT
TRACK_B_EXTERNAL,Sugarcane,external_sugarcane,Sabid-Sugarcane-Dataset,D:\CropDiseaseProject\results\model_robustness_audit\audit_images\track_b_external\sugarcane\Red Rot\sabid_S_RR-33-_JPG.rf.32d9a39c7061d0402d128d878f3ea5ac.jpg,Red Rot,6,Red Rot,6,True,0.9458033442497253,0.9458033442497253,Rust (Brown Rust),0.03769703954458237,Yellow Leaf Disease,0.007526993285864592,HIGH,CORRECT
TRACK_B_EXTERNAL,Sugarcane,external_sugarcane,Sabid-Sugarcane-Dataset,D:\CropDiseaseProject\results\model_robustness_audit\audit_images\track_b_external\sugarcane\Red Rot\sabid_S_RR-35-_JPG.rf.9e182fe213c4cddf46959b73fb7a2f03.jpg,Red Rot,6,Red Rot,6,True,0.6012148857116699,0.6012148857116699,Brown Spot,0.34580865502357483,Yellow Leaf Disease,0.02911822497844696,HIGH,CORRECT
TRACK_B_EXTERNAL,Sugarcane,external_sugarcane,Sabid-Sugarcane-Dataset,D:\CropDiseaseProject\results\model_robustness_audit\audit_images\track_b_external\sugarcane\Red Rot\sabid_S_RR-41-_JPG.rf.e771d01f03e5cb9ab6008c788fbfa2d7.jpg,Red Rot,6,Red Rot,6,True,0.9910972118377686,0.9910972118377686,Rust (Brown Rust),0.008809112943708897,Yellow Leaf Disease,4.235048982081935e-05,HIGH,CORRECT
TRACK_B_EXTERNAL,Sugarcane,external_sugarcane,Sabid-Sugarcane-Dataset,D:\CropDiseaseProject\results\model_robustness_audit\audit_images\track_b_external\sugarcane\Red Rot\sabid_S_RR-42-_JPG.rf.626423943305407c5e226dbc031c745e.jpg,Red Rot,6,Red Rot,6,True,0.5894604325294495,0.5894604325294495,Rust (Brown Rust),0.40270689129829407,Brown Spot,0.006750564090907574,HIGH,CORRECT
TRACK_B_EXTERNAL,Sugarcane,external_sugarcane,Sabid-Sugarcane-Dataset,D:\CropDiseaseProject\results\model_robustness_audit\audit_images\track_b_external\sugarcane\Red Rot\sabid_S_RR-48-_JPG.rf.65caa6f9b59ee859b7753738c103ec7e.jpg,Red Rot,6,Red Rot,6,True,0.9578880667686462,0.9578880667686462,Healthy Leaves,0.02197030931711197,Brown Spot,0.008182087913155556,HIGH,CORRECT
TRACK_B_EXTERNAL,Sugarcane,external_sugarcane,Sabid-Sugarcane-Dataset,D:\CropDiseaseProject\results\model_robustness_audit\audit_images\track_b_external\sugarcane\Red Rot\sabid_S_RR-49-_JPG.rf.19b32b921ea0d2291fb1e850925ab131.jpg,Red Rot,6,Red Rot,6,True,0.5963156819343567,0.5963156819343567,Brown Spot,0.2733983099460602,Healthy Leaves,0.09371031820774078,HIGH,CORRECT
TRACK_B_EXTERNAL,Sugarcane,external_sugarcane,Sabid-Sugarcane-Dataset,D:\CropDiseaseProject\results\model_robustness_audit\audit_images\track_b_external\sugarcane\Red Rot\sabid_S_RR-5-_JPG.rf.4184cc7af557b7e9d8f11f8d4a2d6dc5.jpg,Red Rot,6,Brown Spot,1,False,0.8615877032279968,0.002961339196190238,Banded Chlorosis,0.059941623359918594,Rust (Brown Rust),0.0471130795776844,HIGH,MISCLASSIFICATION
TRACK_B_EXTERNAL,Sugarcane,external_sugarcane,Sabid-Sugarcane-Dataset,D:\CropDiseaseProject\results\model_robustness_audit\audit_images\track_b_external\sugarcane\Red Rot\sabid_S_RR-62-_JPG.rf.5c7942fb4f2115217e56780d805746f5.jpg,Red Rot,6,Brown Spot,1,False,0.41081398725509644,0.20345817506313324,Healthy Leaves,0.29337212443351746,Red Rot,0.20345817506313324,HIGH,MISCLASSIFICATION
TRACK_B_EXTERNAL,Sugarcane,external_sugarcane,Sabid-Sugarcane-Dataset,D:\CropDiseaseProject\results\model_robustness_audit\audit_images\track_b_external\sugarcane\Red Rot\sabid_S_RR-68-_JPG.rf.1d1e8c1aaf91d02381a5251c9df1cb2d.jpg,Red Rot,6,Brown Spot,1,False,0.5408527851104736,0.01762354001402855,Banded Chlorosis,0.3180760443210602,Rust (Brown Rust),0.09558138996362686,HIGH,MISCLASSIFICATION
TRACK_B_EXTERNAL,Sugarcane,external_sugarcane,Sabid-Sugarcane-Dataset,D:\CropDiseaseProject\results\model_robustness_audit\audit_images\track_b_external\sugarcane\Red Rot\sabid_S_RR-69-_JPG.rf.4da649bc6d94eb71766b9caad51e895a.jpg,Red Rot,6,Brown Spot,1,False,0.6864835619926453,0.10174235701560974,Red Rot,0.10174235701560974,Rust (Brown Rust),0.09267448633909225,HIGH,MISCLASSIFICATION
TRACK_B_EXTERNAL,Sugarcane,external_sugarcane,Sabid-Sugarcane-Dataset,D:\CropDiseaseProject\results\model_robustness_audit\audit_images\track_b_external\sugarcane\Red Rot\sabid_S_RR-72-_jpg.rf.99e4c82aa47c32adfff108a82a948d60.jpg,Red Rot,6,Red Rot,6,True,0.9895159006118774,0.9895159006118774,Rust (Brown Rust),0.0051385508850216866,Brown Spot,0.004601167049258947,HIGH,CORRECT
TRACK_B_EXTERNAL,Sugarcane,external_sugarcane,Sabid-Sugarcane-Dataset,D:\CropDiseaseProject\results\model_robustness_audit\audit_images\track_b_external\sugarcane\Red Rot\sabid_S_RR-74-_JPG.rf.44f845ce72294596bb21a5765cda0785.jpg,Red Rot,6,Brown Spot,1,False,0.4871004521846771,0.10717997699975967,Healthy Leaves,0.18249233067035675,Red Rot,0.10717997699975967,HIGH,MISCLASSIFICATION
TRACK_B_EXTERNAL,Sugarcane,external_sugarcane,Sabid-Sugarcane-Dataset,D:\CropDiseaseProject\results\model_robustness_audit\audit_images\track_b_external\sugarcane\Red Rot\sabid_S_RR-77-_JPG.rf.a1a8bff926a3bd0c33389ceb25c4ddb9.jpg,Red Rot,6,Brown Spot,1,False,0.7187024354934692,0.09239769726991653,Red Rot,0.09239769726991653,Healthy Leaves,0.08500602096319199,HIGH,MISCLASSIFICATION
TRACK_B_EXTERNAL,Sugarcane,external_sugarcane,Sabid-Sugarcane-Dataset,D:\CropDiseaseProject\results\model_robustness_audit\audit_images\track_b_external\sugarcane\Red Rot\sabid_S_RR-8-_JPG.rf.5af31a717f071df790317588fd071e24.jpg,Red Rot,6,Rust (Brown Rust),7,False,0.9607591032981873,0.0034034184645861387,Healthy Leaves,0.03465985506772995,Red Rot,0.0034034184645861387,HIGH,MISCLASSIFICATION
TRACK_B_EXTERNAL,Sugarcane,external_sugarcane,Sabid-Sugarcane-Dataset,D:\CropDiseaseProject\results\model_robustness_audit\audit_images\track_b_external\sugarcane\Red Rot\sabid_S_RR-81-_JPG.rf.78afa40a7fee63703a83b6c94c6397fa.jpg,Red Rot,6,Red Rot,6,True,0.7250006198883057,0.7250006198883057,Brown Spot,0.26024067401885986,Rust (Brown Rust),0.011803489178419113,HIGH,CORRECT
TRACK_B_EXTERNAL,Sugarcane,external_sugarcane,Sabid-Sugarcane-Dataset,D:\CropDiseaseProject\results\model_robustness_audit\audit_images\track_b_external\sugarcane\Red Rot\sabid_S_RR-82-_JPG.rf.62c9f5221da05387788d2adae2c616d5.jpg,Red Rot,6,Brown Spot,1,False,0.3701472282409668,0.15226022899150848,Pokkah Boeng,0.36531373858451843,Red Rot,0.15226022899150848,HIGH,MISCLASSIFICATION
TRACK_B_EXTERNAL,Sugarcane,external_sugarcane,Sabid-Sugarcane-Dataset,D:\CropDiseaseProject\results\model_robustness_audit\audit_images\track_b_external\sugarcane\Red Rot\sabid_S_RR-84-_JPG.rf.8fbeef74a02e2d6a90d7549e2904f425.jpg,Red Rot,6,Brown Spot,1,False,0.520439624786377,0.26301515102386475,Red Rot,0.26301515102386475,Rust (Brown Rust),0.12965333461761475,HIGH,MISCLASSIFICATION
TRACK_B_EXTERNAL,Sugarcane,external_sugarcane,Sabid-Sugarcane-Dataset,D:\CropDiseaseProject\results\model_robustness_audit\audit_images\track_b_external\sugarcane\Red Rot\sabid_S_RR-87-_JPG.rf.3dc0f0936fc2b0bd7cb667083e74350a.jpg,Red Rot,6,Red Rot,6,True,0.8238936066627502,0.8238936066627502,Brown Spot,0.09497600793838501,Rust (Brown Rust),0.039690762758255005,HIGH,CORRECT
TRACK_B_EXTERNAL,Sugarcane,external_sugarcane,Sabid-Sugarcane-Dataset,D:\CropDiseaseProject\results\model_robustness_audit\audit_images\track_b_external\sugarcane\Red Rot\sabid_S_RR-89-_JPG.rf.bd60f0e526da79b87304385aba25e2c3.jpg,Red Rot,6,Rust (Brown Rust),7,False,0.5118652582168579,0.11101039499044418,Brown Spot,0.21940571069717407,Red Rot,0.11101039499044418,HIGH,MISCLASSIFICATION
TRACK_B_EXTERNAL,Sugarcane,external_sugarcane,Sabid-Sugarcane-Dataset,D:\CropDiseaseProject\results\model_robustness_audit\audit_images\track_b_external\sugarcane\Red Rot\sabid_S_RR-91-_JPG.rf.498e31d3abc85a6c811d296f3d9e52fa.jpg,Red Rot,6,Red Rot,6,True,0.9655888080596924,0.9655888080596924,Brown Spot,0.014791813679039478,Healthy Leaves,0.008194923400878906,HIGH,CORRECT
TRACK_B_EXTERNAL,Sugarcane,external_sugarcane,Sabid-Sugarcane-Dataset,D:\CropDiseaseProject\results\model_robustness_audit\audit_images\track_b_external\sugarcane\Red Rot\sabid_S_RR-94-_JPG.rf.5ada4a8c16672407c863fae7c2a4a623.jpg,Red Rot,6,Banded Chlorosis,0,False,0.2561187446117401,0.16685445606708527,Brown Spot,0.18621356785297394,Red Rot,0.16685445606708527,HIGH,MISCLASSIFICATION
TRACK_B_EXTERNAL,Sugarcane,external_sugarcane,Sabid-Sugarcane-Dataset,D:\CropDiseaseProject\results\model_robustness_audit\audit_images\track_b_external\sugarcane\Red Rot\sabid_S_RR-95-_JPG.rf.35ae3154581f6e451fc66950afed11d8.jpg,Red Rot,6,Banded Chlorosis,0,False,0.5822818279266357,0.017819466069340706,Brown Spot,0.18385906517505646,Smut,0.1560417264699936,HIGH,MISCLASSIFICATION
TRACK_B_EXTERNAL,Sugarcane,external_sugarcane,Sabid-Sugarcane-Dataset,D:\CropDiseaseProject\results\model_robustness_audit\audit_images\track_b_external\sugarcane\Red Rot\sabid_S_RR-99-_JPG.rf.bff73053141c77495dff870fdc24c5df.jpg,Red Rot,6,Banded Chlorosis,0,False,0.6282473802566528,0.002051092917099595,Smut,0.1980528086423874,Brown Spot,0.08075461536645889,HIGH,MISCLASSIFICATION
TRACK_B_EXTERNAL,Sugarcane,external_sugarcane,Sabid-Sugarcane-Dataset,D:\CropDiseaseProject\results\model_robustness_audit\audit_images\track_b_external\sugarcane\Red Rot\sabid_S_RR-10-_JPG.rf.525fc02ce4642fd46f8f2b7401e1b60f.jpg,Red Rot,6,Red Rot,6,True,0.568221926689148,0.568221926689148,Yellow Leaf Disease,0.2533220648765564,Rust (Brown Rust),0.12862780690193176,HIGH,CORRECT
TRACK_B_EXTERNAL,Sugarcane,external_sugarcane,Sabid-Sugarcane-Dataset,D:\CropDiseaseProject\results\model_robustness_audit\audit_images\track_b_external\sugarcane\Red Rot\sabid_S_RR-100-_JPG.rf.07cb88b144d1b5fc8a1b55f4ce219717.jpg,Red Rot,6,Banded Chlorosis,0,False,0.4708922207355499,0.012299029156565666,Smut,0.4663529694080353,Rust (Brown Rust),0.027333039790391922,HIGH,MISCLASSIFICATION
TRACK_B_EXTERNAL,Sugarcane,external_sugarcane,Sabid-Sugarcane-Dataset,D:\CropDiseaseProject\results\model_robustness_audit\audit_images\track_b_external\sugarcane\Red Rot\sabid_S_RR-11-_JPG.rf.d6955c2afd09c6881e56343f909fc027.jpg,Red Rot,6,Red Rot,6,True,0.5961736440658569,0.5961736440658569,Yellow Leaf Disease,0.2349119633436203,Brown Spot,0.15734580159187317,HIGH,CORRECT
TRACK_B_EXTERNAL,Sugarcane,external_sugarcane,Sabid-Sugarcane-Dataset,D:\CropDiseaseProject\results\model_robustness_audit\audit_images\track_b_external\sugarcane\Red Rot\sabid_S_RR-12-_JPG.rf.fd289c20fc52c352fa80db81f851db37.jpg,Red Rot,6,Red Rot,6,True,0.8829087615013123,0.8829087615013123,Pokkah Boeng,0.0663711428642273,Rust (Brown Rust),0.031025631353259087,HIGH,CORRECT
TRACK_B_EXTERNAL,Sugarcane,external_sugarcane,Sabid-Sugarcane-Dataset,D:\CropDiseaseProject\results\model_robustness_audit\audit_images\track_b_external\sugarcane\Red Rot\sabid_S_RR-13-_JPG.rf.9478c87509c8f3576318c9817ed28b70.jpg,Red Rot,6,Red Rot,6,True,0.9994213581085205,0.9994213581085205,Brown Spot,0.0005230967653915286,Rust (Brown Rust),3.074650521739386e-05,HIGH,CORRECT
TRACK_B_EXTERNAL,Sugarcane,external_sugarcane,Sabid-Sugarcane-Dataset,D:\CropDiseaseProject\results\model_robustness_audit\audit_images\track_b_external\sugarcane\Healthy Leaves\sabid_S_H-1-_jpg.rf.d9010f699490fd0b0e37fc050d99d9fd.jpg,Healthy Leaves,3,Mosaic / Viral Disease,4,False,0.4978503882884979,0.11114231497049332,Pokkah Boeng,0.25385430455207825,Red Rot,0.11654792726039886,HIGH,MISCLASSIFICATION
TRACK_B_EXTERNAL,Sugarcane,external_sugarcane,Sabid-Sugarcane-Dataset,D:\CropDiseaseProject\results\model_robustness_audit\audit_images\track_b_external\sugarcane\Healthy Leaves\sabid_S_H-15-_jpg.rf.9fb3c8e45de5f6afc1831c9db567e3c8.jpg,Healthy Leaves,3,Pokkah Boeng,5,False,0.9661197066307068,0.0011312520364299417,Brown Spot,0.01459124218672514,Yellow Leaf Disease,0.011000505648553371,HIGH,MISCLASSIFICATION
TRACK_B_EXTERNAL,Sugarcane,external_sugarcane,Sabid-Sugarcane-Dataset,D:\CropDiseaseProject\results\model_robustness_audit\audit_images\track_b_external\sugarcane\Healthy Leaves\sabid_S_H-20-_jpg.rf.3818cf438f106d137b3e68d53cf3f988.jpg,Healthy Leaves,3,Healthy Leaves,3,True,0.9918125867843628,0.9918125867843628,Pokkah Boeng,0.005064479541033506,Mosaic / Viral Disease,0.002366144210100174,HIGH,CORRECT
TRACK_B_EXTERNAL,Sugarcane,external_sugarcane,Sabid-Sugarcane-Dataset,D:\CropDiseaseProject\results\model_robustness_audit\audit_images\track_b_external\sugarcane\Healthy Leaves\sabid_S_H-21-_jpg.rf.e3a88202e82aeb81e27ea853db2980b9.jpg,Healthy Leaves,3,Mosaic / Viral Disease,4,False,0.6911473870277405,0.005397215485572815,Rust (Brown Rust),0.11566876620054245,Yellow Leaf Disease,0.10614486783742905,HIGH,MISCLASSIFICATION
TRACK_B_EXTERNAL,Sugarcane,external_sugarcane,Sabid-Sugarcane-Dataset,D:\CropDiseaseProject\results\model_robustness_audit\audit_images\track_b_external\sugarcane\Healthy Leaves\sabid_S_H-41-_jpg.rf.cb0045747a4692b2179e34dac9f39440.jpg,Healthy Leaves,3,Mosaic / Viral Disease,4,False,0.49366626143455505,0.42334702610969543,Healthy Leaves,0.42334702610969543,Red Rot,0.02657504193484783,HIGH,MISCLASSIFICATION
TRACK_B_EXTERNAL,Sugarcane,external_sugarcane,Sabid-Sugarcane-Dataset,D:\CropDiseaseProject\results\model_robustness_audit\audit_images\track_b_external\sugarcane\Healthy Leaves\sabid_S_H-46-_jpg.rf.6e42a11afc35684f64c0091d10713950.jpg,Healthy Leaves,3,Healthy Leaves,3,True,0.4151526987552643,0.4151526987552643,Pokkah Boeng,0.28843462467193604,Brown Spot,0.18922917544841766,HIGH,CORRECT
TRACK_B_EXTERNAL,Sugarcane,external_sugarcane,Sabid-Sugarcane-Dataset,D:\CropDiseaseProject\results\model_robustness_audit\audit_images\track_b_external\sugarcane\Healthy Leaves\sabid_S_H-47-_jpg.rf.b03d8a183adb0867be3919b2bb4881ad.jpg,Healthy Leaves,3,Mosaic / Viral Disease,4,False,0.9674094915390015,0.006749304942786694,Pokkah Boeng,0.013869107700884342,Rust (Brown Rust),0.008837408386170864,HIGH,MISCLASSIFICATION
TRACK_B_EXTERNAL,Sugarcane,external_sugarcane,Sabid-Sugarcane-Dataset,D:\CropDiseaseProject\results\model_robustness_audit\audit_images\track_b_external\sugarcane\Healthy Leaves\sabid_S_H-51-_JPG.rf.d2470fc1d879fdd5c7fb8e03bad74ab1.jpg,Healthy Leaves,3,Mosaic / Viral Disease,4,False,0.3474355638027191,0.24639731645584106,Healthy Leaves,0.24639731645584106,Red Rot,0.17167352139949799,HIGH,MISCLASSIFICATION
TRACK_B_EXTERNAL,Sugarcane,external_sugarcane,Sabid-Sugarcane-Dataset,D:\CropDiseaseProject\results\model_robustness_audit\audit_images\track_b_external\sugarcane\Healthy Leaves\sabid_S_H-53-_JPG.rf.a42a37f1186bc9c0f6978c4f0c62ad12.jpg,Healthy Leaves,3,Mosaic / Viral Disease,4,False,0.9135687947273254,0.03209923580288887,Rust (Brown Rust),0.051059626042842865,Healthy Leaves,0.03209923580288887,HIGH,MISCLASSIFICATION
TRACK_B_EXTERNAL,Sugarcane,external_sugarcane,Sabid-Sugarcane-Dataset,D:\CropDiseaseProject\results\model_robustness_audit\audit_images\track_b_external\sugarcane\Healthy Leaves\sabid_S_H-56-_JPG.rf.abddec778da171e43b918257e5240470.jpg,Healthy Leaves,3,Mosaic / Viral Disease,4,False,0.7494254112243652,0.14934559166431427,Healthy Leaves,0.14934559166431427,Pokkah Boeng,0.054720137268304825,HIGH,MISCLASSIFICATION
TRACK_B_EXTERNAL,Sugarcane,external_sugarcane,Sabid-Sugarcane-Dataset,D:\CropDiseaseProject\results\model_robustness_audit\audit_images\track_b_external\sugarcane\Healthy Leaves\sabid_S_H-57-_JPG.rf.69874c3c29a72f9ac7cd7bc105bc8841.jpg,Healthy Leaves,3,Red Rot,6,False,0.3892097473144531,0.3562302589416504,Healthy Leaves,0.3562302589416504,Brown Spot,0.10402753204107285,HIGH,MISCLASSIFICATION
TRACK_B_EXTERNAL,Sugarcane,external_sugarcane,Sabid-Sugarcane-Dataset,D:\CropDiseaseProject\results\model_robustness_audit\audit_images\track_b_external\sugarcane\Healthy Leaves\sabid_S_H-58-_JPG.rf.e3c192c1506d12e18c05a13f2fca3397.jpg,Healthy Leaves,3,Healthy Leaves,3,True,0.436458557844162,0.436458557844162,Brown Spot,0.1668964922428131,Red Rot,0.12989391386508942,HIGH,CORRECT
TRACK_B_EXTERNAL,Sugarcane,external_sugarcane,Sabid-Sugarcane-Dataset,D:\CropDiseaseProject\results\model_robustness_audit\audit_images\track_b_external\sugarcane\Healthy Leaves\sabid_S_H-59-_JPG.rf.ea0629cb752b029c2dacf1ae7a5bc7ab.jpg,Healthy Leaves,3,Healthy Leaves,3,True,0.5876235365867615,0.5876235365867615,Mosaic / Viral Disease,0.2313697636127472,Red Rot,0.07996171712875366,HIGH,CORRECT
TRACK_B_EXTERNAL,Sugarcane,external_sugarcane,Sabid-Sugarcane-Dataset,D:\CropDiseaseProject\results\model_robustness_audit\audit_images\track_b_external\sugarcane\Healthy Leaves\sabid_S_H-62-_JPG.rf.cc8dccf2f20a6e83c68936b9bc8b60f8.jpg,Healthy Leaves,3,Healthy Leaves,3,True,0.8300331234931946,0.8300331234931946,Pokkah Boeng,0.09990006685256958,Mosaic / Viral Disease,0.05085606873035431,HIGH,CORRECT
TRACK_B_EXTERNAL,Sugarcane,external_sugarcane,Sabid-Sugarcane-Dataset,D:\CropDiseaseProject\results\model_robustness_audit\audit_images\track_b_external\sugarcane\Healthy Leaves\sabid_S_H-70-_JPG.rf.ed4f06aec051a9cd2e7db43f003c2b21.jpg,Healthy Leaves,3,Mosaic / Viral Disease,4,False,0.40952402353286743,0.3169387876987457,Healthy Leaves,0.3169387876987457,Pokkah Boeng,0.16696763038635254,HIGH,MISCLASSIFICATION
TRACK_B_EXTERNAL,Sugarcane,external_sugarcane,Sabid-Sugarcane-Dataset,D:\CropDiseaseProject\results\model_robustness_audit\audit_images\track_b_external\sugarcane\Healthy Leaves\sabid_S_H-71-_JPG.rf.ffd3276ac3d7c3344ec72adc44d273cc.jpg,Healthy Leaves,3,Red Rot,6,False,0.312099426984787,0.04265604168176651,Brown Spot,0.2758868634700775,Yellow Leaf Disease,0.11674661189317703,HIGH,MISCLASSIFICATION
TRACK_B_EXTERNAL,Sugarcane,external_sugarcane,Sabid-Sugarcane-Dataset,D:\CropDiseaseProject\results\model_robustness_audit\audit_images\track_b_external\sugarcane\Healthy Leaves\sabid_S_H-73-_JPG.rf.690cfb2d0dd7256687c68ec3c3d0448c.jpg,Healthy Leaves,3,Smut,9,False,0.8113881945610046,0.07368215918540955,Healthy Leaves,0.07368215918540955,Brown Spot,0.03153561055660248,HIGH,MISCLASSIFICATION
TRACK_B_EXTERNAL,Sugarcane,external_sugarcane,Sabid-Sugarcane-Dataset,D:\CropDiseaseProject\results\model_robustness_audit\audit_images\track_b_external\sugarcane\Healthy Leaves\sabid_S_H-74-_JPG.rf.ead72d5409a22076e06fc1b832236f78.jpg,Healthy Leaves,3,Healthy Leaves,3,True,0.5302339792251587,0.5302339792251587,Pokkah Boeng,0.2625538110733032,Mosaic / Viral Disease,0.12418296188116074,HIGH,CORRECT
TRACK_B_EXTERNAL,Sugarcane,external_sugarcane,Sabid-Sugarcane-Dataset,D:\CropDiseaseProject\results\model_robustness_audit\audit_images\track_b_external\sugarcane\Healthy Leaves\sabid_S_H-76-_JPG.rf.30f1495ca1c4f116e00e82a7969c77b0.jpg,Healthy Leaves,3,Pokkah Boeng,5,False,0.8382228016853333,0.04727107658982277,Healthy Leaves,0.04727107658982277,Smut,0.04722902551293373,HIGH,MISCLASSIFICATION
TRACK_B_EXTERNAL,Sugarcane,external_sugarcane,Sabid-Sugarcane-Dataset,D:\CropDiseaseProject\results\model_robustness_audit\audit_images\track_b_external\sugarcane\Healthy Leaves\sabid_S_H-77-_JPG.rf.80c0f4bb7feefa7f5cab7504872f9a37.jpg,Healthy Leaves,3,Brown Spot,1,False,0.3747987449169159,0.17161282896995544,Pokkah Boeng,0.2772403955459595,Healthy Leaves,0.17161282896995544,HIGH,MISCLASSIFICATION
TRACK_B_EXTERNAL,Sugarcane,external_sugarcane,Sabid-Sugarcane-Dataset,D:\CropDiseaseProject\results\model_robustness_audit\audit_images\track_b_external\sugarcane\Healthy Leaves\sabid_S_H-80-_JPG.rf.317a7711a02a3f3b4207114e6ba65e8f.jpg,Healthy Leaves,3,Healthy Leaves,3,True,0.40805965662002563,0.40805965662002563,Red Rot,0.21248142421245575,Mosaic / Viral Disease,0.16969940066337585,HIGH,CORRECT
TRACK_B_EXTERNAL,Sugarcane,external_sugarcane,Sabid-Sugarcane-Dataset,D:\CropDiseaseProject\results\model_robustness_audit\audit_images\track_b_external\sugarcane\Healthy Leaves\sabid_S_H-82-_JPG.rf.4f4dcda30c1a05ef21c54c1da15004a4.jpg,Healthy Leaves,3,Banded Chlorosis,0,False,0.2836894392967224,0.08820170164108276,Red Rot,0.19843655824661255,Mosaic / Viral Disease,0.1578250229358673,HIGH,MISCLASSIFICATION
TRACK_B_EXTERNAL,Sugarcane,external_sugarcane,Sabid-Sugarcane-Dataset,D:\CropDiseaseProject\results\model_robustness_audit\audit_images\track_b_external\sugarcane\Healthy Leaves\sabid_S_H-83-_JPG.rf.7685b68e1dd6576df2e86a9c00ce8951.jpg,Healthy Leaves,3,Mosaic / Viral Disease,4,False,0.8380683064460754,0.09559131413698196,Healthy Leaves,0.09559131413698196,Pokkah Boeng,0.049306027591228485,HIGH,MISCLASSIFICATION
TRACK_B_EXTERNAL,Sugarcane,external_sugarcane,Sabid-Sugarcane-Dataset,D:\CropDiseaseProject\results\model_robustness_audit\audit_images\track_b_external\sugarcane\Healthy Leaves\sabid_S_H-91-_JPG.rf.0c3d93d4d8598178423c570f44c4a261.jpg,Healthy Leaves,3,Red Rot,6,False,0.8624170422554016,0.0033402261324226856,Rust (Brown Rust),0.08173852413892746,Mosaic / Viral Disease,0.04106643795967102,HIGH,MISCLASSIFICATION
TRACK_B_EXTERNAL,Sugarcane,external_sugarcane,Sabid-Sugarcane-Dataset,D:\CropDiseaseProject\results\model_robustness_audit\audit_images\track_b_external\sugarcane\Healthy Leaves\sabid_S_H-96-_JPG.rf.a5bbf6b382dfe8be2f7aa153d3720571.jpg,Healthy Leaves,3,Healthy Leaves,3,True,0.9316286444664001,0.9316286444664001,Mosaic / Viral Disease,0.05648275092244148,Yellow Leaf Disease,0.006777457892894745,HIGH,CORRECT
TRACK_B_EXTERNAL,Sugarcane,external_sugarcane,Sabid-Sugarcane-Dataset,D:\CropDiseaseProject\results\model_robustness_audit\audit_images\track_b_external\sugarcane\Healthy Leaves\sabid_S_H-10-_jpg.rf.583b357e5c549d8e84bdcac1c2265cdf.jpg,Healthy Leaves,3,Brown Spot,1,False,0.8120267391204834,0.029159924015402794,Mosaic / Viral Disease,0.09542249143123627,Healthy Leaves,0.029159924015402794,HIGH,MISCLASSIFICATION
TRACK_B_EXTERNAL,Sugarcane,external_sugarcane,Sabid-Sugarcane-Dataset,D:\CropDiseaseProject\results\model_robustness_audit\audit_images\track_b_external\sugarcane\Healthy Leaves\sabid_S_H-100-_JPG.rf.ab751018766e3850f8d2fd7936ba0b9e.jpg,Healthy Leaves,3,Banded Chlorosis,0,False,0.6312800645828247,0.08776704967021942,Brown Spot,0.2020898163318634,Healthy Leaves,0.08776704967021942,HIGH,MISCLASSIFICATION
TRACK_B_EXTERNAL,Sugarcane,external_sugarcane,Sabid-Sugarcane-Dataset,D:\CropDiseaseProject\results\model_robustness_audit\audit_images\track_b_external\sugarcane\Healthy Leaves\sabid_S_H-11-_jpg.rf.103c8abb61f8b9e86ea5cd7d8f043dc6.jpg,Healthy Leaves,3,Brown Spot,1,False,0.6500568389892578,0.21233132481575012,Healthy Leaves,0.21233132481575012,Yellow Leaf Disease,0.05030731111764908,HIGH,MISCLASSIFICATION
TRACK_B_EXTERNAL,Sugarcane,external_sugarcane,Sabid-Sugarcane-Dataset,D:\CropDiseaseProject\results\model_robustness_audit\audit_images\track_b_external\sugarcane\Healthy Leaves\sabid_S_H-12-_jpg.rf.eabfe8173147dbb650d295d8ffba63c7.jpg,Healthy Leaves,3,Mosaic / Viral Disease,4,False,0.49758097529411316,0.3854362368583679,Healthy Leaves,0.3854362368583679,Brown Spot,0.059250373393297195,HIGH,MISCLASSIFICATION
TRACK_B_EXTERNAL,Sugarcane,external_sugarcane,Sabid-Sugarcane-Dataset,D:\CropDiseaseProject\results\model_robustness_audit\audit_images\track_b_external\sugarcane\Healthy Leaves\sabid_S_H-13-_jpg.rf.38f7407b5fa8e40cb42f5722d3117bfb.jpg,Healthy Leaves,3,Yellow Leaf Disease,10,False,0.4781720042228699,0.004714024253189564,Brown Spot,0.3941008746623993,Pokkah Boeng,0.09030290693044662,HIGH,MISCLASSIFICATION
TRACK_B_EXTERNAL,Tomato,external_tomato,Tomato_Leaf_Disease_Dataset_Pakistan,D:\CropDiseaseProject\results\model_robustness_audit\audit_images\track_b_external\tomato\Tomato___Early_blight\pak_100_46341.jpg,Tomato___Early_blight,1,Tomato___Late_blight,2,False,0.8309167623519897,0.0008659047307446599,Tomato___Tomato_Yellow_Leaf_Curl_Virus,0.1682036817073822,Tomato___Early_blight,0.0008659047307446599,HIGH,MISCLASSIFICATION
TRACK_B_EXTERNAL,Tomato,external_tomato,Tomato_Leaf_Disease_Dataset_Pakistan,D:\CropDiseaseProject\results\model_robustness_audit\audit_images\track_b_external\tomato\Tomato___Early_blight\pak_126689-004-D622CD2F.jpg,Tomato___Early_blight,1,Tomato___Early_blight,1,True,0.7412907481193542,0.7412907481193542,Tomato___Late_blight,0.2583976984024048,Tomato___Bacterial_spot,0.00023447579587809741,HIGH,CORRECT
TRACK_B_EXTERNAL,Tomato,external_tomato,Tomato_Leaf_Disease_Dataset_Pakistan,D:\CropDiseaseProject\results\model_robustness_audit\audit_images\track_b_external\tomato\Tomato___Early_blight\pak_1576389-early%20blight%20symptoms.jpg,Tomato___Early_blight,1,Tomato___Early_blight,1,True,0.9864279627799988,0.9864279627799988,Tomato___Late_blight,0.013563784770667553,Tomato___Bacterial_spot,7.984402145666536e-06,HIGH,CORRECT
TRACK_B_EXTERNAL,Tomato,external_tomato,Tomato_Leaf_Disease_Dataset_Pakistan,D:\CropDiseaseProject\results\model_robustness_audit\audit_images\track_b_external\tomato\Tomato___Early_blight\pak_1723454500663.jpg,Tomato___Early_blight,1,Tomato___Early_blight,1,True,0.7665776014328003,0.7665776014328003,Tomato___Septoria_leaf_spot,0.2324075549840927,Tomato___Tomato_Yellow_Leaf_Curl_Virus,0.0006004339084029198,HIGH,CORRECT
TRACK_B_EXTERNAL,Tomato,external_tomato,Tomato_Leaf_Disease_Dataset_Pakistan,D:\CropDiseaseProject\results\model_robustness_audit\audit_images\track_b_external\tomato\Tomato___Early_blight\pak_1723454501459.jpg,Tomato___Early_blight,1,Tomato___Septoria_leaf_spot,4,False,0.6914585828781128,0.2581457197666168,Tomato___Early_blight,0.2581457197666168,Tomato___Late_blight,0.050237495452165604,HIGH,MISCLASSIFICATION
TRACK_B_EXTERNAL,Tomato,external_tomato,Tomato_Leaf_Disease_Dataset_Pakistan,D:\CropDiseaseProject\results\model_robustness_audit\audit_images\track_b_external\tomato\Tomato___Early_blight\pak_1723454503004.jpg,Tomato___Early_blight,1,Tomato___Septoria_leaf_spot,4,False,0.6862497925758362,0.031166158616542816,Tomato___Bacterial_spot,0.20899754762649536,Tomato___Late_blight,0.07120468467473984,HIGH,MISCLASSIFICATION
TRACK_B_EXTERNAL,Tomato,external_tomato,Tomato_Leaf_Disease_Dataset_Pakistan,D:\CropDiseaseProject\results\model_robustness_audit\audit_images\track_b_external\tomato\Tomato___Early_blight\pak_1723454503045.jpg,Tomato___Early_blight,1,Tomato___Early_blight,1,True,0.6287218332290649,0.6287218332290649,Tomato___Late_blight,0.36537879705429077,Tomato___Septoria_leaf_spot,0.003908596001565456,HIGH,CORRECT
TRACK_B_EXTERNAL,Tomato,external_tomato,Tomato_Leaf_Disease_Dataset_Pakistan,D:\CropDiseaseProject\results\model_robustness_audit\audit_images\track_b_external\tomato\Tomato___Early_blight\pak_1723454503368.jpg,Tomato___Early_blight,1,Tomato___Early_blight,1,True,0.5979066491127014,0.5979066491127014,Tomato___Late_blight,0.3874959945678711,Tomato___Bacterial_spot,0.012755547650158405,HIGH,CORRECT
TRACK_B_EXTERNAL,Tomato,external_tomato,Tomato_Leaf_Disease_Dataset_Pakistan,D:\CropDiseaseProject\results\model_robustness_audit\audit_images\track_b_external\tomato\Tomato___Early_blight\pak_1723454503528.jpg,Tomato___Early_blight,1,Tomato___Tomato_Yellow_Leaf_Curl_Virus,7,False,0.4703986644744873,0.46671929955482483,Tomato___Early_blight,0.46671929955482483,Tomato___Late_blight,0.04908338934183121,HIGH,MISCLASSIFICATION
TRACK_B_EXTERNAL,Tomato,external_tomato,Tomato_Leaf_Disease_Dataset_Pakistan,D:\CropDiseaseProject\results\model_robustness_audit\audit_images\track_b_external\tomato\Tomato___Early_blight\pak_1723454503933.jpg,Tomato___Early_blight,1,Tomato___Late_blight,2,False,0.5654671788215637,0.03956874459981918,Tomato___Septoria_leaf_spot,0.3727763593196869,Tomato___Early_blight,0.03956874459981918,HIGH,MISCLASSIFICATION
TRACK_B_EXTERNAL,Tomato,external_tomato,Tomato_Leaf_Disease_Dataset_Pakistan,D:\CropDiseaseProject\results\model_robustness_audit\audit_images\track_b_external\tomato\Tomato___Early_blight\pak_1723454504369.jpg,Tomato___Early_blight,1,Tomato___Early_blight,1,True,0.9768906831741333,0.9768906831741333,Tomato___Late_blight,0.023056326434016228,Tomato___Septoria_leaf_spot,4.3262862163828686e-05,HIGH,CORRECT
TRACK_B_EXTERNAL,Tomato,external_tomato,Tomato_Leaf_Disease_Dataset_Pakistan,D:\CropDiseaseProject\results\model_robustness_audit\audit_images\track_b_external\tomato\Tomato___Early_blight\pak_1723454506040.jpg,Tomato___Early_blight,1,Tomato___Early_blight,1,True,0.991060197353363,0.991060197353363,Tomato___Tomato_Yellow_Leaf_Curl_Virus,0.004105343017727137,Tomato___Late_blight,0.003891699481755495,HIGH,CORRECT
TRACK_B_EXTERNAL,Tomato,external_tomato,Tomato_Leaf_Disease_Dataset_Pakistan,D:\CropDiseaseProject\results\model_robustness_audit\audit_images\track_b_external\tomato\Tomato___Early_blight\pak_1723454507087.jpg,Tomato___Early_blight,1,Tomato___Early_blight,1,True,0.6433703899383545,0.6433703899383545,Tomato___Late_blight,0.20377805829048157,Tomato___Bacterial_spot,0.14851219952106476,HIGH,CORRECT
TRACK_B_EXTERNAL,Tomato,external_tomato,Tomato_Leaf_Disease_Dataset_Pakistan,D:\CropDiseaseProject\results\model_robustness_audit\audit_images\track_b_external\tomato\Tomato___Early_blight\pak_1723454507240.jpg,Tomato___Early_blight,1,Tomato___Late_blight,2,False,0.6009935736656189,0.39293161034584045,Tomato___Early_blight,0.39293161034584045,Tomato___Bacterial_spot,0.0051772380247712135,HIGH,MISCLASSIFICATION
TRACK_B_EXTERNAL,Tomato,external_tomato,Tomato_Leaf_Disease_Dataset_Pakistan,D:\CropDiseaseProject\results\model_robustness_audit\audit_images\track_b_external\tomato\Tomato___Early_blight\pak_1723454507692.jpg,Tomato___Early_blight,1,Tomato___Late_blight,2,False,0.9996756315231323,0.0001503187231719494,Tomato___Early_blight,0.0001503187231719494,Tomato___Tomato_Yellow_Leaf_Curl_Virus,0.00013415206922218204,HIGH,MISCLASSIFICATION
TRACK_B_EXTERNAL,Tomato,external_tomato,Tomato_Leaf_Disease_Dataset_Pakistan,D:\CropDiseaseProject\results\model_robustness_audit\audit_images\track_b_external\tomato\Tomato___Early_blight\pak_1723454507847.jpg,Tomato___Early_blight,1,Tomato___Bacterial_spot,0,False,0.5082706212997437,0.405918687582016,Tomato___Early_blight,0.405918687582016,Tomato___Late_blight,0.06552935391664505,HIGH,MISCLASSIFICATION
TRACK_B_EXTERNAL,Tomato,external_tomato,Tomato_Leaf_Disease_Dataset_Pakistan,D:\CropDiseaseProject\results\model_robustness_audit\audit_images\track_b_external\tomato\Tomato___Early_blight\pak_20080526-_DSC4211.jpg,Tomato___Early_blight,1,Tomato___Septoria_leaf_spot,4,False,0.8496281504631042,0.0004886540118604898,Tomato___Bacterial_spot,0.10009805858135223,Tomato___Tomato_Yellow_Leaf_Curl_Virus,0.04616222903132439,HIGH,MISCLASSIFICATION
TRACK_B_EXTERNAL,Tomato,external_tomato,Tomato_Leaf_Disease_Dataset_Pakistan,D:\CropDiseaseProject\results\model_robustness_audit\audit_images\track_b_external\tomato\Tomato___Early_blight\pak_BCH%20medium%20thumbnail%20for%20upload%20%2836%29.jpg,Tomato___Early_blight,1,Tomato___Early_blight,1,True,0.8955935835838318,0.8955935835838318,Tomato___Septoria_leaf_spot,0.10423150658607483,Tomato___Target_Spot,9.283082181354985e-05,HIGH,CORRECT
TRACK_B_EXTERNAL,Tomato,external_tomato,Tomato_Leaf_Disease_Dataset_Pakistan,D:\CropDiseaseProject\results\model_robustness_audit\audit_images\track_b_external\tomato\Tomato___Early_blight\pak_Diseased-Tomato-Plant.jpg,Tomato___Early_blight,1,Tomato___Late_blight,2,False,0.9818000793457031,0.018186476081609726,Tomato___Early_blight,0.018186476081609726,Tomato___Tomato_Yellow_Leaf_Curl_Virus,6.8001554609509185e-06,HIGH,MISCLASSIFICATION
TRACK_B_EXTERNAL,Tomato,external_tomato,Tomato_Leaf_Disease_Dataset_Pakistan,D:\CropDiseaseProject\results\model_robustness_audit\audit_images\track_b_external\tomato\Tomato___Early_blight\pak_EBTomato.jpg,Tomato___Early_blight,1,Tomato___Early_blight,1,True,0.9987382292747498,0.9987382292747498,Tomato___Late_blight,0.0012441055150702596,Tomato___Bacterial_spot,1.1822764463431668e-05,HIGH,CORRECT
TRACK_B_EXTERNAL,Tomato,external_tomato,Tomato_Leaf_Disease_Dataset_Pakistan,D:\CropDiseaseProject\results\model_robustness_audit\audit_images\track_b_external\tomato\Tomato___Early_blight\pak_EB_(972).jpg,Tomato___Early_blight,1,Tomato___Late_blight,2,False,0.7527843117713928,0.2273384928703308,Tomato___Early_blight,0.2273384928703308,Tomato___Bacterial_spot,0.014564351178705692,HIGH,MISCLASSIFICATION
TRACK_B_EXTERNAL,Tomato,external_tomato,Tomato_Leaf_Disease_Dataset_Pakistan,D:\CropDiseaseProject\results\model_robustness_audit\audit_images\track_b_external\tomato\Tomato___Early_blight\pak_EB_(973).jpg,Tomato___Early_blight,1,Tomato___Late_blight,2,False,0.9991738200187683,0.0007706494652666152,Tomato___Early_blight,0.0007706494652666152,Tomato___Tomato_Yellow_Leaf_Curl_Virus,4.4601005356526e-05,HIGH,MISCLASSIFICATION
TRACK_B_EXTERNAL,Tomato,external_tomato,Tomato_Leaf_Disease_Dataset_Pakistan,D:\CropDiseaseProject\results\model_robustness_audit\audit_images\track_b_external\tomato\Tomato___Early_blight\pak_EB_(981).jpg,Tomato___Early_blight,1,Tomato___Late_blight,2,False,0.5811861157417297,0.4121588170528412,Tomato___Early_blight,0.4121588170528412,Tomato___Bacterial_spot,0.0038474618922919035,HIGH,MISCLASSIFICATION
TRACK_B_EXTERNAL,Tomato,external_tomato,Tomato_Leaf_Disease_Dataset_Pakistan,D:\CropDiseaseProject\results\model_robustness_audit\audit_images\track_b_external\tomato\Tomato___Early_blight\pak_EB_(991).jpg,Tomato___Early_blight,1,Tomato___Late_blight,2,False,0.8761635422706604,0.07817655056715012,Tomato___Early_blight,0.07817655056715012,Tomato___Bacterial_spot,0.04541712999343872,HIGH,MISCLASSIFICATION
TRACK_B_EXTERNAL,Tomato,external_tomato,Tomato_Leaf_Disease_Dataset_Pakistan,D:\CropDiseaseProject\results\model_robustness_audit\audit_images\track_b_external\tomato\Tomato___Early_blight\pak_EB_(992).jpg,Tomato___Early_blight,1,Tomato___Early_blight,1,True,0.9993058443069458,0.9993058443069458,Tomato___Late_blight,0.0005715524894185364,Tomato___Septoria_leaf_spot,0.00012069468357367441,HIGH,CORRECT
TRACK_B_EXTERNAL,Tomato,external_tomato,Tomato_Leaf_Disease_Dataset_Pakistan,D:\CropDiseaseProject\results\model_robustness_audit\audit_images\track_b_external\tomato\Tomato___Early_blight\pak_Early-Blight.jpg,Tomato___Early_blight,1,Tomato___Late_blight,2,False,0.9489341378211975,0.0508103147149086,Tomato___Early_blight,0.0508103147149086,Tomato___Leaf_Mold,0.0001481984363636002,HIGH,MISCLASSIFICATION
TRACK_B_EXTERNAL,Tomato,external_tomato,Tomato_Leaf_Disease_Dataset_Pakistan,D:\CropDiseaseProject\results\model_robustness_audit\audit_images\track_b_external\tomato\Tomato___Early_blight\pak_Early-blight-660x440.jpg,Tomato___Early_blight,1,Tomato___Early_blight,1,True,0.9999784231185913,0.9999784231185913,Tomato___Septoria_leaf_spot,1.3773594218946528e-05,Tomato___Late_blight,6.885014045110438e-06,HIGH,CORRECT
TRACK_B_EXTERNAL,Tomato,external_tomato,Tomato_Leaf_Disease_Dataset_Pakistan,D:\CropDiseaseProject\results\model_robustness_audit\audit_images\track_b_external\tomato\Tomato___Early_blight\pak_Early-blight-of-tomato-980x380.jpg,Tomato___Early_blight,1,Tomato___Early_blight,1,True,0.9983578324317932,0.9983578324317932,Tomato___Tomato_Yellow_Leaf_Curl_Virus,0.0008919241954572499,Tomato___Late_blight,0.0006925424095243216,HIGH,CORRECT
TRACK_B_EXTERNAL,Tomato,external_tomato,Tomato_Leaf_Disease_Dataset_Pakistan,D:\CropDiseaseProject\results\model_robustness_audit\audit_images\track_b_external\tomato\Tomato___Early_blight\pak_Early_Blight_of_Tomato1687.jpg,Tomato___Early_blight,1,Tomato___Late_blight,2,False,0.9322776198387146,0.06765533983707428,Tomato___Early_blight,0.06765533983707428,Tomato___Leaf_Mold,3.1900068279355764e-05,HIGH,MISCLASSIFICATION
TRACK_B_EXTERNAL,Tomato,external_tomato,Tomato_Leaf_Disease_Dataset_Pakistan,D:\CropDiseaseProject\results\model_robustness_audit\audit_images\track_b_external\tomato\Tomato___Early_blight\pak_Early_blight_1.jpg_1376579808.jpg,Tomato___Early_blight,1,Tomato___Early_blight,1,True,0.9999842643737793,0.9999842643737793,Tomato___Late_blight,1.4364541129907593e-05,Tomato___Septoria_leaf_spot,1.2988258504265104e-06,HIGH,CORRECT
TRACK_B_EXTERNAL,Tomato,external_tomato,Tomato_Leaf_Disease_Dataset_Pakistan,D:\CropDiseaseProject\results\model_robustness_audit\audit_images\track_b_external\tomato\Tomato___healthy\pak_003.JPG.jpg,Tomato___healthy,9,Tomato___Late_blight,2,False,0.873261570930481,0.0021836329251527786,Tomato___Early_blight,0.06191949546337128,Tomato___Septoria_leaf_spot,0.03826585039496422,HIGH,MISCLASSIFICATION
TRACK_B_EXTERNAL,Tomato,external_tomato,Tomato_Leaf_Disease_Dataset_Pakistan,D:\CropDiseaseProject\results\model_robustness_audit\audit_images\track_b_external\tomato\Tomato___healthy\pak_009-e1373768789869.jpg,Tomato___healthy,9,Tomato___Tomato_Yellow_Leaf_Curl_Virus,7,False,0.9772475361824036,2.389530795454675e-10,Tomato___Early_blight,0.009842727333307266,Tomato___Leaf_Mold,0.0065698884427547455,HIGH,MISCLASSIFICATION
TRACK_B_EXTERNAL,Tomato,external_tomato,Tomato_Leaf_Disease_Dataset_Pakistan,D:\CropDiseaseProject\results\model_robustness_audit\audit_images\track_b_external\tomato\Tomato___healthy\pak_100_8283.jpg,Tomato___healthy,9,Tomato___Late_blight,2,False,0.9990367889404297,1.5629720850895978e-09,Tomato___Early_blight,0.000959599856287241,Tomato___Septoria_leaf_spot,1.8700684449868277e-06,HIGH,MISCLASSIFICATION
TRACK_B_EXTERNAL,Tomato,external_tomato,Tomato_Leaf_Disease_Dataset_Pakistan,D:\CropDiseaseProject\results\model_robustness_audit\audit_images\track_b_external\tomato\Tomato___healthy\pak_2013-08-20-03.jpg,Tomato___healthy,9,Tomato___Late_blight,2,False,0.607274055480957,0.03541390597820282,Tomato___Early_blight,0.3393462300300598,Tomato___healthy,0.03541390597820282,HIGH,MISCLASSIFICATION
TRACK_B_EXTERNAL,Tomato,external_tomato,Tomato_Leaf_Disease_Dataset_Pakistan,D:\CropDiseaseProject\results\model_robustness_audit\audit_images\track_b_external\tomato\Tomato___healthy\pak_20130609_151253_zpsc7d93f62.jpg,Tomato___healthy,9,Tomato___Late_blight,2,False,0.9999394416809082,4.181824806437362e-07,Tomato___Tomato_Yellow_Leaf_Curl_Virus,5.4607797210337594e-05,Tomato___Early_blight,3.953275609092088e-06,HIGH,MISCLASSIFICATION
TRACK_B_EXTERNAL,Tomato,external_tomato,Tomato_Leaf_Disease_Dataset_Pakistan,D:\CropDiseaseProject\results\model_robustness_audit\audit_images\track_b_external\tomato\Tomato___healthy\pak_20140818-tomato-sauce-vicky-wasik-1.jpg,Tomato___healthy,9,Tomato___Early_blight,1,False,0.99592125415802,9.333345207807042e-11,Tomato___Late_blight,0.003773635718971491,Tomato___Bacterial_spot,0.00017461033712606877,HIGH,MISCLASSIFICATION
TRACK_B_EXTERNAL,Tomato,external_tomato,Tomato_Leaf_Disease_Dataset_Pakistan,D:\CropDiseaseProject\results\model_robustness_audit\audit_images\track_b_external\tomato\Tomato___healthy\pak_2015-09-17-01.jpg,Tomato___healthy,9,Tomato___Late_blight,2,False,0.7533512711524963,0.00012155997683294117,Tomato___Early_blight,0.2432694435119629,Tomato___Target_Spot,0.002329012844711542,HIGH,MISCLASSIFICATION
TRACK_B_EXTERNAL,Tomato,external_tomato,Tomato_Leaf_Disease_Dataset_Pakistan,D:\CropDiseaseProject\results\model_robustness_audit\audit_images\track_b_external\tomato\Tomato___healthy\pak_69_27_632_1200.jpg,Tomato___healthy,9,Tomato___Late_blight,2,False,0.6908928155899048,0.00016672720084898174,Tomato___Early_blight,0.30594420433044434,Tomato___Tomato_Yellow_Leaf_Curl_Virus,0.00147960614413023,HIGH,MISCLASSIFICATION
TRACK_B_EXTERNAL,Tomato,external_tomato,Tomato_Leaf_Disease_Dataset_Pakistan,D:\CropDiseaseProject\results\model_robustness_audit\audit_images\track_b_external\tomato\Tomato___healthy\pak_Basil%2Binfected%2Bby%2BTomato%2BSpotted%2BWilt%2BVirus.jpg,Tomato___healthy,9,Tomato___Late_blight,2,False,0.9416099190711975,0.0029546250589191914,Tomato___Tomato_Yellow_Leaf_Curl_Virus,0.05446629598736763,Tomato___healthy,0.0029546250589191914,HIGH,MISCLASSIFICATION
TRACK_B_EXTERNAL,Tomato,external_tomato,Tomato_Leaf_Disease_Dataset_Pakistan,D:\CropDiseaseProject\results\model_robustness_audit\audit_images\track_b_external\tomato\Tomato___healthy\pak_Brown-Spots-on-Tomato-Leaves.jpg,Tomato___healthy,9,Tomato___Late_blight,2,False,0.9783373475074768,0.00020195300749037415,Tomato___Early_blight,0.015944506973028183,Tomato___Tomato_Yellow_Leaf_Curl_Virus,0.0018405367154628038,HIGH,MISCLASSIFICATION
TRACK_B_EXTERNAL,Tomato,external_tomato,Tomato_Leaf_Disease_Dataset_Pakistan,D:\CropDiseaseProject\results\model_robustness_audit\audit_images\track_b_external\tomato\Tomato___healthy\pak_Fig-2.jpg,Tomato___healthy,9,Tomato___Late_blight,2,False,0.9860489368438721,0.008642217144370079,Tomato___healthy,0.008642217144370079,Tomato___Early_blight,0.004253390245139599,HIGH,MISCLASSIFICATION
TRACK_B_EXTERNAL,Tomato,external_tomato,Tomato_Leaf_Disease_Dataset_Pakistan,D:\CropDiseaseProject\results\model_robustness_audit\audit_images\track_b_external\tomato\Tomato___healthy\pak_HL_(102).jpg,Tomato___healthy,9,Tomato___Early_blight,1,False,0.9998754262924194,1.6583286965854427e-09,Tomato___Late_blight,0.00011842363164760172,Tomato___Bacterial_spot,5.607651019090554e-06,HIGH,MISCLASSIFICATION
TRACK_B_EXTERNAL,Tomato,external_tomato,Tomato_Leaf_Disease_Dataset_Pakistan,D:\CropDiseaseProject\results\model_robustness_audit\audit_images\track_b_external\tomato\Tomato___healthy\pak_HL_(103).jpg,Tomato___healthy,9,Tomato___Early_blight,1,False,0.6727614402770996,0.000156225505634211,Tomato___Late_blight,0.32680821418762207,Tomato___healthy,0.000156225505634211,HIGH,MISCLASSIFICATION
TRACK_B_EXTERNAL,Tomato,external_tomato,Tomato_Leaf_Disease_Dataset_Pakistan,D:\CropDiseaseProject\results\model_robustness_audit\audit_images\track_b_external\tomato\Tomato___healthy\pak_HL_(110).jpg,Tomato___healthy,9,Tomato___Early_blight,1,False,0.9299091100692749,3.181647230121598e-07,Tomato___Late_blight,0.07008759677410126,Tomato___Septoria_leaf_spot,2.5855429157672916e-06,HIGH,MISCLASSIFICATION
TRACK_B_EXTERNAL,Tomato,external_tomato,Tomato_Leaf_Disease_Dataset_Pakistan,D:\CropDiseaseProject\results\model_robustness_audit\audit_images\track_b_external\tomato\Tomato___healthy\pak_HL_(119).jpg,Tomato___healthy,9,Tomato___Early_blight,1,False,0.9733896851539612,5.7395602198084816e-05,Tomato___Late_blight,0.025754638016223907,Tomato___Septoria_leaf_spot,0.0007442535716108978,HIGH,MISCLASSIFICATION
TRACK_B_EXTERNAL,Tomato,external_tomato,Tomato_Leaf_Disease_Dataset_Pakistan,D:\CropDiseaseProject\results\model_robustness_audit\audit_images\track_b_external\tomato\Tomato___healthy\pak_HL_(128).jpg,Tomato___healthy,9,Tomato___Late_blight,2,False,0.8330448269844055,3.581944474717602e-05,Tomato___Early_blight,0.16541853547096252,Tomato___Target_Spot,0.000970756052993238,HIGH,MISCLASSIFICATION
TRACK_B_EXTERNAL,Tomato,external_tomato,Tomato_Leaf_Disease_Dataset_Pakistan,D:\CropDiseaseProject\results\model_robustness_audit\audit_images\track_b_external\tomato\Tomato___healthy\pak_HL_(138).jpg,Tomato___healthy,9,Tomato___Late_blight,2,False,0.8867872953414917,0.0003617456532083452,Tomato___Early_blight,0.11105754971504211,Tomato___Septoria_leaf_spot,0.0009471235098317266,HIGH,MISCLASSIFICATION
TRACK_B_EXTERNAL,Tomato,external_tomato,Tomato_Leaf_Disease_Dataset_Pakistan,D:\CropDiseaseProject\results\model_robustness_audit\audit_images\track_b_external\tomato\Tomato___healthy\pak_HL_(148).jpg,Tomato___healthy,9,Tomato___Late_blight,2,False,0.9795518517494202,1.2743164461426204e-06,Tomato___Early_blight,0.020397137850522995,Tomato___Tomato_Yellow_Leaf_Curl_Virus,2.138895979442168e-05,HIGH,MISCLASSIFICATION
TRACK_B_EXTERNAL,Tomato,external_tomato,Tomato_Leaf_Disease_Dataset_Pakistan,D:\CropDiseaseProject\results\model_robustness_audit\audit_images\track_b_external\tomato\Tomato___healthy\pak_HL_(149).jpg,Tomato___healthy,9,Tomato___Early_blight,1,False,0.9105925559997559,0.0033318272326141596,Tomato___Late_blight,0.08535222709178925,Tomato___healthy,0.0033318272326141596,HIGH,MISCLASSIFICATION
TRACK_B_EXTERNAL,Tomato,external_tomato,Tomato_Leaf_Disease_Dataset_Pakistan,D:\CropDiseaseProject\results\model_robustness_audit\audit_images\track_b_external\tomato\Tomato___healthy\pak_HL_(161).jpg,Tomato___healthy,9,Tomato___Early_blight,1,False,0.9326601028442383,8.381564953197085e-08,Tomato___Late_blight,0.06488648056983948,Tomato___Tomato_Yellow_Leaf_Curl_Virus,0.0021197081077843904,HIGH,MISCLASSIFICATION
TRACK_B_EXTERNAL,Tomato,external_tomato,Tomato_Leaf_Disease_Dataset_Pakistan,D:\CropDiseaseProject\results\model_robustness_audit\audit_images\track_b_external\tomato\Tomato___healthy\pak_HL_(3).jpg,Tomato___healthy,9,Tomato___Early_blight,1,False,0.7198756337165833,7.5825141720997635e-06,Tomato___Late_blight,0.1872776746749878,Tomato___Septoria_leaf_spot,0.09201805293560028,HIGH,MISCLASSIFICATION
TRACK_B_EXTERNAL,Tomato,external_tomato,Tomato_Leaf_Disease_Dataset_Pakistan,D:\CropDiseaseProject\results\model_robustness_audit\audit_images\track_b_external\tomato\Tomato___healthy\pak_HL_(31).jpg,Tomato___healthy,9,Tomato___Late_blight,2,False,0.9835283756256104,0.00026545184664428234,Tomato___Early_blight,0.016077017411589622,Tomato___healthy,0.00026545184664428234,HIGH,MISCLASSIFICATION
TRACK_B_EXTERNAL,Tomato,external_tomato,Tomato_Leaf_Disease_Dataset_Pakistan,D:\CropDiseaseProject\results\model_robustness_audit\audit_images\track_b_external\tomato\Tomato___healthy\pak_HL_(36).jpg,Tomato___healthy,9,Tomato___Late_blight,2,False,0.9596646428108215,5.914641860726988e-06,Tomato___Early_blight,0.03987143188714981,Tomato___Septoria_leaf_spot,0.00031467212829738855,HIGH,MISCLASSIFICATION
TRACK_B_EXTERNAL,Tomato,external_tomato,Tomato_Leaf_Disease_Dataset_Pakistan,D:\CropDiseaseProject\results\model_robustness_audit\audit_images\track_b_external\tomato\Tomato___healthy\pak_HL_(43).jpg,Tomato___healthy,9,Tomato___Late_blight,2,False,0.9274120330810547,6.801562449254561e-06,Tomato___Early_blight,0.06686845421791077,Tomato___Septoria_leaf_spot,0.002529732184484601,HIGH,MISCLASSIFICATION
TRACK_B_EXTERNAL,Tomato,external_tomato,Tomato_Leaf_Disease_Dataset_Pakistan,D:\CropDiseaseProject\results\model_robustness_audit\audit_images\track_b_external\tomato\Tomato___healthy\pak_HL_(5).jpg,Tomato___healthy,9,Tomato___Late_blight,2,False,0.9983331561088562,2.150042746507097e-05,Tomato___Early_blight,0.0014643714530393481,Tomato___Tomato_Yellow_Leaf_Curl_Virus,0.00013086048420518637,HIGH,MISCLASSIFICATION
TRACK_B_EXTERNAL,Tomato,external_tomato,Tomato_Leaf_Disease_Dataset_Pakistan,D:\CropDiseaseProject\results\model_robustness_audit\audit_images\track_b_external\tomato\Tomato___healthy\pak_HL_(71).jpg,Tomato___healthy,9,Tomato___Early_blight,1,False,0.9930128455162048,6.442789552731087e-13,Tomato___Late_blight,0.006224518176168203,Tomato___Tomato_Yellow_Leaf_Curl_Virus,0.0007373932749032974,HIGH,MISCLASSIFICATION
TRACK_B_EXTERNAL,Tomato,external_tomato,Tomato_Leaf_Disease_Dataset_Pakistan,D:\CropDiseaseProject\results\model_robustness_audit\audit_images\track_b_external\tomato\Tomato___healthy\pak_HL_(77).jpg,Tomato___healthy,9,Tomato___Early_blight,1,False,0.7664348483085632,2.198193627123146e-09,Tomato___Late_blight,0.23131196200847626,Tomato___Septoria_leaf_spot,0.002234494546428323,HIGH,MISCLASSIFICATION
TRACK_B_EXTERNAL,Tomato,external_tomato,Tomato_Leaf_Disease_Dataset_Pakistan,D:\CropDiseaseProject\results\model_robustness_audit\audit_images\track_b_external\tomato\Tomato___healthy\pak_HL_(78).jpg,Tomato___healthy,9,Tomato___Early_blight,1,False,0.797767162322998,1.405937155141146e-06,Tomato___Late_blight,0.20176561176776886,Tomato___Septoria_leaf_spot,0.0004029224219266325,HIGH,MISCLASSIFICATION
TRACK_B_EXTERNAL,Tomato,external_tomato,Tomato_Leaf_Disease_Dataset_Pakistan,D:\CropDiseaseProject\results\model_robustness_audit\audit_images\track_b_external\tomato\Tomato___healthy\pak_HL_(80).jpg,Tomato___healthy,9,Tomato___Early_blight,1,False,0.5520639419555664,2.1400438754426432e-07,Tomato___Late_blight,0.43921202421188354,Tomato___Tomato_Yellow_Leaf_Curl_Virus,0.008325203321874142,HIGH,MISCLASSIFICATION
TRACK_B_EXTERNAL,Tomato,external_tomato,Tomato_Leaf_Disease_Dataset_Pakistan,D:\CropDiseaseProject\results\model_robustness_audit\audit_images\track_b_external\tomato\Tomato___healthy\pak_HL_(93).jpg,Tomato___healthy,9,Tomato___Early_blight,1,False,0.7714865803718567,1.2326570875131893e-09,Tomato___Late_blight,0.22845390439033508,Tomato___Tomato_Yellow_Leaf_Curl_Virus,3.773902790271677e-05,HIGH,MISCLASSIFICATION
TRACK_B_EXTERNAL,Tomato,external_tomato,Tomato_Leaf_Disease_Dataset_Pakistan,D:\CropDiseaseProject\results\model_robustness_audit\audit_images\track_b_external\tomato\Tomato___Late_blight\pak_4621c.jpg,Tomato___Late_blight,2,Tomato___Late_blight,2,True,0.5695317983627319,0.5695317983627319,Tomato___Early_blight,0.4304528534412384,Tomato___Bacterial_spot,1.4397736777027603e-05,HIGH,CORRECT
TRACK_B_EXTERNAL,Tomato,external_tomato,Tomato_Leaf_Disease_Dataset_Pakistan,D:\CropDiseaseProject\results\model_robustness_audit\audit_images\track_b_external\tomato\Tomato___Late_blight\pak_4624s.jpg,Tomato___Late_blight,2,Tomato___Late_blight,2,True,0.9211624264717102,0.9211624264717102,Tomato___Leaf_Mold,0.056211501359939575,Tomato___Early_blight,0.021484164521098137,HIGH,CORRECT
TRACK_B_EXTERNAL,Tomato,external_tomato,Tomato_Leaf_Disease_Dataset_Pakistan,D:\CropDiseaseProject\results\model_robustness_audit\audit_images\track_b_external\tomato\Tomato___Late_blight\pak_5816170621_e1cce08736_z.jpg,Tomato___Late_blight,2,Tomato___Early_blight,1,False,0.6195346117019653,0.38045617938041687,Tomato___Late_blight,0.38045617938041687,Tomato___Target_Spot,5.332524324330734e-06,HIGH,MISCLASSIFICATION
TRACK_B_EXTERNAL,Tomato,external_tomato,Tomato_Leaf_Disease_Dataset_Pakistan,D:\CropDiseaseProject\results\model_robustness_audit\audit_images\track_b_external\tomato\Tomato___Late_blight\pak_6-13lateblightleavesMARY_jpg.rf.1114a350a3d07eb0c4f5a4cdcbbe82ed.jpg,Tomato___Late_blight,2,Tomato___Early_blight,1,False,0.912714958190918,0.08716985583305359,Tomato___Late_blight,0.08716985583305359,Tomato___Bacterial_spot,0.00010759353608591482,HIGH,MISCLASSIFICATION
TRACK_B_EXTERNAL,Tomato,external_tomato,Tomato_Leaf_Disease_Dataset_Pakistan,D:\CropDiseaseProject\results\model_robustness_audit\audit_images\track_b_external\tomato\Tomato___Late_blight\pak_8140cs.jpg,Tomato___Late_blight,2,Tomato___Late_blight,2,True,0.9992843270301819,0.9992843270301819,Tomato___Leaf_Mold,0.00028915933216921985,Tomato___Tomato_Yellow_Leaf_Curl_Virus,0.00020974768267478794,HIGH,CORRECT
TRACK_B_EXTERNAL,Tomato,external_tomato,Tomato_Leaf_Disease_Dataset_Pakistan,D:\CropDiseaseProject\results\model_robustness_audit\audit_images\track_b_external\tomato\Tomato___Late_blight\pak_924977LateBlightLeaf.jpg,Tomato___Late_blight,2,Tomato___Late_blight,2,True,0.7945762276649475,0.7945762276649475,Tomato___Early_blight,0.20350967347621918,Tomato___healthy,0.0011247702641412616,HIGH,CORRECT
TRACK_B_EXTERNAL,Tomato,external_tomato,Tomato_Leaf_Disease_Dataset_Pakistan,D:\CropDiseaseProject\results\model_robustness_audit\audit_images\track_b_external\tomato\Tomato___Late_blight\pak_August-17-2012-Supplemental-6.jpg,Tomato___Late_blight,2,Tomato___Late_blight,2,True,0.6624506115913391,0.6624506115913391,Tomato___Early_blight,0.3320940136909485,Tomato___Bacterial_spot,0.005122312810271978,HIGH,CORRECT
TRACK_B_EXTERNAL,Tomato,external_tomato,Tomato_Leaf_Disease_Dataset_Pakistan,D:\CropDiseaseProject\results\model_robustness_audit\audit_images\track_b_external\tomato\Tomato___Late_blight\pak_Fig.%2014_opta.jpg,Tomato___Late_blight,2,Tomato___Late_blight,2,True,0.873626708984375,0.873626708984375,Tomato___Early_blight,0.12624920904636383,Tomato___Tomato_Yellow_Leaf_Curl_Virus,7.820586324669421e-05,HIGH,CORRECT
TRACK_B_EXTERNAL,Tomato,external_tomato,Tomato_Leaf_Disease_Dataset_Pakistan,D:\CropDiseaseProject\results\model_robustness_audit\audit_images\track_b_external\tomato\Tomato___Late_blight\pak_Gls35.jpg,Tomato___Late_blight,2,Tomato___Early_blight,1,False,0.9632514119148254,0.03527415916323662,Tomato___Late_blight,0.03527415916323662,Tomato___Target_Spot,0.0011761091882362962,HIGH,MISCLASSIFICATION
TRACK_B_EXTERNAL,Tomato,external_tomato,Tomato_Leaf_Disease_Dataset_Pakistan,D:\CropDiseaseProject\results\model_robustness_audit\audit_images\track_b_external\tomato\Tomato___Late_blight\pak_Gls45.jpg,Tomato___Late_blight,2,Tomato___Late_blight,2,True,0.960948646068573,0.960948646068573,Tomato___Early_blight,0.03546508774161339,Tomato___Tomato_Yellow_Leaf_Curl_Virus,0.002561032073572278,HIGH,CORRECT
TRACK_B_EXTERNAL,Tomato,external_tomato,Tomato_Leaf_Disease_Dataset_Pakistan,D:\CropDiseaseProject\results\model_robustness_audit\audit_images\track_b_external\tomato\Tomato___Late_blight\pak_Gls5.JPG,Tomato___Late_blight,2,Tomato___Early_blight,1,False,0.8520261645317078,0.0100447041913867,Tomato___Tomato_Yellow_Leaf_Curl_Virus,0.13780859112739563,Tomato___Late_blight,0.0100447041913867,HIGH,MISCLASSIFICATION
TRACK_B_EXTERNAL,Tomato,external_tomato,Tomato_Leaf_Disease_Dataset_Pakistan,D:\CropDiseaseProject\results\model_robustness_audit\audit_images\track_b_external\tomato\Tomato___Late_blight\pak_Gls70_change_90.jpg,Tomato___Late_blight,2,Tomato___Early_blight,1,False,0.8702847957611084,0.04822925478219986,Tomato___Target_Spot,0.05915007367730141,Tomato___Late_blight,0.04822925478219986,HIGH,MISCLASSIFICATION
TRACK_B_EXTERNAL,Tomato,external_tomato,Tomato_Leaf_Disease_Dataset_Pakistan,D:\CropDiseaseProject\results\model_robustness_audit\audit_images\track_b_external\tomato\Tomato___Late_blight\pak_Gls75.jpg,Tomato___Late_blight,2,Tomato___Late_blight,2,True,0.45339709520339966,0.45339709520339966,Tomato___Early_blight,0.29008546471595764,Tomato___Tomato_Yellow_Leaf_Curl_Virus,0.2442447394132614,HIGH,CORRECT
TRACK_B_EXTERNAL,Tomato,external_tomato,Tomato_Leaf_Disease_Dataset_Pakistan,D:\CropDiseaseProject\results\model_robustness_audit\audit_images\track_b_external\tomato\Tomato___Late_blight\pak_Gls78.JPG,Tomato___Late_blight,2,Tomato___Late_blight,2,True,0.9090084433555603,0.9090084433555603,Tomato___Early_blight,0.08528321236371994,Tomato___Tomato_Yellow_Leaf_Curl_Virus,0.005461969878524542,HIGH,CORRECT
TRACK_B_EXTERNAL,Tomato,external_tomato,Tomato_Leaf_Disease_Dataset_Pakistan,D:\CropDiseaseProject\results\model_robustness_audit\audit_images\track_b_external\tomato\Tomato___Late_blight\pak_Gls79.JPG,Tomato___Late_blight,2,Tomato___Late_blight,2,True,0.99891197681427,0.99891197681427,Tomato___Early_blight,0.0007919632480479777,Tomato___Tomato_Yellow_Leaf_Curl_Virus,0.00029159884434193373,HIGH,CORRECT
TRACK_B_EXTERNAL,Tomato,external_tomato,Tomato_Leaf_Disease_Dataset_Pakistan,D:\CropDiseaseProject\results\model_robustness_audit\audit_images\track_b_external\tomato\Tomato___Late_blight\pak_Gls80_change_90.jpg,Tomato___Late_blight,2,Tomato___Late_blight,2,True,0.9806961417198181,0.9806961417198181,Tomato___Tomato_Yellow_Leaf_Curl_Virus,0.01900344155728817,Tomato___Early_blight,0.0002995477116201073,HIGH,CORRECT
TRACK_B_EXTERNAL,Tomato,external_tomato,Tomato_Leaf_Disease_Dataset_Pakistan,D:\CropDiseaseProject\results\model_robustness_audit\audit_images\track_b_external\tomato\Tomato___Late_blight\pak_IMG-20240812-WA0237.jpg,Tomato___Late_blight,2,Tomato___Late_blight,2,True,0.9207102060317993,0.9207102060317993,Tomato___Early_blight,0.07835820317268372,Tomato___Bacterial_spot,0.000651788548566401,HIGH,CORRECT
TRACK_B_EXTERNAL,Tomato,external_tomato,Tomato_Leaf_Disease_Dataset_Pakistan,D:\CropDiseaseProject\results\model_robustness_audit\audit_images\track_b_external\tomato\Tomato___Late_blight\pak_IMG20251102153828.jpg,Tomato___Late_blight,2,Tomato___Late_blight,2,True,0.9998185038566589,0.9998185038566589,Tomato___Early_blight,0.0001809688110370189,Tomato___Target_Spot,3.340318528444186e-07,HIGH,CORRECT
TRACK_B_EXTERNAL,Tomato,external_tomato,Tomato_Leaf_Disease_Dataset_Pakistan,D:\CropDiseaseProject\results\model_robustness_audit\audit_images\track_b_external\tomato\Tomato___Late_blight\pak_IMG_1526.jpg,Tomato___Late_blight,2,Tomato___Late_blight,2,True,0.9857112765312195,0.9857112765312195,Tomato___Early_blight,0.013006753288209438,Tomato___healthy,0.0006282917456701398,HIGH,CORRECT
TRACK_B_EXTERNAL,Tomato,external_tomato,Tomato_Leaf_Disease_Dataset_Pakistan,D:\CropDiseaseProject\results\model_robustness_audit\audit_images\track_b_external\tomato\Tomato___Late_blight\pak_IMG_20251102_155132.jpg,Tomato___Late_blight,2,Tomato___Late_blight,2,True,0.9977437257766724,0.9977437257766724,Tomato___Early_blight,0.0022118615452200174,Tomato___Bacterial_spot,3.680869485833682e-05,HIGH,CORRECT
TRACK_B_EXTERNAL,Tomato,external_tomato,Tomato_Leaf_Disease_Dataset_Pakistan,D:\CropDiseaseProject\results\model_robustness_audit\audit_images\track_b_external\tomato\Tomato___Late_blight\pak_IMG_20251102_155447.jpg,Tomato___Late_blight,2,Tomato___Late_blight,2,True,0.855831503868103,0.855831503868103,Tomato___Early_blight,0.14416687190532684,Tomato___Bacterial_spot,6.411556228158588e-07,HIGH,CORRECT
TRACK_B_EXTERNAL,Tomato,external_tomato,Tomato_Leaf_Disease_Dataset_Pakistan,D:\CropDiseaseProject\results\model_robustness_audit\audit_images\track_b_external\tomato\Tomato___Late_blight\pak_IMG_20251102_155805.jpg,Tomato___Late_blight,2,Tomato___Early_blight,1,False,0.6677389144897461,0.3322487473487854,Tomato___Late_blight,0.3322487473487854,Tomato___Leaf_Mold,5.6098147069860715e-06,HIGH,MISCLASSIFICATION
TRACK_B_EXTERNAL,Tomato,external_tomato,Tomato_Leaf_Disease_Dataset_Pakistan,D:\CropDiseaseProject\results\model_robustness_audit\audit_images\track_b_external\tomato\Tomato___Late_blight\pak_IMG_20251102_155822.jpg,Tomato___Late_blight,2,Tomato___Late_blight,2,True,0.9990035891532898,0.9990035891532898,Tomato___Early_blight,0.0009961077012121677,Tomato___Septoria_leaf_spot,2.2992247750153183e-07,HIGH,CORRECT
TRACK_B_EXTERNAL,Tomato,external_tomato,Tomato_Leaf_Disease_Dataset_Pakistan,D:\CropDiseaseProject\results\model_robustness_audit\audit_images\track_b_external\tomato\Tomato___Late_blight\pak_IMG_20251102_160928.jpg,Tomato___Late_blight,2,Tomato___Late_blight,2,True,0.9902583360671997,0.9902583360671997,Tomato___Early_blight,0.009697754867374897,Tomato___Tomato_Yellow_Leaf_Curl_Virus,2.8406786441337317e-05,HIGH,CORRECT
TRACK_B_EXTERNAL,Tomato,external_tomato,Tomato_Leaf_Disease_Dataset_Pakistan,D:\CropDiseaseProject\results\model_robustness_audit\audit_images\track_b_external\tomato\Tomato___Late_blight\pak_IMG_20251102_161026.jpg,Tomato___Late_blight,2,Tomato___Early_blight,1,False,0.9718862771987915,0.0027050997596234083,Tomato___Tomato_Yellow_Leaf_Curl_Virus,0.025407517328858376,Tomato___Late_blight,0.0027050997596234083,HIGH,MISCLASSIFICATION
TRACK_B_EXTERNAL,Tomato,external_tomato,Tomato_Leaf_Disease_Dataset_Pakistan,D:\CropDiseaseProject\results\model_robustness_audit\audit_images\track_b_external\tomato\Tomato___Late_blight\pak_IMG_20251102_161202.jpg,Tomato___Late_blight,2,Tomato___Early_blight,1,False,0.9163299202919006,0.08357000350952148,Tomato___Late_blight,0.08357000350952148,Tomato___Target_Spot,6.482734897872433e-05,HIGH,MISCLASSIFICATION
TRACK_B_EXTERNAL,Tomato,external_tomato,Tomato_Leaf_Disease_Dataset_Pakistan,D:\CropDiseaseProject\results\model_robustness_audit\audit_images\track_b_external\tomato\Tomato___Late_blight\pak_IMG_20251102_161536.jpg,Tomato___Late_blight,2,Tomato___Early_blight,1,False,0.7758634090423584,0.2241157591342926,Tomato___Late_blight,0.2241157591342926,Tomato___Bacterial_spot,1.5256515325745568e-05,HIGH,MISCLASSIFICATION
TRACK_B_EXTERNAL,Tomato,external_tomato,Tomato_Leaf_Disease_Dataset_Pakistan,D:\CropDiseaseProject\results\model_robustness_audit\audit_images\track_b_external\tomato\Tomato___Late_blight\pak_IMG_20251102_161541.jpg,Tomato___Late_blight,2,Tomato___Late_blight,2,True,0.7706605792045593,0.7706605792045593,Tomato___Early_blight,0.18851390480995178,Tomato___Bacterial_spot,0.03768336772918701,HIGH,CORRECT
TRACK_B_EXTERNAL,Tomato,external_tomato,Tomato_Leaf_Disease_Dataset_Pakistan,D:\CropDiseaseProject\results\model_robustness_audit\audit_images\track_b_external\tomato\Tomato___Late_blight\pak_IMG_4182.JPG.jpg,Tomato___Late_blight,2,Tomato___Early_blight,1,False,0.9674113988876343,0.032171111553907394,Tomato___Late_blight,0.032171111553907394,Tomato___Bacterial_spot,0.00041412614518776536,HIGH,MISCLASSIFICATION
TRACK_B_EXTERNAL,Tomato,external_tomato,Tomato_Leaf_Disease_Dataset_Pakistan,D:\CropDiseaseProject\results\model_robustness_audit\audit_images\track_b_external\tomato\Tomato___Late_blight\pak_IMG_5808_jpg.rf.9de5af872dd2e7a58b115c4826fb18d4.jpg,Tomato___Late_blight,2,Tomato___Late_blight,2,True,0.9987163543701172,0.9987163543701172,Tomato___Early_blight,0.0011729529360309243,Tomato___Leaf_Mold,5.938250251347199e-05,HIGH,CORRECT
TRACK_B_EXTERNAL,Tomato,external_tomato,Tomato_Leaf_Disease_Dataset_Pakistan,D:\CropDiseaseProject\results\model_robustness_audit\audit_images\track_b_external\tomato\Tomato___Tomato_Yellow_Leaf_Curl_Virus\pak_1342017-162221-44540.jpg,Tomato___Tomato_Yellow_Leaf_Curl_Virus,7,Tomato___Late_blight,2,False,0.8596735000610352,0.006426994223147631,Tomato___Septoria_leaf_spot,0.06366702914237976,Tomato___Early_blight,0.053362611681222916,HIGH,MISCLASSIFICATION
TRACK_B_EXTERNAL,Tomato,external_tomato,Tomato_Leaf_Disease_Dataset_Pakistan,D:\CropDiseaseProject\results\model_robustness_audit\audit_images\track_b_external\tomato\Tomato___Tomato_Yellow_Leaf_Curl_Virus\pak_1422_0_jpeg_jpg.rf.141e71ae4e0fb1b8cf91de832e61eea5.jpg,Tomato___Tomato_Yellow_Leaf_Curl_Virus,7,Tomato___Late_blight,2,False,0.7734207510948181,0.0007534993928857148,Tomato___Early_blight,0.2199241816997528,Tomato___healthy,0.004677466582506895,HIGH,MISCLASSIFICATION
TRACK_B_EXTERNAL,Tomato,external_tomato,Tomato_Leaf_Disease_Dataset_Pakistan,D:\CropDiseaseProject\results\model_robustness_audit\audit_images\track_b_external\tomato\Tomato___Tomato_Yellow_Leaf_Curl_Virus\pak_18071.img.jpg,Tomato___Tomato_Yellow_Leaf_Curl_Virus,7,Tomato___Early_blight,1,False,0.5231424570083618,0.0001463958906242624,Tomato___Late_blight,0.46937987208366394,Tomato___healthy,0.0059365034103393555,HIGH,MISCLASSIFICATION
TRACK_B_EXTERNAL,Tomato,external_tomato,Tomato_Leaf_Disease_Dataset_Pakistan,D:\CropDiseaseProject\results\model_robustness_audit\audit_images\track_b_external\tomato\Tomato___Tomato_Yellow_Leaf_Curl_Virus\pak_2.--Virused-tomato-leaves-versus.jpg,Tomato___Tomato_Yellow_Leaf_Curl_Virus,7,Tomato___Late_blight,2,False,0.9387304782867432,0.011460757814347744,Tomato___Early_blight,0.047939483076334,Tomato___Tomato_Yellow_Leaf_Curl_Virus,0.011460757814347744,HIGH,MISCLASSIFICATION
TRACK_B_EXTERNAL,Tomato,external_tomato,Tomato_Leaf_Disease_Dataset_Pakistan,D:\CropDiseaseProject\results\model_robustness_audit\audit_images\track_b_external\tomato\Tomato___Tomato_Yellow_Leaf_Curl_Virus\pak_28619919393_7ef44acccc_b.jpg,Tomato___Tomato_Yellow_Leaf_Curl_Virus,7,Tomato___Late_blight,2,False,0.6120638251304626,0.2543233335018158,Tomato___Tomato_Yellow_Leaf_Curl_Virus,0.2543233335018158,Tomato___healthy,0.09997913986444473,HIGH,MISCLASSIFICATION
TRACK_B_EXTERNAL,Tomato,external_tomato,Tomato_Leaf_Disease_Dataset_Pakistan,D:\CropDiseaseProject\results\model_robustness_audit\audit_images\track_b_external\tomato\Tomato___Tomato_Yellow_Leaf_Curl_Virus\pak_29994445671_b6914b44d0_b.jpg,Tomato___Tomato_Yellow_Leaf_Curl_Virus,7,Tomato___Late_blight,2,False,0.9993901252746582,7.364209977822611e-06,Tomato___healthy,0.000569213938433677,Tomato___Early_blight,1.7733456843416207e-05,HIGH,MISCLASSIFICATION
TRACK_B_EXTERNAL,Tomato,external_tomato,Tomato_Leaf_Disease_Dataset_Pakistan,D:\CropDiseaseProject\results\model_robustness_audit\audit_images\track_b_external\tomato\Tomato___Tomato_Yellow_Leaf_Curl_Virus\pak_36ca1410e232eec4a8003fe411246820.jpg,Tomato___Tomato_Yellow_Leaf_Curl_Virus,7,Tomato___Septoria_leaf_spot,4,False,0.8937087059020996,0.06804569810628891,Tomato___Tomato_Yellow_Leaf_Curl_Virus,0.06804569810628891,Tomato___Late_blight,0.012828911654651165,HIGH,MISCLASSIFICATION
TRACK_B_EXTERNAL,Tomato,external_tomato,Tomato_Leaf_Disease_Dataset_Pakistan,D:\CropDiseaseProject\results\model_robustness_audit\audit_images\track_b_external\tomato\Tomato___Tomato_Yellow_Leaf_Curl_Virus\pak_3782849713_398f3a1086_b_jpg.rf.459a511773f9b32c153d53a41b5bd3d2.jpg,Tomato___Tomato_Yellow_Leaf_Curl_Virus,7,Tomato___Late_blight,2,False,0.9591180682182312,0.012899192981421947,Tomato___Tomato_Yellow_Leaf_Curl_Virus,0.012899192981421947,Tomato___Early_blight,0.010581079870462418,HIGH,MISCLASSIFICATION
TRACK_B_EXTERNAL,Tomato,external_tomato,Tomato_Leaf_Disease_Dataset_Pakistan,D:\CropDiseaseProject\results\model_robustness_audit\audit_images\track_b_external\tomato\Tomato___Tomato_Yellow_Leaf_Curl_Virus\pak_5146.jpg,Tomato___Tomato_Yellow_Leaf_Curl_Virus,7,Tomato___Late_blight,2,False,0.9989548921585083,2.0288071027607657e-05,Tomato___Early_blight,0.0008050730684772134,Tomato___Bacterial_spot,0.00013355309783946723,HIGH,MISCLASSIFICATION
TRACK_B_EXTERNAL,Tomato,external_tomato,Tomato_Leaf_Disease_Dataset_Pakistan,D:\CropDiseaseProject\results\model_robustness_audit\audit_images\track_b_external\tomato\Tomato___Tomato_Yellow_Leaf_Curl_Virus\pak_534ddf3a932e62dd929a3ac1b29bfa29.jpg,Tomato___Tomato_Yellow_Leaf_Curl_Virus,7,Tomato___Early_blight,1,False,0.9813175797462463,0.00013907963875681162,Tomato___Late_blight,0.01486088428646326,Tomato___Target_Spot,0.0034055199939757586,HIGH,MISCLASSIFICATION
TRACK_B_EXTERNAL,Tomato,external_tomato,Tomato_Leaf_Disease_Dataset_Pakistan,D:\CropDiseaseProject\results\model_robustness_audit\audit_images\track_b_external\tomato\Tomato___Tomato_Yellow_Leaf_Curl_Virus\pak_8226402609_62d16884a7_b.jpg,Tomato___Tomato_Yellow_Leaf_Curl_Virus,7,Tomato___Late_blight,2,False,0.5566786527633667,1.1678514965751674e-05,Tomato___healthy,0.39902275800704956,Tomato___Septoria_leaf_spot,0.017454495653510094,HIGH,MISCLASSIFICATION
TRACK_B_EXTERNAL,Tomato,external_tomato,Tomato_Leaf_Disease_Dataset_Pakistan,D:\CropDiseaseProject\results\model_robustness_audit\audit_images\track_b_external\tomato\Tomato___Tomato_Yellow_Leaf_Curl_Virus\pak_8227475116_0d40e8f21c_b.jpg,Tomato___Tomato_Yellow_Leaf_Curl_Virus,7,Tomato___Bacterial_spot,0,False,0.4968135952949524,0.03877577930688858,Tomato___Late_blight,0.3804798126220703,Tomato___Target_Spot,0.044181909412145615,HIGH,MISCLASSIFICATION
TRACK_B_EXTERNAL,Tomato,external_tomato,Tomato_Leaf_Disease_Dataset_Pakistan,D:\CropDiseaseProject\results\model_robustness_audit\audit_images\track_b_external\tomato\Tomato___Tomato_Yellow_Leaf_Curl_Virus\pak_DSC01999.JPG.jpg,Tomato___Tomato_Yellow_Leaf_Curl_Virus,7,Tomato___Septoria_leaf_spot,4,False,0.6871338486671448,0.004302305169403553,Tomato___Late_blight,0.3059309124946594,Tomato___Tomato_Yellow_Leaf_Curl_Virus,0.004302305169403553,HIGH,MISCLASSIFICATION
TRACK_B_EXTERNAL,Tomato,external_tomato,Tomato_Leaf_Disease_Dataset_Pakistan,D:\CropDiseaseProject\results\model_robustness_audit\audit_images\track_b_external\tomato\Tomato___Tomato_Yellow_Leaf_Curl_Virus\pak_DSC02006.JPG.jpg,Tomato___Tomato_Yellow_Leaf_Curl_Virus,7,Tomato___Late_blight,2,False,0.9555153846740723,0.0021670532878488302,Tomato___Leaf_Mold,0.04191780462861061,Tomato___Tomato_Yellow_Leaf_Curl_Virus,0.0021670532878488302,HIGH,MISCLASSIFICATION
TRACK_B_EXTERNAL,Tomato,external_tomato,Tomato_Leaf_Disease_Dataset_Pakistan,D:\CropDiseaseProject\results\model_robustness_audit\audit_images\track_b_external\tomato\Tomato___Tomato_Yellow_Leaf_Curl_Virus\pak_DSC02007.JPG.jpg,Tomato___Tomato_Yellow_Leaf_Curl_Virus,7,Tomato___Late_blight,2,False,0.9997642636299133,2.676609689444831e-08,Tomato___Early_blight,0.0002354136813664809,Tomato___healthy,2.6335061420468264e-07,HIGH,MISCLASSIFICATION
TRACK_B_EXTERNAL,Tomato,external_tomato,Tomato_Leaf_Disease_Dataset_Pakistan,D:\CropDiseaseProject\results\model_robustness_audit\audit_images\track_b_external\tomato\Tomato___Tomato_Yellow_Leaf_Curl_Virus\pak_DSC_3019_320x209.jpg,Tomato___Tomato_Yellow_Leaf_Curl_Virus,7,Tomato___Late_blight,2,False,0.9813866019248962,0.007533476687967777,Tomato___Early_blight,0.011040447279810905,Tomato___Tomato_Yellow_Leaf_Curl_Virus,0.007533476687967777,HIGH,MISCLASSIFICATION
TRACK_B_EXTERNAL,Tomato,external_tomato,Tomato_Leaf_Disease_Dataset_Pakistan,D:\CropDiseaseProject\results\model_robustness_audit\audit_images\track_b_external\tomato\Tomato___Tomato_Yellow_Leaf_Curl_Virus\pak_IMG20251102153724.jpg,Tomato___Tomato_Yellow_Leaf_Curl_Virus,7,Tomato___Early_blight,1,False,0.9359327554702759,1.3911244423070457e-06,Tomato___Late_blight,0.06406053900718689,Tomato___Bacterial_spot,2.9469881610566517e-06,HIGH,MISCLASSIFICATION
TRACK_B_EXTERNAL,Tomato,external_tomato,Tomato_Leaf_Disease_Dataset_Pakistan,D:\CropDiseaseProject\results\model_robustness_audit\audit_images\track_b_external\tomato\Tomato___Tomato_Yellow_Leaf_Curl_Virus\pak_IMG_20251102_153430.jpg,Tomato___Tomato_Yellow_Leaf_Curl_Virus,7,Tomato___Late_blight,2,False,0.5405013561248779,2.541205503803212e-07,Tomato___Early_blight,0.4590509831905365,Tomato___Bacterial_spot,0.00030239138868637383,HIGH,MISCLASSIFICATION
TRACK_B_EXTERNAL,Tomato,external_tomato,Tomato_Leaf_Disease_Dataset_Pakistan,D:\CropDiseaseProject\results\model_robustness_audit\audit_images\track_b_external\tomato\Tomato___Tomato_Yellow_Leaf_Curl_Virus\pak_IMG_20251102_153921.jpg,Tomato___Tomato_Yellow_Leaf_Curl_Virus,7,Tomato___Tomato_Yellow_Leaf_Curl_Virus,7,True,0.4600559175014496,0.4600559175014496,Tomato___Septoria_leaf_spot,0.37622344493865967,Tomato___Early_blight,0.14580215513706207,HIGH,CORRECT
TRACK_B_EXTERNAL,Tomato,external_tomato,Tomato_Leaf_Disease_Dataset_Pakistan,D:\CropDiseaseProject\results\model_robustness_audit\audit_images\track_b_external\tomato\Tomato___Tomato_Yellow_Leaf_Curl_Virus\pak_IMG_20251102_154334.jpg,Tomato___Tomato_Yellow_Leaf_Curl_Virus,7,Tomato___Early_blight,1,False,0.9119839668273926,5.462611341044976e-08,Tomato___Late_blight,0.08799892663955688,Tomato___healthy,1.5698966308264062e-05,HIGH,MISCLASSIFICATION
TRACK_B_EXTERNAL,Tomato,external_tomato,Tomato_Leaf_Disease_Dataset_Pakistan,D:\CropDiseaseProject\results\model_robustness_audit\audit_images\track_b_external\tomato\Tomato___Tomato_Yellow_Leaf_Curl_Virus\pak_IMG_20251102_154339.jpg,Tomato___Tomato_Yellow_Leaf_Curl_Virus,7,Tomato___Late_blight,2,False,0.6180234551429749,4.4955942257729475e-07,Tomato___Early_blight,0.381684273481369,Tomato___healthy,0.0001474765595048666,HIGH,MISCLASSIFICATION
TRACK_B_EXTERNAL,Tomato,external_tomato,Tomato_Leaf_Disease_Dataset_Pakistan,D:\CropDiseaseProject\results\model_robustness_audit\audit_images\track_b_external\tomato\Tomato___Tomato_Yellow_Leaf_Curl_Virus\pak_IMG_20251102_154344.jpg,Tomato___Tomato_Yellow_Leaf_Curl_Virus,7,Tomato___Early_blight,1,False,0.9663047194480896,0.00026377508766017854,Tomato___Late_blight,0.02724675089120865,Tomato___Target_Spot,0.002681266749277711,HIGH,MISCLASSIFICATION
TRACK_B_EXTERNAL,Tomato,external_tomato,Tomato_Leaf_Disease_Dataset_Pakistan,D:\CropDiseaseProject\results\model_robustness_audit\audit_images\track_b_external\tomato\Tomato___Tomato_Yellow_Leaf_Curl_Virus\pak_IMG_20251102_154350.jpg,Tomato___Tomato_Yellow_Leaf_Curl_Virus,7,Tomato___Late_blight,2,False,0.9548784494400024,1.4491416777673294e-06,Tomato___Early_blight,0.04478858411312103,Tomato___Bacterial_spot,0.0001803885243134573,HIGH,MISCLASSIFICATION
TRACK_B_EXTERNAL,Tomato,external_tomato,Tomato_Leaf_Disease_Dataset_Pakistan,D:\CropDiseaseProject\results\model_robustness_audit\audit_images\track_b_external\tomato\Tomato___Tomato_Yellow_Leaf_Curl_Virus\pak_IMG_20251102_154355.jpg,Tomato___Tomato_Yellow_Leaf_Curl_Virus,7,Tomato___Early_blight,1,False,0.7997930645942688,1.2654269854195377e-09,Tomato___Late_blight,0.2001720666885376,Tomato___Leaf_Mold,2.2623140466748737e-05,HIGH,MISCLASSIFICATION
TRACK_B_EXTERNAL,Tomato,external_tomato,Tomato_Leaf_Disease_Dataset_Pakistan,D:\CropDiseaseProject\results\model_robustness_audit\audit_images\track_b_external\tomato\Tomato___Tomato_Yellow_Leaf_Curl_Virus\pak_IMG_20251102_155012.jpg,Tomato___Tomato_Yellow_Leaf_Curl_Virus,7,Tomato___Early_blight,1,False,0.5552775263786316,1.738066021061968e-05,Tomato___Late_blight,0.4422142207622528,Tomato___Bacterial_spot,0.0016508807893842459,HIGH,MISCLASSIFICATION
TRACK_B_EXTERNAL,Tomato,external_tomato,Tomato_Leaf_Disease_Dataset_Pakistan,D:\CropDiseaseProject\results\model_robustness_audit\audit_images\track_b_external\tomato\Tomato___Tomato_Yellow_Leaf_Curl_Virus\pak_IMG_20251102_155031.jpg,Tomato___Tomato_Yellow_Leaf_Curl_Virus,7,Tomato___Late_blight,2,False,0.9798897504806519,9.076045870415328e-08,Tomato___Early_blight,0.019686434417963028,Tomato___Bacterial_spot,0.00041129341116175056,HIGH,MISCLASSIFICATION
TRACK_B_EXTERNAL,Tomato,external_tomato,Tomato_Leaf_Disease_Dataset_Pakistan,D:\CropDiseaseProject\results\model_robustness_audit\audit_images\track_b_external\tomato\Tomato___Tomato_Yellow_Leaf_Curl_Virus\pak_IMG_20251102_155036.jpg,Tomato___Tomato_Yellow_Leaf_Curl_Virus,7,Tomato___Late_blight,2,False,0.9443074464797974,6.654396202065982e-06,Tomato___Early_blight,0.05403909459710121,Tomato___Septoria_leaf_spot,0.0014668685616925359,HIGH,MISCLASSIFICATION
TRACK_B_EXTERNAL,Tomato,external_tomato,Tomato_Leaf_Disease_Dataset_Pakistan,D:\CropDiseaseProject\results\model_robustness_audit\audit_images\track_b_external\tomato\Tomato___Tomato_Yellow_Leaf_Curl_Virus\pak_IMG_20251102_155041.jpg,Tomato___Tomato_Yellow_Leaf_Curl_Virus,7,Tomato___Late_blight,2,False,0.9810570478439331,0.0011339577613398433,Tomato___healthy,0.011646997183561325,Tomato___Early_blight,0.004171951673924923,HIGH,MISCLASSIFICATION
TRACK_B_EXTERNAL,Tomato,external_tomato,Tomato_Leaf_Disease_Dataset_Pakistan,D:\CropDiseaseProject\results\model_robustness_audit\audit_images\track_b_external\tomato\Tomato___Tomato_Yellow_Leaf_Curl_Virus\pak_IMG_20251102_155042.jpg,Tomato___Tomato_Yellow_Leaf_Curl_Virus,7,Tomato___Late_blight,2,False,0.9024245142936707,5.564984237316217e-11,Tomato___Early_blight,0.09729073196649551,Tomato___Septoria_leaf_spot,0.0002720777702052146,HIGH,MISCLASSIFICATION
TRACK_B_EXTERNAL,Tomato,external_tomato,Tomato_Leaf_Disease_Dataset_Pakistan,D:\CropDiseaseProject\results\model_robustness_audit\audit_images\track_b_external\tomato\Tomato___Tomato_Yellow_Leaf_Curl_Virus\pak_IMG_20251102_155049.jpg,Tomato___Tomato_Yellow_Leaf_Curl_Virus,7,Tomato___Late_blight,2,False,0.9981160163879395,1.0642533077032112e-08,Tomato___Early_blight,0.0018776949727907777,Tomato___Septoria_leaf_spot,5.7880033637047745e-06,HIGH,MISCLASSIFICATION
TRACK_B_EXTERNAL,Tomato,external_tomato,Tomato_Leaf_Disease_Dataset_Pakistan,D:\CropDiseaseProject\results\model_robustness_audit\audit_images\track_b_external\tomato\Tomato___Leaf_Mold\pak_1723454500586.jpg,Tomato___Leaf_Mold,3,Tomato___Late_blight,2,False,0.7435986995697021,9.093269909499213e-05,Tomato___Early_blight,0.2558964788913727,Tomato___Bacterial_spot,0.00020471878815442324,HIGH,MISCLASSIFICATION
TRACK_B_EXTERNAL,Tomato,external_tomato,Tomato_Leaf_Disease_Dataset_Pakistan,D:\CropDiseaseProject\results\model_robustness_audit\audit_images\track_b_external\tomato\Tomato___Leaf_Mold\pak_23601051_1572608349449262_2029169498_o.jpg,Tomato___Leaf_Mold,3,Tomato___Late_blight,2,False,0.9436942934989929,5.692651029676199e-05,Tomato___Early_blight,0.05579673871397972,Tomato___Target_Spot,0.00030932543450035155,HIGH,MISCLASSIFICATION
TRACK_B_EXTERNAL,Tomato,external_tomato,Tomato_Leaf_Disease_Dataset_Pakistan,D:\CropDiseaseProject\results\model_robustness_audit\audit_images\track_b_external\tomato\Tomato___Leaf_Mold\pak_23633262_1572609386115825_1396180255_o.jpg,Tomato___Leaf_Mold,3,Tomato___Early_blight,1,False,0.9509479999542236,4.076570348843234e-06,Tomato___Septoria_leaf_spot,0.03615850955247879,Tomato___Late_blight,0.012670468538999557,HIGH,MISCLASSIFICATION
TRACK_B_EXTERNAL,Tomato,external_tomato,Tomato_Leaf_Disease_Dataset_Pakistan,D:\CropDiseaseProject\results\model_robustness_audit\audit_images\track_b_external\tomato\Tomato___Leaf_Mold\pak_4118c92ffde66d327ee14e4023320bf7.jpg,Tomato___Leaf_Mold,3,Tomato___Early_blight,1,False,0.8294184803962708,0.0008412061142735183,Tomato___Late_blight,0.1190720796585083,Tomato___Septoria_leaf_spot,0.047897376120090485,HIGH,MISCLASSIFICATION
TRACK_B_EXTERNAL,Tomato,external_tomato,Tomato_Leaf_Disease_Dataset_Pakistan,D:\CropDiseaseProject\results\model_robustness_audit\audit_images\track_b_external\tomato\Tomato___Leaf_Mold\pak_6032331.JPG.jpg,Tomato___Leaf_Mold,3,Tomato___Early_blight,1,False,0.9657567143440247,4.150729000684805e-05,Tomato___Late_blight,0.034196946769952774,Tomato___Leaf_Mold,4.150729000684805e-05,HIGH,MISCLASSIFICATION
TRACK_B_EXTERNAL,Tomato,external_tomato,Tomato_Leaf_Disease_Dataset_Pakistan,D:\CropDiseaseProject\results\model_robustness_audit\audit_images\track_b_external\tomato\Tomato___Leaf_Mold\pak_607-155-0.jpg,Tomato___Leaf_Mold,3,Tomato___Tomato_Yellow_Leaf_Curl_Virus,7,False,0.9681888818740845,0.0015346036525443196,Tomato___Late_blight,0.016617923974990845,Tomato___Early_blight,0.013396679423749447,HIGH,MISCLASSIFICATION
TRACK_B_EXTERNAL,Tomato,external_tomato,Tomato_Leaf_Disease_Dataset_Pakistan,D:\CropDiseaseProject\results\model_robustness_audit\audit_images\track_b_external\tomato\Tomato___Leaf_Mold\pak_BlackLeafMold2.jpg,Tomato___Leaf_Mold,3,Tomato___Late_blight,2,False,0.9133948087692261,0.00013554828183259815,Tomato___Early_blight,0.08420905470848083,Tomato___Tomato_Yellow_Leaf_Curl_Virus,0.002030535601079464,HIGH,MISCLASSIFICATION
TRACK_B_EXTERNAL,Tomato,external_tomato,Tomato_Leaf_Disease_Dataset_Pakistan,D:\CropDiseaseProject\results\model_robustness_audit\audit_images\track_b_external\tomato\Tomato___Leaf_Mold\pak_Botrytis-Tomato-Seedlings-2-copy-50QUALITY-17wck0d.jpg,Tomato___Leaf_Mold,3,Tomato___Late_blight,2,False,0.6703314781188965,3.691140955197625e-05,Tomato___Early_blight,0.2695578336715698,Tomato___healthy,0.029941996559500694,HIGH,MISCLASSIFICATION
TRACK_B_EXTERNAL,Tomato,external_tomato,Tomato_Leaf_Disease_Dataset_Pakistan,D:\CropDiseaseProject\results\model_robustness_audit\audit_images\track_b_external\tomato\Tomato___Leaf_Mold\pak_Fig.%2015_opta.jpg,Tomato___Leaf_Mold,3,Tomato___Late_blight,2,False,0.6590951681137085,5.240843165665865e-06,Tomato___Early_blight,0.3403224050998688,Tomato___Septoria_leaf_spot,0.00027549316291697323,HIGH,MISCLASSIFICATION
TRACK_B_EXTERNAL,Tomato,external_tomato,Tomato_Leaf_Disease_Dataset_Pakistan,D:\CropDiseaseProject\results\model_robustness_audit\audit_images\track_b_external\tomato\Tomato___Leaf_Mold\pak_Fig.%2016_opt.jpg,Tomato___Leaf_Mold,3,Tomato___Late_blight,2,False,0.985519289970398,2.624458102218341e-05,Tomato___Early_blight,0.014453930780291557,Tomato___Leaf_Mold,2.624458102218341e-05,HIGH,MISCLASSIFICATION
TRACK_B_EXTERNAL,Tomato,external_tomato,Tomato_Leaf_Disease_Dataset_Pakistan,D:\CropDiseaseProject\results\model_robustness_audit\audit_images\track_b_external\tomato\Tomato___Leaf_Mold\pak_GIVXB.jpg,Tomato___Leaf_Mold,3,Tomato___Late_blight,2,False,0.9210450053215027,8.77436286828015e-06,Tomato___Early_blight,0.07486750930547714,Tomato___Septoria_leaf_spot,0.0030396177899092436,HIGH,MISCLASSIFICATION
TRACK_B_EXTERNAL,Tomato,external_tomato,Tomato_Leaf_Disease_Dataset_Pakistan,D:\CropDiseaseProject\results\model_robustness_audit\audit_images\track_b_external\tomato\Tomato___Leaf_Mold\pak_HighTunnel_TLM6.jpg,Tomato___Leaf_Mold,3,Tomato___Tomato_Yellow_Leaf_Curl_Virus,7,False,0.9365398287773132,0.0001830322144087404,Tomato___Late_blight,0.06176475062966347,Tomato___Early_blight,0.0007951641455292702,HIGH,MISCLASSIFICATION
TRACK_B_EXTERNAL,Tomato,external_tomato,Tomato_Leaf_Disease_Dataset_Pakistan,D:\CropDiseaseProject\results\model_robustness_audit\audit_images\track_b_external\tomato\Tomato___Leaf_Mold\pak_IMG-20240724-WA0016.jpg,Tomato___Leaf_Mold,3,Tomato___Early_blight,1,False,0.8841132521629333,2.2667313359647778e-08,Tomato___Septoria_leaf_spot,0.09099185466766357,Tomato___Late_blight,0.021629462018609047,HIGH,MISCLASSIFICATION
TRACK_B_EXTERNAL,Tomato,external_tomato,Tomato_Leaf_Disease_Dataset_Pakistan,D:\CropDiseaseProject\results\model_robustness_audit\audit_images\track_b_external\tomato\Tomato___Leaf_Mold\pak_IMG-20240724-WA0019.jpg,Tomato___Leaf_Mold,3,Tomato___Early_blight,1,False,0.8322077393531799,0.0002206307544838637,Tomato___Late_blight,0.09666500985622406,Tomato___Tomato_Yellow_Leaf_Curl_Virus,0.06992460787296295,HIGH,MISCLASSIFICATION
TRACK_B_EXTERNAL,Tomato,external_tomato,Tomato_Leaf_Disease_Dataset_Pakistan,D:\CropDiseaseProject\results\model_robustness_audit\audit_images\track_b_external\tomato\Tomato___Leaf_Mold\pak_IMG-20240724-WA0020.jpg,Tomato___Leaf_Mold,3,Tomato___Bacterial_spot,0,False,0.5722147226333618,2.18524814954435e-06,Tomato___Septoria_leaf_spot,0.24233831465244293,Tomato___Late_blight,0.06542949378490448,HIGH,MISCLASSIFICATION
TRACK_B_EXTERNAL,Tomato,external_tomato,Tomato_Leaf_Disease_Dataset_Pakistan,D:\CropDiseaseProject\results\model_robustness_audit\audit_images\track_b_external\tomato\Tomato___Leaf_Mold\pak_IMG-20240724-WA0022.jpg,Tomato___Leaf_Mold,3,Tomato___Early_blight,1,False,0.950348973274231,3.6622495827032253e-06,Tomato___Late_blight,0.04934816062450409,Tomato___Septoria_leaf_spot,0.0002710389089770615,HIGH,MISCLASSIFICATION
TRACK_B_EXTERNAL,Tomato,external_tomato,Tomato_Leaf_Disease_Dataset_Pakistan,D:\CropDiseaseProject\results\model_robustness_audit\audit_images\track_b_external\tomato\Tomato___Leaf_Mold\pak_IMG-20240724-WA0023.jpg,Tomato___Leaf_Mold,3,Tomato___Early_blight,1,False,0.955531895160675,5.065632358025596e-09,Tomato___Bacterial_spot,0.044209565967321396,Tomato___Late_blight,0.00016274710651487112,HIGH,MISCLASSIFICATION
TRACK_B_EXTERNAL,Tomato,external_tomato,Tomato_Leaf_Disease_Dataset_Pakistan,D:\CropDiseaseProject\results\model_robustness_audit\audit_images\track_b_external\tomato\Tomato___Leaf_Mold\pak_IMG-20240724-WA0024.jpg,Tomato___Leaf_Mold,3,Tomato___Septoria_leaf_spot,4,False,0.9249942302703857,2.346902228111958e-09,Tomato___Late_blight,0.07245726138353348,Tomato___Early_blight,0.002519191475585103,HIGH,MISCLASSIFICATION
TRACK_B_EXTERNAL,Tomato,external_tomato,Tomato_Leaf_Disease_Dataset_Pakistan,D:\CropDiseaseProject\results\model_robustness_audit\audit_images\track_b_external\tomato\Tomato___Leaf_Mold\pak_IMG-20240724-WA0025.jpg,Tomato___Leaf_Mold,3,Tomato___Late_blight,2,False,0.9303737878799438,3.027183197445993e-07,Tomato___Early_blight,0.038357414305210114,Tomato___Septoria_leaf_spot,0.030315643176436424,HIGH,MISCLASSIFICATION
TRACK_B_EXTERNAL,Tomato,external_tomato,Tomato_Leaf_Disease_Dataset_Pakistan,D:\CropDiseaseProject\results\model_robustness_audit\audit_images\track_b_external\tomato\Tomato___Leaf_Mold\pak_IMG-20240724-WA0044.jpg,Tomato___Leaf_Mold,3,Tomato___Late_blight,2,False,0.6412599086761475,6.908753675816115e-07,Tomato___Early_blight,0.35344699025154114,Tomato___Septoria_leaf_spot,0.003047967329621315,HIGH,MISCLASSIFICATION
TRACK_B_EXTERNAL,Tomato,external_tomato,Tomato_Leaf_Disease_Dataset_Pakistan,D:\CropDiseaseProject\results\model_robustness_audit\audit_images\track_b_external\tomato\Tomato___Leaf_Mold\pak_IMG-20240724-WA0045.jpg,Tomato___Leaf_Mold,3,Tomato___Late_blight,2,False,0.9991511106491089,5.525481014956313e-07,Tomato___Bacterial_spot,0.0004110009176656604,Tomato___Tomato_Yellow_Leaf_Curl_Virus,0.0002481410629115999,HIGH,MISCLASSIFICATION
TRACK_B_EXTERNAL,Tomato,external_tomato,Tomato_Leaf_Disease_Dataset_Pakistan,D:\CropDiseaseProject\results\model_robustness_audit\audit_images\track_b_external\tomato\Tomato___Leaf_Mold\pak_IMG-20240724-WA0049.jpg,Tomato___Leaf_Mold,3,Tomato___Septoria_leaf_spot,4,False,0.3377189338207245,5.080568712401146e-07,Tomato___Early_blight,0.27139711380004883,Tomato___Bacterial_spot,0.26816222071647644,HIGH,MISCLASSIFICATION
TRACK_B_EXTERNAL,Tomato,external_tomato,Tomato_Leaf_Disease_Dataset_Pakistan,D:\CropDiseaseProject\results\model_robustness_audit\audit_images\track_b_external\tomato\Tomato___Leaf_Mold\pak_IMG-20240724-WA0052.jpg,Tomato___Leaf_Mold,3,Tomato___Early_blight,1,False,0.9984918832778931,1.9261625627819967e-09,Tomato___Tomato_Yellow_Leaf_Curl_Virus,0.0014667876530438662,Tomato___Septoria_leaf_spot,2.473680433467962e-05,HIGH,MISCLASSIFICATION
TRACK_B_EXTERNAL,Tomato,external_tomato,Tomato_Leaf_Disease_Dataset_Pakistan,D:\CropDiseaseProject\results\model_robustness_audit\audit_images\track_b_external\tomato\Tomato___Leaf_Mold\pak_IMG-20240724-WA0053.jpg,Tomato___Leaf_Mold,3,Tomato___Early_blight,1,False,0.9169301390647888,4.146842513819138e-08,Tomato___Late_blight,0.07762566208839417,Tomato___Septoria_leaf_spot,0.0034931092523038387,HIGH,MISCLASSIFICATION
TRACK_B_EXTERNAL,Tomato,external_tomato,Tomato_Leaf_Disease_Dataset_Pakistan,D:\CropDiseaseProject\results\model_robustness_audit\audit_images\track_b_external\tomato\Tomato___Leaf_Mold\pak_IMG-20240724-WA0055.jpg,Tomato___Leaf_Mold,3,Tomato___Late_blight,2,False,0.7952221035957336,6.432075224438449e-06,Tomato___Tomato_Yellow_Leaf_Curl_Virus,0.11407499760389328,Tomato___Early_blight,0.08292028307914734,HIGH,MISCLASSIFICATION
TRACK_B_EXTERNAL,Tomato,external_tomato,Tomato_Leaf_Disease_Dataset_Pakistan,D:\CropDiseaseProject\results\model_robustness_audit\audit_images\track_b_external\tomato\Tomato___Leaf_Mold\pak_IMG-20240724-WA0063.jpg,Tomato___Leaf_Mold,3,Tomato___Septoria_leaf_spot,4,False,0.8813459277153015,1.4682569599244744e-05,Tomato___Late_blight,0.07981427013874054,Tomato___Early_blight,0.03613751009106636,HIGH,MISCLASSIFICATION
TRACK_B_EXTERNAL,Tomato,external_tomato,Tomato_Leaf_Disease_Dataset_Pakistan,D:\CropDiseaseProject\results\model_robustness_audit\audit_images\track_b_external\tomato\Tomato___Leaf_Mold\pak_IMG-20240724-WA0065.jpg,Tomato___Leaf_Mold,3,Tomato___Bacterial_spot,0,False,0.48543813824653625,5.258589297341132e-08,Tomato___Septoria_leaf_spot,0.3302542567253113,Tomato___Early_blight,0.09265359491109848,HIGH,MISCLASSIFICATION
TRACK_B_EXTERNAL,Tomato,external_tomato,Tomato_Leaf_Disease_Dataset_Pakistan,D:\CropDiseaseProject\results\model_robustness_audit\audit_images\track_b_external\tomato\Tomato___Leaf_Mold\pak_IMG-20240724-WA0068.jpg,Tomato___Leaf_Mold,3,Tomato___Late_blight,2,False,0.9999282360076904,6.502139271447049e-09,Tomato___Early_blight,3.871443186653778e-05,Tomato___Bacterial_spot,2.520121051929891e-05,HIGH,MISCLASSIFICATION
TRACK_B_EXTERNAL,Tomato,external_tomato,Tomato_Leaf_Disease_Dataset_Pakistan,D:\CropDiseaseProject\results\model_robustness_audit\audit_images\track_b_external\tomato\Tomato___Leaf_Mold\pak_IMG-20240724-WA0071.jpg,Tomato___Leaf_Mold,3,Tomato___Early_blight,1,False,0.8358491659164429,3.290736216854384e-08,Tomato___Late_blight,0.16050706803798676,Tomato___Bacterial_spot,0.0035629798658192158,HIGH,MISCLASSIFICATION
TRACK_B_EXTERNAL,Tomato,external_tomato,Tomato_Leaf_Disease_Dataset_Pakistan,D:\CropDiseaseProject\results\model_robustness_audit\audit_images\track_b_external\tomato\Tomato___Leaf_Mold\pak_IMG-20240724-WA0072.jpg,Tomato___Leaf_Mold,3,Tomato___Late_blight,2,False,0.9954132437705994,5.770163511442661e-07,Tomato___Tomato_Yellow_Leaf_Curl_Virus,0.002350440016016364,Tomato___Early_blight,0.0017883951077237725,HIGH,MISCLASSIFICATION
TRACK_B_EXTERNAL,Tomato,external_tomato,Tomato_Leaf_Disease_Dataset_Pakistan,D:\CropDiseaseProject\results\model_robustness_audit\audit_images\track_b_external\tomato\Tomato___Septoria_leaf_spot\pak_1058_0.jpeg_itok=OQkdtxgv.jpg,Tomato___Septoria_leaf_spot,4,Tomato___Early_blight,1,False,0.8789189457893372,0.12108097225427628,Tomato___Septoria_leaf_spot,0.12108097225427628,Tomato___Late_blight,4.4158426248941396e-08,HIGH,MISCLASSIFICATION
TRACK_B_EXTERNAL,Tomato,external_tomato,Tomato_Leaf_Disease_Dataset_Pakistan,D:\CropDiseaseProject\results\model_robustness_audit\audit_images\track_b_external\tomato\Tomato___Septoria_leaf_spot\pak_128110613-56a6d3633df78cf7729070ad.jpg,Tomato___Septoria_leaf_spot,4,Tomato___Bacterial_spot,0,False,0.9789409637451172,0.009474516846239567,Tomato___Early_blight,0.010406913235783577,Tomato___Septoria_leaf_spot,0.009474516846239567,HIGH,MISCLASSIFICATION
TRACK_B_EXTERNAL,Tomato,external_tomato,Tomato_Leaf_Disease_Dataset_Pakistan,D:\CropDiseaseProject\results\model_robustness_audit\audit_images\track_b_external\tomato\Tomato___Septoria_leaf_spot\pak_12July_mwnews_3-C.jpg,Tomato___Septoria_leaf_spot,4,Tomato___Early_blight,1,False,0.7563477754592896,0.0004116634663660079,Tomato___Bacterial_spot,0.24144330620765686,Tomato___Late_blight,0.0017884140834212303,HIGH,MISCLASSIFICATION
TRACK_B_EXTERNAL,Tomato,external_tomato,Tomato_Leaf_Disease_Dataset_Pakistan,D:\CropDiseaseProject\results\model_robustness_audit\audit_images\track_b_external\tomato\Tomato___Septoria_leaf_spot\pak_140714+%2811%29.JPG.jpg,Tomato___Septoria_leaf_spot,4,Tomato___Late_blight,2,False,0.9835485816001892,0.003904462093487382,Tomato___Bacterial_spot,0.009194612503051758,Tomato___Septoria_leaf_spot,0.003904462093487382,HIGH,MISCLASSIFICATION
TRACK_B_EXTERNAL,Tomato,external_tomato,Tomato_Leaf_Disease_Dataset_Pakistan,D:\CropDiseaseProject\results\model_robustness_audit\audit_images\track_b_external\tomato\Tomato___Septoria_leaf_spot\pak_1723454505812.jpg,Tomato___Septoria_leaf_spot,4,Tomato___Late_blight,2,False,0.5852804183959961,0.0007856577867642045,Tomato___Tomato_Yellow_Leaf_Curl_Virus,0.2772016227245331,Tomato___Early_blight,0.1352996528148651,HIGH,MISCLASSIFICATION
TRACK_B_EXTERNAL,Tomato,external_tomato,Tomato_Leaf_Disease_Dataset_Pakistan,D:\CropDiseaseProject\results\model_robustness_audit\audit_images\track_b_external\tomato\Tomato___Septoria_leaf_spot\pak_1723454507354.jpg,Tomato___Septoria_leaf_spot,4,Tomato___Early_blight,1,False,0.9676703810691833,0.02946573495864868,Tomato___Septoria_leaf_spot,0.02946573495864868,Tomato___Bacterial_spot,0.002285112626850605,HIGH,MISCLASSIFICATION
TRACK_B_EXTERNAL,Tomato,external_tomato,Tomato_Leaf_Disease_Dataset_Pakistan,D:\CropDiseaseProject\results\model_robustness_audit\audit_images\track_b_external\tomato\Tomato___Septoria_leaf_spot\pak_1723454507465.jpg,Tomato___Septoria_leaf_spot,4,Tomato___Late_blight,2,False,0.6051748394966125,0.03608445078134537,Tomato___Early_blight,0.35692888498306274,Tomato___Septoria_leaf_spot,0.03608445078134537,HIGH,MISCLASSIFICATION
TRACK_B_EXTERNAL,Tomato,external_tomato,Tomato_Leaf_Disease_Dataset_Pakistan,D:\CropDiseaseProject\results\model_robustness_audit\audit_images\track_b_external\tomato\Tomato___Septoria_leaf_spot\pak_1723454507962.jpg,Tomato___Septoria_leaf_spot,4,Tomato___Early_blight,1,False,0.9821871519088745,1.2939317457494326e-05,Tomato___Late_blight,0.01690978929400444,Tomato___Bacterial_spot,0.000779035035520792,HIGH,MISCLASSIFICATION
TRACK_B_EXTERNAL,Tomato,external_tomato,Tomato_Leaf_Disease_Dataset_Pakistan,D:\CropDiseaseProject\results\model_robustness_audit\audit_images\track_b_external\tomato\Tomato___Septoria_leaf_spot\pak_1b.jpg,Tomato___Septoria_leaf_spot,4,Tomato___Early_blight,1,False,0.8766909837722778,0.1026078313589096,Tomato___Septoria_leaf_spot,0.1026078313589096,Tomato___Bacterial_spot,0.020591093227267265,HIGH,MISCLASSIFICATION
TRACK_B_EXTERNAL,Tomato,external_tomato,Tomato_Leaf_Disease_Dataset_Pakistan,D:\CropDiseaseProject\results\model_robustness_audit\audit_images\track_b_external\tomato\Tomato___Septoria_leaf_spot\pak_1c421500ddd390c90596ad2cf12d5429.jpg,Tomato___Septoria_leaf_spot,4,Tomato___Late_blight,2,False,0.5368371605873108,2.4061173462541774e-05,Tomato___Early_blight,0.46256500482559204,Tomato___healthy,0.0005656281718984246,HIGH,MISCLASSIFICATION
TRACK_B_EXTERNAL,Tomato,external_tomato,Tomato_Leaf_Disease_Dataset_Pakistan,D:\CropDiseaseProject\results\model_robustness_audit\audit_images\track_b_external\tomato\Tomato___Septoria_leaf_spot\pak_20809116-standard.jpg,Tomato___Septoria_leaf_spot,4,Tomato___Septoria_leaf_spot,4,True,0.9854385852813721,0.9854385852813721,Tomato___Early_blight,0.014505965635180473,Tomato___Bacterial_spot,4.901562715531327e-05,HIGH,CORRECT
TRACK_B_EXTERNAL,Tomato,external_tomato,Tomato_Leaf_Disease_Dataset_Pakistan,D:\CropDiseaseProject\results\model_robustness_audit\audit_images\track_b_external\tomato\Tomato___Septoria_leaf_spot\pak_4853086777_bc41d29801.jpg,Tomato___Septoria_leaf_spot,4,Tomato___Early_blight,1,False,0.9429954290390015,8.572734077461064e-05,Tomato___Bacterial_spot,0.056700289249420166,Tomato___Late_blight,0.00019545800751075149,HIGH,MISCLASSIFICATION
TRACK_B_EXTERNAL,Tomato,external_tomato,Tomato_Leaf_Disease_Dataset_Pakistan,D:\CropDiseaseProject\results\model_robustness_audit\audit_images\track_b_external\tomato\Tomato___Septoria_leaf_spot\pak_49-Septoria-leaf-spot.jpg,Tomato___Septoria_leaf_spot,4,Tomato___Septoria_leaf_spot,4,True,0.9186679720878601,0.9186679720878601,Tomato___Early_blight,0.07132591307163239,Tomato___Tomato_Yellow_Leaf_Curl_Virus,0.005486412439495325,HIGH,CORRECT
TRACK_B_EXTERNAL,Tomato,external_tomato,Tomato_Leaf_Disease_Dataset_Pakistan,D:\CropDiseaseProject\results\model_robustness_audit\audit_images\track_b_external\tomato\Tomato___Septoria_leaf_spot\pak_5008922249_880e15c21f.jpg,Tomato___Septoria_leaf_spot,4,Tomato___Early_blight,1,False,0.9613574743270874,0.03864248842000961,Tomato___Septoria_leaf_spot,0.03864248842000961,Tomato___Tomato_Yellow_Leaf_Curl_Virus,5.536578129294867e-08,HIGH,MISCLASSIFICATION
TRACK_B_EXTERNAL,Tomato,external_tomato,Tomato_Leaf_Disease_Dataset_Pakistan,D:\CropDiseaseProject\results\model_robustness_audit\audit_images\track_b_external\tomato\Tomato___Septoria_leaf_spot\pak_5454635393351680.jpeg.jpg,Tomato___Septoria_leaf_spot,4,Tomato___Early_blight,1,False,0.9966848492622375,2.457333539496176e-05,Tomato___Late_blight,0.00317050376906991,Tomato___Bacterial_spot,0.00011958586401306093,HIGH,MISCLASSIFICATION
TRACK_B_EXTERNAL,Tomato,external_tomato,Tomato_Leaf_Disease_Dataset_Pakistan,D:\CropDiseaseProject\results\model_robustness_audit\audit_images\track_b_external\tomato\Tomato___Septoria_leaf_spot\pak_5775225744523264.jpeg.jpg,Tomato___Septoria_leaf_spot,4,Tomato___Late_blight,2,False,0.8911504149436951,0.09448064118623734,Tomato___Septoria_leaf_spot,0.09448064118623734,Tomato___Early_blight,0.01429759431630373,HIGH,MISCLASSIFICATION
TRACK_B_EXTERNAL,Tomato,external_tomato,Tomato_Leaf_Disease_Dataset_Pakistan,D:\CropDiseaseProject\results\model_robustness_audit\audit_images\track_b_external\tomato\Tomato___Septoria_leaf_spot\pak_5866245865865216.jpeg.jpg,Tomato___Septoria_leaf_spot,4,Tomato___Early_blight,1,False,0.9970299005508423,1.3430460967356339e-05,Tomato___Late_blight,0.0026459030341356993,Tomato___Bacterial_spot,0.00027538902941159904,HIGH,MISCLASSIFICATION
TRACK_B_EXTERNAL,Tomato,external_tomato,Tomato_Leaf_Disease_Dataset_Pakistan,D:\CropDiseaseProject\results\model_robustness_audit\audit_images\track_b_external\tomato\Tomato___Septoria_leaf_spot\pak_5c77186a4ea326e5495c9d03cd89ce16.jpg,Tomato___Septoria_leaf_spot,4,Tomato___Early_blight,1,False,0.7166334986686707,0.15505129098892212,Tomato___Septoria_leaf_spot,0.15505129098892212,Tomato___Late_blight,0.11049380153417587,HIGH,MISCLASSIFICATION
TRACK_B_EXTERNAL,Tomato,external_tomato,Tomato_Leaf_Disease_Dataset_Pakistan,D:\CropDiseaseProject\results\model_robustness_audit\audit_images\track_b_external\tomato\Tomato___Septoria_leaf_spot\pak_6+1+09+019.jpg,Tomato___Septoria_leaf_spot,4,Tomato___Early_blight,1,False,0.6246417760848999,0.0010631796903908253,Tomato___Late_blight,0.37427911162376404,Tomato___Septoria_leaf_spot,0.0010631796903908253,HIGH,MISCLASSIFICATION
TRACK_B_EXTERNAL,Tomato,external_tomato,Tomato_Leaf_Disease_Dataset_Pakistan,D:\CropDiseaseProject\results\model_robustness_audit\audit_images\track_b_external\tomato\Tomato___Septoria_leaf_spot\pak_6078710516023296.jpeg.jpg,Tomato___Septoria_leaf_spot,4,Tomato___Septoria_leaf_spot,4,True,0.7286168336868286,0.7286168336868286,Tomato___Bacterial_spot,0.13908250629901886,Tomato___Early_blight,0.1321301907300949,HIGH,CORRECT
TRACK_B_EXTERNAL,Tomato,external_tomato,Tomato_Leaf_Disease_Dataset_Pakistan,D:\CropDiseaseProject\results\model_robustness_audit\audit_images\track_b_external\tomato\Tomato___Septoria_leaf_spot\pak_6242739939180544.jpeg.jpg,Tomato___Septoria_leaf_spot,4,Tomato___Tomato_Yellow_Leaf_Curl_Virus,7,False,0.7659525275230408,0.018699808046221733,Tomato___Bacterial_spot,0.10032729059457779,Tomato___Late_blight,0.09684745222330093,HIGH,MISCLASSIFICATION
TRACK_B_EXTERNAL,Tomato,external_tomato,Tomato_Leaf_Disease_Dataset_Pakistan,D:\CropDiseaseProject\results\model_robustness_audit\audit_images\track_b_external\tomato\Tomato___Septoria_leaf_spot\pak_6336392950972416.jpeg.jpg,Tomato___Septoria_leaf_spot,4,Tomato___Early_blight,1,False,0.919645369052887,0.0006540542235597968,Tomato___Late_blight,0.047006916254758835,Tomato___Tomato_Yellow_Leaf_Curl_Virus,0.03262349218130112,HIGH,MISCLASSIFICATION
TRACK_B_EXTERNAL,Tomato,external_tomato,Tomato_Leaf_Disease_Dataset_Pakistan,D:\CropDiseaseProject\results\model_robustness_audit\audit_images\track_b_external\tomato\Tomato___Septoria_leaf_spot\pak_66e7583ebe11cf0bd06435e4167bd4fd.jpg,Tomato___Septoria_leaf_spot,4,Tomato___Early_blight,1,False,0.998826801776886,0.0008169256616383791,Tomato___Septoria_leaf_spot,0.0008169256616383791,Tomato___Late_blight,0.00034555612364783883,HIGH,MISCLASSIFICATION
TRACK_B_EXTERNAL,Tomato,external_tomato,Tomato_Leaf_Disease_Dataset_Pakistan,D:\CropDiseaseProject\results\model_robustness_audit\audit_images\track_b_external\tomato\Tomato___Septoria_leaf_spot\pak_71c944d61b08f6373a9a38d3c250cb2e_jpg.rf.a329e53178be5dc3b85f3a36074cfae7.jpg,Tomato___Septoria_leaf_spot,4,Tomato___Bacterial_spot,0,False,0.6147059202194214,0.322186678647995,Tomato___Septoria_leaf_spot,0.322186678647995,Tomato___Late_blight,0.0578213632106781,HIGH,MISCLASSIFICATION
TRACK_B_EXTERNAL,Tomato,external_tomato,Tomato_Leaf_Disease_Dataset_Pakistan,D:\CropDiseaseProject\results\model_robustness_audit\audit_images\track_b_external\tomato\Tomato___Septoria_leaf_spot\pak_BCH%20medium%20thumbnail%20for%20upload%20%2861%29.jpg,Tomato___Septoria_leaf_spot,4,Tomato___Late_blight,2,False,0.9000855088233948,0.04993457347154617,Tomato___Septoria_leaf_spot,0.04993457347154617,Tomato___Early_blight,0.04892587661743164,HIGH,MISCLASSIFICATION
TRACK_B_EXTERNAL,Tomato,external_tomato,Tomato_Leaf_Disease_Dataset_Pakistan,D:\CropDiseaseProject\results\model_robustness_audit\audit_images\track_b_external\tomato\Tomato___Septoria_leaf_spot\pak_Bean-rust-on-leaves.jpg,Tomato___Septoria_leaf_spot,4,Tomato___Late_blight,2,False,0.6413768529891968,4.100217847735621e-05,Tomato___Early_blight,0.35815897583961487,Tomato___Tomato_Yellow_Leaf_Curl_Virus,0.00033481509308330715,HIGH,MISCLASSIFICATION
TRACK_B_EXTERNAL,Tomato,external_tomato,Tomato_Leaf_Disease_Dataset_Pakistan,D:\CropDiseaseProject\results\model_robustness_audit\audit_images\track_b_external\tomato\Tomato___Septoria_leaf_spot\pak_EB_(16).jpg,Tomato___Septoria_leaf_spot,4,Tomato___Early_blight,1,False,0.9878709316253662,0.0007550379377789795,Tomato___Bacterial_spot,0.008570685051381588,Tomato___Tomato_Yellow_Leaf_Curl_Virus,0.002097037388011813,HIGH,MISCLASSIFICATION
TRACK_B_EXTERNAL,Tomato,external_tomato,Tomato_Leaf_Disease_Dataset_Pakistan,D:\CropDiseaseProject\results\model_robustness_audit\audit_images\track_b_external\tomato\Tomato___Septoria_leaf_spot\pak_EB_(22).jpg,Tomato___Septoria_leaf_spot,4,Tomato___Early_blight,1,False,0.5746016502380371,0.031130624935030937,Tomato___Late_blight,0.23145681619644165,Tomato___Bacterial_spot,0.1449463814496994,HIGH,MISCLASSIFICATION
TRACK_B_EXTERNAL,Tomato,external_tomato,Tomato_Leaf_Disease_Dataset_Pakistan,D:\CropDiseaseProject\results\model_robustness_audit\audit_images\track_b_external\tomato\Tomato___Septoria_leaf_spot\pak_EB_(23).jpg,Tomato___Septoria_leaf_spot,4,Tomato___Early_blight,1,False,0.8332996368408203,0.004785511177033186,Tomato___Bacterial_spot,0.15814733505249023,Tomato___Septoria_leaf_spot,0.004785511177033186,HIGH,MISCLASSIFICATION
TRACK_B_EXTERNAL,Tomato,external_tomato,Tomato_Leaf_Disease_Dataset_Pakistan,D:\CropDiseaseProject\results\model_robustness_audit\audit_images\track_b_external\tomato\Tomato___Septoria_leaf_spot\pak_EB_(969).jpg,Tomato___Septoria_leaf_spot,4,Tomato___Early_blight,1,False,0.9672159552574158,0.0012454127427190542,Tomato___Late_blight,0.03109128400683403,Tomato___Septoria_leaf_spot,0.0012454127427190542,HIGH,MISCLASSIFICATION
TRACK_B_EXTERNAL,Tomato,external_tomato,PlantDoc-Dataset,D:\CropDiseaseProject\results\model_robustness_audit\audit_images\track_b_external\tomato\Tomato___Bacterial_spot\plantdoc_05-069f1.jpg,Tomato___Bacterial_spot,0,Tomato___Septoria_leaf_spot,4,False,0.9503294825553894,9.403336662217043e-06,Tomato___Early_blight,0.04965181648731232,Tomato___Bacterial_spot,9.403336662217043e-06,HIGH,MISCLASSIFICATION
TRACK_B_EXTERNAL,Tomato,external_tomato,PlantDoc-Dataset,D:\CropDiseaseProject\results\model_robustness_audit\audit_images\track_b_external\tomato\Tomato___Bacterial_spot\plantdoc_05-069f12.jpg,Tomato___Bacterial_spot,0,Tomato___Septoria_leaf_spot,4,False,0.7663002014160156,0.001066403230652213,Tomato___Early_blight,0.23211650550365448,Tomato___Bacterial_spot,0.001066403230652213,HIGH,MISCLASSIFICATION
TRACK_B_EXTERNAL,Tomato,external_tomato,PlantDoc-Dataset,D:\CropDiseaseProject\results\model_robustness_audit\audit_images\track_b_external\tomato\Tomato___Bacterial_spot\plantdoc_05-069f9.jpg,Tomato___Bacterial_spot,0,Tomato___Early_blight,1,False,0.9999698400497437,8.606071588701525e-08,Tomato___Late_blight,2.9247179554658942e-05,Tomato___Septoria_leaf_spot,7.959910135468817e-07,HIGH,MISCLASSIFICATION
TRACK_B_EXTERNAL,Tomato,external_tomato,PlantDoc-Dataset,D:\CropDiseaseProject\results\model_robustness_audit\audit_images\track_b_external\tomato\Tomato___Bacterial_spot\plantdoc_10-3-bacterial-speck-on-tomato-RON.jpg,Tomato___Bacterial_spot,0,Tomato___Late_blight,2,False,0.5555751323699951,2.9971568437758833e-05,Tomato___Early_blight,0.39480721950531006,Tomato___Septoria_leaf_spot,0.0495782345533371,HIGH,MISCLASSIFICATION
TRACK_B_EXTERNAL,Tomato,external_tomato,PlantDoc-Dataset,D:\CropDiseaseProject\results\model_robustness_audit\audit_images\track_b_external\tomato\Tomato___Bacterial_spot\plantdoc_110608-01-8356c-lg.jpg,Tomato___Bacterial_spot,0,Tomato___Early_blight,1,False,0.9859915375709534,0.0010209488682448864,Tomato___Late_blight,0.009133704006671906,Tomato___Target_Spot,0.003072010353207588,HIGH,MISCLASSIFICATION
TRACK_B_EXTERNAL,Tomato,external_tomato,PlantDoc-Dataset,D:\CropDiseaseProject\results\model_robustness_audit\audit_images\track_b_external\tomato\Tomato___Bacterial_spot\plantdoc_13582051_f520.jpg,Tomato___Bacterial_spot,0,Tomato___Early_blight,1,False,0.7667895555496216,0.0006441223085857928,Tomato___Late_blight,0.230906143784523,Tomato___Septoria_leaf_spot,0.0012594860745593905,HIGH,MISCLASSIFICATION
TRACK_B_EXTERNAL,Tomato,external_tomato,PlantDoc-Dataset,D:\CropDiseaseProject\results\model_robustness_audit\audit_images\track_b_external\tomato\Tomato___Bacterial_spot\plantdoc_250_cb_20100819110637.jpg,Tomato___Bacterial_spot,0,Tomato___Early_blight,1,False,0.9457914233207703,0.01288479845970869,Tomato___Septoria_leaf_spot,0.025864386931061745,Tomato___Bacterial_spot,0.01288479845970869,HIGH,MISCLASSIFICATION
TRACK_B_EXTERNAL,Tomato,external_tomato,PlantDoc-Dataset,D:\CropDiseaseProject\results\model_robustness_audit\audit_images\track_b_external\tomato\Tomato___Bacterial_spot\plantdoc_266914753eb19d87b80567baed1a0f66.jpg,Tomato___Bacterial_spot,0,Tomato___Early_blight,1,False,0.5853685736656189,0.39256975054740906,Tomato___Bacterial_spot,0.39256975054740906,Tomato___Septoria_leaf_spot,0.021998010575771332,HIGH,MISCLASSIFICATION
TRACK_B_EXTERNAL,Tomato,external_tomato,PlantDoc-Dataset,D:\CropDiseaseProject\results\model_robustness_audit\audit_images\track_b_external\tomato\Tomato___Bacterial_spot\plantdoc_30290.jpg,Tomato___Bacterial_spot,0,Tomato___Septoria_leaf_spot,4,False,0.40913787484169006,0.3410421907901764,Tomato___Bacterial_spot,0.3410421907901764,Tomato___Early_blight,0.21502625942230225,HIGH,MISCLASSIFICATION
TRACK_B_EXTERNAL,Tomato,external_tomato,PlantDoc-Dataset,D:\CropDiseaseProject\results\model_robustness_audit\audit_images\track_b_external\tomato\Tomato___Bacterial_spot\plantdoc_3182.jpg,Tomato___Bacterial_spot,0,Tomato___Early_blight,1,False,0.8774336576461792,0.0004797397996298969,Tomato___Septoria_leaf_spot,0.11835670471191406,Tomato___Late_blight,0.003498706268146634,HIGH,MISCLASSIFICATION
TRACK_B_EXTERNAL,Tomato,external_tomato,PlantDoc-Dataset,D:\CropDiseaseProject\results\model_robustness_audit\audit_images\track_b_external\tomato\Tomato___Bacterial_spot\plantdoc_38849847120_7ae02bd6c3_b.jpg,Tomato___Bacterial_spot,0,Tomato___Septoria_leaf_spot,4,False,0.8885380029678345,0.002781551331281662,Tomato___Early_blight,0.0832739993929863,Tomato___Late_blight,0.023006506264209747,HIGH,MISCLASSIFICATION
TRACK_B_EXTERNAL,Tomato,external_tomato,PlantDoc-Dataset,D:\CropDiseaseProject\results\model_robustness_audit\audit_images\track_b_external\tomato\Tomato___Bacterial_spot\plantdoc_39765006175_e2f0da764d_b.jpg,Tomato___Bacterial_spot,0,Tomato___Septoria_leaf_spot,4,False,0.8455674052238464,0.0001785217464203015,Tomato___Early_blight,0.11821925640106201,Tomato___Tomato_Yellow_Leaf_Curl_Virus,0.03326021134853363,HIGH,MISCLASSIFICATION
TRACK_B_EXTERNAL,Tomato,external_tomato,PlantDoc-Dataset,D:\CropDiseaseProject\results\model_robustness_audit\audit_images\track_b_external\tomato\Tomato___Bacterial_spot\plantdoc_3bacterial-canker1.jpg,Tomato___Bacterial_spot,0,Tomato___Late_blight,2,False,0.4375401735305786,0.024540208280086517,Tomato___Early_blight,0.32258129119873047,Tomato___Tomato_Yellow_Leaf_Curl_Virus,0.12730860710144043,HIGH,MISCLASSIFICATION
TRACK_B_EXTERNAL,Tomato,external_tomato,PlantDoc-Dataset,D:\CropDiseaseProject\results\model_robustness_audit\audit_images\track_b_external\tomato\Tomato___Bacterial_spot\plantdoc_4-6_20Keep_20bacterial_20diseasesMARY_20-_20D.jpg,Tomato___Bacterial_spot,0,Tomato___Early_blight,1,False,0.9174201488494873,0.04439627751708031,Tomato___Bacterial_spot,0.04439627751708031,Tomato___Tomato_Yellow_Leaf_Curl_Virus,0.023263990879058838,HIGH,MISCLASSIFICATION
TRACK_B_EXTERNAL,Tomato,external_tomato,PlantDoc-Dataset,D:\CropDiseaseProject\results\model_robustness_audit\audit_images\track_b_external\tomato\Tomato___Bacterial_spot\plantdoc_5114949114265600-600x272.jpeg.jpg,Tomato___Bacterial_spot,0,Tomato___Late_blight,2,False,0.9996702671051025,7.5824182204087265e-06,Tomato___Early_blight,0.00032065960112959146,Tomato___Bacterial_spot,7.5824182204087265e-06,HIGH,MISCLASSIFICATION
TRACK_B_EXTERNAL,Tomato,external_tomato,PlantDoc-Dataset,D:\CropDiseaseProject\results\model_robustness_audit\audit_images\track_b_external\tomato\Tomato___Bacterial_spot\plantdoc_59380.jpg,Tomato___Bacterial_spot,0,Tomato___Early_blight,1,False,0.5304825305938721,1.3320062862476334e-05,Tomato___Septoria_leaf_spot,0.43021485209465027,Tomato___Late_blight,0.025760192424058914,HIGH,MISCLASSIFICATION
TRACK_B_EXTERNAL,Tomato,external_tomato,PlantDoc-Dataset,D:\CropDiseaseProject\results\model_robustness_audit\audit_images\track_b_external\tomato\Tomato___Bacterial_spot\plantdoc_71c944d61b08f6373a9a38d3c250cb2e.jpg,Tomato___Bacterial_spot,0,Tomato___Bacterial_spot,0,True,0.4761173725128174,0.4761173725128174,Tomato___Septoria_leaf_spot,0.2887337803840637,Tomato___Late_blight,0.22864575684070587,HIGH,CORRECT
TRACK_B_EXTERNAL,Tomato,external_tomato,PlantDoc-Dataset,D:\CropDiseaseProject\results\model_robustness_audit\audit_images\track_b_external\tomato\Tomato___Bacterial_spot\plantdoc_BCH_20medium_20thumbnail_20for_20upload_20_2814_29.jpg,Tomato___Bacterial_spot,0,Tomato___Early_blight,1,False,0.9989657402038574,4.956550765200518e-05,Tomato___Late_blight,0.0006513605476357043,Tomato___Septoria_leaf_spot,0.0003263011167291552,HIGH,MISCLASSIFICATION
TRACK_B_EXTERNAL,Tomato,external_tomato,PlantDoc-Dataset,D:\CropDiseaseProject\results\model_robustness_audit\audit_images\track_b_external\tomato\Tomato___Bacterial_spot\plantdoc_BCH_20small_20thumbnail_20for_20upload_20_2814_29.jpg,Tomato___Bacterial_spot,0,Tomato___Early_blight,1,False,0.9970999956130981,5.508840695256367e-05,Tomato___Septoria_leaf_spot,0.0020484549459069967,Tomato___Late_blight,0.0007922943332232535,HIGH,MISCLASSIFICATION
TRACK_B_EXTERNAL,Tomato,external_tomato,PlantDoc-Dataset,D:\CropDiseaseProject\results\model_robustness_audit\audit_images\track_b_external\tomato\Tomato___Bacterial_spot\plantdoc_Bacterial_Speck_-_Tomatoes.jpg,Tomato___Bacterial_spot,0,Tomato___Late_blight,2,False,0.9292483925819397,0.0007881930796429515,Tomato___Early_blight,0.06489630788564682,Tomato___Tomato_Yellow_Leaf_Curl_Virus,0.0036704514641314745,HIGH,MISCLASSIFICATION
TRACK_B_EXTERNAL,Tomato,external_tomato,PlantDoc-Dataset,D:\CropDiseaseProject\results\model_robustness_audit\audit_images\track_b_external\tomato\Tomato___Bacterial_spot\plantdoc_Bacterial_Spot_-_Tomatoes.jpg,Tomato___Bacterial_spot,0,Tomato___Early_blight,1,False,0.4734613299369812,0.08827963471412659,Tomato___Late_blight,0.34616345167160034,Tomato___Bacterial_spot,0.08827963471412659,HIGH,MISCLASSIFICATION
TRACK_B_EXTERNAL,Tomato,external_tomato,PlantDoc-Dataset,D:\CropDiseaseProject\results\model_robustness_audit\audit_images\track_b_external\tomato\Tomato___Bacterial_spot\plantdoc_Bacterial-Leaf-Spot-2.jpg,Tomato___Bacterial_spot,0,Tomato___Early_blight,1,False,0.8437916040420532,1.051700110110687e-06,Tomato___Late_blight,0.15297813713550568,Tomato___Tomato_Yellow_Leaf_Curl_Virus,0.0026068317238241434,HIGH,MISCLASSIFICATION
TRACK_B_EXTERNAL,Tomato,external_tomato,PlantDoc-Dataset,D:\CropDiseaseProject\results\model_robustness_audit\audit_images\track_b_external\tomato\Tomato___Bacterial_spot\plantdoc_Bacterial-Spot-of-Tomato-Img-2.jpg,Tomato___Bacterial_spot,0,Tomato___Septoria_leaf_spot,4,False,0.8672167658805847,0.000499074172694236,Tomato___healthy,0.09424234926700592,Tomato___Late_blight,0.023598022758960724,HIGH,MISCLASSIFICATION
TRACK_B_EXTERNAL,Tomato,external_tomato,PlantDoc-Dataset,D:\CropDiseaseProject\results\model_robustness_audit\audit_images\track_b_external\tomato\Tomato___Bacterial_spot\plantdoc_Bacterial-speck-tomato-leaves.jpg,Tomato___Bacterial_spot,0,Tomato___Septoria_leaf_spot,4,False,0.9974473714828491,0.00012560847972054034,Tomato___Early_blight,0.00238249939866364,Tomato___Bacterial_spot,0.00012560847972054034,HIGH,MISCLASSIFICATION
TRACK_B_EXTERNAL,Tomato,external_tomato,PlantDoc-Dataset,D:\CropDiseaseProject\results\model_robustness_audit\audit_images\track_b_external\tomato\Tomato___Bacterial_spot\plantdoc_Bacterial-spot-on-tomato-leaves.jpg,Tomato___Bacterial_spot,0,Tomato___Tomato_Yellow_Leaf_Curl_Virus,7,False,0.8497089743614197,3.0584310479753185e-06,Tomato___Late_blight,0.1367950290441513,Tomato___Septoria_leaf_spot,0.008634274825453758,HIGH,MISCLASSIFICATION
TRACK_B_EXTERNAL,Tomato,external_tomato,PlantDoc-Dataset,D:\CropDiseaseProject\results\model_robustness_audit\audit_images\track_b_external\tomato\Tomato___Bacterial_spot\plantdoc_Bacterial-spot-tomato.jpg,Tomato___Bacterial_spot,0,Tomato___Septoria_leaf_spot,4,False,0.9406814575195312,0.0016592314932495356,Tomato___Late_blight,0.029231155291199684,Tomato___Early_blight,0.020039480179548264,HIGH,MISCLASSIFICATION
TRACK_B_EXTERNAL,Tomato,external_tomato,PlantDoc-Dataset,D:\CropDiseaseProject\results\model_robustness_audit\audit_images\track_b_external\tomato\Tomato___Bacterial_spot\plantdoc_BacterialSpot06.jpg,Tomato___Bacterial_spot,0,Tomato___Late_blight,2,False,0.9019248485565186,4.77638444351669e-08,Tomato___Tomato_Yellow_Leaf_Curl_Virus,0.09797170013189316,Tomato___Septoria_leaf_spot,9.592509013600647e-05,HIGH,MISCLASSIFICATION
TRACK_B_EXTERNAL,Tomato,external_tomato,PlantDoc-Dataset,D:\CropDiseaseProject\results\model_robustness_audit\audit_images\track_b_external\tomato\Tomato___Bacterial_spot\plantdoc_BacterialSpot07.jpg,Tomato___Bacterial_spot,0,Tomato___Early_blight,1,False,0.7560299038887024,0.00018376702792011201,Tomato___Late_blight,0.2255183309316635,Tomato___healthy,0.009065495803952217,HIGH,MISCLASSIFICATION
TRACK_B_EXTERNAL,Tomato,external_tomato,PlantDoc-Dataset,D:\CropDiseaseProject\results\model_robustness_audit\audit_images\track_b_external\tomato\Tomato___Bacterial_spot\plantdoc_Bacterial_spots1300.jpg,Tomato___Bacterial_spot,0,Tomato___Early_blight,1,False,0.9820828437805176,0.005486364476382732,Tomato___Septoria_leaf_spot,0.012210759334266186,Tomato___Bacterial_spot,0.005486364476382732,HIGH,MISCLASSIFICATION
TRACK_B_EXTERNAL,Tomato,external_tomato,PlantDoc-Dataset,D:\CropDiseaseProject\results\model_robustness_audit\audit_images\track_b_external\tomato\Tomato___Bacterial_spot\plantdoc_Bacterial_spots2276.jpg,Tomato___Bacterial_spot,0,Tomato___Late_blight,2,False,0.9983702301979065,3.466873010893323e-08,Tomato___Early_blight,0.001629426027648151,Tomato___Target_Spot,4.0353916119784117e-07,HIGH,MISCLASSIFICATION
TRACK_B_EXTERNAL,Tomato,external_tomato,PlantDoc-Dataset,D:\CropDiseaseProject\results\model_robustness_audit\audit_images\track_b_external\tomato\Tomato___Tomato_mosaic_virus\plantdoc_1422_0.jpeg.jpg,Tomato___Tomato_mosaic_virus,8,Tomato___Late_blight,2,False,0.8720728158950806,2.6092037419545022e-09,Tomato___Early_blight,0.12261693179607391,Tomato___healthy,0.003995542414486408,HIGH,MISCLASSIFICATION
TRACK_B_EXTERNAL,Tomato,external_tomato,PlantDoc-Dataset,D:\CropDiseaseProject\results\model_robustness_audit\audit_images\track_b_external\tomato\Tomato___Tomato_mosaic_virus\plantdoc_3-tomato-mosaic-virus_web.jpg,Tomato___Tomato_mosaic_virus,8,Tomato___Late_blight,2,False,0.6340188980102539,1.1403296085177317e-08,Tomato___Early_blight,0.3274572193622589,Tomato___Tomato_Yellow_Leaf_Curl_Virus,0.037358254194259644,HIGH,MISCLASSIFICATION
TRACK_B_EXTERNAL,Tomato,external_tomato,PlantDoc-Dataset,D:\CropDiseaseProject\results\model_robustness_audit\audit_images\track_b_external\tomato\Tomato___Tomato_mosaic_virus\plantdoc_4b0bfd_df5a85f728c74cecbe908a24feadab02.jpg,Tomato___Tomato_mosaic_virus,8,Tomato___Late_blight,2,False,0.827443540096283,9.036594583733404e-09,Tomato___Early_blight,0.15949353575706482,Tomato___Septoria_leaf_spot,0.009372293017804623,HIGH,MISCLASSIFICATION
TRACK_B_EXTERNAL,Tomato,external_tomato,PlantDoc-Dataset,D:\CropDiseaseProject\results\model_robustness_audit\audit_images\track_b_external\tomato\Tomato___Tomato_mosaic_virus\plantdoc_51196-004-61703A1B.jpg,Tomato___Tomato_mosaic_virus,8,Tomato___Early_blight,1,False,0.6618664860725403,1.3767095102812377e-11,Tomato___Late_blight,0.20321457087993622,Tomato___Septoria_leaf_spot,0.09406744688749313,HIGH,MISCLASSIFICATION
TRACK_B_EXTERNAL,Tomato,external_tomato,PlantDoc-Dataset,D:\CropDiseaseProject\results\model_robustness_audit\audit_images\track_b_external\tomato\Tomato___Tomato_mosaic_virus\plantdoc_5Tomato_Mosaic_Virus.jpg,Tomato___Tomato_mosaic_virus,8,Tomato___Late_blight,2,False,0.5312734842300415,1.047482237481745e-05,Tomato___Septoria_leaf_spot,0.2847473919391632,Tomato___Tomato_Yellow_Leaf_Curl_Virus,0.09585923701524734,HIGH,MISCLASSIFICATION
TRACK_B_EXTERNAL,Tomato,external_tomato,PlantDoc-Dataset,D:\CropDiseaseProject\results\model_robustness_audit\audit_images\track_b_external\tomato\Tomato___Tomato_mosaic_virus\plantdoc_DSC02246.JPG.jpg,Tomato___Tomato_mosaic_virus,8,Tomato___Early_blight,1,False,0.9853764176368713,5.2412241489058567e-17,Tomato___Bacterial_spot,0.009314069524407387,Tomato___Late_blight,0.005223434418439865,HIGH,MISCLASSIFICATION
TRACK_B_EXTERNAL,Tomato,external_tomato,PlantDoc-Dataset,D:\CropDiseaseProject\results\model_robustness_audit\audit_images\track_b_external\tomato\Tomato___Tomato_mosaic_virus\plantdoc_TMV-3.jpg,Tomato___Tomato_mosaic_virus,8,Tomato___Early_blight,1,False,0.8615480065345764,6.583236881851917e-06,Tomato___Late_blight,0.10559390485286713,Tomato___Septoria_leaf_spot,0.016196005046367645,HIGH,MISCLASSIFICATION
TRACK_B_EXTERNAL,Tomato,external_tomato,PlantDoc-Dataset,D:\CropDiseaseProject\results\model_robustness_audit\audit_images\track_b_external\tomato\Tomato___Tomato_mosaic_virus\plantdoc_TNRV2.jpg,Tomato___Tomato_mosaic_virus,8,Tomato___Early_blight,1,False,0.9911008477210999,1.0798212324303336e-09,Tomato___Late_blight,0.007935742847621441,Tomato___Leaf_Mold,0.0009579648030921817,HIGH,MISCLASSIFICATION
TRACK_B_EXTERNAL,Tomato,external_tomato,PlantDoc-Dataset,D:\CropDiseaseProject\results\model_robustness_audit\audit_images\track_b_external\tomato\Tomato___Tomato_mosaic_virus\plantdoc_Tomato_2Bmosaic_2Bvirus.jpg,Tomato___Tomato_mosaic_virus,8,Tomato___Early_blight,1,False,0.9903565049171448,4.576725690054115e-15,Tomato___Late_blight,0.009518925100564957,Tomato___Target_Spot,9.845366730587557e-05,HIGH,MISCLASSIFICATION
TRACK_B_EXTERNAL,Tomato,external_tomato,PlantDoc-Dataset,D:\CropDiseaseProject\results\model_robustness_audit\audit_images\track_b_external\tomato\Tomato___Tomato_mosaic_virus\plantdoc_Tomato_mosaic_virus.jpg,Tomato___Tomato_mosaic_virus,8,Tomato___Late_blight,2,False,0.9673781394958496,8.909540660795301e-09,Tomato___Early_blight,0.03239777684211731,Tomato___Tomato_Yellow_Leaf_Curl_Virus,0.00013195128121878952,HIGH,MISCLASSIFICATION
TRACK_B_EXTERNAL,Tomato,external_tomato,PlantDoc-Dataset,D:\CropDiseaseProject\results\model_robustness_audit\audit_images\track_b_external\tomato\Tomato___Tomato_mosaic_virus\plantdoc_Tomato-brown-rugose-fruit-virus-ToBRFV-infected-tomato-Solanum-lycopersicum-plants_Q320.jpg,Tomato___Tomato_mosaic_virus,8,Tomato___Early_blight,1,False,0.9998434782028198,1.1191360135159346e-14,Tomato___Late_blight,0.00010502217628527433,Tomato___Septoria_leaf_spot,2.9950166208436713e-05,HIGH,MISCLASSIFICATION
TRACK_B_EXTERNAL,Tomato,external_tomato,PlantDoc-Dataset,D:\CropDiseaseProject\results\model_robustness_audit\audit_images\track_b_external\tomato\Tomato___Tomato_mosaic_virus\plantdoc_ab40cce958c60d8b6e0ec2e4fdb8f526.jpg,Tomato___Tomato_mosaic_virus,8,Tomato___Late_blight,2,False,0.5545172095298767,2.2201516181041825e-09,Tomato___healthy,0.32785463333129883,Tomato___Early_blight,0.09422734379768372,HIGH,MISCLASSIFICATION
TRACK_B_EXTERNAL,Tomato,external_tomato,PlantDoc-Dataset,D:\CropDiseaseProject\results\model_robustness_audit\audit_images\track_b_external\tomato\Tomato___Tomato_mosaic_virus\plantdoc_d41c86a650e49b8066d6b347d8e9d3ad.jpg,Tomato___Tomato_mosaic_virus,8,Tomato___Early_blight,1,False,0.9819955825805664,5.619609171856081e-15,Tomato___Septoria_leaf_spot,0.01683523878455162,Tomato___Late_blight,0.0009568734676577151,HIGH,MISCLASSIFICATION
TRACK_B_EXTERNAL,Tomato,external_tomato,PlantDoc-Dataset,D:\CropDiseaseProject\results\model_robustness_audit\audit_images\track_b_external\tomato\Tomato___Tomato_mosaic_virus\plantdoc_dahliaviralsymptoms2lowresjpg.jpg,Tomato___Tomato_mosaic_virus,8,Tomato___Late_blight,2,False,0.8733044266700745,6.753570480633186e-10,Tomato___Bacterial_spot,0.07442168891429901,Tomato___Septoria_leaf_spot,0.025713633745908737,HIGH,MISCLASSIFICATION
TRACK_B_EXTERNAL,Tomato,external_tomato,PlantDoc-Dataset,D:\CropDiseaseProject\results\model_robustness_audit\audit_images\track_b_external\tomato\Tomato___Tomato_mosaic_virus\plantdoc_dummen-tmv.jpg,Tomato___Tomato_mosaic_virus,8,Tomato___Late_blight,2,False,0.9838923215866089,5.428126836903857e-10,Tomato___Tomato_Yellow_Leaf_Curl_Virus,0.013179524801671505,Tomato___Target_Spot,0.0019155414775013924,HIGH,MISCLASSIFICATION
TRACK_B_EXTERNAL,Tomato,external_tomato,PlantDoc-Dataset,D:\CropDiseaseProject\results\model_robustness_audit\audit_images\track_b_external\tomato\Tomato___Tomato_mosaic_virus\plantdoc_fig1-2k11-163-165.jpg,Tomato___Tomato_mosaic_virus,8,Tomato___Late_blight,2,False,0.999523401260376,3.277894622399913e-10,Tomato___Early_blight,0.00040359326521866024,Tomato___Tomato_Yellow_Leaf_Curl_Virus,3.598396870074794e-05,HIGH,MISCLASSIFICATION
TRACK_B_EXTERNAL,Tomato,external_tomato,PlantDoc-Dataset,D:\CropDiseaseProject\results\model_robustness_audit\audit_images\track_b_external\tomato\Tomato___Tomato_mosaic_virus\plantdoc_fig2-2k11-1-12.jpg,Tomato___Tomato_mosaic_virus,8,Tomato___Late_blight,2,False,0.9980396628379822,3.095535763483759e-12,Tomato___Leaf_Mold,0.0011392486048862338,Tomato___Early_blight,0.0002473075583111495,HIGH,MISCLASSIFICATION
TRACK_B_EXTERNAL,Tomato,external_tomato,PlantDoc-Dataset,D:\CropDiseaseProject\results\model_robustness_audit\audit_images\track_b_external\tomato\Tomato___Tomato_mosaic_virus\plantdoc_image018.jpg,Tomato___Tomato_mosaic_virus,8,Tomato___Early_blight,1,False,0.6387543678283691,5.694889750884613e-07,Tomato___Late_blight,0.35196831822395325,Tomato___Bacterial_spot,0.006834950298070908,HIGH,MISCLASSIFICATION
TRACK_B_EXTERNAL,Tomato,external_tomato,PlantDoc-Dataset,D:\CropDiseaseProject\results\model_robustness_audit\audit_images\track_b_external\tomato\Tomato___Tomato_mosaic_virus\plantdoc_image022.jpg,Tomato___Tomato_mosaic_virus,8,Tomato___Late_blight,2,False,0.5360116958618164,2.040628430677316e-07,Tomato___Early_blight,0.45406976342201233,Tomato___healthy,0.009283575229346752,HIGH,MISCLASSIFICATION
TRACK_B_EXTERNAL,Tomato,external_tomato,PlantDoc-Dataset,D:\CropDiseaseProject\results\model_robustness_audit\audit_images\track_b_external\tomato\Tomato___Tomato_mosaic_virus\plantdoc_image024.jpg,Tomato___Tomato_mosaic_virus,8,Tomato___Early_blight,1,False,0.9559685587882996,2.4732673686855833e-09,Tomato___Late_blight,0.04209144413471222,Tomato___Target_Spot,0.0008287834352813661,HIGH,MISCLASSIFICATION
TRACK_B_EXTERNAL,Tomato,external_tomato,PlantDoc-Dataset,D:\CropDiseaseProject\results\model_robustness_audit\audit_images\track_b_external\tomato\Tomato___Tomato_mosaic_virus\plantdoc_mosaic-virus-foliage.jpg,Tomato___Tomato_mosaic_virus,8,Tomato___Late_blight,2,False,0.9592663645744324,8.108350796343089e-12,Tomato___Early_blight,0.040571942925453186,Tomato___Leaf_Mold,6.555384607054293e-05,HIGH,MISCLASSIFICATION
TRACK_B_EXTERNAL,Tomato,external_tomato,PlantDoc-Dataset,D:\CropDiseaseProject\results\model_robustness_audit\audit_images\track_b_external\tomato\Tomato___Tomato_mosaic_virus\plantdoc_mosaic_virus_tomato.jpg,Tomato___Tomato_mosaic_virus,8,Tomato___Late_blight,2,False,0.9999721050262451,5.546769987763156e-11,Tomato___Early_blight,1.125756352848839e-05,Tomato___healthy,8.398324098379817e-06,HIGH,MISCLASSIFICATION
TRACK_B_EXTERNAL,Tomato,external_tomato,PlantDoc-Dataset,D:\CropDiseaseProject\results\model_robustness_audit\audit_images\track_b_external\tomato\Tomato___Tomato_mosaic_virus\plantdoc_mosaic_virus_tomato_small.jpg,Tomato___Tomato_mosaic_virus,8,Tomato___Early_blight,1,False,0.9110037088394165,1.0693353758028934e-08,Tomato___Late_blight,0.08887125551700592,Tomato___Bacterial_spot,0.00010755190305644646,HIGH,MISCLASSIFICATION
TRACK_B_EXTERNAL,Tomato,external_tomato,PlantDoc-Dataset,D:\CropDiseaseProject\results\model_robustness_audit\audit_images\track_b_external\tomato\Tomato___Tomato_mosaic_virus\plantdoc_mosiac-virus3.jpg,Tomato___Tomato_mosaic_virus,8,Tomato___Late_blight,2,False,0.8526841998100281,2.0590912299667252e-06,Tomato___healthy,0.09131595492362976,Tomato___Early_blight,0.03894539177417755,HIGH,MISCLASSIFICATION
TRACK_B_EXTERNAL,Tomato,external_tomato,PlantDoc-Dataset,D:\CropDiseaseProject\results\model_robustness_audit\audit_images\track_b_external\tomato\Tomato___Tomato_mosaic_virus\plantdoc_stock-photo-tomato-mosaic-virus-disease-on-tomato-559799668.jpg,Tomato___Tomato_mosaic_virus,8,Tomato___Tomato_Yellow_Leaf_Curl_Virus,7,False,0.6441422700881958,1.0024960861443333e-09,Tomato___Late_blight,0.35427722334861755,Tomato___Septoria_leaf_spot,0.0008129689376801252,HIGH,MISCLASSIFICATION
TRACK_B_EXTERNAL,Tomato,external_tomato,PlantDoc-Dataset,D:\CropDiseaseProject\results\model_robustness_audit\audit_images\track_b_external\tomato\Tomato___Tomato_mosaic_virus\plantdoc_thumb-500.jpg,Tomato___Tomato_mosaic_virus,8,Tomato___Late_blight,2,False,0.9631971120834351,5.231215141066059e-07,Tomato___Early_blight,0.03216947615146637,Tomato___healthy,0.002696963958442211,HIGH,MISCLASSIFICATION
TRACK_B_EXTERNAL,Tomato,external_tomato,PlantDoc-Dataset,D:\CropDiseaseProject\results\model_robustness_audit\audit_images\track_b_external\tomato\Tomato___Tomato_mosaic_virus\plantdoc_tmv-tomato-16.jpg,Tomato___Tomato_mosaic_virus,8,Tomato___Late_blight,2,False,0.7796646952629089,0.00043244182597845793,Tomato___Tomato_Yellow_Leaf_Curl_Virus,0.20521347224712372,Tomato___Early_blight,0.00800227839499712,HIGH,MISCLASSIFICATION
TRACK_B_EXTERNAL,Tomato,external_tomato,PlantDoc-Dataset,D:\CropDiseaseProject\results\model_robustness_audit\audit_images\track_b_external\tomato\Tomato___Tomato_mosaic_virus\plantdoc_tomato-fern-leaf-a-symptom-of-tmv-cmv-or-pepmv-virus-on-tomato-plants-h6ey8w.jpg,Tomato___Tomato_mosaic_virus,8,Tomato___Late_blight,2,False,0.9989871382713318,6.452183232141806e-09,Tomato___Septoria_leaf_spot,0.00047234573867172003,Tomato___Early_blight,0.0003533014969434589,HIGH,MISCLASSIFICATION
TRACK_B_EXTERNAL,Tomato,external_tomato,PlantDoc-Dataset,D:\CropDiseaseProject\results\model_robustness_audit\audit_images\track_b_external\tomato\Tomato___Tomato_mosaic_virus\plantdoc_tomato-leaf-herbicide-damage.jpg,Tomato___Tomato_mosaic_virus,8,Tomato___Late_blight,2,False,0.8152965307235718,2.46867217152469e-22,Tomato___Early_blight,0.1520717293024063,Tomato___Tomato_Yellow_Leaf_Curl_Virus,0.03261081874370575,HIGH,MISCLASSIFICATION
TRACK_B_EXTERNAL,Tomato,external_tomato,PlantDoc-Dataset,D:\CropDiseaseProject\results\model_robustness_audit\audit_images\track_b_external\tomato\Tomato___Tomato_mosaic_virus\plantdoc_tomato-leaves-260nw-670831669.jpg,Tomato___Tomato_mosaic_virus,8,Tomato___Late_blight,2,False,0.9990699887275696,9.645775150834979e-11,Tomato___Early_blight,0.0007558356737717986,Tomato___healthy,0.00016110438446048647,HIGH,MISCLASSIFICATION
TRACK_B_EXTERNAL,Tomato,external_tomato,PlantDoc-Dataset,D:\CropDiseaseProject\results\model_robustness_audit\audit_images\track_b_external\tomato\Tomato___Spider_mites Two-spotted_spider_mite\plantdoc_SpotSpeckBlightMite-1l4v879.jpg,Tomato___Spider_mites Two-spotted_spider_mite,5,Tomato___Early_blight,1,False,0.8343207836151123,5.367696218061546e-11,Tomato___Late_blight,0.15512357652187347,Tomato___Septoria_leaf_spot,0.009280632250010967,HIGH,MISCLASSIFICATION
TRACK_B_EXTERNAL,Tomato,external_tomato,PlantDoc-Dataset,D:\CropDiseaseProject\results\model_robustness_audit\audit_images\track_b_external\tomato\Tomato___Spider_mites Two-spotted_spider_mite\plantdoc_comparing-diseases-4-canker-tomato-1y51ejs.jpg,Tomato___Spider_mites Two-spotted_spider_mite,5,Tomato___Late_blight,2,False,0.5013648271560669,1.447572339774439e-10,Tomato___Early_blight,0.37647271156311035,Tomato___Septoria_leaf_spot,0.09436403214931488,HIGH,MISCLASSIFICATION
TRACK_B_EXTERNAL,Tomato,external_tomato,Sylhet-Tomato-Dataset,D:\CropDiseaseProject\results\model_robustness_audit\audit_images\track_b_external\tomato\Tomato___Target_Spot\rk_sau_IMG_0361_JPG.rf.9df45f9f1d831bf0c30f3d62a2cd8b7a.jpg,Tomato___Target_Spot,6,Tomato___Early_blight,1,False,0.9158467054367065,3.082255716435611e-05,Tomato___Late_blight,0.07952211797237396,Tomato___Leaf_Mold,0.00339902238920331,HIGH,MISCLASSIFICATION
TRACK_B_EXTERNAL,Tomato,external_tomato,Sylhet-Tomato-Dataset,D:\CropDiseaseProject\results\model_robustness_audit\audit_images\track_b_external\tomato\Tomato___Target_Spot\rk_sau_IMG_0363_JPG.rf.b70df68ea826d4a56ea04fc61cc14f60.jpg,Tomato___Target_Spot,6,Tomato___Early_blight,1,False,0.8793540596961975,3.900334922946058e-05,Tomato___Late_blight,0.11290768533945084,Tomato___Tomato_Yellow_Leaf_Curl_Virus,0.0065729934722185135,HIGH,MISCLASSIFICATION
TRACK_B_EXTERNAL,Tomato,external_tomato,Sylhet-Tomato-Dataset,D:\CropDiseaseProject\results\model_robustness_audit\audit_images\track_b_external\tomato\Tomato___Target_Spot\rk_sau_IMG_0346_JPG.rf.1443fd746129b6fa4610613efd804522.jpg,Tomato___Target_Spot,6,Tomato___Early_blight,1,False,0.9948968291282654,3.792527422774583e-06,Tomato___Late_blight,0.004903269000351429,Tomato___Bacterial_spot,0.00015638614422641695,HIGH,MISCLASSIFICATION
TRACK_B_EXTERNAL,Tomato,external_tomato,Sylhet-Tomato-Dataset,D:\CropDiseaseProject\results\model_robustness_audit\audit_images\track_b_external\tomato\Tomato___Target_Spot\rk_sau_IMG_0346_JPG.rf.6ae1c332df1fd4934adad662101ffd45.jpg,Tomato___Target_Spot,6,Tomato___Early_blight,1,False,0.9982482194900513,3.943031572362088e-07,Tomato___Late_blight,0.0017190277576446533,Tomato___Bacterial_spot,2.1411107809399255e-05,HIGH,MISCLASSIFICATION
TRACK_B_EXTERNAL,Tomato,external_tomato,Sylhet-Tomato-Dataset,D:\CropDiseaseProject\results\model_robustness_audit\audit_images\track_b_external\tomato\Tomato___Target_Spot\rk_sau_IMG_0346_JPG.rf.e7fea6d4b98411c714c1975ad9f20108.jpg,Tomato___Target_Spot,6,Tomato___Early_blight,1,False,0.9976682066917419,6.981604769862315e-07,Tomato___Late_blight,0.0022582807578146458,Tomato___Bacterial_spot,4.137978976359591e-05,HIGH,MISCLASSIFICATION
TRACK_B_EXTERNAL,Tomato,external_tomato,Sylhet-Tomato-Dataset,D:\CropDiseaseProject\results\model_robustness_audit\audit_images\track_b_external\tomato\Tomato___Target_Spot\rk_sau_IMG_0347_JPG.rf.2b716b4d55871bdd8ab15667086e8f48.jpg,Tomato___Target_Spot,6,Tomato___Early_blight,1,False,0.9895999431610107,8.676107086103002e-07,Tomato___Late_blight,0.010184074752032757,Tomato___Septoria_leaf_spot,0.00018848240142688155,HIGH,MISCLASSIFICATION
TRACK_B_EXTERNAL,Tomato,external_tomato,Sylhet-Tomato-Dataset,D:\CropDiseaseProject\results\model_robustness_audit\audit_images\track_b_external\tomato\Tomato___Target_Spot\rk_sau_IMG_0347_JPG.rf.5f6f56cb0c4004953b2b22b897cd099d.jpg,Tomato___Target_Spot,6,Tomato___Early_blight,1,False,0.9810144901275635,1.8441706970406813e-06,Tomato___Late_blight,0.018327008932828903,Tomato___Septoria_leaf_spot,0.0006186068640090525,HIGH,MISCLASSIFICATION
TRACK_B_EXTERNAL,Tomato,external_tomato,Sylhet-Tomato-Dataset,D:\CropDiseaseProject\results\model_robustness_audit\audit_images\track_b_external\tomato\Tomato___Target_Spot\rk_sau_IMG_0347_JPG.rf.630e1792fc0046b30914c59e6b9a069b.jpg,Tomato___Target_Spot,6,Tomato___Early_blight,1,False,0.8735046982765198,1.0468473192304373e-05,Tomato___Late_blight,0.12640595436096191,Tomato___Bacterial_spot,7.337291026487947e-05,HIGH,MISCLASSIFICATION
TRACK_B_EXTERNAL,Tomato,external_tomato,Sylhet-Tomato-Dataset,D:\CropDiseaseProject\results\model_robustness_audit\audit_images\track_b_external\tomato\Tomato___Target_Spot\rk_sau_IMG_0362_JPG.rf.2ca8dff74566974fdde61b3aafdcbfbd.jpg,Tomato___Target_Spot,6,Tomato___Early_blight,1,False,0.6416141390800476,0.0001225820742547512,Tomato___Late_blight,0.34741640090942383,Tomato___Tomato_Yellow_Leaf_Curl_Virus,0.006352867465466261,HIGH,MISCLASSIFICATION
TRACK_B_EXTERNAL,Tomato,external_tomato,Sylhet-Tomato-Dataset,D:\CropDiseaseProject\results\model_robustness_audit\audit_images\track_b_external\tomato\Tomato___Target_Spot\rk_sau_IMG_0362_JPG.rf.368fa9086048fc469f7b892d741a155f.jpg,Tomato___Target_Spot,6,Tomato___Early_blight,1,False,0.7127454876899719,0.00013783514441456646,Tomato___Late_blight,0.2692314088344574,Tomato___Tomato_Yellow_Leaf_Curl_Virus,0.013277003541588783,HIGH,MISCLASSIFICATION
TRACK_B_EXTERNAL,Tomato,external_tomato,Sylhet-Tomato-Dataset,D:\CropDiseaseProject\results\model_robustness_audit\audit_images\track_b_external\tomato\Tomato___Target_Spot\rk_sau_IMG_0362_JPG.rf.a2ca3a43c0e488c84f38d40fe6b8df27.jpg,Tomato___Target_Spot,6,Tomato___Early_blight,1,False,0.8403075337409973,4.900385829387233e-05,Tomato___Late_blight,0.14838314056396484,Tomato___Tomato_Yellow_Leaf_Curl_Virus,0.007126541342586279,HIGH,MISCLASSIFICATION
TRACK_B_EXTERNAL,Tomato,external_tomato,Sylhet-Tomato-Dataset,D:\CropDiseaseProject\results\model_robustness_audit\audit_images\track_b_external\tomato\Tomato___Target_Spot\rk_sau_IMG_0368_JPG.rf.5dcabb389ccf807c0a5d0ca316924704.jpg,Tomato___Target_Spot,6,Tomato___Early_blight,1,False,0.5252207517623901,5.060363491793396e-06,Tomato___Late_blight,0.4747726023197174,Tomato___Target_Spot,5.060363491793396e-06,HIGH,MISCLASSIFICATION
TRACK_B_EXTERNAL,Tomato,external_tomato,Sylhet-Tomato-Dataset,D:\CropDiseaseProject\results\model_robustness_audit\audit_images\track_b_external\tomato\Tomato___Target_Spot\rk_sau_IMG_0368_JPG.rf.b383af9e4366fd23f9cb99fe1efaff5b.jpg,Tomato___Target_Spot,6,Tomato___Early_blight,1,False,0.5997949242591858,9.400431008543819e-05,Tomato___Late_blight,0.4000677466392517,Tomato___Target_Spot,9.400431008543819e-05,HIGH,MISCLASSIFICATION
TRACK_B_EXTERNAL,Tomato,external_tomato,Sylhet-Tomato-Dataset,D:\CropDiseaseProject\results\model_robustness_audit\audit_images\track_b_external\tomato\Tomato___Target_Spot\rk_sau_IMG_0368_JPG.rf.cb59c4e65279381b523dcb248ccc6d5b.jpg,Tomato___Target_Spot,6,Tomato___Early_blight,1,False,0.5344407558441162,8.315090235555544e-05,Tomato___Late_blight,0.4654407203197479,Tomato___Target_Spot,8.315090235555544e-05,HIGH,MISCLASSIFICATION
TRACK_B_EXTERNAL,Tomato,external_tomato,Sylhet-Tomato-Dataset,D:\CropDiseaseProject\results\model_robustness_audit\audit_images\track_b_external\tomato\Tomato___Target_Spot\rk_sau_IMG_0377_JPG.rf.0478caa2ea865d4f7d3a202ed2c93e9d.jpg,Tomato___Target_Spot,6,Tomato___Early_blight,1,False,0.7195902466773987,2.9801292839692906e-05,Tomato___Late_blight,0.27988743782043457,Tomato___Septoria_leaf_spot,0.00024805942666716874,HIGH,MISCLASSIFICATION
TRACK_B_EXTERNAL,Tomato,external_tomato,Sylhet-Tomato-Dataset,D:\CropDiseaseProject\results\model_robustness_audit\audit_images\track_b_external\tomato\Tomato___Target_Spot\rk_sau_IMG_0377_JPG.rf.8ff17327d2b14e1859bb8e3cb97f14d2.jpg,Tomato___Target_Spot,6,Tomato___Early_blight,1,False,0.7921831607818604,1.1289011126791593e-05,Tomato___Late_blight,0.20739062130451202,Tomato___Septoria_leaf_spot,0.0001982792600756511,HIGH,MISCLASSIFICATION
TRACK_B_EXTERNAL,Tomato,external_tomato,Sylhet-Tomato-Dataset,D:\CropDiseaseProject\results\model_robustness_audit\audit_images\track_b_external\tomato\Tomato___Target_Spot\rk_sau_IMG_0377_JPG.rf.acf9b672173ce2a57dd348f39b65394e.jpg,Tomato___Target_Spot,6,Tomato___Early_blight,1,False,0.8027209639549255,8.313551006722264e-06,Tomato___Late_blight,0.1970042586326599,Tomato___Septoria_leaf_spot,0.0001664953597355634,HIGH,MISCLASSIFICATION
TRACK_B_EXTERNAL,Tomato,external_tomato,Sylhet-Tomato-Dataset,D:\CropDiseaseProject\results\model_robustness_audit\audit_images\track_b_external\tomato\Tomato___Target_Spot\rk_sau_IMG_0997_JPG.rf.0a42d559759d32c155086347939521ac.jpg,Tomato___Target_Spot,6,Tomato___Late_blight,2,False,0.7978038191795349,1.9660205907712225e-06,Tomato___Early_blight,0.19240149855613708,Tomato___Bacterial_spot,0.006690260488539934,HIGH,MISCLASSIFICATION
TRACK_B_EXTERNAL,Tomato,external_tomato,Sylhet-Tomato-Dataset,D:\CropDiseaseProject\results\model_robustness_audit\audit_images\track_b_external\tomato\Tomato___Target_Spot\rk_sau_IMG_0997_JPG.rf.4fdb387441f1bc4a90707e86601ba0b2.jpg,Tomato___Target_Spot,6,Tomato___Early_blight,1,False,0.7368761301040649,1.5928950233501382e-05,Tomato___Late_blight,0.21599392592906952,Tomato___Septoria_leaf_spot,0.03262413293123245,HIGH,MISCLASSIFICATION
TRACK_B_EXTERNAL,Tomato,external_tomato,Sylhet-Tomato-Dataset,D:\CropDiseaseProject\results\model_robustness_audit\audit_images\track_b_external\tomato\Tomato___Target_Spot\rk_sau_IMG_0997_JPG.rf.6158418243a36df6b523e93ea324fc3b.jpg,Tomato___Target_Spot,6,Tomato___Early_blight,1,False,0.7632206082344055,1.2215126844239421e-05,Tomato___Late_blight,0.17024727165699005,Tomato___Septoria_leaf_spot,0.04848162457346916,HIGH,MISCLASSIFICATION
TRACK_B_EXTERNAL,Tomato,external_tomato,Sylhet-Tomato-Dataset,D:\CropDiseaseProject\results\model_robustness_audit\audit_images\track_b_external\tomato\Tomato___Target_Spot\rk_sau_IMG_1051_JPG.rf.102855683e83a3c0007a0bf7b092a200.jpg,Tomato___Target_Spot,6,Tomato___Late_blight,2,False,0.9535342454910278,0.000125439531984739,Tomato___Early_blight,0.04578935354948044,Tomato___healthy,0.0005164282629266381,HIGH,MISCLASSIFICATION
TRACK_B_EXTERNAL,Tomato,external_tomato,Sylhet-Tomato-Dataset,D:\CropDiseaseProject\results\model_robustness_audit\audit_images\track_b_external\tomato\Tomato___Target_Spot\rk_sau_IMG_1051_JPG.rf.b7eccf3fb9cb45a4ba170b34648f2869.jpg,Tomato___Target_Spot,6,Tomato___Late_blight,2,False,0.9432727694511414,8.640551095595583e-05,Tomato___Early_blight,0.056393757462501526,Tomato___healthy,0.00020183881861157715,HIGH,MISCLASSIFICATION
TRACK_B_EXTERNAL,Tomato,external_tomato,Sylhet-Tomato-Dataset,D:\CropDiseaseProject\results\model_robustness_audit\audit_images\track_b_external\tomato\Tomato___Target_Spot\rk_sau_IMG_1051_JPG.rf.cfbec8fbdd22aa79605bfae78725f544.jpg,Tomato___Target_Spot,6,Tomato___Late_blight,2,False,0.9605855345726013,9.230664727510884e-05,Tomato___Early_blight,0.03886861726641655,Tomato___healthy,0.0004177673254162073,HIGH,MISCLASSIFICATION
TRACK_B_EXTERNAL,Tomato,external_tomato,Sylhet-Tomato-Dataset,D:\CropDiseaseProject\results\model_robustness_audit\audit_images\track_b_external\tomato\Tomato___Target_Spot\rk_sau_IMG_1109_JPG.rf.1ae49ca08aa9c7cbeaf6872207549cda.jpg,Tomato___Target_Spot,6,Tomato___Late_blight,2,False,0.9371005296707153,7.84128496889025e-06,Tomato___Early_blight,0.060173023492097855,Tomato___Bacterial_spot,0.0025273137725889683,HIGH,MISCLASSIFICATION
TRACK_B_EXTERNAL,Tomato,external_tomato,Sylhet-Tomato-Dataset,D:\CropDiseaseProject\results\model_robustness_audit\audit_images\track_b_external\tomato\Tomato___Target_Spot\rk_sau_IMG_1109_JPG.rf.534375443bfb4758c17b7bcfbdf125ef.jpg,Tomato___Target_Spot,6,Tomato___Late_blight,2,False,0.9684650301933289,7.23121684131911e-06,Tomato___Early_blight,0.030508996918797493,Tomato___Bacterial_spot,0.0009665167308412492,HIGH,MISCLASSIFICATION
TRACK_B_EXTERNAL,Tomato,external_tomato,Sylhet-Tomato-Dataset,D:\CropDiseaseProject\results\model_robustness_audit\audit_images\track_b_external\tomato\Tomato___Target_Spot\rk_sau_IMG_1109_JPG.rf.c085cca696ee85d4a648d110f49d96e7.jpg,Tomato___Target_Spot,6,Tomato___Late_blight,2,False,0.9995123147964478,7.052786088479479e-08,Tomato___Early_blight,0.0004640337429009378,Tomato___healthy,2.3585462258779444e-05,HIGH,MISCLASSIFICATION
TRACK_B_EXTERNAL,Tomato,external_tomato,Sylhet-Tomato-Dataset,D:\CropDiseaseProject\results\model_robustness_audit\audit_images\track_b_external\tomato\Tomato___Target_Spot\rk_sau_IMG_1136_JPG.rf.7b812b71128bd9323872134dd4fb6cab.jpg,Tomato___Target_Spot,6,Tomato___Early_blight,1,False,0.8803954720497131,1.2257251910341438e-05,Tomato___Late_blight,0.0779917910695076,Tomato___Bacterial_spot,0.03304995596408844,HIGH,MISCLASSIFICATION
TRACK_B_EXTERNAL,Tomato,external_tomato,Sylhet-Tomato-Dataset,D:\CropDiseaseProject\results\model_robustness_audit\audit_images\track_b_external\tomato\Tomato___Target_Spot\rk_sau_IMG_1136_JPG.rf.9b5aa66a76a7d7bc25338d96f64c230b.jpg,Tomato___Target_Spot,6,Tomato___Early_blight,1,False,0.9887079000473022,3.1121845722736907e-07,Tomato___Bacterial_spot,0.0071352701634168625,Tomato___Late_blight,0.0024585409555584192,HIGH,MISCLASSIFICATION
TRACK_B_EXTERNAL,Tomato,external_tomato,Sylhet-Tomato-Dataset,D:\CropDiseaseProject\results\model_robustness_audit\audit_images\track_b_external\tomato\Tomato___Target_Spot\rk_sau_IMG_1136_JPG.rf.a67403b1f7e419108c5cfedd16c22348.jpg,Tomato___Target_Spot,6,Tomato___Early_blight,1,False,0.9754226207733154,1.1945930964429863e-06,Tomato___Bacterial_spot,0.0165364071726799,Tomato___Late_blight,0.005250443704426289,HIGH,MISCLASSIFICATION
TRACK_B_EXTERNAL,Tomato,external_tomato,Sylhet-Tomato-Dataset,D:\CropDiseaseProject\results\model_robustness_audit\audit_images\track_b_external\tomato\Tomato___Target_Spot\rk_sau_IMG_1137_JPG.rf.1f210a0df427f4bb2d80e3a1ee91cb2f.jpg,Tomato___Target_Spot,6,Tomato___Early_blight,1,False,0.7468910217285156,1.4480369827651884e-05,Tomato___Late_blight,0.18328766524791718,Tomato___Septoria_leaf_spot,0.049844663590192795,HIGH,MISCLASSIFICATION
TRACK_C_REALWORLD,Chilli,realworld_chilli,INTERNET_PLANTDOC_TEST,D:\CropDiseaseProject\results\model_robustness_audit\audit_images\track_c_realworld\chilli\healthy\pd_real_10148582-green-leaf-of-pepper.jpg,healthy,1,murda complex,2,False,0.41201674938201904,0.2617657780647278,healthy,0.2617657780647278,cerocospora,0.1949048787355423,HIGH,MISCLASSIFICATION
TRACK_C_REALWORLD,Chilli,realworld_chilli,INTERNET_PLANTDOC_TEST,D:\CropDiseaseProject\results\model_robustness_audit\audit_images\track_c_realworld\chilli\healthy\pd_real_4825902504_5fa80b65b8_z.jpg,healthy,1,nutritional deficiency,3,False,0.6142907738685608,0.18441610038280487,healthy,0.18441610038280487,cerocospora,0.1456930786371231,HIGH,MISCLASSIFICATION
TRACK_C_REALWORLD,Chilli,realworld_chilli,INTERNET_PLANTDOC_TEST,D:\CropDiseaseProject\results\model_robustness_audit\audit_images\track_c_realworld\chilli\healthy\pd_real_GREEN_20BELL_20PLANT_20YELLOW_20LEAF.JPG.jpg,healthy,1,nutritional deficiency,3,False,0.41000235080718994,0.4047244191169739,healthy,0.4047244191169739,cerocospora,0.14211925864219666,HIGH,MISCLASSIFICATION
TRACK_C_REALWORLD,Chilli,realworld_chilli,INTERNET_PLANTDOC_TEST,D:\CropDiseaseProject\results\model_robustness_audit\audit_images\track_c_realworld\chilli\healthy\pd_real_IMG_1629.JPG_1507122477.jpg,healthy,1,cerocospora,0,False,0.612015962600708,0.14137153327465057,nutritional deficiency,0.22622926533222198,healthy,0.14137153327465057,HIGH,MISCLASSIFICATION
TRACK_C_REALWORLD,Chilli,realworld_chilli,INTERNET_PLANTDOC_TEST,D:\CropDiseaseProject\results\model_robustness_audit\audit_images\track_c_realworld\chilli\healthy\pd_real_RnGnC.jpg,healthy,1,cerocospora,0,False,0.7004150748252869,0.050389908254146576,nutritional deficiency,0.206977978348732,healthy,0.050389908254146576,HIGH,MISCLASSIFICATION
TRACK_C_REALWORLD,Chilli,realworld_chilli,INTERNET_PLANTDOC_TEST,D:\CropDiseaseProject\results\model_robustness_audit\audit_images\track_c_realworld\chilli\healthy\pd_real_e33155.jpg,healthy,1,cerocospora,0,False,0.7559167742729187,0.20223426818847656,healthy,0.20223426818847656,nutritional deficiency,0.03412419557571411,HIGH,MISCLASSIFICATION
TRACK_C_REALWORLD,Chilli,realworld_chilli,INTERNET_PLANTDOC_TEST,D:\CropDiseaseProject\results\model_robustness_audit\audit_images\track_c_realworld\chilli\healthy\pd_real_pepper_leaf.jpg,healthy,1,healthy,1,True,0.4159263074398041,0.4159263074398041,nutritional deficiency,0.3282580077648163,cerocospora,0.2326812595129013,HIGH,CORRECT
TRACK_C_REALWORLD,Chilli,realworld_chilli,INTERNET_PLANTDOC_TEST,D:\CropDiseaseProject\results\model_robustness_audit\audit_images\track_c_realworld\chilli\healthy\pd_real_why-are-my-pepper-plants-yellow-yellow-pepper-plants-yellow-leaves-green-veins-pepper-plants-yellow-veins.jpg,healthy,1,healthy,1,True,0.5113610029220581,0.5113610029220581,nutritional deficiency,0.341958612203598,cerocospora,0.12392698973417282,HIGH,CORRECT
TRACK_C_REALWORLD,Chilli,realworld_chilli,INTERNET_PLANTDOC_TEST,D:\CropDiseaseProject\results\model_robustness_audit\audit_images\track_c_realworld\chilli\cerocospora\pd_real_00.jpg,cerocospora,0,cerocospora,0,True,0.9023493528366089,0.9023493528366089,nutritional deficiency,0.08311359584331512,murda complex,0.01021859236061573,HIGH,CORRECT
TRACK_C_REALWORLD,Chilli,realworld_chilli,INTERNET_PLANTDOC_TEST,D:\CropDiseaseProject\results\model_robustness_audit\audit_images\track_c_realworld\chilli\cerocospora\pd_real_000.jpg,cerocospora,0,cerocospora,0,True,0.9131875038146973,0.9131875038146973,nutritional deficiency,0.039822936058044434,murda complex,0.024147583171725273,HIGH,CORRECT
TRACK_C_REALWORLD,Chilli,realworld_chilli,INTERNET_PLANTDOC_TEST,D:\CropDiseaseProject\results\model_robustness_audit\audit_images\track_c_realworld\chilli\cerocospora\pd_real_01.jpg,cerocospora,0,murda complex,2,False,0.6898002028465271,0.028743024915456772,healthy,0.1665622442960739,powdery mildew,0.06151485815644264,HIGH,MISCLASSIFICATION
TRACK_C_REALWORLD,Chilli,realworld_chilli,INTERNET_PLANTDOC_TEST,D:\CropDiseaseProject\results\model_robustness_audit\audit_images\track_c_realworld\chilli\cerocospora\pd_real_Bacterial-spot-pepper2.jpg,cerocospora,0,cerocospora,0,True,0.553467869758606,0.553467869758606,nutritional deficiency,0.3346797525882721,murda complex,0.0732397735118866,HIGH,CORRECT
TRACK_C_REALWORLD,Chilli,realworld_chilli,INTERNET_PLANTDOC_TEST,D:\CropDiseaseProject\results\model_robustness_audit\audit_images\track_c_realworld\chilli\cerocospora\pd_real_CMVpepperLeafShock-copy-50QUALITY-1ge8umw.jpg,cerocospora,0,cerocospora,0,True,0.8695728182792664,0.8695728182792664,healthy,0.12122160196304321,murda complex,0.005257517099380493,HIGH,CORRECT
TRACK_C_REALWORLD,Chilli,realworld_chilli,INTERNET_PLANTDOC_TEST,D:\CropDiseaseProject\results\model_robustness_audit\audit_images\track_c_realworld\chilli\cerocospora\pd_real_H5w92.jpg,cerocospora,0,healthy,1,False,0.6019337773323059,0.3762047588825226,cerocospora,0.3762047588825226,murda complex,0.012710507027804852,HIGH,MISCLASSIFICATION
TRACK_C_REALWORLD,Chilli,realworld_chilli,INTERNET_PLANTDOC_TEST,D:\CropDiseaseProject\results\model_robustness_audit\audit_images\track_c_realworld\chilli\cerocospora\pd_real_bacterial_leaf_spot_pepper_l.jpg,cerocospora,0,cerocospora,0,True,0.9672433137893677,0.9672433137893677,nutritional deficiency,0.026269827038049698,healthy,0.005977901164442301,HIGH,CORRECT
TRACK_C_REALWORLD,Chilli,realworld_chilli,INTERNET_PLANTDOC_TEST,D:\CropDiseaseProject\results\model_robustness_audit\audit_images\track_c_realworld\chilli\cerocospora\pd_real_pepper-spot.jpg,cerocospora,0,cerocospora,0,True,0.5870316028594971,0.5870316028594971,murda complex,0.16124558448791504,healthy,0.15811742842197418,HIGH,CORRECT
TRACK_C_REALWORLD,Chilli,realworld_chilli,INTERNET_PLANTDOC_TEST,D:\CropDiseaseProject\results\model_robustness_audit\audit_images\track_c_realworld\chilli\cerocospora\pd_real_pepper_bacterial-spot_03_zoom.jpg,cerocospora,0,cerocospora,0,True,0.8135189414024353,0.8135189414024353,nutritional deficiency,0.16099713742733002,healthy,0.015192226506769657,HIGH,CORRECT
TRACK_C_REALWORLD,Chilli,realworld_chilli,CHILI_FIELD_PHOTO,D:\CropDiseaseProject\results\model_robustness_audit\audit_images\track_c_realworld\chilli\cerocospora\ulfa_field_Spot_Leaf_-___134_.jpg,cerocospora,0,healthy,1,False,0.44558289647102356,0.4369225800037384,cerocospora,0.4369225800037384,powdery mildew,0.05789034068584442,HIGH,MISCLASSIFICATION
TRACK_C_REALWORLD,Chilli,realworld_chilli,CHILI_FIELD_PHOTO,D:\CropDiseaseProject\results\model_robustness_audit\audit_images\track_c_realworld\chilli\cerocospora\ulfa_field_Spot_Leaf_-___135_.jpg,cerocospora,0,cerocospora,0,True,0.36825621128082275,0.36825621128082275,healthy,0.31075915694236755,powdery mildew,0.19223932921886444,HIGH,CORRECT
TRACK_C_REALWORLD,Chilli,realworld_chilli,CHILI_FIELD_PHOTO,D:\CropDiseaseProject\results\model_robustness_audit\audit_images\track_c_realworld\chilli\cerocospora\ulfa_field_Spot_Leaf_-___136_.jpg,cerocospora,0,cerocospora,0,True,0.7138343453407288,0.7138343453407288,healthy,0.18832126259803772,nutritional deficiency,0.08491730690002441,HIGH,CORRECT
TRACK_C_REALWORLD,Chilli,realworld_chilli,CHILI_FIELD_PHOTO,D:\CropDiseaseProject\results\model_robustness_audit\audit_images\track_c_realworld\chilli\cerocospora\ulfa_field_Spot_Leaf_-___137_.jpg,cerocospora,0,cerocospora,0,True,0.7890897393226624,0.7890897393226624,healthy,0.1082618311047554,nutritional deficiency,0.097832091152668,HIGH,CORRECT
TRACK_C_REALWORLD,Chilli,realworld_chilli,CHILI_FIELD_PHOTO,D:\CropDiseaseProject\results\model_robustness_audit\audit_images\track_c_realworld\chilli\cerocospora\ulfa_field_Spot_Leaf_-___139_.jpg,cerocospora,0,cerocospora,0,True,0.630336582660675,0.630336582660675,healthy,0.2621331512928009,murda complex,0.0890374481678009,HIGH,CORRECT
TRACK_C_REALWORLD,Chilli,realworld_chilli,CHILI_FIELD_PHOTO,D:\CropDiseaseProject\results\model_robustness_audit\audit_images\track_c_realworld\chilli\cerocospora\ulfa_field_Spot_Leaf_-___14_.jpg,cerocospora,0,cerocospora,0,True,0.5103292465209961,0.5103292465209961,healthy,0.43225836753845215,nutritional deficiency,0.04851553961634636,HIGH,CORRECT
TRACK_C_REALWORLD,Chilli,realworld_chilli,CHILI_FIELD_PHOTO,D:\CropDiseaseProject\results\model_robustness_audit\audit_images\track_c_realworld\chilli\cerocospora\ulfa_field_Spot_Leaf_-___140_.jpg,cerocospora,0,murda complex,2,False,0.40047404170036316,0.24860244989395142,healthy,0.29949477314949036,cerocospora,0.24860244989395142,HIGH,MISCLASSIFICATION
TRACK_C_REALWORLD,Chilli,realworld_chilli,CHILI_FIELD_PHOTO,D:\CropDiseaseProject\results\model_robustness_audit\audit_images\track_c_realworld\chilli\cerocospora\ulfa_field_Spot_Leaf_-___141_.jpg,cerocospora,0,cerocospora,0,True,0.5787625312805176,0.5787625312805176,healthy,0.330840140581131,nutritional deficiency,0.0803704634308815,HIGH,CORRECT
TRACK_C_REALWORLD,Chilli,realworld_chilli,CHILI_FIELD_PHOTO,D:\CropDiseaseProject\results\model_robustness_audit\audit_images\track_c_realworld\chilli\cerocospora\ulfa_field_Spot_Leaf_-___142_.jpg,cerocospora,0,cerocospora,0,True,0.6023311614990234,0.6023311614990234,healthy,0.21728603541851044,nutritional deficiency,0.15892086923122406,HIGH,CORRECT
TRACK_C_REALWORLD,Chilli,realworld_chilli,CHILI_FIELD_PHOTO,D:\CropDiseaseProject\results\model_robustness_audit\audit_images\track_c_realworld\chilli\cerocospora\ulfa_field_Spot_Leaf_-___144_.jpg,cerocospora,0,cerocospora,0,True,0.6440606713294983,0.6440606713294983,healthy,0.23101529479026794,nutritional deficiency,0.11520141363143921,HIGH,CORRECT
TRACK_C_REALWORLD,Chilli,realworld_chilli,CHILI_FIELD_PHOTO,D:\CropDiseaseProject\results\model_robustness_audit\audit_images\track_c_realworld\chilli\cerocospora\ulfa_field_Spot_Leaf_-___145_.jpg,cerocospora,0,cerocospora,0,True,0.8524042963981628,0.8524042963981628,healthy,0.10623181611299515,powdery mildew,0.019376380369067192,HIGH,CORRECT
TRACK_C_REALWORLD,Chilli,realworld_chilli,CHILI_FIELD_PHOTO,D:\CropDiseaseProject\results\model_robustness_audit\audit_images\track_c_realworld\chilli\cerocospora\ulfa_field_Spot_Leaf_-___146_.jpg,cerocospora,0,healthy,1,False,0.5495514869689941,0.23625949025154114,cerocospora,0.23625949025154114,nutritional deficiency,0.12490247189998627,HIGH,MISCLASSIFICATION
TRACK_C_REALWORLD,Chilli,realworld_chilli,CHILI_FIELD_PHOTO,D:\CropDiseaseProject\results\model_robustness_audit\audit_images\track_c_realworld\chilli\cerocospora\ulfa_field_Spot_Leaf_-___148_.jpg,cerocospora,0,cerocospora,0,True,0.6132092475891113,0.6132092475891113,nutritional deficiency,0.2554166316986084,healthy,0.06699803471565247,HIGH,CORRECT
TRACK_C_REALWORLD,Chilli,realworld_chilli,CHILI_FIELD_PHOTO,D:\CropDiseaseProject\results\model_robustness_audit\audit_images\track_c_realworld\chilli\cerocospora\ulfa_field_Spot_Leaf_-___149_.jpg,cerocospora,0,cerocospora,0,True,0.7233274579048157,0.7233274579048157,murda complex,0.13040302693843842,nutritional deficiency,0.07407519966363907,HIGH,CORRECT
TRACK_C_REALWORLD,Chilli,realworld_chilli,CHILI_FIELD_PHOTO,D:\CropDiseaseProject\results\model_robustness_audit\audit_images\track_c_realworld\chilli\cerocospora\ulfa_field_Spot_Leaf_-___15_.jpg,cerocospora,0,healthy,1,False,0.5033103823661804,0.2072882354259491,cerocospora,0.2072882354259491,murda complex,0.18514388799667358,HIGH,MISCLASSIFICATION
TRACK_C_REALWORLD,Chilli,realworld_chilli,CHILI_FIELD_PHOTO,D:\CropDiseaseProject\results\model_robustness_audit\audit_images\track_c_realworld\chilli\cerocospora\ulfa_field_Spot_Leaf_-___150_.jpg,cerocospora,0,cerocospora,0,True,0.4306207299232483,0.4306207299232483,powdery mildew,0.24487777054309845,healthy,0.17307902872562408,HIGH,CORRECT
TRACK_C_REALWORLD,Chilli,realworld_chilli,CHILI_FIELD_PHOTO,D:\CropDiseaseProject\results\model_robustness_audit\audit_images\track_c_realworld\chilli\cerocospora\ulfa_field_Spot_Leaf_-___151_.jpg,cerocospora,0,cerocospora,0,True,0.4631509780883789,0.4631509780883789,nutritional deficiency,0.1963874250650406,healthy,0.16819703578948975,HIGH,CORRECT
TRACK_C_REALWORLD,Chilli,realworld_chilli,CHILI_FIELD_PHOTO,D:\CropDiseaseProject\results\model_robustness_audit\audit_images\track_c_realworld\chilli\cerocospora\ulfa_field_Spot_Leaf_-___152_.jpg,cerocospora,0,cerocospora,0,True,0.3502635359764099,0.3502635359764099,powdery mildew,0.2186976671218872,nutritional deficiency,0.20391912758350372,HIGH,CORRECT
TRACK_C_REALWORLD,Chilli,realworld_chilli,CHILI_FIELD_PHOTO,D:\CropDiseaseProject\results\model_robustness_audit\audit_images\track_c_realworld\chilli\cerocospora\ulfa_field_Spot_Leaf_-___153_.jpg,cerocospora,0,cerocospora,0,True,0.45736178755760193,0.45736178755760193,powdery mildew,0.2580079436302185,murda complex,0.11976150423288345,HIGH,CORRECT
TRACK_C_REALWORLD,Chilli,realworld_chilli,CHILI_FIELD_PHOTO,D:\CropDiseaseProject\results\model_robustness_audit\audit_images\track_c_realworld\chilli\cerocospora\ulfa_field_Spot_Leaf_-___154_.jpg,cerocospora,0,cerocospora,0,True,0.5257394909858704,0.5257394909858704,nutritional deficiency,0.17129215598106384,powdery mildew,0.1563614457845688,HIGH,CORRECT
TRACK_C_REALWORLD,Chilli,realworld_chilli,CHILI_FIELD_PHOTO,D:\CropDiseaseProject\results\model_robustness_audit\audit_images\track_c_realworld\chilli\healthy\ulfa_field_127.jpg,healthy,1,cerocospora,0,False,0.6423155665397644,0.10856707394123077,nutritional deficiency,0.22678367793560028,healthy,0.10856707394123077,HIGH,MISCLASSIFICATION
TRACK_C_REALWORLD,Chilli,realworld_chilli,CHILI_FIELD_PHOTO,D:\CropDiseaseProject\results\model_robustness_audit\audit_images\track_c_realworld\chilli\healthy\ulfa_field_128.jpg,healthy,1,healthy,1,True,0.6589629054069519,0.6589629054069519,cerocospora,0.2099933922290802,nutritional deficiency,0.12064633518457413,HIGH,CORRECT
TRACK_C_REALWORLD,Chilli,realworld_chilli,CHILI_FIELD_PHOTO,D:\CropDiseaseProject\results\model_robustness_audit\audit_images\track_c_realworld\chilli\healthy\ulfa_field_129.jpg,healthy,1,healthy,1,True,0.471528023481369,0.471528023481369,cerocospora,0.23608842492103577,nutritional deficiency,0.23392096161842346,HIGH,CORRECT
TRACK_C_REALWORLD,Chilli,realworld_chilli,CHILI_FIELD_PHOTO,D:\CropDiseaseProject\results\model_robustness_audit\audit_images\track_c_realworld\chilli\healthy\ulfa_field_13.jpg,healthy,1,healthy,1,True,0.4646793007850647,0.4646793007850647,cerocospora,0.41307100653648376,nutritional deficiency,0.10751018673181534,HIGH,CORRECT
TRACK_C_REALWORLD,Chilli,realworld_chilli,CHILI_FIELD_PHOTO,D:\CropDiseaseProject\results\model_robustness_audit\audit_images\track_c_realworld\chilli\healthy\ulfa_field_130.jpg,healthy,1,cerocospora,0,False,0.3760392963886261,0.3720066249370575,healthy,0.3720066249370575,nutritional deficiency,0.2307380735874176,HIGH,MISCLASSIFICATION
TRACK_C_REALWORLD,Chilli,realworld_chilli,CHILI_FIELD_PHOTO,D:\CropDiseaseProject\results\model_robustness_audit\audit_images\track_c_realworld\chilli\healthy\ulfa_field_131.jpg,healthy,1,cerocospora,0,False,0.45775172114372253,0.22784829139709473,nutritional deficiency,0.24653199315071106,healthy,0.22784829139709473,HIGH,MISCLASSIFICATION
TRACK_C_REALWORLD,Chilli,realworld_chilli,CHILI_FIELD_PHOTO,D:\CropDiseaseProject\results\model_robustness_audit\audit_images\track_c_realworld\chilli\healthy\ulfa_field_132.jpg,healthy,1,cerocospora,0,False,0.5182677507400513,0.39284130930900574,healthy,0.39284130930900574,nutritional deficiency,0.07742783427238464,HIGH,MISCLASSIFICATION
TRACK_C_REALWORLD,Chilli,realworld_chilli,CHILI_FIELD_PHOTO,D:\CropDiseaseProject\results\model_robustness_audit\audit_images\track_c_realworld\chilli\healthy\ulfa_field_133.jpg,healthy,1,healthy,1,True,0.6667609810829163,0.6667609810829163,cerocospora,0.1732170283794403,nutritional deficiency,0.1208978220820427,HIGH,CORRECT
TRACK_C_REALWORLD,Chilli,realworld_chilli,CHILI_FIELD_PHOTO,D:\CropDiseaseProject\results\model_robustness_audit\audit_images\track_c_realworld\chilli\healthy\ulfa_field_134.jpg,healthy,1,healthy,1,True,0.6497329473495483,0.6497329473495483,nutritional deficiency,0.204832524061203,cerocospora,0.09646632522344589,HIGH,CORRECT
TRACK_C_REALWORLD,Chilli,realworld_chilli,CHILI_FIELD_PHOTO,D:\CropDiseaseProject\results\model_robustness_audit\audit_images\track_c_realworld\chilli\healthy\ulfa_field_135.jpg,healthy,1,nutritional deficiency,3,False,0.45930421352386475,0.2697375416755676,healthy,0.2697375416755676,cerocospora,0.2420164942741394,HIGH,MISCLASSIFICATION
TRACK_C_REALWORLD,Chilli,realworld_chilli,CHILI_FIELD_PHOTO,D:\CropDiseaseProject\results\model_robustness_audit\audit_images\track_c_realworld\chilli\healthy\ulfa_field_136.jpg,healthy,1,cerocospora,0,False,0.5538689494132996,0.37595313787460327,healthy,0.37595313787460327,nutritional deficiency,0.05710146576166153,HIGH,MISCLASSIFICATION
TRACK_C_REALWORLD,Chilli,realworld_chilli,CHILI_FIELD_PHOTO,D:\CropDiseaseProject\results\model_robustness_audit\audit_images\track_c_realworld\chilli\healthy\ulfa_field_137.jpg,healthy,1,healthy,1,True,0.58480304479599,0.58480304479599,cerocospora,0.31227487325668335,nutritional deficiency,0.08763312548398972,HIGH,CORRECT
TRACK_C_REALWORLD,Chilli,realworld_chilli,CHILI_FIELD_PHOTO,D:\CropDiseaseProject\results\model_robustness_audit\audit_images\track_c_realworld\chilli\healthy\ulfa_field_138.jpg,healthy,1,healthy,1,True,0.5391822457313538,0.5391822457313538,cerocospora,0.24769946932792664,nutritional deficiency,0.1796109527349472,HIGH,CORRECT
TRACK_C_REALWORLD,Chilli,realworld_chilli,CHILI_FIELD_PHOTO,D:\CropDiseaseProject\results\model_robustness_audit\audit_images\track_c_realworld\chilli\healthy\ulfa_field_139.jpg,healthy,1,healthy,1,True,0.3967643678188324,0.3967643678188324,cerocospora,0.2937774360179901,nutritional deficiency,0.27714893221855164,HIGH,CORRECT
TRACK_C_REALWORLD,Chilli,realworld_chilli,CHILI_FIELD_PHOTO,D:\CropDiseaseProject\results\model_robustness_audit\audit_images\track_c_realworld\chilli\healthy\ulfa_field_14.jpg,healthy,1,healthy,1,True,0.4190382957458496,0.4190382957458496,cerocospora,0.27075421810150146,nutritional deficiency,0.24737957119941711,HIGH,CORRECT
TRACK_C_REALWORLD,Chilli,realworld_chilli,CHILI_FIELD_PHOTO,D:\CropDiseaseProject\results\model_robustness_audit\audit_images\track_c_realworld\chilli\healthy\ulfa_field_140.jpg,healthy,1,healthy,1,True,0.6388415098190308,0.6388415098190308,nutritional deficiency,0.19559016823768616,cerocospora,0.13691580295562744,HIGH,CORRECT
TRACK_C_REALWORLD,Chilli,realworld_chilli,CHILI_FIELD_PHOTO,D:\CropDiseaseProject\results\model_robustness_audit\audit_images\track_c_realworld\chilli\healthy\ulfa_field_141.jpg,healthy,1,healthy,1,True,0.45218515396118164,0.45218515396118164,cerocospora,0.2695651352405548,nutritional deficiency,0.24594785273075104,HIGH,CORRECT
TRACK_C_REALWORLD,Chilli,realworld_chilli,CHILI_FIELD_PHOTO,D:\CropDiseaseProject\results\model_robustness_audit\audit_images\track_c_realworld\chilli\healthy\ulfa_field_142.jpg,healthy,1,healthy,1,True,0.582612931728363,0.582612931728363,cerocospora,0.28251218795776367,nutritional deficiency,0.11577161401510239,HIGH,CORRECT
TRACK_C_REALWORLD,Chilli,realworld_chilli,CHILI_FIELD_PHOTO,D:\CropDiseaseProject\results\model_robustness_audit\audit_images\track_c_realworld\chilli\healthy\ulfa_field_143.jpg,healthy,1,healthy,1,True,0.6362905502319336,0.6362905502319336,nutritional deficiency,0.1811782568693161,cerocospora,0.1473592221736908,HIGH,CORRECT
TRACK_C_REALWORLD,Chilli,realworld_chilli,CHILI_FIELD_PHOTO,D:\CropDiseaseProject\results\model_robustness_audit\audit_images\track_c_realworld\chilli\healthy\ulfa_field_144.jpg,healthy,1,cerocospora,0,False,0.5283955335617065,0.3672158122062683,healthy,0.3672158122062683,nutritional deficiency,0.07061826437711716,HIGH,MISCLASSIFICATION
TRACK_C_REALWORLD,Chilli,realworld_chilli,CHILI_FIELD_PHOTO,D:\CropDiseaseProject\results\model_robustness_audit\audit_images\track_c_realworld\chilli\murda complex\ulfa_field_Leaf_Curl__1039_.jpg,murda complex,2,cerocospora,0,False,0.384635865688324,0.10513829439878464,healthy,0.35608264803886414,nutritional deficiency,0.15138022601604462,HIGH,MISCLASSIFICATION
TRACK_C_REALWORLD,Chilli,realworld_chilli,CHILI_FIELD_PHOTO,D:\CropDiseaseProject\results\model_robustness_audit\audit_images\track_c_realworld\chilli\murda complex\ulfa_field_Leaf_Curl__1040_.jpg,murda complex,2,cerocospora,0,False,0.4897996187210083,0.1920255720615387,healthy,0.22015054523944855,murda complex,0.1920255720615387,HIGH,MISCLASSIFICATION
TRACK_C_REALWORLD,Chilli,realworld_chilli,CHILI_FIELD_PHOTO,D:\CropDiseaseProject\results\model_robustness_audit\audit_images\track_c_realworld\chilli\murda complex\ulfa_field_Leaf_Curl__1041_.jpg,murda complex,2,cerocospora,0,False,0.9644427299499512,0.003486902453005314,powdery mildew,0.01335300412029028,nutritional deficiency,0.012463752180337906,HIGH,MISCLASSIFICATION
TRACK_C_REALWORLD,Chilli,realworld_chilli,CHILI_FIELD_PHOTO,D:\CropDiseaseProject\results\model_robustness_audit\audit_images\track_c_realworld\chilli\murda complex\ulfa_field_Leaf_Curl__1042_.jpg,murda complex,2,cerocospora,0,False,0.8879522085189819,0.01406038086861372,healthy,0.06615634262561798,nutritional deficiency,0.021669089794158936,HIGH,MISCLASSIFICATION
TRACK_C_REALWORLD,Chilli,realworld_chilli,CHILI_FIELD_PHOTO,D:\CropDiseaseProject\results\model_robustness_audit\audit_images\track_c_realworld\chilli\murda complex\ulfa_field_Leaf_Curl__1044_.jpg,murda complex,2,cerocospora,0,False,0.8489285707473755,0.004672106821089983,powdery mildew,0.05305776000022888,healthy,0.0507255457341671,HIGH,MISCLASSIFICATION
TRACK_C_REALWORLD,Chilli,realworld_chilli,CHILI_FIELD_PHOTO,D:\CropDiseaseProject\results\model_robustness_audit\audit_images\track_c_realworld\chilli\murda complex\ulfa_field_Leaf_Curl__1045_.jpg,murda complex,2,cerocospora,0,False,0.7423752546310425,0.01677941158413887,nutritional deficiency,0.11293061822652817,powdery mildew,0.07005559653043747,HIGH,MISCLASSIFICATION
TRACK_C_REALWORLD,Chilli,realworld_chilli,CHILI_FIELD_PHOTO,D:\CropDiseaseProject\results\model_robustness_audit\audit_images\track_c_realworld\chilli\murda complex\ulfa_field_Leaf_Curl__1046_.jpg,murda complex,2,cerocospora,0,False,0.6953415870666504,0.011904391460120678,powdery mildew,0.1420825719833374,healthy,0.09094098210334778,HIGH,MISCLASSIFICATION
TRACK_C_REALWORLD,Chilli,realworld_chilli,CHILI_FIELD_PHOTO,D:\CropDiseaseProject\results\model_robustness_audit\audit_images\track_c_realworld\chilli\murda complex\ulfa_field_Leaf_Curl__1047_.jpg,murda complex,2,cerocospora,0,False,0.8107878565788269,0.0013378579169511795,powdery mildew,0.1324569284915924,nutritional deficiency,0.04623040929436684,HIGH,MISCLASSIFICATION
TRACK_C_REALWORLD,Chilli,realworld_chilli,CHILI_FIELD_PHOTO,D:\CropDiseaseProject\results\model_robustness_audit\audit_images\track_c_realworld\chilli\murda complex\ulfa_field_Leaf_Curl__1049_.jpg,murda complex,2,powdery mildew,4,False,0.6145049333572388,0.029759814962744713,cerocospora,0.2546442449092865,nutritional deficiency,0.07246436178684235,HIGH,MISCLASSIFICATION
TRACK_C_REALWORLD,Chilli,realworld_chilli,CHILI_FIELD_PHOTO,D:\CropDiseaseProject\results\model_robustness_audit\audit_images\track_c_realworld\chilli\murda complex\ulfa_field_Leaf_Curl__1051_.jpg,murda complex,2,healthy,1,False,0.36353620886802673,0.009109451435506344,nutritional deficiency,0.2928318381309509,cerocospora,0.29278212785720825,HIGH,MISCLASSIFICATION
TRACK_C_REALWORLD,Chilli,realworld_chilli,CHILI_FIELD_PHOTO,D:\CropDiseaseProject\results\model_robustness_audit\audit_images\track_c_realworld\chilli\murda complex\ulfa_field_Leaf_Curl__1052_.jpg,murda complex,2,healthy,1,False,0.44325968623161316,0.04843096807599068,cerocospora,0.3068239092826843,nutritional deficiency,0.15808676183223724,HIGH,MISCLASSIFICATION
TRACK_C_REALWORLD,Chilli,realworld_chilli,CHILI_FIELD_PHOTO,D:\CropDiseaseProject\results\model_robustness_audit\audit_images\track_c_realworld\chilli\murda complex\ulfa_field_Leaf_Curl__1054_.jpg,murda complex,2,healthy,1,False,0.4905898869037628,0.013202434405684471,nutritional deficiency,0.34445837140083313,cerocospora,0.13657009601593018,HIGH,MISCLASSIFICATION
TRACK_C_REALWORLD,Chilli,realworld_chilli,CHILI_FIELD_PHOTO,D:\CropDiseaseProject\results\model_robustness_audit\audit_images\track_c_realworld\chilli\murda complex\ulfa_field_Leaf_Curl__1055_.jpg,murda complex,2,nutritional deficiency,3,False,0.33894169330596924,0.030423447489738464,healthy,0.3132164180278778,cerocospora,0.30493199825286865,HIGH,MISCLASSIFICATION
TRACK_C_REALWORLD,Chilli,realworld_chilli,CHILI_FIELD_PHOTO,D:\CropDiseaseProject\results\model_robustness_audit\audit_images\track_c_realworld\chilli\murda complex\ulfa_field_Leaf_Curl__1056_.jpg,murda complex,2,murda complex,2,True,0.3939850628376007,0.3939850628376007,cerocospora,0.3577769100666046,healthy,0.16110046207904816,HIGH,CORRECT
TRACK_C_REALWORLD,Chilli,realworld_chilli,CHILI_FIELD_PHOTO,D:\CropDiseaseProject\results\model_robustness_audit\audit_images\track_c_realworld\chilli\murda complex\ulfa_field_Leaf_Curl__1057_.jpg,murda complex,2,cerocospora,0,False,0.556456446647644,0.19821792840957642,murda complex,0.19821792840957642,healthy,0.13822676241397858,HIGH,MISCLASSIFICATION
TRACK_C_REALWORLD,Chilli,realworld_chilli,CHILI_FIELD_PHOTO,D:\CropDiseaseProject\results\model_robustness_audit\audit_images\track_c_realworld\chilli\murda complex\ulfa_field_Leaf_Curl__1059_.jpg,murda complex,2,nutritional deficiency,3,False,0.4193592667579651,0.1283971667289734,cerocospora,0.3715464472770691,murda complex,0.1283971667289734,HIGH,MISCLASSIFICATION
TRACK_C_REALWORLD,Chilli,realworld_chilli,CHILI_FIELD_PHOTO,D:\CropDiseaseProject\results\model_robustness_audit\audit_images\track_c_realworld\chilli\murda complex\ulfa_field_Leaf_Curl__1060_.jpg,murda complex,2,healthy,1,False,0.42083045840263367,0.18524692952632904,cerocospora,0.2815344035625458,murda complex,0.18524692952632904,HIGH,MISCLASSIFICATION
TRACK_C_REALWORLD,Chilli,realworld_chilli,CHILI_FIELD_PHOTO,D:\CropDiseaseProject\results\model_robustness_audit\audit_images\track_c_realworld\chilli\murda complex\ulfa_field_Leaf_Curl__1062_.jpg,murda complex,2,healthy,1,False,0.5598986148834229,0.2224254012107849,murda complex,0.2224254012107849,cerocospora,0.1579403281211853,HIGH,MISCLASSIFICATION
TRACK_C_REALWORLD,Chilli,realworld_chilli,CHILI_FIELD_PHOTO,D:\CropDiseaseProject\results\model_robustness_audit\audit_images\track_c_realworld\chilli\murda complex\ulfa_field_Leaf_Curl__1063_.jpg,murda complex,2,cerocospora,0,False,0.5683810710906982,0.06788092851638794,nutritional deficiency,0.1940154731273651,healthy,0.1675282120704651,HIGH,MISCLASSIFICATION
TRACK_C_REALWORLD,Chilli,realworld_chilli,CHILI_FIELD_PHOTO,D:\CropDiseaseProject\results\model_robustness_audit\audit_images\track_c_realworld\chilli\murda complex\ulfa_field_Leaf_Curl__1064_.jpg,murda complex,2,cerocospora,0,False,0.30155038833618164,0.186353862285614,nutritional deficiency,0.280181884765625,healthy,0.2188371866941452,HIGH,MISCLASSIFICATION
TRACK_C_REALWORLD,Chilli,realworld_chilli,CHILI_FIELD_PHOTO,D:\CropDiseaseProject\results\model_robustness_audit\audit_images\track_c_realworld\chilli\nutritional deficiency\ulfa_field_Daun_kuning_-__130_.jpg,nutritional deficiency,3,nutritional deficiency,3,True,0.9086518287658691,0.9086518287658691,cerocospora,0.05608510971069336,murda complex,0.03280366584658623,MEDIUM,CORRECT
TRACK_C_REALWORLD,Chilli,realworld_chilli,CHILI_FIELD_PHOTO,D:\CropDiseaseProject\results\model_robustness_audit\audit_images\track_c_realworld\chilli\nutritional deficiency\ulfa_field_Daun_kuning_-__131_.jpg,nutritional deficiency,3,nutritional deficiency,3,True,0.967242956161499,0.967242956161499,cerocospora,0.02846752479672432,healthy,0.0033987127244472504,MEDIUM,CORRECT
TRACK_C_REALWORLD,Chilli,realworld_chilli,CHILI_FIELD_PHOTO,D:\CropDiseaseProject\results\model_robustness_audit\audit_images\track_c_realworld\chilli\nutritional deficiency\ulfa_field_Daun_kuning_-__132_.jpg,nutritional deficiency,3,nutritional deficiency,3,True,0.9482728838920593,0.9482728838920593,cerocospora,0.043752796947956085,healthy,0.006513273809105158,MEDIUM,CORRECT
TRACK_C_REALWORLD,Chilli,realworld_chilli,CHILI_FIELD_PHOTO,D:\CropDiseaseProject\results\model_robustness_audit\audit_images\track_c_realworld\chilli\nutritional deficiency\ulfa_field_Daun_kuning_-__133_.jpg,nutritional deficiency,3,cerocospora,0,False,0.477186918258667,0.40976956486701965,nutritional deficiency,0.40976956486701965,powdery mildew,0.05344516411423683,MEDIUM,MISCLASSIFICATION
TRACK_C_REALWORLD,Chilli,realworld_chilli,CHILI_FIELD_PHOTO,D:\CropDiseaseProject\results\model_robustness_audit\audit_images\track_c_realworld\chilli\nutritional deficiency\ulfa_field_Daun_kuning_-__134_.jpg,nutritional deficiency,3,nutritional deficiency,3,True,0.8351003527641296,0.8351003527641296,healthy,0.0801178514957428,cerocospora,0.0730615109205246,MEDIUM,CORRECT
TRACK_C_REALWORLD,Chilli,realworld_chilli,CHILI_FIELD_PHOTO,D:\CropDiseaseProject\results\model_robustness_audit\audit_images\track_c_realworld\chilli\nutritional deficiency\ulfa_field_Daun_kuning_-__135_.jpg,nutritional deficiency,3,nutritional deficiency,3,True,0.885819673538208,0.885819673538208,cerocospora,0.08250178396701813,healthy,0.02383575029671192,MEDIUM,CORRECT
TRACK_C_REALWORLD,Chilli,realworld_chilli,CHILI_FIELD_PHOTO,D:\CropDiseaseProject\results\model_robustness_audit\audit_images\track_c_realworld\chilli\nutritional deficiency\ulfa_field_Daun_kuning_-__136_.jpg,nutritional deficiency,3,nutritional deficiency,3,True,0.8006830811500549,0.8006830811500549,powdery mildew,0.0809352919459343,healthy,0.046464234590530396,MEDIUM,CORRECT
TRACK_C_REALWORLD,Chilli,realworld_chilli,CHILI_FIELD_PHOTO,D:\CropDiseaseProject\results\model_robustness_audit\audit_images\track_c_realworld\chilli\nutritional deficiency\ulfa_field_Daun_kuning_-__137_.jpg,nutritional deficiency,3,nutritional deficiency,3,True,0.7393131852149963,0.7393131852149963,powdery mildew,0.08568612486124039,healthy,0.08470519632101059,MEDIUM,CORRECT
TRACK_C_REALWORLD,Chilli,realworld_chilli,CHILI_FIELD_PHOTO,D:\CropDiseaseProject\results\model_robustness_audit\audit_images\track_c_realworld\chilli\nutritional deficiency\ulfa_field_Daun_kuning_-__138_.jpg,nutritional deficiency,3,nutritional deficiency,3,True,0.749716579914093,0.749716579914093,healthy,0.1251840591430664,powdery mildew,0.056942690163850784,MEDIUM,CORRECT
TRACK_C_REALWORLD,Chilli,realworld_chilli,CHILI_FIELD_PHOTO,D:\CropDiseaseProject\results\model_robustness_audit\audit_images\track_c_realworld\chilli\nutritional deficiency\ulfa_field_Daun_kuning_-__139_.jpg,nutritional deficiency,3,nutritional deficiency,3,True,0.9185798168182373,0.9185798168182373,cerocospora,0.063115693628788,murda complex,0.012441820465028286,MEDIUM,CORRECT
TRACK_C_REALWORLD,Chilli,realworld_chilli,CHILI_FIELD_PHOTO,D:\CropDiseaseProject\results\model_robustness_audit\audit_images\track_c_realworld\chilli\nutritional deficiency\ulfa_field_Daun_kuning_-__14_.jpg,nutritional deficiency,3,cerocospora,0,False,0.6179509162902832,0.31763792037963867,nutritional deficiency,0.31763792037963867,murda complex,0.05212216079235077,MEDIUM,MISCLASSIFICATION
TRACK_C_REALWORLD,Chilli,realworld_chilli,CHILI_FIELD_PHOTO,D:\CropDiseaseProject\results\model_robustness_audit\audit_images\track_c_realworld\chilli\nutritional deficiency\ulfa_field_Daun_kuning_-__14_.png,nutritional deficiency,3,cerocospora,0,False,0.4101087152957916,0.17659609019756317,healthy,0.2913312017917633,nutritional deficiency,0.17659609019756317,MEDIUM,MISCLASSIFICATION
TRACK_C_REALWORLD,Chilli,realworld_chilli,CHILI_FIELD_PHOTO,D:\CropDiseaseProject\results\model_robustness_audit\audit_images\track_c_realworld\chilli\nutritional deficiency\ulfa_field_Daun_kuning_-__140_.jpg,nutritional deficiency,3,nutritional deficiency,3,True,0.9697339534759521,0.9697339534759521,cerocospora,0.02549966424703598,murda complex,0.00396901136264205,MEDIUM,CORRECT
TRACK_C_REALWORLD,Chilli,realworld_chilli,CHILI_FIELD_PHOTO,D:\CropDiseaseProject\results\model_robustness_audit\audit_images\track_c_realworld\chilli\nutritional deficiency\ulfa_field_Daun_kuning_-__141_.jpg,nutritional deficiency,3,nutritional deficiency,3,True,0.8967282772064209,0.8967282772064209,cerocospora,0.06955565512180328,healthy,0.01690223440527916,MEDIUM,CORRECT
TRACK_C_REALWORLD,Chilli,realworld_chilli,CHILI_FIELD_PHOTO,D:\CropDiseaseProject\results\model_robustness_audit\audit_images\track_c_realworld\chilli\nutritional deficiency\ulfa_field_Daun_kuning_-__142_.jpg,nutritional deficiency,3,nutritional deficiency,3,True,0.9805822968482971,0.9805822968482971,murda complex,0.00860066432505846,powdery mildew,0.004689046181738377,MEDIUM,CORRECT
TRACK_C_REALWORLD,Chilli,realworld_chilli,CHILI_FIELD_PHOTO,D:\CropDiseaseProject\results\model_robustness_audit\audit_images\track_c_realworld\chilli\nutritional deficiency\ulfa_field_Daun_kuning_-__143_.jpg,nutritional deficiency,3,nutritional deficiency,3,True,0.8703493475914001,0.8703493475914001,murda complex,0.05347286909818649,powdery mildew,0.04370972886681557,MEDIUM,CORRECT
TRACK_C_REALWORLD,Chilli,realworld_chilli,CHILI_FIELD_PHOTO,D:\CropDiseaseProject\results\model_robustness_audit\audit_images\track_c_realworld\chilli\nutritional deficiency\ulfa_field_Daun_kuning_-__144_.jpg,nutritional deficiency,3,nutritional deficiency,3,True,0.9823986887931824,0.9823986887931824,cerocospora,0.006447161547839642,healthy,0.005966256372630596,MEDIUM,CORRECT
TRACK_C_REALWORLD,Chilli,realworld_chilli,CHILI_FIELD_PHOTO,D:\CropDiseaseProject\results\model_robustness_audit\audit_images\track_c_realworld\chilli\nutritional deficiency\ulfa_field_Daun_kuning_-__145_.jpg,nutritional deficiency,3,nutritional deficiency,3,True,0.9354557991027832,0.9354557991027832,powdery mildew,0.03098713792860508,murda complex,0.014664197340607643,MEDIUM,CORRECT
TRACK_C_REALWORLD,Chilli,realworld_chilli,CHILI_FIELD_PHOTO,D:\CropDiseaseProject\results\model_robustness_audit\audit_images\track_c_realworld\chilli\nutritional deficiency\ulfa_field_Daun_kuning_-__146_.jpg,nutritional deficiency,3,nutritional deficiency,3,True,0.5629017949104309,0.5629017949104309,cerocospora,0.30111297965049744,healthy,0.07489036023616791,MEDIUM,CORRECT
TRACK_C_REALWORLD,Chilli,realworld_chilli,CHILI_FIELD_PHOTO,D:\CropDiseaseProject\results\model_robustness_audit\audit_images\track_c_realworld\chilli\nutritional deficiency\ulfa_field_Daun_kuning_-__147_.jpg,nutritional deficiency,3,nutritional deficiency,3,True,0.8762372136116028,0.8762372136116028,cerocospora,0.07259618490934372,healthy,0.04598870500922203,MEDIUM,CORRECT
TRACK_C_REALWORLD,Grape,realworld_grape,INTERNET_PLANTDOC_TEST,D:\CropDiseaseProject\results\model_robustness_audit\audit_images\track_c_realworld\grape\Healthy Leaves\pd_real_0000.jpg,Healthy Leaves,4,Healthy Leaves,4,True,0.8196032643318176,0.8196032643318176,Powdery Mildew,0.17394176125526428,Bacterial Leaf Spot,0.005952927749603987,HIGH,CORRECT
TRACK_C_REALWORLD,Grape,realworld_grape,INTERNET_PLANTDOC_TEST,D:\CropDiseaseProject\results\model_robustness_audit\audit_images\track_c_realworld\grape\Healthy Leaves\pd_real_730-grape-leaf-2560x1600-nature-wallpaper.jpg,Healthy Leaves,4,Healthy Leaves,4,True,0.9757041931152344,0.9757041931152344,Bacterial Leaf Spot,0.015513483434915543,Leaf Blight,0.004465514328330755,HIGH,CORRECT
TRACK_C_REALWORLD,Grape,realworld_grape,INTERNET_PLANTDOC_TEST,D:\CropDiseaseProject\results\model_robustness_audit\audit_images\track_c_realworld\grape\Healthy Leaves\pd_real_DSCN7317.JPG.jpg,Healthy Leaves,4,Black Rot,1,False,0.928119421005249,0.027815978974103928,Healthy Leaves,0.027815978974103928,Esca (Black Measles),0.02314307913184166,HIGH,MISCLASSIFICATION
TRACK_C_REALWORLD,Grape,realworld_grape,INTERNET_PLANTDOC_TEST,D:\CropDiseaseProject\results\model_robustness_audit\audit_images\track_c_realworld\grape\Healthy Leaves\pd_real_P1130286.jpg,Healthy Leaves,4,Healthy Leaves,4,True,0.6221285462379456,0.6221285462379456,Leaf Blight,0.16108256578445435,Esca (Black Measles),0.11634166538715363,HIGH,CORRECT
TRACK_C_REALWORLD,Grape,realworld_grape,INTERNET_PLANTDOC_TEST,D:\CropDiseaseProject\results\model_robustness_audit\audit_images\track_c_realworld\grape\Healthy Leaves\pd_real_depositphotos_3443387-stock-photo-the-green-grape-leaf-on.jpg,Healthy Leaves,4,Healthy Leaves,4,True,0.9942692518234253,0.9942692518234253,Esca (Black Measles),0.0029695697594434023,Powdery Mildew,0.002279120497405529,HIGH,CORRECT
TRACK_C_REALWORLD,Grape,realworld_grape,INTERNET_PLANTDOC_TEST,D:\CropDiseaseProject\results\model_robustness_audit\audit_images\track_c_realworld\grape\Healthy Leaves\pd_real_depositphotos_6898486-stock-photo-grape-leaves.jpg,Healthy Leaves,4,Healthy Leaves,4,True,0.8953802585601807,0.8953802585601807,Bacterial Leaf Spot,0.09927898645401001,Powdery Mildew,0.005006552208214998,HIGH,CORRECT
TRACK_C_REALWORLD,Grape,realworld_grape,INTERNET_PLANTDOC_TEST,D:\CropDiseaseProject\results\model_robustness_audit\audit_images\track_c_realworld\grape\Healthy Leaves\pd_real_grape-leaf-14309623.jpg,Healthy Leaves,4,Healthy Leaves,4,True,0.9559199810028076,0.9559199810028076,Powdery Mildew,0.03776524215936661,Bacterial Leaf Spot,0.006124081090092659,HIGH,CORRECT
TRACK_C_REALWORLD,Grape,realworld_grape,INTERNET_PLANTDOC_TEST,D:\CropDiseaseProject\results\model_robustness_audit\audit_images\track_c_realworld\grape\Healthy Leaves\pd_real_grape-leaf-picture-id119212425_k_6_m_119212425_s_612x612_w_0_h_8RZBWGcvXe4tAwhhvYZVFzWyRyiN5iTxKfWBpPT1FcU_.jpg,Healthy Leaves,4,Healthy Leaves,4,True,0.9909838438034058,0.9909838438034058,Powdery Mildew,0.008138095028698444,Bacterial Leaf Spot,0.000702348246704787,HIGH,CORRECT
TRACK_C_REALWORLD,Grape,realworld_grape,INTERNET_PLANTDOC_TEST,D:\CropDiseaseProject\results\model_robustness_audit\audit_images\track_c_realworld\grape\Healthy Leaves\pd_real_grapes-leaves.jpg,Healthy Leaves,4,Healthy Leaves,4,True,0.6483149528503418,0.6483149528503418,Black Rot,0.3432348966598511,Powdery Mildew,0.0041844467632472515,HIGH,CORRECT
TRACK_C_REALWORLD,Grape,realworld_grape,INTERNET_PLANTDOC_TEST,D:\CropDiseaseProject\results\model_robustness_audit\audit_images\track_c_realworld\grape\Healthy Leaves\pd_real_grapevine-leaf-7466071.jpg,Healthy Leaves,4,Healthy Leaves,4,True,0.8998891115188599,0.8998891115188599,Powdery Mildew,0.09680768847465515,Downy Mildew,0.002673066919669509,HIGH,CORRECT
TRACK_C_REALWORLD,Grape,realworld_grape,INTERNET_PLANTDOC_TEST,D:\CropDiseaseProject\results\model_robustness_audit\audit_images\track_c_realworld\grape\Healthy Leaves\pd_real_latest_cb_20100621160325.jpg,Healthy Leaves,4,Bacterial Leaf Spot,0,False,0.6032741069793701,0.12091802805662155,Powdery Mildew,0.17390571534633636,Healthy Leaves,0.12091802805662155,HIGH,MISCLASSIFICATION
TRACK_C_REALWORLD,Grape,realworld_grape,INTERNET_PLANTDOC_TEST,D:\CropDiseaseProject\results\model_robustness_audit\audit_images\track_c_realworld\grape\Healthy Leaves\pd_real_vitis-riparia-le-ahaines-b.jpg,Healthy Leaves,4,Black Rot,1,False,0.3456559479236603,0.24192111194133759,Leaf Blight,0.2978172302246094,Healthy Leaves,0.24192111194133759,HIGH,MISCLASSIFICATION
TRACK_C_REALWORLD,Grape,realworld_grape,INTERNET_PLANTDOC_TEST,D:\CropDiseaseProject\results\model_robustness_audit\audit_images\track_c_realworld\grape\Black Rot\pd_real_03gb.jpg,Black Rot,1,Esca (Black Measles),3,False,0.6291110515594482,0.3188287615776062,Black Rot,0.3188287615776062,Leaf Blight,0.02932041510939598,HIGH,MISCLASSIFICATION
TRACK_C_REALWORLD,Grape,realworld_grape,INTERNET_PLANTDOC_TEST,D:\CropDiseaseProject\results\model_robustness_audit\audit_images\track_c_realworld\grape\Black Rot\pd_real_35589125035_662dd5b258_b.jpg,Black Rot,1,Healthy Leaves,4,False,0.9968113303184509,0.0001312558597419411,Esca (Black Measles),0.0023553783539682627,Leaf Blight,0.0006834766245447099,HIGH,MISCLASSIFICATION
TRACK_C_REALWORLD,Grape,realworld_grape,INTERNET_PLANTDOC_TEST,D:\CropDiseaseProject\results\model_robustness_audit\audit_images\track_c_realworld\grape\Black Rot\pd_real_5-29black-rot-chardRR.jpg,Black Rot,1,Healthy Leaves,4,False,0.5235725045204163,3.360851769684814e-05,Powdery Mildew,0.4726516604423523,Downy Mildew,0.0022359711583703756,HIGH,MISCLASSIFICATION
TRACK_C_REALWORLD,Grape,realworld_grape,INTERNET_PLANTDOC_TEST,D:\CropDiseaseProject\results\model_robustness_audit\audit_images\track_c_realworld\grape\Black Rot\pd_real_Black_20rot_20on_20foliage.jpg,Black Rot,1,Healthy Leaves,4,False,0.4697977900505066,0.23578785359859467,Black Rot,0.23578785359859467,Esca (Black Measles),0.21550437808036804,HIGH,MISCLASSIFICATION
TRACK_C_REALWORLD,Grape,realworld_grape,INTERNET_PLANTDOC_TEST,D:\CropDiseaseProject\results\model_robustness_audit\audit_images\track_c_realworld\grape\Black Rot\pd_real_Black_20rot_20on_20foliage2.jpg,Black Rot,1,Healthy Leaves,4,False,0.9368717074394226,0.06074241176247597,Black Rot,0.06074241176247597,Esca (Black Measles),0.0017335639568045735,HIGH,MISCLASSIFICATION
TRACK_C_REALWORLD,Grape,realworld_grape,INTERNET_PLANTDOC_TEST,D:\CropDiseaseProject\results\model_robustness_audit\audit_images\track_c_realworld\grape\Black Rot\pd_real_brleaf2_zoom.jpg,Black Rot,1,Leaf Blight,5,False,0.5584136843681335,0.003621254814788699,Esca (Black Measles),0.3990935981273651,Powdery Mildew,0.03431950509548187,HIGH,MISCLASSIFICATION
TRACK_C_REALWORLD,Grape,realworld_grape,INTERNET_PLANTDOC_TEST,D:\CropDiseaseProject\results\model_robustness_audit\audit_images\track_c_realworld\grape\Black Rot\pd_real_grape_F15a.jpg,Black Rot,1,Powdery Mildew,6,False,0.8577027916908264,1.2607129974639975e-05,Healthy Leaves,0.08022266626358032,Downy Mildew,0.040505487471818924,HIGH,MISCLASSIFICATION
TRACK_C_REALWORLD,Grape,realworld_grape,INTERNET_PLANTDOC_TEST,D:\CropDiseaseProject\results\model_robustness_audit\audit_images\track_c_realworld\grape\Black Rot\pd_real_piano_20gully_20spray_20seed_20damage_2006_20_289_29.JPG.jpg,Black Rot,1,Healthy Leaves,4,False,0.8467819094657898,0.002690439810976386,Powdery Mildew,0.12548378109931946,Downy Mildew,0.020828427746891975,HIGH,MISCLASSIFICATION
TRACK_C_REALWORLD,Grape,realworld_grape,VINEYARD_FIELD_PHOTO,D:\CropDiseaseProject\results\model_robustness_audit\audit_images\track_c_realworld\grape\Downy Mildew\gldd_field_stock-photo-alternaria-leaf-spot-alternaria-cucumerina-on-bitter-melon-momordica-charantia-1679534692_jpg.rf.6713530d0a4407256c2fce3f34128759.jpg,Downy Mildew,2,Powdery Mildew,6,False,0.9371663928031921,0.01331749465316534,Healthy Leaves,0.02872643433511257,Downy Mildew,0.01331749465316534,HIGH,MISCLASSIFICATION
TRACK_C_REALWORLD,Grape,realworld_grape,VINEYARD_FIELD_PHOTO,D:\CropDiseaseProject\results\model_robustness_audit\audit_images\track_c_realworld\grape\Downy Mildew\gldd_field_stock-photo-alternaria-leaf-spot-alternaria-cucumerina-on-bitter-melon-momordica-charantia-1679534689_jpg.rf.b5369a7c8ed8284906548cd2276ef2cd.jpg,Downy Mildew,2,Healthy Leaves,4,False,0.5150024890899658,1.4535193258780055e-05,Powdery Mildew,0.4494684040546417,Esca (Black Measles),0.017879270017147064,HIGH,MISCLASSIFICATION
TRACK_C_REALWORLD,Grape,realworld_grape,VINEYARD_FIELD_PHOTO,D:\CropDiseaseProject\results\model_robustness_audit\audit_images\track_c_realworld\grape\Downy Mildew\gldd_field_septoria-leaf-spota_jpg.rf.c2becf5aa3f448f8b66d0bf7da470932.jpg,Downy Mildew,2,Black Rot,1,False,0.6604501605033875,0.0018375348299741745,Esca (Black Measles),0.16072404384613037,Healthy Leaves,0.10637880116701126,HIGH,MISCLASSIFICATION
TRACK_C_REALWORLD,Grape,realworld_grape,VINEYARD_FIELD_PHOTO,D:\CropDiseaseProject\results\model_robustness_audit\audit_images\track_c_realworld\grape\Downy Mildew\gldd_field_maxresdefault2_jpg.rf.b2f061044a211410e38bcb55efb0f639.jpg,Downy Mildew,2,Bacterial Leaf Spot,0,False,0.9419211149215698,3.666532393253874e-06,Healthy Leaves,0.036829136312007904,Esca (Black Measles),0.020595772191882133,HIGH,MISCLASSIFICATION
TRACK_C_REALWORLD,Grape,realworld_grape,VINEYARD_FIELD_PHOTO,D:\CropDiseaseProject\results\model_robustness_audit\audit_images\track_c_realworld\grape\Downy Mildew\gldd_field_image6_jpeg_jpg.rf.67ddf961cb55923454987bea5c6f4d77.jpg,Downy Mildew,2,Healthy Leaves,4,False,0.5278019309043884,7.687228389841039e-06,Esca (Black Measles),0.3671427071094513,Black Rot,0.07157950848340988,HIGH,MISCLASSIFICATION
TRACK_C_REALWORLD,Grape,realworld_grape,VINEYARD_FIELD_PHOTO,D:\CropDiseaseProject\results\model_robustness_audit\audit_images\track_c_realworld\grape\Downy Mildew\gldd_field_image52_jpeg_jpg.rf.03502a187ccd04c2cf7a9e1c394f0cbc.jpg,Downy Mildew,2,Esca (Black Measles),3,False,0.9315900802612305,0.00047204943257384,Black Rot,0.052659954875707626,Leaf Blight,0.009054933674633503,HIGH,MISCLASSIFICATION
TRACK_C_REALWORLD,Grape,realworld_grape,VINEYARD_FIELD_PHOTO,D:\CropDiseaseProject\results\model_robustness_audit\audit_images\track_c_realworld\grape\Downy Mildew\gldd_field_image14_jpeg_jpg.rf.7d0dabbcda2a7f227e74000d861bc1d0.jpg,Downy Mildew,2,Powdery Mildew,6,False,0.9602044224739075,0.015706777572631836,Healthy Leaves,0.02384987846016884,Downy Mildew,0.015706777572631836,HIGH,MISCLASSIFICATION
TRACK_C_REALWORLD,Grape,realworld_grape,VINEYARD_FIELD_PHOTO,D:\CropDiseaseProject\results\model_robustness_audit\audit_images\track_c_realworld\grape\Downy Mildew\gldd_field_depositphotos_309040322-stock-photo-leaf-bottle-gourd-infected-cercospora1_jpg.rf.e43fc931c226a1620cd6999173c5dffc.jpg,Downy Mildew,2,Black Rot,1,False,0.9379409551620483,0.00044155382784083486,Esca (Black Measles),0.054692719131708145,Powdery Mildew,0.004761301446706057,HIGH,MISCLASSIFICATION
TRACK_C_REALWORLD,Grape,realworld_grape,VINEYARD_FIELD_PHOTO,D:\CropDiseaseProject\results\model_robustness_audit\audit_images\track_c_realworld\grape\Downy Mildew\gldd_field_cucurbit-alternaria-2-cantaloupe-lesion-detail_jpg.rf.947a6f80c39ac500c8af63bd2f60ec24.jpg,Downy Mildew,2,Esca (Black Measles),3,False,0.908154308795929,0.0005031686159782112,Leaf Blight,0.0583786740899086,Healthy Leaves,0.022455405443906784,HIGH,MISCLASSIFICATION
TRACK_C_REALWORLD,Grape,realworld_grape,VINEYARD_FIELD_PHOTO,D:\CropDiseaseProject\results\model_robustness_audit\audit_images\track_c_realworld\grape\Downy Mildew\gldd_field_cercospora23_png_jpg.rf.3c6cfadeeb06b47a1a3916facec76938.jpg,Downy Mildew,2,Esca (Black Measles),3,False,0.49904707074165344,1.134439955308153e-07,Leaf Blight,0.30264535546302795,Healthy Leaves,0.19694191217422485,HIGH,MISCLASSIFICATION
TRACK_C_REALWORLD,Grape,realworld_grape,VINEYARD_FIELD_PHOTO,D:\CropDiseaseProject\results\model_robustness_audit\audit_images\track_c_realworld\grape\Downy Mildew\gldd_field_b6ca3f80-cc10-4d4f-be0d-771deb9a4969-jpeg_jpg.rf.c559b074f99397003e7c0760fda12f3a.jpg,Downy Mildew,2,Esca (Black Measles),3,False,0.4241262376308441,0.000866466318257153,Bacterial Leaf Spot,0.3824712336063385,Healthy Leaves,0.10515914112329483,HIGH,MISCLASSIFICATION
TRACK_C_REALWORLD,Grape,realworld_grape,VINEYARD_FIELD_PHOTO,D:\CropDiseaseProject\results\model_robustness_audit\audit_images\track_c_realworld\grape\Downy Mildew\gldd_field_b6ca3f80-cc10-4d4f-be0d-771deb9a4969-jpeg_jpg.rf.a02f4698c8ba743a2446ca41ee23922c.jpg,Downy Mildew,2,Esca (Black Measles),3,False,0.859613299369812,0.02103431709110737,Bacterial Leaf Spot,0.08290177583694458,Leaf Blight,0.023586120456457138,HIGH,MISCLASSIFICATION
TRACK_C_REALWORLD,Grape,realworld_grape,VINEYARD_FIELD_PHOTO,D:\CropDiseaseProject\results\model_robustness_audit\audit_images\track_c_realworld\grape\Downy Mildew\gldd_field_alternaria_on_canteloupe_gerald_holmes_jpg.rf.bc75b8ee35a59bd5ca0047727aac20b2.jpg,Downy Mildew,2,Black Rot,1,False,0.5509209036827087,0.001028222031891346,Powdery Mildew,0.26880618929862976,Esca (Black Measles),0.16688765585422516,HIGH,MISCLASSIFICATION
TRACK_C_REALWORLD,Grape,realworld_grape,VINEYARD_FIELD_PHOTO,D:\CropDiseaseProject\results\model_robustness_audit\audit_images\track_c_realworld\grape\Downy Mildew\gldd_field_A7D984D8A3D8B9D8B1D8A7D8B6-D988D8B7D8B1D982-D8A7D984D985D983D8A7D981D8ADD8A9_jpg.rf.044ee6ba4863b42e0aca0b95ebf3decd.jpg,Downy Mildew,2,Esca (Black Measles),3,False,0.9256684184074402,0.0007047777180559933,Leaf Blight,0.04825831949710846,Black Rot,0.01853926293551922,HIGH,MISCLASSIFICATION
TRACK_C_REALWORLD,Grape,realworld_grape,VINEYARD_FIELD_PHOTO,D:\CropDiseaseProject\results\model_robustness_audit\audit_images\track_c_realworld\grape\Downy Mildew\gldd_field_9aa08949e52346c781084911048e539c_D8A7D984D8A8D98AD8A7D8B620D8A7D984D8B2D8BAD8A8D98A_jpg.rf.fcf0a9a158f742b6593f58fb8dd7a628.jpg,Downy Mildew,2,Healthy Leaves,4,False,0.5962549448013306,0.29535403847694397,Downy Mildew,0.29535403847694397,Powdery Mildew,0.02984043024480343,HIGH,MISCLASSIFICATION
TRACK_C_REALWORLD,Grape,realworld_grape,VINEYARD_FIELD_PHOTO,D:\CropDiseaseProject\results\model_robustness_audit\audit_images\track_c_realworld\grape\Downy Mildew\gldd_field_9aa08949e52346c781084911048e539c_D8A7D984D8A8D98AD8A7D8B620D8A7D984D8B2D8BAD8A8D98A_jpg.rf.9c1be8e86661788397a7e9ed75b2c685.jpg,Downy Mildew,2,Black Rot,1,False,0.8099054098129272,0.01720019243657589,Healthy Leaves,0.15790894627571106,Downy Mildew,0.01720019243657589,HIGH,MISCLASSIFICATION
TRACK_C_REALWORLD,Grape,realworld_grape,VINEYARD_FIELD_PHOTO,D:\CropDiseaseProject\results\model_robustness_audit\audit_images\track_c_realworld\grape\Downy Mildew\gldd_field_6242739939180544-jpeg_jpg.rf.351d97d0567c529b87c4cd105005fa6f.jpg,Downy Mildew,2,Bacterial Leaf Spot,0,False,0.8737912178039551,0.009536826983094215,Healthy Leaves,0.07706930488348007,Black Rot,0.02716706320643425,HIGH,MISCLASSIFICATION
TRACK_C_REALWORLD,Grape,realworld_grape,VINEYARD_FIELD_PHOTO,D:\CropDiseaseProject\results\model_robustness_audit\audit_images\track_c_realworld\grape\Downy Mildew\gldd_field_6078710516023296-jpeg_jpg.rf.38f8934e55b86085c718d986a2a13305.jpg,Downy Mildew,2,Leaf Blight,5,False,0.693501889705658,0.001468568341806531,Esca (Black Measles),0.2500617206096649,Black Rot,0.04475832358002663,HIGH,MISCLASSIFICATION
TRACK_C_REALWORLD,Grape,realworld_grape,VINEYARD_FIELD_PHOTO,D:\CropDiseaseProject\results\model_robustness_audit\audit_images\track_c_realworld\grape\Downy Mildew\gldd_field_5D983D8A7D981D8ADD8AAD98720-20D8B9D8A7D984D98520D8A7D984D8B2D8B1D8A7D8B9D8A9_jpg.rf.7be61e8e953da9685be74d12132b0ccb.jpg,Downy Mildew,2,Esca (Black Measles),3,False,0.8980890512466431,1.2054942999384366e-05,Leaf Blight,0.06184088811278343,Healthy Leaves,0.029667267575860023,HIGH,MISCLASSIFICATION
TRACK_C_REALWORLD,Grape,realworld_grape,VINEYARD_FIELD_PHOTO,D:\CropDiseaseProject\results\model_robustness_audit\audit_images\track_c_realworld\grape\Downy Mildew\gldd_field_5D983D8A7D981D8ADD8AAD98720-20D8B9D8A7D984D98520D8A7D984D8B2D8B1D8A7D8B9D8A9_jpg.rf.6e3d4e95a6a354a199331303ce1eadeb.jpg,Downy Mildew,2,Healthy Leaves,4,False,0.7041755318641663,3.227992522170098e-07,Esca (Black Measles),0.19357053935527802,Leaf Blight,0.06693762540817261,HIGH,MISCLASSIFICATION
TRACK_C_REALWORLD,Grape,realworld_grape,VINEYARD_FIELD_PHOTO,D:\CropDiseaseProject\results\model_robustness_audit\audit_images\track_c_realworld\grape\Esca (Black Measles)\vineyard_00000041.jpg,Esca (Black Measles),3,Powdery Mildew,6,False,0.8062989115715027,0.004325248301029205,Healthy Leaves,0.18047945201396942,Black Rot,0.004339931532740593,HIGH,MISCLASSIFICATION
TRACK_C_REALWORLD,Grape,realworld_grape,VINEYARD_FIELD_PHOTO,D:\CropDiseaseProject\results\model_robustness_audit\audit_images\track_c_realworld\grape\Esca (Black Measles)\vineyard_00000042.jpg,Esca (Black Measles),3,Powdery Mildew,6,False,0.5139386057853699,0.019011547788977623,Healthy Leaves,0.4667288064956665,Esca (Black Measles),0.019011547788977623,HIGH,MISCLASSIFICATION
TRACK_C_REALWORLD,Grape,realworld_grape,VINEYARD_FIELD_PHOTO,D:\CropDiseaseProject\results\model_robustness_audit\audit_images\track_c_realworld\grape\Esca (Black Measles)\vineyard_00000043.jpg,Esca (Black Measles),3,Healthy Leaves,4,False,0.9382001757621765,0.0009442018927074969,Powdery Mildew,0.04855328053236008,Downy Mildew,0.011187910102307796,HIGH,MISCLASSIFICATION
TRACK_C_REALWORLD,Grape,realworld_grape,VINEYARD_FIELD_PHOTO,D:\CropDiseaseProject\results\model_robustness_audit\audit_images\track_c_realworld\grape\Esca (Black Measles)\vineyard_00000044.jpg,Esca (Black Measles),3,Healthy Leaves,4,False,0.9857147336006165,0.009092246182262897,Esca (Black Measles),0.009092246182262897,Leaf Blight,0.0028982777148485184,HIGH,MISCLASSIFICATION
TRACK_C_REALWORLD,Grape,realworld_grape,VINEYARD_FIELD_PHOTO,D:\CropDiseaseProject\results\model_robustness_audit\audit_images\track_c_realworld\grape\Esca (Black Measles)\vineyard_00000045.jpg,Esca (Black Measles),3,Healthy Leaves,4,False,0.5898872017860413,0.08250370621681213,Powdery Mildew,0.1658323109149933,Leaf Blight,0.15044307708740234,HIGH,MISCLASSIFICATION
TRACK_C_REALWORLD,Grape,realworld_grape,VINEYARD_FIELD_PHOTO,D:\CropDiseaseProject\results\model_robustness_audit\audit_images\track_c_realworld\grape\Esca (Black Measles)\vineyard_00000046.jpg,Esca (Black Measles),3,Healthy Leaves,4,False,0.6389826536178589,0.0009459121502004564,Powdery Mildew,0.2629172205924988,Downy Mildew,0.0930318534374237,HIGH,MISCLASSIFICATION
TRACK_C_REALWORLD,Grape,realworld_grape,VINEYARD_FIELD_PHOTO,D:\CropDiseaseProject\results\model_robustness_audit\audit_images\track_c_realworld\grape\Esca (Black Measles)\vineyard_00000047.jpg,Esca (Black Measles),3,Healthy Leaves,4,False,0.7788127660751343,0.10707785934209824,Esca (Black Measles),0.10707785934209824,Powdery Mildew,0.07623624801635742,HIGH,MISCLASSIFICATION
TRACK_C_REALWORLD,Grape,realworld_grape,VINEYARD_FIELD_PHOTO,D:\CropDiseaseProject\results\model_robustness_audit\audit_images\track_c_realworld\grape\Esca (Black Measles)\vineyard_00000048.jpg,Esca (Black Measles),3,Bacterial Leaf Spot,0,False,0.23472240567207336,0.09412533044815063,Downy Mildew,0.20295919477939606,Powdery Mildew,0.19650165736675262,HIGH,MISCLASSIFICATION
TRACK_C_REALWORLD,Grape,realworld_grape,VINEYARD_FIELD_PHOTO,D:\CropDiseaseProject\results\model_robustness_audit\audit_images\track_c_realworld\grape\Esca (Black Measles)\vineyard_00000049.jpg,Esca (Black Measles),3,Healthy Leaves,4,False,0.6677919626235962,0.0012670077849179506,Powdery Mildew,0.22321709990501404,Downy Mildew,0.1003926545381546,HIGH,MISCLASSIFICATION
TRACK_C_REALWORLD,Grape,realworld_grape,VINEYARD_FIELD_PHOTO,D:\CropDiseaseProject\results\model_robustness_audit\audit_images\track_c_realworld\grape\Esca (Black Measles)\vineyard_00000050.jpg,Esca (Black Measles),3,Healthy Leaves,4,False,0.8096361756324768,0.13074201345443726,Esca (Black Measles),0.13074201345443726,Powdery Mildew,0.05201619118452072,HIGH,MISCLASSIFICATION
TRACK_C_REALWORLD,Grape,realworld_grape,VINEYARD_FIELD_PHOTO,D:\CropDiseaseProject\results\model_robustness_audit\audit_images\track_c_realworld\grape\Esca (Black Measles)\vineyard_00000051.jpg,Esca (Black Measles),3,Healthy Leaves,4,False,0.5182849168777466,0.0056704082526266575,Powdery Mildew,0.2869446873664856,Downy Mildew,0.18631944060325623,HIGH,MISCLASSIFICATION
TRACK_C_REALWORLD,Grape,realworld_grape,VINEYARD_FIELD_PHOTO,D:\CropDiseaseProject\results\model_robustness_audit\audit_images\track_c_realworld\grape\Esca (Black Measles)\vineyard_00000052.jpg,Esca (Black Measles),3,Powdery Mildew,6,False,0.5778472423553467,0.05217176675796509,Healthy Leaves,0.3597727417945862,Esca (Black Measles),0.05217176675796509,HIGH,MISCLASSIFICATION
TRACK_C_REALWORLD,Grape,realworld_grape,VINEYARD_FIELD_PHOTO,D:\CropDiseaseProject\results\model_robustness_audit\audit_images\track_c_realworld\grape\Esca (Black Measles)\vineyard_00000053.jpg,Esca (Black Measles),3,Healthy Leaves,4,False,0.6197752356529236,0.013864893466234207,Downy Mildew,0.3468165993690491,Powdery Mildew,0.01577005535364151,HIGH,MISCLASSIFICATION
TRACK_C_REALWORLD,Grape,realworld_grape,VINEYARD_FIELD_PHOTO,D:\CropDiseaseProject\results\model_robustness_audit\audit_images\track_c_realworld\grape\Esca (Black Measles)\vineyard_00000054.jpg,Esca (Black Measles),3,Downy Mildew,2,False,0.6467050909996033,0.00022140071087051183,Healthy Leaves,0.32060542702674866,Powdery Mildew,0.03178989887237549,HIGH,MISCLASSIFICATION
TRACK_C_REALWORLD,Grape,realworld_grape,VINEYARD_FIELD_PHOTO,D:\CropDiseaseProject\results\model_robustness_audit\audit_images\track_c_realworld\grape\Esca (Black Measles)\vineyard_00000055.jpg,Esca (Black Measles),3,Healthy Leaves,4,False,0.9799861311912537,0.0009463165188208222,Powdery Mildew,0.018799567595124245,Esca (Black Measles),0.0009463165188208222,HIGH,MISCLASSIFICATION
TRACK_C_REALWORLD,Grape,realworld_grape,VINEYARD_FIELD_PHOTO,D:\CropDiseaseProject\results\model_robustness_audit\audit_images\track_c_realworld\grape\Esca (Black Measles)\vineyard_00000056.jpg,Esca (Black Measles),3,Healthy Leaves,4,False,0.893587589263916,0.08813200145959854,Esca (Black Measles),0.08813200145959854,Powdery Mildew,0.017441317439079285,HIGH,MISCLASSIFICATION
TRACK_C_REALWORLD,Grape,realworld_grape,VINEYARD_FIELD_PHOTO,D:\CropDiseaseProject\results\model_robustness_audit\audit_images\track_c_realworld\grape\Esca (Black Measles)\vineyard_00000057.jpg,Esca (Black Measles),3,Healthy Leaves,4,False,0.9643194079399109,0.014983984641730785,Powdery Mildew,0.02004820667207241,Esca (Black Measles),0.014983984641730785,HIGH,MISCLASSIFICATION
TRACK_C_REALWORLD,Grape,realworld_grape,VINEYARD_FIELD_PHOTO,D:\CropDiseaseProject\results\model_robustness_audit\audit_images\track_c_realworld\grape\Esca (Black Measles)\vineyard_00000058.jpg,Esca (Black Measles),3,Healthy Leaves,4,False,0.5312358140945435,0.029175877571105957,Powdery Mildew,0.34188544750213623,Downy Mildew,0.0850452408194542,HIGH,MISCLASSIFICATION
TRACK_C_REALWORLD,Grape,realworld_grape,VINEYARD_FIELD_PHOTO,D:\CropDiseaseProject\results\model_robustness_audit\audit_images\track_c_realworld\grape\Esca (Black Measles)\vineyard_00000059.jpg,Esca (Black Measles),3,Powdery Mildew,6,False,0.9898504018783569,0.00042838105582632124,Healthy Leaves,0.00852260086685419,Downy Mildew,0.0009226182010024786,HIGH,MISCLASSIFICATION
TRACK_C_REALWORLD,Grape,realworld_grape,VINEYARD_FIELD_PHOTO,D:\CropDiseaseProject\results\model_robustness_audit\audit_images\track_c_realworld\grape\Esca (Black Measles)\vineyard_00000060.jpg,Esca (Black Measles),3,Powdery Mildew,6,False,0.7097539305686951,0.01851198635995388,Healthy Leaves,0.24305884540081024,Esca (Black Measles),0.01851198635995388,HIGH,MISCLASSIFICATION
TRACK_C_REALWORLD,Grape,realworld_grape,VINEYARD_FIELD_PHOTO,D:\CropDiseaseProject\results\model_robustness_audit\audit_images\track_c_realworld\grape\Leaf Blight\vineyard_00000041.jpg,Leaf Blight,5,Powdery Mildew,6,False,0.9883031249046326,0.00015431885549332947,Downy Mildew,0.006876643281430006,Healthy Leaves,0.004371066577732563,HIGH,MISCLASSIFICATION
TRACK_C_REALWORLD,Grape,realworld_grape,VINEYARD_FIELD_PHOTO,D:\CropDiseaseProject\results\model_robustness_audit\audit_images\track_c_realworld\grape\Leaf Blight\vineyard_00000042.jpg,Leaf Blight,5,Esca (Black Measles),3,False,0.28843674063682556,0.2792961299419403,Leaf Blight,0.2792961299419403,Powdery Mildew,0.23536722362041473,HIGH,MISCLASSIFICATION
TRACK_C_REALWORLD,Grape,realworld_grape,VINEYARD_FIELD_PHOTO,D:\CropDiseaseProject\results\model_robustness_audit\audit_images\track_c_realworld\grape\Leaf Blight\vineyard_00000043.jpg,Leaf Blight,5,Leaf Blight,5,True,0.5255580544471741,0.5255580544471741,Downy Mildew,0.24562369287014008,Bacterial Leaf Spot,0.09207846224308014,HIGH,CORRECT
TRACK_C_REALWORLD,Grape,realworld_grape,VINEYARD_FIELD_PHOTO,D:\CropDiseaseProject\results\model_robustness_audit\audit_images\track_c_realworld\grape\Leaf Blight\vineyard_00000044.jpg,Leaf Blight,5,Powdery Mildew,6,False,0.5279157161712646,0.010762601159512997,Healthy Leaves,0.3012506365776062,Black Rot,0.0878881961107254,HIGH,MISCLASSIFICATION
TRACK_C_REALWORLD,Grape,realworld_grape,VINEYARD_FIELD_PHOTO,D:\CropDiseaseProject\results\model_robustness_audit\audit_images\track_c_realworld\grape\Leaf Blight\vineyard_00000045.jpg,Leaf Blight,5,Powdery Mildew,6,False,0.7341160774230957,0.04587822034955025,Healthy Leaves,0.10084468871355057,Esca (Black Measles),0.05467984080314636,HIGH,MISCLASSIFICATION
TRACK_C_REALWORLD,Grape,realworld_grape,VINEYARD_FIELD_PHOTO,D:\CropDiseaseProject\results\model_robustness_audit\audit_images\track_c_realworld\grape\Leaf Blight\vineyard_00000046.jpg,Leaf Blight,5,Esca (Black Measles),3,False,0.4202287793159485,0.07536077499389648,Healthy Leaves,0.26826012134552,Downy Mildew,0.12227219343185425,HIGH,MISCLASSIFICATION
TRACK_C_REALWORLD,Grape,realworld_grape,VINEYARD_FIELD_PHOTO,D:\CropDiseaseProject\results\model_robustness_audit\audit_images\track_c_realworld\grape\Leaf Blight\vineyard_00000047.jpg,Leaf Blight,5,Powdery Mildew,6,False,0.998279333114624,2.289147232659161e-06,Downy Mildew,0.0013583279214799404,Healthy Leaves,0.0003451871161814779,HIGH,MISCLASSIFICATION
TRACK_C_REALWORLD,Grape,realworld_grape,VINEYARD_FIELD_PHOTO,D:\CropDiseaseProject\results\model_robustness_audit\audit_images\track_c_realworld\grape\Leaf Blight\vineyard_00000048.jpg,Leaf Blight,5,Powdery Mildew,6,False,0.9912602305412292,0.00023665366461500525,Esca (Black Measles),0.006220784038305283,Downy Mildew,0.0019910919945687056,HIGH,MISCLASSIFICATION
TRACK_C_REALWORLD,Grape,realworld_grape,VINEYARD_FIELD_PHOTO,D:\CropDiseaseProject\results\model_robustness_audit\audit_images\track_c_realworld\grape\Leaf Blight\vineyard_00000049.jpg,Leaf Blight,5,Powdery Mildew,6,False,0.5562741756439209,0.1053493544459343,Black Rot,0.200961172580719,Leaf Blight,0.1053493544459343,HIGH,MISCLASSIFICATION
TRACK_C_REALWORLD,Grape,realworld_grape,VINEYARD_FIELD_PHOTO,D:\CropDiseaseProject\results\model_robustness_audit\audit_images\track_c_realworld\grape\Leaf Blight\vineyard_00000050.jpg,Leaf Blight,5,Powdery Mildew,6,False,0.6872440576553345,0.008725590072572231,Healthy Leaves,0.2449929118156433,Esca (Black Measles),0.03744054585695267,HIGH,MISCLASSIFICATION
TRACK_C_REALWORLD,Grape,realworld_grape,VINEYARD_FIELD_PHOTO,D:\CropDiseaseProject\results\model_robustness_audit\audit_images\track_c_realworld\grape\Leaf Blight\vineyard_00000051.jpg,Leaf Blight,5,Powdery Mildew,6,False,0.8911821842193604,0.0020993524231016636,Healthy Leaves,0.06908079236745834,Downy Mildew,0.03181241825222969,HIGH,MISCLASSIFICATION
TRACK_C_REALWORLD,Grape,realworld_grape,VINEYARD_FIELD_PHOTO,D:\CropDiseaseProject\results\model_robustness_audit\audit_images\track_c_realworld\grape\Leaf Blight\vineyard_00000052.jpg,Leaf Blight,5,Powdery Mildew,6,False,0.9949820637702942,0.00010325515177100897,Healthy Leaves,0.004025935661047697,Esca (Black Measles),0.0004566037096083164,HIGH,MISCLASSIFICATION
TRACK_C_REALWORLD,Grape,realworld_grape,VINEYARD_FIELD_PHOTO,D:\CropDiseaseProject\results\model_robustness_audit\audit_images\track_c_realworld\grape\Leaf Blight\vineyard_00000053.jpg,Leaf Blight,5,Powdery Mildew,6,False,0.9298725128173828,4.268631073500728e-06,Healthy Leaves,0.047638919204473495,Downy Mildew,0.02242010273039341,HIGH,MISCLASSIFICATION
TRACK_C_REALWORLD,Grape,realworld_grape,VINEYARD_FIELD_PHOTO,D:\CropDiseaseProject\results\model_robustness_audit\audit_images\track_c_realworld\grape\Leaf Blight\vineyard_00000054.jpg,Leaf Blight,5,Downy Mildew,2,False,0.5180280804634094,6.887750350870192e-05,Powdery Mildew,0.4752260148525238,Healthy Leaves,0.006281969137489796,HIGH,MISCLASSIFICATION
TRACK_C_REALWORLD,Grape,realworld_grape,VINEYARD_FIELD_PHOTO,D:\CropDiseaseProject\results\model_robustness_audit\audit_images\track_c_realworld\grape\Leaf Blight\vineyard_00000055.jpg,Leaf Blight,5,Powdery Mildew,6,False,0.9426435828208923,1.3778578249912243e-05,Healthy Leaves,0.05592775717377663,Downy Mildew,0.0006701337406411767,HIGH,MISCLASSIFICATION
TRACK_C_REALWORLD,Grape,realworld_grape,VINEYARD_FIELD_PHOTO,D:\CropDiseaseProject\results\model_robustness_audit\audit_images\track_c_realworld\grape\Leaf Blight\vineyard_00000056.jpg,Leaf Blight,5,Powdery Mildew,6,False,0.9959388971328735,0.00012313388288021088,Healthy Leaves,0.0021106929052621126,Bacterial Leaf Spot,0.0010498719057068229,HIGH,MISCLASSIFICATION
TRACK_C_REALWORLD,Grape,realworld_grape,VINEYARD_FIELD_PHOTO,D:\CropDiseaseProject\results\model_robustness_audit\audit_images\track_c_realworld\grape\Leaf Blight\vineyard_00000057.jpg,Leaf Blight,5,Healthy Leaves,4,False,0.5893933773040771,0.025966595858335495,Black Rot,0.2870032787322998,Esca (Black Measles),0.046670205891132355,HIGH,MISCLASSIFICATION
TRACK_C_REALWORLD,Grape,realworld_grape,VINEYARD_FIELD_PHOTO,D:\CropDiseaseProject\results\model_robustness_audit\audit_images\track_c_realworld\grape\Leaf Blight\vineyard_00000058.jpg,Leaf Blight,5,Powdery Mildew,6,False,0.9943453669548035,0.0008736596792005002,Downy Mildew,0.0016454152064397931,Healthy Leaves,0.001404811511747539,HIGH,MISCLASSIFICATION
TRACK_C_REALWORLD,Grape,realworld_grape,VINEYARD_FIELD_PHOTO,D:\CropDiseaseProject\results\model_robustness_audit\audit_images\track_c_realworld\grape\Leaf Blight\vineyard_00000059.jpg,Leaf Blight,5,Powdery Mildew,6,False,0.7863462567329407,0.046702709048986435,Downy Mildew,0.07482853531837463,Black Rot,0.06103676185011864,HIGH,MISCLASSIFICATION
TRACK_C_REALWORLD,Grape,realworld_grape,VINEYARD_FIELD_PHOTO,D:\CropDiseaseProject\results\model_robustness_audit\audit_images\track_c_realworld\grape\Leaf Blight\vineyard_00000060.jpg,Leaf Blight,5,Powdery Mildew,6,False,0.9821972846984863,0.00012846331810578704,Downy Mildew,0.01582985743880272,Healthy Leaves,0.0010541401570662856,HIGH,MISCLASSIFICATION
TRACK_C_REALWORLD,Grape,realworld_grape,VINEYARD_FIELD_PHOTO,D:\CropDiseaseProject\results\model_robustness_audit\audit_images\track_c_realworld\grape\Black Rot\vineyard_00000041.jpg,Black Rot,1,Healthy Leaves,4,False,0.32440611720085144,0.0006118417368270457,Esca (Black Measles),0.32373863458633423,Powdery Mildew,0.3166543245315552,HIGH,MISCLASSIFICATION
TRACK_C_REALWORLD,Grape,realworld_grape,VINEYARD_FIELD_PHOTO,D:\CropDiseaseProject\results\model_robustness_audit\audit_images\track_c_realworld\grape\Black Rot\vineyard_00000042.jpg,Black Rot,1,Powdery Mildew,6,False,0.8985210657119751,0.0012056963751092553,Healthy Leaves,0.0748957172036171,Downy Mildew,0.02484987862408161,HIGH,MISCLASSIFICATION
TRACK_C_REALWORLD,Grape,realworld_grape,VINEYARD_FIELD_PHOTO,D:\CropDiseaseProject\results\model_robustness_audit\audit_images\track_c_realworld\grape\Black Rot\vineyard_00000043.jpg,Black Rot,1,Powdery Mildew,6,False,0.7229601144790649,0.00017401458171661943,Healthy Leaves,0.27525782585144043,Downy Mildew,0.0011674294946715236,HIGH,MISCLASSIFICATION
TRACK_C_REALWORLD,Grape,realworld_grape,VINEYARD_FIELD_PHOTO,D:\CropDiseaseProject\results\model_robustness_audit\audit_images\track_c_realworld\grape\Black Rot\vineyard_00000044.jpg,Black Rot,1,Healthy Leaves,4,False,0.6675736904144287,0.019273148849606514,Downy Mildew,0.15202102065086365,Powdery Mildew,0.14698639512062073,HIGH,MISCLASSIFICATION
TRACK_C_REALWORLD,Grape,realworld_grape,VINEYARD_FIELD_PHOTO,D:\CropDiseaseProject\results\model_robustness_audit\audit_images\track_c_realworld\grape\Black Rot\vineyard_00000045.jpg,Black Rot,1,Healthy Leaves,4,False,0.5874530673027039,0.0001403041824232787,Downy Mildew,0.24788236618041992,Powdery Mildew,0.16178222000598907,HIGH,MISCLASSIFICATION
TRACK_C_REALWORLD,Grape,realworld_grape,VINEYARD_FIELD_PHOTO,D:\CropDiseaseProject\results\model_robustness_audit\audit_images\track_c_realworld\grape\Black Rot\vineyard_00000046.jpg,Black Rot,1,Powdery Mildew,6,False,0.9649417400360107,2.8634438422159292e-05,Healthy Leaves,0.019014189019799232,Downy Mildew,0.01536078006029129,HIGH,MISCLASSIFICATION
TRACK_C_REALWORLD,Grape,realworld_grape,VINEYARD_FIELD_PHOTO,D:\CropDiseaseProject\results\model_robustness_audit\audit_images\track_c_realworld\grape\Black Rot\vineyard_00000047.jpg,Black Rot,1,Healthy Leaves,4,False,0.9419278502464294,0.00023382427752949297,Powdery Mildew,0.050116147845983505,Downy Mildew,0.0072049330919981,HIGH,MISCLASSIFICATION
TRACK_C_REALWORLD,Grape,realworld_grape,VINEYARD_FIELD_PHOTO,D:\CropDiseaseProject\results\model_robustness_audit\audit_images\track_c_realworld\grape\Black Rot\vineyard_00000048.jpg,Black Rot,1,Healthy Leaves,4,False,0.6448671817779541,0.0065765841864049435,Esca (Black Measles),0.1666090041399002,Leaf Blight,0.11557617038488388,HIGH,MISCLASSIFICATION
TRACK_C_REALWORLD,Grape,realworld_grape,VINEYARD_FIELD_PHOTO,D:\CropDiseaseProject\results\model_robustness_audit\audit_images\track_c_realworld\grape\Black Rot\vineyard_00000049.jpg,Black Rot,1,Powdery Mildew,6,False,0.9066655039787292,0.0005346197285689414,Downy Mildew,0.08218641579151154,Healthy Leaves,0.01012282446026802,HIGH,MISCLASSIFICATION
TRACK_C_REALWORLD,Grape,realworld_grape,VINEYARD_FIELD_PHOTO,D:\CropDiseaseProject\results\model_robustness_audit\audit_images\track_c_realworld\grape\Black Rot\vineyard_00000050.jpg,Black Rot,1,Powdery Mildew,6,False,0.6600762605667114,0.0002624426269903779,Healthy Leaves,0.2533590495586395,Downy Mildew,0.08596362173557281,HIGH,MISCLASSIFICATION
TRACK_C_REALWORLD,Grape,realworld_grape,VINEYARD_FIELD_PHOTO,D:\CropDiseaseProject\results\model_robustness_audit\audit_images\track_c_realworld\grape\Black Rot\vineyard_00000051.jpg,Black Rot,1,Healthy Leaves,4,False,0.7196183800697327,0.0006527236546389759,Powdery Mildew,0.27178141474723816,Esca (Black Measles),0.0053674280643463135,HIGH,MISCLASSIFICATION
TRACK_C_REALWORLD,Grape,realworld_grape,VINEYARD_FIELD_PHOTO,D:\CropDiseaseProject\results\model_robustness_audit\audit_images\track_c_realworld\grape\Black Rot\vineyard_00000052.jpg,Black Rot,1,Esca (Black Measles),3,False,0.3771127760410309,0.012360753491520882,Powdery Mildew,0.3768443763256073,Leaf Blight,0.11584628373384476,HIGH,MISCLASSIFICATION
TRACK_C_REALWORLD,Grape,realworld_grape,VINEYARD_FIELD_PHOTO,D:\CropDiseaseProject\results\model_robustness_audit\audit_images\track_c_realworld\grape\Black Rot\vineyard_00000053.jpg,Black Rot,1,Healthy Leaves,4,False,0.98884516954422,0.0001325115154031664,Powdery Mildew,0.010997031815350056,Black Rot,0.0001325115154031664,HIGH,MISCLASSIFICATION
TRACK_C_REALWORLD,Grape,realworld_grape,VINEYARD_FIELD_PHOTO,D:\CropDiseaseProject\results\model_robustness_audit\audit_images\track_c_realworld\grape\Black Rot\vineyard_00000054.jpg,Black Rot,1,Powdery Mildew,6,False,0.8931891322135925,0.0009863839950412512,Downy Mildew,0.06730098277330399,Healthy Leaves,0.03787701576948166,HIGH,MISCLASSIFICATION
TRACK_C_REALWORLD,Grape,realworld_grape,VINEYARD_FIELD_PHOTO,D:\CropDiseaseProject\results\model_robustness_audit\audit_images\track_c_realworld\grape\Black Rot\vineyard_00000055.jpg,Black Rot,1,Powdery Mildew,6,False,0.9797234535217285,4.8689646064303815e-05,Healthy Leaves,0.012197675183415413,Downy Mildew,0.007230768445879221,HIGH,MISCLASSIFICATION
TRACK_C_REALWORLD,Grape,realworld_grape,VINEYARD_FIELD_PHOTO,D:\CropDiseaseProject\results\model_robustness_audit\audit_images\track_c_realworld\grape\Black Rot\vineyard_00000056.jpg,Black Rot,1,Healthy Leaves,4,False,0.7245798110961914,0.0005007649888284504,Esca (Black Measles),0.252029687166214,Leaf Blight,0.01463006529957056,HIGH,MISCLASSIFICATION
TRACK_C_REALWORLD,Grape,realworld_grape,VINEYARD_FIELD_PHOTO,D:\CropDiseaseProject\results\model_robustness_audit\audit_images\track_c_realworld\grape\Black Rot\vineyard_00000057.jpg,Black Rot,1,Powdery Mildew,6,False,0.7930100560188293,0.012506157159805298,Downy Mildew,0.09716708958148956,Healthy Leaves,0.05299782752990723,HIGH,MISCLASSIFICATION
TRACK_C_REALWORLD,Grape,realworld_grape,VINEYARD_FIELD_PHOTO,D:\CropDiseaseProject\results\model_robustness_audit\audit_images\track_c_realworld\grape\Black Rot\vineyard_00000058.jpg,Black Rot,1,Healthy Leaves,4,False,0.6360476613044739,0.0019665744621306658,Powdery Mildew,0.28747278451919556,Downy Mildew,0.0410408154129982,HIGH,MISCLASSIFICATION
TRACK_C_REALWORLD,Grape,realworld_grape,VINEYARD_FIELD_PHOTO,D:\CropDiseaseProject\results\model_robustness_audit\audit_images\track_c_realworld\grape\Black Rot\vineyard_00000059.jpg,Black Rot,1,Powdery Mildew,6,False,0.3566746115684509,0.0033096224069595337,Healthy Leaves,0.25583410263061523,Downy Mildew,0.24843046069145203,HIGH,MISCLASSIFICATION
TRACK_C_REALWORLD,Grape,realworld_grape,VINEYARD_FIELD_PHOTO,D:\CropDiseaseProject\results\model_robustness_audit\audit_images\track_c_realworld\grape\Black Rot\vineyard_00000060.jpg,Black Rot,1,Healthy Leaves,4,False,0.6135837435722351,0.0027417719829827547,Powdery Mildew,0.1601794809103012,Esca (Black Measles),0.09672562777996063,HIGH,MISCLASSIFICATION
TRACK_C_REALWORLD,Sugarcane,realworld_sugarcane,SUGARCANE_FIELD_PHOTO,D:\CropDiseaseProject\results\model_robustness_audit\audit_images\track_c_realworld\sugarcane\Red Rot\sc_field_S_RR-25-_JPG.rf.ff3c77e1661e0db9271eaf6b49c9eab1.jpg,Red Rot,6,Rust (Brown Rust),7,False,0.523591935634613,0.44837266206741333,Red Rot,0.44837266206741333,Brown Spot,0.02728409133851528,HIGH,MISCLASSIFICATION
TRACK_C_REALWORLD,Sugarcane,realworld_sugarcane,SUGARCANE_FIELD_PHOTO,D:\CropDiseaseProject\results\model_robustness_audit\audit_images\track_c_realworld\sugarcane\Red Rot\sc_field_S_RR-26-_JPG.rf.95179375be6727f1482f0e92080f2947.jpg,Red Rot,6,Brown Spot,1,False,0.6187788844108582,0.025685928761959076,Yellow Leaf Disease,0.22949612140655518,Rust (Brown Rust),0.11465929448604584,HIGH,MISCLASSIFICATION
TRACK_C_REALWORLD,Sugarcane,realworld_sugarcane,SUGARCANE_FIELD_PHOTO,D:\CropDiseaseProject\results\model_robustness_audit\audit_images\track_c_realworld\sugarcane\Red Rot\sc_field_S_RR-27-_JPG.rf.d888f54217cf29c0954c48ed436f41b2.jpg,Red Rot,6,Red Rot,6,True,0.9592851400375366,0.9592851400375366,Rust (Brown Rust),0.034320082515478134,Brown Spot,0.003090647514909506,HIGH,CORRECT
TRACK_C_REALWORLD,Sugarcane,realworld_sugarcane,SUGARCANE_FIELD_PHOTO,D:\CropDiseaseProject\results\model_robustness_audit\audit_images\track_c_realworld\sugarcane\Red Rot\sc_field_S_RR-28-_JPG.rf.632323ef19d90c0ce4cafce4fc4ab9f6.jpg,Red Rot,6,Brown Spot,1,False,0.5527963042259216,0.4106161296367645,Red Rot,0.4106161296367645,Rust (Brown Rust),0.03517037257552147,HIGH,MISCLASSIFICATION
TRACK_C_REALWORLD,Sugarcane,realworld_sugarcane,SUGARCANE_FIELD_PHOTO,D:\CropDiseaseProject\results\model_robustness_audit\audit_images\track_c_realworld\sugarcane\Red Rot\sc_field_S_RR-29-_JPG.rf.70d79c3359fb11252d9036dbaf1f5763.jpg,Red Rot,6,Rust (Brown Rust),7,False,0.7045671939849854,0.2538836598396301,Red Rot,0.2538836598396301,Brown Spot,0.041175127029418945,HIGH,MISCLASSIFICATION
TRACK_C_REALWORLD,Sugarcane,realworld_sugarcane,SUGARCANE_FIELD_PHOTO,D:\CropDiseaseProject\results\model_robustness_audit\audit_images\track_c_realworld\sugarcane\Red Rot\sc_field_S_RR-3-_jpg.rf.47fc17505b42693d63a3be9dc2fae376.jpg,Red Rot,6,Brown Spot,1,False,0.5536240339279175,0.2375095933675766,Red Rot,0.2375095933675766,Healthy Leaves,0.1427367925643921,HIGH,MISCLASSIFICATION
TRACK_C_REALWORLD,Sugarcane,realworld_sugarcane,SUGARCANE_FIELD_PHOTO,D:\CropDiseaseProject\results\model_robustness_audit\audit_images\track_c_realworld\sugarcane\Red Rot\sc_field_S_RR-30-_JPG.rf.98e74d42b3081f18ac2ebb86f99e6896.jpg,Red Rot,6,Red Rot,6,True,0.999923825263977,0.999923825263977,Rust (Brown Rust),4.684501254814677e-05,Brown Spot,2.122639307344798e-05,HIGH,CORRECT
TRACK_C_REALWORLD,Sugarcane,realworld_sugarcane,SUGARCANE_FIELD_PHOTO,D:\CropDiseaseProject\results\model_robustness_audit\audit_images\track_c_realworld\sugarcane\Red Rot\sc_field_S_RR-31-_JPG.rf.5cf04f2c845f967cbdc23ed573cc6684.jpg,Red Rot,6,Rust (Brown Rust),7,False,0.7343802452087402,0.23330967128276825,Red Rot,0.23330967128276825,Brown Spot,0.02524755150079727,HIGH,MISCLASSIFICATION
TRACK_C_REALWORLD,Sugarcane,realworld_sugarcane,SUGARCANE_FIELD_PHOTO,D:\CropDiseaseProject\results\model_robustness_audit\audit_images\track_c_realworld\sugarcane\Red Rot\sc_field_S_RR-32-_JPG.rf.5dc9bb476216e6ded70d410f852170fb.jpg,Red Rot,6,Rust (Brown Rust),7,False,0.5236192941665649,0.42557159066200256,Red Rot,0.42557159066200256,Mosaic / Viral Disease,0.0341433510184288,HIGH,MISCLASSIFICATION
TRACK_C_REALWORLD,Sugarcane,realworld_sugarcane,SUGARCANE_FIELD_PHOTO,D:\CropDiseaseProject\results\model_robustness_audit\audit_images\track_c_realworld\sugarcane\Red Rot\sc_field_S_RR-34-_JPG.rf.3aaf5fdbeff2daee217d8670ac90996c.jpg,Red Rot,6,Red Rot,6,True,0.8469589352607727,0.8469589352607727,Brown Spot,0.10306338965892792,Rust (Brown Rust),0.041523199528455734,HIGH,CORRECT
TRACK_C_REALWORLD,Sugarcane,realworld_sugarcane,SUGARCANE_FIELD_PHOTO,D:\CropDiseaseProject\results\model_robustness_audit\audit_images\track_c_realworld\sugarcane\Red Rot\sc_field_S_RR-36-_JPG.rf.3d50019696530a319ebe7602bbed044a.jpg,Red Rot,6,Red Rot,6,True,0.9962300658226013,0.9962300658226013,Healthy Leaves,0.002897484926506877,Rust (Brown Rust),0.000427276361733675,HIGH,CORRECT
TRACK_C_REALWORLD,Sugarcane,realworld_sugarcane,SUGARCANE_FIELD_PHOTO,D:\CropDiseaseProject\results\model_robustness_audit\audit_images\track_c_realworld\sugarcane\Red Rot\sc_field_S_RR-37-_JPG.rf.13faf467ee4290c17064c4edd57f381b.jpg,Red Rot,6,Red Rot,6,True,0.9930770397186279,0.9930770397186279,Rust (Brown Rust),0.003910797648131847,Brown Spot,0.002491691615432501,HIGH,CORRECT
TRACK_C_REALWORLD,Sugarcane,realworld_sugarcane,SUGARCANE_FIELD_PHOTO,D:\CropDiseaseProject\results\model_robustness_audit\audit_images\track_c_realworld\sugarcane\Red Rot\sc_field_S_RR-38-_JPG.rf.985484a69a404d8db669a0ff55773779.jpg,Red Rot,6,Red Rot,6,True,0.9168950915336609,0.9168950915336609,Rust (Brown Rust),0.08190234750509262,Mosaic / Viral Disease,0.0008344969246536493,HIGH,CORRECT
TRACK_C_REALWORLD,Sugarcane,realworld_sugarcane,SUGARCANE_FIELD_PHOTO,D:\CropDiseaseProject\results\model_robustness_audit\audit_images\track_c_realworld\sugarcane\Red Rot\sc_field_S_RR-39-_JPG.rf.0ea06163a455c12a4c0263c3f89684bb.jpg,Red Rot,6,Red Rot,6,True,0.9514068961143494,0.9514068961143494,Rust (Brown Rust),0.02817748673260212,Yellow Leaf Disease,0.014007425867021084,HIGH,CORRECT
TRACK_C_REALWORLD,Sugarcane,realworld_sugarcane,SUGARCANE_FIELD_PHOTO,D:\CropDiseaseProject\results\model_robustness_audit\audit_images\track_c_realworld\sugarcane\Red Rot\sc_field_S_RR-4-_JPG.rf.1e0ed1944525a2640d3bf95143991216.jpg,Red Rot,6,Brown Spot,1,False,0.9439693093299866,0.00475101824849844,Rust (Brown Rust),0.04165319353342056,Banded Chlorosis,0.007129134610295296,HIGH,MISCLASSIFICATION
TRACK_C_REALWORLD,Sugarcane,realworld_sugarcane,SUGARCANE_FIELD_PHOTO,D:\CropDiseaseProject\results\model_robustness_audit\audit_images\track_c_realworld\sugarcane\Red Rot\sc_field_S_RR-40-_JPG.rf.43cb5e65a715ed7f70ea45f9eee6b87a.jpg,Red Rot,6,Rust (Brown Rust),7,False,0.6067919135093689,0.2058081328868866,Red Rot,0.2058081328868866,Brown Spot,0.15675559639930725,HIGH,MISCLASSIFICATION
TRACK_C_REALWORLD,Sugarcane,realworld_sugarcane,SUGARCANE_FIELD_PHOTO,D:\CropDiseaseProject\results\model_robustness_audit\audit_images\track_c_realworld\sugarcane\Red Rot\sc_field_S_RR-43-_JPG.rf.088780f315b8ad51f74491574bf5226f.jpg,Red Rot,6,Red Rot,6,True,0.8027731776237488,0.8027731776237488,Mosaic / Viral Disease,0.17329835891723633,Healthy Leaves,0.019297346472740173,HIGH,CORRECT
TRACK_C_REALWORLD,Sugarcane,realworld_sugarcane,SUGARCANE_FIELD_PHOTO,D:\CropDiseaseProject\results\model_robustness_audit\audit_images\track_c_realworld\sugarcane\Red Rot\sc_field_S_RR-44-_JPG.rf.44fd9e8897318b19d74af12b27c6f8c3.jpg,Red Rot,6,Rust (Brown Rust),7,False,0.9198079705238342,0.0049780686385929585,Brown Spot,0.05644087493419647,Yellow Leaf Disease,0.017939865589141846,HIGH,MISCLASSIFICATION
TRACK_C_REALWORLD,Sugarcane,realworld_sugarcane,SUGARCANE_FIELD_PHOTO,D:\CropDiseaseProject\results\model_robustness_audit\audit_images\track_c_realworld\sugarcane\Red Rot\sc_field_S_RR-45-_JPG.rf.a81b18e94300acad0f9f923dde7c3a4b.jpg,Red Rot,6,Rust (Brown Rust),7,False,0.5882200598716736,0.099427230656147,Brown Spot,0.19556762278079987,Red Rot,0.099427230656147,HIGH,MISCLASSIFICATION
TRACK_C_REALWORLD,Sugarcane,realworld_sugarcane,SUGARCANE_FIELD_PHOTO,D:\CropDiseaseProject\results\model_robustness_audit\audit_images\track_c_realworld\sugarcane\Red Rot\sc_field_S_RR-46-_JPG.rf.391d5d9f60edc995515174f44bec8186.jpg,Red Rot,6,Red Rot,6,True,0.8704068660736084,0.8704068660736084,Brown Spot,0.11928065121173859,Mosaic / Viral Disease,0.004461406730115414,HIGH,CORRECT
TRACK_C_REALWORLD,Sugarcane,realworld_sugarcane,SUGARCANE_FIELD_PHOTO,D:\CropDiseaseProject\results\model_robustness_audit\audit_images\track_c_realworld\sugarcane\Healthy Leaves\sc_field_S_H-26-_jpg.rf.e4a140ed8c79336012f9fd8305d22fb9.jpg,Healthy Leaves,3,Healthy Leaves,3,True,0.7003712058067322,0.7003712058067322,Mosaic / Viral Disease,0.11493101716041565,Rust (Brown Rust),0.10961994528770447,HIGH,CORRECT
TRACK_C_REALWORLD,Sugarcane,realworld_sugarcane,SUGARCANE_FIELD_PHOTO,D:\CropDiseaseProject\results\model_robustness_audit\audit_images\track_c_realworld\sugarcane\Healthy Leaves\sc_field_S_H-27-_jpg.rf.b835a785a4ee336b79e8b7ae9a27445f.jpg,Healthy Leaves,3,Pokkah Boeng,5,False,0.8829976916313171,0.003382923314347863,Brown Spot,0.0298942681401968,Rust (Brown Rust),0.027697712182998657,HIGH,MISCLASSIFICATION
TRACK_C_REALWORLD,Sugarcane,realworld_sugarcane,SUGARCANE_FIELD_PHOTO,D:\CropDiseaseProject\results\model_robustness_audit\audit_images\track_c_realworld\sugarcane\Healthy Leaves\sc_field_S_H-28-_jpg.rf.c75a09eb8309e56f29fbcd72de21b3a4.jpg,Healthy Leaves,3,Rust (Brown Rust),7,False,0.5616368055343628,0.06296960264444351,Pokkah Boeng,0.19936902821063995,Brown Spot,0.09841074794530869,HIGH,MISCLASSIFICATION
TRACK_C_REALWORLD,Sugarcane,realworld_sugarcane,SUGARCANE_FIELD_PHOTO,D:\CropDiseaseProject\results\model_robustness_audit\audit_images\track_c_realworld\sugarcane\Healthy Leaves\sc_field_S_H-29-_jpg.rf.59a48f7060f1369d7cb39a3bf045ecb6.jpg,Healthy Leaves,3,Mosaic / Viral Disease,4,False,0.9251896142959595,0.0405585803091526,Healthy Leaves,0.0405585803091526,Red Rot,0.01813674159348011,HIGH,MISCLASSIFICATION
TRACK_C_REALWORLD,Sugarcane,realworld_sugarcane,SUGARCANE_FIELD_PHOTO,D:\CropDiseaseProject\results\model_robustness_audit\audit_images\track_c_realworld\sugarcane\Healthy Leaves\sc_field_S_H-3-_jpg.rf.e7b97170effc9e607e1dd489cb686ef5.jpg,Healthy Leaves,3,Brown Spot,1,False,0.5185402035713196,0.12910421192646027,Healthy Leaves,0.12910421192646027,Mosaic / Viral Disease,0.10573499649763107,HIGH,MISCLASSIFICATION
TRACK_C_REALWORLD,Sugarcane,realworld_sugarcane,SUGARCANE_FIELD_PHOTO,D:\CropDiseaseProject\results\model_robustness_audit\audit_images\track_c_realworld\sugarcane\Healthy Leaves\sc_field_S_H-31-_jpg.rf.20bf4faac53c24b02c53e29be7b8b460.jpg,Healthy Leaves,3,Healthy Leaves,3,True,0.9532262086868286,0.9532262086868286,Mosaic / Viral Disease,0.022719206288456917,Red Rot,0.017251906916499138,HIGH,CORRECT
TRACK_C_REALWORLD,Sugarcane,realworld_sugarcane,SUGARCANE_FIELD_PHOTO,D:\CropDiseaseProject\results\model_robustness_audit\audit_images\track_c_realworld\sugarcane\Healthy Leaves\sc_field_S_H-32-_jpg.rf.ae26a204e4ec6466b8a0e22ae7be8a67.jpg,Healthy Leaves,3,Mosaic / Viral Disease,4,False,0.9908279180526733,0.007790280506014824,Healthy Leaves,0.007790280506014824,Yellow Leaf Disease,0.0006196608883328736,HIGH,MISCLASSIFICATION
TRACK_C_REALWORLD,Sugarcane,realworld_sugarcane,SUGARCANE_FIELD_PHOTO,D:\CropDiseaseProject\results\model_robustness_audit\audit_images\track_c_realworld\sugarcane\Healthy Leaves\sc_field_S_H-33-_jpg.rf.d68622bd56566a1b4681d14df266632f.jpg,Healthy Leaves,3,Healthy Leaves,3,True,0.8732843399047852,0.8732843399047852,Pokkah Boeng,0.09581620991230011,Mosaic / Viral Disease,0.02407635934650898,HIGH,CORRECT
TRACK_C_REALWORLD,Sugarcane,realworld_sugarcane,SUGARCANE_FIELD_PHOTO,D:\CropDiseaseProject\results\model_robustness_audit\audit_images\track_c_realworld\sugarcane\Healthy Leaves\sc_field_S_H-34-_jpg.rf.aefd3e450b0914dd837ebba39dd2fb37.jpg,Healthy Leaves,3,Brown Spot,1,False,0.9923345446586609,0.005288474727421999,Healthy Leaves,0.005288474727421999,Pokkah Boeng,0.0019228624878451228,HIGH,MISCLASSIFICATION
TRACK_C_REALWORLD,Sugarcane,realworld_sugarcane,SUGARCANE_FIELD_PHOTO,D:\CropDiseaseProject\results\model_robustness_audit\audit_images\track_c_realworld\sugarcane\Healthy Leaves\sc_field_S_H-35-_jpg.rf.29b591fe6dc7e9e8e048a0f9aa6f4245.jpg,Healthy Leaves,3,Brown Spot,1,False,0.538558840751648,0.2925305962562561,Healthy Leaves,0.2925305962562561,Mosaic / Viral Disease,0.09927070140838623,HIGH,MISCLASSIFICATION
TRACK_C_REALWORLD,Sugarcane,realworld_sugarcane,SUGARCANE_FIELD_PHOTO,D:\CropDiseaseProject\results\model_robustness_audit\audit_images\track_c_realworld\sugarcane\Healthy Leaves\sc_field_S_H-36-_jpg.rf.bbf70e7718ae75ec64789f5e41660276.jpg,Healthy Leaves,3,Mosaic / Viral Disease,4,False,0.4387490451335907,0.09378725290298462,Yellow Leaf Disease,0.22464163601398468,Red Rot,0.13363532721996307,HIGH,MISCLASSIFICATION
TRACK_C_REALWORLD,Sugarcane,realworld_sugarcane,SUGARCANE_FIELD_PHOTO,D:\CropDiseaseProject\results\model_robustness_audit\audit_images\track_c_realworld\sugarcane\Healthy Leaves\sc_field_S_H-37-_jpg.rf.f5f0c9853892f84c93ec1269c3449eab.jpg,Healthy Leaves,3,Brown Spot,1,False,0.806688129901886,0.10913485288619995,Healthy Leaves,0.10913485288619995,Rust (Brown Rust),0.05254566669464111,HIGH,MISCLASSIFICATION
TRACK_C_REALWORLD,Sugarcane,realworld_sugarcane,SUGARCANE_FIELD_PHOTO,D:\CropDiseaseProject\results\model_robustness_audit\audit_images\track_c_realworld\sugarcane\Healthy Leaves\sc_field_S_H-38-_jpg.rf.2af1084e72911ff3b0b8d131f16b6a53.jpg,Healthy Leaves,3,Mosaic / Viral Disease,4,False,0.5670411586761475,0.2696627378463745,Healthy Leaves,0.2696627378463745,Yellow Leaf Disease,0.13844254612922668,HIGH,MISCLASSIFICATION
TRACK_C_REALWORLD,Sugarcane,realworld_sugarcane,SUGARCANE_FIELD_PHOTO,D:\CropDiseaseProject\results\model_robustness_audit\audit_images\track_c_realworld\sugarcane\Healthy Leaves\sc_field_S_H-39-_jpg.rf.7841053fd044207aa00da57b4ed07f27.jpg,Healthy Leaves,3,Mosaic / Viral Disease,4,False,0.6525227427482605,0.21940645575523376,Healthy Leaves,0.21940645575523376,Rust (Brown Rust),0.07270941883325577,HIGH,MISCLASSIFICATION
TRACK_C_REALWORLD,Sugarcane,realworld_sugarcane,SUGARCANE_FIELD_PHOTO,D:\CropDiseaseProject\results\model_robustness_audit\audit_images\track_c_realworld\sugarcane\Healthy Leaves\sc_field_S_H-40-_jpg.rf.f0706f786c98825a0afef651a00c81ad.jpg,Healthy Leaves,3,Brown Spot,1,False,0.4401562213897705,5.906888691242784e-05,Rust (Brown Rust),0.263353168964386,Yellow Leaf Disease,0.21662169694900513,HIGH,MISCLASSIFICATION
TRACK_C_REALWORLD,Sugarcane,realworld_sugarcane,SUGARCANE_FIELD_PHOTO,D:\CropDiseaseProject\results\model_robustness_audit\audit_images\track_c_realworld\sugarcane\Healthy Leaves\sc_field_S_H-42-_jpg.rf.e9d5e7b001631c7af5f133fb291b20d3.jpg,Healthy Leaves,3,Pokkah Boeng,5,False,0.39055368304252625,0.3814086318016052,Healthy Leaves,0.3814086318016052,Brown Spot,0.16236664354801178,HIGH,MISCLASSIFICATION
TRACK_C_REALWORLD,Sugarcane,realworld_sugarcane,SUGARCANE_FIELD_PHOTO,D:\CropDiseaseProject\results\model_robustness_audit\audit_images\track_c_realworld\sugarcane\Healthy Leaves\sc_field_S_H-43-_jpg.rf.7b4e83b9d34fad493807b025e2e2533e.jpg,Healthy Leaves,3,Mosaic / Viral Disease,4,False,0.9006052017211914,0.0449235625565052,Healthy Leaves,0.0449235625565052,Red Rot,0.020360523834824562,HIGH,MISCLASSIFICATION
TRACK_C_REALWORLD,Sugarcane,realworld_sugarcane,SUGARCANE_FIELD_PHOTO,D:\CropDiseaseProject\results\model_robustness_audit\audit_images\track_c_realworld\sugarcane\Healthy Leaves\sc_field_S_H-45-_jpg.rf.fad584122872ae61c5391b904e29e39c.jpg,Healthy Leaves,3,Brown Spot,1,False,0.8973305225372314,0.0645926371216774,Healthy Leaves,0.0645926371216774,Banded Chlorosis,0.027162089943885803,HIGH,MISCLASSIFICATION
TRACK_C_REALWORLD,Sugarcane,realworld_sugarcane,SUGARCANE_FIELD_PHOTO,D:\CropDiseaseProject\results\model_robustness_audit\audit_images\track_c_realworld\sugarcane\Healthy Leaves\sc_field_S_H-48-_jpg.rf.bacae9bb297817222b63188d5cb4aca8.jpg,Healthy Leaves,3,Brown Spot,1,False,0.7382614016532898,0.05018026381731033,Pokkah Boeng,0.1650407910346985,Healthy Leaves,0.05018026381731033,HIGH,MISCLASSIFICATION
TRACK_C_REALWORLD,Sugarcane,realworld_sugarcane,SUGARCANE_FIELD_PHOTO,D:\CropDiseaseProject\results\model_robustness_audit\audit_images\track_c_realworld\sugarcane\Healthy Leaves\sc_field_S_H-49-_jpg.rf.02325bc23aff4c35ae1d3860b2807a7b.jpg,Healthy Leaves,3,Red Rot,6,False,0.41858887672424316,0.15879926085472107,Rust (Brown Rust),0.2698759138584137,Healthy Leaves,0.15879926085472107,HIGH,MISCLASSIFICATION
TRACK_C_REALWORLD,Tomato,realworld_tomato,INTERNET_PLANTDOC_TEST,D:\CropDiseaseProject\results\model_robustness_audit\audit_images\track_c_realworld\tomato\Tomato___Bacterial_spot\pd_real__2320_Bacterial_Spot_and_Speck.jpg,Tomato___Bacterial_spot,0,Tomato___Early_blight,1,False,0.8836769461631775,8.082263775577303e-06,Tomato___Late_blight,0.11549559235572815,Tomato___Tomato_Yellow_Leaf_Curl_Virus,0.0008122673607431352,HIGH,MISCLASSIFICATION
TRACK_C_REALWORLD,Tomato,realworld_tomato,INTERNET_PLANTDOC_TEST,D:\CropDiseaseProject\results\model_robustness_audit\audit_images\track_c_realworld\tomato\Tomato___Bacterial_spot\pd_real_07.17.18-Common_Tomato_Diseases_Canker-258x300.jpg,Tomato___Bacterial_spot,0,Tomato___Late_blight,2,False,0.6917969584465027,0.0006079269805923104,Tomato___Early_blight,0.3029372990131378,Tomato___Tomato_Yellow_Leaf_Curl_Virus,0.004564862232655287,HIGH,MISCLASSIFICATION
TRACK_C_REALWORLD,Tomato,realworld_tomato,INTERNET_PLANTDOC_TEST,D:\CropDiseaseProject\results\model_robustness_audit\audit_images\track_c_realworld\tomato\Tomato___Bacterial_spot\pd_real_Bacterial_spots563.jpg,Tomato___Bacterial_spot,0,Tomato___Late_blight,2,False,0.699089527130127,0.007439537905156612,Tomato___Early_blight,0.25831469893455505,Tomato___Septoria_leaf_spot,0.019811492413282394,HIGH,MISCLASSIFICATION
TRACK_C_REALWORLD,Tomato,realworld_tomato,INTERNET_PLANTDOC_TEST,D:\CropDiseaseProject\results\model_robustness_audit\audit_images\track_c_realworld\tomato\Tomato___Bacterial_spot\pd_real_Tom_Bact3.jpg,Tomato___Bacterial_spot,0,Tomato___Late_blight,2,False,0.9980644583702087,0.0002799986978061497,Tomato___Early_blight,0.0008947887690737844,Tomato___Tomato_Yellow_Leaf_Curl_Virus,0.000636021897662431,HIGH,MISCLASSIFICATION
TRACK_C_REALWORLD,Tomato,realworld_tomato,INTERNET_PLANTDOC_TEST,D:\CropDiseaseProject\results\model_robustness_audit\audit_images\track_c_realworld\tomato\Tomato___Bacterial_spot\pd_real_Tom_Bact7.jpg,Tomato___Bacterial_spot,0,Tomato___Early_blight,1,False,0.5437081456184387,3.238982799302903e-06,Tomato___Late_blight,0.371334969997406,Tomato___Tomato_Yellow_Leaf_Curl_Virus,0.08332056552171707,HIGH,MISCLASSIFICATION
TRACK_C_REALWORLD,Tomato,realworld_tomato,INTERNET_PLANTDOC_TEST,D:\CropDiseaseProject\results\model_robustness_audit\audit_images\track_c_realworld\tomato\Tomato___Bacterial_spot\pd_real_Tomato_2BBacterial_2BSpot_2Bon_2BLeaves.jpg,Tomato___Bacterial_spot,0,Tomato___Early_blight,1,False,0.9999111890792847,5.6540934565418866e-06,Tomato___Late_blight,7.433188875438645e-05,Tomato___Tomato_Yellow_Leaf_Curl_Virus,7.935277608339675e-06,HIGH,MISCLASSIFICATION
TRACK_C_REALWORLD,Tomato,realworld_tomato,INTERNET_PLANTDOC_TEST,D:\CropDiseaseProject\results\model_robustness_audit\audit_images\track_c_realworld\tomato\Tomato___Bacterial_spot\pd_real_bact-spot-fig-1.jpg,Tomato___Bacterial_spot,0,Tomato___Tomato_Yellow_Leaf_Curl_Virus,7,False,0.9318059086799622,0.0001511099108029157,Tomato___Early_blight,0.06235671415925026,Tomato___Leaf_Mold,0.0032678593415766954,HIGH,MISCLASSIFICATION
TRACK_C_REALWORLD,Tomato,realworld_tomato,INTERNET_PLANTDOC_TEST,D:\CropDiseaseProject\results\model_robustness_audit\audit_images\track_c_realworld\tomato\Tomato___Bacterial_spot\pd_real_tomato_V8.jpg,Tomato___Bacterial_spot,0,Tomato___Bacterial_spot,0,True,0.8258554935455322,0.8258554935455322,Tomato___Late_blight,0.1562163084745407,Tomato___Target_Spot,0.009099279530346394,HIGH,CORRECT
TRACK_C_REALWORLD,Tomato,realworld_tomato,INTERNET_PLANTDOC_TEST,D:\CropDiseaseProject\results\model_robustness_audit\audit_images\track_c_realworld\tomato\Tomato___Bacterial_spot\pd_real_tomato_bacterial-speck_01_zoom.jpg,Tomato___Bacterial_spot,0,Tomato___Early_blight,1,False,0.9896082282066345,0.0051211887039244175,Tomato___Bacterial_spot,0.0051211887039244175,Tomato___Septoria_leaf_spot,0.004903812427073717,HIGH,MISCLASSIFICATION
TRACK_C_REALWORLD,Tomato,realworld_tomato,INTERNET_PLANTDOC_TEST,D:\CropDiseaseProject\results\model_robustness_audit\audit_images\track_c_realworld\tomato\Tomato___Early_blight\pd_real_039b47d574bc4bb8a14259a1cd96a741.jpg,Tomato___Early_blight,1,Tomato___Early_blight,1,True,0.999962568283081,0.999962568283081,Tomato___Late_blight,3.55290285369847e-05,Tomato___Tomato_Yellow_Leaf_Curl_Virus,1.0492796036487562e-06,HIGH,CORRECT
TRACK_C_REALWORLD,Tomato,realworld_tomato,INTERNET_PLANTDOC_TEST,D:\CropDiseaseProject\results\model_robustness_audit\audit_images\track_c_realworld\tomato\Tomato___Early_blight\pd_real_100983448.jpg,Tomato___Early_blight,1,Tomato___Early_blight,1,True,0.986315131187439,0.986315131187439,Tomato___Late_blight,0.013683171942830086,Tomato___Leaf_Mold,1.4673237274109852e-06,HIGH,CORRECT
TRACK_C_REALWORLD,Tomato,realworld_tomato,INTERNET_PLANTDOC_TEST,D:\CropDiseaseProject\results\model_robustness_audit\audit_images\track_c_realworld\tomato\Tomato___Early_blight\pd_real_1234080-Early-Blight.jpg,Tomato___Early_blight,1,Tomato___Late_blight,2,False,0.9875810146331787,0.009688845835626125,Tomato___Early_blight,0.009688845835626125,Tomato___Septoria_leaf_spot,0.002570963930338621,HIGH,MISCLASSIFICATION
TRACK_C_REALWORLD,Tomato,realworld_tomato,INTERNET_PLANTDOC_TEST,D:\CropDiseaseProject\results\model_robustness_audit\audit_images\track_c_realworld\tomato\Tomato___Early_blight\pd_real_Shoemaker_7068.JPG.jpg,Tomato___Early_blight,1,Tomato___Late_blight,2,False,0.8935626745223999,0.10622968524694443,Tomato___Early_blight,0.10622968524694443,Tomato___Bacterial_spot,0.00018096064741257578,HIGH,MISCLASSIFICATION
TRACK_C_REALWORLD,Tomato,realworld_tomato,INTERNET_PLANTDOC_TEST,D:\CropDiseaseProject\results\model_robustness_audit\audit_images\track_c_realworld\tomato\Tomato___Early_blight\pd_real_bugs-and-blight-061.jpg,Tomato___Early_blight,1,Tomato___Late_blight,2,False,0.6539427042007446,0.0005494863726198673,Tomato___healthy,0.34526050090789795,Tomato___Early_blight,0.0005494863726198673,HIGH,MISCLASSIFICATION
TRACK_C_REALWORLD,Tomato,realworld_tomato,INTERNET_PLANTDOC_TEST,D:\CropDiseaseProject\results\model_robustness_audit\audit_images\track_c_realworld\tomato\Tomato___Early_blight\pd_real_early_blight1-150x150.jpg,Tomato___Early_blight,1,Tomato___Early_blight,1,True,0.9999997615814209,0.9999997615814209,Tomato___Bacterial_spot,2.126814422354073e-07,Tomato___Leaf_Mold,1.8320191585985413e-08,HIGH,CORRECT
TRACK_C_REALWORLD,Tomato,realworld_tomato,INTERNET_PLANTDOC_TEST,D:\CropDiseaseProject\results\model_robustness_audit\audit_images\track_c_realworld\tomato\Tomato___Early_blight\pd_real_earlyblight21_.jpg,Tomato___Early_blight,1,Tomato___Late_blight,2,False,0.6835296154022217,0.31459739804267883,Tomato___Early_blight,0.31459739804267883,Tomato___Bacterial_spot,0.0011491049081087112,HIGH,MISCLASSIFICATION
TRACK_C_REALWORLD,Tomato,realworld_tomato,INTERNET_PLANTDOC_TEST,D:\CropDiseaseProject\results\model_robustness_audit\audit_images\track_c_realworld\tomato\Tomato___Early_blight\pd_real_tomato_early-blight_01_zoom.jpg,Tomato___Early_blight,1,Tomato___Early_blight,1,True,0.999135434627533,0.999135434627533,Tomato___Late_blight,0.0008625821792520583,Tomato___Bacterial_spot,9.213142107000749e-07,HIGH,CORRECT
TRACK_C_REALWORLD,Tomato,realworld_tomato,INTERNET_PLANTDOC_TEST,D:\CropDiseaseProject\results\model_robustness_audit\audit_images\track_c_realworld\tomato\Tomato___Late_blight\pd_real_110822-206-Tomato-blight.jpg,Tomato___Late_blight,2,Tomato___Late_blight,2,True,0.8477420806884766,0.8477420806884766,Tomato___Early_blight,0.15050867199897766,Tomato___Septoria_leaf_spot,0.0016212385380640626,HIGH,CORRECT
TRACK_C_REALWORLD,Tomato,realworld_tomato,INTERNET_PLANTDOC_TEST,D:\CropDiseaseProject\results\model_robustness_audit\audit_images\track_c_realworld\tomato\Tomato___Late_blight\pd_real_18c.jpg,Tomato___Late_blight,2,Tomato___Late_blight,2,True,0.9935644268989563,0.9935644268989563,Tomato___Early_blight,0.00643317773938179,Tomato___Bacterial_spot,8.468389296467649e-07,HIGH,CORRECT
TRACK_C_REALWORLD,Tomato,realworld_tomato,INTERNET_PLANTDOC_TEST,D:\CropDiseaseProject\results\model_robustness_audit\audit_images\track_c_realworld\tomato\Tomato___Late_blight\pd_real_636368370164094909-late-blight-15-.jpg,Tomato___Late_blight,2,Tomato___Late_blight,2,True,0.9962869882583618,0.9962869882583618,Tomato___Early_blight,0.0037040933966636658,Tomato___Tomato_Yellow_Leaf_Curl_Virus,6.497690264950506e-06,HIGH,CORRECT
TRACK_C_REALWORLD,Tomato,realworld_tomato,INTERNET_PLANTDOC_TEST,D:\CropDiseaseProject\results\model_robustness_audit\audit_images\track_c_realworld\tomato\Tomato___Late_blight\pd_real_70.jpg,Tomato___Late_blight,2,Tomato___Early_blight,1,False,0.960793673992157,0.03739846870303154,Tomato___Late_blight,0.03739846870303154,Tomato___Bacterial_spot,0.0014574495144188404,HIGH,MISCLASSIFICATION
TRACK_C_REALWORLD,Tomato,realworld_tomato,INTERNET_PLANTDOC_TEST,D:\CropDiseaseProject\results\model_robustness_audit\audit_images\track_c_realworld\tomato\Tomato___Late_blight\pd_real_E_29Tomato-late-blight-foliar.jpg,Tomato___Late_blight,2,Tomato___Late_blight,2,True,0.808401346206665,0.808401346206665,Tomato___Early_blight,0.15844909846782684,Tomato___Leaf_Mold,0.018174907192587852,HIGH,CORRECT
TRACK_C_REALWORLD,Tomato,realworld_tomato,INTERNET_PLANTDOC_TEST,D:\CropDiseaseProject\results\model_robustness_audit\audit_images\track_c_realworld\tomato\Tomato___Late_blight\pd_real_IMG_5808.jpg,Tomato___Late_blight,2,Tomato___Late_blight,2,True,0.9982479810714722,0.9982479810714722,Tomato___Tomato_Yellow_Leaf_Curl_Virus,0.0016001032199710608,Tomato___Early_blight,0.00013637795927934349,HIGH,CORRECT
TRACK_C_REALWORLD,Tomato,realworld_tomato,INTERNET_PLANTDOC_TEST,D:\CropDiseaseProject\results\model_robustness_audit\audit_images\track_c_realworld\tomato\Tomato___Late_blight\pd_real_LateBlt09_06.jpg,Tomato___Late_blight,2,Tomato___Early_blight,1,False,0.5890902876853943,0.410896897315979,Tomato___Late_blight,0.410896897315979,Tomato___Leaf_Mold,1.2462498489185236e-05,HIGH,MISCLASSIFICATION
TRACK_C_REALWORLD,Tomato,realworld_tomato,INTERNET_PLANTDOC_TEST,D:\CropDiseaseProject\results\model_robustness_audit\audit_images\track_c_realworld\tomato\Tomato___Late_blight\pd_real_dsc_8148cs.jpg,Tomato___Late_blight,2,Tomato___Late_blight,2,True,0.707002580165863,0.707002580165863,Tomato___Early_blight,0.2929917275905609,Tomato___Leaf_Mold,2.6697521207097452e-06,HIGH,CORRECT
TRACK_C_REALWORLD,Tomato,realworld_tomato,INTERNET_PLANTDOC_TEST,D:\CropDiseaseProject\results\model_robustness_audit\audit_images\track_c_realworld\tomato\Tomato___Late_blight\pd_real_image.jpg,Tomato___Late_blight,2,Tomato___Late_blight,2,True,0.7091732621192932,0.7091732621192932,Tomato___Early_blight,0.28391191363334656,Tomato___Septoria_leaf_spot,0.003984387032687664,HIGH,CORRECT
TRACK_C_REALWORLD,Tomato,realworld_tomato,INTERNET_PLANTDOC_TEST,D:\CropDiseaseProject\results\model_robustness_audit\audit_images\track_c_realworld\tomato\Tomato___Late_blight\pd_real_late_blight_tomato_leaf_spore1x1200.jpg,Tomato___Late_blight,2,Tomato___Late_blight,2,True,0.9995765089988708,0.9995765089988708,Tomato___Bacterial_spot,0.00025110901333391666,Tomato___Early_blight,0.0001653887884458527,HIGH,CORRECT
TRACK_C_REALWORLD,Tomato,realworld_tomato,INTERNET_PLANTDOC_TEST,D:\CropDiseaseProject\results\model_robustness_audit\audit_images\track_c_realworld\tomato\Tomato___Leaf_Mold\pd_real_49_20Leafmold_20Bottom.jpg,Tomato___Leaf_Mold,3,Tomato___Late_blight,2,False,0.4871039390563965,0.000781905953772366,Tomato___Early_blight,0.19321070611476898,Tomato___Target_Spot,0.1534990668296814,MEDIUM,MISCLASSIFICATION
TRACK_C_REALWORLD,Tomato,realworld_tomato,INTERNET_PLANTDOC_TEST,D:\CropDiseaseProject\results\model_robustness_audit\audit_images\track_c_realworld\tomato\Tomato___Leaf_Mold\pd_real_50_20Leafmold_20Top.jpg,Tomato___Leaf_Mold,3,Tomato___Early_blight,1,False,0.7722141146659851,0.0012221538927406073,Tomato___Late_blight,0.10498890280723572,Tomato___Bacterial_spot,0.04601313918828964,MEDIUM,MISCLASSIFICATION
TRACK_C_REALWORLD,Tomato,realworld_tomato,INTERNET_PLANTDOC_TEST,D:\CropDiseaseProject\results\model_robustness_audit\audit_images\track_c_realworld\tomato\Tomato___Leaf_Mold\pd_real_BIGSD.jpg,Tomato___Leaf_Mold,3,Tomato___Early_blight,1,False,0.9997125267982483,1.4897681467118673e-05,Tomato___Target_Spot,0.0001631765771890059,Tomato___Late_blight,9.121969196712598e-05,MEDIUM,MISCLASSIFICATION
TRACK_C_REALWORLD,Tomato,realworld_tomato,INTERNET_PLANTDOC_TEST,D:\CropDiseaseProject\results\model_robustness_audit\audit_images\track_c_realworld\tomato\Tomato___Leaf_Mold\pd_real_black_leaf_mold_in_zina_tina.jpg,Tomato___Leaf_Mold,3,Tomato___Late_blight,2,False,0.9827698469161987,1.822015747166006e-06,Tomato___Early_blight,0.00935145653784275,Tomato___Tomato_Yellow_Leaf_Curl_Virus,0.006194422021508217,MEDIUM,MISCLASSIFICATION
TRACK_C_REALWORLD,Tomato,realworld_tomato,INTERNET_PLANTDOC_TEST,D:\CropDiseaseProject\results\model_robustness_audit\audit_images\track_c_realworld\tomato\Tomato___Leaf_Mold\pd_real_dscn6689.jpg,Tomato___Leaf_Mold,3,Tomato___Early_blight,1,False,0.7531481981277466,5.4640288738028175e-08,Tomato___Late_blight,0.24680618941783905,Tomato___Bacterial_spot,3.538167948136106e-05,MEDIUM,MISCLASSIFICATION
TRACK_C_REALWORLD,Tomato,realworld_tomato,INTERNET_PLANTDOC_TEST,D:\CropDiseaseProject\results\model_robustness_audit\audit_images\track_c_realworld\tomato\Tomato___Leaf_Mold\pd_real_fungus-univ-of-minnesoeta.jpg,Tomato___Leaf_Mold,3,Tomato___Late_blight,2,False,0.9984866380691528,4.904419620288536e-05,Tomato___Early_blight,0.0012181788915768266,Tomato___Tomato_Yellow_Leaf_Curl_Virus,0.0001539693184895441,MEDIUM,MISCLASSIFICATION
TRACK_C_REALWORLD,Tomato,realworld_tomato,INTERNET_PLANTDOC_TEST,D:\CropDiseaseProject\results\model_robustness_audit\audit_images\track_c_realworld\tomato\Tomato___Septoria_leaf_spot\pd_real_0.jpg,Tomato___Septoria_leaf_spot,4,Tomato___Early_blight,1,False,0.9835772514343262,1.0110218681802507e-05,Tomato___Late_blight,0.016033092513680458,Tomato___Bacterial_spot,0.0001921298389788717,HIGH,MISCLASSIFICATION
TRACK_C_REALWORLD,Tomato,realworld_tomato,INTERNET_PLANTDOC_TEST,D:\CropDiseaseProject\results\model_robustness_audit\audit_images\track_c_realworld\tomato\Tomato___Septoria_leaf_spot\pd_real_2STEM.jpg,Tomato___Septoria_leaf_spot,4,Tomato___Septoria_leaf_spot,4,True,0.9453539848327637,0.9453539848327637,Tomato___Bacterial_spot,0.045721590518951416,Tomato___Early_blight,0.008895845152437687,HIGH,CORRECT
TRACK_C_REALWORLD,Tomato,realworld_tomato,INTERNET_PLANTDOC_TEST,D:\CropDiseaseProject\results\model_robustness_audit\audit_images\track_c_realworld\tomato\Tomato___Septoria_leaf_spot\pd_real_2septoria-tomato.jpg,Tomato___Septoria_leaf_spot,4,Tomato___Septoria_leaf_spot,4,True,0.975018322467804,0.975018322467804,Tomato___Bacterial_spot,0.022629885002970695,Tomato___Late_blight,0.0012410475173965096,HIGH,CORRECT
TRACK_C_REALWORLD,Tomato,realworld_tomato,INTERNET_PLANTDOC_TEST,D:\CropDiseaseProject\results\model_robustness_audit\audit_images\track_c_realworld\tomato\Tomato___Septoria_leaf_spot\pd_real_55830b60a7cf2.image.jpg,Tomato___Septoria_leaf_spot,4,Tomato___Early_blight,1,False,0.9327265620231628,0.001369895995594561,Tomato___Tomato_Yellow_Leaf_Curl_Virus,0.041151173412799835,Tomato___Bacterial_spot,0.022505877539515495,HIGH,MISCLASSIFICATION
TRACK_C_REALWORLD,Tomato,realworld_tomato,INTERNET_PLANTDOC_TEST,D:\CropDiseaseProject\results\model_robustness_audit\audit_images\track_c_realworld\tomato\Tomato___Septoria_leaf_spot\pd_real_6134794031202304.jpeg.jpg,Tomato___Septoria_leaf_spot,4,Tomato___Septoria_leaf_spot,4,True,0.6201277375221252,0.6201277375221252,Tomato___Early_blight,0.3483414649963379,Tomato___Late_blight,0.027195874601602554,HIGH,CORRECT
TRACK_C_REALWORLD,Tomato,realworld_tomato,INTERNET_PLANTDOC_TEST,D:\CropDiseaseProject\results\model_robustness_audit\audit_images\track_c_realworld\tomato\Tomato___Septoria_leaf_spot\pd_real_636227737977191231-septoria-leaf-spot-VT.jpg,Tomato___Septoria_leaf_spot,4,Tomato___Late_blight,2,False,0.5793523192405701,0.023507144302129745,Tomato___Early_blight,0.39422133564949036,Tomato___Septoria_leaf_spot,0.023507144302129745,HIGH,MISCLASSIFICATION
TRACK_C_REALWORLD,Tomato,realworld_tomato,INTERNET_PLANTDOC_TEST,D:\CropDiseaseProject\results\model_robustness_audit\audit_images\track_c_realworld\tomato\Tomato___Septoria_leaf_spot\pd_real_6447731_orig.jpg,Tomato___Septoria_leaf_spot,4,Tomato___Bacterial_spot,0,False,0.4778372645378113,0.25907203555107117,Tomato___Septoria_leaf_spot,0.25907203555107117,Tomato___Early_blight,0.2542820870876312,HIGH,MISCLASSIFICATION
TRACK_C_REALWORLD,Tomato,realworld_tomato,INTERNET_PLANTDOC_TEST,D:\CropDiseaseProject\results\model_robustness_audit\audit_images\track_c_realworld\tomato\Tomato___Septoria_leaf_spot\pd_real_7-17-Photo3_Septoria-MARY.jpg,Tomato___Septoria_leaf_spot,4,Tomato___Early_blight,1,False,0.9999988079071045,8.392435120185837e-07,Tomato___Septoria_leaf_spot,8.392435120185837e-07,Tomato___Tomato_Yellow_Leaf_Curl_Virus,3.531462766659388e-07,HIGH,MISCLASSIFICATION
TRACK_C_REALWORLD,Tomato,realworld_tomato,INTERNET_PLANTDOC_TEST,D:\CropDiseaseProject\results\model_robustness_audit\audit_images\track_c_realworld\tomato\Tomato___Septoria_leaf_spot\pd_real_RARZ4.jpg,Tomato___Septoria_leaf_spot,4,Tomato___Late_blight,2,False,0.5356658697128296,0.0001908869162434712,Tomato___Early_blight,0.4605347812175751,Tomato___Bacterial_spot,0.003203440923243761,HIGH,MISCLASSIFICATION
TRACK_C_REALWORLD,Tomato,realworld_tomato,INTERNET_PLANTDOC_TEST,D:\CropDiseaseProject\results\model_robustness_audit\audit_images\track_c_realworld\tomato\Tomato___Septoria_leaf_spot\pd_real_early-blight-septoria-ls-fig-3.jpg,Tomato___Septoria_leaf_spot,4,Tomato___Early_blight,1,False,0.836890697479248,0.1153218001127243,Tomato___Septoria_leaf_spot,0.1153218001127243,Tomato___Bacterial_spot,0.030033065006136894,HIGH,MISCLASSIFICATION
TRACK_C_REALWORLD,Tomato,realworld_tomato,INTERNET_PLANTDOC_TEST,D:\CropDiseaseProject\results\model_robustness_audit\audit_images\track_c_realworld\tomato\Tomato___Septoria_leaf_spot\pd_real_sept4disease-019.jpg,Tomato___Septoria_leaf_spot,4,Tomato___Bacterial_spot,0,False,0.9853345155715942,0.005703943315893412,Tomato___Early_blight,0.008906878530979156,Tomato___Septoria_leaf_spot,0.005703943315893412,HIGH,MISCLASSIFICATION
TRACK_C_REALWORLD,Tomato,realworld_tomato,INTERNET_PLANTDOC_TEST,D:\CropDiseaseProject\results\model_robustness_audit\audit_images\track_c_realworld\tomato\Tomato___Tomato_Yellow_Leaf_Curl_Virus\pd_real_11-40580_5.jpg,Tomato___Tomato_Yellow_Leaf_Curl_Virus,7,Tomato___Late_blight,2,False,0.87010657787323,0.001461251638829708,Tomato___healthy,0.12787817418575287,Tomato___Tomato_Yellow_Leaf_Curl_Virus,0.001461251638829708,HIGH,MISCLASSIFICATION
TRACK_C_REALWORLD,Tomato,realworld_tomato,INTERNET_PLANTDOC_TEST,D:\CropDiseaseProject\results\model_robustness_audit\audit_images\track_c_realworld\tomato\Tomato___Tomato_Yellow_Leaf_Curl_Virus\pd_real_17fc47.jpg,Tomato___Tomato_Yellow_Leaf_Curl_Virus,7,Tomato___Late_blight,2,False,0.9391809105873108,4.1612751374486834e-05,Tomato___Bacterial_spot,0.05165198817849159,Tomato___Early_blight,0.004760867450386286,HIGH,MISCLASSIFICATION
TRACK_C_REALWORLD,Tomato,realworld_tomato,INTERNET_PLANTDOC_TEST,D:\CropDiseaseProject\results\model_robustness_audit\audit_images\track_c_realworld\tomato\Tomato___Tomato_Yellow_Leaf_Curl_Virus\pd_real_8226402877_9abf151b5b_b.jpg,Tomato___Tomato_Yellow_Leaf_Curl_Virus,7,Tomato___Late_blight,2,False,0.9723497629165649,0.017058366909623146,Tomato___Tomato_Yellow_Leaf_Curl_Virus,0.017058366909623146,Tomato___Bacterial_spot,0.004979567602276802,HIGH,MISCLASSIFICATION
TRACK_C_REALWORLD,Tomato,realworld_tomato,INTERNET_PLANTDOC_TEST,D:\CropDiseaseProject\results\model_robustness_audit\audit_images\track_c_realworld\tomato\Tomato___Tomato_Yellow_Leaf_Curl_Virus\pd_real_fwa2013313115151.jpg,Tomato___Tomato_Yellow_Leaf_Curl_Virus,7,Tomato___Early_blight,1,False,0.8506383895874023,0.013227669522166252,Tomato___Late_blight,0.11256925016641617,Tomato___Septoria_leaf_spot,0.023196272552013397,HIGH,MISCLASSIFICATION
TRACK_C_REALWORLD,Tomato,realworld_tomato,INTERNET_PLANTDOC_TEST,D:\CropDiseaseProject\results\model_robustness_audit\audit_images\track_c_realworld\tomato\Tomato___Tomato_Yellow_Leaf_Curl_Virus\pd_real_glyphosate.jpg,Tomato___Tomato_Yellow_Leaf_Curl_Virus,7,Tomato___Tomato_Yellow_Leaf_Curl_Virus,7,True,0.4603719115257263,0.4603719115257263,Tomato___Early_blight,0.3998025953769684,Tomato___Late_blight,0.130228191614151,HIGH,CORRECT
TRACK_C_REALWORLD,Tomato,realworld_tomato,INTERNET_PLANTDOC_TEST,D:\CropDiseaseProject\results\model_robustness_audit\audit_images\track_c_realworld\tomato\Tomato___Tomato_Yellow_Leaf_Curl_Virus\pd_real_tylcv-seminar-1-638.jpg,Tomato___Tomato_Yellow_Leaf_Curl_Virus,7,Tomato___Late_blight,2,False,0.9026682376861572,0.0012848401675000787,Tomato___Early_blight,0.0920233353972435,Tomato___Leaf_Mold,0.0037743926513940096,HIGH,MISCLASSIFICATION
TRACK_C_REALWORLD,Tomato,realworld_tomato,INTERNET_PLANTDOC_TEST,D:\CropDiseaseProject\results\model_robustness_audit\audit_images\track_c_realworld\tomato\Tomato___Tomato_mosaic_virus\pd_real_9511.img.jpg,Tomato___Tomato_mosaic_virus,8,Tomato___Early_blight,1,False,0.9998762607574463,2.1184720915435468e-14,Tomato___Late_blight,8.313808211823925e-05,Tomato___Target_Spot,4.049848212162033e-05,MEDIUM,MISCLASSIFICATION
TRACK_C_REALWORLD,Tomato,realworld_tomato,INTERNET_PLANTDOC_TEST,D:\CropDiseaseProject\results\model_robustness_audit\audit_images\track_c_realworld\tomato\Tomato___Tomato_mosaic_virus\pd_real_D_29AlfMov.jpg,Tomato___Tomato_mosaic_virus,8,Tomato___Late_blight,2,False,0.9991710186004639,6.024012018379654e-12,Tomato___healthy,0.0008200994343496859,Tomato___Tomato_Yellow_Leaf_Curl_Virus,6.065894922357984e-06,MEDIUM,MISCLASSIFICATION
TRACK_C_REALWORLD,Tomato,realworld_tomato,INTERNET_PLANTDOC_TEST,D:\CropDiseaseProject\results\model_robustness_audit\audit_images\track_c_realworld\tomato\Tomato___Tomato_mosaic_virus\pd_real_Tomato-Mosaic-1wdr2jx-300x225.jpg,Tomato___Tomato_mosaic_virus,8,Tomato___Tomato_Yellow_Leaf_Curl_Virus,7,False,0.804654598236084,1.2741707916628237e-13,Tomato___Early_blight,0.1875866949558258,Tomato___Septoria_leaf_spot,0.0076823001727461815,MEDIUM,MISCLASSIFICATION
TRACK_C_REALWORLD,Tomato,realworld_tomato,INTERNET_PLANTDOC_TEST,D:\CropDiseaseProject\results\model_robustness_audit\audit_images\track_c_realworld\tomato\Tomato___Tomato_mosaic_virus\pd_real_everystockphoto-21099455-l.jpg,Tomato___Tomato_mosaic_virus,8,Tomato___Early_blight,1,False,0.8697285056114197,1.202264121591412e-10,Tomato___Late_blight,0.08657995611429214,Tomato___Septoria_leaf_spot,0.027628395706415176,MEDIUM,MISCLASSIFICATION
TRACK_C_REALWORLD,Tomato,realworld_tomato,INTERNET_PLANTDOC_TEST,D:\CropDiseaseProject\results\model_robustness_audit\audit_images\track_c_realworld\tomato\Tomato___Tomato_mosaic_virus\pd_real_ill-tomato-of-tomato-mosaic-virus-DBE17N.jpg,Tomato___Tomato_mosaic_virus,8,Tomato___Late_blight,2,False,0.9723628163337708,3.986432664277329e-15,Tomato___Early_blight,0.027625588700175285,Tomato___Leaf_Mold,1.0692120667954441e-05,MEDIUM,MISCLASSIFICATION
TRACK_C_REALWORLD,Tomato,realworld_tomato,INTERNET_PLANTDOC_TEST,D:\CropDiseaseProject\results\model_robustness_audit\audit_images\track_c_realworld\tomato\Tomato___Tomato_mosaic_virus\pd_real_page_2.jpg,Tomato___Tomato_mosaic_virus,8,Tomato___Early_blight,1,False,0.8966106176376343,4.35650220596568e-15,Tomato___Late_blight,0.10073669999837875,Tomato___Tomato_Yellow_Leaf_Curl_Virus,0.0026174928061664104,MEDIUM,MISCLASSIFICATION
TRACK_C_REALWORLD,Tomato,realworld_tomato,INTERNET_PLANTDOC_TEST,D:\CropDiseaseProject\results\model_robustness_audit\audit_images\track_c_realworld\tomato\Tomato___Tomato_mosaic_virus\pd_real_tmv-tomato-34.jpg,Tomato___Tomato_mosaic_virus,8,Tomato___Late_blight,2,False,0.7497085928916931,4.774321382683411e-07,Tomato___Tomato_Yellow_Leaf_Curl_Virus,0.13596731424331665,Tomato___Bacterial_spot,0.05229225009679794,MEDIUM,MISCLASSIFICATION
TRACK_C_REALWORLD,Tomato,realworld_tomato,INTERNET_PLANTDOC_TEST,D:\CropDiseaseProject\results\model_robustness_audit\audit_images\track_c_realworld\tomato\Tomato___Tomato_mosaic_virus\pd_real_tmv-tomato-9.jpg,Tomato___Tomato_mosaic_virus,8,Tomato___Late_blight,2,False,0.997389018535614,4.6796810693194857e-07,Tomato___Early_blight,0.0014959258260205388,Tomato___healthy,0.0007009197724983096,MEDIUM,MISCLASSIFICATION
TRACK_C_REALWORLD,Tomato,realworld_tomato,INTERNET_PLANTDOC_TEST,D:\CropDiseaseProject\results\model_robustness_audit\audit_images\track_c_realworld\tomato\Tomato___Tomato_mosaic_virus\pd_real_toma_TMV.jpg,Tomato___Tomato_mosaic_virus,8,Tomato___Late_blight,2,False,0.9168408513069153,1.7069765601007703e-09,Tomato___Early_blight,0.06726933270692825,Tomato___Spider_mites Two-spotted_spider_mite,0.01206458080559969,MEDIUM,MISCLASSIFICATION
TRACK_C_REALWORLD,Tomato,realworld_tomato,INTERNET_PLANTDOC_TEST,D:\CropDiseaseProject\results\model_robustness_audit\audit_images\track_c_realworld\tomato\Tomato___Tomato_mosaic_virus\pd_real_tomato_virus_04_zoom.jpg,Tomato___Tomato_mosaic_virus,8,Tomato___Late_blight,2,False,0.9872843027114868,6.332129373794182e-13,Tomato___Early_blight,0.011860157363116741,Tomato___Bacterial_spot,0.0008001941605471075,MEDIUM,MISCLASSIFICATION
TRACK_C_REALWORLD,Tomato,realworld_tomato,INTERNET_PLANTDOC_TEST,D:\CropDiseaseProject\results\model_robustness_audit\audit_images\track_c_realworld\tomato\Tomato___healthy\pd_real_1684.jpg,Tomato___healthy,9,Tomato___Late_blight,2,False,0.9977487921714783,5.889900567268569e-09,Tomato___Bacterial_spot,0.0011736770393326879,Tomato___Septoria_leaf_spot,0.000954742543399334,HIGH,MISCLASSIFICATION
TRACK_C_REALWORLD,Tomato,realworld_tomato,INTERNET_PLANTDOC_TEST,D:\CropDiseaseProject\results\model_robustness_audit\audit_images\track_c_realworld\tomato\Tomato___healthy\pd_real_2013-08-20-06.jpg,Tomato___healthy,9,Tomato___Early_blight,1,False,0.999975323677063,1.3353050120397877e-23,Tomato___Tomato_Yellow_Leaf_Curl_Virus,9.469773431192152e-06,Tomato___Late_blight,8.951378731580917e-06,HIGH,MISCLASSIFICATION
TRACK_C_REALWORLD,Tomato,realworld_tomato,INTERNET_PLANTDOC_TEST,D:\CropDiseaseProject\results\model_robustness_audit\audit_images\track_c_realworld\tomato\Tomato___healthy\pd_real_90e2c0.jpg,Tomato___healthy,9,Tomato___Early_blight,1,False,0.9989566802978516,1.0697269914317076e-07,Tomato___Late_blight,0.0008367922273464501,Tomato___Septoria_leaf_spot,0.00017399447096977383,HIGH,MISCLASSIFICATION
TRACK_C_REALWORLD,Tomato,realworld_tomato,INTERNET_PLANTDOC_TEST,D:\CropDiseaseProject\results\model_robustness_audit\audit_images\track_c_realworld\tomato\Tomato___healthy\pd_real_DSCN1015.JPG.jpg,Tomato___healthy,9,Tomato___Late_blight,2,False,0.9916980266571045,0.007403189782053232,Tomato___healthy,0.007403189782053232,Tomato___Early_blight,0.0005532048526220024,HIGH,MISCLASSIFICATION
TRACK_C_REALWORLD,Tomato,realworld_tomato,INTERNET_PLANTDOC_TEST,D:\CropDiseaseProject\results\model_robustness_audit\audit_images\track_c_realworld\tomato\Tomato___healthy\pd_real_IMG_1246.jpg,Tomato___healthy,9,Tomato___Late_blight,2,False,0.7862765192985535,0.0015231824945658445,Tomato___Early_blight,0.2038755714893341,Tomato___Target_Spot,0.005924669560045004,HIGH,MISCLASSIFICATION
TRACK_C_REALWORLD,Tomato,realworld_tomato,INTERNET_PLANTDOC_TEST,D:\CropDiseaseProject\results\model_robustness_audit\audit_images\track_c_realworld\tomato\Tomato___healthy\pd_real_Tomato59.JPG.jpg,Tomato___healthy,9,Tomato___Tomato_Yellow_Leaf_Curl_Virus,7,False,0.48231253027915955,2.8020917156685796e-15,Tomato___Late_blight,0.44563713669776917,Tomato___Early_blight,0.07202552258968353,HIGH,MISCLASSIFICATION
TRACK_C_REALWORLD,Tomato,realworld_tomato,INTERNET_PLANTDOC_TEST,D:\CropDiseaseProject\results\model_robustness_audit\audit_images\track_c_realworld\tomato\Tomato___healthy\pd_real_Tomato_leaf.jpg,Tomato___healthy,9,Tomato___Late_blight,2,False,0.9933282136917114,0.0003614028391893953,Tomato___Early_blight,0.0033569582737982273,Tomato___Tomato_Yellow_Leaf_Curl_Virus,0.0026038531213998795,HIGH,MISCLASSIFICATION
TRACK_C_REALWORLD,Tomato,realworld_tomato,INTERNET_PLANTDOC_TEST,D:\CropDiseaseProject\results\model_robustness_audit\audit_images\track_c_realworld\tomato\Tomato___healthy\pd_real_main-qimg-d9c2a93f60568485c989670d9bbf703b.jpg,Tomato___healthy,9,Tomato___Late_blight,2,False,0.5420114994049072,1.0062640720676086e-09,Tomato___Early_blight,0.4522557258605957,Tomato___Septoria_leaf_spot,0.005628288257867098,HIGH,MISCLASSIFICATION
TRACK_C_REALWORLD,Tomato,realworld_tomato,FARMER_FIELD_PHOTO,D:\CropDiseaseProject\results\model_robustness_audit\audit_images\track_c_realworld\tomato\Tomato___Early_blight\pak_field_ebleafb.jpg,Tomato___Early_blight,1,Tomato___Early_blight,1,True,0.7330890893936157,0.7330890893936157,Tomato___Late_blight,0.24915046989917755,Tomato___Tomato_Yellow_Leaf_Curl_Virus,0.009823511354625225,HIGH,CORRECT
TRACK_C_REALWORLD,Tomato,realworld_tomato,FARMER_FIELD_PHOTO,D:\CropDiseaseProject\results\model_robustness_audit\audit_images\track_c_realworld\tomato\Tomato___Early_blight\pak_field_Gls4_change_90.jpg,Tomato___Early_blight,1,Tomato___Early_blight,1,True,0.9391816258430481,0.9391816258430481,Tomato___Late_blight,0.03578345477581024,Tomato___Tomato_Yellow_Leaf_Curl_Virus,0.024192973971366882,HIGH,CORRECT
TRACK_C_REALWORLD,Tomato,realworld_tomato,FARMER_FIELD_PHOTO,D:\CropDiseaseProject\results\model_robustness_audit\audit_images\track_c_realworld\tomato\Tomato___Early_blight\pak_field_Gls42.jpg,Tomato___Early_blight,1,Tomato___Early_blight,1,True,0.9743815660476685,0.9743815660476685,Tomato___Late_blight,0.02529284358024597,Tomato___Bacterial_spot,0.00025066378293558955,HIGH,CORRECT
TRACK_C_REALWORLD,Tomato,realworld_tomato,FARMER_FIELD_PHOTO,D:\CropDiseaseProject\results\model_robustness_audit\audit_images\track_c_realworld\tomato\Tomato___Early_blight\pak_field_Gls64_mirror_vertical.jpg,Tomato___Early_blight,1,Tomato___Early_blight,1,True,0.7320466041564941,0.7320466041564941,Tomato___Late_blight,0.23138348758220673,Tomato___Bacterial_spot,0.035354167222976685,HIGH,CORRECT
TRACK_C_REALWORLD,Tomato,realworld_tomato,FARMER_FIELD_PHOTO,D:\CropDiseaseProject\results\model_robustness_audit\audit_images\track_c_realworld\tomato\Tomato___Early_blight\pak_field_Gls65_change_270.jpg,Tomato___Early_blight,1,Tomato___Late_blight,2,False,0.7061039805412292,0.2669440507888794,Tomato___Early_blight,0.2669440507888794,Tomato___Tomato_Yellow_Leaf_Curl_Virus,0.023144859820604324,HIGH,MISCLASSIFICATION
TRACK_C_REALWORLD,Tomato,realworld_tomato,FARMER_FIELD_PHOTO,D:\CropDiseaseProject\results\model_robustness_audit\audit_images\track_c_realworld\tomato\Tomato___Early_blight\pak_field_gray-leaf-spot-300x225.jpg,Tomato___Early_blight,1,Tomato___Early_blight,1,True,0.5344532132148743,0.5344532132148743,Tomato___Late_blight,0.4551754891872406,Tomato___Bacterial_spot,0.007448137272149324,HIGH,CORRECT
TRACK_C_REALWORLD,Tomato,realworld_tomato,FARMER_FIELD_PHOTO,D:\CropDiseaseProject\results\model_robustness_audit\audit_images\track_c_realworld\tomato\Tomato___Early_blight\pak_field_gray-mold-on-tomato-leaf.jpg,Tomato___Early_blight,1,Tomato___Late_blight,2,False,0.9838843941688538,0.015718409791588783,Tomato___Early_blight,0.015718409791588783,Tomato___Septoria_leaf_spot,0.00022782247106079012,HIGH,MISCLASSIFICATION
TRACK_C_REALWORLD,Tomato,realworld_tomato,FARMER_FIELD_PHOTO,D:\CropDiseaseProject\results\model_robustness_audit\audit_images\track_c_realworld\tomato\Tomato___Early_blight\pak_field_halleck_tomato_earlyblight__inline-half.jpg,Tomato___Early_blight,1,Tomato___Early_blight,1,True,0.9711155891418457,0.9711155891418457,Tomato___Late_blight,0.019767578691244125,Tomato___Septoria_leaf_spot,0.007655013352632523,HIGH,CORRECT
TRACK_C_REALWORLD,Tomato,realworld_tomato,FARMER_FIELD_PHOTO,D:\CropDiseaseProject\results\model_robustness_audit\audit_images\track_c_realworld\tomato\Tomato___Early_blight\pak_field_images.jpg,Tomato___Early_blight,1,Tomato___Early_blight,1,True,0.9987817406654358,0.9987817406654358,Tomato___Late_blight,0.0008264139760285616,Tomato___Septoria_leaf_spot,0.00039050981285981834,HIGH,CORRECT
TRACK_C_REALWORLD,Tomato,realworld_tomato,FARMER_FIELD_PHOTO,D:\CropDiseaseProject\results\model_robustness_audit\audit_images\track_c_realworld\tomato\Tomato___Early_blight\pak_field_IMG_20251102_153119.jpg,Tomato___Early_blight,1,Tomato___Early_blight,1,True,0.899872899055481,0.899872899055481,Tomato___Late_blight,0.09982670843601227,Tomato___Septoria_leaf_spot,0.00029784112120978534,HIGH,CORRECT
TRACK_C_REALWORLD,Tomato,realworld_tomato,FARMER_FIELD_PHOTO,D:\CropDiseaseProject\results\model_robustness_audit\audit_images\track_c_realworld\tomato\Tomato___Early_blight\pak_field_IMG_20251102_153239.jpg,Tomato___Early_blight,1,Tomato___Early_blight,1,True,0.9639562964439392,0.9639562964439392,Tomato___Late_blight,0.023593192920088768,Tomato___Septoria_leaf_spot,0.011290951631963253,HIGH,CORRECT
TRACK_C_REALWORLD,Tomato,realworld_tomato,FARMER_FIELD_PHOTO,D:\CropDiseaseProject\results\model_robustness_audit\audit_images\track_c_realworld\tomato\Tomato___Early_blight\pak_field_IMG_20251102_153246.jpg,Tomato___Early_blight,1,Tomato___Late_blight,2,False,0.9716387391090393,0.02524666301906109,Tomato___Early_blight,0.02524666301906109,Tomato___Septoria_leaf_spot,0.0029853833839297295,HIGH,MISCLASSIFICATION
TRACK_C_REALWORLD,Tomato,realworld_tomato,FARMER_FIELD_PHOTO,D:\CropDiseaseProject\results\model_robustness_audit\audit_images\track_c_realworld\tomato\Tomato___Early_blight\pak_field_IMG_20251102_153620.jpg,Tomato___Early_blight,1,Tomato___Late_blight,2,False,0.911261260509491,0.08860809355974197,Tomato___Early_blight,0.08860809355974197,Tomato___Bacterial_spot,0.00010309784556739032,HIGH,MISCLASSIFICATION
TRACK_C_REALWORLD,Tomato,realworld_tomato,FARMER_FIELD_PHOTO,D:\CropDiseaseProject\results\model_robustness_audit\audit_images\track_c_realworld\tomato\Tomato___Early_blight\pak_field_IMG_20251102_154008.jpg,Tomato___Early_blight,1,Tomato___Late_blight,2,False,0.9953373670578003,0.0023394052404910326,Tomato___Early_blight,0.0023394052404910326,Tomato___Bacterial_spot,0.0018402329878881574,HIGH,MISCLASSIFICATION
TRACK_C_REALWORLD,Tomato,realworld_tomato,FARMER_FIELD_PHOTO,D:\CropDiseaseProject\results\model_robustness_audit\audit_images\track_c_realworld\tomato\Tomato___Early_blight\pak_field_IMG_20251102_154702.jpg,Tomato___Early_blight,1,Tomato___Late_blight,2,False,0.7438121438026428,0.25618311762809753,Tomato___Early_blight,0.25618311762809753,Tomato___Leaf_Mold,4.200228431727737e-06,HIGH,MISCLASSIFICATION
TRACK_C_REALWORLD,Tomato,realworld_tomato,FARMER_FIELD_PHOTO,D:\CropDiseaseProject\results\model_robustness_audit\audit_images\track_c_realworld\tomato\Tomato___Early_blight\pak_field_IMG_20251102_154710.jpg,Tomato___Early_blight,1,Tomato___Late_blight,2,False,0.9203531742095947,0.07963576912879944,Tomato___Early_blight,0.07963576912879944,Tomato___Leaf_Mold,4.830148100154474e-06,HIGH,MISCLASSIFICATION
TRACK_C_REALWORLD,Tomato,realworld_tomato,FARMER_FIELD_PHOTO,D:\CropDiseaseProject\results\model_robustness_audit\audit_images\track_c_realworld\tomato\Tomato___Early_blight\pak_field_IMG_20251102_155059.jpg,Tomato___Early_blight,1,Tomato___Late_blight,2,False,0.9597368836402893,0.038422439247369766,Tomato___Early_blight,0.038422439247369766,Tomato___Bacterial_spot,0.0017861311789602041,HIGH,MISCLASSIFICATION
TRACK_C_REALWORLD,Tomato,realworld_tomato,FARMER_FIELD_PHOTO,D:\CropDiseaseProject\results\model_robustness_audit\audit_images\track_c_realworld\tomato\Tomato___Early_blight\pak_field_IMG_20251102_155133.jpg,Tomato___Early_blight,1,Tomato___Late_blight,2,False,0.874221920967102,0.1257501244544983,Tomato___Early_blight,0.1257501244544983,Tomato___Target_Spot,2.645414133439772e-05,HIGH,MISCLASSIFICATION
TRACK_C_REALWORLD,Tomato,realworld_tomato,FARMER_FIELD_PHOTO,D:\CropDiseaseProject\results\model_robustness_audit\audit_images\track_c_realworld\tomato\Tomato___Early_blight\pak_field_IMG_20251102_155138.jpg,Tomato___Early_blight,1,Tomato___Late_blight,2,False,0.9993205070495605,0.0006792126223444939,Tomato___Early_blight,0.0006792126223444939,Tomato___healthy,2.842182595941267e-07,HIGH,MISCLASSIFICATION
TRACK_C_REALWORLD,Tomato,realworld_tomato,FARMER_FIELD_PHOTO,D:\CropDiseaseProject\results\model_robustness_audit\audit_images\track_c_realworld\tomato\Tomato___Early_blight\pak_field_IMG_20251102_155144.jpg,Tomato___Early_blight,1,Tomato___Early_blight,1,True,0.6285073757171631,0.6285073757171631,Tomato___Late_blight,0.2871595025062561,Tomato___Leaf_Mold,0.08432760834693909,HIGH,CORRECT
TRACK_C_REALWORLD,Tomato,realworld_tomato,FARMER_FIELD_PHOTO,D:\CropDiseaseProject\results\model_robustness_audit\audit_images\track_c_realworld\tomato\Tomato___Late_blight\pak_field_late_blight_tomato_transplant2x1200.jpg,Tomato___Late_blight,2,Tomato___Early_blight,1,False,0.9758915901184082,0.023213636130094528,Tomato___Late_blight,0.023213636130094528,Tomato___Target_Spot,0.0007073027663864195,HIGH,MISCLASSIFICATION
TRACK_C_REALWORLD,Tomato,realworld_tomato,FARMER_FIELD_PHOTO,D:\CropDiseaseProject\results\model_robustness_audit\audit_images\track_c_realworld\tomato\Tomato___Late_blight\pak_field_late_jpg.rf.f64883c6ac50eb4f477851ddc23305e8.jpg,Tomato___Late_blight,2,Tomato___Late_blight,2,True,0.5825220942497253,0.5825220942497253,Tomato___Early_blight,0.4173285663127899,Tomato___Septoria_leaf_spot,8.850708400132135e-05,HIGH,CORRECT
TRACK_C_REALWORLD,Tomato,realworld_tomato,FARMER_FIELD_PHOTO,D:\CropDiseaseProject\results\model_robustness_audit\audit_images\track_c_realworld\tomato\Tomato___Late_blight\pak_field_Lateblight_jpg.rf.8edd47a7a725047f37d3023b985615ec.jpg,Tomato___Late_blight,2,Tomato___Late_blight,2,True,0.9938799142837524,0.9938799142837524,Tomato___Early_blight,0.005233756732195616,Tomato___healthy,0.00045433128252625465,HIGH,CORRECT
TRACK_C_REALWORLD,Tomato,realworld_tomato,FARMER_FIELD_PHOTO,D:\CropDiseaseProject\results\model_robustness_audit\audit_images\track_c_realworld\tomato\Tomato___Late_blight\pak_field_Late-Blight-56a34bc55f9b58b7d0d15210_jpg.rf.034b4a46ee6c29d40c358a6b3b6ea22d.jpg,Tomato___Late_blight,2,Tomato___Late_blight,2,True,0.961828887462616,0.961828887462616,Tomato___Early_blight,0.037861697375774384,Tomato___Bacterial_spot,0.00027561228489503264,HIGH,CORRECT
TRACK_C_REALWORLD,Tomato,realworld_tomato,FARMER_FIELD_PHOTO,D:\CropDiseaseProject\results\model_robustness_audit\audit_images\track_c_realworld\tomato\Tomato___Late_blight\pak_field_lateblight8_jpg.rf.ed3080de5a06831f5546e3ea3d9ff7a3.jpg,Tomato___Late_blight,2,Tomato___Late_blight,2,True,0.9907060265541077,0.9907060265541077,Tomato___Early_blight,0.009272720664739609,Tomato___healthy,1.5793802958796732e-05,HIGH,CORRECT
TRACK_C_REALWORLD,Tomato,realworld_tomato,FARMER_FIELD_PHOTO,D:\CropDiseaseProject\results\model_robustness_audit\audit_images\track_c_realworld\tomato\Tomato___Late_blight\pak_field_Late-Blight-A_jpg.rf.404bd45f3ea0a9664009b604aa4f0130.jpg,Tomato___Late_blight,2,Tomato___Late_blight,2,True,0.6496097445487976,0.6496097445487976,Tomato___Early_blight,0.35038435459136963,Tomato___Septoria_leaf_spot,2.2215999706531875e-06,HIGH,CORRECT
TRACK_C_REALWORLD,Tomato,realworld_tomato,FARMER_FIELD_PHOTO,D:\CropDiseaseProject\results\model_robustness_audit\audit_images\track_c_realworld\tomato\Tomato___Late_blight\pak_field_Late-blight-foliar-leasion-on-tomato.jpg,Tomato___Late_blight,2,Tomato___Late_blight,2,True,0.9849907755851746,0.9849907755851746,Tomato___Early_blight,0.014746826142072678,Tomato___Tomato_Yellow_Leaf_Curl_Virus,0.0002599178988020867,HIGH,CORRECT
TRACK_C_REALWORLD,Tomato,realworld_tomato,FARMER_FIELD_PHOTO,D:\CropDiseaseProject\results\model_robustness_audit\audit_images\track_c_realworld\tomato\Tomato___Late_blight\pak_field_LateBlightLeaf.jpg,Tomato___Late_blight,2,Tomato___Late_blight,2,True,0.7845051288604736,0.7845051288604736,Tomato___Early_blight,0.21154969930648804,Tomato___healthy,0.0023400690406560898,HIGH,CORRECT
TRACK_C_REALWORLD,Tomato,realworld_tomato,FARMER_FIELD_PHOTO,D:\CropDiseaseProject\results\model_robustness_audit\audit_images\track_c_realworld\tomato\Tomato___Late_blight\pak_field_LateBlight-Leaflet-Large-Spot_9005-ROTATED-sbzntn.jpg,Tomato___Late_blight,2,Tomato___Late_blight,2,True,0.9887998104095459,0.9887998104095459,Tomato___Early_blight,0.011197712272405624,Tomato___Bacterial_spot,1.5906474573057494e-06,HIGH,CORRECT
TRACK_C_REALWORLD,Tomato,realworld_tomato,FARMER_FIELD_PHOTO,D:\CropDiseaseProject\results\model_robustness_audit\audit_images\track_c_realworld\tomato\Tomato___Late_blight\pak_field_late-blight-leaves_jpg.rf.65d0be6c33fdefb7b0846cf58b09cd6a.jpg,Tomato___Late_blight,2,Tomato___Late_blight,2,True,0.6392644047737122,0.6392644047737122,Tomato___Early_blight,0.35517042875289917,Tomato___Target_Spot,0.0028468784876167774,HIGH,CORRECT
TRACK_C_REALWORLD,Tomato,realworld_tomato,FARMER_FIELD_PHOTO,D:\CropDiseaseProject\results\model_robustness_audit\audit_images\track_c_realworld\tomato\Tomato___Late_blight\pak_field_Late-blight-on-a-tomato-leaf.jpg,Tomato___Late_blight,2,Tomato___Late_blight,2,True,0.9778167605400085,0.9778167605400085,Tomato___Early_blight,0.022181153297424316,Tomato___Leaf_Mold,1.0537787602515891e-06,HIGH,CORRECT
TRACK_C_REALWORLD,Tomato,realworld_tomato,FARMER_FIELD_PHOTO,D:\CropDiseaseProject\results\model_robustness_audit\audit_images\track_c_realworld\tomato\Tomato___Late_blight\pak_field_Late-Blight-on-Tomato-4JDill.jpg,Tomato___Late_blight,2,Tomato___Late_blight,2,True,0.9645599126815796,0.9645599126815796,Tomato___Target_Spot,0.03227090835571289,Tomato___Early_blight,0.0020623039454221725,HIGH,CORRECT
TRACK_C_REALWORLD,Tomato,realworld_tomato,FARMER_FIELD_PHOTO,D:\CropDiseaseProject\results\model_robustness_audit\audit_images\track_c_realworld\tomato\Tomato___Late_blight\pak_field_Late-blight-symptoms-on-tomato-leaves-1r3uhy2.jpg,Tomato___Late_blight,2,Tomato___Late_blight,2,True,0.9780066013336182,0.9780066013336182,Tomato___Tomato_Yellow_Leaf_Curl_Virus,0.015555801801383495,Tomato___Septoria_leaf_spot,0.0041824569925665855,HIGH,CORRECT
TRACK_C_REALWORLD,Tomato,realworld_tomato,FARMER_FIELD_PHOTO,D:\CropDiseaseProject\results\model_robustness_audit\audit_images\track_c_realworld\tomato\Tomato___Late_blight\pak_field_lateblightTom_lesion.jpg,Tomato___Late_blight,2,Tomato___Late_blight,2,True,0.9904041290283203,0.9904041290283203,Tomato___Early_blight,0.00832045916467905,Tomato___Tomato_Yellow_Leaf_Curl_Virus,0.0008014338673092425,HIGH,CORRECT
TRACK_C_REALWORLD,Tomato,realworld_tomato,FARMER_FIELD_PHOTO,D:\CropDiseaseProject\results\model_robustness_audit\audit_images\track_c_realworld\tomato\Tomato___Late_blight\pak_field_lateblightTom_lesion3.jpg,Tomato___Late_blight,2,Tomato___Late_blight,2,True,0.9623211026191711,0.9623211026191711,Tomato___Early_blight,0.0375111885368824,Tomato___Target_Spot,0.00014513095084112138,HIGH,CORRECT
TRACK_C_REALWORLD,Tomato,realworld_tomato,FARMER_FIELD_PHOTO,D:\CropDiseaseProject\results\model_robustness_audit\audit_images\track_c_realworld\tomato\Tomato___Late_blight\pak_field_late-blight-tomato.jpg,Tomato___Late_blight,2,Tomato___Early_blight,1,False,0.9871177077293396,0.012760685756802559,Tomato___Late_blight,0.012760685756802559,Tomato___Leaf_Mold,6.170229607960209e-05,HIGH,MISCLASSIFICATION
TRACK_C_REALWORLD,Tomato,realworld_tomato,FARMER_FIELD_PHOTO,D:\CropDiseaseProject\results\model_robustness_audit\audit_images\track_c_realworld\tomato\Tomato___Late_blight\pak_field_LateBlight-Tomato-JJ-2009-17nxg4q.jpg,Tomato___Late_blight,2,Tomato___Late_blight,2,True,0.5555580854415894,0.5555580854415894,Tomato___Early_blight,0.44409266114234924,Tomato___Bacterial_spot,0.0001641101553104818,HIGH,CORRECT
TRACK_C_REALWORLD,Tomato,realworld_tomato,FARMER_FIELD_PHOTO,D:\CropDiseaseProject\results\model_robustness_audit\audit_images\track_c_realworld\tomato\Tomato___Late_blight\pak_field_Late-blight-tomato-leaf-VikramBisht-MBag.jpg,Tomato___Late_blight,2,Tomato___Late_blight,2,True,0.687042772769928,0.687042772769928,Tomato___Early_blight,0.3103017508983612,Tomato___Tomato_Yellow_Leaf_Curl_Virus,0.002619441132992506,HIGH,CORRECT
TRACK_C_REALWORLD,Tomato,realworld_tomato,FARMER_FIELD_PHOTO,D:\CropDiseaseProject\results\model_robustness_audit\audit_images\track_c_realworld\tomato\Tomato___Late_blight\pak_field_late-blight-TomC2-10.jpg,Tomato___Late_blight,2,Tomato___Early_blight,1,False,0.9807213544845581,0.019166143611073494,Tomato___Late_blight,0.019166143611073494,Tomato___Target_Spot,6.181863864185289e-05,HIGH,MISCLASSIFICATION
TRACK_C_REALWORLD,Tomato,realworld_tomato,FARMER_FIELD_PHOTO,D:\CropDiseaseProject\results\model_robustness_audit\audit_images\track_c_realworld\tomato\Tomato___Late_blight\pak_field_LB___277_.JPG,Tomato___Late_blight,2,Tomato___Early_blight,1,False,0.7701287269592285,0.2297845482826233,Tomato___Late_blight,0.2297845482826233,Tomato___Bacterial_spot,7.683239527978003e-05,HIGH,MISCLASSIFICATION
TRACK_C_REALWORLD,Tomato,realworld_tomato,FARMER_FIELD_PHOTO,D:\CropDiseaseProject\results\model_robustness_audit\audit_images\track_c_realworld\tomato\Tomato___Leaf_Mold\pak_field_IMG-20240724-WA0073.jpg,Tomato___Leaf_Mold,3,Tomato___Late_blight,2,False,0.9138777256011963,1.3765639669816032e-11,Tomato___Early_blight,0.05966003239154816,Tomato___Septoria_leaf_spot,0.022034011781215668,MEDIUM,MISCLASSIFICATION
TRACK_C_REALWORLD,Tomato,realworld_tomato,FARMER_FIELD_PHOTO,D:\CropDiseaseProject\results\model_robustness_audit\audit_images\track_c_realworld\tomato\Tomato___Leaf_Mold\pak_field_IMG-20240724-WA0078.jpg,Tomato___Leaf_Mold,3,Tomato___Early_blight,1,False,0.9714224934577942,5.788517043470165e-08,Tomato___Late_blight,0.02834210731089115,Tomato___Bacterial_spot,0.0002187070349464193,MEDIUM,MISCLASSIFICATION
TRACK_C_REALWORLD,Tomato,realworld_tomato,FARMER_FIELD_PHOTO,D:\CropDiseaseProject\results\model_robustness_audit\audit_images\track_c_realworld\tomato\Tomato___Leaf_Mold\pak_field_IMG-20240724-WA0099.jpg,Tomato___Leaf_Mold,3,Tomato___Bacterial_spot,0,False,0.5354276895523071,0.00015773273480590433,Tomato___Early_blight,0.45095697045326233,Tomato___Late_blight,0.010691532865166664,MEDIUM,MISCLASSIFICATION
TRACK_C_REALWORLD,Tomato,realworld_tomato,FARMER_FIELD_PHOTO,D:\CropDiseaseProject\results\model_robustness_audit\audit_images\track_c_realworld\tomato\Tomato___Leaf_Mold\pak_field_IMG-20240724-WA0102.jpg,Tomato___Leaf_Mold,3,Tomato___Early_blight,1,False,0.9125616550445557,1.86843317351304e-05,Tomato___Bacterial_spot,0.08270952850580215,Tomato___Septoria_leaf_spot,0.0022533952724188566,MEDIUM,MISCLASSIFICATION
TRACK_C_REALWORLD,Tomato,realworld_tomato,FARMER_FIELD_PHOTO,D:\CropDiseaseProject\results\model_robustness_audit\audit_images\track_c_realworld\tomato\Tomato___Leaf_Mold\pak_field_IMG-20240724-WA0103.jpg,Tomato___Leaf_Mold,3,Tomato___Early_blight,1,False,0.9889318943023682,7.344863774960686e-07,Tomato___Bacterial_spot,0.010867745615541935,Tomato___Septoria_leaf_spot,0.0001014187655528076,MEDIUM,MISCLASSIFICATION
TRACK_C_REALWORLD,Tomato,realworld_tomato,FARMER_FIELD_PHOTO,D:\CropDiseaseProject\results\model_robustness_audit\audit_images\track_c_realworld\tomato\Tomato___Leaf_Mold\pak_field_IMG-20240724-WA0105.jpg,Tomato___Leaf_Mold,3,Tomato___Late_blight,2,False,0.5897291898727417,6.50206811769749e-06,Tomato___Early_blight,0.40158477425575256,Tomato___Septoria_leaf_spot,0.007906030863523483,MEDIUM,MISCLASSIFICATION
TRACK_C_REALWORLD,Tomato,realworld_tomato,FARMER_FIELD_PHOTO,D:\CropDiseaseProject\results\model_robustness_audit\audit_images\track_c_realworld\tomato\Tomato___Leaf_Mold\pak_field_IMG-20240724-WA0106.jpg,Tomato___Leaf_Mold,3,Tomato___Tomato_Yellow_Leaf_Curl_Virus,7,False,0.7907702922821045,5.896147195016965e-05,Tomato___Septoria_leaf_spot,0.08129578828811646,Tomato___Late_blight,0.07764662802219391,MEDIUM,MISCLASSIFICATION
TRACK_C_REALWORLD,Tomato,realworld_tomato,FARMER_FIELD_PHOTO,D:\CropDiseaseProject\results\model_robustness_audit\audit_images\track_c_realworld\tomato\Tomato___Leaf_Mold\pak_field_IMG-20240724-WA0107.jpg,Tomato___Leaf_Mold,3,Tomato___Septoria_leaf_spot,4,False,0.7275242805480957,0.00028303678845986724,Tomato___Late_blight,0.19750849902629852,Tomato___Early_blight,0.04421919211745262,MEDIUM,MISCLASSIFICATION
TRACK_C_REALWORLD,Tomato,realworld_tomato,FARMER_FIELD_PHOTO,D:\CropDiseaseProject\results\model_robustness_audit\audit_images\track_c_realworld\tomato\Tomato___Leaf_Mold\pak_field_IMG-20240724-WA0108.jpg,Tomato___Leaf_Mold,3,Tomato___Early_blight,1,False,0.6220787763595581,0.002249217825010419,Tomato___Late_blight,0.234879270195961,Tomato___Tomato_Yellow_Leaf_Curl_Virus,0.07389379292726517,MEDIUM,MISCLASSIFICATION
TRACK_C_REALWORLD,Tomato,realworld_tomato,FARMER_FIELD_PHOTO,D:\CropDiseaseProject\results\model_robustness_audit\audit_images\track_c_realworld\tomato\Tomato___Leaf_Mold\pak_field_IMG-20240724-WA0109.jpg,Tomato___Leaf_Mold,3,Tomato___Late_blight,2,False,0.9956886172294617,4.665082542487653e-07,Tomato___Early_blight,0.0028784319292753935,Tomato___healthy,0.0009246942936442792,MEDIUM,MISCLASSIFICATION
TRACK_C_REALWORLD,Tomato,realworld_tomato,FARMER_FIELD_PHOTO,D:\CropDiseaseProject\results\model_robustness_audit\audit_images\track_c_realworld\tomato\Tomato___Leaf_Mold\pak_field_IMG-20240724-WA0110.jpg,Tomato___Leaf_Mold,3,Tomato___Septoria_leaf_spot,4,False,0.39985227584838867,2.5592430952237066e-10,Tomato___Early_blight,0.38987329602241516,Tomato___Late_blight,0.21024556457996368,MEDIUM,MISCLASSIFICATION
TRACK_C_REALWORLD,Tomato,realworld_tomato,FARMER_FIELD_PHOTO,D:\CropDiseaseProject\results\model_robustness_audit\audit_images\track_c_realworld\tomato\Tomato___Leaf_Mold\pak_field_IMG-20240724-WA0114.jpg,Tomato___Leaf_Mold,3,Tomato___Late_blight,2,False,0.9987934827804565,3.2009773304197964e-11,Tomato___Septoria_leaf_spot,0.0007009417749941349,Tomato___Early_blight,0.00031253177439793944,MEDIUM,MISCLASSIFICATION
TRACK_C_REALWORLD,Tomato,realworld_tomato,FARMER_FIELD_PHOTO,D:\CropDiseaseProject\results\model_robustness_audit\audit_images\track_c_realworld\tomato\Tomato___Leaf_Mold\pak_field_IMG-20240725-WA0017.jpg,Tomato___Leaf_Mold,3,Tomato___Septoria_leaf_spot,4,False,0.49805766344070435,6.326140010060044e-06,Tomato___Bacterial_spot,0.36359360814094543,Tomato___Early_blight,0.09796703606843948,MEDIUM,MISCLASSIFICATION
TRACK_C_REALWORLD,Tomato,realworld_tomato,FARMER_FIELD_PHOTO,D:\CropDiseaseProject\results\model_robustness_audit\audit_images\track_c_realworld\tomato\Tomato___Leaf_Mold\pak_field_IMG-20240725-WA0018.jpg,Tomato___Leaf_Mold,3,Tomato___Early_blight,1,False,0.6093703508377075,0.0014568751212209463,Tomato___Late_blight,0.3046928644180298,Tomato___Bacterial_spot,0.08134055137634277,MEDIUM,MISCLASSIFICATION
TRACK_C_REALWORLD,Tomato,realworld_tomato,FARMER_FIELD_PHOTO,D:\CropDiseaseProject\results\model_robustness_audit\audit_images\track_c_realworld\tomato\Tomato___Leaf_Mold\pak_field_IMG-20240725-WA0019.jpg,Tomato___Leaf_Mold,3,Tomato___Early_blight,1,False,0.8615373373031616,1.7497324478199516e-08,Tomato___Bacterial_spot,0.12389600276947021,Tomato___Late_blight,0.014466116204857826,MEDIUM,MISCLASSIFICATION
TRACK_C_REALWORLD,Tomato,realworld_tomato,FARMER_FIELD_PHOTO,D:\CropDiseaseProject\results\model_robustness_audit\audit_images\track_c_realworld\tomato\Tomato___Leaf_Mold\pak_field_IMG-20240725-WA0021.jpg,Tomato___Leaf_Mold,3,Tomato___Early_blight,1,False,0.8936843872070312,0.000587526592426002,Tomato___Tomato_Yellow_Leaf_Curl_Virus,0.06436576694250107,Tomato___Late_blight,0.041214391589164734,MEDIUM,MISCLASSIFICATION
TRACK_C_REALWORLD,Tomato,realworld_tomato,FARMER_FIELD_PHOTO,D:\CropDiseaseProject\results\model_robustness_audit\audit_images\track_c_realworld\tomato\Tomato___Leaf_Mold\pak_field_IMG-20240725-WA0024.jpg,Tomato___Leaf_Mold,3,Tomato___Late_blight,2,False,0.6271536946296692,7.200356776593253e-05,Tomato___Early_blight,0.2845536470413208,Tomato___Septoria_leaf_spot,0.06321942061185837,MEDIUM,MISCLASSIFICATION
TRACK_C_REALWORLD,Tomato,realworld_tomato,FARMER_FIELD_PHOTO,D:\CropDiseaseProject\results\model_robustness_audit\audit_images\track_c_realworld\tomato\Tomato___Leaf_Mold\pak_field_IMG-20240725-WA0025.jpg,Tomato___Leaf_Mold,3,Tomato___Septoria_leaf_spot,4,False,0.9658811092376709,5.060747554352929e-08,Tomato___Bacterial_spot,0.028908684849739075,Tomato___Early_blight,0.004756609443575144,MEDIUM,MISCLASSIFICATION
TRACK_C_REALWORLD,Tomato,realworld_tomato,FARMER_FIELD_PHOTO,D:\CropDiseaseProject\results\model_robustness_audit\audit_images\track_c_realworld\tomato\Tomato___Leaf_Mold\pak_field_IMG-20240725-WA0031.jpg,Tomato___Leaf_Mold,3,Tomato___Early_blight,1,False,0.9947015047073364,2.3243051145982463e-06,Tomato___Late_blight,0.0035537797957658768,Tomato___Septoria_leaf_spot,0.0011195093393325806,MEDIUM,MISCLASSIFICATION
TRACK_C_REALWORLD,Tomato,realworld_tomato,FARMER_FIELD_PHOTO,D:\CropDiseaseProject\results\model_robustness_audit\audit_images\track_c_realworld\tomato\Tomato___Leaf_Mold\pak_field_IMG-20240725-WA0033.jpg,Tomato___Leaf_Mold,3,Tomato___Late_blight,2,False,0.9934074878692627,1.0359352264899258e-09,Tomato___Early_blight,0.0033287403639405966,Tomato___Septoria_leaf_spot,0.0030329767614603043,MEDIUM,MISCLASSIFICATION
TRACK_C_REALWORLD,Tomato,realworld_tomato,FARMER_FIELD_PHOTO,D:\CropDiseaseProject\results\model_robustness_audit\audit_images\track_c_realworld\tomato\Tomato___Septoria_leaf_spot\pak_field_early-blight-closeup-sm.jpg,Tomato___Septoria_leaf_spot,4,Tomato___Early_blight,1,False,0.9999750852584839,1.8223362303615431e-06,Tomato___Late_blight,2.2282520149019547e-05,Tomato___Septoria_leaf_spot,1.8223362303615431e-06,HIGH,MISCLASSIFICATION
TRACK_C_REALWORLD,Tomato,realworld_tomato,FARMER_FIELD_PHOTO,D:\CropDiseaseProject\results\model_robustness_audit\audit_images\track_c_realworld\tomato\Tomato___Septoria_leaf_spot\pak_field_early-blight-of-tomato-tomato-1.jpg,Tomato___Septoria_leaf_spot,4,Tomato___Early_blight,1,False,0.523288905620575,0.4571821391582489,Tomato___Septoria_leaf_spot,0.4571821391582489,Tomato___Late_blight,0.014476812444627285,HIGH,MISCLASSIFICATION
TRACK_C_REALWORLD,Tomato,realworld_tomato,FARMER_FIELD_PHOTO,D:\CropDiseaseProject\results\model_robustness_audit\audit_images\track_c_realworld\tomato\Tomato___Septoria_leaf_spot\pak_field_earlyblightresize.jpg,Tomato___Septoria_leaf_spot,4,Tomato___Early_blight,1,False,0.9911786913871765,0.003421921283006668,Tomato___Late_blight,0.0049713109619915485,Tomato___Septoria_leaf_spot,0.003421921283006668,HIGH,MISCLASSIFICATION
TRACK_C_REALWORLD,Tomato,realworld_tomato,FARMER_FIELD_PHOTO,D:\CropDiseaseProject\results\model_robustness_audit\audit_images\track_c_realworld\tomato\Tomato___Septoria_leaf_spot\pak_field_early-blight-tomatoes-1200x746-1.jpg,Tomato___Septoria_leaf_spot,4,Tomato___Early_blight,1,False,0.9863905906677246,5.4437037988464e-07,Tomato___Late_blight,0.010567590594291687,Tomato___Tomato_Yellow_Leaf_Curl_Virus,0.002111233538016677,HIGH,MISCLASSIFICATION
TRACK_C_REALWORLD,Tomato,realworld_tomato,FARMER_FIELD_PHOTO,D:\CropDiseaseProject\results\model_robustness_audit\audit_images\track_c_realworld\tomato\Tomato___Septoria_leaf_spot\pak_field_early-tomato-blight.jpg,Tomato___Septoria_leaf_spot,4,Tomato___Early_blight,1,False,0.881805419921875,0.0011309887049719691,Tomato___Late_blight,0.11278311163187027,Tomato___Tomato_Yellow_Leaf_Curl_Virus,0.0034276109654456377,HIGH,MISCLASSIFICATION
TRACK_C_REALWORLD,Tomato,realworld_tomato,FARMER_FIELD_PHOTO,D:\CropDiseaseProject\results\model_robustness_audit\audit_images\track_c_realworld\tomato\Tomato___Septoria_leaf_spot\pak_field_EB__971_.jpg,Tomato___Septoria_leaf_spot,4,Tomato___Early_blight,1,False,0.9634602069854736,0.03543480858206749,Tomato___Septoria_leaf_spot,0.03543480858206749,Tomato___Tomato_Yellow_Leaf_Curl_Virus,0.0006620371714234352,HIGH,MISCLASSIFICATION
TRACK_C_REALWORLD,Tomato,realworld_tomato,FARMER_FIELD_PHOTO,D:\CropDiseaseProject\results\model_robustness_audit\audit_images\track_c_realworld\tomato\Tomato___Septoria_leaf_spot\pak_field_EB__978_.jpg,Tomato___Septoria_leaf_spot,4,Tomato___Late_blight,2,False,0.5683217644691467,2.251503929073806e-06,Tomato___Early_blight,0.36286184191703796,Tomato___Bacterial_spot,0.06774933636188507,HIGH,MISCLASSIFICATION
TRACK_C_REALWORLD,Tomato,realworld_tomato,FARMER_FIELD_PHOTO,D:\CropDiseaseProject\results\model_robustness_audit\audit_images\track_c_realworld\tomato\Tomato___Septoria_leaf_spot\pak_field_EB__985_.jpg,Tomato___Septoria_leaf_spot,4,Tomato___Septoria_leaf_spot,4,True,0.8871235847473145,0.8871235847473145,Tomato___Early_blight,0.10719168186187744,Tomato___Tomato_Yellow_Leaf_Curl_Virus,0.004142187535762787,HIGH,CORRECT
TRACK_C_REALWORLD,Tomato,realworld_tomato,FARMER_FIELD_PHOTO,D:\CropDiseaseProject\results\model_robustness_audit\audit_images\track_c_realworld\tomato\Tomato___Septoria_leaf_spot\pak_field_EB__988_.jpg,Tomato___Septoria_leaf_spot,4,Tomato___Tomato_Yellow_Leaf_Curl_Virus,7,False,0.6912420988082886,0.26729390025138855,Tomato___Septoria_leaf_spot,0.26729390025138855,Tomato___Early_blight,0.027220845222473145,HIGH,MISCLASSIFICATION
TRACK_C_REALWORLD,Tomato,realworld_tomato,FARMER_FIELD_PHOTO,D:\CropDiseaseProject\results\model_robustness_audit\audit_images\track_c_realworld\tomato\Tomato___Septoria_leaf_spot\pak_field_eb56b488e349c2de423ab6afbcc4bd5b_jpg.rf.55285dbd0f68011aa303f772d65a0a4d.jpg,Tomato___Septoria_leaf_spot,4,Tomato___Late_blight,2,False,0.4383663833141327,0.16691292822360992,Tomato___Early_blight,0.36687079071998596,Tomato___Septoria_leaf_spot,0.16691292822360992,HIGH,MISCLASSIFICATION
TRACK_C_REALWORLD,Tomato,realworld_tomato,FARMER_FIELD_PHOTO,D:\CropDiseaseProject\results\model_robustness_audit\audit_images\track_c_realworld\tomato\Tomato___Septoria_leaf_spot\pak_field_file96924.jpg,Tomato___Septoria_leaf_spot,4,Tomato___Early_blight,1,False,0.9996142387390137,5.623960532830097e-07,Tomato___Late_blight,0.00038167223101481795,Tomato___Bacterial_spot,1.9821695786959026e-06,HIGH,MISCLASSIFICATION
TRACK_C_REALWORLD,Tomato,realworld_tomato,FARMER_FIELD_PHOTO,D:\CropDiseaseProject\results\model_robustness_audit\audit_images\track_c_realworld\tomato\Tomato___Septoria_leaf_spot\pak_field_FS547-4-big.jpg,Tomato___Septoria_leaf_spot,4,Tomato___Early_blight,1,False,0.9091866612434387,0.0907851830124855,Tomato___Septoria_leaf_spot,0.0907851830124855,Tomato___Bacterial_spot,2.689398934307974e-05,HIGH,MISCLASSIFICATION
TRACK_C_REALWORLD,Tomato,realworld_tomato,FARMER_FIELD_PHOTO,D:\CropDiseaseProject\results\model_robustness_audit\audit_images\track_c_realworld\tomato\Tomato___Septoria_leaf_spot\pak_field_Gls1.jpg,Tomato___Septoria_leaf_spot,4,Tomato___Late_blight,2,False,0.4456770718097687,0.00010289969213772565,Tomato___Early_blight,0.35478195548057556,Tomato___Leaf_Mold,0.15893106162548065,HIGH,MISCLASSIFICATION
TRACK_C_REALWORLD,Tomato,realworld_tomato,FARMER_FIELD_PHOTO,D:\CropDiseaseProject\results\model_robustness_audit\audit_images\track_c_realworld\tomato\Tomato___Septoria_leaf_spot\pak_field_Gls11_mirror_vertical.jpg,Tomato___Septoria_leaf_spot,4,Tomato___Early_blight,1,False,0.9978316426277161,0.0003960969625040889,Tomato___Late_blight,0.0016747952904552221,Tomato___Septoria_leaf_spot,0.0003960969625040889,HIGH,MISCLASSIFICATION
TRACK_C_REALWORLD,Tomato,realworld_tomato,FARMER_FIELD_PHOTO,D:\CropDiseaseProject\results\model_robustness_audit\audit_images\track_c_realworld\tomato\Tomato___Septoria_leaf_spot\pak_field_Gls29.jpg,Tomato___Septoria_leaf_spot,4,Tomato___Septoria_leaf_spot,4,True,0.59376460313797,0.59376460313797,Tomato___Early_blight,0.402441143989563,Tomato___Late_blight,0.003315148176625371,HIGH,CORRECT
TRACK_C_REALWORLD,Tomato,realworld_tomato,FARMER_FIELD_PHOTO,D:\CropDiseaseProject\results\model_robustness_audit\audit_images\track_c_realworld\tomato\Tomato___Septoria_leaf_spot\pak_field_Gls32_mirror_vertical.jpg,Tomato___Septoria_leaf_spot,4,Tomato___Late_blight,2,False,0.8751394152641296,0.0003286304709035903,Tomato___Early_blight,0.12005312740802765,Tomato___Target_Spot,0.0026429956778883934,HIGH,MISCLASSIFICATION
TRACK_C_REALWORLD,Tomato,realworld_tomato,FARMER_FIELD_PHOTO,D:\CropDiseaseProject\results\model_robustness_audit\audit_images\track_c_realworld\tomato\Tomato___Septoria_leaf_spot\pak_field_Gls36.jpg,Tomato___Septoria_leaf_spot,4,Tomato___Early_blight,1,False,0.6595397591590881,0.1649288833141327,Tomato___Septoria_leaf_spot,0.1649288833141327,Tomato___Late_blight,0.15204434096813202,HIGH,MISCLASSIFICATION
TRACK_C_REALWORLD,Tomato,realworld_tomato,FARMER_FIELD_PHOTO,D:\CropDiseaseProject\results\model_robustness_audit\audit_images\track_c_realworld\tomato\Tomato___Septoria_leaf_spot\pak_field_Gls37.jpg,Tomato___Septoria_leaf_spot,4,Tomato___Early_blight,1,False,0.857695996761322,0.09028550982475281,Tomato___Septoria_leaf_spot,0.09028550982475281,Tomato___Late_blight,0.03656366840004921,HIGH,MISCLASSIFICATION
TRACK_C_REALWORLD,Tomato,realworld_tomato,FARMER_FIELD_PHOTO,D:\CropDiseaseProject\results\model_robustness_audit\audit_images\track_c_realworld\tomato\Tomato___Septoria_leaf_spot\pak_field_Gls37_change_90.jpg,Tomato___Septoria_leaf_spot,4,Tomato___Early_blight,1,False,0.9628118276596069,0.03694342076778412,Tomato___Septoria_leaf_spot,0.03694342076778412,Tomato___Late_blight,0.00019264454022049904,HIGH,MISCLASSIFICATION
TRACK_C_REALWORLD,Tomato,realworld_tomato,FARMER_FIELD_PHOTO,D:\CropDiseaseProject\results\model_robustness_audit\audit_images\track_c_realworld\tomato\Tomato___Septoria_leaf_spot\pak_field_Gls38.jpg,Tomato___Septoria_leaf_spot,4,Tomato___Early_blight,1,False,0.405175119638443,0.000993817113339901,Tomato___Bacterial_spot,0.38167619705200195,Tomato___Leaf_Mold,0.1990223526954651,HIGH,MISCLASSIFICATION
TRACK_C_REALWORLD,Tomato,realworld_tomato,FARMER_FIELD_PHOTO,D:\CropDiseaseProject\results\model_robustness_audit\audit_images\track_c_realworld\tomato\Tomato___Tomato_Yellow_Leaf_Curl_Virus\pak_field_IMG_20251102_155156.jpg,Tomato___Tomato_Yellow_Leaf_Curl_Virus,7,Tomato___Late_blight,2,False,0.9630981683731079,4.86214135619889e-09,Tomato___Early_blight,0.03655729442834854,Tomato___Septoria_leaf_spot,0.00023800514463800937,HIGH,MISCLASSIFICATION
TRACK_C_REALWORLD,Tomato,realworld_tomato,FARMER_FIELD_PHOTO,D:\CropDiseaseProject\results\model_robustness_audit\audit_images\track_c_realworld\tomato\Tomato___Tomato_Yellow_Leaf_Curl_Virus\pak_field_IMG_20251102_155213.jpg,Tomato___Tomato_Yellow_Leaf_Curl_Virus,7,Tomato___Late_blight,2,False,0.7281827926635742,3.4856934689742047e-06,Tomato___healthy,0.1747528612613678,Tomato___Early_blight,0.0901734009385109,HIGH,MISCLASSIFICATION
TRACK_C_REALWORLD,Tomato,realworld_tomato,FARMER_FIELD_PHOTO,D:\CropDiseaseProject\results\model_robustness_audit\audit_images\track_c_realworld\tomato\Tomato___Tomato_Yellow_Leaf_Curl_Virus\pak_field_IMG_20251102_155358.jpg,Tomato___Tomato_Yellow_Leaf_Curl_Virus,7,Tomato___Late_blight,2,False,0.8336712121963501,0.00017845687398221344,Tomato___Early_blight,0.15216098725795746,Tomato___Target_Spot,0.010344300419092178,HIGH,MISCLASSIFICATION
TRACK_C_REALWORLD,Tomato,realworld_tomato,FARMER_FIELD_PHOTO,D:\CropDiseaseProject\results\model_robustness_audit\audit_images\track_c_realworld\tomato\Tomato___Tomato_Yellow_Leaf_Curl_Virus\pak_field_IMG_20251102_155916.jpg,Tomato___Tomato_Yellow_Leaf_Curl_Virus,7,Tomato___Late_blight,2,False,0.9756690263748169,3.2102591376315104e-06,Tomato___Early_blight,0.024274859577417374,Tomato___Leaf_Mold,2.4317536372109316e-05,HIGH,MISCLASSIFICATION
TRACK_C_REALWORLD,Tomato,realworld_tomato,FARMER_FIELD_PHOTO,D:\CropDiseaseProject\results\model_robustness_audit\audit_images\track_c_realworld\tomato\Tomato___Tomato_Yellow_Leaf_Curl_Virus\pak_field_IMG_20251102_155927.jpg,Tomato___Tomato_Yellow_Leaf_Curl_Virus,7,Tomato___Early_blight,1,False,0.764065146446228,1.7755133474572915e-10,Tomato___Late_blight,0.2359316647052765,Tomato___Bacterial_spot,2.5153249225695617e-06,HIGH,MISCLASSIFICATION
TRACK_C_REALWORLD,Tomato,realworld_tomato,FARMER_FIELD_PHOTO,D:\CropDiseaseProject\results\model_robustness_audit\audit_images\track_c_realworld\tomato\Tomato___Tomato_Yellow_Leaf_Curl_Virus\pak_field_IMG_20251102_160455.jpg,Tomato___Tomato_Yellow_Leaf_Curl_Virus,7,Tomato___Late_blight,2,False,0.7132887244224548,0.0005718893371522427,Tomato___Early_blight,0.2860662341117859,Tomato___Tomato_Yellow_Leaf_Curl_Virus,0.0005718893371522427,HIGH,MISCLASSIFICATION
TRACK_C_REALWORLD,Tomato,realworld_tomato,FARMER_FIELD_PHOTO,D:\CropDiseaseProject\results\model_robustness_audit\audit_images\track_c_realworld\tomato\Tomato___Tomato_Yellow_Leaf_Curl_Virus\pak_field_IMG_20251102_160553.jpg,Tomato___Tomato_Yellow_Leaf_Curl_Virus,7,Tomato___Late_blight,2,False,0.998721182346344,1.033947501127841e-05,Tomato___Early_blight,0.0010276068933308125,Tomato___Septoria_leaf_spot,0.00015368638560175896,HIGH,MISCLASSIFICATION
TRACK_C_REALWORLD,Tomato,realworld_tomato,FARMER_FIELD_PHOTO,D:\CropDiseaseProject\results\model_robustness_audit\audit_images\track_c_realworld\tomato\Tomato___Tomato_Yellow_Leaf_Curl_Virus\pak_field_IMG_20251102_161543.jpg,Tomato___Tomato_Yellow_Leaf_Curl_Virus,7,Tomato___Late_blight,2,False,0.9833118915557861,0.0001230597699759528,Tomato___Early_blight,0.0164958406239748,Tomato___Tomato_Yellow_Leaf_Curl_Virus,0.0001230597699759528,HIGH,MISCLASSIFICATION
TRACK_C_REALWORLD,Tomato,realworld_tomato,FARMER_FIELD_PHOTO,D:\CropDiseaseProject\results\model_robustness_audit\audit_images\track_c_realworld\tomato\Tomato___Tomato_Yellow_Leaf_Curl_Virus\pak_field_IMG_20251102_161547.jpg,Tomato___Tomato_Yellow_Leaf_Curl_Virus,7,Tomato___Early_blight,1,False,0.6552203893661499,1.7041869796230458e-05,Tomato___Late_blight,0.3426662087440491,Tomato___Bacterial_spot,0.0012394360965117812,HIGH,MISCLASSIFICATION
TRACK_C_REALWORLD,Tomato,realworld_tomato,FARMER_FIELD_PHOTO,D:\CropDiseaseProject\results\model_robustness_audit\audit_images\track_c_realworld\tomato\Tomato___Tomato_Yellow_Leaf_Curl_Virus\pak_field_IMG_20251102_161617.jpg,Tomato___Tomato_Yellow_Leaf_Curl_Virus,7,Tomato___Late_blight,2,False,0.9864946603775024,1.1600400640077169e-08,Tomato___Early_blight,0.013494787737727165,Tomato___Target_Spot,4.644969067157945e-06,HIGH,MISCLASSIFICATION
TRACK_C_REALWORLD,Tomato,realworld_tomato,FARMER_FIELD_PHOTO,D:\CropDiseaseProject\results\model_robustness_audit\audit_images\track_c_realworld\tomato\Tomato___Tomato_Yellow_Leaf_Curl_Virus\pak_field_IMG_20251102_161626.jpg,Tomato___Tomato_Yellow_Leaf_Curl_Virus,7,Tomato___Late_blight,2,False,0.9997422099113464,1.2547507139970548e-06,Tomato___Early_blight,0.0001609189494047314,Tomato___healthy,7.20812677172944e-05,HIGH,MISCLASSIFICATION
TRACK_C_REALWORLD,Tomato,realworld_tomato,FARMER_FIELD_PHOTO,D:\CropDiseaseProject\results\model_robustness_audit\audit_images\track_c_realworld\tomato\Tomato___Tomato_Yellow_Leaf_Curl_Virus\pak_field_latest_cb_20100719124603.jpg,Tomato___Tomato_Yellow_Leaf_Curl_Virus,7,Tomato___Tomato_Yellow_Leaf_Curl_Virus,7,True,0.6816128492355347,0.6816128492355347,Tomato___Late_blight,0.3174722194671631,Tomato___Early_blight,0.0006205202080309391,HIGH,CORRECT
TRACK_C_REALWORLD,Tomato,realworld_tomato,FARMER_FIELD_PHOTO,D:\CropDiseaseProject\results\model_robustness_audit\audit_images\track_c_realworld\tomato\Tomato___Tomato_Yellow_Leaf_Curl_Virus\pak_field_leaf_20curl_3.jpg,Tomato___Tomato_Yellow_Leaf_Curl_Virus,7,Tomato___Tomato_Yellow_Leaf_Curl_Virus,7,True,0.4851154685020447,0.4851154685020447,Tomato___Late_blight,0.3019598424434662,Tomato___healthy,0.12368638813495636,HIGH,CORRECT
TRACK_C_REALWORLD,Tomato,realworld_tomato,FARMER_FIELD_PHOTO,D:\CropDiseaseProject\results\model_robustness_audit\audit_images\track_c_realworld\tomato\Tomato___Tomato_Yellow_Leaf_Curl_Virus\pak_field_psyllid-yellows.jpg,Tomato___Tomato_Yellow_Leaf_Curl_Virus,7,Tomato___Late_blight,2,False,0.8226626515388489,0.0036418011877685785,Tomato___healthy,0.125151127576828,Tomato___Septoria_leaf_spot,0.03193463385105133,HIGH,MISCLASSIFICATION
TRACK_C_REALWORLD,Tomato,realworld_tomato,FARMER_FIELD_PHOTO,D:\CropDiseaseProject\results\model_robustness_audit\audit_images\track_c_realworld\tomato\Tomato___Tomato_Yellow_Leaf_Curl_Virus\pak_field_r_tomato.jpg,Tomato___Tomato_Yellow_Leaf_Curl_Virus,7,Tomato___Late_blight,2,False,0.9760117530822754,0.0008954443619586527,Tomato___healthy,0.019712941721081734,Tomato___Septoria_leaf_spot,0.002023365581408143,HIGH,MISCLASSIFICATION
TRACK_C_REALWORLD,Tomato,realworld_tomato,FARMER_FIELD_PHOTO,D:\CropDiseaseProject\results\model_robustness_audit\audit_images\track_c_realworld\tomato\Tomato___Tomato_Yellow_Leaf_Curl_Virus\pak_field_s-prasanth-kumar-young-scientist-awarded-presentation-2-728.jpg,Tomato___Tomato_Yellow_Leaf_Curl_Virus,7,Tomato___Late_blight,2,False,0.9888935685157776,0.0011429329169914126,Tomato___Septoria_leaf_spot,0.004486272111535072,Tomato___Early_blight,0.0028734703082591295,HIGH,MISCLASSIFICATION
TRACK_C_REALWORLD,Tomato,realworld_tomato,FARMER_FIELD_PHOTO,D:\CropDiseaseProject\results\model_robustness_audit\audit_images\track_c_realworld\tomato\Tomato___Tomato_Yellow_Leaf_Curl_Virus\pak_field_tj5itxzunn3k.jpg,Tomato___Tomato_Yellow_Leaf_Curl_Virus,7,Tomato___Late_blight,2,False,0.9997610449790955,1.464949036744656e-05,Tomato___Early_blight,0.00020891643362119794,Tomato___Tomato_Yellow_Leaf_Curl_Virus,1.464949036744656e-05,HIGH,MISCLASSIFICATION
TRACK_C_REALWORLD,Tomato,realworld_tomato,FARMER_FIELD_PHOTO,D:\CropDiseaseProject\results\model_robustness_audit\audit_images\track_c_realworld\tomato\Tomato___Tomato_Yellow_Leaf_Curl_Virus\pak_field_tomato_yellow_leaf_curl_virus.jpg,Tomato___Tomato_Yellow_Leaf_Curl_Virus,7,Tomato___Late_blight,2,False,0.9768247008323669,0.004022732377052307,Tomato___Septoria_leaf_spot,0.016176477074623108,Tomato___Tomato_Yellow_Leaf_Curl_Virus,0.004022732377052307,HIGH,MISCLASSIFICATION
TRACK_C_REALWORLD,Tomato,realworld_tomato,FARMER_FIELD_PHOTO,D:\CropDiseaseProject\results\model_robustness_audit\audit_images\track_c_realworld\tomato\Tomato___Tomato_Yellow_Leaf_Curl_Virus\pak_field_Tomato2.jpg,Tomato___Tomato_Yellow_Leaf_Curl_Virus,7,Tomato___Late_blight,2,False,0.6568248271942139,0.01657083071768284,Tomato___healthy,0.26015496253967285,Tomato___Early_blight,0.04361612722277641,HIGH,MISCLASSIFICATION
TRACK_C_REALWORLD,Tomato,realworld_tomato,FARMER_FIELD_PHOTO,D:\CropDiseaseProject\results\model_robustness_audit\audit_images\track_c_realworld\tomato\Tomato___Tomato_Yellow_Leaf_Curl_Virus\pak_field_tomato-plant-virus-tomato-yellow-leaf-curl-virus-tomato-plant-disease-mosaic-virus.jpg,Tomato___Tomato_Yellow_Leaf_Curl_Virus,7,Tomato___Late_blight,2,False,0.9663837552070618,0.017581699416041374,Tomato___Tomato_Yellow_Leaf_Curl_Virus,0.017581699416041374,Tomato___healthy,0.011468678712844849,HIGH,MISCLASSIFICATION
TRACK_C_REALWORLD,Tomato,realworld_tomato,FARMER_FIELD_PHOTO,D:\CropDiseaseProject\results\model_robustness_audit\audit_images\track_c_realworld\tomato\Tomato___healthy\pak_field_h81.jpg,Tomato___healthy,9,Tomato___Late_blight,2,False,0.9356525540351868,5.9751062508439645e-05,Tomato___Early_blight,0.06016642600297928,Tomato___Septoria_leaf_spot,0.003995942883193493,HIGH,MISCLASSIFICATION
TRACK_C_REALWORLD,Tomato,realworld_tomato,FARMER_FIELD_PHOTO,D:\CropDiseaseProject\results\model_robustness_audit\audit_images\track_c_realworld\tomato\Tomato___healthy\pak_field_h9_change_90.jpg,Tomato___healthy,9,Tomato___Late_blight,2,False,0.8242813944816589,0.06414846330881119,Tomato___healthy,0.06414846330881119,Tomato___Early_blight,0.051200833171606064,HIGH,MISCLASSIFICATION
TRACK_C_REALWORLD,Tomato,realworld_tomato,FARMER_FIELD_PHOTO,D:\CropDiseaseProject\results\model_robustness_audit\audit_images\track_c_realworld\tomato\Tomato___healthy\pak_field_h95_mirror.jpg,Tomato___healthy,9,Tomato___Tomato_Yellow_Leaf_Curl_Virus,7,False,0.8734119534492493,7.707714644311636e-07,Tomato___Early_blight,0.10671579837799072,Tomato___Late_blight,0.01620747521519661,HIGH,MISCLASSIFICATION
TRACK_C_REALWORLD,Tomato,realworld_tomato,FARMER_FIELD_PHOTO,D:\CropDiseaseProject\results\model_robustness_audit\audit_images\track_c_realworld\tomato\Tomato___healthy\pak_field_h96.jpg,Tomato___healthy,9,Tomato___Early_blight,1,False,0.989013671875,2.960663891826698e-07,Tomato___Late_blight,0.010222209617495537,Tomato___Septoria_leaf_spot,0.0007593454793095589,HIGH,MISCLASSIFICATION
TRACK_C_REALWORLD,Tomato,realworld_tomato,FARMER_FIELD_PHOTO,D:\CropDiseaseProject\results\model_robustness_audit\audit_images\track_c_realworld\tomato\Tomato___healthy\pak_field_h98_change_180.jpg,Tomato___healthy,9,Tomato___Late_blight,2,False,0.7922306060791016,5.434319064079318e-06,Tomato___Early_blight,0.19675986468791962,Tomato___Bacterial_spot,0.0037728887982666492,HIGH,MISCLASSIFICATION
TRACK_C_REALWORLD,Tomato,realworld_tomato,FARMER_FIELD_PHOTO,D:\CropDiseaseProject\results\model_robustness_audit\audit_images\track_c_realworld\tomato\Tomato___healthy\pak_field_h99.jpg,Tomato___healthy,9,Tomato___Early_blight,1,False,0.6498358845710754,3.6506424549997973e-08,Tomato___Late_blight,0.30008628964424133,Tomato___Bacterial_spot,0.04989570751786232,HIGH,MISCLASSIFICATION
TRACK_C_REALWORLD,Tomato,realworld_tomato,FARMER_FIELD_PHOTO,D:\CropDiseaseProject\results\model_robustness_audit\audit_images\track_c_realworld\tomato\Tomato___healthy\pak_field_HL__99_.jpg,Tomato___healthy,9,Tomato___Early_blight,1,False,0.9999148845672607,2.1901777613742013e-10,Tomato___Late_blight,8.51133227115497e-05,Tomato___Septoria_leaf_spot,2.250656550017993e-09,HIGH,MISCLASSIFICATION
TRACK_C_REALWORLD,Tomato,realworld_tomato,FARMER_FIELD_PHOTO,D:\CropDiseaseProject\results\model_robustness_audit\audit_images\track_c_realworld\tomato\Tomato___healthy\pak_field_images__1_.jpg,Tomato___healthy,9,Tomato___Early_blight,1,False,0.5536165833473206,1.9100887129752664e-06,Tomato___Late_blight,0.44196707010269165,Tomato___Bacterial_spot,0.0034065896179527044,HIGH,MISCLASSIFICATION
TRACK_C_REALWORLD,Tomato,realworld_tomato,FARMER_FIELD_PHOTO,D:\CropDiseaseProject\results\model_robustness_audit\audit_images\track_c_realworld\tomato\Tomato___healthy\pak_field_IMG_20251102_152940.jpg,Tomato___healthy,9,Tomato___Late_blight,2,False,0.9546229839324951,4.3873827962670475e-05,Tomato___Early_blight,0.043505653738975525,Tomato___Bacterial_spot,0.0014147196197882295,HIGH,MISCLASSIFICATION
TRACK_C_REALWORLD,Tomato,realworld_tomato,FARMER_FIELD_PHOTO,D:\CropDiseaseProject\results\model_robustness_audit\audit_images\track_c_realworld\tomato\Tomato___healthy\pak_field_IMG_20251102_153304.jpg,Tomato___healthy,9,Tomato___Early_blight,1,False,0.9667885899543762,5.677122771885479e-07,Tomato___Late_blight,0.021128695458173752,Tomato___Bacterial_spot,0.008030268363654613,HIGH,MISCLASSIFICATION
TRACK_C_REALWORLD,Tomato,realworld_tomato,FARMER_FIELD_PHOTO,D:\CropDiseaseProject\results\model_robustness_audit\audit_images\track_c_realworld\tomato\Tomato___healthy\pak_field_IMG_20251102_153353.jpg,Tomato___healthy,9,Tomato___Late_blight,2,False,0.9711384177207947,0.0002119369455613196,Tomato___Early_blight,0.02774840220808983,Tomato___Septoria_leaf_spot,0.0008028894080780447,HIGH,MISCLASSIFICATION
TRACK_C_REALWORLD,Tomato,realworld_tomato,FARMER_FIELD_PHOTO,D:\CropDiseaseProject\results\model_robustness_audit\audit_images\track_c_realworld\tomato\Tomato___healthy\pak_field_IMG_20251102_153538.jpg,Tomato___healthy,9,Tomato___Late_blight,2,False,0.9891623258590698,0.004165241494774818,Tomato___Early_blight,0.006409529596567154,Tomato___healthy,0.004165241494774818,HIGH,MISCLASSIFICATION
TRACK_C_REALWORLD,Tomato,realworld_tomato,FARMER_FIELD_PHOTO,D:\CropDiseaseProject\results\model_robustness_audit\audit_images\track_c_realworld\tomato\Tomato___healthy\pak_field_IMG_20251102_155139.jpg,Tomato___healthy,9,Tomato___Late_blight,2,False,0.9071691632270813,0.00013161308015696704,Tomato___Early_blight,0.0882684662938118,Tomato___Bacterial_spot,0.003366227960214019,HIGH,MISCLASSIFICATION
TRACK_C_REALWORLD,Tomato,realworld_tomato,FARMER_FIELD_PHOTO,D:\CropDiseaseProject\results\model_robustness_audit\audit_images\track_c_realworld\tomato\Tomato___healthy\pak_field_IMG_20251102_160342.jpg,Tomato___healthy,9,Tomato___Late_blight,2,False,0.9760269522666931,1.291547050641384e-05,Tomato___Early_blight,0.02394736185669899,Tomato___healthy,1.291547050641384e-05,HIGH,MISCLASSIFICATION
TRACK_C_REALWORLD,Tomato,realworld_tomato,FARMER_FIELD_PHOTO,D:\CropDiseaseProject\results\model_robustness_audit\audit_images\track_c_realworld\tomato\Tomato___healthy\pak_field_IMG_20251102_161615.jpg,Tomato___healthy,9,Tomato___Late_blight,2,False,0.950691819190979,8.761489880271256e-07,Tomato___Early_blight,0.04543454200029373,Tomato___Bacterial_spot,0.003262161510065198,HIGH,MISCLASSIFICATION
TRACK_C_REALWORLD,Tomato,realworld_tomato,FARMER_FIELD_PHOTO,D:\CropDiseaseProject\results\model_robustness_audit\audit_images\track_c_realworld\tomato\Tomato___healthy\pak_field_IMG_20251102_161616.jpg,Tomato___healthy,9,Tomato___Late_blight,2,False,0.9108310341835022,1.7144667197044328e-07,Tomato___Early_blight,0.08101202547550201,Tomato___Bacterial_spot,0.008093908429145813,HIGH,MISCLASSIFICATION
TRACK_C_REALWORLD,Tomato,realworld_tomato,FARMER_FIELD_PHOTO,D:\CropDiseaseProject\results\model_robustness_audit\audit_images\track_c_realworld\tomato\Tomato___healthy\pak_field_IMG_20251102_161618.jpg,Tomato___healthy,9,Tomato___Early_blight,1,False,0.9856686592102051,5.733291175147315e-08,Tomato___Late_blight,0.007356144953519106,Tomato___Bacterial_spot,0.004279905464500189,HIGH,MISCLASSIFICATION
TRACK_C_REALWORLD,Tomato,realworld_tomato,FARMER_FIELD_PHOTO,D:\CropDiseaseProject\results\model_robustness_audit\audit_images\track_c_realworld\tomato\Tomato___healthy\pak_field_IMG_20251102_161619.jpg,Tomato___healthy,9,Tomato___Early_blight,1,False,0.7880204319953918,2.059918551822193e-05,Tomato___Late_blight,0.16939114034175873,Tomato___Septoria_leaf_spot,0.039886534214019775,HIGH,MISCLASSIFICATION
TRACK_C_REALWORLD,Tomato,realworld_tomato,FARMER_FIELD_PHOTO,D:\CropDiseaseProject\results\model_robustness_audit\audit_images\track_c_realworld\tomato\Tomato___healthy\pak_field_IMG_20251102_161622.jpg,Tomato___healthy,9,Tomato___Early_blight,1,False,0.6758590340614319,4.6727734570595203e-07,Tomato___Late_blight,0.3119174838066101,Tomato___Septoria_leaf_spot,0.008093440905213356,HIGH,MISCLASSIFICATION
TRACK_C_REALWORLD,Tomato,realworld_tomato,FARMER_FIELD_PHOTO,D:\CropDiseaseProject\results\model_robustness_audit\audit_images\track_c_realworld\tomato\Tomato___healthy\pak_field_IMG_20251102_161624.jpg,Tomato___healthy,9,Tomato___Late_blight,2,False,0.9139050841331482,1.788243025657721e-05,Tomato___Early_blight,0.05073564127087593,Tomato___Bacterial_spot,0.02725083939731121,HIGH,MISCLASSIFICATION
TRACK_D_CROSS_CROP,Tomato,cross_crop_grape_to_tomato,Grape Held-Out Test,D:\CropDiseaseProject\grape_niphad\Downy Mildew\Downy Mildew_608.jpg,Cross-Crop: Grape,-1,Tomato___Tomato_Yellow_Leaf_Curl_Virus,7,False,0.7472795844078064,0.0,Tomato___Bacterial_spot,0.08729316294193268,Tomato___Septoria_leaf_spot,0.07038141787052155,N/A,CROSS_CROP_FALSE_ALARM
TRACK_D_CROSS_CROP,Tomato,cross_crop_grape_to_tomato,Grape Held-Out Test,D:\CropDiseaseProject\grape_2024\healthy\healthy533.jpg,Cross-Crop: Grape,-1,Tomato___Tomato_Yellow_Leaf_Curl_Virus,7,False,0.6700149774551392,0.0,Tomato___Septoria_leaf_spot,0.28537848591804504,Tomato___healthy,0.04188637062907219,N/A,CROSS_CROP_FALSE_ALARM
TRACK_D_CROSS_CROP,Tomato,cross_crop_grape_to_tomato,Grape Held-Out Test,D:\CropDiseaseProject\grape_niphad\Downy Mildew\Downy Mildew_773.jpg,Cross-Crop: Grape,-1,Tomato___Bacterial_spot,0,False,0.6194763779640198,0.0,Tomato___Septoria_leaf_spot,0.3575846552848816,Tomato___Early_blight,0.014427230693399906,N/A,CROSS_CROP_FALSE_ALARM
TRACK_D_CROSS_CROP,Tomato,cross_crop_grape_to_tomato,Grape Held-Out Test,D:\CropDiseaseProject\grape_2024\healthy\healthy008.jpg,Cross-Crop: Grape,-1,Tomato___Septoria_leaf_spot,4,False,0.7736861109733582,0.0,Tomato___Late_blight,0.21053293347358704,Tomato___Early_blight,0.008739273063838482,N/A,CROSS_CROP_FALSE_ALARM
TRACK_D_CROSS_CROP,Tomato,cross_crop_grape_to_tomato,Grape Held-Out Test,D:\CropDiseaseProject\grape_2024\leaf blight\leaf blight021.jpg,Cross-Crop: Grape,-1,Tomato___Septoria_leaf_spot,4,False,0.9680174589157104,0.0,Tomato___Early_blight,0.031863871961832047,Tomato___Bacterial_spot,0.0001134339690906927,N/A,CROSS_CROP_FALSE_ALARM
TRACK_D_CROSS_CROP,Tomato,cross_crop_grape_to_tomato,Grape Held-Out Test,D:\CropDiseaseProject\grape_2024\esca\esca871.jpg,Cross-Crop: Grape,-1,Tomato___Late_blight,2,False,0.9964796900749207,0.0,Tomato___Early_blight,0.0032279579900205135,Tomato___Bacterial_spot,0.0002901617845054716,N/A,CROSS_CROP_FALSE_ALARM
TRACK_D_CROSS_CROP,Tomato,cross_crop_grape_to_tomato,Grape Held-Out Test,D:\CropDiseaseProject\grape_niphad\Healthy Leaves\Healthy Leaves_608.jpg,Cross-Crop: Grape,-1,Tomato___Bacterial_spot,0,False,0.5448572635650635,0.0,Tomato___Late_blight,0.34026437997817993,Tomato___Early_blight,0.08626241981983185,N/A,CROSS_CROP_FALSE_ALARM
TRACK_D_CROSS_CROP,Tomato,cross_crop_grape_to_tomato,Grape Held-Out Test,D:\CropDiseaseProject\grape_2024\Black rot\black rot663.jpg,Cross-Crop: Grape,-1,Tomato___Early_blight,1,False,0.7636673450469971,0.0,Tomato___Bacterial_spot,0.10822205245494843,Tomato___Septoria_leaf_spot,0.06556117534637451,N/A,CROSS_CROP_FALSE_ALARM
TRACK_D_CROSS_CROP,Tomato,cross_crop_grape_to_tomato,Grape Held-Out Test,D:\CropDiseaseProject\grape_niphad\Downy Mildew\Downy Mildew_821.jpg,Cross-Crop: Grape,-1,Tomato___Septoria_leaf_spot,4,False,0.8955696225166321,0.0,Tomato___Late_blight,0.0524098165333271,Tomato___Tomato_Yellow_Leaf_Curl_Virus,0.026836121454834938,N/A,CROSS_CROP_FALSE_ALARM
TRACK_D_CROSS_CROP,Tomato,cross_crop_grape_to_tomato,Grape Held-Out Test,D:\CropDiseaseProject\grape_2024\healthy\healthy291.jpg,Cross-Crop: Grape,-1,Tomato___Septoria_leaf_spot,4,False,0.8999373912811279,0.0,Tomato___Late_blight,0.08018564432859421,Tomato___Early_blight,0.017916372045874596,N/A,CROSS_CROP_FALSE_ALARM
TRACK_D_CROSS_CROP,Tomato,cross_crop_grape_to_tomato,Grape Held-Out Test,D:\CropDiseaseProject\grape_niphad\Healthy Leaves\Healthy Leaves_43.jpg,Cross-Crop: Grape,-1,Tomato___Late_blight,2,False,0.5313443541526794,0.0,Tomato___Bacterial_spot,0.34994396567344666,Tomato___Early_blight,0.06036524102091789,N/A,CROSS_CROP_FALSE_ALARM
TRACK_D_CROSS_CROP,Tomato,cross_crop_grape_to_tomato,Grape Held-Out Test,D:\CropDiseaseProject\grape_2024\healthy\healthy1047.jpg,Cross-Crop: Grape,-1,Tomato___Late_blight,2,False,0.4300178289413452,0.0,Tomato___Bacterial_spot,0.26275596022605896,Tomato___Septoria_leaf_spot,0.2081776261329651,N/A,CROSS_CROP_FALSE_ALARM
TRACK_D_CROSS_CROP,Tomato,cross_crop_grape_to_tomato,Grape Held-Out Test,D:\CropDiseaseProject\grape_2024\healthy\healthy406.jpg,Cross-Crop: Grape,-1,Tomato___Late_blight,2,False,0.9998458623886108,0.0,Tomato___Early_blight,0.00015209594857878983,Tomato___Septoria_leaf_spot,1.29084867239726e-06,N/A,CROSS_CROP_FALSE_ALARM
TRACK_D_CROSS_CROP,Tomato,cross_crop_grape_to_tomato,Grape Held-Out Test,D:\CropDiseaseProject\grape_2024\leaf blight\leaf blight454.jpg,Cross-Crop: Grape,-1,Tomato___Early_blight,1,False,0.998950183391571,0.0,Tomato___Late_blight,0.0007087201811373234,Tomato___Target_Spot,0.0002857500221580267,N/A,CROSS_CROP_FALSE_ALARM
TRACK_D_CROSS_CROP,Tomato,cross_crop_grape_to_tomato,Grape Held-Out Test,D:\CropDiseaseProject\grape_2024\healthy\healthy1085.jpg,Cross-Crop: Grape,-1,Tomato___Septoria_leaf_spot,4,False,0.9550861716270447,0.0,Tomato___Bacterial_spot,0.028299346566200256,Tomato___Tomato_Yellow_Leaf_Curl_Virus,0.013320965692400932,N/A,CROSS_CROP_FALSE_ALARM
TRACK_D_CROSS_CROP,Tomato,cross_crop_grape_to_tomato,Grape Held-Out Test,D:\CropDiseaseProject\grape_2024\Black rot\black rot477.jpg,Cross-Crop: Grape,-1,Tomato___Late_blight,2,False,0.7712814211845398,0.0,Tomato___Early_blight,0.2244352251291275,Tomato___Septoria_leaf_spot,0.0019684198778122663,N/A,CROSS_CROP_FALSE_ALARM
TRACK_D_CROSS_CROP,Tomato,cross_crop_grape_to_tomato,Grape Held-Out Test,D:\CropDiseaseProject\grape_2024\esca\esca503.jpg,Cross-Crop: Grape,-1,Tomato___Bacterial_spot,0,False,0.9413379430770874,0.0,Tomato___Early_blight,0.038693733513355255,Tomato___Late_blight,0.019966017454862595,N/A,CROSS_CROP_FALSE_ALARM
TRACK_D_CROSS_CROP,Tomato,cross_crop_grape_to_tomato,Grape Held-Out Test,D:\CropDiseaseProject\grape_2024\esca\esca837.jpg,Cross-Crop: Grape,-1,Tomato___Early_blight,1,False,0.849327027797699,0.0,Tomato___Late_blight,0.14543360471725464,Tomato___Tomato_Yellow_Leaf_Curl_Virus,0.0050456328317523,N/A,CROSS_CROP_FALSE_ALARM
TRACK_D_CROSS_CROP,Tomato,cross_crop_grape_to_tomato,Grape Held-Out Test,D:\CropDiseaseProject\grape_2024\esca\esca802.jpg,Cross-Crop: Grape,-1,Tomato___Late_blight,2,False,0.9057542085647583,0.0,Tomato___Early_blight,0.07761262357234955,Tomato___Bacterial_spot,0.008507595397531986,N/A,CROSS_CROP_FALSE_ALARM
TRACK_D_CROSS_CROP,Tomato,cross_crop_grape_to_tomato,Grape Held-Out Test,D:\CropDiseaseProject\grape_niphad\Downy Mildew\Downy Mildew_447.jpg,Cross-Crop: Grape,-1,Tomato___Septoria_leaf_spot,4,False,0.7523516416549683,0.0,Tomato___Bacterial_spot,0.1238892525434494,Tomato___Early_blight,0.05487746000289917,N/A,CROSS_CROP_FALSE_ALARM
TRACK_D_CROSS_CROP,Tomato,cross_crop_grape_to_tomato,Grape Held-Out Test,D:\CropDiseaseProject\grape_niphad\Downy Mildew\Downy Mildew_102.jpg,Cross-Crop: Grape,-1,Tomato___Bacterial_spot,0,False,0.5918689370155334,0.0,Tomato___Early_blight,0.23433350026607513,Tomato___Septoria_leaf_spot,0.1689918339252472,N/A,CROSS_CROP_FALSE_ALARM
TRACK_D_CROSS_CROP,Tomato,cross_crop_grape_to_tomato,Grape Held-Out Test,D:\CropDiseaseProject\grape_niphad\Downy Mildew\Downy Mildew_884.jpg,Cross-Crop: Grape,-1,Tomato___Tomato_Yellow_Leaf_Curl_Virus,7,False,0.6314736008644104,0.0,Tomato___Septoria_leaf_spot,0.1709604412317276,Tomato___Early_blight,0.14837704598903656,N/A,CROSS_CROP_FALSE_ALARM
TRACK_D_CROSS_CROP,Tomato,cross_crop_grape_to_tomato,Grape Held-Out Test,D:\CropDiseaseProject\grape_2024\Black rot\black rot254.jpg,Cross-Crop: Grape,-1,Tomato___Early_blight,1,False,0.48379218578338623,0.0,Tomato___Late_blight,0.38584816455841064,Tomato___Septoria_leaf_spot,0.1152791902422905,N/A,CROSS_CROP_FALSE_ALARM
TRACK_D_CROSS_CROP,Tomato,cross_crop_grape_to_tomato,Grape Held-Out Test,D:\CropDiseaseProject\grape_niphad\Healthy Leaves\Healthy Leaves_59.jpg,Cross-Crop: Grape,-1,Tomato___Bacterial_spot,0,False,0.843155562877655,0.0,Tomato___Late_blight,0.1193888783454895,Tomato___Septoria_leaf_spot,0.03466407209634781,N/A,CROSS_CROP_FALSE_ALARM
TRACK_D_CROSS_CROP,Tomato,cross_crop_grape_to_tomato,Grape Held-Out Test,D:\CropDiseaseProject\grape_2024\esca\esca322.jpg,Cross-Crop: Grape,-1,Tomato___Late_blight,2,False,0.9071024656295776,0.0,Tomato___Early_blight,0.05713992193341255,Tomato___Septoria_leaf_spot,0.021750306710600853,N/A,CROSS_CROP_FALSE_ALARM
TRACK_D_CROSS_CROP,Tomato,cross_crop_chilli_to_tomato,Chilli Held-Out Test,D:\CropDiseaseProject\chilli_cold\cerocospora\IMG_4053.JPG,Cross-Crop: Chilli,-1,Tomato___Early_blight,1,False,0.9679186344146729,0.0,Tomato___Target_Spot,0.029709557071328163,Tomato___Late_blight,0.0022403020411729813,N/A,CROSS_CROP_FALSE_ALARM
TRACK_D_CROSS_CROP,Tomato,cross_crop_chilli_to_tomato,Chilli Held-Out Test,D:\CropDiseaseProject\chilli_cold\nutritional deficiency\IMG_3285.JPG,Cross-Crop: Chilli,-1,Tomato___Early_blight,1,False,0.9991142153739929,0.0,Tomato___Late_blight,0.0008046238217502832,Tomato___Leaf_Mold,3.2668696803739294e-05,N/A,CROSS_CROP_FALSE_ALARM
TRACK_D_CROSS_CROP,Tomato,cross_crop_chilli_to_tomato,Chilli Held-Out Test,D:\CropDiseaseProject\chilli_cold\healthy\IMG_3918.JPG,Cross-Crop: Chilli,-1,Tomato___Late_blight,2,False,0.8074331879615784,0.0,Tomato___Early_blight,0.1912391185760498,Tomato___healthy,0.0012363226851448417,N/A,CROSS_CROP_FALSE_ALARM
TRACK_D_CROSS_CROP,Tomato,cross_crop_chilli_to_tomato,Chilli Held-Out Test,D:\CropDiseaseProject\chilli_cold\cerocospora\IMG_5237.JPG,Cross-Crop: Chilli,-1,Tomato___Early_blight,1,False,0.9991087317466736,0.0,Tomato___Late_blight,0.0007378493319265544,Tomato___Septoria_leaf_spot,9.6052375738509e-05,N/A,CROSS_CROP_FALSE_ALARM
TRACK_D_CROSS_CROP,Tomato,cross_crop_chilli_to_tomato,Chilli Held-Out Test,D:\CropDiseaseProject\chilli_cold\murda complex\IMG_5639.JPG,Cross-Crop: Chilli,-1,Tomato___Late_blight,2,False,0.9584394693374634,0.0,Tomato___Early_blight,0.04153820499777794,Tomato___Septoria_leaf_spot,1.9309018171043135e-05,N/A,CROSS_CROP_FALSE_ALARM
TRACK_D_CROSS_CROP,Tomato,cross_crop_chilli_to_tomato,Chilli Held-Out Test,D:\CropDiseaseProject\chilli_cold\nutritional deficiency\IMG_3427.JPG,Cross-Crop: Chilli,-1,Tomato___Early_blight,1,False,0.9999933242797852,0.0,Tomato___Late_blight,2.8798087896575453e-06,Tomato___Tomato_Yellow_Leaf_Curl_Virus,2.8203860438225092e-06,N/A,CROSS_CROP_FALSE_ALARM
TRACK_D_CROSS_CROP,Tomato,cross_crop_chilli_to_tomato,Chilli Held-Out Test,D:\CropDiseaseProject\chilli_cold\cerocospora\IMG_5082.JPG,Cross-Crop: Chilli,-1,Tomato___Early_blight,1,False,0.9974096417427063,0.0,Tomato___Tomato_Yellow_Leaf_Curl_Virus,0.002224080730229616,Tomato___Late_blight,0.00023599510313943028,N/A,CROSS_CROP_FALSE_ALARM
TRACK_D_CROSS_CROP,Tomato,cross_crop_chilli_to_tomato,Chilli Held-Out Test,D:\CropDiseaseProject\chilli_cold\cerocospora\IMG_5226.JPG,Cross-Crop: Chilli,-1,Tomato___Early_blight,1,False,0.8982533812522888,0.0,Tomato___Late_blight,0.10158736258745193,Tomato___Bacterial_spot,9.125526412390172e-05,N/A,CROSS_CROP_FALSE_ALARM
TRACK_D_CROSS_CROP,Tomato,cross_crop_chilli_to_tomato,Chilli Held-Out Test,D:\CropDiseaseProject\chilli_cold\powdery mildew\IMG_5589.JPG,Cross-Crop: Chilli,-1,Tomato___Late_blight,2,False,0.9500633478164673,0.0,Tomato___Early_blight,0.048821672797203064,Tomato___Tomato_Yellow_Leaf_Curl_Virus,0.000902378058526665,N/A,CROSS_CROP_FALSE_ALARM
TRACK_D_CROSS_CROP,Tomato,cross_crop_chilli_to_tomato,Chilli Held-Out Test,D:\CropDiseaseProject\chilli_cold\cerocospora\IMG_4233.JPG,Cross-Crop: Chilli,-1,Tomato___Early_blight,1,False,0.9003217220306396,0.0,Tomato___Late_blight,0.09954258799552917,Tomato___Bacterial_spot,0.00010257608664687723,N/A,CROSS_CROP_FALSE_ALARM
TRACK_D_CROSS_CROP,Tomato,cross_crop_chilli_to_tomato,Chilli Held-Out Test,D:\CropDiseaseProject\chilli_cold\cerocospora\IMG_5153.JPG,Cross-Crop: Chilli,-1,Tomato___Late_blight,2,False,0.6957921385765076,0.0,Tomato___Early_blight,0.30027487874031067,Tomato___Bacterial_spot,0.002586373593658209,N/A,CROSS_CROP_FALSE_ALARM
TRACK_D_CROSS_CROP,Tomato,cross_crop_chilli_to_tomato,Chilli Held-Out Test,D:\CropDiseaseProject\chilli_cold\cerocospora\IMG_5371.JPG,Cross-Crop: Chilli,-1,Tomato___Early_blight,1,False,0.9379971623420715,0.0,Tomato___Late_blight,0.06187652423977852,Tomato___Leaf_Mold,0.00011836198973469436,N/A,CROSS_CROP_FALSE_ALARM
TRACK_D_CROSS_CROP,Tomato,cross_crop_chilli_to_tomato,Chilli Held-Out Test,D:\CropDiseaseProject\chilli_cold\healthy\IMG_3572.JPG,Cross-Crop: Chilli,-1,Tomato___Early_blight,1,False,0.8202367424964905,0.0,Tomato___Septoria_leaf_spot,0.07392574846744537,Tomato___Bacterial_spot,0.06149645894765854,N/A,CROSS_CROP_FALSE_ALARM
TRACK_D_CROSS_CROP,Tomato,cross_crop_chilli_to_tomato,Chilli Held-Out Test,D:\CropDiseaseProject\chilli_cold\cerocospora\IMG_5315.JPG,Cross-Crop: Chilli,-1,Tomato___Early_blight,1,False,0.9879454374313354,0.0,Tomato___Late_blight,0.012052171863615513,Tomato___Septoria_leaf_spot,2.260525434394367e-06,N/A,CROSS_CROP_FALSE_ALARM
TRACK_D_CROSS_CROP,Tomato,cross_crop_chilli_to_tomato,Chilli Held-Out Test,D:\CropDiseaseProject\chilli_cold\cerocospora\IMG_4145.JPG,Cross-Crop: Chilli,-1,Tomato___Early_blight,1,False,0.9993688464164734,0.0,Tomato___Late_blight,0.0006032657693140209,Tomato___Target_Spot,2.7760546799981967e-05,N/A,CROSS_CROP_FALSE_ALARM
TRACK_D_CROSS_CROP,Tomato,cross_crop_chilli_to_tomato,Chilli Held-Out Test,D:\CropDiseaseProject\chilli_cold\murda complex\IMG_4750.JPG,Cross-Crop: Chilli,-1,Tomato___Early_blight,1,False,0.9943634271621704,0.0,Tomato___Late_blight,0.005636383779346943,Tomato___Bacterial_spot,1.677480696571365e-07,N/A,CROSS_CROP_FALSE_ALARM
TRACK_D_CROSS_CROP,Tomato,cross_crop_chilli_to_tomato,Chilli Held-Out Test,D:\CropDiseaseProject\chilli_cold\cerocospora\IMG_5228.JPG,Cross-Crop: Chilli,-1,Tomato___Early_blight,1,False,0.9593766331672668,0.0,Tomato___Bacterial_spot,0.02287277951836586,Tomato___Late_blight,0.015819143503904343,N/A,CROSS_CROP_FALSE_ALARM
TRACK_D_CROSS_CROP,Tomato,cross_crop_chilli_to_tomato,Chilli Held-Out Test,D:\CropDiseaseProject\chilli_cold\powdery mildew\IMG_5609.JPG,Cross-Crop: Chilli,-1,Tomato___Late_blight,2,False,0.5368507504463196,0.0,Tomato___Early_blight,0.4630330801010132,Tomato___Bacterial_spot,0.00010065030073747039,N/A,CROSS_CROP_FALSE_ALARM
TRACK_D_CROSS_CROP,Tomato,cross_crop_chilli_to_tomato,Chilli Held-Out Test,D:\CropDiseaseProject\chilli_cold\cerocospora\IMG_4669.JPG,Cross-Crop: Chilli,-1,Tomato___Early_blight,1,False,0.9998984336853027,0.0,Tomato___Bacterial_spot,9.773292549652979e-05,Tomato___Late_blight,3.4248687370563857e-06,N/A,CROSS_CROP_FALSE_ALARM
TRACK_D_CROSS_CROP,Tomato,cross_crop_chilli_to_tomato,Chilli Held-Out Test,D:\CropDiseaseProject\chilli_cold\cerocospora\IMG_4624.JPG,Cross-Crop: Chilli,-1,Tomato___Early_blight,1,False,0.9921851754188538,0.0,Tomato___Late_blight,0.007798913866281509,Tomato___Target_Spot,1.4250661479309201e-05,N/A,CROSS_CROP_FALSE_ALARM
TRACK_D_CROSS_CROP,Tomato,cross_crop_chilli_to_tomato,Chilli Held-Out Test,D:\CropDiseaseProject\chilli_cold\nutritional deficiency\IMG_3372.JPG,Cross-Crop: Chilli,-1,Tomato___Late_blight,2,False,0.8057317733764648,0.0,Tomato___Early_blight,0.19381743669509888,Tomato___Target_Spot,0.000434273446444422,N/A,CROSS_CROP_FALSE_ALARM
TRACK_D_CROSS_CROP,Tomato,cross_crop_chilli_to_tomato,Chilli Held-Out Test,D:\CropDiseaseProject\chilli_cold\cerocospora\IMG_4777.JPG,Cross-Crop: Chilli,-1,Tomato___Early_blight,1,False,0.9160358905792236,0.0,Tomato___Late_blight,0.08396335691213608,Tomato___Target_Spot,4.376866513666755e-07,N/A,CROSS_CROP_FALSE_ALARM
TRACK_D_CROSS_CROP,Tomato,cross_crop_chilli_to_tomato,Chilli Held-Out Test,D:\CropDiseaseProject\chilli_cold\nutritional deficiency\IMG_4872.JPG,Cross-Crop: Chilli,-1,Tomato___Early_blight,1,False,0.9782617092132568,0.0,Tomato___Late_blight,0.021736990660429,Tomato___Tomato_Yellow_Leaf_Curl_Virus,1.1918170912394999e-06,N/A,CROSS_CROP_FALSE_ALARM
TRACK_D_CROSS_CROP,Tomato,cross_crop_chilli_to_tomato,Chilli Held-Out Test,D:\CropDiseaseProject\chilli_cold\nutritional deficiency\IMG_4931.JPG,Cross-Crop: Chilli,-1,Tomato___Early_blight,1,False,0.9871368408203125,0.0,Tomato___Bacterial_spot,0.012594577856361866,Tomato___Late_blight,0.0002539119450375438,N/A,CROSS_CROP_FALSE_ALARM
TRACK_D_CROSS_CROP,Tomato,cross_crop_chilli_to_tomato,Chilli Held-Out Test,D:\CropDiseaseProject\chilli_cold\powdery mildew\IMG_5678.JPG,Cross-Crop: Chilli,-1,Tomato___Late_blight,2,False,0.9938850998878479,0.0,Tomato___Early_blight,0.0050382609479129314,Tomato___Leaf_Mold,0.0008054011850617826,N/A,CROSS_CROP_FALSE_ALARM
TRACK_D_CROSS_CROP,Tomato,cross_crop_sugarcane_to_tomato,Sugarcane Held-Out Test,D:\CropDiseaseProject\sugarcane_large\Diseases\Viral Disease\Viral Disease553.jpg,Cross-Crop: Sugarcane,-1,Tomato___Tomato_Yellow_Leaf_Curl_Virus,7,False,0.9755458831787109,0.0,Tomato___Leaf_Mold,0.023273229598999023,Tomato___Late_blight,0.0011807814007624984,N/A,CROSS_CROP_FALSE_ALARM
TRACK_D_CROSS_CROP,Tomato,cross_crop_sugarcane_to_tomato,Sugarcane Held-Out Test,D:\CropDiseaseProject\sugarcane_large\Diseases\Brown Spot\image297.jpg,Cross-Crop: Sugarcane,-1,Tomato___Late_blight,2,False,0.9243732690811157,0.0,Tomato___Tomato_Yellow_Leaf_Curl_Virus,0.04909379035234451,Tomato___Leaf_Mold,0.021923599764704704,N/A,CROSS_CROP_FALSE_ALARM
TRACK_D_CROSS_CROP,Tomato,cross_crop_sugarcane_to_tomato,Sugarcane Held-Out Test,D:\CropDiseaseProject\sugarcane_maharashtra\Rust\rust (453).jpeg,Cross-Crop: Sugarcane,-1,Tomato___Tomato_Yellow_Leaf_Curl_Virus,7,False,0.999530553817749,0.0,Tomato___Late_blight,0.0004684776649810374,Tomato___Early_blight,8.271048841379525e-07,N/A,CROSS_CROP_FALSE_ALARM
TRACK_D_CROSS_CROP,Tomato,cross_crop_sugarcane_to_tomato,Sugarcane Held-Out Test,D:\CropDiseaseProject\sugarcane_large\Healthy Leaves\image114.jpg,Cross-Crop: Sugarcane,-1,Tomato___Tomato_Yellow_Leaf_Curl_Virus,7,False,0.9325370192527771,0.0,Tomato___Late_blight,0.06670743972063065,Tomato___Early_blight,0.0007489629206247628,N/A,CROSS_CROP_FALSE_ALARM
TRACK_D_CROSS_CROP,Tomato,cross_crop_sugarcane_to_tomato,Sugarcane Held-Out Test,D:\CropDiseaseProject\sugarcane_large\Diseases\Yellow Leaf\Yellow Leaf650.jpg,Cross-Crop: Sugarcane,-1,Tomato___Tomato_Yellow_Leaf_Curl_Virus,7,False,0.999925971031189,0.0,Tomato___Leaf_Mold,3.687899879878387e-05,Tomato___Late_blight,3.6871337215416133e-05,N/A,CROSS_CROP_FALSE_ALARM
TRACK_D_CROSS_CROP,Tomato,cross_crop_sugarcane_to_tomato,Sugarcane Held-Out Test,D:\CropDiseaseProject\sugarcane_large\Diseases\Brown Spot\image659.jpg,Cross-Crop: Sugarcane,-1,Tomato___Tomato_Yellow_Leaf_Curl_Virus,7,False,0.7929264903068542,0.0,Tomato___Late_blight,0.20686331391334534,Tomato___Leaf_Mold,0.00014629869838245213,N/A,CROSS_CROP_FALSE_ALARM
TRACK_D_CROSS_CROP,Tomato,cross_crop_sugarcane_to_tomato,Sugarcane Held-Out Test,D:\CropDiseaseProject\sugarcane_large\Diseases\Brown Spot\image904.jpg,Cross-Crop: Sugarcane,-1,Tomato___Tomato_Yellow_Leaf_Curl_Virus,7,False,0.9961512684822083,0.0,Tomato___Leaf_Mold,0.0037864430341869593,Tomato___Late_blight,5.6598441005917266e-05,N/A,CROSS_CROP_FALSE_ALARM
TRACK_D_CROSS_CROP,Tomato,cross_crop_sugarcane_to_tomato,Sugarcane Held-Out Test,D:\CropDiseaseProject\sugarcane_large\Diseases\Brown Spot\image1496.jpg,Cross-Crop: Sugarcane,-1,Tomato___Late_blight,2,False,0.9578714370727539,0.0,Tomato___Tomato_Yellow_Leaf_Curl_Virus,0.04205920919775963,Tomato___Early_blight,6.639968341914937e-05,N/A,CROSS_CROP_FALSE_ALARM
TRACK_D_CROSS_CROP,Tomato,cross_crop_sugarcane_to_tomato,Sugarcane Held-Out Test,D:\CropDiseaseProject\sugarcane_maharashtra\Mosaic\mosaic (92).jpeg,Cross-Crop: Sugarcane,-1,Tomato___Late_blight,2,False,0.9077692031860352,0.0,Tomato___Tomato_Yellow_Leaf_Curl_Virus,0.09195147454738617,Tomato___Early_blight,0.0002400567173026502,N/A,CROSS_CROP_FALSE_ALARM
TRACK_D_CROSS_CROP,Tomato,cross_crop_sugarcane_to_tomato,Sugarcane Held-Out Test,D:\CropDiseaseProject\sugarcane_maharashtra\RedRot\redrot (169).jpeg,Cross-Crop: Sugarcane,-1,Tomato___Late_blight,2,False,0.9882484674453735,0.0,Tomato___Tomato_Yellow_Leaf_Curl_Virus,0.006500626914203167,Tomato___Early_blight,0.004971891641616821,N/A,CROSS_CROP_FALSE_ALARM
TRACK_D_CROSS_CROP,Tomato,cross_crop_sugarcane_to_tomato,Sugarcane Held-Out Test,D:\CropDiseaseProject\sugarcane_maharashtra\Rust\rust (151).jpeg,Cross-Crop: Sugarcane,-1,Tomato___Leaf_Mold,3,False,0.7166358828544617,0.0,Tomato___Late_blight,0.26407140493392944,Tomato___Tomato_Yellow_Leaf_Curl_Virus,0.01682133786380291,N/A,CROSS_CROP_FALSE_ALARM
TRACK_D_CROSS_CROP,Tomato,cross_crop_sugarcane_to_tomato,Sugarcane Held-Out Test,D:\CropDiseaseProject\sugarcane_large\Diseases\Yellow Leaf\Yellow Leaf813.jpg,Cross-Crop: Sugarcane,-1,Tomato___Tomato_Yellow_Leaf_Curl_Virus,7,False,0.9878827333450317,0.0,Tomato___Late_blight,0.01153823547065258,Tomato___Leaf_Mold,0.0005356009351089597,N/A,CROSS_CROP_FALSE_ALARM
TRACK_D_CROSS_CROP,Tomato,cross_crop_sugarcane_to_tomato,Sugarcane Held-Out Test,D:\CropDiseaseProject\sugarcane_large\Diseases\Banded Chlorosis\image320.jpg,Cross-Crop: Sugarcane,-1,Tomato___Tomato_Yellow_Leaf_Curl_Virus,7,False,0.9884282946586609,0.0,Tomato___Leaf_Mold,0.006881680339574814,Tomato___Late_blight,0.0034446455538272858,N/A,CROSS_CROP_FALSE_ALARM
TRACK_D_CROSS_CROP,Tomato,cross_crop_sugarcane_to_tomato,Sugarcane Held-Out Test,D:\CropDiseaseProject\sugarcane_large\Diseases\Yellow Leaf\Yellow Leaf913.jpg,Cross-Crop: Sugarcane,-1,Tomato___Tomato_Yellow_Leaf_Curl_Virus,7,False,0.88759845495224,0.0,Tomato___Late_blight,0.07381240278482437,Tomato___Leaf_Mold,0.03238249197602272,N/A,CROSS_CROP_FALSE_ALARM
TRACK_D_CROSS_CROP,Tomato,cross_crop_sugarcane_to_tomato,Sugarcane Held-Out Test,D:\CropDiseaseProject\sugarcane_maharashtra\Yellow\yellow (483).jpeg,Cross-Crop: Sugarcane,-1,Tomato___Late_blight,2,False,0.8046569228172302,0.0,Tomato___Tomato_Yellow_Leaf_Curl_Virus,0.19452384114265442,Tomato___Bacterial_spot,0.0007785863126628101,N/A,CROSS_CROP_FALSE_ALARM
TRACK_D_CROSS_CROP,Tomato,cross_crop_sugarcane_to_tomato,Sugarcane Held-Out Test,D:\CropDiseaseProject\sugarcane_large\Diseases\Yellow Leaf\Yellow Leaf1013.jpg,Cross-Crop: Sugarcane,-1,Tomato___Late_blight,2,False,0.9999605417251587,0.0,Tomato___Early_blight,2.1582640329143032e-05,Tomato___Tomato_Yellow_Leaf_Curl_Virus,1.749965304043144e-05,N/A,CROSS_CROP_FALSE_ALARM
TRACK_D_CROSS_CROP,Tomato,cross_crop_sugarcane_to_tomato,Sugarcane Held-Out Test,D:\CropDiseaseProject\sugarcane_large\Diseases\smut\Smut238.jpg,Cross-Crop: Sugarcane,-1,Tomato___Late_blight,2,False,0.9999741315841675,0.0,Tomato___Tomato_Yellow_Leaf_Curl_Virus,2.5861707399599254e-05,Tomato___Leaf_Mold,1.0438118147604314e-09,N/A,CROSS_CROP_FALSE_ALARM
TRACK_D_CROSS_CROP,Tomato,cross_crop_sugarcane_to_tomato,Sugarcane Held-Out Test,D:\CropDiseaseProject\sugarcane_maharashtra\Healthy\healthy (359).jpeg,Cross-Crop: Sugarcane,-1,Tomato___Late_blight,2,False,0.8064774870872498,0.0,Tomato___Tomato_Yellow_Leaf_Curl_Virus,0.19341610372066498,Tomato___Bacterial_spot,6.745192513335496e-05,N/A,CROSS_CROP_FALSE_ALARM
TRACK_D_CROSS_CROP,Tomato,cross_crop_sugarcane_to_tomato,Sugarcane Held-Out Test,D:\CropDiseaseProject\sugarcane_large\Diseases\Grassy shoot\image264.jpg,Cross-Crop: Sugarcane,-1,Tomato___Late_blight,2,False,0.9999871253967285,0.0,Tomato___Tomato_Yellow_Leaf_Curl_Virus,1.0966314221150242e-05,Tomato___Leaf_Mold,1.513020038146351e-06,N/A,CROSS_CROP_FALSE_ALARM
TRACK_D_CROSS_CROP,Tomato,cross_crop_sugarcane_to_tomato,Sugarcane Held-Out Test,D:\CropDiseaseProject\sugarcane_large\Diseases\Brown Spot\image1699.jpg,Cross-Crop: Sugarcane,-1,Tomato___Late_blight,2,False,1.0,0.0,Tomato___Early_blight,1.0256444582523727e-09,Tomato___Bacterial_spot,4.92282381525655e-10,N/A,CROSS_CROP_FALSE_ALARM
TRACK_D_CROSS_CROP,Tomato,cross_crop_sugarcane_to_tomato,Sugarcane Held-Out Test,D:\CropDiseaseProject\sugarcane_maharashtra\Mosaic\mosaic (63).jpeg,Cross-Crop: Sugarcane,-1,Tomato___Tomato_Yellow_Leaf_Curl_Virus,7,False,0.9962490200996399,0.0,Tomato___Late_blight,0.0037448639050126076,Tomato___Early_blight,3.1678600862505846e-06,N/A,CROSS_CROP_FALSE_ALARM
TRACK_D_CROSS_CROP,Tomato,cross_crop_sugarcane_to_tomato,Sugarcane Held-Out Test,D:\CropDiseaseProject\sugarcane_maharashtra\Healthy\healthy (181).jpeg,Cross-Crop: Sugarcane,-1,Tomato___Late_blight,2,False,0.9868898391723633,0.0,Tomato___Tomato_Yellow_Leaf_Curl_Virus,0.013091831468045712,Tomato___Leaf_Mold,1.1548031579877716e-05,N/A,CROSS_CROP_FALSE_ALARM
TRACK_D_CROSS_CROP,Tomato,cross_crop_sugarcane_to_tomato,Sugarcane Held-Out Test,D:\CropDiseaseProject\sugarcane_large\Diseases\Viral Disease\Viral Disease262.jpg,Cross-Crop: Sugarcane,-1,Tomato___Tomato_Yellow_Leaf_Curl_Virus,7,False,0.9917311072349548,0.0,Tomato___Late_blight,0.008246596902608871,Tomato___Leaf_Mold,2.2231353796087205e-05,N/A,CROSS_CROP_FALSE_ALARM
TRACK_D_CROSS_CROP,Tomato,cross_crop_sugarcane_to_tomato,Sugarcane Held-Out Test,D:\CropDiseaseProject\sugarcane_large\Diseases\Brown Spot\image635.jpg,Cross-Crop: Sugarcane,-1,Tomato___Tomato_Yellow_Leaf_Curl_Virus,7,False,0.9922996163368225,0.0,Tomato___Late_blight,0.007631649728864431,Tomato___Leaf_Mold,6.347997987177223e-05,N/A,CROSS_CROP_FALSE_ALARM
TRACK_D_CROSS_CROP,Tomato,cross_crop_sugarcane_to_tomato,Sugarcane Held-Out Test,D:\CropDiseaseProject\sugarcane_maharashtra\Healthy\healthy (365).jpeg,Cross-Crop: Sugarcane,-1,Tomato___Tomato_Yellow_Leaf_Curl_Virus,7,False,1.0,0.0,Tomato___Late_blight,3.3079253114465246e-08,Tomato___Early_blight,1.7031460963767842e-10,N/A,CROSS_CROP_FALSE_ALARM
TRACK_D_CROSS_CROP,Grape,cross_crop_tomato_to_grape,Tomato Held-Out Test,D:\CropDiseaseProject\tomato_plantvillage\Tomato___healthy\651c7556-f25e-46b9-97db-4793a2a3b642___RS_HL 0219.JPG,Cross-Crop: Tomato,-1,Healthy Leaves,4,False,0.9681017994880676,0.0,Powdery Mildew,0.031852975487709045,Bacterial Leaf Spot,2.5971010472858325e-05,N/A,CROSS_CROP_FALSE_ALARM
TRACK_D_CROSS_CROP,Grape,cross_crop_tomato_to_grape,Tomato Held-Out Test,D:\CropDiseaseProject\tomato_plantvillage\Tomato___Septoria_leaf_spot\0806cabf-f026-43bd-a508-0e8e5a185341___Matt.S_CG 1266.JPG,Cross-Crop: Tomato,-1,Powdery Mildew,6,False,0.9723601341247559,0.0,Leaf Blight,0.012597616761922836,Black Rot,0.00574041623622179,N/A,CROSS_CROP_FALSE_ALARM
TRACK_D_CROSS_CROP,Grape,cross_crop_tomato_to_grape,Tomato Held-Out Test,D:\CropDiseaseProject\tomato_plantvillage\Tomato___Leaf_Mold\a6a109c7-b0f1-4475-8b50-22681c59a909___Crnl_L.Mold 6551.JPG,Cross-Crop: Tomato,-1,Downy Mildew,2,False,0.4910445809364319,0.0,Healthy Leaves,0.47148752212524414,Powdery Mildew,0.037363942712545395,N/A,CROSS_CROP_FALSE_ALARM
TRACK_D_CROSS_CROP,Grape,cross_crop_tomato_to_grape,Tomato Held-Out Test,D:\CropDiseaseProject\tomato_plantvillage\Tomato___Late_blight\16984239-2e67-407e-b600-4a3666500534___RS_Late.B 5182.JPG,Cross-Crop: Tomato,-1,Downy Mildew,2,False,0.7762929201126099,0.0,Powdery Mildew,0.21100977063179016,Black Rot,0.005705051124095917,N/A,CROSS_CROP_FALSE_ALARM
TRACK_D_CROSS_CROP,Grape,cross_crop_tomato_to_grape,Tomato Held-Out Test,D:\CropDiseaseProject\tomato_plantvillage\Tomato___Late_blight\6560f944-521b-4ed7-981d-39c66953e598___GHLB2 Leaf 8850.JPG,Cross-Crop: Tomato,-1,Bacterial Leaf Spot,0,False,0.8295063972473145,0.0,Powdery Mildew,0.09694608300924301,Healthy Leaves,0.04494765028357506,N/A,CROSS_CROP_FALSE_ALARM
TRACK_D_CROSS_CROP,Grape,cross_crop_tomato_to_grape,Tomato Held-Out Test,D:\CropDiseaseProject\tomato_plantvillage\Tomato___Septoria_leaf_spot\fa477e80-af35-4ef8-b16b-78e0f884f737___Matt.S_CG 2715.JPG,Cross-Crop: Tomato,-1,Downy Mildew,2,False,0.9695793986320496,0.0,Black Rot,0.025452638044953346,Powdery Mildew,0.0015701104421168566,N/A,CROSS_CROP_FALSE_ALARM
TRACK_D_CROSS_CROP,Grape,cross_crop_tomato_to_grape,Tomato Held-Out Test,D:\CropDiseaseProject\tomato_plantvillage\Tomato___Bacterial_spot\2a43c0fa-a3dc-4f6d-a9e9-cb4274ae019f___GCREC_Bact.Sp 3621.JPG,Cross-Crop: Tomato,-1,Healthy Leaves,4,False,0.8752487301826477,0.0,Powdery Mildew,0.11761382222175598,Downy Mildew,0.006813304498791695,N/A,CROSS_CROP_FALSE_ALARM
TRACK_D_CROSS_CROP,Grape,cross_crop_tomato_to_grape,Tomato Held-Out Test,D:\CropDiseaseProject\tomato_plantvillage\Tomato___Late_blight\54b808b7-ab47-4ce0-992c-cc02588ec6a9___GHLB2 Leaf 8623.JPG,Cross-Crop: Tomato,-1,Bacterial Leaf Spot,0,False,0.7522094249725342,0.0,Powdery Mildew,0.20473381876945496,Downy Mildew,0.021428026258945465,N/A,CROSS_CROP_FALSE_ALARM
TRACK_D_CROSS_CROP,Grape,cross_crop_tomato_to_grape,Tomato Held-Out Test,D:\CropDiseaseProject\tomato_plantvillage\Tomato___Early_blight\6ccc0cdb-d420-4bc6-9a1a-d195a0521c19___RS_Erly.B 9437.JPG,Cross-Crop: Tomato,-1,Downy Mildew,2,False,0.6820576786994934,0.0,Powdery Mildew,0.29685214161872864,Esca (Black Measles),0.019175659865140915,N/A,CROSS_CROP_FALSE_ALARM
TRACK_D_CROSS_CROP,Grape,cross_crop_tomato_to_grape,Tomato Held-Out Test,D:\CropDiseaseProject\tomato_plantvillage\Tomato___Bacterial_spot\b7c4e0c0-a388-44e8-9c5c-d2db995557ab___GCREC_Bact.Sp 3667.JPG,Cross-Crop: Tomato,-1,Healthy Leaves,4,False,0.7713725566864014,0.0,Powdery Mildew,0.21766340732574463,Downy Mildew,0.008832888677716255,N/A,CROSS_CROP_FALSE_ALARM
TRACK_D_CROSS_CROP,Grape,cross_crop_tomato_to_grape,Tomato Held-Out Test,D:\CropDiseaseProject\tomato_plantvillage\Tomato___Septoria_leaf_spot\e65190f0-97e9-44a6-bcb8-9fe7d42e9200___Matt.S_CG 7413.JPG,Cross-Crop: Tomato,-1,Powdery Mildew,6,False,0.8396404981613159,0.0,Downy Mildew,0.0727899819612503,Healthy Leaves,0.046582020819187164,N/A,CROSS_CROP_FALSE_ALARM
TRACK_D_CROSS_CROP,Grape,cross_crop_tomato_to_grape,Tomato Held-Out Test,D:\CropDiseaseProject\tomato_plantvillage\Tomato___healthy\f0037c61-001d-4b1f-b794-5b5ab49d50d5___RS_HL 0527.JPG,Cross-Crop: Tomato,-1,Healthy Leaves,4,False,0.9112412333488464,0.0,Powdery Mildew,0.08673371374607086,Bacterial Leaf Spot,0.001797273987904191,N/A,CROSS_CROP_FALSE_ALARM
TRACK_D_CROSS_CROP,Grape,cross_crop_tomato_to_grape,Tomato Held-Out Test,D:\CropDiseaseProject\tomato_plantvillage\Tomato___Tomato_mosaic_virus\59f9754c-2d49-4a74-ba11-4f9a017c8348___PSU_CG 2200.JPG,Cross-Crop: Tomato,-1,Powdery Mildew,6,False,0.5942224860191345,0.0,Healthy Leaves,0.3808829188346863,Downy Mildew,0.019465018063783646,N/A,CROSS_CROP_FALSE_ALARM
TRACK_D_CROSS_CROP,Grape,cross_crop_tomato_to_grape,Tomato Held-Out Test,D:\CropDiseaseProject\tomato_plantvillage\Tomato___Late_blight\4c42cb8f-e57f-48a5-bff2-8a8629d7505b___RS_Late.B 6869.JPG,Cross-Crop: Tomato,-1,Healthy Leaves,4,False,0.9750596880912781,0.0,Powdery Mildew,0.016985923051834106,Black Rot,0.006484880577772856,N/A,CROSS_CROP_FALSE_ALARM
TRACK_D_CROSS_CROP,Grape,cross_crop_tomato_to_grape,Tomato Held-Out Test,D:\CropDiseaseProject\tomato_plantvillage\Tomato___Tomato_Yellow_Leaf_Curl_Virus\1cba0a0a-1e54-4ce9-b88c-722a6e8e12b7___YLCV_GCREC 2409.JPG,Cross-Crop: Tomato,-1,Healthy Leaves,4,False,0.9525037407875061,0.0,Powdery Mildew,0.024316847324371338,Downy Mildew,0.013313447125256062,N/A,CROSS_CROP_FALSE_ALARM
TRACK_D_CROSS_CROP,Grape,cross_crop_tomato_to_grape,Tomato Held-Out Test,D:\CropDiseaseProject\tomato_plantvillage\Tomato___Spider_mites Two-spotted_spider_mite\9514a969-3abc-44e7-b75a-9bcf3670b105___Com.G_SpM_FL 9310.JPG,Cross-Crop: Tomato,-1,Powdery Mildew,6,False,0.6275277733802795,0.0,Healthy Leaves,0.3715125620365143,Downy Mildew,0.000804332725238055,N/A,CROSS_CROP_FALSE_ALARM
TRACK_D_CROSS_CROP,Grape,cross_crop_tomato_to_grape,Tomato Held-Out Test,D:\CropDiseaseProject\tomato_plantvillage\Tomato___Spider_mites Two-spotted_spider_mite\c96e4abf-404d-40ab-b105-827dde90c4a7___Com.G_SpM_FL 9331.JPG,Cross-Crop: Tomato,-1,Bacterial Leaf Spot,0,False,0.826004147529602,0.0,Healthy Leaves,0.1369786262512207,Powdery Mildew,0.027236834168434143,N/A,CROSS_CROP_FALSE_ALARM
TRACK_D_CROSS_CROP,Grape,cross_crop_tomato_to_grape,Tomato Held-Out Test,D:\CropDiseaseProject\tomato_plantvillage\Tomato___Spider_mites Two-spotted_spider_mite\89f2d406-7506-4cd0-b075-cdbba849d8a8___Com.G_SpM_FL 8897.JPG,Cross-Crop: Tomato,-1,Healthy Leaves,4,False,0.9843658208847046,0.0,Black Rot,0.014205451123416424,Esca (Black Measles),0.0005761657957918942,N/A,CROSS_CROP_FALSE_ALARM
TRACK_D_CROSS_CROP,Grape,cross_crop_tomato_to_grape,Tomato Held-Out Test,D:\CropDiseaseProject\tomato_plantvillage\Tomato___Late_blight\734daa60-b419-4736-ae19-c84fc2043d97___RS_Late.B 6758.JPG,Cross-Crop: Tomato,-1,Bacterial Leaf Spot,0,False,0.7409557700157166,0.0,Healthy Leaves,0.17445023357868195,Downy Mildew,0.04943288862705231,N/A,CROSS_CROP_FALSE_ALARM
TRACK_D_CROSS_CROP,Grape,cross_crop_tomato_to_grape,Tomato Held-Out Test,D:\CropDiseaseProject\tomato_plantvillage\Tomato___Tomato_Yellow_Leaf_Curl_Virus\a136e405-29a5-4bef-91ee-364b38faad28___YLCV_NREC 2888.JPG,Cross-Crop: Tomato,-1,Powdery Mildew,6,False,0.9307217597961426,0.0,Healthy Leaves,0.04093088582158089,Downy Mildew,0.018861966207623482,N/A,CROSS_CROP_FALSE_ALARM
TRACK_D_CROSS_CROP,Grape,cross_crop_tomato_to_grape,Tomato Held-Out Test,D:\CropDiseaseProject\tomato_plantvillage\Tomato___Tomato_Yellow_Leaf_Curl_Virus\ed71c2c1-d082-4355-bbc5-ed7050708ffa___UF.GRC_YLCV_Lab 02278.JPG,Cross-Crop: Tomato,-1,Downy Mildew,2,False,0.6259209513664246,0.0,Black Rot,0.34683430194854736,Leaf Blight,0.012366516515612602,N/A,CROSS_CROP_FALSE_ALARM
TRACK_D_CROSS_CROP,Grape,cross_crop_tomato_to_grape,Tomato Held-Out Test,D:\CropDiseaseProject\tomato_plantvillage\Tomato___Bacterial_spot\2a377230-f904-4646-95da-76e242051242___GCREC_Bact.Sp 3085.JPG,Cross-Crop: Tomato,-1,Healthy Leaves,4,False,0.5015923976898193,0.0,Powdery Mildew,0.39000752568244934,Downy Mildew,0.06289137154817581,N/A,CROSS_CROP_FALSE_ALARM
TRACK_D_CROSS_CROP,Grape,cross_crop_tomato_to_grape,Tomato Held-Out Test,D:\CropDiseaseProject\tomato_plantvillage\Tomato___Tomato_Yellow_Leaf_Curl_Virus\b6bd0474-9f04-4dc0-a412-de38a9ae5154___UF.GRC_YLCV_Lab 02397.JPG,Cross-Crop: Tomato,-1,Healthy Leaves,4,False,0.9502034783363342,0.0,Powdery Mildew,0.04932351037859917,Bacterial Leaf Spot,0.0002833176404237747,N/A,CROSS_CROP_FALSE_ALARM
TRACK_D_CROSS_CROP,Grape,cross_crop_tomato_to_grape,Tomato Held-Out Test,D:\CropDiseaseProject\tomato_plantvillage\Tomato___Early_blight\239213d8-587b-48a8-bfdf-03157ba8e95d___RS_Erly.B 6385.JPG,Cross-Crop: Tomato,-1,Powdery Mildew,6,False,0.5948187708854675,0.0,Downy Mildew,0.19498877227306366,Black Rot,0.11916151642799377,N/A,CROSS_CROP_FALSE_ALARM
TRACK_D_CROSS_CROP,Grape,cross_crop_tomato_to_grape,Tomato Held-Out Test,D:\CropDiseaseProject\tomato_plantvillage\Tomato___Tomato_Yellow_Leaf_Curl_Virus\14570c99-8503-4518-b5fe-d3450d53fc19___YLCV_NREC 2365.JPG,Cross-Crop: Tomato,-1,Downy Mildew,2,False,0.9759889841079712,0.0,Healthy Leaves,0.018204592168331146,Powdery Mildew,0.0042458283714950085,N/A,CROSS_CROP_FALSE_ALARM
TRACK_D_CROSS_CROP,Grape,cross_crop_chilli_to_grape,Chilli Held-Out Test,D:\CropDiseaseProject\chilli_cold\cerocospora\IMG_4053.JPG,Cross-Crop: Chilli,-1,Black Rot,1,False,0.8807719945907593,0.0,Esca (Black Measles),0.05081946775317192,Healthy Leaves,0.034138455986976624,N/A,CROSS_CROP_FALSE_ALARM
TRACK_D_CROSS_CROP,Grape,cross_crop_chilli_to_grape,Chilli Held-Out Test,D:\CropDiseaseProject\chilli_cold\nutritional deficiency\IMG_3285.JPG,Cross-Crop: Chilli,-1,Leaf Blight,5,False,0.6714146733283997,0.0,Esca (Black Measles),0.2601082921028137,Black Rot,0.05935771390795708,N/A,CROSS_CROP_FALSE_ALARM
TRACK_D_CROSS_CROP,Grape,cross_crop_chilli_to_grape,Chilli Held-Out Test,D:\CropDiseaseProject\chilli_cold\healthy\IMG_3918.JPG,Cross-Crop: Chilli,-1,Leaf Blight,5,False,0.9188663959503174,0.0,Esca (Black Measles),0.08083977550268173,Bacterial Leaf Spot,0.00015589161193929613,N/A,CROSS_CROP_FALSE_ALARM
TRACK_D_CROSS_CROP,Grape,cross_crop_chilli_to_grape,Chilli Held-Out Test,D:\CropDiseaseProject\chilli_cold\cerocospora\IMG_5237.JPG,Cross-Crop: Chilli,-1,Black Rot,1,False,0.9066929221153259,0.0,Leaf Blight,0.05297216400504112,Esca (Black Measles),0.039654988795518875,N/A,CROSS_CROP_FALSE_ALARM
TRACK_D_CROSS_CROP,Grape,cross_crop_chilli_to_grape,Chilli Held-Out Test,D:\CropDiseaseProject\chilli_cold\murda complex\IMG_5639.JPG,Cross-Crop: Chilli,-1,Leaf Blight,5,False,0.9593799114227295,0.0,Esca (Black Measles),0.03508847579360008,Black Rot,0.0055313715711236,N/A,CROSS_CROP_FALSE_ALARM
TRACK_D_CROSS_CROP,Grape,cross_crop_chilli_to_grape,Chilli Held-Out Test,D:\CropDiseaseProject\chilli_cold\nutritional deficiency\IMG_3427.JPG,Cross-Crop: Chilli,-1,Esca (Black Measles),3,False,0.8926095366477966,0.0,Leaf Blight,0.10694309324026108,Black Rot,0.0003590558480937034,N/A,CROSS_CROP_FALSE_ALARM
TRACK_D_CROSS_CROP,Grape,cross_crop_chilli_to_grape,Chilli Held-Out Test,D:\CropDiseaseProject\chilli_cold\cerocospora\IMG_5082.JPG,Cross-Crop: Chilli,-1,Black Rot,1,False,0.4763103425502777,0.0,Leaf Blight,0.4038151204586029,Esca (Black Measles),0.11913596838712692,N/A,CROSS_CROP_FALSE_ALARM
TRACK_D_CROSS_CROP,Grape,cross_crop_chilli_to_grape,Chilli Held-Out Test,D:\CropDiseaseProject\chilli_cold\cerocospora\IMG_5226.JPG,Cross-Crop: Chilli,-1,Leaf Blight,5,False,0.8349741697311401,0.0,Esca (Black Measles),0.15722160041332245,Black Rot,0.006678591948002577,N/A,CROSS_CROP_FALSE_ALARM
TRACK_D_CROSS_CROP,Grape,cross_crop_chilli_to_grape,Chilli Held-Out Test,D:\CropDiseaseProject\chilli_cold\powdery mildew\IMG_5589.JPG,Cross-Crop: Chilli,-1,Black Rot,1,False,0.6074143648147583,0.0,Leaf Blight,0.23147818446159363,Esca (Black Measles),0.1249297633767128,N/A,CROSS_CROP_FALSE_ALARM
TRACK_D_CROSS_CROP,Grape,cross_crop_chilli_to_grape,Chilli Held-Out Test,D:\CropDiseaseProject\chilli_cold\cerocospora\IMG_4233.JPG,Cross-Crop: Chilli,-1,Leaf Blight,5,False,0.6507571339607239,0.0,Black Rot,0.21838977932929993,Esca (Black Measles),0.13082128763198853,N/A,CROSS_CROP_FALSE_ALARM
TRACK_D_CROSS_CROP,Grape,cross_crop_chilli_to_grape,Chilli Held-Out Test,D:\CropDiseaseProject\chilli_cold\cerocospora\IMG_5153.JPG,Cross-Crop: Chilli,-1,Black Rot,1,False,0.7474731802940369,0.0,Leaf Blight,0.19145122170448303,Esca (Black Measles),0.04466376453638077,N/A,CROSS_CROP_FALSE_ALARM
TRACK_D_CROSS_CROP,Grape,cross_crop_chilli_to_grape,Chilli Held-Out Test,D:\CropDiseaseProject\chilli_cold\cerocospora\IMG_5371.JPG,Cross-Crop: Chilli,-1,Leaf Blight,5,False,0.7715670466423035,0.0,Esca (Black Measles),0.172096386551857,Downy Mildew,0.04180200770497322,N/A,CROSS_CROP_FALSE_ALARM
TRACK_D_CROSS_CROP,Grape,cross_crop_chilli_to_grape,Chilli Held-Out Test,D:\CropDiseaseProject\chilli_cold\healthy\IMG_3572.JPG,Cross-Crop: Chilli,-1,Esca (Black Measles),3,False,0.9318518042564392,0.0,Leaf Blight,0.06810243427753448,Black Rot,3.534961069817655e-05,N/A,CROSS_CROP_FALSE_ALARM
TRACK_D_CROSS_CROP,Grape,cross_crop_chilli_to_grape,Chilli Held-Out Test,D:\CropDiseaseProject\chilli_cold\cerocospora\IMG_5315.JPG,Cross-Crop: Chilli,-1,Leaf Blight,5,False,0.5538406372070312,0.0,Black Rot,0.40567442774772644,Esca (Black Measles),0.03912999480962753,N/A,CROSS_CROP_FALSE_ALARM
TRACK_D_CROSS_CROP,Grape,cross_crop_chilli_to_grape,Chilli Held-Out Test,D:\CropDiseaseProject\chilli_cold\cerocospora\IMG_4145.JPG,Cross-Crop: Chilli,-1,Leaf Blight,5,False,0.8102080225944519,0.0,Esca (Black Measles),0.17764824628829956,Healthy Leaves,0.009194111451506615,N/A,CROSS_CROP_FALSE_ALARM
TRACK_D_CROSS_CROP,Grape,cross_crop_chilli_to_grape,Chilli Held-Out Test,D:\CropDiseaseProject\chilli_cold\murda complex\IMG_4750.JPG,Cross-Crop: Chilli,-1,Leaf Blight,5,False,0.6259704232215881,0.0,Esca (Black Measles),0.37384605407714844,Black Rot,0.00018305865523871034,N/A,CROSS_CROP_FALSE_ALARM
TRACK_D_CROSS_CROP,Grape,cross_crop_chilli_to_grape,Chilli Held-Out Test,D:\CropDiseaseProject\chilli_cold\cerocospora\IMG_5228.JPG,Cross-Crop: Chilli,-1,Leaf Blight,5,False,0.6063866019248962,0.0,Black Rot,0.35525885224342346,Esca (Black Measles),0.02012907713651657,N/A,CROSS_CROP_FALSE_ALARM
TRACK_D_CROSS_CROP,Grape,cross_crop_chilli_to_grape,Chilli Held-Out Test,D:\CropDiseaseProject\chilli_cold\powdery mildew\IMG_5609.JPG,Cross-Crop: Chilli,-1,Leaf Blight,5,False,0.7771527767181396,0.0,Esca (Black Measles),0.21105679869651794,Black Rot,0.0117684006690979,N/A,CROSS_CROP_FALSE_ALARM
TRACK_D_CROSS_CROP,Grape,cross_crop_chilli_to_grape,Chilli Held-Out Test,D:\CropDiseaseProject\chilli_cold\cerocospora\IMG_4669.JPG,Cross-Crop: Chilli,-1,Esca (Black Measles),3,False,0.8929378390312195,0.0,Leaf Blight,0.10514703392982483,Healthy Leaves,0.0014798595802858472,N/A,CROSS_CROP_FALSE_ALARM
TRACK_D_CROSS_CROP,Grape,cross_crop_chilli_to_grape,Chilli Held-Out Test,D:\CropDiseaseProject\chilli_cold\cerocospora\IMG_4624.JPG,Cross-Crop: Chilli,-1,Esca (Black Measles),3,False,0.8572835922241211,0.0,Leaf Blight,0.1278686374425888,Black Rot,0.013531345874071121,N/A,CROSS_CROP_FALSE_ALARM
TRACK_D_CROSS_CROP,Grape,cross_crop_chilli_to_grape,Chilli Held-Out Test,D:\CropDiseaseProject\chilli_cold\nutritional deficiency\IMG_3372.JPG,Cross-Crop: Chilli,-1,Esca (Black Measles),3,False,0.45387133955955505,0.0,Leaf Blight,0.25138530135154724,Black Rot,0.2226502001285553,N/A,CROSS_CROP_FALSE_ALARM
TRACK_D_CROSS_CROP,Grape,cross_crop_chilli_to_grape,Chilli Held-Out Test,D:\CropDiseaseProject\chilli_cold\cerocospora\IMG_4777.JPG,Cross-Crop: Chilli,-1,Esca (Black Measles),3,False,0.7363487482070923,0.0,Leaf Blight,0.26339805126190186,Black Rot,0.00020879402291029692,N/A,CROSS_CROP_FALSE_ALARM
TRACK_D_CROSS_CROP,Grape,cross_crop_chilli_to_grape,Chilli Held-Out Test,D:\CropDiseaseProject\chilli_cold\nutritional deficiency\IMG_4872.JPG,Cross-Crop: Chilli,-1,Leaf Blight,5,False,0.6814907789230347,0.0,Esca (Black Measles),0.16163340210914612,Black Rot,0.1541735827922821,N/A,CROSS_CROP_FALSE_ALARM
TRACK_D_CROSS_CROP,Grape,cross_crop_chilli_to_grape,Chilli Held-Out Test,D:\CropDiseaseProject\chilli_cold\nutritional deficiency\IMG_4931.JPG,Cross-Crop: Chilli,-1,Esca (Black Measles),3,False,0.640672504901886,0.0,Leaf Blight,0.2181137502193451,Black Rot,0.14081263542175293,N/A,CROSS_CROP_FALSE_ALARM
TRACK_D_CROSS_CROP,Grape,cross_crop_chilli_to_grape,Chilli Held-Out Test,D:\CropDiseaseProject\chilli_cold\powdery mildew\IMG_5678.JPG,Cross-Crop: Chilli,-1,Leaf Blight,5,False,0.8483374118804932,0.0,Esca (Black Measles),0.12565815448760986,Bacterial Leaf Spot,0.01611630991101265,N/A,CROSS_CROP_FALSE_ALARM
TRACK_D_CROSS_CROP,Grape,cross_crop_sugarcane_to_grape,Sugarcane Held-Out Test,D:\CropDiseaseProject\sugarcane_large\Diseases\Viral Disease\Viral Disease553.jpg,Cross-Crop: Sugarcane,-1,Bacterial Leaf Spot,0,False,0.7240453958511353,0.0,Leaf Blight,0.2553870677947998,Downy Mildew,0.010078060440719128,N/A,CROSS_CROP_FALSE_ALARM
TRACK_D_CROSS_CROP,Grape,cross_crop_sugarcane_to_grape,Sugarcane Held-Out Test,D:\CropDiseaseProject\sugarcane_large\Diseases\Brown Spot\image297.jpg,Cross-Crop: Sugarcane,-1,Bacterial Leaf Spot,0,False,0.55670166015625,0.0,Healthy Leaves,0.19890551269054413,Leaf Blight,0.16123197972774506,N/A,CROSS_CROP_FALSE_ALARM
TRACK_D_CROSS_CROP,Grape,cross_crop_sugarcane_to_grape,Sugarcane Held-Out Test,D:\CropDiseaseProject\sugarcane_maharashtra\Rust\rust (453).jpeg,Cross-Crop: Sugarcane,-1,Black Rot,1,False,0.6075391173362732,0.0,Leaf Blight,0.3722691237926483,Esca (Black Measles),0.018448779359459877,N/A,CROSS_CROP_FALSE_ALARM
TRACK_D_CROSS_CROP,Grape,cross_crop_sugarcane_to_grape,Sugarcane Held-Out Test,D:\CropDiseaseProject\sugarcane_large\Healthy Leaves\image114.jpg,Cross-Crop: Sugarcane,-1,Esca (Black Measles),3,False,0.893944501876831,0.0,Leaf Blight,0.059356097131967545,Black Rot,0.04465329647064209,N/A,CROSS_CROP_FALSE_ALARM
TRACK_D_CROSS_CROP,Grape,cross_crop_sugarcane_to_grape,Sugarcane Held-Out Test,D:\CropDiseaseProject\sugarcane_large\Diseases\Yellow Leaf\Yellow Leaf650.jpg,Cross-Crop: Sugarcane,-1,Bacterial Leaf Spot,0,False,0.873177707195282,0.0,Leaf Blight,0.07429017126560211,Healthy Leaves,0.048292554914951324,N/A,CROSS_CROP_FALSE_ALARM
TRACK_D_CROSS_CROP,Grape,cross_crop_sugarcane_to_grape,Sugarcane Held-Out Test,D:\CropDiseaseProject\sugarcane_large\Diseases\Brown Spot\image659.jpg,Cross-Crop: Sugarcane,-1,Bacterial Leaf Spot,0,False,0.8597643971443176,0.0,Esca (Black Measles),0.1113835796713829,Leaf Blight,0.02026221714913845,N/A,CROSS_CROP_FALSE_ALARM
TRACK_D_CROSS_CROP,Grape,cross_crop_sugarcane_to_grape,Sugarcane Held-Out Test,D:\CropDiseaseProject\sugarcane_large\Diseases\Brown Spot\image904.jpg,Cross-Crop: Sugarcane,-1,Bacterial Leaf Spot,0,False,0.80837082862854,0.0,Leaf Blight,0.1445872187614441,Esca (Black Measles),0.046180907636880875,N/A,CROSS_CROP_FALSE_ALARM
TRACK_D_CROSS_CROP,Grape,cross_crop_sugarcane_to_grape,Sugarcane Held-Out Test,D:\CropDiseaseProject\sugarcane_large\Diseases\Brown Spot\image1496.jpg,Cross-Crop: Sugarcane,-1,Leaf Blight,5,False,0.9683158993721008,0.0,Black Rot,0.020866036415100098,Bacterial Leaf Spot,0.005237230099737644,N/A,CROSS_CROP_FALSE_ALARM
TRACK_D_CROSS_CROP,Grape,cross_crop_sugarcane_to_grape,Sugarcane Held-Out Test,D:\CropDiseaseProject\sugarcane_maharashtra\Mosaic\mosaic (92).jpeg,Cross-Crop: Sugarcane,-1,Bacterial Leaf Spot,0,False,0.6897454261779785,0.0,Leaf Blight,0.24467338621616364,Esca (Black Measles),0.06158878281712532,N/A,CROSS_CROP_FALSE_ALARM
TRACK_D_CROSS_CROP,Grape,cross_crop_sugarcane_to_grape,Sugarcane Held-Out Test,D:\CropDiseaseProject\sugarcane_maharashtra\RedRot\redrot (169).jpeg,Cross-Crop: Sugarcane,-1,Esca (Black Measles),3,False,0.6354705691337585,0.0,Healthy Leaves,0.2621121108531952,Leaf Blight,0.07821014523506165,N/A,CROSS_CROP_FALSE_ALARM
TRACK_D_CROSS_CROP,Grape,cross_crop_sugarcane_to_grape,Sugarcane Held-Out Test,D:\CropDiseaseProject\sugarcane_maharashtra\Rust\rust (151).jpeg,Cross-Crop: Sugarcane,-1,Leaf Blight,5,False,0.747544527053833,0.0,Esca (Black Measles),0.25005361437797546,Black Rot,0.0017987759783864021,N/A,CROSS_CROP_FALSE_ALARM
TRACK_D_CROSS_CROP,Grape,cross_crop_sugarcane_to_grape,Sugarcane Held-Out Test,D:\CropDiseaseProject\sugarcane_large\Diseases\Yellow Leaf\Yellow Leaf813.jpg,Cross-Crop: Sugarcane,-1,Leaf Blight,5,False,0.6780470013618469,0.0,Bacterial Leaf Spot,0.17874303460121155,Esca (Black Measles),0.1335139125585556,N/A,CROSS_CROP_FALSE_ALARM
TRACK_D_CROSS_CROP,Grape,cross_crop_sugarcane_to_grape,Sugarcane Held-Out Test,D:\CropDiseaseProject\sugarcane_large\Diseases\Banded Chlorosis\image320.jpg,Cross-Crop: Sugarcane,-1,Bacterial Leaf Spot,0,False,0.5161336660385132,0.0,Esca (Black Measles),0.2836780548095703,Leaf Blight,0.1667986512184143,N/A,CROSS_CROP_FALSE_ALARM
TRACK_D_CROSS_CROP,Grape,cross_crop_sugarcane_to_grape,Sugarcane Held-Out Test,D:\CropDiseaseProject\sugarcane_large\Diseases\Yellow Leaf\Yellow Leaf913.jpg,Cross-Crop: Sugarcane,-1,Leaf Blight,5,False,0.8446651697158813,0.0,Downy Mildew,0.1102043017745018,Healthy Leaves,0.022490015253424644,N/A,CROSS_CROP_FALSE_ALARM
TRACK_D_CROSS_CROP,Grape,cross_crop_sugarcane_to_grape,Sugarcane Held-Out Test,D:\CropDiseaseProject\sugarcane_maharashtra\Yellow\yellow (483).jpeg,Cross-Crop: Sugarcane,-1,Bacterial Leaf Spot,0,False,0.6788316965103149,0.0,Esca (Black Measles),0.18704412877559662,Leaf Blight,0.07318532466888428,N/A,CROSS_CROP_FALSE_ALARM
TRACK_D_CROSS_CROP,Grape,cross_crop_sugarcane_to_grape,Sugarcane Held-Out Test,D:\CropDiseaseProject\sugarcane_large\Diseases\Yellow Leaf\Yellow Leaf1013.jpg,Cross-Crop: Sugarcane,-1,Bacterial Leaf Spot,0,False,0.5371061563491821,0.0,Leaf Blight,0.25791576504707336,Black Rot,0.11285553127527237,N/A,CROSS_CROP_FALSE_ALARM
TRACK_D_CROSS_CROP,Grape,cross_crop_sugarcane_to_grape,Sugarcane Held-Out Test,D:\CropDiseaseProject\sugarcane_large\Diseases\smut\Smut238.jpg,Cross-Crop: Sugarcane,-1,Leaf Blight,5,False,0.6922935843467712,0.0,Esca (Black Measles),0.11876074224710464,Bacterial Leaf Spot,0.07683224976062775,N/A,CROSS_CROP_FALSE_ALARM
TRACK_D_CROSS_CROP,Grape,cross_crop_sugarcane_to_grape,Sugarcane Held-Out Test,D:\CropDiseaseProject\sugarcane_maharashtra\Healthy\healthy (359).jpeg,Cross-Crop: Sugarcane,-1,Healthy Leaves,4,False,0.4176490306854248,0.0,Esca (Black Measles),0.34530267119407654,Leaf Blight,0.10228636115789413,N/A,CROSS_CROP_FALSE_ALARM
TRACK_D_CROSS_CROP,Grape,cross_crop_sugarcane_to_grape,Sugarcane Held-Out Test,D:\CropDiseaseProject\sugarcane_large\Diseases\Grassy shoot\image264.jpg,Cross-Crop: Sugarcane,-1,Leaf Blight,5,False,0.7921197414398193,0.0,Black Rot,0.10118797421455383,Healthy Leaves,0.05861705541610718,N/A,CROSS_CROP_FALSE_ALARM
TRACK_D_CROSS_CROP,Grape,cross_crop_sugarcane_to_grape,Sugarcane Held-Out Test,D:\CropDiseaseProject\sugarcane_large\Diseases\Brown Spot\image1699.jpg,Cross-Crop: Sugarcane,-1,Bacterial Leaf Spot,0,False,0.9956974983215332,0.0,Esca (Black Measles),0.0028489716351032257,Leaf Blight,0.0008279042085632682,N/A,CROSS_CROP_FALSE_ALARM
TRACK_D_CROSS_CROP,Grape,cross_crop_sugarcane_to_grape,Sugarcane Held-Out Test,D:\CropDiseaseProject\sugarcane_maharashtra\Mosaic\mosaic (63).jpeg,Cross-Crop: Sugarcane,-1,Leaf Blight,5,False,0.6216761469841003,0.0,Black Rot,0.3026534914970398,Esca (Black Measles),0.05426393449306488,N/A,CROSS_CROP_FALSE_ALARM
TRACK_D_CROSS_CROP,Grape,cross_crop_sugarcane_to_grape,Sugarcane Held-Out Test,D:\CropDiseaseProject\sugarcane_maharashtra\Healthy\healthy (181).jpeg,Cross-Crop: Sugarcane,-1,Bacterial Leaf Spot,0,False,0.9226384162902832,0.0,Esca (Black Measles),0.07360720634460449,Leaf Blight,0.002239235443994403,N/A,CROSS_CROP_FALSE_ALARM
TRACK_D_CROSS_CROP,Grape,cross_crop_sugarcane_to_grape,Sugarcane Held-Out Test,D:\CropDiseaseProject\sugarcane_large\Diseases\Viral Disease\Viral Disease262.jpg,Cross-Crop: Sugarcane,-1,Bacterial Leaf Spot,0,False,0.715634822845459,0.0,Esca (Black Measles),0.2199091911315918,Leaf Blight,0.051336269825696945,N/A,CROSS_CROP_FALSE_ALARM
TRACK_D_CROSS_CROP,Grape,cross_crop_sugarcane_to_grape,Sugarcane Held-Out Test,D:\CropDiseaseProject\sugarcane_large\Diseases\Brown Spot\image635.jpg,Cross-Crop: Sugarcane,-1,Bacterial Leaf Spot,0,False,0.9956747889518738,0.0,Leaf Blight,0.004070804920047522,Powdery Mildew,0.0001385828945785761,N/A,CROSS_CROP_FALSE_ALARM
TRACK_D_CROSS_CROP,Grape,cross_crop_sugarcane_to_grape,Sugarcane Held-Out Test,D:\CropDiseaseProject\sugarcane_maharashtra\Healthy\healthy (365).jpeg,Cross-Crop: Sugarcane,-1,Black Rot,1,False,0.566470205783844,0.0,Bacterial Leaf Spot,0.4127311706542969,Esca (Black Measles),0.011927437037229538,N/A,CROSS_CROP_FALSE_ALARM
TRACK_D_CROSS_CROP,Chilli,cross_crop_tomato_to_chilli,Tomato Held-Out Test,D:\CropDiseaseProject\tomato_plantvillage\Tomato___healthy\651c7556-f25e-46b9-97db-4793a2a3b642___RS_HL 0219.JPG,Cross-Crop: Tomato,-1,cerocospora,0,False,0.9499124884605408,0.0,murda complex,0.03498497232794762,healthy,0.013024266809225082,N/A,CROSS_CROP_FALSE_ALARM
TRACK_D_CROSS_CROP,Chilli,cross_crop_tomato_to_chilli,Tomato Held-Out Test,D:\CropDiseaseProject\tomato_plantvillage\Tomato___Septoria_leaf_spot\0806cabf-f026-43bd-a508-0e8e5a185341___Matt.S_CG 1266.JPG,Cross-Crop: Tomato,-1,cerocospora,0,False,0.806908905506134,0.0,nutritional deficiency,0.1418760120868683,murda complex,0.04856395348906517,N/A,CROSS_CROP_FALSE_ALARM
TRACK_D_CROSS_CROP,Chilli,cross_crop_tomato_to_chilli,Tomato Held-Out Test,D:\CropDiseaseProject\tomato_plantvillage\Tomato___Leaf_Mold\a6a109c7-b0f1-4475-8b50-22681c59a909___Crnl_L.Mold 6551.JPG,Cross-Crop: Tomato,-1,cerocospora,0,False,0.9866140484809875,0.0,nutritional deficiency,0.010595705360174179,murda complex,0.001525494852103293,N/A,CROSS_CROP_FALSE_ALARM
TRACK_D_CROSS_CROP,Chilli,cross_crop_tomato_to_chilli,Tomato Held-Out Test,D:\CropDiseaseProject\tomato_plantvillage\Tomato___Late_blight\16984239-2e67-407e-b600-4a3666500534___RS_Late.B 5182.JPG,Cross-Crop: Tomato,-1,nutritional deficiency,3,False,0.5105840563774109,0.0,cerocospora,0.4580381512641907,murda complex,0.030058519914746284,N/A,CROSS_CROP_FALSE_ALARM
TRACK_D_CROSS_CROP,Chilli,cross_crop_tomato_to_chilli,Tomato Held-Out Test,D:\CropDiseaseProject\tomato_plantvillage\Tomato___Late_blight\6560f944-521b-4ed7-981d-39c66953e598___GHLB2 Leaf 8850.JPG,Cross-Crop: Tomato,-1,cerocospora,0,False,0.5090349316596985,0.0,nutritional deficiency,0.2339581698179245,murda complex,0.20984379947185516,N/A,CROSS_CROP_FALSE_ALARM
TRACK_D_CROSS_CROP,Chilli,cross_crop_tomato_to_chilli,Tomato Held-Out Test,D:\CropDiseaseProject\tomato_plantvillage\Tomato___Septoria_leaf_spot\fa477e80-af35-4ef8-b16b-78e0f884f737___Matt.S_CG 2715.JPG,Cross-Crop: Tomato,-1,cerocospora,0,False,0.8846832513809204,0.0,nutritional deficiency,0.10050220787525177,murda complex,0.013982723467051983,N/A,CROSS_CROP_FALSE_ALARM
TRACK_D_CROSS_CROP,Chilli,cross_crop_tomato_to_chilli,Tomato Held-Out Test,D:\CropDiseaseProject\tomato_plantvillage\Tomato___Bacterial_spot\2a43c0fa-a3dc-4f6d-a9e9-cb4274ae019f___GCREC_Bact.Sp 3621.JPG,Cross-Crop: Tomato,-1,murda complex,2,False,0.7759551405906677,0.0,cerocospora,0.10961025208234787,healthy,0.06047428026795387,N/A,CROSS_CROP_FALSE_ALARM
TRACK_D_CROSS_CROP,Chilli,cross_crop_tomato_to_chilli,Tomato Held-Out Test,D:\CropDiseaseProject\tomato_plantvillage\Tomato___Late_blight\54b808b7-ab47-4ce0-992c-cc02588ec6a9___GHLB2 Leaf 8623.JPG,Cross-Crop: Tomato,-1,cerocospora,0,False,0.8462879061698914,0.0,nutritional deficiency,0.0957966148853302,murda complex,0.040257275104522705,N/A,CROSS_CROP_FALSE_ALARM
TRACK_D_CROSS_CROP,Chilli,cross_crop_tomato_to_chilli,Tomato Held-Out Test,D:\CropDiseaseProject\tomato_plantvillage\Tomato___Early_blight\6ccc0cdb-d420-4bc6-9a1a-d195a0521c19___RS_Erly.B 9437.JPG,Cross-Crop: Tomato,-1,cerocospora,0,False,0.5684975981712341,0.0,nutritional deficiency,0.37005773186683655,murda complex,0.05952087417244911,N/A,CROSS_CROP_FALSE_ALARM
TRACK_D_CROSS_CROP,Chilli,cross_crop_tomato_to_chilli,Tomato Held-Out Test,D:\CropDiseaseProject\tomato_plantvillage\Tomato___Bacterial_spot\b7c4e0c0-a388-44e8-9c5c-d2db995557ab___GCREC_Bact.Sp 3667.JPG,Cross-Crop: Tomato,-1,cerocospora,0,False,0.7947908639907837,0.0,healthy,0.12156493216753006,nutritional deficiency,0.051201868802309036,N/A,CROSS_CROP_FALSE_ALARM
TRACK_D_CROSS_CROP,Chilli,cross_crop_tomato_to_chilli,Tomato Held-Out Test,D:\CropDiseaseProject\tomato_plantvillage\Tomato___Septoria_leaf_spot\e65190f0-97e9-44a6-bcb8-9fe7d42e9200___Matt.S_CG 7413.JPG,Cross-Crop: Tomato,-1,cerocospora,0,False,0.9855555295944214,0.0,murda complex,0.011038792319595814,nutritional deficiency,0.0020087379962205887,N/A,CROSS_CROP_FALSE_ALARM
TRACK_D_CROSS_CROP,Chilli,cross_crop_tomato_to_chilli,Tomato Held-Out Test,D:\CropDiseaseProject\tomato_plantvillage\Tomato___healthy\f0037c61-001d-4b1f-b794-5b5ab49d50d5___RS_HL 0527.JPG,Cross-Crop: Tomato,-1,cerocospora,0,False,0.9688716530799866,0.0,murda complex,0.014307868666946888,healthy,0.009565305896103382,N/A,CROSS_CROP_FALSE_ALARM
TRACK_D_CROSS_CROP,Chilli,cross_crop_tomato_to_chilli,Tomato Held-Out Test,D:\CropDiseaseProject\tomato_plantvillage\Tomato___Tomato_mosaic_virus\59f9754c-2d49-4a74-ba11-4f9a017c8348___PSU_CG 2200.JPG,Cross-Crop: Tomato,-1,cerocospora,0,False,0.8210358023643494,0.0,nutritional deficiency,0.13529467582702637,murda complex,0.02636539749801159,N/A,CROSS_CROP_FALSE_ALARM
TRACK_D_CROSS_CROP,Chilli,cross_crop_tomato_to_chilli,Tomato Held-Out Test,D:\CropDiseaseProject\tomato_plantvillage\Tomato___Late_blight\4c42cb8f-e57f-48a5-bff2-8a8629d7505b___RS_Late.B 6869.JPG,Cross-Crop: Tomato,-1,murda complex,2,False,0.47735223174095154,0.0,cerocospora,0.37150025367736816,nutritional deficiency,0.13851062953472137,N/A,CROSS_CROP_FALSE_ALARM
TRACK_D_CROSS_CROP,Chilli,cross_crop_tomato_to_chilli,Tomato Held-Out Test,D:\CropDiseaseProject\tomato_plantvillage\Tomato___Tomato_Yellow_Leaf_Curl_Virus\1cba0a0a-1e54-4ce9-b88c-722a6e8e12b7___YLCV_GCREC 2409.JPG,Cross-Crop: Tomato,-1,cerocospora,0,False,0.7246904969215393,0.0,nutritional deficiency,0.18281006813049316,murda complex,0.06276250630617142,N/A,CROSS_CROP_FALSE_ALARM
TRACK_D_CROSS_CROP,Chilli,cross_crop_tomato_to_chilli,Tomato Held-Out Test,D:\CropDiseaseProject\tomato_plantvillage\Tomato___Spider_mites Two-spotted_spider_mite\9514a969-3abc-44e7-b75a-9bcf3670b105___Com.G_SpM_FL 9310.JPG,Cross-Crop: Tomato,-1,cerocospora,0,False,0.8313747644424438,0.0,healthy,0.09590337425470352,nutritional deficiency,0.06864206492900848,N/A,CROSS_CROP_FALSE_ALARM
TRACK_D_CROSS_CROP,Chilli,cross_crop_tomato_to_chilli,Tomato Held-Out Test,D:\CropDiseaseProject\tomato_plantvillage\Tomato___Spider_mites Two-spotted_spider_mite\c96e4abf-404d-40ab-b105-827dde90c4a7___Com.G_SpM_FL 9331.JPG,Cross-Crop: Tomato,-1,cerocospora,0,False,0.4284195005893707,0.0,nutritional deficiency,0.4149094820022583,healthy,0.10492736846208572,N/A,CROSS_CROP_FALSE_ALARM
TRACK_D_CROSS_CROP,Chilli,cross_crop_tomato_to_chilli,Tomato Held-Out Test,D:\CropDiseaseProject\tomato_plantvillage\Tomato___Spider_mites Two-spotted_spider_mite\89f2d406-7506-4cd0-b075-cdbba849d8a8___Com.G_SpM_FL 8897.JPG,Cross-Crop: Tomato,-1,cerocospora,0,False,0.5660795569419861,0.0,murda complex,0.40421438217163086,healthy,0.01942000724375248,N/A,CROSS_CROP_FALSE_ALARM
TRACK_D_CROSS_CROP,Chilli,cross_crop_tomato_to_chilli,Tomato Held-Out Test,D:\CropDiseaseProject\tomato_plantvillage\Tomato___Late_blight\734daa60-b419-4736-ae19-c84fc2043d97___RS_Late.B 6758.JPG,Cross-Crop: Tomato,-1,cerocospora,0,False,0.7346147894859314,0.0,murda complex,0.20393139123916626,nutritional deficiency,0.05815186724066734,N/A,CROSS_CROP_FALSE_ALARM
TRACK_D_CROSS_CROP,Chilli,cross_crop_tomato_to_chilli,Tomato Held-Out Test,D:\CropDiseaseProject\tomato_plantvillage\Tomato___Tomato_Yellow_Leaf_Curl_Virus\a136e405-29a5-4bef-91ee-364b38faad28___YLCV_NREC 2888.JPG,Cross-Crop: Tomato,-1,cerocospora,0,False,0.42501431703567505,0.0,nutritional deficiency,0.39701157808303833,murda complex,0.17570729553699493,N/A,CROSS_CROP_FALSE_ALARM
TRACK_D_CROSS_CROP,Chilli,cross_crop_tomato_to_chilli,Tomato Held-Out Test,D:\CropDiseaseProject\tomato_plantvillage\Tomato___Tomato_Yellow_Leaf_Curl_Virus\ed71c2c1-d082-4355-bbc5-ed7050708ffa___UF.GRC_YLCV_Lab 02278.JPG,Cross-Crop: Tomato,-1,nutritional deficiency,3,False,0.9139528870582581,0.0,cerocospora,0.08249974995851517,murda complex,0.002421366749331355,N/A,CROSS_CROP_FALSE_ALARM
TRACK_D_CROSS_CROP,Chilli,cross_crop_tomato_to_chilli,Tomato Held-Out Test,D:\CropDiseaseProject\tomato_plantvillage\Tomato___Bacterial_spot\2a377230-f904-4646-95da-76e242051242___GCREC_Bact.Sp 3085.JPG,Cross-Crop: Tomato,-1,cerocospora,0,False,0.9558126926422119,0.0,nutritional deficiency,0.028415359556674957,healthy,0.013288437388837337,N/A,CROSS_CROP_FALSE_ALARM
TRACK_D_CROSS_CROP,Chilli,cross_crop_tomato_to_chilli,Tomato Held-Out Test,D:\CropDiseaseProject\tomato_plantvillage\Tomato___Tomato_Yellow_Leaf_Curl_Virus\b6bd0474-9f04-4dc0-a412-de38a9ae5154___UF.GRC_YLCV_Lab 02397.JPG,Cross-Crop: Tomato,-1,murda complex,2,False,0.7367399334907532,0.0,nutritional deficiency,0.11511337012052536,cerocospora,0.08553877472877502,N/A,CROSS_CROP_FALSE_ALARM
TRACK_D_CROSS_CROP,Chilli,cross_crop_tomato_to_chilli,Tomato Held-Out Test,D:\CropDiseaseProject\tomato_plantvillage\Tomato___Early_blight\239213d8-587b-48a8-bfdf-03157ba8e95d___RS_Erly.B 6385.JPG,Cross-Crop: Tomato,-1,nutritional deficiency,3,False,0.49483564496040344,0.0,murda complex,0.34958553314208984,cerocospora,0.15275835990905762,N/A,CROSS_CROP_FALSE_ALARM
TRACK_D_CROSS_CROP,Chilli,cross_crop_tomato_to_chilli,Tomato Held-Out Test,D:\CropDiseaseProject\tomato_plantvillage\Tomato___Tomato_Yellow_Leaf_Curl_Virus\14570c99-8503-4518-b5fe-d3450d53fc19___YLCV_NREC 2365.JPG,Cross-Crop: Tomato,-1,nutritional deficiency,3,False,0.4304134249687195,0.0,murda complex,0.33822697401046753,cerocospora,0.21876226365566254,N/A,CROSS_CROP_FALSE_ALARM
TRACK_D_CROSS_CROP,Chilli,cross_crop_grape_to_chilli,Grape Held-Out Test,D:\CropDiseaseProject\grape_niphad\Downy Mildew\Downy Mildew_608.jpg,Cross-Crop: Grape,-1,cerocospora,0,False,0.8911755681037903,0.0,powdery mildew,0.06433739513158798,nutritional deficiency,0.03323600813746452,N/A,CROSS_CROP_FALSE_ALARM
TRACK_D_CROSS_CROP,Chilli,cross_crop_grape_to_chilli,Grape Held-Out Test,D:\CropDiseaseProject\grape_2024\healthy\healthy533.jpg,Cross-Crop: Grape,-1,healthy,1,False,0.9041561484336853,0.0,nutritional deficiency,0.04286634176969528,cerocospora,0.024827945977449417,N/A,CROSS_CROP_FALSE_ALARM
TRACK_D_CROSS_CROP,Chilli,cross_crop_grape_to_chilli,Grape Held-Out Test,D:\CropDiseaseProject\grape_niphad\Downy Mildew\Downy Mildew_773.jpg,Cross-Crop: Grape,-1,healthy,1,False,0.5913822650909424,0.0,cerocospora,0.25084713101387024,nutritional deficiency,0.11161565035581589,N/A,CROSS_CROP_FALSE_ALARM
TRACK_D_CROSS_CROP,Chilli,cross_crop_grape_to_chilli,Grape Held-Out Test,D:\CropDiseaseProject\grape_2024\healthy\healthy008.jpg,Cross-Crop: Grape,-1,healthy,1,False,0.5306596755981445,0.0,cerocospora,0.27666473388671875,nutritional deficiency,0.0938391387462616,N/A,CROSS_CROP_FALSE_ALARM
TRACK_D_CROSS_CROP,Chilli,cross_crop_grape_to_chilli,Grape Held-Out Test,D:\CropDiseaseProject\grape_2024\leaf blight\leaf blight021.jpg,Cross-Crop: Grape,-1,cerocospora,0,False,0.975262463092804,0.0,nutritional deficiency,0.010710795409977436,murda complex,0.007895655930042267,N/A,CROSS_CROP_FALSE_ALARM
TRACK_D_CROSS_CROP,Chilli,cross_crop_grape_to_chilli,Grape Held-Out Test,D:\CropDiseaseProject\grape_2024\esca\esca871.jpg,Cross-Crop: Grape,-1,murda complex,2,False,0.6619299650192261,0.0,cerocospora,0.22944600880146027,healthy,0.0843750387430191,N/A,CROSS_CROP_FALSE_ALARM
TRACK_D_CROSS_CROP,Chilli,cross_crop_grape_to_chilli,Grape Held-Out Test,D:\CropDiseaseProject\grape_niphad\Healthy Leaves\Healthy Leaves_608.jpg,Cross-Crop: Grape,-1,healthy,1,False,0.42769020795822144,0.0,murda complex,0.21382978558540344,nutritional deficiency,0.20882588624954224,N/A,CROSS_CROP_FALSE_ALARM
TRACK_D_CROSS_CROP,Chilli,cross_crop_grape_to_chilli,Grape Held-Out Test,D:\CropDiseaseProject\grape_2024\Black rot\black rot663.jpg,Cross-Crop: Grape,-1,murda complex,2,False,0.7410488128662109,0.0,healthy,0.0878358706831932,nutritional deficiency,0.0789877399802208,N/A,CROSS_CROP_FALSE_ALARM
TRACK_D_CROSS_CROP,Chilli,cross_crop_grape_to_chilli,Grape Held-Out Test,D:\CropDiseaseProject\grape_niphad\Downy Mildew\Downy Mildew_821.jpg,Cross-Crop: Grape,-1,powdery mildew,4,False,0.8540734052658081,0.0,nutritional deficiency,0.09125234186649323,cerocospora,0.02776588499546051,N/A,CROSS_CROP_FALSE_ALARM
TRACK_D_CROSS_CROP,Chilli,cross_crop_grape_to_chilli,Grape Held-Out Test,D:\CropDiseaseProject\grape_2024\healthy\healthy291.jpg,Cross-Crop: Grape,-1,healthy,1,False,0.8530495762825012,0.0,cerocospora,0.048319607973098755,murda complex,0.03625606745481491,N/A,CROSS_CROP_FALSE_ALARM
TRACK_D_CROSS_CROP,Chilli,cross_crop_grape_to_chilli,Grape Held-Out Test,D:\CropDiseaseProject\grape_niphad\Healthy Leaves\Healthy Leaves_43.jpg,Cross-Crop: Grape,-1,powdery mildew,4,False,0.6204791069030762,0.0,cerocospora,0.2911286950111389,murda complex,0.049717050045728683,N/A,CROSS_CROP_FALSE_ALARM
TRACK_D_CROSS_CROP,Chilli,cross_crop_grape_to_chilli,Grape Held-Out Test,D:\CropDiseaseProject\grape_2024\healthy\healthy1047.jpg,Cross-Crop: Grape,-1,healthy,1,False,0.3934631645679474,0.0,cerocospora,0.3378767669200897,nutritional deficiency,0.16816040873527527,N/A,CROSS_CROP_FALSE_ALARM
TRACK_D_CROSS_CROP,Chilli,cross_crop_grape_to_chilli,Grape Held-Out Test,D:\CropDiseaseProject\grape_2024\healthy\healthy406.jpg,Cross-Crop: Grape,-1,healthy,1,False,0.7882604598999023,0.0,murda complex,0.13118907809257507,cerocospora,0.06612124294042587,N/A,CROSS_CROP_FALSE_ALARM
TRACK_D_CROSS_CROP,Chilli,cross_crop_grape_to_chilli,Grape Held-Out Test,D:\CropDiseaseProject\grape_2024\leaf blight\leaf blight454.jpg,Cross-Crop: Grape,-1,murda complex,2,False,0.5213037729263306,0.0,healthy,0.1694435030221939,nutritional deficiency,0.16136209666728973,N/A,CROSS_CROP_FALSE_ALARM
TRACK_D_CROSS_CROP,Chilli,cross_crop_grape_to_chilli,Grape Held-Out Test,D:\CropDiseaseProject\grape_2024\healthy\healthy1085.jpg,Cross-Crop: Grape,-1,healthy,1,False,0.9158636927604675,0.0,cerocospora,0.030438536778092384,murda complex,0.029276203364133835,N/A,CROSS_CROP_FALSE_ALARM
TRACK_D_CROSS_CROP,Chilli,cross_crop_grape_to_chilli,Grape Held-Out Test,D:\CropDiseaseProject\grape_2024\Black rot\black rot477.jpg,Cross-Crop: Grape,-1,nutritional deficiency,3,False,0.47189539670944214,0.0,healthy,0.21063610911369324,murda complex,0.16802817583084106,N/A,CROSS_CROP_FALSE_ALARM
TRACK_D_CROSS_CROP,Chilli,cross_crop_grape_to_chilli,Grape Held-Out Test,D:\CropDiseaseProject\grape_2024\esca\esca503.jpg,Cross-Crop: Grape,-1,healthy,1,False,0.4971255660057068,0.0,murda complex,0.30028873682022095,cerocospora,0.177887424826622,N/A,CROSS_CROP_FALSE_ALARM
TRACK_D_CROSS_CROP,Chilli,cross_crop_grape_to_chilli,Grape Held-Out Test,D:\CropDiseaseProject\grape_2024\esca\esca837.jpg,Cross-Crop: Grape,-1,cerocospora,0,False,0.4185398817062378,0.0,nutritional deficiency,0.24256324768066406,murda complex,0.2220621258020401,N/A,CROSS_CROP_FALSE_ALARM
TRACK_D_CROSS_CROP,Chilli,cross_crop_grape_to_chilli,Grape Held-Out Test,D:\CropDiseaseProject\grape_2024\esca\esca802.jpg,Cross-Crop: Grape,-1,healthy,1,False,0.4778973162174225,0.0,cerocospora,0.28519150614738464,murda complex,0.18822050094604492,N/A,CROSS_CROP_FALSE_ALARM
TRACK_D_CROSS_CROP,Chilli,cross_crop_grape_to_chilli,Grape Held-Out Test,D:\CropDiseaseProject\grape_niphad\Downy Mildew\Downy Mildew_447.jpg,Cross-Crop: Grape,-1,cerocospora,0,False,0.8388768434524536,0.0,nutritional deficiency,0.09472060203552246,powdery mildew,0.047008853405714035,N/A,CROSS_CROP_FALSE_ALARM
TRACK_D_CROSS_CROP,Chilli,cross_crop_grape_to_chilli,Grape Held-Out Test,D:\CropDiseaseProject\grape_niphad\Downy Mildew\Downy Mildew_102.jpg,Cross-Crop: Grape,-1,cerocospora,0,False,0.44167160987854004,0.0,powdery mildew,0.3004706799983978,healthy,0.2280740588903427,N/A,CROSS_CROP_FALSE_ALARM
TRACK_D_CROSS_CROP,Chilli,cross_crop_grape_to_chilli,Grape Held-Out Test,D:\CropDiseaseProject\grape_niphad\Downy Mildew\Downy Mildew_884.jpg,Cross-Crop: Grape,-1,nutritional deficiency,3,False,0.616850733757019,0.0,cerocospora,0.25884225964546204,murda complex,0.08190300315618515,N/A,CROSS_CROP_FALSE_ALARM
TRACK_D_CROSS_CROP,Chilli,cross_crop_grape_to_chilli,Grape Held-Out Test,D:\CropDiseaseProject\grape_2024\Black rot\black rot254.jpg,Cross-Crop: Grape,-1,murda complex,2,False,0.7178916931152344,0.0,cerocospora,0.17312371730804443,healthy,0.06390273571014404,N/A,CROSS_CROP_FALSE_ALARM
TRACK_D_CROSS_CROP,Chilli,cross_crop_grape_to_chilli,Grape Held-Out Test,D:\CropDiseaseProject\grape_niphad\Healthy Leaves\Healthy Leaves_59.jpg,Cross-Crop: Grape,-1,powdery mildew,4,False,0.5629305839538574,0.0,healthy,0.21928797662258148,murda complex,0.0782616063952446,N/A,CROSS_CROP_FALSE_ALARM
TRACK_D_CROSS_CROP,Chilli,cross_crop_grape_to_chilli,Grape Held-Out Test,D:\CropDiseaseProject\grape_2024\esca\esca322.jpg,Cross-Crop: Grape,-1,healthy,1,False,0.4123897850513458,0.0,cerocospora,0.31512585282325745,nutritional deficiency,0.22041818499565125,N/A,CROSS_CROP_FALSE_ALARM
TRACK_D_CROSS_CROP,Chilli,cross_crop_sugarcane_to_chilli,Sugarcane Held-Out Test,D:\CropDiseaseProject\sugarcane_large\Diseases\Viral Disease\Viral Disease553.jpg,Cross-Crop: Sugarcane,-1,cerocospora,0,False,0.5003288388252258,0.0,powdery mildew,0.313302218914032,nutritional deficiency,0.12191271036863327,N/A,CROSS_CROP_FALSE_ALARM
TRACK_D_CROSS_CROP,Chilli,cross_crop_sugarcane_to_chilli,Sugarcane Held-Out Test,D:\CropDiseaseProject\sugarcane_large\Diseases\Brown Spot\image297.jpg,Cross-Crop: Sugarcane,-1,cerocospora,0,False,0.7364376783370972,0.0,powdery mildew,0.19132892787456512,nutritional deficiency,0.04476504027843475,N/A,CROSS_CROP_FALSE_ALARM
TRACK_D_CROSS_CROP,Chilli,cross_crop_sugarcane_to_chilli,Sugarcane Held-Out Test,D:\CropDiseaseProject\sugarcane_maharashtra\Rust\rust (453).jpeg,Cross-Crop: Sugarcane,-1,nutritional deficiency,3,False,0.632819414138794,0.0,cerocospora,0.20654360949993134,healthy,0.10891853272914886,N/A,CROSS_CROP_FALSE_ALARM
TRACK_D_CROSS_CROP,Chilli,cross_crop_sugarcane_to_chilli,Sugarcane Held-Out Test,D:\CropDiseaseProject\sugarcane_large\Healthy Leaves\image114.jpg,Cross-Crop: Sugarcane,-1,cerocospora,0,False,0.6220191717147827,0.0,powdery mildew,0.14021798968315125,healthy,0.13241970539093018,N/A,CROSS_CROP_FALSE_ALARM
TRACK_D_CROSS_CROP,Chilli,cross_crop_sugarcane_to_chilli,Sugarcane Held-Out Test,D:\CropDiseaseProject\sugarcane_large\Diseases\Yellow Leaf\Yellow Leaf650.jpg,Cross-Crop: Sugarcane,-1,cerocospora,0,False,0.952024519443512,0.0,nutritional deficiency,0.027446022257208824,healthy,0.01607643999159336,N/A,CROSS_CROP_FALSE_ALARM
TRACK_D_CROSS_CROP,Chilli,cross_crop_sugarcane_to_chilli,Sugarcane Held-Out Test,D:\CropDiseaseProject\sugarcane_large\Diseases\Brown Spot\image659.jpg,Cross-Crop: Sugarcane,-1,cerocospora,0,False,0.5595827102661133,0.0,powdery mildew,0.4051150381565094,nutritional deficiency,0.023451000452041626,N/A,CROSS_CROP_FALSE_ALARM
TRACK_D_CROSS_CROP,Chilli,cross_crop_sugarcane_to_chilli,Sugarcane Held-Out Test,D:\CropDiseaseProject\sugarcane_large\Diseases\Brown Spot\image904.jpg,Cross-Crop: Sugarcane,-1,powdery mildew,4,False,0.5713202357292175,0.0,nutritional deficiency,0.285566121339798,cerocospora,0.12241839617490768,N/A,CROSS_CROP_FALSE_ALARM
TRACK_D_CROSS_CROP,Chilli,cross_crop_sugarcane_to_chilli,Sugarcane Held-Out Test,D:\CropDiseaseProject\sugarcane_large\Diseases\Brown Spot\image1496.jpg,Cross-Crop: Sugarcane,-1,healthy,1,False,0.27716147899627686,0.0,powdery mildew,0.27620357275009155,cerocospora,0.2264680564403534,N/A,CROSS_CROP_FALSE_ALARM
TRACK_D_CROSS_CROP,Chilli,cross_crop_sugarcane_to_chilli,Sugarcane Held-Out Test,D:\CropDiseaseProject\sugarcane_maharashtra\Mosaic\mosaic (92).jpeg,Cross-Crop: Sugarcane,-1,healthy,1,False,0.4077194035053253,0.0,cerocospora,0.39287233352661133,powdery mildew,0.14355461299419403,N/A,CROSS_CROP_FALSE_ALARM
TRACK_D_CROSS_CROP,Chilli,cross_crop_sugarcane_to_chilli,Sugarcane Held-Out Test,D:\CropDiseaseProject\sugarcane_maharashtra\RedRot\redrot (169).jpeg,Cross-Crop: Sugarcane,-1,healthy,1,False,0.7209481596946716,0.0,cerocospora,0.1370004117488861,powdery mildew,0.08546321839094162,N/A,CROSS_CROP_FALSE_ALARM
TRACK_D_CROSS_CROP,Chilli,cross_crop_sugarcane_to_chilli,Sugarcane Held-Out Test,D:\CropDiseaseProject\sugarcane_maharashtra\Rust\rust (151).jpeg,Cross-Crop: Sugarcane,-1,healthy,1,False,0.632297933101654,0.0,nutritional deficiency,0.2030748724937439,cerocospora,0.088119275867939,N/A,CROSS_CROP_FALSE_ALARM
TRACK_D_CROSS_CROP,Chilli,cross_crop_sugarcane_to_chilli,Sugarcane Held-Out Test,D:\CropDiseaseProject\sugarcane_large\Diseases\Yellow Leaf\Yellow Leaf813.jpg,Cross-Crop: Sugarcane,-1,cerocospora,0,False,0.8012619018554688,0.0,powdery mildew,0.12617304921150208,nutritional deficiency,0.0667010173201561,N/A,CROSS_CROP_FALSE_ALARM
TRACK_D_CROSS_CROP,Chilli,cross_crop_sugarcane_to_chilli,Sugarcane Held-Out Test,D:\CropDiseaseProject\sugarcane_large\Diseases\Banded Chlorosis\image320.jpg,Cross-Crop: Sugarcane,-1,nutritional deficiency,3,False,0.5164263844490051,0.0,cerocospora,0.2466209977865219,powdery mildew,0.21896196901798248,N/A,CROSS_CROP_FALSE_ALARM
TRACK_D_CROSS_CROP,Chilli,cross_crop_sugarcane_to_chilli,Sugarcane Held-Out Test,D:\CropDiseaseProject\sugarcane_large\Diseases\Yellow Leaf\Yellow Leaf913.jpg,Cross-Crop: Sugarcane,-1,nutritional deficiency,3,False,0.6784363985061646,0.0,cerocospora,0.17324335873126984,powdery mildew,0.12863819301128387,N/A,CROSS_CROP_FALSE_ALARM
TRACK_D_CROSS_CROP,Chilli,cross_crop_sugarcane_to_chilli,Sugarcane Held-Out Test,D:\CropDiseaseProject\sugarcane_maharashtra\Yellow\yellow (483).jpeg,Cross-Crop: Sugarcane,-1,healthy,1,False,0.3792183995246887,0.0,nutritional deficiency,0.28350284695625305,powdery mildew,0.1677103042602539,N/A,CROSS_CROP_FALSE_ALARM
TRACK_D_CROSS_CROP,Chilli,cross_crop_sugarcane_to_chilli,Sugarcane Held-Out Test,D:\CropDiseaseProject\sugarcane_large\Diseases\Yellow Leaf\Yellow Leaf1013.jpg,Cross-Crop: Sugarcane,-1,powdery mildew,4,False,0.6910616159439087,0.0,healthy,0.1578284054994583,cerocospora,0.125449538230896,N/A,CROSS_CROP_FALSE_ALARM
TRACK_D_CROSS_CROP,Chilli,cross_crop_sugarcane_to_chilli,Sugarcane Held-Out Test,D:\CropDiseaseProject\sugarcane_large\Diseases\smut\Smut238.jpg,Cross-Crop: Sugarcane,-1,healthy,1,False,0.7285777926445007,0.0,powdery mildew,0.14693866670131683,cerocospora,0.07886349409818649,N/A,CROSS_CROP_FALSE_ALARM
TRACK_D_CROSS_CROP,Chilli,cross_crop_sugarcane_to_chilli,Sugarcane Held-Out Test,D:\CropDiseaseProject\sugarcane_maharashtra\Healthy\healthy (359).jpeg,Cross-Crop: Sugarcane,-1,healthy,1,False,0.3696827292442322,0.0,cerocospora,0.24892814457416534,nutritional deficiency,0.22135360538959503,N/A,CROSS_CROP_FALSE_ALARM
TRACK_D_CROSS_CROP,Chilli,cross_crop_sugarcane_to_chilli,Sugarcane Held-Out Test,D:\CropDiseaseProject\sugarcane_large\Diseases\Grassy shoot\image264.jpg,Cross-Crop: Sugarcane,-1,healthy,1,False,0.4868868291378021,0.0,powdery mildew,0.2483111321926117,nutritional deficiency,0.1376725435256958,N/A,CROSS_CROP_FALSE_ALARM
TRACK_D_CROSS_CROP,Chilli,cross_crop_sugarcane_to_chilli,Sugarcane Held-Out Test,D:\CropDiseaseProject\sugarcane_large\Diseases\Brown Spot\image1699.jpg,Cross-Crop: Sugarcane,-1,powdery mildew,4,False,0.6544485688209534,0.0,healthy,0.2837226390838623,cerocospora,0.02823120355606079,N/A,CROSS_CROP_FALSE_ALARM
TRACK_D_CROSS_CROP,Chilli,cross_crop_sugarcane_to_chilli,Sugarcane Held-Out Test,D:\CropDiseaseProject\sugarcane_maharashtra\Mosaic\mosaic (63).jpeg,Cross-Crop: Sugarcane,-1,healthy,1,False,0.3787267506122589,0.0,cerocospora,0.206864595413208,powdery mildew,0.19490358233451843,N/A,CROSS_CROP_FALSE_ALARM
TRACK_D_CROSS_CROP,Chilli,cross_crop_sugarcane_to_chilli,Sugarcane Held-Out Test,D:\CropDiseaseProject\sugarcane_maharashtra\Healthy\healthy (181).jpeg,Cross-Crop: Sugarcane,-1,healthy,1,False,0.6918560266494751,0.0,cerocospora,0.1541012078523636,powdery mildew,0.12583589553833008,N/A,CROSS_CROP_FALSE_ALARM
TRACK_D_CROSS_CROP,Chilli,cross_crop_sugarcane_to_chilli,Sugarcane Held-Out Test,D:\CropDiseaseProject\sugarcane_large\Diseases\Viral Disease\Viral Disease262.jpg,Cross-Crop: Sugarcane,-1,cerocospora,0,False,0.3535410761833191,0.0,healthy,0.2862265408039093,nutritional deficiency,0.23795711994171143,N/A,CROSS_CROP_FALSE_ALARM
TRACK_D_CROSS_CROP,Chilli,cross_crop_sugarcane_to_chilli,Sugarcane Held-Out Test,D:\CropDiseaseProject\sugarcane_large\Diseases\Brown Spot\image635.jpg,Cross-Crop: Sugarcane,-1,cerocospora,0,False,0.5064975619316101,0.0,healthy,0.3234576880931854,powdery mildew,0.1292736977338791,N/A,CROSS_CROP_FALSE_ALARM
TRACK_D_CROSS_CROP,Chilli,cross_crop_sugarcane_to_chilli,Sugarcane Held-Out Test,D:\CropDiseaseProject\sugarcane_maharashtra\Healthy\healthy (365).jpeg,Cross-Crop: Sugarcane,-1,healthy,1,False,0.8217494487762451,0.0,murda complex,0.13908761739730835,nutritional deficiency,0.024767788127064705,N/A,CROSS_CROP_FALSE_ALARM
TRACK_D_CROSS_CROP,Sugarcane,cross_crop_tomato_to_sugarcane,Tomato Held-Out Test,D:\CropDiseaseProject\tomato_plantvillage\Tomato___healthy\651c7556-f25e-46b9-97db-4793a2a3b642___RS_HL 0219.JPG,Cross-Crop: Tomato,-1,Mosaic / Viral Disease,4,False,0.9567356109619141,0.0,Smut,0.02109578810632229,Yellow Leaf Disease,0.009253334254026413,N/A,CROSS_CROP_FALSE_ALARM
TRACK_D_CROSS_CROP,Sugarcane,cross_crop_tomato_to_sugarcane,Tomato Held-Out Test,D:\CropDiseaseProject\tomato_plantvillage\Tomato___Septoria_leaf_spot\0806cabf-f026-43bd-a508-0e8e5a185341___Matt.S_CG 1266.JPG,Cross-Crop: Tomato,-1,Rust (Brown Rust),7,False,0.4064335525035858,0.0,Mosaic / Viral Disease,0.34987378120422363,Smut,0.0830630362033844,N/A,CROSS_CROP_FALSE_ALARM
TRACK_D_CROSS_CROP,Sugarcane,cross_crop_tomato_to_sugarcane,Tomato Held-Out Test,D:\CropDiseaseProject\tomato_plantvillage\Tomato___Leaf_Mold\a6a109c7-b0f1-4475-8b50-22681c59a909___Crnl_L.Mold 6551.JPG,Cross-Crop: Tomato,-1,Yellow Leaf Disease,10,False,0.689347505569458,0.0,Mosaic / Viral Disease,0.2006329447031021,Pokkah Boeng,0.04340130835771561,N/A,CROSS_CROP_FALSE_ALARM
TRACK_D_CROSS_CROP,Sugarcane,cross_crop_tomato_to_sugarcane,Tomato Held-Out Test,D:\CropDiseaseProject\tomato_plantvillage\Tomato___Late_blight\16984239-2e67-407e-b600-4a3666500534___RS_Late.B 5182.JPG,Cross-Crop: Tomato,-1,Yellow Leaf Disease,10,False,0.9988466501235962,0.0,Healthy Leaves,0.0003465850022621453,Rust (Brown Rust),0.00030268478440120816,N/A,CROSS_CROP_FALSE_ALARM
TRACK_D_CROSS_CROP,Sugarcane,cross_crop_tomato_to_sugarcane,Tomato Held-Out Test,D:\CropDiseaseProject\tomato_plantvillage\Tomato___Late_blight\6560f944-521b-4ed7-981d-39c66953e598___GHLB2 Leaf 8850.JPG,Cross-Crop: Tomato,-1,Mosaic / Viral Disease,4,False,0.6869773864746094,0.0,Yellow Leaf Disease,0.17627514898777008,Pokkah Boeng,0.11487393826246262,N/A,CROSS_CROP_FALSE_ALARM
TRACK_D_CROSS_CROP,Sugarcane,cross_crop_tomato_to_sugarcane,Tomato Held-Out Test,D:\CropDiseaseProject\tomato_plantvillage\Tomato___Septoria_leaf_spot\fa477e80-af35-4ef8-b16b-78e0f884f737___Matt.S_CG 2715.JPG,Cross-Crop: Tomato,-1,Yellow Leaf Disease,10,False,0.9379521608352661,0.0,Rust (Brown Rust),0.04021906480193138,Grassy Shoot,0.019124489277601242,N/A,CROSS_CROP_FALSE_ALARM
TRACK_D_CROSS_CROP,Sugarcane,cross_crop_tomato_to_sugarcane,Tomato Held-Out Test,D:\CropDiseaseProject\tomato_plantvillage\Tomato___Bacterial_spot\2a43c0fa-a3dc-4f6d-a9e9-cb4274ae019f___GCREC_Bact.Sp 3621.JPG,Cross-Crop: Tomato,-1,Yellow Leaf Disease,10,False,0.8883020281791687,0.0,Mosaic / Viral Disease,0.04867974668741226,Pokkah Boeng,0.03098435141146183,N/A,CROSS_CROP_FALSE_ALARM
TRACK_D_CROSS_CROP,Sugarcane,cross_crop_tomato_to_sugarcane,Tomato Held-Out Test,D:\CropDiseaseProject\tomato_plantvillage\Tomato___Late_blight\54b808b7-ab47-4ce0-992c-cc02588ec6a9___GHLB2 Leaf 8623.JPG,Cross-Crop: Tomato,-1,Yellow Leaf Disease,10,False,0.9895902276039124,0.0,Mosaic / Viral Disease,0.006029556971043348,Smut,0.001700663473457098,N/A,CROSS_CROP_FALSE_ALARM
TRACK_D_CROSS_CROP,Sugarcane,cross_crop_tomato_to_sugarcane,Tomato Held-Out Test,D:\CropDiseaseProject\tomato_plantvillage\Tomato___Early_blight\6ccc0cdb-d420-4bc6-9a1a-d195a0521c19___RS_Erly.B 9437.JPG,Cross-Crop: Tomato,-1,Pokkah Boeng,5,False,0.5032822489738464,0.0,Smut,0.30735236406326294,Red Rot,0.10102405399084091,N/A,CROSS_CROP_FALSE_ALARM
TRACK_D_CROSS_CROP,Sugarcane,cross_crop_tomato_to_sugarcane,Tomato Held-Out Test,D:\CropDiseaseProject\tomato_plantvillage\Tomato___Bacterial_spot\b7c4e0c0-a388-44e8-9c5c-d2db995557ab___GCREC_Bact.Sp 3667.JPG,Cross-Crop: Tomato,-1,Rust (Brown Rust),7,False,0.9540174603462219,0.0,Mosaic / Viral Disease,0.033484891057014465,Yellow Leaf Disease,0.010067187249660492,N/A,CROSS_CROP_FALSE_ALARM
TRACK_D_CROSS_CROP,Sugarcane,cross_crop_tomato_to_sugarcane,Tomato Held-Out Test,D:\CropDiseaseProject\tomato_plantvillage\Tomato___Septoria_leaf_spot\e65190f0-97e9-44a6-bcb8-9fe7d42e9200___Matt.S_CG 7413.JPG,Cross-Crop: Tomato,-1,Yellow Leaf Disease,10,False,0.9436715841293335,0.0,Smut,0.02147260122001171,Rust (Brown Rust),0.021444307640194893,N/A,CROSS_CROP_FALSE_ALARM
TRACK_D_CROSS_CROP,Sugarcane,cross_crop_tomato_to_sugarcane,Tomato Held-Out Test,D:\CropDiseaseProject\tomato_plantvillage\Tomato___healthy\f0037c61-001d-4b1f-b794-5b5ab49d50d5___RS_HL 0527.JPG,Cross-Crop: Tomato,-1,Yellow Leaf Disease,10,False,0.6424301266670227,0.0,Rust (Brown Rust),0.20013995468616486,Mosaic / Viral Disease,0.10261504352092743,N/A,CROSS_CROP_FALSE_ALARM
TRACK_D_CROSS_CROP,Sugarcane,cross_crop_tomato_to_sugarcane,Tomato Held-Out Test,D:\CropDiseaseProject\tomato_plantvillage\Tomato___Tomato_mosaic_virus\59f9754c-2d49-4a74-ba11-4f9a017c8348___PSU_CG 2200.JPG,Cross-Crop: Tomato,-1,Mosaic / Viral Disease,4,False,0.49855971336364746,0.0,Healthy Leaves,0.3949376046657562,Yellow Leaf Disease,0.045661717653274536,N/A,CROSS_CROP_FALSE_ALARM
TRACK_D_CROSS_CROP,Sugarcane,cross_crop_tomato_to_sugarcane,Tomato Held-Out Test,D:\CropDiseaseProject\tomato_plantvillage\Tomato___Late_blight\4c42cb8f-e57f-48a5-bff2-8a8629d7505b___RS_Late.B 6869.JPG,Cross-Crop: Tomato,-1,Rust (Brown Rust),7,False,0.7216823101043701,0.0,Mosaic / Viral Disease,0.22840732336044312,Yellow Leaf Disease,0.047567062079906464,N/A,CROSS_CROP_FALSE_ALARM
TRACK_D_CROSS_CROP,Sugarcane,cross_crop_tomato_to_sugarcane,Tomato Held-Out Test,D:\CropDiseaseProject\tomato_plantvillage\Tomato___Tomato_Yellow_Leaf_Curl_Virus\1cba0a0a-1e54-4ce9-b88c-722a6e8e12b7___YLCV_GCREC 2409.JPG,Cross-Crop: Tomato,-1,Yellow Leaf Disease,10,False,0.7086353898048401,0.0,Mosaic / Viral Disease,0.13323010504245758,Rust (Brown Rust),0.11251562088727951,N/A,CROSS_CROP_FALSE_ALARM
TRACK_D_CROSS_CROP,Sugarcane,cross_crop_tomato_to_sugarcane,Tomato Held-Out Test,D:\CropDiseaseProject\tomato_plantvillage\Tomato___Spider_mites Two-spotted_spider_mite\9514a969-3abc-44e7-b75a-9bcf3670b105___Com.G_SpM_FL 9310.JPG,Cross-Crop: Tomato,-1,Yellow Leaf Disease,10,False,0.5321274399757385,0.0,Mosaic / Viral Disease,0.2822500765323639,Rust (Brown Rust),0.1638331264257431,N/A,CROSS_CROP_FALSE_ALARM
TRACK_D_CROSS_CROP,Sugarcane,cross_crop_tomato_to_sugarcane,Tomato Held-Out Test,D:\CropDiseaseProject\tomato_plantvillage\Tomato___Spider_mites Two-spotted_spider_mite\c96e4abf-404d-40ab-b105-827dde90c4a7___Com.G_SpM_FL 9331.JPG,Cross-Crop: Tomato,-1,Yellow Leaf Disease,10,False,0.7771209478378296,0.0,Rust (Brown Rust),0.13260690867900848,Banded Chlorosis,0.026419948786497116,N/A,CROSS_CROP_FALSE_ALARM
TRACK_D_CROSS_CROP,Sugarcane,cross_crop_tomato_to_sugarcane,Tomato Held-Out Test,D:\CropDiseaseProject\tomato_plantvillage\Tomato___Spider_mites Two-spotted_spider_mite\89f2d406-7506-4cd0-b075-cdbba849d8a8___Com.G_SpM_FL 8897.JPG,Cross-Crop: Tomato,-1,Rust (Brown Rust),7,False,0.7263935208320618,0.0,Yellow Leaf Disease,0.22418023645877838,Red Rot,0.025114964693784714,N/A,CROSS_CROP_FALSE_ALARM
TRACK_D_CROSS_CROP,Sugarcane,cross_crop_tomato_to_sugarcane,Tomato Held-Out Test,D:\CropDiseaseProject\tomato_plantvillage\Tomato___Late_blight\734daa60-b419-4736-ae19-c84fc2043d97___RS_Late.B 6758.JPG,Cross-Crop: Tomato,-1,Yellow Leaf Disease,10,False,0.9407181739807129,0.0,Pokkah Boeng,0.039957571774721146,Smut,0.014065280556678772,N/A,CROSS_CROP_FALSE_ALARM
TRACK_D_CROSS_CROP,Sugarcane,cross_crop_tomato_to_sugarcane,Tomato Held-Out Test,D:\CropDiseaseProject\tomato_plantvillage\Tomato___Tomato_Yellow_Leaf_Curl_Virus\a136e405-29a5-4bef-91ee-364b38faad28___YLCV_NREC 2888.JPG,Cross-Crop: Tomato,-1,Mosaic / Viral Disease,4,False,0.5073124170303345,0.0,Pokkah Boeng,0.35655727982521057,Rust (Brown Rust),0.10979633033275604,N/A,CROSS_CROP_FALSE_ALARM
TRACK_D_CROSS_CROP,Sugarcane,cross_crop_tomato_to_sugarcane,Tomato Held-Out Test,D:\CropDiseaseProject\tomato_plantvillage\Tomato___Tomato_Yellow_Leaf_Curl_Virus\ed71c2c1-d082-4355-bbc5-ed7050708ffa___UF.GRC_YLCV_Lab 02278.JPG,Cross-Crop: Tomato,-1,Yellow Leaf Disease,10,False,0.6425215601921082,0.0,Red Rot,0.20583897829055786,Healthy Leaves,0.08768004179000854,N/A,CROSS_CROP_FALSE_ALARM
TRACK_D_CROSS_CROP,Sugarcane,cross_crop_tomato_to_sugarcane,Tomato Held-Out Test,D:\CropDiseaseProject\tomato_plantvillage\Tomato___Bacterial_spot\2a377230-f904-4646-95da-76e242051242___GCREC_Bact.Sp 3085.JPG,Cross-Crop: Tomato,-1,Yellow Leaf Disease,10,False,0.841250479221344,0.0,Mosaic / Viral Disease,0.07936910539865494,Healthy Leaves,0.04070376604795456,N/A,CROSS_CROP_FALSE_ALARM
TRACK_D_CROSS_CROP,Sugarcane,cross_crop_tomato_to_sugarcane,Tomato Held-Out Test,D:\CropDiseaseProject\tomato_plantvillage\Tomato___Tomato_Yellow_Leaf_Curl_Virus\b6bd0474-9f04-4dc0-a412-de38a9ae5154___UF.GRC_YLCV_Lab 02397.JPG,Cross-Crop: Tomato,-1,Pokkah Boeng,5,False,0.9543125629425049,0.0,Yellow Leaf Disease,0.029611367732286453,Mosaic / Viral Disease,0.008862439543008804,N/A,CROSS_CROP_FALSE_ALARM
TRACK_D_CROSS_CROP,Sugarcane,cross_crop_tomato_to_sugarcane,Tomato Held-Out Test,D:\CropDiseaseProject\tomato_plantvillage\Tomato___Early_blight\239213d8-587b-48a8-bfdf-03157ba8e95d___RS_Erly.B 6385.JPG,Cross-Crop: Tomato,-1,Mosaic / Viral Disease,4,False,0.9543439745903015,0.0,Rust (Brown Rust),0.023116465657949448,Smut,0.015853341668844223,N/A,CROSS_CROP_FALSE_ALARM
TRACK_D_CROSS_CROP,Sugarcane,cross_crop_tomato_to_sugarcane,Tomato Held-Out Test,D:\CropDiseaseProject\tomato_plantvillage\Tomato___Tomato_Yellow_Leaf_Curl_Virus\14570c99-8503-4518-b5fe-d3450d53fc19___YLCV_NREC 2365.JPG,Cross-Crop: Tomato,-1,Rust (Brown Rust),7,False,0.8057742714881897,0.0,Yellow Leaf Disease,0.12221709638834,Mosaic / Viral Disease,0.05690547078847885,N/A,CROSS_CROP_FALSE_ALARM
TRACK_D_CROSS_CROP,Sugarcane,cross_crop_grape_to_sugarcane,Grape Held-Out Test,D:\CropDiseaseProject\grape_niphad\Downy Mildew\Downy Mildew_608.jpg,Cross-Crop: Grape,-1,Yellow Leaf Disease,10,False,0.9783498048782349,0.0,Pokkah Boeng,0.01782243512570858,Smut,0.0014167148619890213,N/A,CROSS_CROP_FALSE_ALARM
TRACK_D_CROSS_CROP,Sugarcane,cross_crop_grape_to_sugarcane,Grape Held-Out Test,D:\CropDiseaseProject\grape_2024\healthy\healthy533.jpg,Cross-Crop: Grape,-1,Healthy Leaves,3,False,0.946208655834198,0.0,Mosaic / Viral Disease,0.037917762994766235,Yellow Leaf Disease,0.012018575333058834,N/A,CROSS_CROP_FALSE_ALARM
TRACK_D_CROSS_CROP,Sugarcane,cross_crop_grape_to_sugarcane,Grape Held-Out Test,D:\CropDiseaseProject\grape_niphad\Downy Mildew\Downy Mildew_773.jpg,Cross-Crop: Grape,-1,Yellow Leaf Disease,10,False,0.38309791684150696,0.0,Healthy Leaves,0.31755995750427246,Mosaic / Viral Disease,0.1997762769460678,N/A,CROSS_CROP_FALSE_ALARM
TRACK_D_CROSS_CROP,Sugarcane,cross_crop_grape_to_sugarcane,Grape Held-Out Test,D:\CropDiseaseProject\grape_2024\healthy\healthy008.jpg,Cross-Crop: Grape,-1,Smut,9,False,0.7654244303703308,0.0,Pokkah Boeng,0.16612747311592102,Mosaic / Viral Disease,0.026035035029053688,N/A,CROSS_CROP_FALSE_ALARM
TRACK_D_CROSS_CROP,Sugarcane,cross_crop_grape_to_sugarcane,Grape Held-Out Test,D:\CropDiseaseProject\grape_2024\leaf blight\leaf blight021.jpg,Cross-Crop: Grape,-1,Pokkah Boeng,5,False,0.688990592956543,0.0,Yellow Leaf Disease,0.20763573050498962,Smut,0.05793696269392967,N/A,CROSS_CROP_FALSE_ALARM
TRACK_D_CROSS_CROP,Sugarcane,cross_crop_grape_to_sugarcane,Grape Held-Out Test,D:\CropDiseaseProject\grape_2024\esca\esca871.jpg,Cross-Crop: Grape,-1,Rust (Brown Rust),7,False,0.6854843497276306,0.0,Red Rot,0.15875244140625,Yellow Leaf Disease,0.13751854002475739,N/A,CROSS_CROP_FALSE_ALARM
TRACK_D_CROSS_CROP,Sugarcane,cross_crop_grape_to_sugarcane,Grape Held-Out Test,D:\CropDiseaseProject\grape_niphad\Healthy Leaves\Healthy Leaves_608.jpg,Cross-Crop: Grape,-1,Mosaic / Viral Disease,4,False,0.6156433820724487,0.0,Yellow Leaf Disease,0.33645060658454895,Healthy Leaves,0.04124895855784416,N/A,CROSS_CROP_FALSE_ALARM
TRACK_D_CROSS_CROP,Sugarcane,cross_crop_grape_to_sugarcane,Grape Held-Out Test,D:\CropDiseaseProject\grape_2024\Black rot\black rot663.jpg,Cross-Crop: Grape,-1,Yellow Leaf Disease,10,False,0.7192315459251404,0.0,Healthy Leaves,0.2208375185728073,Pokkah Boeng,0.03229917958378792,N/A,CROSS_CROP_FALSE_ALARM
TRACK_D_CROSS_CROP,Sugarcane,cross_crop_grape_to_sugarcane,Grape Held-Out Test,D:\CropDiseaseProject\grape_niphad\Downy Mildew\Downy Mildew_821.jpg,Cross-Crop: Grape,-1,Yellow Leaf Disease,10,False,0.6764459013938904,0.0,Grassy Shoot,0.20148493349552155,Healthy Leaves,0.06421104818582535,N/A,CROSS_CROP_FALSE_ALARM
TRACK_D_CROSS_CROP,Sugarcane,cross_crop_grape_to_sugarcane,Grape Held-Out Test,D:\CropDiseaseProject\grape_2024\healthy\healthy291.jpg,Cross-Crop: Grape,-1,Pokkah Boeng,5,False,0.4232857823371887,0.0,Smut,0.3714486360549927,Healthy Leaves,0.08379895985126495,N/A,CROSS_CROP_FALSE_ALARM
TRACK_D_CROSS_CROP,Sugarcane,cross_crop_grape_to_sugarcane,Grape Held-Out Test,D:\CropDiseaseProject\grape_niphad\Healthy Leaves\Healthy Leaves_43.jpg,Cross-Crop: Grape,-1,Pokkah Boeng,5,False,0.7150033116340637,0.0,Yellow Leaf Disease,0.21346858143806458,Rust (Brown Rust),0.05001765489578247,N/A,CROSS_CROP_FALSE_ALARM
TRACK_D_CROSS_CROP,Sugarcane,cross_crop_grape_to_sugarcane,Grape Held-Out Test,D:\CropDiseaseProject\grape_2024\healthy\healthy1047.jpg,Cross-Crop: Grape,-1,Yellow Leaf Disease,10,False,0.9726831316947937,0.0,Pokkah Boeng,0.02314107120037079,Smut,0.002498602494597435,N/A,CROSS_CROP_FALSE_ALARM
TRACK_D_CROSS_CROP,Sugarcane,cross_crop_grape_to_sugarcane,Grape Held-Out Test,D:\CropDiseaseProject\grape_2024\healthy\healthy406.jpg,Cross-Crop: Grape,-1,Smut,9,False,0.528414785861969,0.0,Pokkah Boeng,0.4516727924346924,Mosaic / Viral Disease,0.013050904497504234,N/A,CROSS_CROP_FALSE_ALARM
TRACK_D_CROSS_CROP,Sugarcane,cross_crop_grape_to_sugarcane,Grape Held-Out Test,D:\CropDiseaseProject\grape_2024\leaf blight\leaf blight454.jpg,Cross-Crop: Grape,-1,Smut,9,False,0.6220332980155945,0.0,Pokkah Boeng,0.16195838153362274,Yellow Leaf Disease,0.0863972082734108,N/A,CROSS_CROP_FALSE_ALARM
TRACK_D_CROSS_CROP,Sugarcane,cross_crop_grape_to_sugarcane,Grape Held-Out Test,D:\CropDiseaseProject\grape_2024\healthy\healthy1085.jpg,Cross-Crop: Grape,-1,Mosaic / Viral Disease,4,False,0.7281607985496521,0.0,Healthy Leaves,0.16822664439678192,Smut,0.032731980085372925,N/A,CROSS_CROP_FALSE_ALARM
TRACK_D_CROSS_CROP,Sugarcane,cross_crop_grape_to_sugarcane,Grape Held-Out Test,D:\CropDiseaseProject\grape_2024\Black rot\black rot477.jpg,Cross-Crop: Grape,-1,Yellow Leaf Disease,10,False,0.9611408710479736,0.0,Mosaic / Viral Disease,0.017124321311712265,Pokkah Boeng,0.014800514094531536,N/A,CROSS_CROP_FALSE_ALARM
TRACK_D_CROSS_CROP,Sugarcane,cross_crop_grape_to_sugarcane,Grape Held-Out Test,D:\CropDiseaseProject\grape_2024\esca\esca503.jpg,Cross-Crop: Grape,-1,Rust (Brown Rust),7,False,0.4536692202091217,0.0,Healthy Leaves,0.3610360622406006,Sett Rot,0.16021153330802917,N/A,CROSS_CROP_FALSE_ALARM
TRACK_D_CROSS_CROP,Sugarcane,cross_crop_grape_to_sugarcane,Grape Held-Out Test,D:\CropDiseaseProject\grape_2024\esca\esca837.jpg,Cross-Crop: Grape,-1,Smut,9,False,0.9943079352378845,0.0,Pokkah Boeng,0.0021328721195459366,Red Rot,0.002058367244899273,N/A,CROSS_CROP_FALSE_ALARM
TRACK_D_CROSS_CROP,Sugarcane,cross_crop_grape_to_sugarcane,Grape Held-Out Test,D:\CropDiseaseProject\grape_2024\esca\esca802.jpg,Cross-Crop: Grape,-1,Smut,9,False,0.6724892854690552,0.0,Pokkah Boeng,0.3224327266216278,Red Rot,0.0023689032532274723,N/A,CROSS_CROP_FALSE_ALARM
TRACK_D_CROSS_CROP,Sugarcane,cross_crop_grape_to_sugarcane,Grape Held-Out Test,D:\CropDiseaseProject\grape_niphad\Downy Mildew\Downy Mildew_447.jpg,Cross-Crop: Grape,-1,Yellow Leaf Disease,10,False,0.8537643551826477,0.0,Rust (Brown Rust),0.06536415964365005,Smut,0.04519767314195633,N/A,CROSS_CROP_FALSE_ALARM
TRACK_D_CROSS_CROP,Sugarcane,cross_crop_grape_to_sugarcane,Grape Held-Out Test,D:\CropDiseaseProject\grape_niphad\Downy Mildew\Downy Mildew_102.jpg,Cross-Crop: Grape,-1,Yellow Leaf Disease,10,False,0.9682862162590027,0.0,Pokkah Boeng,0.018757129088044167,Healthy Leaves,0.00400681234896183,N/A,CROSS_CROP_FALSE_ALARM
TRACK_D_CROSS_CROP,Sugarcane,cross_crop_grape_to_sugarcane,Grape Held-Out Test,D:\CropDiseaseProject\grape_niphad\Downy Mildew\Downy Mildew_884.jpg,Cross-Crop: Grape,-1,Rust (Brown Rust),7,False,0.8225836753845215,0.0,Mosaic / Viral Disease,0.09183722734451294,Yellow Leaf Disease,0.04324923828244209,N/A,CROSS_CROP_FALSE_ALARM
TRACK_D_CROSS_CROP,Sugarcane,cross_crop_grape_to_sugarcane,Grape Held-Out Test,D:\CropDiseaseProject\grape_2024\Black rot\black rot254.jpg,Cross-Crop: Grape,-1,Pokkah Boeng,5,False,0.7749637961387634,0.0,Mosaic / Viral Disease,0.18853579461574554,Smut,0.023437144234776497,N/A,CROSS_CROP_FALSE_ALARM
TRACK_D_CROSS_CROP,Sugarcane,cross_crop_grape_to_sugarcane,Grape Held-Out Test,D:\CropDiseaseProject\grape_niphad\Healthy Leaves\Healthy Leaves_59.jpg,Cross-Crop: Grape,-1,Mosaic / Viral Disease,4,False,0.7283328771591187,0.0,Yellow Leaf Disease,0.22465477883815765,Healthy Leaves,0.04111361876130104,N/A,CROSS_CROP_FALSE_ALARM
TRACK_D_CROSS_CROP,Sugarcane,cross_crop_grape_to_sugarcane,Grape Held-Out Test,D:\CropDiseaseProject\grape_2024\esca\esca322.jpg,Cross-Crop: Grape,-1,Smut,9,False,0.5207381844520569,0.0,Pokkah Boeng,0.44892948865890503,Mosaic / Viral Disease,0.023401224985718727,N/A,CROSS_CROP_FALSE_ALARM
TRACK_D_CROSS_CROP,Sugarcane,cross_crop_chilli_to_sugarcane,Chilli Held-Out Test,D:\CropDiseaseProject\chilli_cold\cerocospora\IMG_4053.JPG,Cross-Crop: Chilli,-1,Smut,9,False,0.789039671421051,0.0,Pokkah Boeng,0.11043574661016464,Brown Spot,0.04720516502857208,N/A,CROSS_CROP_FALSE_ALARM
TRACK_D_CROSS_CROP,Sugarcane,cross_crop_chilli_to_sugarcane,Chilli Held-Out Test,D:\CropDiseaseProject\chilli_cold\nutritional deficiency\IMG_3285.JPG,Cross-Crop: Chilli,-1,Pokkah Boeng,5,False,0.9341421723365784,0.0,Smut,0.06426166743040085,Mosaic / Viral Disease,0.0007321631419472396,N/A,CROSS_CROP_FALSE_ALARM
TRACK_D_CROSS_CROP,Sugarcane,cross_crop_chilli_to_sugarcane,Chilli Held-Out Test,D:\CropDiseaseProject\chilli_cold\healthy\IMG_3918.JPG,Cross-Crop: Chilli,-1,Smut,9,False,0.6962401270866394,0.0,Pokkah Boeng,0.20569786429405212,Brown Spot,0.08907245844602585,N/A,CROSS_CROP_FALSE_ALARM
TRACK_D_CROSS_CROP,Sugarcane,cross_crop_chilli_to_sugarcane,Chilli Held-Out Test,D:\CropDiseaseProject\chilli_cold\cerocospora\IMG_5237.JPG,Cross-Crop: Chilli,-1,Pokkah Boeng,5,False,0.9758652448654175,0.0,Rust (Brown Rust),0.02221708744764328,Healthy Leaves,0.0007780420128256083,N/A,CROSS_CROP_FALSE_ALARM
TRACK_D_CROSS_CROP,Sugarcane,cross_crop_chilli_to_sugarcane,Chilli Held-Out Test,D:\CropDiseaseProject\chilli_cold\murda complex\IMG_5639.JPG,Cross-Crop: Chilli,-1,Smut,9,False,0.7834125757217407,0.0,Pokkah Boeng,0.1941855251789093,Grassy Shoot,0.02072216011583805,N/A,CROSS_CROP_FALSE_ALARM
TRACK_D_CROSS_CROP,Sugarcane,cross_crop_chilli_to_sugarcane,Chilli Held-Out Test,D:\CropDiseaseProject\chilli_cold\nutritional deficiency\IMG_3427.JPG,Cross-Crop: Chilli,-1,Pokkah Boeng,5,False,0.8193144798278809,0.0,Healthy Leaves,0.09879308938980103,Yellow Leaf Disease,0.06624717265367508,N/A,CROSS_CROP_FALSE_ALARM
TRACK_D_CROSS_CROP,Sugarcane,cross_crop_chilli_to_sugarcane,Chilli Held-Out Test,D:\CropDiseaseProject\chilli_cold\cerocospora\IMG_5082.JPG,Cross-Crop: Chilli,-1,Pokkah Boeng,5,False,0.9987051486968994,0.0,Yellow Leaf Disease,0.0010612040059641004,Healthy Leaves,0.0001844623766373843,N/A,CROSS_CROP_FALSE_ALARM
TRACK_D_CROSS_CROP,Sugarcane,cross_crop_chilli_to_sugarcane,Chilli Held-Out Test,D:\CropDiseaseProject\chilli_cold\cerocospora\IMG_5226.JPG,Cross-Crop: Chilli,-1,Smut,9,False,0.4123118221759796,0.0,Pokkah Boeng,0.35650432109832764,Red Rot,0.11938702315092087,N/A,CROSS_CROP_FALSE_ALARM
TRACK_D_CROSS_CROP,Sugarcane,cross_crop_chilli_to_sugarcane,Chilli Held-Out Test,D:\CropDiseaseProject\chilli_cold\powdery mildew\IMG_5589.JPG,Cross-Crop: Chilli,-1,Smut,9,False,0.9233575463294983,0.0,Pokkah Boeng,0.05768002197146416,Mosaic / Viral Disease,0.013434477150440216,N/A,CROSS_CROP_FALSE_ALARM
TRACK_D_CROSS_CROP,Sugarcane,cross_crop_chilli_to_sugarcane,Chilli Held-Out Test,D:\CropDiseaseProject\chilli_cold\cerocospora\IMG_4233.JPG,Cross-Crop: Chilli,-1,Pokkah Boeng,5,False,0.9358603954315186,0.0,Yellow Leaf Disease,0.03375750035047531,Smut,0.030345942825078964,N/A,CROSS_CROP_FALSE_ALARM
TRACK_D_CROSS_CROP,Sugarcane,cross_crop_chilli_to_sugarcane,Chilli Held-Out Test,D:\CropDiseaseProject\chilli_cold\cerocospora\IMG_5153.JPG,Cross-Crop: Chilli,-1,Pokkah Boeng,5,False,0.7882101535797119,0.0,Smut,0.20878171920776367,Mosaic / Viral Disease,0.0011423591058701277,N/A,CROSS_CROP_FALSE_ALARM
TRACK_D_CROSS_CROP,Sugarcane,cross_crop_chilli_to_sugarcane,Chilli Held-Out Test,D:\CropDiseaseProject\chilli_cold\cerocospora\IMG_5371.JPG,Cross-Crop: Chilli,-1,Pokkah Boeng,5,False,0.9996262788772583,0.0,Smut,0.000270858290605247,Rust (Brown Rust),6.978461897233501e-05,N/A,CROSS_CROP_FALSE_ALARM
TRACK_D_CROSS_CROP,Sugarcane,cross_crop_chilli_to_sugarcane,Chilli Held-Out Test,D:\CropDiseaseProject\chilli_cold\healthy\IMG_3572.JPG,Cross-Crop: Chilli,-1,Grassy Shoot,2,False,0.558682382106781,0.0,Smut,0.3965587019920349,Red Rot,0.03430171683430672,N/A,CROSS_CROP_FALSE_ALARM
TRACK_D_CROSS_CROP,Sugarcane,cross_crop_chilli_to_sugarcane,Chilli Held-Out Test,D:\CropDiseaseProject\chilli_cold\cerocospora\IMG_5315.JPG,Cross-Crop: Chilli,-1,Pokkah Boeng,5,False,0.8246802687644958,0.0,Smut,0.15446309745311737,Sett Rot,0.019064072519540787,N/A,CROSS_CROP_FALSE_ALARM
TRACK_D_CROSS_CROP,Sugarcane,cross_crop_chilli_to_sugarcane,Chilli Held-Out Test,D:\CropDiseaseProject\chilli_cold\cerocospora\IMG_4145.JPG,Cross-Crop: Chilli,-1,Pokkah Boeng,5,False,0.8013744354248047,0.0,Smut,0.19831378757953644,Mosaic / Viral Disease,0.00012927144416607916,N/A,CROSS_CROP_FALSE_ALARM
TRACK_D_CROSS_CROP,Sugarcane,cross_crop_chilli_to_sugarcane,Chilli Held-Out Test,D:\CropDiseaseProject\chilli_cold\murda complex\IMG_4750.JPG,Cross-Crop: Chilli,-1,Smut,9,False,0.7443209886550903,0.0,Pokkah Boeng,0.24314361810684204,Red Rot,0.012058810330927372,N/A,CROSS_CROP_FALSE_ALARM
TRACK_D_CROSS_CROP,Sugarcane,cross_crop_chilli_to_sugarcane,Chilli Held-Out Test,D:\CropDiseaseProject\chilli_cold\cerocospora\IMG_5228.JPG,Cross-Crop: Chilli,-1,Pokkah Boeng,5,False,0.38690677285194397,0.0,Rust (Brown Rust),0.21540874242782593,Smut,0.1869661509990692,N/A,CROSS_CROP_FALSE_ALARM
TRACK_D_CROSS_CROP,Sugarcane,cross_crop_chilli_to_sugarcane,Chilli Held-Out Test,D:\CropDiseaseProject\chilli_cold\powdery mildew\IMG_5609.JPG,Cross-Crop: Chilli,-1,Smut,9,False,0.5690171718597412,0.0,Pokkah Boeng,0.4242120087146759,Brown Spot,0.0030110091902315617,N/A,CROSS_CROP_FALSE_ALARM
TRACK_D_CROSS_CROP,Sugarcane,cross_crop_chilli_to_sugarcane,Chilli Held-Out Test,D:\CropDiseaseProject\chilli_cold\cerocospora\IMG_4669.JPG,Cross-Crop: Chilli,-1,Red Rot,6,False,0.8069754242897034,0.0,Smut,0.1417139172554016,Pokkah Boeng,0.02732148952782154,N/A,CROSS_CROP_FALSE_ALARM
TRACK_D_CROSS_CROP,Sugarcane,cross_crop_chilli_to_sugarcane,Chilli Held-Out Test,D:\CropDiseaseProject\chilli_cold\cerocospora\IMG_4624.JPG,Cross-Crop: Chilli,-1,Smut,9,False,0.5100330114364624,0.0,Pokkah Boeng,0.4814881682395935,Yellow Leaf Disease,0.006185921374708414,N/A,CROSS_CROP_FALSE_ALARM
TRACK_D_CROSS_CROP,Sugarcane,cross_crop_chilli_to_sugarcane,Chilli Held-Out Test,D:\CropDiseaseProject\chilli_cold\nutritional deficiency\IMG_3372.JPG,Cross-Crop: Chilli,-1,Pokkah Boeng,5,False,0.6105198264122009,0.0,Smut,0.21642711758613586,Mosaic / Viral Disease,0.161028191447258,N/A,CROSS_CROP_FALSE_ALARM
TRACK_D_CROSS_CROP,Sugarcane,cross_crop_chilli_to_sugarcane,Chilli Held-Out Test,D:\CropDiseaseProject\chilli_cold\cerocospora\IMG_4777.JPG,Cross-Crop: Chilli,-1,Red Rot,6,False,0.4542289674282074,0.0,Smut,0.27331605553627014,Pokkah Boeng,0.203136146068573,N/A,CROSS_CROP_FALSE_ALARM
TRACK_D_CROSS_CROP,Sugarcane,cross_crop_chilli_to_sugarcane,Chilli Held-Out Test,D:\CropDiseaseProject\chilli_cold\nutritional deficiency\IMG_4872.JPG,Cross-Crop: Chilli,-1,Rust (Brown Rust),7,False,0.3942578136920929,0.0,Smut,0.39187487959861755,Pokkah Boeng,0.20705056190490723,N/A,CROSS_CROP_FALSE_ALARM
TRACK_D_CROSS_CROP,Sugarcane,cross_crop_chilli_to_sugarcane,Chilli Held-Out Test,D:\CropDiseaseProject\chilli_cold\nutritional deficiency\IMG_4931.JPG,Cross-Crop: Chilli,-1,Pokkah Boeng,5,False,0.9864245057106018,0.0,Smut,0.011515149846673012,Red Rot,0.0011629094369709492,N/A,CROSS_CROP_FALSE_ALARM
TRACK_D_CROSS_CROP,Sugarcane,cross_crop_chilli_to_sugarcane,Chilli Held-Out Test,D:\CropDiseaseProject\chilli_cold\powdery mildew\IMG_5678.JPG,Cross-Crop: Chilli,-1,Smut,9,False,0.7980853319168091,0.0,Pokkah Boeng,0.1901857852935791,Yellow Leaf Disease,0.005701064132153988,N/A,CROSS_CROP_FALSE_ALARM
TRACK_D_UNRELATED,Tomato,unrelated_non_leaf,OpenCV Standard Non-Leaf Benchmark,D:\CropDiseaseProject\results\model_robustness_audit\audit_images\track_d_unrelated\aloeL.jpg,Unrelated / Non-Leaf,-1,Tomato___Early_blight,1,False,0.9237635135650635,0.0,Tomato___Target_Spot,0.05939768999814987,Tomato___Bacterial_spot,0.013180787675082684,N/A,UNRELATED_FALSE_ALARM
TRACK_D_UNRELATED,Tomato,unrelated_non_leaf,OpenCV Standard Non-Leaf Benchmark,D:\CropDiseaseProject\results\model_robustness_audit\audit_images\track_d_unrelated\baboon.jpg,Unrelated / Non-Leaf,-1,Tomato___Tomato_Yellow_Leaf_Curl_Virus,7,False,0.9977259039878845,0.0,Tomato___Septoria_leaf_spot,0.0010729825589805841,Tomato___Early_blight,0.0006119495374150574,N/A,UNRELATED_FALSE_ALARM
TRACK_D_UNRELATED,Tomato,unrelated_non_leaf,OpenCV Standard Non-Leaf Benchmark,D:\CropDiseaseProject\results\model_robustness_audit\audit_images\track_d_unrelated\basketball1.png,Unrelated / Non-Leaf,-1,Tomato___Target_Spot,6,False,0.8830881714820862,0.0,Tomato___Late_blight,0.07988162338733673,Tomato___Early_blight,0.03370586410164833,N/A,UNRELATED_FALSE_ALARM
TRACK_D_UNRELATED,Tomato,unrelated_non_leaf,OpenCV Standard Non-Leaf Benchmark,D:\CropDiseaseProject\results\model_robustness_audit\audit_images\track_d_unrelated\board.jpg,Unrelated / Non-Leaf,-1,Tomato___Septoria_leaf_spot,4,False,0.7508405447006226,0.0,Tomato___Early_blight,0.2383214235305786,Tomato___Tomato_Yellow_Leaf_Curl_Virus,0.01083150040358305,N/A,UNRELATED_FALSE_ALARM
TRACK_D_UNRELATED,Tomato,unrelated_non_leaf,OpenCV Standard Non-Leaf Benchmark,D:\CropDiseaseProject\results\model_robustness_audit\audit_images\track_d_unrelated\building.jpg,Unrelated / Non-Leaf,-1,Tomato___Early_blight,1,False,0.9761481285095215,0.0,Tomato___Target_Spot,0.01376140397042036,Tomato___Late_blight,0.01001084316521883,N/A,UNRELATED_FALSE_ALARM
TRACK_D_UNRELATED,Tomato,unrelated_non_leaf,OpenCV Standard Non-Leaf Benchmark,D:\CropDiseaseProject\results\model_robustness_audit\audit_images\track_d_unrelated\butterfly.jpg,Unrelated / Non-Leaf,-1,Tomato___Early_blight,1,False,0.9909608960151672,0.0,Tomato___Late_blight,0.0066854460164904594,Tomato___Spider_mites Two-spotted_spider_mite,0.0022524562664330006,N/A,UNRELATED_FALSE_ALARM
TRACK_D_UNRELATED,Tomato,unrelated_non_leaf,OpenCV Standard Non-Leaf Benchmark,D:\CropDiseaseProject\results\model_robustness_audit\audit_images\track_d_unrelated\cards.png,Unrelated / Non-Leaf,-1,Tomato___Early_blight,1,False,0.9994088411331177,0.0,Tomato___Septoria_leaf_spot,0.0005563599988818169,Tomato___Bacterial_spot,3.0676561436848715e-05,N/A,UNRELATED_FALSE_ALARM
TRACK_D_UNRELATED,Tomato,unrelated_non_leaf,OpenCV Standard Non-Leaf Benchmark,D:\CropDiseaseProject\results\model_robustness_audit\audit_images\track_d_unrelated\chessboard.png,Unrelated / Non-Leaf,-1,Tomato___Late_blight,2,False,0.9897276759147644,0.0,Tomato___Spider_mites Two-spotted_spider_mite,0.0089632049202919,Tomato___Early_blight,0.00125493120867759,N/A,UNRELATED_FALSE_ALARM
TRACK_D_UNRELATED,Tomato,unrelated_non_leaf,OpenCV Standard Non-Leaf Benchmark,D:\CropDiseaseProject\results\model_robustness_audit\audit_images\track_d_unrelated\detect_blob.png,Unrelated / Non-Leaf,-1,Tomato___Late_blight,2,False,0.94016033411026,0.0,Tomato___Early_blight,0.04507743567228317,Tomato___Tomato_Yellow_Leaf_Curl_Virus,0.008587975054979324,N/A,UNRELATED_FALSE_ALARM
TRACK_D_UNRELATED,Tomato,unrelated_non_leaf,OpenCV Standard Non-Leaf Benchmark,D:\CropDiseaseProject\results\model_robustness_audit\audit_images\track_d_unrelated\fruits.jpg,Unrelated / Non-Leaf,-1,Tomato___Tomato_Yellow_Leaf_Curl_Virus,7,False,0.9174850583076477,0.0,Tomato___Late_blight,0.07954520732164383,Tomato___Septoria_leaf_spot,0.0021597035229206085,N/A,UNRELATED_FALSE_ALARM
TRACK_D_UNRELATED,Tomato,unrelated_non_leaf,OpenCV Standard Non-Leaf Benchmark,D:\CropDiseaseProject\results\model_robustness_audit\audit_images\track_d_unrelated\graf1.png,Unrelated / Non-Leaf,-1,Tomato___Early_blight,1,False,0.994293212890625,0.0,Tomato___Late_blight,0.00499157328158617,Tomato___Tomato_Yellow_Leaf_Curl_Virus,0.0005967283505015075,N/A,UNRELATED_FALSE_ALARM
TRACK_D_UNRELATED,Tomato,unrelated_non_leaf,OpenCV Standard Non-Leaf Benchmark,D:\CropDiseaseProject\results\model_robustness_audit\audit_images\track_d_unrelated\home.jpg,Unrelated / Non-Leaf,-1,Tomato___Late_blight,2,False,0.5163249373435974,0.0,Tomato___Early_blight,0.4190548062324524,Tomato___Septoria_leaf_spot,0.050204891711473465,N/A,UNRELATED_FALSE_ALARM
TRACK_D_UNRELATED,Tomato,unrelated_non_leaf,OpenCV Standard Non-Leaf Benchmark,D:\CropDiseaseProject\results\model_robustness_audit\audit_images\track_d_unrelated\left01.jpg,Unrelated / Non-Leaf,-1,Tomato___Early_blight,1,False,0.9992190599441528,0.0,Tomato___Late_blight,0.00043890750384889543,Tomato___Spider_mites Two-spotted_spider_mite,0.00034080399200320244,N/A,UNRELATED_FALSE_ALARM
TRACK_D_UNRELATED,Tomato,unrelated_non_leaf,OpenCV Standard Non-Leaf Benchmark,D:\CropDiseaseProject\results\model_robustness_audit\audit_images\track_d_unrelated\messi5.jpg,Unrelated / Non-Leaf,-1,Tomato___Early_blight,1,False,0.9999227523803711,0.0,Tomato___Tomato_Yellow_Leaf_Curl_Virus,4.9363283324055374e-05,Tomato___Late_blight,2.0520084945019335e-05,N/A,UNRELATED_FALSE_ALARM
TRACK_D_UNRELATED,Tomato,unrelated_non_leaf,OpenCV Standard Non-Leaf Benchmark,D:\CropDiseaseProject\results\model_robustness_audit\audit_images\track_d_unrelated\notes.png,Unrelated / Non-Leaf,-1,Tomato___Late_blight,2,False,0.9443497657775879,0.0,Tomato___Early_blight,0.052674006670713425,Tomato___Bacterial_spot,0.002036638557910919,N/A,UNRELATED_FALSE_ALARM
TRACK_D_UNRELATED,Tomato,unrelated_non_leaf,OpenCV Standard Non-Leaf Benchmark,D:\CropDiseaseProject\results\model_robustness_audit\audit_images\track_d_unrelated\right01.jpg,Unrelated / Non-Leaf,-1,Tomato___Early_blight,1,False,0.699251651763916,0.0,Tomato___Spider_mites Two-spotted_spider_mite,0.2974404990673065,Tomato___Late_blight,0.0032987226732075214,N/A,UNRELATED_FALSE_ALARM
TRACK_D_UNRELATED,Tomato,unrelated_non_leaf,OpenCV Standard Non-Leaf Benchmark,D:\CropDiseaseProject\results\model_robustness_audit\audit_images\track_d_unrelated\rubberwhale1.png,Unrelated / Non-Leaf,-1,Tomato___Early_blight,1,False,0.9877550005912781,0.0,Tomato___Spider_mites Two-spotted_spider_mite,0.0070451837964355946,Tomato___Late_blight,0.002282515401020646,N/A,UNRELATED_FALSE_ALARM
TRACK_D_UNRELATED,Tomato,unrelated_non_leaf,OpenCV Standard Non-Leaf Benchmark,D:\CropDiseaseProject\results\model_robustness_audit\audit_images\track_d_unrelated\smarties.png,Unrelated / Non-Leaf,-1,Tomato___Late_blight,2,False,0.9956642985343933,0.0,Tomato___Tomato_mosaic_virus,0.003149143885821104,Tomato___Septoria_leaf_spot,0.0007802736363373697,N/A,UNRELATED_FALSE_ALARM
TRACK_D_UNRELATED,Tomato,unrelated_non_leaf,OpenCV Standard Non-Leaf Benchmark,D:\CropDiseaseProject\results\model_robustness_audit\audit_images\track_d_unrelated\starry_night.jpg,Unrelated / Non-Leaf,-1,Tomato___Septoria_leaf_spot,4,False,0.9758913516998291,0.0,Tomato___Tomato_Yellow_Leaf_Curl_Virus,0.023121150210499763,Tomato___Early_blight,0.0009846986504271626,N/A,UNRELATED_FALSE_ALARM
TRACK_D_UNRELATED,Tomato,unrelated_non_leaf,OpenCV Standard Non-Leaf Benchmark,D:\CropDiseaseProject\results\model_robustness_audit\audit_images\track_d_unrelated\sudoku.png,Unrelated / Non-Leaf,-1,Tomato___Early_blight,1,False,0.6626256108283997,0.0,Tomato___Septoria_leaf_spot,0.33146151900291443,Tomato___Bacterial_spot,0.0059107146225869656,N/A,UNRELATED_FALSE_ALARM
TRACK_D_UNRELATED,Grape,unrelated_non_leaf,OpenCV Standard Non-Leaf Benchmark,D:\CropDiseaseProject\results\model_robustness_audit\audit_images\track_d_unrelated\aloeL.jpg,Unrelated / Non-Leaf,-1,Powdery Mildew,6,False,0.4667128026485443,0.0,Bacterial Leaf Spot,0.1762690544128418,Leaf Blight,0.13619118928909302,N/A,UNRELATED_FALSE_ALARM
TRACK_D_UNRELATED,Grape,unrelated_non_leaf,OpenCV Standard Non-Leaf Benchmark,D:\CropDiseaseProject\results\model_robustness_audit\audit_images\track_d_unrelated\baboon.jpg,Unrelated / Non-Leaf,-1,Bacterial Leaf Spot,0,False,0.9975723624229431,0.0,Downy Mildew,0.0012999639147892594,Leaf Blight,0.0005777468904852867,N/A,UNRELATED_FALSE_ALARM
TRACK_D_UNRELATED,Grape,unrelated_non_leaf,OpenCV Standard Non-Leaf Benchmark,D:\CropDiseaseProject\results\model_robustness_audit\audit_images\track_d_unrelated\basketball1.png,Unrelated / Non-Leaf,-1,Esca (Black Measles),3,False,0.7291831374168396,0.0,Leaf Blight,0.25619789958000183,Healthy Leaves,0.013657445088028908,N/A,UNRELATED_FALSE_ALARM
TRACK_D_UNRELATED,Grape,unrelated_non_leaf,OpenCV Standard Non-Leaf Benchmark,D:\CropDiseaseProject\results\model_robustness_audit\audit_images\track_d_unrelated\board.jpg,Unrelated / Non-Leaf,-1,Esca (Black Measles),3,False,0.9717013239860535,0.0,Healthy Leaves,0.01572481542825699,Leaf Blight,0.012573842890560627,N/A,UNRELATED_FALSE_ALARM
TRACK_D_UNRELATED,Grape,unrelated_non_leaf,OpenCV Standard Non-Leaf Benchmark,D:\CropDiseaseProject\results\model_robustness_audit\audit_images\track_d_unrelated\building.jpg,Unrelated / Non-Leaf,-1,Esca (Black Measles),3,False,0.9675326943397522,0.0,Leaf Blight,0.01858607865869999,Powdery Mildew,0.008122448809444904,N/A,UNRELATED_FALSE_ALARM
TRACK_D_UNRELATED,Grape,unrelated_non_leaf,OpenCV Standard Non-Leaf Benchmark,D:\CropDiseaseProject\results\model_robustness_audit\audit_images\track_d_unrelated\butterfly.jpg,Unrelated / Non-Leaf,-1,Black Rot,1,False,0.7644587755203247,0.0,Healthy Leaves,0.15884505212306976,Esca (Black Measles),0.045513249933719635,N/A,UNRELATED_FALSE_ALARM
TRACK_D_UNRELATED,Grape,unrelated_non_leaf,OpenCV Standard Non-Leaf Benchmark,D:\CropDiseaseProject\results\model_robustness_audit\audit_images\track_d_unrelated\cards.png,Unrelated / Non-Leaf,-1,Healthy Leaves,4,False,0.9817980527877808,0.0,Esca (Black Measles),0.014005571603775024,Powdery Mildew,0.002169170416891575,N/A,UNRELATED_FALSE_ALARM
TRACK_D_UNRELATED,Grape,unrelated_non_leaf,OpenCV Standard Non-Leaf Benchmark,D:\CropDiseaseProject\results\model_robustness_audit\audit_images\track_d_unrelated\chessboard.png,Unrelated / Non-Leaf,-1,Healthy Leaves,4,False,0.9986251592636108,0.0,Powdery Mildew,0.0009604360675439239,Downy Mildew,0.000292404176434502,N/A,UNRELATED_FALSE_ALARM
TRACK_D_UNRELATED,Grape,unrelated_non_leaf,OpenCV Standard Non-Leaf Benchmark,D:\CropDiseaseProject\results\model_robustness_audit\audit_images\track_d_unrelated\detect_blob.png,Unrelated / Non-Leaf,-1,Healthy Leaves,4,False,0.998805046081543,0.0,Leaf Blight,0.0006424709572456777,Esca (Black Measles),0.0005416544154286385,N/A,UNRELATED_FALSE_ALARM
TRACK_D_UNRELATED,Grape,unrelated_non_leaf,OpenCV Standard Non-Leaf Benchmark,D:\CropDiseaseProject\results\model_robustness_audit\audit_images\track_d_unrelated\fruits.jpg,Unrelated / Non-Leaf,-1,Healthy Leaves,4,False,0.37347790598869324,0.0,Leaf Blight,0.3628964424133301,Bacterial Leaf Spot,0.22799095511436462,N/A,UNRELATED_FALSE_ALARM
TRACK_D_UNRELATED,Grape,unrelated_non_leaf,OpenCV Standard Non-Leaf Benchmark,D:\CropDiseaseProject\results\model_robustness_audit\audit_images\track_d_unrelated\graf1.png,Unrelated / Non-Leaf,-1,Leaf Blight,5,False,0.9876396059989929,0.0,Bacterial Leaf Spot,0.01119284238666296,Esca (Black Measles),0.0011504325084388256,N/A,UNRELATED_FALSE_ALARM
TRACK_D_UNRELATED,Grape,unrelated_non_leaf,OpenCV Standard Non-Leaf Benchmark,D:\CropDiseaseProject\results\model_robustness_audit\audit_images\track_d_unrelated\home.jpg,Unrelated / Non-Leaf,-1,Leaf Blight,5,False,0.7127818465232849,0.0,Esca (Black Measles),0.10396870225667953,Black Rot,0.100833460688591,N/A,UNRELATED_FALSE_ALARM
TRACK_D_UNRELATED,Grape,unrelated_non_leaf,OpenCV Standard Non-Leaf Benchmark,D:\CropDiseaseProject\results\model_robustness_audit\audit_images\track_d_unrelated\left01.jpg,Unrelated / Non-Leaf,-1,Healthy Leaves,4,False,0.9979268312454224,0.0,Bacterial Leaf Spot,0.0015464359894394875,Powdery Mildew,0.0005221621249802411,N/A,UNRELATED_FALSE_ALARM
TRACK_D_UNRELATED,Grape,unrelated_non_leaf,OpenCV Standard Non-Leaf Benchmark,D:\CropDiseaseProject\results\model_robustness_audit\audit_images\track_d_unrelated\messi5.jpg,Unrelated / Non-Leaf,-1,Leaf Blight,5,False,0.8536407351493835,0.0,Esca (Black Measles),0.14096440374851227,Bacterial Leaf Spot,0.004509464837610722,N/A,UNRELATED_FALSE_ALARM
TRACK_D_UNRELATED,Grape,unrelated_non_leaf,OpenCV Standard Non-Leaf Benchmark,D:\CropDiseaseProject\results\model_robustness_audit\audit_images\track_d_unrelated\notes.png,Unrelated / Non-Leaf,-1,Leaf Blight,5,False,0.6462274193763733,0.0,Bacterial Leaf Spot,0.16100922226905823,Esca (Black Measles),0.12406610697507858,N/A,UNRELATED_FALSE_ALARM
TRACK_D_UNRELATED,Grape,unrelated_non_leaf,OpenCV Standard Non-Leaf Benchmark,D:\CropDiseaseProject\results\model_robustness_audit\audit_images\track_d_unrelated\right01.jpg,Unrelated / Non-Leaf,-1,Healthy Leaves,4,False,0.8509780168533325,0.0,Bacterial Leaf Spot,0.14861424267292023,Esca (Black Measles),0.00032605239539407194,N/A,UNRELATED_FALSE_ALARM
TRACK_D_UNRELATED,Grape,unrelated_non_leaf,OpenCV Standard Non-Leaf Benchmark,D:\CropDiseaseProject\results\model_robustness_audit\audit_images\track_d_unrelated\rubberwhale1.png,Unrelated / Non-Leaf,-1,Black Rot,1,False,0.490441232919693,0.0,Esca (Black Measles),0.23744189739227295,Healthy Leaves,0.228927344083786,N/A,UNRELATED_FALSE_ALARM
TRACK_D_UNRELATED,Grape,unrelated_non_leaf,OpenCV Standard Non-Leaf Benchmark,D:\CropDiseaseProject\results\model_robustness_audit\audit_images\track_d_unrelated\smarties.png,Unrelated / Non-Leaf,-1,Bacterial Leaf Spot,0,False,0.9833879470825195,0.0,Black Rot,0.007990763522684574,Esca (Black Measles),0.007177828811109066,N/A,UNRELATED_FALSE_ALARM
TRACK_D_UNRELATED,Grape,unrelated_non_leaf,OpenCV Standard Non-Leaf Benchmark,D:\CropDiseaseProject\results\model_robustness_audit\audit_images\track_d_unrelated\starry_night.jpg,Unrelated / Non-Leaf,-1,Bacterial Leaf Spot,0,False,0.9985111355781555,0.0,Healthy Leaves,0.0013604825362563133,Downy Mildew,0.00012786091247107834,N/A,UNRELATED_FALSE_ALARM
TRACK_D_UNRELATED,Grape,unrelated_non_leaf,OpenCV Standard Non-Leaf Benchmark,D:\CropDiseaseProject\results\model_robustness_audit\audit_images\track_d_unrelated\sudoku.png,Unrelated / Non-Leaf,-1,Healthy Leaves,4,False,0.8787279725074768,0.0,Esca (Black Measles),0.07192133367061615,Leaf Blight,0.02716333419084549,N/A,UNRELATED_FALSE_ALARM
TRACK_D_UNRELATED,Chilli,unrelated_non_leaf,OpenCV Standard Non-Leaf Benchmark,D:\CropDiseaseProject\results\model_robustness_audit\audit_images\track_d_unrelated\aloeL.jpg,Unrelated / Non-Leaf,-1,powdery mildew,4,False,0.8755195736885071,0.0,cerocospora,0.07018215954303741,nutritional deficiency,0.04616653546690941,N/A,UNRELATED_FALSE_ALARM
TRACK_D_UNRELATED,Chilli,unrelated_non_leaf,OpenCV Standard Non-Leaf Benchmark,D:\CropDiseaseProject\results\model_robustness_audit\audit_images\track_d_unrelated\baboon.jpg,Unrelated / Non-Leaf,-1,cerocospora,0,False,0.9776812791824341,0.0,healthy,0.012051010504364967,murda complex,0.00833138544112444,N/A,UNRELATED_FALSE_ALARM
TRACK_D_UNRELATED,Chilli,unrelated_non_leaf,OpenCV Standard Non-Leaf Benchmark,D:\CropDiseaseProject\results\model_robustness_audit\audit_images\track_d_unrelated\basketball1.png,Unrelated / Non-Leaf,-1,murda complex,2,False,0.4327509105205536,0.0,cerocospora,0.3504926562309265,nutritional deficiency,0.1789667308330536,N/A,UNRELATED_FALSE_ALARM
TRACK_D_UNRELATED,Chilli,unrelated_non_leaf,OpenCV Standard Non-Leaf Benchmark,D:\CropDiseaseProject\results\model_robustness_audit\audit_images\track_d_unrelated\board.jpg,Unrelated / Non-Leaf,-1,nutritional deficiency,3,False,0.511629581451416,0.0,murda complex,0.2775208353996277,healthy,0.1374664008617401,N/A,UNRELATED_FALSE_ALARM
TRACK_D_UNRELATED,Chilli,unrelated_non_leaf,OpenCV Standard Non-Leaf Benchmark,D:\CropDiseaseProject\results\model_robustness_audit\audit_images\track_d_unrelated\building.jpg,Unrelated / Non-Leaf,-1,healthy,1,False,0.56748366355896,0.0,cerocospora,0.3346201479434967,nutritional deficiency,0.07609430700540543,N/A,UNRELATED_FALSE_ALARM
TRACK_D_UNRELATED,Chilli,unrelated_non_leaf,OpenCV Standard Non-Leaf Benchmark,D:\CropDiseaseProject\results\model_robustness_audit\audit_images\track_d_unrelated\butterfly.jpg,Unrelated / Non-Leaf,-1,cerocospora,0,False,0.998089611530304,0.0,healthy,0.0013836026191711426,nutritional deficiency,0.0004745733749587089,N/A,UNRELATED_FALSE_ALARM
TRACK_D_UNRELATED,Chilli,unrelated_non_leaf,OpenCV Standard Non-Leaf Benchmark,D:\CropDiseaseProject\results\model_robustness_audit\audit_images\track_d_unrelated\cards.png,Unrelated / Non-Leaf,-1,cerocospora,0,False,0.8763173818588257,0.0,murda complex,0.06093727424740791,powdery mildew,0.05419284105300903,N/A,UNRELATED_FALSE_ALARM
TRACK_D_UNRELATED,Chilli,unrelated_non_leaf,OpenCV Standard Non-Leaf Benchmark,D:\CropDiseaseProject\results\model_robustness_audit\audit_images\track_d_unrelated\chessboard.png,Unrelated / Non-Leaf,-1,cerocospora,0,False,0.9506956934928894,0.0,murda complex,0.024397635832428932,healthy,0.01846477948129177,N/A,UNRELATED_FALSE_ALARM
TRACK_D_UNRELATED,Chilli,unrelated_non_leaf,OpenCV Standard Non-Leaf Benchmark,D:\CropDiseaseProject\results\model_robustness_audit\audit_images\track_d_unrelated\detect_blob.png,Unrelated / Non-Leaf,-1,cerocospora,0,False,0.9446153044700623,0.0,murda complex,0.05422629043459892,healthy,0.0010017325403168797,N/A,UNRELATED_FALSE_ALARM
TRACK_D_UNRELATED,Chilli,unrelated_non_leaf,OpenCV Standard Non-Leaf Benchmark,D:\CropDiseaseProject\results\model_robustness_audit\audit_images\track_d_unrelated\fruits.jpg,Unrelated / Non-Leaf,-1,powdery mildew,4,False,0.5849441289901733,0.0,cerocospora,0.40781334042549133,healthy,0.005446681287139654,N/A,UNRELATED_FALSE_ALARM
TRACK_D_UNRELATED,Chilli,unrelated_non_leaf,OpenCV Standard Non-Leaf Benchmark,D:\CropDiseaseProject\results\model_robustness_audit\audit_images\track_d_unrelated\graf1.png,Unrelated / Non-Leaf,-1,cerocospora,0,False,0.9544997811317444,0.0,healthy,0.02190808765590191,murda complex,0.016872305423021317,N/A,UNRELATED_FALSE_ALARM
TRACK_D_UNRELATED,Chilli,unrelated_non_leaf,OpenCV Standard Non-Leaf Benchmark,D:\CropDiseaseProject\results\model_robustness_audit\audit_images\track_d_unrelated\home.jpg,Unrelated / Non-Leaf,-1,healthy,1,False,0.592880129814148,0.0,cerocospora,0.3286815285682678,murda complex,0.050101298838853836,N/A,UNRELATED_FALSE_ALARM
TRACK_D_UNRELATED,Chilli,unrelated_non_leaf,OpenCV Standard Non-Leaf Benchmark,D:\CropDiseaseProject\results\model_robustness_audit\audit_images\track_d_unrelated\left01.jpg,Unrelated / Non-Leaf,-1,nutritional deficiency,3,False,0.39633986353874207,0.0,cerocospora,0.30981940031051636,healthy,0.16689392924308777,N/A,UNRELATED_FALSE_ALARM
TRACK_D_UNRELATED,Chilli,unrelated_non_leaf,OpenCV Standard Non-Leaf Benchmark,D:\CropDiseaseProject\results\model_robustness_audit\audit_images\track_d_unrelated\messi5.jpg,Unrelated / Non-Leaf,-1,cerocospora,0,False,0.8880003690719604,0.0,murda complex,0.046513136476278305,healthy,0.04602449759840965,N/A,UNRELATED_FALSE_ALARM
TRACK_D_UNRELATED,Chilli,unrelated_non_leaf,OpenCV Standard Non-Leaf Benchmark,D:\CropDiseaseProject\results\model_robustness_audit\audit_images\track_d_unrelated\notes.png,Unrelated / Non-Leaf,-1,cerocospora,0,False,0.43254366517066956,0.0,powdery mildew,0.2877829372882843,murda complex,0.2681112587451935,N/A,UNRELATED_FALSE_ALARM
TRACK_D_UNRELATED,Chilli,unrelated_non_leaf,OpenCV Standard Non-Leaf Benchmark,D:\CropDiseaseProject\results\model_robustness_audit\audit_images\track_d_unrelated\right01.jpg,Unrelated / Non-Leaf,-1,nutritional deficiency,3,False,0.6030542850494385,0.0,cerocospora,0.2585875988006592,healthy,0.07447134703397751,N/A,UNRELATED_FALSE_ALARM
TRACK_D_UNRELATED,Chilli,unrelated_non_leaf,OpenCV Standard Non-Leaf Benchmark,D:\CropDiseaseProject\results\model_robustness_audit\audit_images\track_d_unrelated\rubberwhale1.png,Unrelated / Non-Leaf,-1,cerocospora,0,False,0.7790914177894592,0.0,murda complex,0.2098650485277176,nutritional deficiency,0.008312729187309742,N/A,UNRELATED_FALSE_ALARM
TRACK_D_UNRELATED,Chilli,unrelated_non_leaf,OpenCV Standard Non-Leaf Benchmark,D:\CropDiseaseProject\results\model_robustness_audit\audit_images\track_d_unrelated\smarties.png,Unrelated / Non-Leaf,-1,cerocospora,0,False,0.9978602528572083,0.0,healthy,0.0010502709774300456,nutritional deficiency,0.0007032885332591832,N/A,UNRELATED_FALSE_ALARM
TRACK_D_UNRELATED,Chilli,unrelated_non_leaf,OpenCV Standard Non-Leaf Benchmark,D:\CropDiseaseProject\results\model_robustness_audit\audit_images\track_d_unrelated\starry_night.jpg,Unrelated / Non-Leaf,-1,cerocospora,0,False,0.8055180907249451,0.0,nutritional deficiency,0.17883576452732086,murda complex,0.012776965275406837,N/A,UNRELATED_FALSE_ALARM
TRACK_D_UNRELATED,Chilli,unrelated_non_leaf,OpenCV Standard Non-Leaf Benchmark,D:\CropDiseaseProject\results\model_robustness_audit\audit_images\track_d_unrelated\sudoku.png,Unrelated / Non-Leaf,-1,cerocospora,0,False,0.8472025990486145,0.0,murda complex,0.08394984900951385,nutritional deficiency,0.053731419146060944,N/A,UNRELATED_FALSE_ALARM
TRACK_D_UNRELATED,Sugarcane,unrelated_non_leaf,OpenCV Standard Non-Leaf Benchmark,D:\CropDiseaseProject\results\model_robustness_audit\audit_images\track_d_unrelated\aloeL.jpg,Unrelated / Non-Leaf,-1,Rust (Brown Rust),7,False,0.5263742804527283,0.0,Smut,0.2503264248371124,Grassy Shoot,0.1549052596092224,N/A,UNRELATED_FALSE_ALARM
TRACK_D_UNRELATED,Sugarcane,unrelated_non_leaf,OpenCV Standard Non-Leaf Benchmark,D:\CropDiseaseProject\results\model_robustness_audit\audit_images\track_d_unrelated\baboon.jpg,Unrelated / Non-Leaf,-1,Yellow Leaf Disease,10,False,0.6858577728271484,0.0,Sett Rot,0.19770169258117676,Red Rot,0.08078998327255249,N/A,UNRELATED_FALSE_ALARM
TRACK_D_UNRELATED,Sugarcane,unrelated_non_leaf,OpenCV Standard Non-Leaf Benchmark,D:\CropDiseaseProject\results\model_robustness_audit\audit_images\track_d_unrelated\basketball1.png,Unrelated / Non-Leaf,-1,Healthy Leaves,3,False,0.6792113184928894,0.0,Smut,0.3206545412540436,Mosaic / Viral Disease,0.00011536551755852997,N/A,UNRELATED_FALSE_ALARM
TRACK_D_UNRELATED,Sugarcane,unrelated_non_leaf,OpenCV Standard Non-Leaf Benchmark,D:\CropDiseaseProject\results\model_robustness_audit\audit_images\track_d_unrelated\board.jpg,Unrelated / Non-Leaf,-1,Grassy Shoot,2,False,0.9258106350898743,0.0,Banded Chlorosis,0.03703455999493599,Red Rot,0.021841833367943764,N/A,UNRELATED_FALSE_ALARM
TRACK_D_UNRELATED,Sugarcane,unrelated_non_leaf,OpenCV Standard Non-Leaf Benchmark,D:\CropDiseaseProject\results\model_robustness_audit\audit_images\track_d_unrelated\building.jpg,Unrelated / Non-Leaf,-1,Mosaic / Viral Disease,4,False,0.5449969172477722,0.0,Yellow Leaf Disease,0.3918180763721466,Rust (Brown Rust),0.04693695157766342,N/A,UNRELATED_FALSE_ALARM
TRACK_D_UNRELATED,Sugarcane,unrelated_non_leaf,OpenCV Standard Non-Leaf Benchmark,D:\CropDiseaseProject\results\model_robustness_audit\audit_images\track_d_unrelated\butterfly.jpg,Unrelated / Non-Leaf,-1,Rust (Brown Rust),7,False,0.66762775182724,0.0,Red Rot,0.20245148241519928,Healthy Leaves,0.10125666111707687,N/A,UNRELATED_FALSE_ALARM
TRACK_D_UNRELATED,Sugarcane,unrelated_non_leaf,OpenCV Standard Non-Leaf Benchmark,D:\CropDiseaseProject\results\model_robustness_audit\audit_images\track_d_unrelated\cards.png,Unrelated / Non-Leaf,-1,Brown Spot,1,False,0.664890706539154,0.0,Rust (Brown Rust),0.2268521785736084,Yellow Leaf Disease,0.09951215982437134,N/A,UNRELATED_FALSE_ALARM
TRACK_D_UNRELATED,Sugarcane,unrelated_non_leaf,OpenCV Standard Non-Leaf Benchmark,D:\CropDiseaseProject\results\model_robustness_audit\audit_images\track_d_unrelated\chessboard.png,Unrelated / Non-Leaf,-1,Yellow Leaf Disease,10,False,0.7426561713218689,0.0,Healthy Leaves,0.21260549128055573,Sett Rot,0.019153177738189697,N/A,UNRELATED_FALSE_ALARM
TRACK_D_UNRELATED,Sugarcane,unrelated_non_leaf,OpenCV Standard Non-Leaf Benchmark,D:\CropDiseaseProject\results\model_robustness_audit\audit_images\track_d_unrelated\detect_blob.png,Unrelated / Non-Leaf,-1,Red Rot,6,False,0.49212324619293213,0.0,Healthy Leaves,0.48209044337272644,Rust (Brown Rust),0.023756403475999832,N/A,UNRELATED_FALSE_ALARM
TRACK_D_UNRELATED,Sugarcane,unrelated_non_leaf,OpenCV Standard Non-Leaf Benchmark,D:\CropDiseaseProject\results\model_robustness_audit\audit_images\track_d_unrelated\fruits.jpg,Unrelated / Non-Leaf,-1,Yellow Leaf Disease,10,False,0.9736058115959167,0.0,Healthy Leaves,0.015380158089101315,Mosaic / Viral Disease,0.005786440335214138,N/A,UNRELATED_FALSE_ALARM
TRACK_D_UNRELATED,Sugarcane,unrelated_non_leaf,OpenCV Standard Non-Leaf Benchmark,D:\CropDiseaseProject\results\model_robustness_audit\audit_images\track_d_unrelated\graf1.png,Unrelated / Non-Leaf,-1,Red Rot,6,False,0.9986592531204224,0.0,Brown Spot,0.001221380545757711,Smut,7.124731928342953e-05,N/A,UNRELATED_FALSE_ALARM
TRACK_D_UNRELATED,Sugarcane,unrelated_non_leaf,OpenCV Standard Non-Leaf Benchmark,D:\CropDiseaseProject\results\model_robustness_audit\audit_images\track_d_unrelated\home.jpg,Unrelated / Non-Leaf,-1,Yellow Leaf Disease,10,False,0.5126098394393921,0.0,Sett Rot,0.19100098311901093,Smut,0.09202750027179718,N/A,UNRELATED_FALSE_ALARM
TRACK_D_UNRELATED,Sugarcane,unrelated_non_leaf,OpenCV Standard Non-Leaf Benchmark,D:\CropDiseaseProject\results\model_robustness_audit\audit_images\track_d_unrelated\left01.jpg,Unrelated / Non-Leaf,-1,Mosaic / Viral Disease,4,False,0.8968814015388489,0.0,Red Rot,0.10095955431461334,Healthy Leaves,0.001667120843194425,N/A,UNRELATED_FALSE_ALARM
TRACK_D_UNRELATED,Sugarcane,unrelated_non_leaf,OpenCV Standard Non-Leaf Benchmark,D:\CropDiseaseProject\results\model_robustness_audit\audit_images\track_d_unrelated\messi5.jpg,Unrelated / Non-Leaf,-1,Brown Spot,1,False,0.9259529709815979,0.0,Red Rot,0.030057268217206,Yellow Leaf Disease,0.016606733202934265,N/A,UNRELATED_FALSE_ALARM
TRACK_D_UNRELATED,Sugarcane,unrelated_non_leaf,OpenCV Standard Non-Leaf Benchmark,D:\CropDiseaseProject\results\model_robustness_audit\audit_images\track_d_unrelated\notes.png,Unrelated / Non-Leaf,-1,Mosaic / Viral Disease,4,False,0.38618355989456177,0.0,Smut,0.33494165539741516,Rust (Brown Rust),0.08444572240114212,N/A,UNRELATED_FALSE_ALARM
TRACK_D_UNRELATED,Sugarcane,unrelated_non_leaf,OpenCV Standard Non-Leaf Benchmark,D:\CropDiseaseProject\results\model_robustness_audit\audit_images\track_d_unrelated\right01.jpg,Unrelated / Non-Leaf,-1,Rust (Brown Rust),7,False,0.9141177535057068,0.0,Mosaic / Viral Disease,0.06742645800113678,Red Rot,0.017087651416659355,N/A,UNRELATED_FALSE_ALARM
TRACK_D_UNRELATED,Sugarcane,unrelated_non_leaf,OpenCV Standard Non-Leaf Benchmark,D:\CropDiseaseProject\results\model_robustness_audit\audit_images\track_d_unrelated\rubberwhale1.png,Unrelated / Non-Leaf,-1,Red Rot,6,False,0.5531219840049744,0.0,Rust (Brown Rust),0.21871362626552582,Brown Spot,0.13624678552150726,N/A,UNRELATED_FALSE_ALARM
TRACK_D_UNRELATED,Sugarcane,unrelated_non_leaf,OpenCV Standard Non-Leaf Benchmark,D:\CropDiseaseProject\results\model_robustness_audit\audit_images\track_d_unrelated\smarties.png,Unrelated / Non-Leaf,-1,Mosaic / Viral Disease,4,False,0.7404329776763916,0.0,Healthy Leaves,0.24693652987480164,Yellow Leaf Disease,0.00569748692214489,N/A,UNRELATED_FALSE_ALARM
TRACK_D_UNRELATED,Sugarcane,unrelated_non_leaf,OpenCV Standard Non-Leaf Benchmark,D:\CropDiseaseProject\results\model_robustness_audit\audit_images\track_d_unrelated\starry_night.jpg,Unrelated / Non-Leaf,-1,Mosaic / Viral Disease,4,False,0.8803736567497253,0.0,Healthy Leaves,0.1182359904050827,Rust (Brown Rust),0.0012036465341225266,N/A,UNRELATED_FALSE_ALARM
TRACK_D_UNRELATED,Sugarcane,unrelated_non_leaf,OpenCV Standard Non-Leaf Benchmark,D:\CropDiseaseProject\results\model_robustness_audit\audit_images\track_d_unrelated\sudoku.png,Unrelated / Non-Leaf,-1,Yellow Leaf Disease,10,False,0.5140731930732727,0.0,Rust (Brown Rust),0.4123910069465637,Mosaic / Viral Disease,0.0655108317732811,N/A,UNRELATED_FALSE_ALARM
