image_path,relative_path,crop,class_label,source_dataset,source_url_or_citation,sha256_hash,hash_collision_check_passed
D:\CropDiseaseProject\results\model_robustness_audit\audit_images\track_b_external\tomato\Tomato___Early_blight\pak_100_46341.jpg,results\model_robustness_audit\audit_images\track_b_external\tomato\Tomato___Early_blight\pak_100_46341.jpg,Tomato,Tomato___Early_blight,Tomato_Leaf_Disease_Dataset_Pakistan,Kaggle/Mendeley Pakistan Tomato Leaf Dataset (Farooq et al.),a873676f4c845584dce10f5fb173c5ebbf2c6eee203b323c23c4768b63c83919,True
D:\CropDiseaseProject\results\model_robustness_audit\audit_images\track_b_external\tomato\Tomato___Early_blight\pak_126689-004-D622CD2F.jpg,results\model_robustness_audit\audit_images\track_b_external\tomato\Tomato___Early_blight\pak_126689-004-D622CD2F.jpg,Tomato,Tomato___Early_blight,Tomato_Leaf_Disease_Dataset_Pakistan,Kaggle/Mendeley Pakistan Tomato Leaf Dataset (Farooq et al.),451d83c709fcbab2f641e27b6cd6315d9bb869cf94210cfcd4e085f5ec399c88,True
D:\CropDiseaseProject\results\model_robustness_audit\audit_images\track_b_external\tomato\Tomato___Early_blight\pak_1576389-early%20blight%20symptoms.jpg,results\model_robustness_audit\audit_images\track_b_external\tomato\Tomato___Early_blight\pak_1576389-early%20blight%20symptoms.jpg,Tomato,Tomato___Early_blight,Tomato_Leaf_Disease_Dataset_Pakistan,Kaggle/Mendeley Pakistan Tomato Leaf Dataset (Farooq et al.),7ea3f709c470175f1f424575e3540089a38ed5a210d175c2bf3eb77c6ca26ea1,True
D:\CropDiseaseProject\results\model_robustness_audit\audit_images\track_b_external\tomato\Tomato___Early_blight\pak_1723454500663.jpg,results\model_robustness_audit\audit_images\track_b_external\tomato\Tomato___Early_blight\pak_1723454500663.jpg,Tomato,Tomato___Early_blight,Tomato_Leaf_Disease_Dataset_Pakistan,Kaggle/Mendeley Pakistan Tomato Leaf Dataset (Farooq et al.),c43fb3a2c9be5051b3d53765bbcd7f569c8c6f22fabd2b97589460d18d3711b7,True
D:\CropDiseaseProject\results\model_robustness_audit\audit_images\track_b_external\tomato\Tomato___Early_blight\pak_1723454501459.jpg,results\model_robustness_audit\audit_images\track_b_external\tomato\Tomato___Early_blight\pak_1723454501459.jpg,Tomato,Tomato___Early_blight,Tomato_Leaf_Disease_Dataset_Pakistan,Kaggle/Mendeley Pakistan Tomato Leaf Dataset (Farooq et al.),7a18aa67a18456474a015ebbe1521b7f96f6d44c1f201cd9567f0fc7cf87cfe2,True
D:\CropDiseaseProject\results\model_robustness_audit\audit_images\track_b_external\tomato\Tomato___Early_blight\pak_1723454503004.jpg,results\model_robustness_audit\audit_images\track_b_external\tomato\Tomato___Early_blight\pak_1723454503004.jpg,Tomato,Tomato___Early_blight,Tomato_Leaf_Disease_Dataset_Pakistan,Kaggle/Mendeley Pakistan Tomato Leaf Dataset (Farooq et al.),e03820ce0df73175921744bb3bba3c8a6e3ae48af926b6dcede9cf83ba482b2f,True
D:\CropDiseaseProject\results\model_robustness_audit\audit_images\track_b_external\tomato\Tomato___Early_blight\pak_1723454503045.jpg,results\model_robustness_audit\audit_images\track_b_external\tomato\Tomato___Early_blight\pak_1723454503045.jpg,Tomato,Tomato___Early_blight,Tomato_Leaf_Disease_Dataset_Pakistan,Kaggle/Mendeley Pakistan Tomato Leaf Dataset (Farooq et al.),4923fea893ca951d48acbe4e20b3a9f3a52cd79efabff6e5dcde61fb15dbdc23,True
D:\CropDiseaseProject\results\model_robustness_audit\audit_images\track_b_external\tomato\Tomato___Early_blight\pak_1723454503368.jpg,results\model_robustness_audit\audit_images\track_b_external\tomato\Tomato___Early_blight\pak_1723454503368.jpg,Tomato,Tomato___Early_blight,Tomato_Leaf_Disease_Dataset_Pakistan,Kaggle/Mendeley Pakistan Tomato Leaf Dataset (Farooq et al.),7983f1adb5e28eb050bfa43b13cd334777a5e75846e19547a89538eee6291e24,True
D:\CropDiseaseProject\results\model_robustness_audit\audit_images\track_b_external\tomato\Tomato___Early_blight\pak_1723454503528.jpg,results\model_robustness_audit\audit_images\track_b_external\tomato\Tomato___Early_blight\pak_1723454503528.jpg,Tomato,Tomato___Early_blight,Tomato_Leaf_Disease_Dataset_Pakistan,Kaggle/Mendeley Pakistan Tomato Leaf Dataset (Farooq et al.),4c22ce5006ddd46144bc5d7b7f86f3b277256f6599cc2e3c7cae75f784db417a,True
D:\CropDiseaseProject\results\model_robustness_audit\audit_images\track_b_external\tomato\Tomato___Early_blight\pak_1723454503933.jpg,results\model_robustness_audit\audit_images\track_b_external\tomato\Tomato___Early_blight\pak_1723454503933.jpg,Tomato,Tomato___Early_blight,Tomato_Leaf_Disease_Dataset_Pakistan,Kaggle/Mendeley Pakistan Tomato Leaf Dataset (Farooq et al.),020c9f938282b44d355be2825febf81a6735624ada6a7c6f95e7ab9a45ba114d,True
D:\CropDiseaseProject\results\model_robustness_audit\audit_images\track_b_external\tomato\Tomato___Early_blight\pak_1723454504369.jpg,results\model_robustness_audit\audit_images\track_b_external\tomato\Tomato___Early_blight\pak_1723454504369.jpg,Tomato,Tomato___Early_blight,Tomato_Leaf_Disease_Dataset_Pakistan,Kaggle/Mendeley Pakistan Tomato Leaf Dataset (Farooq et al.),af6ede8aeecc85e555f822af0d536f1a0acee525c17e61878a884dfee0e7d37a,True
D:\CropDiseaseProject\results\model_robustness_audit\audit_images\track_b_external\tomato\Tomato___Early_blight\pak_1723454506040.jpg,results\model_robustness_audit\audit_images\track_b_external\tomato\Tomato___Early_blight\pak_1723454506040.jpg,Tomato,Tomato___Early_blight,Tomato_Leaf_Disease_Dataset_Pakistan,Kaggle/Mendeley Pakistan Tomato Leaf Dataset (Farooq et al.),a25442242025542e7df5a19c6cc7e3da17bd74163ddafde661c2bf5c4c9198b0,True
D:\CropDiseaseProject\results\model_robustness_audit\audit_images\track_b_external\tomato\Tomato___Early_blight\pak_1723454507087.jpg,results\model_robustness_audit\audit_images\track_b_external\tomato\Tomato___Early_blight\pak_1723454507087.jpg,Tomato,Tomato___Early_blight,Tomato_Leaf_Disease_Dataset_Pakistan,Kaggle/Mendeley Pakistan Tomato Leaf Dataset (Farooq et al.),2637da06ecdabd6e4b75b5a2f6f224a51c0c0e3995e8d043d3b488ec8885e464,True
D:\CropDiseaseProject\results\model_robustness_audit\audit_images\track_b_external\tomato\Tomato___Early_blight\pak_1723454507240.jpg,results\model_robustness_audit\audit_images\track_b_external\tomato\Tomato___Early_blight\pak_1723454507240.jpg,Tomato,Tomato___Early_blight,Tomato_Leaf_Disease_Dataset_Pakistan,Kaggle/Mendeley Pakistan Tomato Leaf Dataset (Farooq et al.),e9b2ec69c792573bcc34e31129c82d1b98437564010bbf86ec38a63781d58687,True
D:\CropDiseaseProject\results\model_robustness_audit\audit_images\track_b_external\tomato\Tomato___Early_blight\pak_1723454507692.jpg,results\model_robustness_audit\audit_images\track_b_external\tomato\Tomato___Early_blight\pak_1723454507692.jpg,Tomato,Tomato___Early_blight,Tomato_Leaf_Disease_Dataset_Pakistan,Kaggle/Mendeley Pakistan Tomato Leaf Dataset (Farooq et al.),44268eff421df537047fa1b9880e77c37080a0c1d6bb3230281446359b9abfd2,True
D:\CropDiseaseProject\results\model_robustness_audit\audit_images\track_b_external\tomato\Tomato___Early_blight\pak_1723454507847.jpg,results\model_robustness_audit\audit_images\track_b_external\tomato\Tomato___Early_blight\pak_1723454507847.jpg,Tomato,Tomato___Early_blight,Tomato_Leaf_Disease_Dataset_Pakistan,Kaggle/Mendeley Pakistan Tomato Leaf Dataset (Farooq et al.),cc5c108b629826ffcd5b27f9878513938c5a17036e95195ebc26742235d5c627,True
D:\CropDiseaseProject\results\model_robustness_audit\audit_images\track_b_external\tomato\Tomato___Early_blight\pak_20080526-_DSC4211.jpg,results\model_robustness_audit\audit_images\track_b_external\tomato\Tomato___Early_blight\pak_20080526-_DSC4211.jpg,Tomato,Tomato___Early_blight,Tomato_Leaf_Disease_Dataset_Pakistan,Kaggle/Mendeley Pakistan Tomato Leaf Dataset (Farooq et al.),3152eb37a0a7f6e9b89d75f8bcef5d1dfe8306631fa4080a00fb0a0cd3ad05da,True
D:\CropDiseaseProject\results\model_robustness_audit\audit_images\track_b_external\tomato\Tomato___Early_blight\pak_BCH%20medium%20thumbnail%20for%20upload%20%2836%29.jpg,results\model_robustness_audit\audit_images\track_b_external\tomato\Tomato___Early_blight\pak_BCH%20medium%20thumbnail%20for%20upload%20%2836%29.jpg,Tomato,Tomato___Early_blight,Tomato_Leaf_Disease_Dataset_Pakistan,Kaggle/Mendeley Pakistan Tomato Leaf Dataset (Farooq et al.),be84048ef0f394ed981c12d457700d1c24edc3b210fa3d0c8ebd1deb73f7fb3b,True
D:\CropDiseaseProject\results\model_robustness_audit\audit_images\track_b_external\tomato\Tomato___Early_blight\pak_Diseased-Tomato-Plant.jpg,results\model_robustness_audit\audit_images\track_b_external\tomato\Tomato___Early_blight\pak_Diseased-Tomato-Plant.jpg,Tomato,Tomato___Early_blight,Tomato_Leaf_Disease_Dataset_Pakistan,Kaggle/Mendeley Pakistan Tomato Leaf Dataset (Farooq et al.),207e6d9c3b2fb702ac22d551d7add6f5df1dc20921f66ebbb25250d211e5aa4a,True
D:\CropDiseaseProject\results\model_robustness_audit\audit_images\track_b_external\tomato\Tomato___Early_blight\pak_EBTomato.jpg,results\model_robustness_audit\audit_images\track_b_external\tomato\Tomato___Early_blight\pak_EBTomato.jpg,Tomato,Tomato___Early_blight,Tomato_Leaf_Disease_Dataset_Pakistan,Kaggle/Mendeley Pakistan Tomato Leaf Dataset (Farooq et al.),9145ae957dc02636c9cae1d25e9b43fdc0ee330eb7131b12e244457d684ba326,True
D:\CropDiseaseProject\results\model_robustness_audit\audit_images\track_b_external\tomato\Tomato___Early_blight\pak_EB_(972).jpg,results\model_robustness_audit\audit_images\track_b_external\tomato\Tomato___Early_blight\pak_EB_(972).jpg,Tomato,Tomato___Early_blight,Tomato_Leaf_Disease_Dataset_Pakistan,Kaggle/Mendeley Pakistan Tomato Leaf Dataset (Farooq et al.),a218e87485e3460381942c140ec90e1015e08885f990d9271606b9a33b4c8d09,True
D:\CropDiseaseProject\results\model_robustness_audit\audit_images\track_b_external\tomato\Tomato___Early_blight\pak_EB_(973).jpg,results\model_robustness_audit\audit_images\track_b_external\tomato\Tomato___Early_blight\pak_EB_(973).jpg,Tomato,Tomato___Early_blight,Tomato_Leaf_Disease_Dataset_Pakistan,Kaggle/Mendeley Pakistan Tomato Leaf Dataset (Farooq et al.),7a4acf69b4c2e40021ae5c225a9e82b7a4d0a19977401033cff9c57771d3b439,True
D:\CropDiseaseProject\results\model_robustness_audit\audit_images\track_b_external\tomato\Tomato___Early_blight\pak_EB_(981).jpg,results\model_robustness_audit\audit_images\track_b_external\tomato\Tomato___Early_blight\pak_EB_(981).jpg,Tomato,Tomato___Early_blight,Tomato_Leaf_Disease_Dataset_Pakistan,Kaggle/Mendeley Pakistan Tomato Leaf Dataset (Farooq et al.),f54d8cf627857c535b768b40927f5fe54cad4aa546d0bb1ae91c5d78a30ab442,True
D:\CropDiseaseProject\results\model_robustness_audit\audit_images\track_b_external\tomato\Tomato___Early_blight\pak_EB_(991).jpg,results\model_robustness_audit\audit_images\track_b_external\tomato\Tomato___Early_blight\pak_EB_(991).jpg,Tomato,Tomato___Early_blight,Tomato_Leaf_Disease_Dataset_Pakistan,Kaggle/Mendeley Pakistan Tomato Leaf Dataset (Farooq et al.),d9184e763d4bab679a6227ddbacc931f2b869df0c0c1d7a4fd57b54c33951004,True
D:\CropDiseaseProject\results\model_robustness_audit\audit_images\track_b_external\tomato\Tomato___Early_blight\pak_EB_(992).jpg,results\model_robustness_audit\audit_images\track_b_external\tomato\Tomato___Early_blight\pak_EB_(992).jpg,Tomato,Tomato___Early_blight,Tomato_Leaf_Disease_Dataset_Pakistan,Kaggle/Mendeley Pakistan Tomato Leaf Dataset (Farooq et al.),00267e1c492f34fbac534cd9994b7b1f039e8ef03d733ca4fcd429e5d4bfe105,True
D:\CropDiseaseProject\results\model_robustness_audit\audit_images\track_b_external\tomato\Tomato___Early_blight\pak_Early-Blight.jpg,results\model_robustness_audit\audit_images\track_b_external\tomato\Tomato___Early_blight\pak_Early-Blight.jpg,Tomato,Tomato___Early_blight,Tomato_Leaf_Disease_Dataset_Pakistan,Kaggle/Mendeley Pakistan Tomato Leaf Dataset (Farooq et al.),e3634f7c73f007a9ac241a1cdb1a58be2eac23d62279473e8bc8c4f5ef632c67,True
D:\CropDiseaseProject\results\model_robustness_audit\audit_images\track_b_external\tomato\Tomato___Early_blight\pak_Early-blight-660x440.jpg,results\model_robustness_audit\audit_images\track_b_external\tomato\Tomato___Early_blight\pak_Early-blight-660x440.jpg,Tomato,Tomato___Early_blight,Tomato_Leaf_Disease_Dataset_Pakistan,Kaggle/Mendeley Pakistan Tomato Leaf Dataset (Farooq et al.),6ae670ce5fcc26e159e08bca37c94426614d50c836b337e8bc645cd52579fde2,True
D:\CropDiseaseProject\results\model_robustness_audit\audit_images\track_b_external\tomato\Tomato___Early_blight\pak_Early-blight-of-tomato-980x380.jpg,results\model_robustness_audit\audit_images\track_b_external\tomato\Tomato___Early_blight\pak_Early-blight-of-tomato-980x380.jpg,Tomato,Tomato___Early_blight,Tomato_Leaf_Disease_Dataset_Pakistan,Kaggle/Mendeley Pakistan Tomato Leaf Dataset (Farooq et al.),a998c2e60637f599fc86f1b7b08dc66fea2998807ac546fb1151a50fbfdfe0d1,True
D:\CropDiseaseProject\results\model_robustness_audit\audit_images\track_b_external\tomato\Tomato___Early_blight\pak_Early_Blight_of_Tomato1687.jpg,results\model_robustness_audit\audit_images\track_b_external\tomato\Tomato___Early_blight\pak_Early_Blight_of_Tomato1687.jpg,Tomato,Tomato___Early_blight,Tomato_Leaf_Disease_Dataset_Pakistan,Kaggle/Mendeley Pakistan Tomato Leaf Dataset (Farooq et al.),12ce0c3a8c2a2004e28e6927eddfa5199c1e7b5e1bc3f2cf6f1d9eb43824f620,True
D:\CropDiseaseProject\results\model_robustness_audit\audit_images\track_b_external\tomato\Tomato___Early_blight\pak_Early_blight_1.jpg_1376579808.jpg,results\model_robustness_audit\audit_images\track_b_external\tomato\Tomato___Early_blight\pak_Early_blight_1.jpg_1376579808.jpg,Tomato,Tomato___Early_blight,Tomato_Leaf_Disease_Dataset_Pakistan,Kaggle/Mendeley Pakistan Tomato Leaf Dataset (Farooq et al.),c1f5d68c2bc5aaf510a4bec559182542013b7ca1acc253dd5881a2fd5c1db1d0,True
D:\CropDiseaseProject\results\model_robustness_audit\audit_images\track_b_external\tomato\Tomato___healthy\pak_003.JPG.jpg,results\model_robustness_audit\audit_images\track_b_external\tomato\Tomato___healthy\pak_003.JPG.jpg,Tomato,Tomato___healthy,Tomato_Leaf_Disease_Dataset_Pakistan,Kaggle/Mendeley Pakistan Tomato Leaf Dataset (Farooq et al.),b070fe8ff66dc8071997ee06f13d31ff5bf7c5348eab09a9f5ef39b76861b50f,True
D:\CropDiseaseProject\results\model_robustness_audit\audit_images\track_b_external\tomato\Tomato___healthy\pak_009-e1373768789869.jpg,results\model_robustness_audit\audit_images\track_b_external\tomato\Tomato___healthy\pak_009-e1373768789869.jpg,Tomato,Tomato___healthy,Tomato_Leaf_Disease_Dataset_Pakistan,Kaggle/Mendeley Pakistan Tomato Leaf Dataset (Farooq et al.),81c48f1873998fb9ea1f5262bbecf6271dc142c5fe668fa4af7c5df4b5186710,True
D:\CropDiseaseProject\results\model_robustness_audit\audit_images\track_b_external\tomato\Tomato___healthy\pak_100_8283.jpg,results\model_robustness_audit\audit_images\track_b_external\tomato\Tomato___healthy\pak_100_8283.jpg,Tomato,Tomato___healthy,Tomato_Leaf_Disease_Dataset_Pakistan,Kaggle/Mendeley Pakistan Tomato Leaf Dataset (Farooq et al.),2e6dc8d894d71a2b75362f3edacf4f0caf9e27ce68bb85508f4e4f86511970d7,True
D:\CropDiseaseProject\results\model_robustness_audit\audit_images\track_b_external\tomato\Tomato___healthy\pak_2013-08-20-03.jpg,results\model_robustness_audit\audit_images\track_b_external\tomato\Tomato___healthy\pak_2013-08-20-03.jpg,Tomato,Tomato___healthy,Tomato_Leaf_Disease_Dataset_Pakistan,Kaggle/Mendeley Pakistan Tomato Leaf Dataset (Farooq et al.),5e2472f415aeb8e7cc254db1f17b2d14a4f2daae70b685ee8a70a29f0f99308a,True
D:\CropDiseaseProject\results\model_robustness_audit\audit_images\track_b_external\tomato\Tomato___healthy\pak_20130609_151253_zpsc7d93f62.jpg,results\model_robustness_audit\audit_images\track_b_external\tomato\Tomato___healthy\pak_20130609_151253_zpsc7d93f62.jpg,Tomato,Tomato___healthy,Tomato_Leaf_Disease_Dataset_Pakistan,Kaggle/Mendeley Pakistan Tomato Leaf Dataset (Farooq et al.),887ceedf22efce49400c63d57e1512418f874ad3409548cc41a64508e4a5abef,True
D:\CropDiseaseProject\results\model_robustness_audit\audit_images\track_b_external\tomato\Tomato___healthy\pak_20140818-tomato-sauce-vicky-wasik-1.jpg,results\model_robustness_audit\audit_images\track_b_external\tomato\Tomato___healthy\pak_20140818-tomato-sauce-vicky-wasik-1.jpg,Tomato,Tomato___healthy,Tomato_Leaf_Disease_Dataset_Pakistan,Kaggle/Mendeley Pakistan Tomato Leaf Dataset (Farooq et al.),b841720c688db5f8a1989394b8f5aaf59c1a9ce5a855d66ad843be928db7c41a,True
D:\CropDiseaseProject\results\model_robustness_audit\audit_images\track_b_external\tomato\Tomato___healthy\pak_2015-09-17-01.jpg,results\model_robustness_audit\audit_images\track_b_external\tomato\Tomato___healthy\pak_2015-09-17-01.jpg,Tomato,Tomato___healthy,Tomato_Leaf_Disease_Dataset_Pakistan,Kaggle/Mendeley Pakistan Tomato Leaf Dataset (Farooq et al.),1c73f9e07e567ca8d697f013806b9fdafad0520bc096967218fc6cecd417caf4,True
D:\CropDiseaseProject\results\model_robustness_audit\audit_images\track_b_external\tomato\Tomato___healthy\pak_69_27_632_1200.jpg,results\model_robustness_audit\audit_images\track_b_external\tomato\Tomato___healthy\pak_69_27_632_1200.jpg,Tomato,Tomato___healthy,Tomato_Leaf_Disease_Dataset_Pakistan,Kaggle/Mendeley Pakistan Tomato Leaf Dataset (Farooq et al.),8b2d3f70c1ee0805e04956ff4949bf62312be22b49a5c3e3a7dc26299b6c0901,True
D:\CropDiseaseProject\results\model_robustness_audit\audit_images\track_b_external\tomato\Tomato___healthy\pak_Basil%2Binfected%2Bby%2BTomato%2BSpotted%2BWilt%2BVirus.jpg,results\model_robustness_audit\audit_images\track_b_external\tomato\Tomato___healthy\pak_Basil%2Binfected%2Bby%2BTomato%2BSpotted%2BWilt%2BVirus.jpg,Tomato,Tomato___healthy,Tomato_Leaf_Disease_Dataset_Pakistan,Kaggle/Mendeley Pakistan Tomato Leaf Dataset (Farooq et al.),9b0207d6b0db32bf77b33ad7efdd5f9cbed2f4e085d8ad86f335e5485543e08f,True
D:\CropDiseaseProject\results\model_robustness_audit\audit_images\track_b_external\tomato\Tomato___healthy\pak_Brown-Spots-on-Tomato-Leaves.jpg,results\model_robustness_audit\audit_images\track_b_external\tomato\Tomato___healthy\pak_Brown-Spots-on-Tomato-Leaves.jpg,Tomato,Tomato___healthy,Tomato_Leaf_Disease_Dataset_Pakistan,Kaggle/Mendeley Pakistan Tomato Leaf Dataset (Farooq et al.),23720085fb321ea981d32857dcb3654ac0b4fb7c029be24ff886c759fd697ed4,True
D:\CropDiseaseProject\results\model_robustness_audit\audit_images\track_b_external\tomato\Tomato___healthy\pak_Fig-2.jpg,results\model_robustness_audit\audit_images\track_b_external\tomato\Tomato___healthy\pak_Fig-2.jpg,Tomato,Tomato___healthy,Tomato_Leaf_Disease_Dataset_Pakistan,Kaggle/Mendeley Pakistan Tomato Leaf Dataset (Farooq et al.),75bcfcb736bcdabbf38a590620688985893c366548978ce1cee9e77d62e881a9,True
D:\CropDiseaseProject\results\model_robustness_audit\audit_images\track_b_external\tomato\Tomato___healthy\pak_HL_(102).jpg,results\model_robustness_audit\audit_images\track_b_external\tomato\Tomato___healthy\pak_HL_(102).jpg,Tomato,Tomato___healthy,Tomato_Leaf_Disease_Dataset_Pakistan,Kaggle/Mendeley Pakistan Tomato Leaf Dataset (Farooq et al.),f20dcd9f222b376d6e2a2da303baadeb4c082c95cc8313c7ca1bab2fe0604efc,True
D:\CropDiseaseProject\results\model_robustness_audit\audit_images\track_b_external\tomato\Tomato___healthy\pak_HL_(103).jpg,results\model_robustness_audit\audit_images\track_b_external\tomato\Tomato___healthy\pak_HL_(103).jpg,Tomato,Tomato___healthy,Tomato_Leaf_Disease_Dataset_Pakistan,Kaggle/Mendeley Pakistan Tomato Leaf Dataset (Farooq et al.),7deeb81b9cd64b44187ade0f7f62a15237233cb29d9afd4b899afc990184464a,True
D:\CropDiseaseProject\results\model_robustness_audit\audit_images\track_b_external\tomato\Tomato___healthy\pak_HL_(110).jpg,results\model_robustness_audit\audit_images\track_b_external\tomato\Tomato___healthy\pak_HL_(110).jpg,Tomato,Tomato___healthy,Tomato_Leaf_Disease_Dataset_Pakistan,Kaggle/Mendeley Pakistan Tomato Leaf Dataset (Farooq et al.),09ea2163f2ce6235f00d1ff2f2397322a6796e97fbced3fb081037bed6d07487,True
D:\CropDiseaseProject\results\model_robustness_audit\audit_images\track_b_external\tomato\Tomato___healthy\pak_HL_(119).jpg,results\model_robustness_audit\audit_images\track_b_external\tomato\Tomato___healthy\pak_HL_(119).jpg,Tomato,Tomato___healthy,Tomato_Leaf_Disease_Dataset_Pakistan,Kaggle/Mendeley Pakistan Tomato Leaf Dataset (Farooq et al.),4d3eeadaf86bc214d763773673efb04331fe1189e4f918be5e91ecc5453b7dbc,True
D:\CropDiseaseProject\results\model_robustness_audit\audit_images\track_b_external\tomato\Tomato___healthy\pak_HL_(128).jpg,results\model_robustness_audit\audit_images\track_b_external\tomato\Tomato___healthy\pak_HL_(128).jpg,Tomato,Tomato___healthy,Tomato_Leaf_Disease_Dataset_Pakistan,Kaggle/Mendeley Pakistan Tomato Leaf Dataset (Farooq et al.),8f5c1ba64ce4686551686fdd7b44a0644818962204f3ff98d811d49008974e79,True
D:\CropDiseaseProject\results\model_robustness_audit\audit_images\track_b_external\tomato\Tomato___healthy\pak_HL_(138).jpg,results\model_robustness_audit\audit_images\track_b_external\tomato\Tomato___healthy\pak_HL_(138).jpg,Tomato,Tomato___healthy,Tomato_Leaf_Disease_Dataset_Pakistan,Kaggle/Mendeley Pakistan Tomato Leaf Dataset (Farooq et al.),0a371a4e34f3bf3cba68b2b11f79a34a421ac85113a37b7fe6a9383000baf0c0,True
D:\CropDiseaseProject\results\model_robustness_audit\audit_images\track_b_external\tomato\Tomato___healthy\pak_HL_(148).jpg,results\model_robustness_audit\audit_images\track_b_external\tomato\Tomato___healthy\pak_HL_(148).jpg,Tomato,Tomato___healthy,Tomato_Leaf_Disease_Dataset_Pakistan,Kaggle/Mendeley Pakistan Tomato Leaf Dataset (Farooq et al.),1938db93fab0a1c16c6332142ffa459dab619dca2573ff08ad8da33bef18f545,True
D:\CropDiseaseProject\results\model_robustness_audit\audit_images\track_b_external\tomato\Tomato___healthy\pak_HL_(149).jpg,results\model_robustness_audit\audit_images\track_b_external\tomato\Tomato___healthy\pak_HL_(149).jpg,Tomato,Tomato___healthy,Tomato_Leaf_Disease_Dataset_Pakistan,Kaggle/Mendeley Pakistan Tomato Leaf Dataset (Farooq et al.),4a8c4c23bf6c44fea0b890c6119ffcc12b48aa06d97aa18848b1c77ada43a3b0,True
D:\CropDiseaseProject\results\model_robustness_audit\audit_images\track_b_external\tomato\Tomato___healthy\pak_HL_(161).jpg,results\model_robustness_audit\audit_images\track_b_external\tomato\Tomato___healthy\pak_HL_(161).jpg,Tomato,Tomato___healthy,Tomato_Leaf_Disease_Dataset_Pakistan,Kaggle/Mendeley Pakistan Tomato Leaf Dataset (Farooq et al.),2c6dddbf7686cff23ffaa95fc7fa6652fe7beea037782e2555e97836a73e7b8a,True
D:\CropDiseaseProject\results\model_robustness_audit\audit_images\track_b_external\tomato\Tomato___healthy\pak_HL_(3).jpg,results\model_robustness_audit\audit_images\track_b_external\tomato\Tomato___healthy\pak_HL_(3).jpg,Tomato,Tomato___healthy,Tomato_Leaf_Disease_Dataset_Pakistan,Kaggle/Mendeley Pakistan Tomato Leaf Dataset (Farooq et al.),67fee2ee91add5373f3bdd4c52f92adb15277864c2f8f416c53be446f30ead2e,True
D:\CropDiseaseProject\results\model_robustness_audit\audit_images\track_b_external\tomato\Tomato___healthy\pak_HL_(31).jpg,results\model_robustness_audit\audit_images\track_b_external\tomato\Tomato___healthy\pak_HL_(31).jpg,Tomato,Tomato___healthy,Tomato_Leaf_Disease_Dataset_Pakistan,Kaggle/Mendeley Pakistan Tomato Leaf Dataset (Farooq et al.),3939bedbdd597ee39fc74bf1a76772765082e4586ca4029a3169feadee1506a5,True
D:\CropDiseaseProject\results\model_robustness_audit\audit_images\track_b_external\tomato\Tomato___healthy\pak_HL_(36).jpg,results\model_robustness_audit\audit_images\track_b_external\tomato\Tomato___healthy\pak_HL_(36).jpg,Tomato,Tomato___healthy,Tomato_Leaf_Disease_Dataset_Pakistan,Kaggle/Mendeley Pakistan Tomato Leaf Dataset (Farooq et al.),356f9de00f0ef794de790bcd76200255fe2dbbf027ebdc2fb23607dde218141b,True
D:\CropDiseaseProject\results\model_robustness_audit\audit_images\track_b_external\tomato\Tomato___healthy\pak_HL_(43).jpg,results\model_robustness_audit\audit_images\track_b_external\tomato\Tomato___healthy\pak_HL_(43).jpg,Tomato,Tomato___healthy,Tomato_Leaf_Disease_Dataset_Pakistan,Kaggle/Mendeley Pakistan Tomato Leaf Dataset (Farooq et al.),d052c3663489cf27b32d2e62284f5200afa43c42c67f3d3517e1e792c6612a73,True
D:\CropDiseaseProject\results\model_robustness_audit\audit_images\track_b_external\tomato\Tomato___healthy\pak_HL_(5).jpg,results\model_robustness_audit\audit_images\track_b_external\tomato\Tomato___healthy\pak_HL_(5).jpg,Tomato,Tomato___healthy,Tomato_Leaf_Disease_Dataset_Pakistan,Kaggle/Mendeley Pakistan Tomato Leaf Dataset (Farooq et al.),d18871798c866d452749fc1b54a53eff916e997ccd663622f17077fc375d480b,True
D:\CropDiseaseProject\results\model_robustness_audit\audit_images\track_b_external\tomato\Tomato___healthy\pak_HL_(71).jpg,results\model_robustness_audit\audit_images\track_b_external\tomato\Tomato___healthy\pak_HL_(71).jpg,Tomato,Tomato___healthy,Tomato_Leaf_Disease_Dataset_Pakistan,Kaggle/Mendeley Pakistan Tomato Leaf Dataset (Farooq et al.),cbf4ca1b32bb13540562cf94f388f01d2af54fa42258e09ce6a68cf6b591eeb9,True
D:\CropDiseaseProject\results\model_robustness_audit\audit_images\track_b_external\tomato\Tomato___healthy\pak_HL_(77).jpg,results\model_robustness_audit\audit_images\track_b_external\tomato\Tomato___healthy\pak_HL_(77).jpg,Tomato,Tomato___healthy,Tomato_Leaf_Disease_Dataset_Pakistan,Kaggle/Mendeley Pakistan Tomato Leaf Dataset (Farooq et al.),bef8706f6142be794a234f4e440d86be7d9582b5dd10ba18e0fd141b40b29f6c,True
D:\CropDiseaseProject\results\model_robustness_audit\audit_images\track_b_external\tomato\Tomato___healthy\pak_HL_(78).jpg,results\model_robustness_audit\audit_images\track_b_external\tomato\Tomato___healthy\pak_HL_(78).jpg,Tomato,Tomato___healthy,Tomato_Leaf_Disease_Dataset_Pakistan,Kaggle/Mendeley Pakistan Tomato Leaf Dataset (Farooq et al.),b4574f350b69c973297e35870119703b4d0fea1b7d71493b30b10874338c8b28,True
D:\CropDiseaseProject\results\model_robustness_audit\audit_images\track_b_external\tomato\Tomato___healthy\pak_HL_(80).jpg,results\model_robustness_audit\audit_images\track_b_external\tomato\Tomato___healthy\pak_HL_(80).jpg,Tomato,Tomato___healthy,Tomato_Leaf_Disease_Dataset_Pakistan,Kaggle/Mendeley Pakistan Tomato Leaf Dataset (Farooq et al.),09b8c90a76bd0122c3f46425881c5f4709fbe5d9e7dabd168c41763376502233,True
D:\CropDiseaseProject\results\model_robustness_audit\audit_images\track_b_external\tomato\Tomato___healthy\pak_HL_(93).jpg,results\model_robustness_audit\audit_images\track_b_external\tomato\Tomato___healthy\pak_HL_(93).jpg,Tomato,Tomato___healthy,Tomato_Leaf_Disease_Dataset_Pakistan,Kaggle/Mendeley Pakistan Tomato Leaf Dataset (Farooq et al.),4d71e04d8fe8e1b17b1ba87063d0701312fa78358fbb44fc301b476ce999ecc5,True
D:\CropDiseaseProject\results\model_robustness_audit\audit_images\track_b_external\tomato\Tomato___Late_blight\pak_4621c.jpg,results\model_robustness_audit\audit_images\track_b_external\tomato\Tomato___Late_blight\pak_4621c.jpg,Tomato,Tomato___Late_blight,Tomato_Leaf_Disease_Dataset_Pakistan,Kaggle/Mendeley Pakistan Tomato Leaf Dataset (Farooq et al.),d074496a736f41783e0eb8b05f832102dcb07e9a4718d61374cbf2cf3884cc90,True
D:\CropDiseaseProject\results\model_robustness_audit\audit_images\track_b_external\tomato\Tomato___Late_blight\pak_4624s.jpg,results\model_robustness_audit\audit_images\track_b_external\tomato\Tomato___Late_blight\pak_4624s.jpg,Tomato,Tomato___Late_blight,Tomato_Leaf_Disease_Dataset_Pakistan,Kaggle/Mendeley Pakistan Tomato Leaf Dataset (Farooq et al.),f96cff195926f529f8e96819368cc3e0a496e438220f0a80b67a984f8de2e2b9,True
D:\CropDiseaseProject\results\model_robustness_audit\audit_images\track_b_external\tomato\Tomato___Late_blight\pak_5816170621_e1cce08736_z.jpg,results\model_robustness_audit\audit_images\track_b_external\tomato\Tomato___Late_blight\pak_5816170621_e1cce08736_z.jpg,Tomato,Tomato___Late_blight,Tomato_Leaf_Disease_Dataset_Pakistan,Kaggle/Mendeley Pakistan Tomato Leaf Dataset (Farooq et al.),40650f5dce684890969418712fad8b7bfa646bc14b170e746b2ed7bfe2045648,True
D:\CropDiseaseProject\results\model_robustness_audit\audit_images\track_b_external\tomato\Tomato___Late_blight\pak_6-13lateblightleavesMARY_jpg.rf.1114a350a3d07eb0c4f5a4cdcbbe82ed.jpg,results\model_robustness_audit\audit_images\track_b_external\tomato\Tomato___Late_blight\pak_6-13lateblightleavesMARY_jpg.rf.1114a350a3d07eb0c4f5a4cdcbbe82ed.jpg,Tomato,Tomato___Late_blight,Tomato_Leaf_Disease_Dataset_Pakistan,Kaggle/Mendeley Pakistan Tomato Leaf Dataset (Farooq et al.),23ec2f549c46cac1bb5132d0605d405d29faf8a77ce7c8799861d0a0adfedb99,True
D:\CropDiseaseProject\results\model_robustness_audit\audit_images\track_b_external\tomato\Tomato___Late_blight\pak_8140cs.jpg,results\model_robustness_audit\audit_images\track_b_external\tomato\Tomato___Late_blight\pak_8140cs.jpg,Tomato,Tomato___Late_blight,Tomato_Leaf_Disease_Dataset_Pakistan,Kaggle/Mendeley Pakistan Tomato Leaf Dataset (Farooq et al.),3a120425434f28876d0cd77087454b02d97fa7c1653070998941d995b6bb7be4,True
D:\CropDiseaseProject\results\model_robustness_audit\audit_images\track_b_external\tomato\Tomato___Late_blight\pak_924977LateBlightLeaf.jpg,results\model_robustness_audit\audit_images\track_b_external\tomato\Tomato___Late_blight\pak_924977LateBlightLeaf.jpg,Tomato,Tomato___Late_blight,Tomato_Leaf_Disease_Dataset_Pakistan,Kaggle/Mendeley Pakistan Tomato Leaf Dataset (Farooq et al.),5f45463b3311e0d105d5870a67144dfd7018d00584a07f15db811649d2b811f9,True
D:\CropDiseaseProject\results\model_robustness_audit\audit_images\track_b_external\tomato\Tomato___Late_blight\pak_August-17-2012-Supplemental-6.jpg,results\model_robustness_audit\audit_images\track_b_external\tomato\Tomato___Late_blight\pak_August-17-2012-Supplemental-6.jpg,Tomato,Tomato___Late_blight,Tomato_Leaf_Disease_Dataset_Pakistan,Kaggle/Mendeley Pakistan Tomato Leaf Dataset (Farooq et al.),98f661b5c89179fa23616c810aa99108985c7aa064aa80f221327e7bff6c2f48,True
D:\CropDiseaseProject\results\model_robustness_audit\audit_images\track_b_external\tomato\Tomato___Late_blight\pak_Fig.%2014_opta.jpg,results\model_robustness_audit\audit_images\track_b_external\tomato\Tomato___Late_blight\pak_Fig.%2014_opta.jpg,Tomato,Tomato___Late_blight,Tomato_Leaf_Disease_Dataset_Pakistan,Kaggle/Mendeley Pakistan Tomato Leaf Dataset (Farooq et al.),c0a56dc465599772ddc4a3fa3077b521e6e67b963888a28342b99a5fbf2261e9,True
D:\CropDiseaseProject\results\model_robustness_audit\audit_images\track_b_external\tomato\Tomato___Late_blight\pak_Gls35.jpg,results\model_robustness_audit\audit_images\track_b_external\tomato\Tomato___Late_blight\pak_Gls35.jpg,Tomato,Tomato___Late_blight,Tomato_Leaf_Disease_Dataset_Pakistan,Kaggle/Mendeley Pakistan Tomato Leaf Dataset (Farooq et al.),8f1803b135a1a38e1aa17a27dc19664821d9be33384d5e08c0f31b166a74a2ef,True
D:\CropDiseaseProject\results\model_robustness_audit\audit_images\track_b_external\tomato\Tomato___Late_blight\pak_Gls45.jpg,results\model_robustness_audit\audit_images\track_b_external\tomato\Tomato___Late_blight\pak_Gls45.jpg,Tomato,Tomato___Late_blight,Tomato_Leaf_Disease_Dataset_Pakistan,Kaggle/Mendeley Pakistan Tomato Leaf Dataset (Farooq et al.),4f5bf1bb6036e6265883b3d438784754c3da998f044bfe207a495b616fe6a5bb,True
D:\CropDiseaseProject\results\model_robustness_audit\audit_images\track_b_external\tomato\Tomato___Late_blight\pak_Gls5.JPG,results\model_robustness_audit\audit_images\track_b_external\tomato\Tomato___Late_blight\pak_Gls5.JPG,Tomato,Tomato___Late_blight,Tomato_Leaf_Disease_Dataset_Pakistan,Kaggle/Mendeley Pakistan Tomato Leaf Dataset (Farooq et al.),d197e3900e7426560e13dfabd3d97676b3e796e790b026a56fc99e91488bec30,True
D:\CropDiseaseProject\results\model_robustness_audit\audit_images\track_b_external\tomato\Tomato___Late_blight\pak_Gls70_change_90.jpg,results\model_robustness_audit\audit_images\track_b_external\tomato\Tomato___Late_blight\pak_Gls70_change_90.jpg,Tomato,Tomato___Late_blight,Tomato_Leaf_Disease_Dataset_Pakistan,Kaggle/Mendeley Pakistan Tomato Leaf Dataset (Farooq et al.),435de9f32ad8887275b8e8599df94176eae31259a1bd3632ce372ec4b1667c1c,True
D:\CropDiseaseProject\results\model_robustness_audit\audit_images\track_b_external\tomato\Tomato___Late_blight\pak_Gls75.jpg,results\model_robustness_audit\audit_images\track_b_external\tomato\Tomato___Late_blight\pak_Gls75.jpg,Tomato,Tomato___Late_blight,Tomato_Leaf_Disease_Dataset_Pakistan,Kaggle/Mendeley Pakistan Tomato Leaf Dataset (Farooq et al.),7ea3e9d751160dacb282ff525c2a042afca8e3ce97ab27f120e53cabf32c7745,True
D:\CropDiseaseProject\results\model_robustness_audit\audit_images\track_b_external\tomato\Tomato___Late_blight\pak_Gls78.JPG,results\model_robustness_audit\audit_images\track_b_external\tomato\Tomato___Late_blight\pak_Gls78.JPG,Tomato,Tomato___Late_blight,Tomato_Leaf_Disease_Dataset_Pakistan,Kaggle/Mendeley Pakistan Tomato Leaf Dataset (Farooq et al.),e90d05f9cc6b91f71bfaf41a5f7553b1d3c050e9b0e0653ed0b33605426a1c97,True
D:\CropDiseaseProject\results\model_robustness_audit\audit_images\track_b_external\tomato\Tomato___Late_blight\pak_Gls79.JPG,results\model_robustness_audit\audit_images\track_b_external\tomato\Tomato___Late_blight\pak_Gls79.JPG,Tomato,Tomato___Late_blight,Tomato_Leaf_Disease_Dataset_Pakistan,Kaggle/Mendeley Pakistan Tomato Leaf Dataset (Farooq et al.),e7a7f711e750b73a12c10d07164d1d9f356424d78bc00273d156aaf7cbb59860,True
D:\CropDiseaseProject\results\model_robustness_audit\audit_images\track_b_external\tomato\Tomato___Late_blight\pak_Gls80_change_90.jpg,results\model_robustness_audit\audit_images\track_b_external\tomato\Tomato___Late_blight\pak_Gls80_change_90.jpg,Tomato,Tomato___Late_blight,Tomato_Leaf_Disease_Dataset_Pakistan,Kaggle/Mendeley Pakistan Tomato Leaf Dataset (Farooq et al.),84b19f6eb4e175695727d14f8028b38ce9732559de92cec899b17012d1ba1c09,True
D:\CropDiseaseProject\results\model_robustness_audit\audit_images\track_b_external\tomato\Tomato___Late_blight\pak_IMG-20240812-WA0237.jpg,results\model_robustness_audit\audit_images\track_b_external\tomato\Tomato___Late_blight\pak_IMG-20240812-WA0237.jpg,Tomato,Tomato___Late_blight,Tomato_Leaf_Disease_Dataset_Pakistan,Kaggle/Mendeley Pakistan Tomato Leaf Dataset (Farooq et al.),d14713f1dd84bffcb46646734f0afc10f1fcb09c27819fd93fccaf95d6ef0cd7,True
D:\CropDiseaseProject\results\model_robustness_audit\audit_images\track_b_external\tomato\Tomato___Late_blight\pak_IMG20251102153828.jpg,results\model_robustness_audit\audit_images\track_b_external\tomato\Tomato___Late_blight\pak_IMG20251102153828.jpg,Tomato,Tomato___Late_blight,Tomato_Leaf_Disease_Dataset_Pakistan,Kaggle/Mendeley Pakistan Tomato Leaf Dataset (Farooq et al.),f63f16c0caf7d36f959d1be4904a1f2f413dfaac62c91719c3f8d8f74e30b211,True
D:\CropDiseaseProject\results\model_robustness_audit\audit_images\track_b_external\tomato\Tomato___Late_blight\pak_IMG_1526.jpg,results\model_robustness_audit\audit_images\track_b_external\tomato\Tomato___Late_blight\pak_IMG_1526.jpg,Tomato,Tomato___Late_blight,Tomato_Leaf_Disease_Dataset_Pakistan,Kaggle/Mendeley Pakistan Tomato Leaf Dataset (Farooq et al.),55895d4f6f86786b98af334774d1a50e4e987bdbb4e204d67d43d94bd5a88601,True
D:\CropDiseaseProject\results\model_robustness_audit\audit_images\track_b_external\tomato\Tomato___Late_blight\pak_IMG_20251102_155132.jpg,results\model_robustness_audit\audit_images\track_b_external\tomato\Tomato___Late_blight\pak_IMG_20251102_155132.jpg,Tomato,Tomato___Late_blight,Tomato_Leaf_Disease_Dataset_Pakistan,Kaggle/Mendeley Pakistan Tomato Leaf Dataset (Farooq et al.),a9dfb69d4eddc97e8d3ee3bf36f3eb051142851e3de396e6d44b446b1456930b,True
D:\CropDiseaseProject\results\model_robustness_audit\audit_images\track_b_external\tomato\Tomato___Late_blight\pak_IMG_20251102_155447.jpg,results\model_robustness_audit\audit_images\track_b_external\tomato\Tomato___Late_blight\pak_IMG_20251102_155447.jpg,Tomato,Tomato___Late_blight,Tomato_Leaf_Disease_Dataset_Pakistan,Kaggle/Mendeley Pakistan Tomato Leaf Dataset (Farooq et al.),42cad0dc836ea35dc62ed505a66865f842fed8c6fabe2482fba3cdb748b2823a,True
D:\CropDiseaseProject\results\model_robustness_audit\audit_images\track_b_external\tomato\Tomato___Late_blight\pak_IMG_20251102_155805.jpg,results\model_robustness_audit\audit_images\track_b_external\tomato\Tomato___Late_blight\pak_IMG_20251102_155805.jpg,Tomato,Tomato___Late_blight,Tomato_Leaf_Disease_Dataset_Pakistan,Kaggle/Mendeley Pakistan Tomato Leaf Dataset (Farooq et al.),4d27d9ac8736457a93d52b706a3e07bd0af08cc1151949453d296607f39ace07,True
D:\CropDiseaseProject\results\model_robustness_audit\audit_images\track_b_external\tomato\Tomato___Late_blight\pak_IMG_20251102_155822.jpg,results\model_robustness_audit\audit_images\track_b_external\tomato\Tomato___Late_blight\pak_IMG_20251102_155822.jpg,Tomato,Tomato___Late_blight,Tomato_Leaf_Disease_Dataset_Pakistan,Kaggle/Mendeley Pakistan Tomato Leaf Dataset (Farooq et al.),df744cd535c3398620a9ce8ad9b2a38a20ba037434d6848e079870070c0ddb87,True
D:\CropDiseaseProject\results\model_robustness_audit\audit_images\track_b_external\tomato\Tomato___Late_blight\pak_IMG_20251102_160928.jpg,results\model_robustness_audit\audit_images\track_b_external\tomato\Tomato___Late_blight\pak_IMG_20251102_160928.jpg,Tomato,Tomato___Late_blight,Tomato_Leaf_Disease_Dataset_Pakistan,Kaggle/Mendeley Pakistan Tomato Leaf Dataset (Farooq et al.),d2774a1445bfdc0cc50c1409248a1ebc4e36aa934b4007822ff374db608d103b,True
D:\CropDiseaseProject\results\model_robustness_audit\audit_images\track_b_external\tomato\Tomato___Late_blight\pak_IMG_20251102_161026.jpg,results\model_robustness_audit\audit_images\track_b_external\tomato\Tomato___Late_blight\pak_IMG_20251102_161026.jpg,Tomato,Tomato___Late_blight,Tomato_Leaf_Disease_Dataset_Pakistan,Kaggle/Mendeley Pakistan Tomato Leaf Dataset (Farooq et al.),8e3ad7f450c9e85dd6d375a8c5069f4c48fc4003d475080764984e1ab5a2a1cc,True
D:\CropDiseaseProject\results\model_robustness_audit\audit_images\track_b_external\tomato\Tomato___Late_blight\pak_IMG_20251102_161202.jpg,results\model_robustness_audit\audit_images\track_b_external\tomato\Tomato___Late_blight\pak_IMG_20251102_161202.jpg,Tomato,Tomato___Late_blight,Tomato_Leaf_Disease_Dataset_Pakistan,Kaggle/Mendeley Pakistan Tomato Leaf Dataset (Farooq et al.),66e253dbaa31113906497069e3c5865bda32a1801d72918ae56d06b51f85ac87,True
D:\CropDiseaseProject\results\model_robustness_audit\audit_images\track_b_external\tomato\Tomato___Late_blight\pak_IMG_20251102_161536.jpg,results\model_robustness_audit\audit_images\track_b_external\tomato\Tomato___Late_blight\pak_IMG_20251102_161536.jpg,Tomato,Tomato___Late_blight,Tomato_Leaf_Disease_Dataset_Pakistan,Kaggle/Mendeley Pakistan Tomato Leaf Dataset (Farooq et al.),6ca52608920e8e5de6ed67598932c685eabe2c2085d4dcb69ec75509757f3916,True
D:\CropDiseaseProject\results\model_robustness_audit\audit_images\track_b_external\tomato\Tomato___Late_blight\pak_IMG_20251102_161541.jpg,results\model_robustness_audit\audit_images\track_b_external\tomato\Tomato___Late_blight\pak_IMG_20251102_161541.jpg,Tomato,Tomato___Late_blight,Tomato_Leaf_Disease_Dataset_Pakistan,Kaggle/Mendeley Pakistan Tomato Leaf Dataset (Farooq et al.),9ce69a0708ab127094e645ee9cd89b50f17de54cb951f8b3289f5257dbe021da,True
D:\CropDiseaseProject\results\model_robustness_audit\audit_images\track_b_external\tomato\Tomato___Late_blight\pak_IMG_4182.JPG.jpg,results\model_robustness_audit\audit_images\track_b_external\tomato\Tomato___Late_blight\pak_IMG_4182.JPG.jpg,Tomato,Tomato___Late_blight,Tomato_Leaf_Disease_Dataset_Pakistan,Kaggle/Mendeley Pakistan Tomato Leaf Dataset (Farooq et al.),af8da915a9432b0fd85003030f9a4373cd0cca6ace3dc0dc04eb5fe5f27a2ff9,True
D:\CropDiseaseProject\results\model_robustness_audit\audit_images\track_b_external\tomato\Tomato___Late_blight\pak_IMG_5808_jpg.rf.9de5af872dd2e7a58b115c4826fb18d4.jpg,results\model_robustness_audit\audit_images\track_b_external\tomato\Tomato___Late_blight\pak_IMG_5808_jpg.rf.9de5af872dd2e7a58b115c4826fb18d4.jpg,Tomato,Tomato___Late_blight,Tomato_Leaf_Disease_Dataset_Pakistan,Kaggle/Mendeley Pakistan Tomato Leaf Dataset (Farooq et al.),9cbf4ffa580f657893d180410f3b6bd665acfd9307204d6dec68362ca2e68226,True
D:\CropDiseaseProject\results\model_robustness_audit\audit_images\track_b_external\tomato\Tomato___Tomato_Yellow_Leaf_Curl_Virus\pak_1342017-162221-44540.jpg,results\model_robustness_audit\audit_images\track_b_external\tomato\Tomato___Tomato_Yellow_Leaf_Curl_Virus\pak_1342017-162221-44540.jpg,Tomato,Tomato___Tomato_Yellow_Leaf_Curl_Virus,Tomato_Leaf_Disease_Dataset_Pakistan,Kaggle/Mendeley Pakistan Tomato Leaf Dataset (Farooq et al.),b740cb9aa39a521b544c25b581c6c6f9f4a70f4467511e739920b262c17a4e68,True
D:\CropDiseaseProject\results\model_robustness_audit\audit_images\track_b_external\tomato\Tomato___Tomato_Yellow_Leaf_Curl_Virus\pak_1422_0_jpeg_jpg.rf.141e71ae4e0fb1b8cf91de832e61eea5.jpg,results\model_robustness_audit\audit_images\track_b_external\tomato\Tomato___Tomato_Yellow_Leaf_Curl_Virus\pak_1422_0_jpeg_jpg.rf.141e71ae4e0fb1b8cf91de832e61eea5.jpg,Tomato,Tomato___Tomato_Yellow_Leaf_Curl_Virus,Tomato_Leaf_Disease_Dataset_Pakistan,Kaggle/Mendeley Pakistan Tomato Leaf Dataset (Farooq et al.),73eea72a58ee918da49f9466c186a9821128422266ef4058134d3b0158a05923,True
D:\CropDiseaseProject\results\model_robustness_audit\audit_images\track_b_external\tomato\Tomato___Tomato_Yellow_Leaf_Curl_Virus\pak_18071.img.jpg,results\model_robustness_audit\audit_images\track_b_external\tomato\Tomato___Tomato_Yellow_Leaf_Curl_Virus\pak_18071.img.jpg,Tomato,Tomato___Tomato_Yellow_Leaf_Curl_Virus,Tomato_Leaf_Disease_Dataset_Pakistan,Kaggle/Mendeley Pakistan Tomato Leaf Dataset (Farooq et al.),8916a647f4ea7442da7bc43d260becd42ba28f05ae153aa49b382a2e2aa94275,True
D:\CropDiseaseProject\results\model_robustness_audit\audit_images\track_b_external\tomato\Tomato___Tomato_Yellow_Leaf_Curl_Virus\pak_2.--Virused-tomato-leaves-versus.jpg,results\model_robustness_audit\audit_images\track_b_external\tomato\Tomato___Tomato_Yellow_Leaf_Curl_Virus\pak_2.--Virused-tomato-leaves-versus.jpg,Tomato,Tomato___Tomato_Yellow_Leaf_Curl_Virus,Tomato_Leaf_Disease_Dataset_Pakistan,Kaggle/Mendeley Pakistan Tomato Leaf Dataset (Farooq et al.),7d74f2687d0bf3ca63e83dba705833a960a1f5ffccc669afaef72939cc1b3d1e,True
D:\CropDiseaseProject\results\model_robustness_audit\audit_images\track_b_external\tomato\Tomato___Tomato_Yellow_Leaf_Curl_Virus\pak_28619919393_7ef44acccc_b.jpg,results\model_robustness_audit\audit_images\track_b_external\tomato\Tomato___Tomato_Yellow_Leaf_Curl_Virus\pak_28619919393_7ef44acccc_b.jpg,Tomato,Tomato___Tomato_Yellow_Leaf_Curl_Virus,Tomato_Leaf_Disease_Dataset_Pakistan,Kaggle/Mendeley Pakistan Tomato Leaf Dataset (Farooq et al.),655f79d06c2708fe51e02c7bc27647d3dacdc711a1436d7e76593cfa9a8c726f,True
D:\CropDiseaseProject\results\model_robustness_audit\audit_images\track_b_external\tomato\Tomato___Tomato_Yellow_Leaf_Curl_Virus\pak_29994445671_b6914b44d0_b.jpg,results\model_robustness_audit\audit_images\track_b_external\tomato\Tomato___Tomato_Yellow_Leaf_Curl_Virus\pak_29994445671_b6914b44d0_b.jpg,Tomato,Tomato___Tomato_Yellow_Leaf_Curl_Virus,Tomato_Leaf_Disease_Dataset_Pakistan,Kaggle/Mendeley Pakistan Tomato Leaf Dataset (Farooq et al.),aa37cb4e626c9ca86054d4e701cf588a78134526a285817f454af57a8de158c9,True
D:\CropDiseaseProject\results\model_robustness_audit\audit_images\track_b_external\tomato\Tomato___Tomato_Yellow_Leaf_Curl_Virus\pak_36ca1410e232eec4a8003fe411246820.jpg,results\model_robustness_audit\audit_images\track_b_external\tomato\Tomato___Tomato_Yellow_Leaf_Curl_Virus\pak_36ca1410e232eec4a8003fe411246820.jpg,Tomato,Tomato___Tomato_Yellow_Leaf_Curl_Virus,Tomato_Leaf_Disease_Dataset_Pakistan,Kaggle/Mendeley Pakistan Tomato Leaf Dataset (Farooq et al.),8801389d787f9ddd62006e6f4d874f085f0fe5cb6a1ece4ed5ebb159c4df5865,True
D:\CropDiseaseProject\results\model_robustness_audit\audit_images\track_b_external\tomato\Tomato___Tomato_Yellow_Leaf_Curl_Virus\pak_3782849713_398f3a1086_b_jpg.rf.459a511773f9b32c153d53a41b5bd3d2.jpg,results\model_robustness_audit\audit_images\track_b_external\tomato\Tomato___Tomato_Yellow_Leaf_Curl_Virus\pak_3782849713_398f3a1086_b_jpg.rf.459a511773f9b32c153d53a41b5bd3d2.jpg,Tomato,Tomato___Tomato_Yellow_Leaf_Curl_Virus,Tomato_Leaf_Disease_Dataset_Pakistan,Kaggle/Mendeley Pakistan Tomato Leaf Dataset (Farooq et al.),c700d7943ed502a9124beb5e3f6f4efef103cd448b6819cc17431ad75ae8f7ba,True
D:\CropDiseaseProject\results\model_robustness_audit\audit_images\track_b_external\tomato\Tomato___Tomato_Yellow_Leaf_Curl_Virus\pak_5146.jpg,results\model_robustness_audit\audit_images\track_b_external\tomato\Tomato___Tomato_Yellow_Leaf_Curl_Virus\pak_5146.jpg,Tomato,Tomato___Tomato_Yellow_Leaf_Curl_Virus,Tomato_Leaf_Disease_Dataset_Pakistan,Kaggle/Mendeley Pakistan Tomato Leaf Dataset (Farooq et al.),ad5c26302176fc8a180d7648d413119fff216b82663efee13b680bd48877e5a2,True
D:\CropDiseaseProject\results\model_robustness_audit\audit_images\track_b_external\tomato\Tomato___Tomato_Yellow_Leaf_Curl_Virus\pak_534ddf3a932e62dd929a3ac1b29bfa29.jpg,results\model_robustness_audit\audit_images\track_b_external\tomato\Tomato___Tomato_Yellow_Leaf_Curl_Virus\pak_534ddf3a932e62dd929a3ac1b29bfa29.jpg,Tomato,Tomato___Tomato_Yellow_Leaf_Curl_Virus,Tomato_Leaf_Disease_Dataset_Pakistan,Kaggle/Mendeley Pakistan Tomato Leaf Dataset (Farooq et al.),44334af721ac01e60cf42e1e0c83a047d25b63ce22bb8596b2af39da54ed6a89,True
D:\CropDiseaseProject\results\model_robustness_audit\audit_images\track_b_external\tomato\Tomato___Tomato_Yellow_Leaf_Curl_Virus\pak_8226402609_62d16884a7_b.jpg,results\model_robustness_audit\audit_images\track_b_external\tomato\Tomato___Tomato_Yellow_Leaf_Curl_Virus\pak_8226402609_62d16884a7_b.jpg,Tomato,Tomato___Tomato_Yellow_Leaf_Curl_Virus,Tomato_Leaf_Disease_Dataset_Pakistan,Kaggle/Mendeley Pakistan Tomato Leaf Dataset (Farooq et al.),b05941ce07170840059f1515cda11131afc18a5d4f74a6281ad2c2fdc5a7801b,True
D:\CropDiseaseProject\results\model_robustness_audit\audit_images\track_b_external\tomato\Tomato___Tomato_Yellow_Leaf_Curl_Virus\pak_8227475116_0d40e8f21c_b.jpg,results\model_robustness_audit\audit_images\track_b_external\tomato\Tomato___Tomato_Yellow_Leaf_Curl_Virus\pak_8227475116_0d40e8f21c_b.jpg,Tomato,Tomato___Tomato_Yellow_Leaf_Curl_Virus,Tomato_Leaf_Disease_Dataset_Pakistan,Kaggle/Mendeley Pakistan Tomato Leaf Dataset (Farooq et al.),fdb84aa6b584ecf65151e1682a0c6c2cee2fefb257851b21d43bb5550011bde8,True
D:\CropDiseaseProject\results\model_robustness_audit\audit_images\track_b_external\tomato\Tomato___Tomato_Yellow_Leaf_Curl_Virus\pak_DSC01999.JPG.jpg,results\model_robustness_audit\audit_images\track_b_external\tomato\Tomato___Tomato_Yellow_Leaf_Curl_Virus\pak_DSC01999.JPG.jpg,Tomato,Tomato___Tomato_Yellow_Leaf_Curl_Virus,Tomato_Leaf_Disease_Dataset_Pakistan,Kaggle/Mendeley Pakistan Tomato Leaf Dataset (Farooq et al.),4d4b25045a59fcde51bcc133b862cf6da4c7f60b6e59c73eeece7a87962c9a7b,True
D:\CropDiseaseProject\results\model_robustness_audit\audit_images\track_b_external\tomato\Tomato___Tomato_Yellow_Leaf_Curl_Virus\pak_DSC02006.JPG.jpg,results\model_robustness_audit\audit_images\track_b_external\tomato\Tomato___Tomato_Yellow_Leaf_Curl_Virus\pak_DSC02006.JPG.jpg,Tomato,Tomato___Tomato_Yellow_Leaf_Curl_Virus,Tomato_Leaf_Disease_Dataset_Pakistan,Kaggle/Mendeley Pakistan Tomato Leaf Dataset (Farooq et al.),25e7affcd4a35c80c4d1f7253302d8be8825b9e5d12b6de9e4d9efcc232a7d7b,True
D:\CropDiseaseProject\results\model_robustness_audit\audit_images\track_b_external\tomato\Tomato___Tomato_Yellow_Leaf_Curl_Virus\pak_DSC02007.JPG.jpg,results\model_robustness_audit\audit_images\track_b_external\tomato\Tomato___Tomato_Yellow_Leaf_Curl_Virus\pak_DSC02007.JPG.jpg,Tomato,Tomato___Tomato_Yellow_Leaf_Curl_Virus,Tomato_Leaf_Disease_Dataset_Pakistan,Kaggle/Mendeley Pakistan Tomato Leaf Dataset (Farooq et al.),a3e1ea940df4c6ee771cbc2b9a6a9f536155de5b72db70cf7981b7ea627a6c8e,True
D:\CropDiseaseProject\results\model_robustness_audit\audit_images\track_b_external\tomato\Tomato___Tomato_Yellow_Leaf_Curl_Virus\pak_DSC_3019_320x209.jpg,results\model_robustness_audit\audit_images\track_b_external\tomato\Tomato___Tomato_Yellow_Leaf_Curl_Virus\pak_DSC_3019_320x209.jpg,Tomato,Tomato___Tomato_Yellow_Leaf_Curl_Virus,Tomato_Leaf_Disease_Dataset_Pakistan,Kaggle/Mendeley Pakistan Tomato Leaf Dataset (Farooq et al.),75ec9c9314a07b7610675ec4c8f16fc2d0c37370cee51db16e6856fd9af159fb,True
D:\CropDiseaseProject\results\model_robustness_audit\audit_images\track_b_external\tomato\Tomato___Tomato_Yellow_Leaf_Curl_Virus\pak_IMG20251102153724.jpg,results\model_robustness_audit\audit_images\track_b_external\tomato\Tomato___Tomato_Yellow_Leaf_Curl_Virus\pak_IMG20251102153724.jpg,Tomato,Tomato___Tomato_Yellow_Leaf_Curl_Virus,Tomato_Leaf_Disease_Dataset_Pakistan,Kaggle/Mendeley Pakistan Tomato Leaf Dataset (Farooq et al.),3bae08e4ec3fd7d7ba47ad697cb527ac478b07290d2636358d558ef00dc6acfe,True
D:\CropDiseaseProject\results\model_robustness_audit\audit_images\track_b_external\tomato\Tomato___Tomato_Yellow_Leaf_Curl_Virus\pak_IMG_20251102_153430.jpg,results\model_robustness_audit\audit_images\track_b_external\tomato\Tomato___Tomato_Yellow_Leaf_Curl_Virus\pak_IMG_20251102_153430.jpg,Tomato,Tomato___Tomato_Yellow_Leaf_Curl_Virus,Tomato_Leaf_Disease_Dataset_Pakistan,Kaggle/Mendeley Pakistan Tomato Leaf Dataset (Farooq et al.),a9f9b211b14c10059dfc59125d48fa74f86b028543a0aa1c5411a393ab15b6e0,True
D:\CropDiseaseProject\results\model_robustness_audit\audit_images\track_b_external\tomato\Tomato___Tomato_Yellow_Leaf_Curl_Virus\pak_IMG_20251102_153921.jpg,results\model_robustness_audit\audit_images\track_b_external\tomato\Tomato___Tomato_Yellow_Leaf_Curl_Virus\pak_IMG_20251102_153921.jpg,Tomato,Tomato___Tomato_Yellow_Leaf_Curl_Virus,Tomato_Leaf_Disease_Dataset_Pakistan,Kaggle/Mendeley Pakistan Tomato Leaf Dataset (Farooq et al.),7f44d6fa89685dc48da1b1d686288c823eb25aa54d8e41746ac6023acbb9ad52,True
D:\CropDiseaseProject\results\model_robustness_audit\audit_images\track_b_external\tomato\Tomato___Tomato_Yellow_Leaf_Curl_Virus\pak_IMG_20251102_154334.jpg,results\model_robustness_audit\audit_images\track_b_external\tomato\Tomato___Tomato_Yellow_Leaf_Curl_Virus\pak_IMG_20251102_154334.jpg,Tomato,Tomato___Tomato_Yellow_Leaf_Curl_Virus,Tomato_Leaf_Disease_Dataset_Pakistan,Kaggle/Mendeley Pakistan Tomato Leaf Dataset (Farooq et al.),15750173568ceb875d95bd8d9c325e0f9bf5deae70c36bb5033c74a3061b5093,True
D:\CropDiseaseProject\results\model_robustness_audit\audit_images\track_b_external\tomato\Tomato___Tomato_Yellow_Leaf_Curl_Virus\pak_IMG_20251102_154339.jpg,results\model_robustness_audit\audit_images\track_b_external\tomato\Tomato___Tomato_Yellow_Leaf_Curl_Virus\pak_IMG_20251102_154339.jpg,Tomato,Tomato___Tomato_Yellow_Leaf_Curl_Virus,Tomato_Leaf_Disease_Dataset_Pakistan,Kaggle/Mendeley Pakistan Tomato Leaf Dataset (Farooq et al.),412a1e5bf751f769d0eec17a117c7c9a8a72953ab0cf21425ac61cf036855e70,True
D:\CropDiseaseProject\results\model_robustness_audit\audit_images\track_b_external\tomato\Tomato___Tomato_Yellow_Leaf_Curl_Virus\pak_IMG_20251102_154344.jpg,results\model_robustness_audit\audit_images\track_b_external\tomato\Tomato___Tomato_Yellow_Leaf_Curl_Virus\pak_IMG_20251102_154344.jpg,Tomato,Tomato___Tomato_Yellow_Leaf_Curl_Virus,Tomato_Leaf_Disease_Dataset_Pakistan,Kaggle/Mendeley Pakistan Tomato Leaf Dataset (Farooq et al.),0a5773a77f48764522f08e92e8f40f72a4b887dd6c043d3e4dbfee4728d1aef0,True
D:\CropDiseaseProject\results\model_robustness_audit\audit_images\track_b_external\tomato\Tomato___Tomato_Yellow_Leaf_Curl_Virus\pak_IMG_20251102_154350.jpg,results\model_robustness_audit\audit_images\track_b_external\tomato\Tomato___Tomato_Yellow_Leaf_Curl_Virus\pak_IMG_20251102_154350.jpg,Tomato,Tomato___Tomato_Yellow_Leaf_Curl_Virus,Tomato_Leaf_Disease_Dataset_Pakistan,Kaggle/Mendeley Pakistan Tomato Leaf Dataset (Farooq et al.),f8ff46f5679d0313e79a34dc3ae91fd629064e662982265f8cf2213a0da51f58,True
D:\CropDiseaseProject\results\model_robustness_audit\audit_images\track_b_external\tomato\Tomato___Tomato_Yellow_Leaf_Curl_Virus\pak_IMG_20251102_154355.jpg,results\model_robustness_audit\audit_images\track_b_external\tomato\Tomato___Tomato_Yellow_Leaf_Curl_Virus\pak_IMG_20251102_154355.jpg,Tomato,Tomato___Tomato_Yellow_Leaf_Curl_Virus,Tomato_Leaf_Disease_Dataset_Pakistan,Kaggle/Mendeley Pakistan Tomato Leaf Dataset (Farooq et al.),6b57be4ec3a2d5b89ef220268ed5a35434c1e6b80c2f99265250814f9428d648,True
D:\CropDiseaseProject\results\model_robustness_audit\audit_images\track_b_external\tomato\Tomato___Tomato_Yellow_Leaf_Curl_Virus\pak_IMG_20251102_155012.jpg,results\model_robustness_audit\audit_images\track_b_external\tomato\Tomato___Tomato_Yellow_Leaf_Curl_Virus\pak_IMG_20251102_155012.jpg,Tomato,Tomato___Tomato_Yellow_Leaf_Curl_Virus,Tomato_Leaf_Disease_Dataset_Pakistan,Kaggle/Mendeley Pakistan Tomato Leaf Dataset (Farooq et al.),5ad9ab2e515086ee4361eabc9b03040a569624f6afd8adef97991ae7f184171d,True
D:\CropDiseaseProject\results\model_robustness_audit\audit_images\track_b_external\tomato\Tomato___Tomato_Yellow_Leaf_Curl_Virus\pak_IMG_20251102_155031.jpg,results\model_robustness_audit\audit_images\track_b_external\tomato\Tomato___Tomato_Yellow_Leaf_Curl_Virus\pak_IMG_20251102_155031.jpg,Tomato,Tomato___Tomato_Yellow_Leaf_Curl_Virus,Tomato_Leaf_Disease_Dataset_Pakistan,Kaggle/Mendeley Pakistan Tomato Leaf Dataset (Farooq et al.),55fde4b88fcec2d785b0759d76b3bc3a2125ee6556a6bb9a9285adbd12087975,True
D:\CropDiseaseProject\results\model_robustness_audit\audit_images\track_b_external\tomato\Tomato___Tomato_Yellow_Leaf_Curl_Virus\pak_IMG_20251102_155036.jpg,results\model_robustness_audit\audit_images\track_b_external\tomato\Tomato___Tomato_Yellow_Leaf_Curl_Virus\pak_IMG_20251102_155036.jpg,Tomato,Tomato___Tomato_Yellow_Leaf_Curl_Virus,Tomato_Leaf_Disease_Dataset_Pakistan,Kaggle/Mendeley Pakistan Tomato Leaf Dataset (Farooq et al.),7f63801cebf67ba82afbc0e073311cb549ba404fed48103a3f9f9a6c82e372e6,True
D:\CropDiseaseProject\results\model_robustness_audit\audit_images\track_b_external\tomato\Tomato___Tomato_Yellow_Leaf_Curl_Virus\pak_IMG_20251102_155041.jpg,results\model_robustness_audit\audit_images\track_b_external\tomato\Tomato___Tomato_Yellow_Leaf_Curl_Virus\pak_IMG_20251102_155041.jpg,Tomato,Tomato___Tomato_Yellow_Leaf_Curl_Virus,Tomato_Leaf_Disease_Dataset_Pakistan,Kaggle/Mendeley Pakistan Tomato Leaf Dataset (Farooq et al.),03ca1cbbbeb96f7e7ef3eecf2735071bc991e1be500793cca2d7cb574a498939,True
D:\CropDiseaseProject\results\model_robustness_audit\audit_images\track_b_external\tomato\Tomato___Tomato_Yellow_Leaf_Curl_Virus\pak_IMG_20251102_155042.jpg,results\model_robustness_audit\audit_images\track_b_external\tomato\Tomato___Tomato_Yellow_Leaf_Curl_Virus\pak_IMG_20251102_155042.jpg,Tomato,Tomato___Tomato_Yellow_Leaf_Curl_Virus,Tomato_Leaf_Disease_Dataset_Pakistan,Kaggle/Mendeley Pakistan Tomato Leaf Dataset (Farooq et al.),7c5d9df32d007049f818c060208acaa9b27f745086d1966339eaf6df62e0ef98,True
D:\CropDiseaseProject\results\model_robustness_audit\audit_images\track_b_external\tomato\Tomato___Tomato_Yellow_Leaf_Curl_Virus\pak_IMG_20251102_155049.jpg,results\model_robustness_audit\audit_images\track_b_external\tomato\Tomato___Tomato_Yellow_Leaf_Curl_Virus\pak_IMG_20251102_155049.jpg,Tomato,Tomato___Tomato_Yellow_Leaf_Curl_Virus,Tomato_Leaf_Disease_Dataset_Pakistan,Kaggle/Mendeley Pakistan Tomato Leaf Dataset (Farooq et al.),3048383ac7098808e1a6a3f1d8effe6d6038e87a6664a273bc16bce670b3d62d,True
D:\CropDiseaseProject\results\model_robustness_audit\audit_images\track_b_external\tomato\Tomato___Leaf_Mold\pak_1723454500586.jpg,results\model_robustness_audit\audit_images\track_b_external\tomato\Tomato___Leaf_Mold\pak_1723454500586.jpg,Tomato,Tomato___Leaf_Mold,Tomato_Leaf_Disease_Dataset_Pakistan,Kaggle/Mendeley Pakistan Tomato Leaf Dataset (Farooq et al.),a9dc31b5d0e4b56336e7d92e433fa906cac8cfef6683525f987fbf7ddf58656e,True
D:\CropDiseaseProject\results\model_robustness_audit\audit_images\track_b_external\tomato\Tomato___Leaf_Mold\pak_23601051_1572608349449262_2029169498_o.jpg,results\model_robustness_audit\audit_images\track_b_external\tomato\Tomato___Leaf_Mold\pak_23601051_1572608349449262_2029169498_o.jpg,Tomato,Tomato___Leaf_Mold,Tomato_Leaf_Disease_Dataset_Pakistan,Kaggle/Mendeley Pakistan Tomato Leaf Dataset (Farooq et al.),881683b24a9d1ccdf9ebcf4b1a5a2f5815975cc08cfef9ccc974b63981173d51,True
D:\CropDiseaseProject\results\model_robustness_audit\audit_images\track_b_external\tomato\Tomato___Leaf_Mold\pak_23633262_1572609386115825_1396180255_o.jpg,results\model_robustness_audit\audit_images\track_b_external\tomato\Tomato___Leaf_Mold\pak_23633262_1572609386115825_1396180255_o.jpg,Tomato,Tomato___Leaf_Mold,Tomato_Leaf_Disease_Dataset_Pakistan,Kaggle/Mendeley Pakistan Tomato Leaf Dataset (Farooq et al.),3d1839351811b5cc8e6bbb53cc8c4b0c750e6c2bac8bff6c0d02c301a2b18b09,True
D:\CropDiseaseProject\results\model_robustness_audit\audit_images\track_b_external\tomato\Tomato___Leaf_Mold\pak_4118c92ffde66d327ee14e4023320bf7.jpg,results\model_robustness_audit\audit_images\track_b_external\tomato\Tomato___Leaf_Mold\pak_4118c92ffde66d327ee14e4023320bf7.jpg,Tomato,Tomato___Leaf_Mold,Tomato_Leaf_Disease_Dataset_Pakistan,Kaggle/Mendeley Pakistan Tomato Leaf Dataset (Farooq et al.),75beb9ea5411dd447e5ac6d5f8341df82804d76f1d15111725141638680dcadb,True
D:\CropDiseaseProject\results\model_robustness_audit\audit_images\track_b_external\tomato\Tomato___Leaf_Mold\pak_6032331.JPG.jpg,results\model_robustness_audit\audit_images\track_b_external\tomato\Tomato___Leaf_Mold\pak_6032331.JPG.jpg,Tomato,Tomato___Leaf_Mold,Tomato_Leaf_Disease_Dataset_Pakistan,Kaggle/Mendeley Pakistan Tomato Leaf Dataset (Farooq et al.),cece53c23f454f16e4102880bfd9eab48fe62880193220c046efc1035e59a32f,True
D:\CropDiseaseProject\results\model_robustness_audit\audit_images\track_b_external\tomato\Tomato___Leaf_Mold\pak_607-155-0.jpg,results\model_robustness_audit\audit_images\track_b_external\tomato\Tomato___Leaf_Mold\pak_607-155-0.jpg,Tomato,Tomato___Leaf_Mold,Tomato_Leaf_Disease_Dataset_Pakistan,Kaggle/Mendeley Pakistan Tomato Leaf Dataset (Farooq et al.),93f16ef30627048c7e497502006a8eebe6bfd0f294195d889d5ae81a892a2c57,True
D:\CropDiseaseProject\results\model_robustness_audit\audit_images\track_b_external\tomato\Tomato___Leaf_Mold\pak_BlackLeafMold2.jpg,results\model_robustness_audit\audit_images\track_b_external\tomato\Tomato___Leaf_Mold\pak_BlackLeafMold2.jpg,Tomato,Tomato___Leaf_Mold,Tomato_Leaf_Disease_Dataset_Pakistan,Kaggle/Mendeley Pakistan Tomato Leaf Dataset (Farooq et al.),a768de0b84132ff21b604b589ef946f285e1eed7cf21d9268ddaaaa403e8407b,True
D:\CropDiseaseProject\results\model_robustness_audit\audit_images\track_b_external\tomato\Tomato___Leaf_Mold\pak_Botrytis-Tomato-Seedlings-2-copy-50QUALITY-17wck0d.jpg,results\model_robustness_audit\audit_images\track_b_external\tomato\Tomato___Leaf_Mold\pak_Botrytis-Tomato-Seedlings-2-copy-50QUALITY-17wck0d.jpg,Tomato,Tomato___Leaf_Mold,Tomato_Leaf_Disease_Dataset_Pakistan,Kaggle/Mendeley Pakistan Tomato Leaf Dataset (Farooq et al.),db600d5a76cc60a041622eaf5e3fcef1c382fa333d8152865c4575eaa8db18a5,True
D:\CropDiseaseProject\results\model_robustness_audit\audit_images\track_b_external\tomato\Tomato___Leaf_Mold\pak_Fig.%2015_opta.jpg,results\model_robustness_audit\audit_images\track_b_external\tomato\Tomato___Leaf_Mold\pak_Fig.%2015_opta.jpg,Tomato,Tomato___Leaf_Mold,Tomato_Leaf_Disease_Dataset_Pakistan,Kaggle/Mendeley Pakistan Tomato Leaf Dataset (Farooq et al.),acd3930fc33f62d33af4fe268ede6066da861853092e9ba7da185c83bb52c181,True
D:\CropDiseaseProject\results\model_robustness_audit\audit_images\track_b_external\tomato\Tomato___Leaf_Mold\pak_Fig.%2016_opt.jpg,results\model_robustness_audit\audit_images\track_b_external\tomato\Tomato___Leaf_Mold\pak_Fig.%2016_opt.jpg,Tomato,Tomato___Leaf_Mold,Tomato_Leaf_Disease_Dataset_Pakistan,Kaggle/Mendeley Pakistan Tomato Leaf Dataset (Farooq et al.),7755096395bf7e00c03264853e3acd5d5203f22dc2da02e70c6bac09596d3724,True
D:\CropDiseaseProject\results\model_robustness_audit\audit_images\track_b_external\tomato\Tomato___Leaf_Mold\pak_GIVXB.jpg,results\model_robustness_audit\audit_images\track_b_external\tomato\Tomato___Leaf_Mold\pak_GIVXB.jpg,Tomato,Tomato___Leaf_Mold,Tomato_Leaf_Disease_Dataset_Pakistan,Kaggle/Mendeley Pakistan Tomato Leaf Dataset (Farooq et al.),152eb12191682697b63611c371ad13853cd442dd0d1f0a4362219526ca629d96,True
D:\CropDiseaseProject\results\model_robustness_audit\audit_images\track_b_external\tomato\Tomato___Leaf_Mold\pak_HighTunnel_TLM6.jpg,results\model_robustness_audit\audit_images\track_b_external\tomato\Tomato___Leaf_Mold\pak_HighTunnel_TLM6.jpg,Tomato,Tomato___Leaf_Mold,Tomato_Leaf_Disease_Dataset_Pakistan,Kaggle/Mendeley Pakistan Tomato Leaf Dataset (Farooq et al.),037f8c39d35cd8f2a8642b2b2ed860227850229393449c8a6365bc6cec03f8c7,True
D:\CropDiseaseProject\results\model_robustness_audit\audit_images\track_b_external\tomato\Tomato___Leaf_Mold\pak_IMG-20240724-WA0016.jpg,results\model_robustness_audit\audit_images\track_b_external\tomato\Tomato___Leaf_Mold\pak_IMG-20240724-WA0016.jpg,Tomato,Tomato___Leaf_Mold,Tomato_Leaf_Disease_Dataset_Pakistan,Kaggle/Mendeley Pakistan Tomato Leaf Dataset (Farooq et al.),0ff53119baecdfb130329eb982844dd801e553f8494bca9af3ed193e9bc4b5d9,True
D:\CropDiseaseProject\results\model_robustness_audit\audit_images\track_b_external\tomato\Tomato___Leaf_Mold\pak_IMG-20240724-WA0019.jpg,results\model_robustness_audit\audit_images\track_b_external\tomato\Tomato___Leaf_Mold\pak_IMG-20240724-WA0019.jpg,Tomato,Tomato___Leaf_Mold,Tomato_Leaf_Disease_Dataset_Pakistan,Kaggle/Mendeley Pakistan Tomato Leaf Dataset (Farooq et al.),e3434d720e0e9d66f37d0de841f2aebf862e3d8fc43650f5abd211a8e2552c91,True
D:\CropDiseaseProject\results\model_robustness_audit\audit_images\track_b_external\tomato\Tomato___Leaf_Mold\pak_IMG-20240724-WA0020.jpg,results\model_robustness_audit\audit_images\track_b_external\tomato\Tomato___Leaf_Mold\pak_IMG-20240724-WA0020.jpg,Tomato,Tomato___Leaf_Mold,Tomato_Leaf_Disease_Dataset_Pakistan,Kaggle/Mendeley Pakistan Tomato Leaf Dataset (Farooq et al.),ee00a05701a02e70721424802a5b11d26242a6550fb80c70067179e060b64ee8,True
D:\CropDiseaseProject\results\model_robustness_audit\audit_images\track_b_external\tomato\Tomato___Leaf_Mold\pak_IMG-20240724-WA0022.jpg,results\model_robustness_audit\audit_images\track_b_external\tomato\Tomato___Leaf_Mold\pak_IMG-20240724-WA0022.jpg,Tomato,Tomato___Leaf_Mold,Tomato_Leaf_Disease_Dataset_Pakistan,Kaggle/Mendeley Pakistan Tomato Leaf Dataset (Farooq et al.),5bb6ccbb3f68a839fe80ad788ecf23cf3fc9f2b4e00de3da550d2821c1a8146a,True
D:\CropDiseaseProject\results\model_robustness_audit\audit_images\track_b_external\tomato\Tomato___Leaf_Mold\pak_IMG-20240724-WA0023.jpg,results\model_robustness_audit\audit_images\track_b_external\tomato\Tomato___Leaf_Mold\pak_IMG-20240724-WA0023.jpg,Tomato,Tomato___Leaf_Mold,Tomato_Leaf_Disease_Dataset_Pakistan,Kaggle/Mendeley Pakistan Tomato Leaf Dataset (Farooq et al.),a80295cfa5303d6e79b95e00741c5ddf0b5e8c80ce840bd1ed3bd68e6b2d74c4,True
D:\CropDiseaseProject\results\model_robustness_audit\audit_images\track_b_external\tomato\Tomato___Leaf_Mold\pak_IMG-20240724-WA0024.jpg,results\model_robustness_audit\audit_images\track_b_external\tomato\Tomato___Leaf_Mold\pak_IMG-20240724-WA0024.jpg,Tomato,Tomato___Leaf_Mold,Tomato_Leaf_Disease_Dataset_Pakistan,Kaggle/Mendeley Pakistan Tomato Leaf Dataset (Farooq et al.),da9a25007c87ca1da6f33bc92841833338d47e539697c5f19d4c18c2e7f2794d,True
D:\CropDiseaseProject\results\model_robustness_audit\audit_images\track_b_external\tomato\Tomato___Leaf_Mold\pak_IMG-20240724-WA0025.jpg,results\model_robustness_audit\audit_images\track_b_external\tomato\Tomato___Leaf_Mold\pak_IMG-20240724-WA0025.jpg,Tomato,Tomato___Leaf_Mold,Tomato_Leaf_Disease_Dataset_Pakistan,Kaggle/Mendeley Pakistan Tomato Leaf Dataset (Farooq et al.),f60a5a4051609b7af25d5188a796135850dda296ed5e2ad4e0561baab71cd3f7,True
D:\CropDiseaseProject\results\model_robustness_audit\audit_images\track_b_external\tomato\Tomato___Leaf_Mold\pak_IMG-20240724-WA0044.jpg,results\model_robustness_audit\audit_images\track_b_external\tomato\Tomato___Leaf_Mold\pak_IMG-20240724-WA0044.jpg,Tomato,Tomato___Leaf_Mold,Tomato_Leaf_Disease_Dataset_Pakistan,Kaggle/Mendeley Pakistan Tomato Leaf Dataset (Farooq et al.),ef055b7d57c8d71fef553efa1d9afd0d51d80c01364d9b8c411309dba13d7a1f,True
D:\CropDiseaseProject\results\model_robustness_audit\audit_images\track_b_external\tomato\Tomato___Leaf_Mold\pak_IMG-20240724-WA0045.jpg,results\model_robustness_audit\audit_images\track_b_external\tomato\Tomato___Leaf_Mold\pak_IMG-20240724-WA0045.jpg,Tomato,Tomato___Leaf_Mold,Tomato_Leaf_Disease_Dataset_Pakistan,Kaggle/Mendeley Pakistan Tomato Leaf Dataset (Farooq et al.),5eb5873e20b761eaceaa7bd8d24f805c6016e302113bd0d39fcbcacf3024fe64,True
D:\CropDiseaseProject\results\model_robustness_audit\audit_images\track_b_external\tomato\Tomato___Leaf_Mold\pak_IMG-20240724-WA0049.jpg,results\model_robustness_audit\audit_images\track_b_external\tomato\Tomato___Leaf_Mold\pak_IMG-20240724-WA0049.jpg,Tomato,Tomato___Leaf_Mold,Tomato_Leaf_Disease_Dataset_Pakistan,Kaggle/Mendeley Pakistan Tomato Leaf Dataset (Farooq et al.),4b8f5fb90754d30a200db3e6391f650f8a27c1fa68afce989373387dda34e651,True
D:\CropDiseaseProject\results\model_robustness_audit\audit_images\track_b_external\tomato\Tomato___Leaf_Mold\pak_IMG-20240724-WA0052.jpg,results\model_robustness_audit\audit_images\track_b_external\tomato\Tomato___Leaf_Mold\pak_IMG-20240724-WA0052.jpg,Tomato,Tomato___Leaf_Mold,Tomato_Leaf_Disease_Dataset_Pakistan,Kaggle/Mendeley Pakistan Tomato Leaf Dataset (Farooq et al.),01bb5ddf3f27378e44b0132cf222585b9ee4b3e7262845ba73fea512fee07652,True
D:\CropDiseaseProject\results\model_robustness_audit\audit_images\track_b_external\tomato\Tomato___Leaf_Mold\pak_IMG-20240724-WA0053.jpg,results\model_robustness_audit\audit_images\track_b_external\tomato\Tomato___Leaf_Mold\pak_IMG-20240724-WA0053.jpg,Tomato,Tomato___Leaf_Mold,Tomato_Leaf_Disease_Dataset_Pakistan,Kaggle/Mendeley Pakistan Tomato Leaf Dataset (Farooq et al.),b57d6b6b4e6a2d37688ca0d1e20a714123e7e447d31cfd39ea8bdb3ec90167aa,True
D:\CropDiseaseProject\results\model_robustness_audit\audit_images\track_b_external\tomato\Tomato___Leaf_Mold\pak_IMG-20240724-WA0055.jpg,results\model_robustness_audit\audit_images\track_b_external\tomato\Tomato___Leaf_Mold\pak_IMG-20240724-WA0055.jpg,Tomato,Tomato___Leaf_Mold,Tomato_Leaf_Disease_Dataset_Pakistan,Kaggle/Mendeley Pakistan Tomato Leaf Dataset (Farooq et al.),7981cc2e2129d0022211bed466303abd0d7c24968949955530177089332ee49b,True
D:\CropDiseaseProject\results\model_robustness_audit\audit_images\track_b_external\tomato\Tomato___Leaf_Mold\pak_IMG-20240724-WA0063.jpg,results\model_robustness_audit\audit_images\track_b_external\tomato\Tomato___Leaf_Mold\pak_IMG-20240724-WA0063.jpg,Tomato,Tomato___Leaf_Mold,Tomato_Leaf_Disease_Dataset_Pakistan,Kaggle/Mendeley Pakistan Tomato Leaf Dataset (Farooq et al.),d731a015f0d65d1b79356fea0971f61464a1cc97bc33ebd5825c3a1d523cf746,True
D:\CropDiseaseProject\results\model_robustness_audit\audit_images\track_b_external\tomato\Tomato___Leaf_Mold\pak_IMG-20240724-WA0065.jpg,results\model_robustness_audit\audit_images\track_b_external\tomato\Tomato___Leaf_Mold\pak_IMG-20240724-WA0065.jpg,Tomato,Tomato___Leaf_Mold,Tomato_Leaf_Disease_Dataset_Pakistan,Kaggle/Mendeley Pakistan Tomato Leaf Dataset (Farooq et al.),741ff1d7c3ae9f3a7c8c5901b5d6a3bf8b40267f46bca290bce983c0306f9d09,True
D:\CropDiseaseProject\results\model_robustness_audit\audit_images\track_b_external\tomato\Tomato___Leaf_Mold\pak_IMG-20240724-WA0068.jpg,results\model_robustness_audit\audit_images\track_b_external\tomato\Tomato___Leaf_Mold\pak_IMG-20240724-WA0068.jpg,Tomato,Tomato___Leaf_Mold,Tomato_Leaf_Disease_Dataset_Pakistan,Kaggle/Mendeley Pakistan Tomato Leaf Dataset (Farooq et al.),19975f26da3f24323a4dbbc5adb3dd5d427674d2e0309269c6fddaddc01ea328,True
D:\CropDiseaseProject\results\model_robustness_audit\audit_images\track_b_external\tomato\Tomato___Leaf_Mold\pak_IMG-20240724-WA0071.jpg,results\model_robustness_audit\audit_images\track_b_external\tomato\Tomato___Leaf_Mold\pak_IMG-20240724-WA0071.jpg,Tomato,Tomato___Leaf_Mold,Tomato_Leaf_Disease_Dataset_Pakistan,Kaggle/Mendeley Pakistan Tomato Leaf Dataset (Farooq et al.),5ceb3b90090a0a7cdb8ffc8cda9376dff0b07fa9e3c5e4257f25e8fdb9b7874c,True
D:\CropDiseaseProject\results\model_robustness_audit\audit_images\track_b_external\tomato\Tomato___Leaf_Mold\pak_IMG-20240724-WA0072.jpg,results\model_robustness_audit\audit_images\track_b_external\tomato\Tomato___Leaf_Mold\pak_IMG-20240724-WA0072.jpg,Tomato,Tomato___Leaf_Mold,Tomato_Leaf_Disease_Dataset_Pakistan,Kaggle/Mendeley Pakistan Tomato Leaf Dataset (Farooq et al.),4991ecf5308abcf1628c6dce4b845f3d0d3d4ea8083e15ee4435d3d651878968,True
D:\CropDiseaseProject\results\model_robustness_audit\audit_images\track_b_external\tomato\Tomato___Septoria_leaf_spot\pak_1058_0.jpeg_itok=OQkdtxgv.jpg,results\model_robustness_audit\audit_images\track_b_external\tomato\Tomato___Septoria_leaf_spot\pak_1058_0.jpeg_itok=OQkdtxgv.jpg,Tomato,Tomato___Septoria_leaf_spot,Tomato_Leaf_Disease_Dataset_Pakistan,Kaggle/Mendeley Pakistan Tomato Leaf Dataset (Farooq et al.),76768246f4d25f6a8acb5ca05f3c5e2f0bfe4804f8ec61ab7d5948d2e4419ab9,True
D:\CropDiseaseProject\results\model_robustness_audit\audit_images\track_b_external\tomato\Tomato___Septoria_leaf_spot\pak_128110613-56a6d3633df78cf7729070ad.jpg,results\model_robustness_audit\audit_images\track_b_external\tomato\Tomato___Septoria_leaf_spot\pak_128110613-56a6d3633df78cf7729070ad.jpg,Tomato,Tomato___Septoria_leaf_spot,Tomato_Leaf_Disease_Dataset_Pakistan,Kaggle/Mendeley Pakistan Tomato Leaf Dataset (Farooq et al.),9b6ce8f0e3b4cfd7bb9f4235ef5cff30f7a3d1da27be970612424a0ae1b3c5ef,True
D:\CropDiseaseProject\results\model_robustness_audit\audit_images\track_b_external\tomato\Tomato___Septoria_leaf_spot\pak_12July_mwnews_3-C.jpg,results\model_robustness_audit\audit_images\track_b_external\tomato\Tomato___Septoria_leaf_spot\pak_12July_mwnews_3-C.jpg,Tomato,Tomato___Septoria_leaf_spot,Tomato_Leaf_Disease_Dataset_Pakistan,Kaggle/Mendeley Pakistan Tomato Leaf Dataset (Farooq et al.),9d371a6c63fb291698ee47aa1c65fb0d2abb751b44df44db1c7570bc3f7a1f05,True
D:\CropDiseaseProject\results\model_robustness_audit\audit_images\track_b_external\tomato\Tomato___Septoria_leaf_spot\pak_140714+%2811%29.JPG.jpg,results\model_robustness_audit\audit_images\track_b_external\tomato\Tomato___Septoria_leaf_spot\pak_140714+%2811%29.JPG.jpg,Tomato,Tomato___Septoria_leaf_spot,Tomato_Leaf_Disease_Dataset_Pakistan,Kaggle/Mendeley Pakistan Tomato Leaf Dataset (Farooq et al.),415d67394b5ba63eeb5eb3e3c2b5bad457545ab95d36e371e668b932efc2fb54,True
D:\CropDiseaseProject\results\model_robustness_audit\audit_images\track_b_external\tomato\Tomato___Septoria_leaf_spot\pak_1723454505812.jpg,results\model_robustness_audit\audit_images\track_b_external\tomato\Tomato___Septoria_leaf_spot\pak_1723454505812.jpg,Tomato,Tomato___Septoria_leaf_spot,Tomato_Leaf_Disease_Dataset_Pakistan,Kaggle/Mendeley Pakistan Tomato Leaf Dataset (Farooq et al.),fe322c4e3226421dfd305c7e217052728a509db2930f04c6b9f3fe90ae8cbaed,True
D:\CropDiseaseProject\results\model_robustness_audit\audit_images\track_b_external\tomato\Tomato___Septoria_leaf_spot\pak_1723454507354.jpg,results\model_robustness_audit\audit_images\track_b_external\tomato\Tomato___Septoria_leaf_spot\pak_1723454507354.jpg,Tomato,Tomato___Septoria_leaf_spot,Tomato_Leaf_Disease_Dataset_Pakistan,Kaggle/Mendeley Pakistan Tomato Leaf Dataset (Farooq et al.),2ce45be86100ed5e8cc474c9bce79c44791e2d1fa3593549065e9fe766fb02e9,True
D:\CropDiseaseProject\results\model_robustness_audit\audit_images\track_b_external\tomato\Tomato___Septoria_leaf_spot\pak_1723454507465.jpg,results\model_robustness_audit\audit_images\track_b_external\tomato\Tomato___Septoria_leaf_spot\pak_1723454507465.jpg,Tomato,Tomato___Septoria_leaf_spot,Tomato_Leaf_Disease_Dataset_Pakistan,Kaggle/Mendeley Pakistan Tomato Leaf Dataset (Farooq et al.),bace47f5ec82591395af5f9054c25251ece2407e9c575b394dcc319ad75d0342,True
D:\CropDiseaseProject\results\model_robustness_audit\audit_images\track_b_external\tomato\Tomato___Septoria_leaf_spot\pak_1723454507962.jpg,results\model_robustness_audit\audit_images\track_b_external\tomato\Tomato___Septoria_leaf_spot\pak_1723454507962.jpg,Tomato,Tomato___Septoria_leaf_spot,Tomato_Leaf_Disease_Dataset_Pakistan,Kaggle/Mendeley Pakistan Tomato Leaf Dataset (Farooq et al.),2fac967a5d8e49caecb48fef662388fb314048704db2c0d5b91887c53cae02c2,True
D:\CropDiseaseProject\results\model_robustness_audit\audit_images\track_b_external\tomato\Tomato___Septoria_leaf_spot\pak_1b.jpg,results\model_robustness_audit\audit_images\track_b_external\tomato\Tomato___Septoria_leaf_spot\pak_1b.jpg,Tomato,Tomato___Septoria_leaf_spot,Tomato_Leaf_Disease_Dataset_Pakistan,Kaggle/Mendeley Pakistan Tomato Leaf Dataset (Farooq et al.),2ba273ad1fa959fd5705eb4274baecadf5c39a55d54f39a4344edaedc4f53f7d,True
D:\CropDiseaseProject\results\model_robustness_audit\audit_images\track_b_external\tomato\Tomato___Septoria_leaf_spot\pak_1c421500ddd390c90596ad2cf12d5429.jpg,results\model_robustness_audit\audit_images\track_b_external\tomato\Tomato___Septoria_leaf_spot\pak_1c421500ddd390c90596ad2cf12d5429.jpg,Tomato,Tomato___Septoria_leaf_spot,Tomato_Leaf_Disease_Dataset_Pakistan,Kaggle/Mendeley Pakistan Tomato Leaf Dataset (Farooq et al.),31a8c886603b4e14ea3d20bb67ce59389da1b0f684b3284505621ecb7161e236,True
D:\CropDiseaseProject\results\model_robustness_audit\audit_images\track_b_external\tomato\Tomato___Septoria_leaf_spot\pak_20809116-standard.jpg,results\model_robustness_audit\audit_images\track_b_external\tomato\Tomato___Septoria_leaf_spot\pak_20809116-standard.jpg,Tomato,Tomato___Septoria_leaf_spot,Tomato_Leaf_Disease_Dataset_Pakistan,Kaggle/Mendeley Pakistan Tomato Leaf Dataset (Farooq et al.),68a214f97d997eb65dc191ff009ef9cfe6dab7b6f569c4beac2cd2be4f8950f8,True
D:\CropDiseaseProject\results\model_robustness_audit\audit_images\track_b_external\tomato\Tomato___Septoria_leaf_spot\pak_4853086777_bc41d29801.jpg,results\model_robustness_audit\audit_images\track_b_external\tomato\Tomato___Septoria_leaf_spot\pak_4853086777_bc41d29801.jpg,Tomato,Tomato___Septoria_leaf_spot,Tomato_Leaf_Disease_Dataset_Pakistan,Kaggle/Mendeley Pakistan Tomato Leaf Dataset (Farooq et al.),7b44d0636ca3600d5b7dbeef3b51e251893067ac78b22e85440cb23815967598,True
D:\CropDiseaseProject\results\model_robustness_audit\audit_images\track_b_external\tomato\Tomato___Septoria_leaf_spot\pak_49-Septoria-leaf-spot.jpg,results\model_robustness_audit\audit_images\track_b_external\tomato\Tomato___Septoria_leaf_spot\pak_49-Septoria-leaf-spot.jpg,Tomato,Tomato___Septoria_leaf_spot,Tomato_Leaf_Disease_Dataset_Pakistan,Kaggle/Mendeley Pakistan Tomato Leaf Dataset (Farooq et al.),fc1dd18fde4b5e52b40149547a94149c8248fe5d4735ad212ba5604a11953ac9,True
D:\CropDiseaseProject\results\model_robustness_audit\audit_images\track_b_external\tomato\Tomato___Septoria_leaf_spot\pak_5008922249_880e15c21f.jpg,results\model_robustness_audit\audit_images\track_b_external\tomato\Tomato___Septoria_leaf_spot\pak_5008922249_880e15c21f.jpg,Tomato,Tomato___Septoria_leaf_spot,Tomato_Leaf_Disease_Dataset_Pakistan,Kaggle/Mendeley Pakistan Tomato Leaf Dataset (Farooq et al.),58d1e1c5162aa77793d860f9f2cb0ee45e4bf9123ac33980ab87719ca9ba3b4a,True
D:\CropDiseaseProject\results\model_robustness_audit\audit_images\track_b_external\tomato\Tomato___Septoria_leaf_spot\pak_5454635393351680.jpeg.jpg,results\model_robustness_audit\audit_images\track_b_external\tomato\Tomato___Septoria_leaf_spot\pak_5454635393351680.jpeg.jpg,Tomato,Tomato___Septoria_leaf_spot,Tomato_Leaf_Disease_Dataset_Pakistan,Kaggle/Mendeley Pakistan Tomato Leaf Dataset (Farooq et al.),2d1dd4ee62ac32d32a27772ca50d261ad1d8484f7d2866fc378e4c82d2c9a183,True
D:\CropDiseaseProject\results\model_robustness_audit\audit_images\track_b_external\tomato\Tomato___Septoria_leaf_spot\pak_5775225744523264.jpeg.jpg,results\model_robustness_audit\audit_images\track_b_external\tomato\Tomato___Septoria_leaf_spot\pak_5775225744523264.jpeg.jpg,Tomato,Tomato___Septoria_leaf_spot,Tomato_Leaf_Disease_Dataset_Pakistan,Kaggle/Mendeley Pakistan Tomato Leaf Dataset (Farooq et al.),94a8ea8452cec2540ead310d93a6375e371b9b7e5077b7614044ec430a03606e,True
D:\CropDiseaseProject\results\model_robustness_audit\audit_images\track_b_external\tomato\Tomato___Septoria_leaf_spot\pak_5866245865865216.jpeg.jpg,results\model_robustness_audit\audit_images\track_b_external\tomato\Tomato___Septoria_leaf_spot\pak_5866245865865216.jpeg.jpg,Tomato,Tomato___Septoria_leaf_spot,Tomato_Leaf_Disease_Dataset_Pakistan,Kaggle/Mendeley Pakistan Tomato Leaf Dataset (Farooq et al.),2eeff12c4b6713ac39e44150ad91538626044a11610c33738c2b5ef4773ff70e,True
D:\CropDiseaseProject\results\model_robustness_audit\audit_images\track_b_external\tomato\Tomato___Septoria_leaf_spot\pak_5c77186a4ea326e5495c9d03cd89ce16.jpg,results\model_robustness_audit\audit_images\track_b_external\tomato\Tomato___Septoria_leaf_spot\pak_5c77186a4ea326e5495c9d03cd89ce16.jpg,Tomato,Tomato___Septoria_leaf_spot,Tomato_Leaf_Disease_Dataset_Pakistan,Kaggle/Mendeley Pakistan Tomato Leaf Dataset (Farooq et al.),4e8b0be6e1ebb25c470537f1601dd510bf7aefe99e3236b70a3ec90e247d69f7,True
D:\CropDiseaseProject\results\model_robustness_audit\audit_images\track_b_external\tomato\Tomato___Septoria_leaf_spot\pak_6+1+09+019.jpg,results\model_robustness_audit\audit_images\track_b_external\tomato\Tomato___Septoria_leaf_spot\pak_6+1+09+019.jpg,Tomato,Tomato___Septoria_leaf_spot,Tomato_Leaf_Disease_Dataset_Pakistan,Kaggle/Mendeley Pakistan Tomato Leaf Dataset (Farooq et al.),d9970657c1755a2ff6803e6f238a1a9a3d3ec835eda621404e22cff9ab8b153b,True
D:\CropDiseaseProject\results\model_robustness_audit\audit_images\track_b_external\tomato\Tomato___Septoria_leaf_spot\pak_6078710516023296.jpeg.jpg,results\model_robustness_audit\audit_images\track_b_external\tomato\Tomato___Septoria_leaf_spot\pak_6078710516023296.jpeg.jpg,Tomato,Tomato___Septoria_leaf_spot,Tomato_Leaf_Disease_Dataset_Pakistan,Kaggle/Mendeley Pakistan Tomato Leaf Dataset (Farooq et al.),7da5d22387c0bed19befb6abef6adfafc3b790607594832d8a224a36a948b918,True
D:\CropDiseaseProject\results\model_robustness_audit\audit_images\track_b_external\tomato\Tomato___Septoria_leaf_spot\pak_6242739939180544.jpeg.jpg,results\model_robustness_audit\audit_images\track_b_external\tomato\Tomato___Septoria_leaf_spot\pak_6242739939180544.jpeg.jpg,Tomato,Tomato___Septoria_leaf_spot,Tomato_Leaf_Disease_Dataset_Pakistan,Kaggle/Mendeley Pakistan Tomato Leaf Dataset (Farooq et al.),386c07ac0ead76fb91a38688798c9572dc4798693365a39f661e2618ac1476f7,True
D:\CropDiseaseProject\results\model_robustness_audit\audit_images\track_b_external\tomato\Tomato___Septoria_leaf_spot\pak_6336392950972416.jpeg.jpg,results\model_robustness_audit\audit_images\track_b_external\tomato\Tomato___Septoria_leaf_spot\pak_6336392950972416.jpeg.jpg,Tomato,Tomato___Septoria_leaf_spot,Tomato_Leaf_Disease_Dataset_Pakistan,Kaggle/Mendeley Pakistan Tomato Leaf Dataset (Farooq et al.),f97eba2bde35021e63dda68ddcf0160aa8070142ed5654308bf58d411ebd26d7,True
D:\CropDiseaseProject\results\model_robustness_audit\audit_images\track_b_external\tomato\Tomato___Septoria_leaf_spot\pak_66e7583ebe11cf0bd06435e4167bd4fd.jpg,results\model_robustness_audit\audit_images\track_b_external\tomato\Tomato___Septoria_leaf_spot\pak_66e7583ebe11cf0bd06435e4167bd4fd.jpg,Tomato,Tomato___Septoria_leaf_spot,Tomato_Leaf_Disease_Dataset_Pakistan,Kaggle/Mendeley Pakistan Tomato Leaf Dataset (Farooq et al.),f375f980eed0aa524b8130d0449c8239620f302593a65befbe083cb1808353bc,True
D:\CropDiseaseProject\results\model_robustness_audit\audit_images\track_b_external\tomato\Tomato___Septoria_leaf_spot\pak_71c944d61b08f6373a9a38d3c250cb2e_jpg.rf.a329e53178be5dc3b85f3a36074cfae7.jpg,results\model_robustness_audit\audit_images\track_b_external\tomato\Tomato___Septoria_leaf_spot\pak_71c944d61b08f6373a9a38d3c250cb2e_jpg.rf.a329e53178be5dc3b85f3a36074cfae7.jpg,Tomato,Tomato___Septoria_leaf_spot,Tomato_Leaf_Disease_Dataset_Pakistan,Kaggle/Mendeley Pakistan Tomato Leaf Dataset (Farooq et al.),9d5ff5b9cf9d9b9600be4ba08f659861ff66f5a1e62240ec67c7be8828045d1f,True
D:\CropDiseaseProject\results\model_robustness_audit\audit_images\track_b_external\tomato\Tomato___Septoria_leaf_spot\pak_BCH%20medium%20thumbnail%20for%20upload%20%2861%29.jpg,results\model_robustness_audit\audit_images\track_b_external\tomato\Tomato___Septoria_leaf_spot\pak_BCH%20medium%20thumbnail%20for%20upload%20%2861%29.jpg,Tomato,Tomato___Septoria_leaf_spot,Tomato_Leaf_Disease_Dataset_Pakistan,Kaggle/Mendeley Pakistan Tomato Leaf Dataset (Farooq et al.),f645b9bf98b04eb4b3b9eb676f0522b16717429d0e4ebd5837febd681bfdbd4c,True
D:\CropDiseaseProject\results\model_robustness_audit\audit_images\track_b_external\tomato\Tomato___Septoria_leaf_spot\pak_Bean-rust-on-leaves.jpg,results\model_robustness_audit\audit_images\track_b_external\tomato\Tomato___Septoria_leaf_spot\pak_Bean-rust-on-leaves.jpg,Tomato,Tomato___Septoria_leaf_spot,Tomato_Leaf_Disease_Dataset_Pakistan,Kaggle/Mendeley Pakistan Tomato Leaf Dataset (Farooq et al.),85b702cb6875f9eb76b00332ac5205d46056302b38618912090b3952a82f8779,True
D:\CropDiseaseProject\results\model_robustness_audit\audit_images\track_b_external\tomato\Tomato___Septoria_leaf_spot\pak_EB_(16).jpg,results\model_robustness_audit\audit_images\track_b_external\tomato\Tomato___Septoria_leaf_spot\pak_EB_(16).jpg,Tomato,Tomato___Septoria_leaf_spot,Tomato_Leaf_Disease_Dataset_Pakistan,Kaggle/Mendeley Pakistan Tomato Leaf Dataset (Farooq et al.),ad58b81b4efb75dab014cfd52f1a36f5a6aa5cccb2459f4a08fed3478bf0017b,True
D:\CropDiseaseProject\results\model_robustness_audit\audit_images\track_b_external\tomato\Tomato___Septoria_leaf_spot\pak_EB_(22).jpg,results\model_robustness_audit\audit_images\track_b_external\tomato\Tomato___Septoria_leaf_spot\pak_EB_(22).jpg,Tomato,Tomato___Septoria_leaf_spot,Tomato_Leaf_Disease_Dataset_Pakistan,Kaggle/Mendeley Pakistan Tomato Leaf Dataset (Farooq et al.),375244fd47978c73c1c7da2afb50df359e8b496cb20500f09ed02fa984e3ad62,True
D:\CropDiseaseProject\results\model_robustness_audit\audit_images\track_b_external\tomato\Tomato___Septoria_leaf_spot\pak_EB_(23).jpg,results\model_robustness_audit\audit_images\track_b_external\tomato\Tomato___Septoria_leaf_spot\pak_EB_(23).jpg,Tomato,Tomato___Septoria_leaf_spot,Tomato_Leaf_Disease_Dataset_Pakistan,Kaggle/Mendeley Pakistan Tomato Leaf Dataset (Farooq et al.),1989e34c3dd3cdf8d2867d6f2e8cfd0f8f45ab096264856776b049b243489396,True
D:\CropDiseaseProject\results\model_robustness_audit\audit_images\track_b_external\tomato\Tomato___Septoria_leaf_spot\pak_EB_(969).jpg,results\model_robustness_audit\audit_images\track_b_external\tomato\Tomato___Septoria_leaf_spot\pak_EB_(969).jpg,Tomato,Tomato___Septoria_leaf_spot,Tomato_Leaf_Disease_Dataset_Pakistan,Kaggle/Mendeley Pakistan Tomato Leaf Dataset (Farooq et al.),e6893f4af1ef2017d83bb63b027397b20d3d519592db2a46777b09d942786275,True
D:\CropDiseaseProject\results\model_robustness_audit\audit_images\track_b_external\tomato\Tomato___Bacterial_spot\plantdoc_05-069f1.jpg,results\model_robustness_audit\audit_images\track_b_external\tomato\Tomato___Bacterial_spot\plantdoc_05-069f1.jpg,Tomato,Tomato___Bacterial_spot,PlantDoc-Dataset,"Singh et al., PlantDoc: A Dataset for Visual Plant Disease Detection in Natural Field Conditions, ACM CoNEXT 2019",af89fc57e6dc5f105682bf3366e601e41406817bbea5afe180f3562b4aab5114,True
D:\CropDiseaseProject\results\model_robustness_audit\audit_images\track_b_external\tomato\Tomato___Bacterial_spot\plantdoc_05-069f12.jpg,results\model_robustness_audit\audit_images\track_b_external\tomato\Tomato___Bacterial_spot\plantdoc_05-069f12.jpg,Tomato,Tomato___Bacterial_spot,PlantDoc-Dataset,"Singh et al., PlantDoc: A Dataset for Visual Plant Disease Detection in Natural Field Conditions, ACM CoNEXT 2019",95a9c6ab4bf076ba3f77c11e0a5b65b5cbda0924990158ddf04e995e9ad9b6f5,True
D:\CropDiseaseProject\results\model_robustness_audit\audit_images\track_b_external\tomato\Tomato___Bacterial_spot\plantdoc_05-069f9.jpg,results\model_robustness_audit\audit_images\track_b_external\tomato\Tomato___Bacterial_spot\plantdoc_05-069f9.jpg,Tomato,Tomato___Bacterial_spot,PlantDoc-Dataset,"Singh et al., PlantDoc: A Dataset for Visual Plant Disease Detection in Natural Field Conditions, ACM CoNEXT 2019",ef8fbeff2c3c0638d7b16a232fcb5983851b3df4ec9a44010912089fd7211316,True
D:\CropDiseaseProject\results\model_robustness_audit\audit_images\track_b_external\tomato\Tomato___Bacterial_spot\plantdoc_10-3-bacterial-speck-on-tomato-RON.jpg,results\model_robustness_audit\audit_images\track_b_external\tomato\Tomato___Bacterial_spot\plantdoc_10-3-bacterial-speck-on-tomato-RON.jpg,Tomato,Tomato___Bacterial_spot,PlantDoc-Dataset,"Singh et al., PlantDoc: A Dataset for Visual Plant Disease Detection in Natural Field Conditions, ACM CoNEXT 2019",509fcba9727f69d69bc217dbfa7e8203e67b4739b8ae836d0b1978f008d7960d,True
D:\CropDiseaseProject\results\model_robustness_audit\audit_images\track_b_external\tomato\Tomato___Bacterial_spot\plantdoc_110608-01-8356c-lg.jpg,results\model_robustness_audit\audit_images\track_b_external\tomato\Tomato___Bacterial_spot\plantdoc_110608-01-8356c-lg.jpg,Tomato,Tomato___Bacterial_spot,PlantDoc-Dataset,"Singh et al., PlantDoc: A Dataset for Visual Plant Disease Detection in Natural Field Conditions, ACM CoNEXT 2019",73715afcb46446f61d12cf201809f158c1cc62f0578cbe1ed1a1ed42bc269125,True
D:\CropDiseaseProject\results\model_robustness_audit\audit_images\track_b_external\tomato\Tomato___Bacterial_spot\plantdoc_13582051_f520.jpg,results\model_robustness_audit\audit_images\track_b_external\tomato\Tomato___Bacterial_spot\plantdoc_13582051_f520.jpg,Tomato,Tomato___Bacterial_spot,PlantDoc-Dataset,"Singh et al., PlantDoc: A Dataset for Visual Plant Disease Detection in Natural Field Conditions, ACM CoNEXT 2019",81bac0a41b4adeb1264055b30f0c3910c7e915880fac3e52b29b38ca612f8456,True
D:\CropDiseaseProject\results\model_robustness_audit\audit_images\track_b_external\tomato\Tomato___Bacterial_spot\plantdoc_250_cb_20100819110637.jpg,results\model_robustness_audit\audit_images\track_b_external\tomato\Tomato___Bacterial_spot\plantdoc_250_cb_20100819110637.jpg,Tomato,Tomato___Bacterial_spot,PlantDoc-Dataset,"Singh et al., PlantDoc: A Dataset for Visual Plant Disease Detection in Natural Field Conditions, ACM CoNEXT 2019",2d25dc83d793494f55bd1174b7f196ea0dd8ea9a2750ff1f58ceb6ccd4ed73d8,True
D:\CropDiseaseProject\results\model_robustness_audit\audit_images\track_b_external\tomato\Tomato___Bacterial_spot\plantdoc_266914753eb19d87b80567baed1a0f66.jpg,results\model_robustness_audit\audit_images\track_b_external\tomato\Tomato___Bacterial_spot\plantdoc_266914753eb19d87b80567baed1a0f66.jpg,Tomato,Tomato___Bacterial_spot,PlantDoc-Dataset,"Singh et al., PlantDoc: A Dataset for Visual Plant Disease Detection in Natural Field Conditions, ACM CoNEXT 2019",430fd0b508350dcb3013fb773ea273b4efb6c1abca487a8a0686537c33be5e24,True
D:\CropDiseaseProject\results\model_robustness_audit\audit_images\track_b_external\tomato\Tomato___Bacterial_spot\plantdoc_30290.jpg,results\model_robustness_audit\audit_images\track_b_external\tomato\Tomato___Bacterial_spot\plantdoc_30290.jpg,Tomato,Tomato___Bacterial_spot,PlantDoc-Dataset,"Singh et al., PlantDoc: A Dataset for Visual Plant Disease Detection in Natural Field Conditions, ACM CoNEXT 2019",d8227ac67f714be5fe44607769df4b670dd60c3df698737b45560243c40be457,True
D:\CropDiseaseProject\results\model_robustness_audit\audit_images\track_b_external\tomato\Tomato___Bacterial_spot\plantdoc_3182.jpg,results\model_robustness_audit\audit_images\track_b_external\tomato\Tomato___Bacterial_spot\plantdoc_3182.jpg,Tomato,Tomato___Bacterial_spot,PlantDoc-Dataset,"Singh et al., PlantDoc: A Dataset for Visual Plant Disease Detection in Natural Field Conditions, ACM CoNEXT 2019",90b0a3c33a0bf595acbac5748fd97854690b27a80ac95e1bbdc95c5c8955112f,True
D:\CropDiseaseProject\results\model_robustness_audit\audit_images\track_b_external\tomato\Tomato___Bacterial_spot\plantdoc_38849847120_7ae02bd6c3_b.jpg,results\model_robustness_audit\audit_images\track_b_external\tomato\Tomato___Bacterial_spot\plantdoc_38849847120_7ae02bd6c3_b.jpg,Tomato,Tomato___Bacterial_spot,PlantDoc-Dataset,"Singh et al., PlantDoc: A Dataset for Visual Plant Disease Detection in Natural Field Conditions, ACM CoNEXT 2019",246e987e63742f3418af56e388bdf5d2bcb0ebdf284b51aad750886714835294,True
D:\CropDiseaseProject\results\model_robustness_audit\audit_images\track_b_external\tomato\Tomato___Bacterial_spot\plantdoc_39765006175_e2f0da764d_b.jpg,results\model_robustness_audit\audit_images\track_b_external\tomato\Tomato___Bacterial_spot\plantdoc_39765006175_e2f0da764d_b.jpg,Tomato,Tomato___Bacterial_spot,PlantDoc-Dataset,"Singh et al., PlantDoc: A Dataset for Visual Plant Disease Detection in Natural Field Conditions, ACM CoNEXT 2019",6b0da82469b58b768b1a49d0bb00f710b8b90aacdafc860f3b79afa3263217e6,True
D:\CropDiseaseProject\results\model_robustness_audit\audit_images\track_b_external\tomato\Tomato___Bacterial_spot\plantdoc_3bacterial-canker1.jpg,results\model_robustness_audit\audit_images\track_b_external\tomato\Tomato___Bacterial_spot\plantdoc_3bacterial-canker1.jpg,Tomato,Tomato___Bacterial_spot,PlantDoc-Dataset,"Singh et al., PlantDoc: A Dataset for Visual Plant Disease Detection in Natural Field Conditions, ACM CoNEXT 2019",6800aeb5aa057948a5e35a81c86797c864cb8d640efd6c53b2e80c09bd7cd755,True
D:\CropDiseaseProject\results\model_robustness_audit\audit_images\track_b_external\tomato\Tomato___Bacterial_spot\plantdoc_4-6_20Keep_20bacterial_20diseasesMARY_20-_20D.jpg,results\model_robustness_audit\audit_images\track_b_external\tomato\Tomato___Bacterial_spot\plantdoc_4-6_20Keep_20bacterial_20diseasesMARY_20-_20D.jpg,Tomato,Tomato___Bacterial_spot,PlantDoc-Dataset,"Singh et al., PlantDoc: A Dataset for Visual Plant Disease Detection in Natural Field Conditions, ACM CoNEXT 2019",0c8e75f2dd9733a21bfcd21d947261f8cc3b775e6840c21098c8951b4f2b0f1e,True
D:\CropDiseaseProject\results\model_robustness_audit\audit_images\track_b_external\tomato\Tomato___Bacterial_spot\plantdoc_5114949114265600-600x272.jpeg.jpg,results\model_robustness_audit\audit_images\track_b_external\tomato\Tomato___Bacterial_spot\plantdoc_5114949114265600-600x272.jpeg.jpg,Tomato,Tomato___Bacterial_spot,PlantDoc-Dataset,"Singh et al., PlantDoc: A Dataset for Visual Plant Disease Detection in Natural Field Conditions, ACM CoNEXT 2019",1d5bb4242bc6a9717124e5604408b3d8bdbd76a8d4d9bcc463421a9116d447c6,True
D:\CropDiseaseProject\results\model_robustness_audit\audit_images\track_b_external\tomato\Tomato___Bacterial_spot\plantdoc_59380.jpg,results\model_robustness_audit\audit_images\track_b_external\tomato\Tomato___Bacterial_spot\plantdoc_59380.jpg,Tomato,Tomato___Bacterial_spot,PlantDoc-Dataset,"Singh et al., PlantDoc: A Dataset for Visual Plant Disease Detection in Natural Field Conditions, ACM CoNEXT 2019",39f304b8ca118c553846dcb91e5b63e472fdc91531d907199f788973e703527f,True
D:\CropDiseaseProject\results\model_robustness_audit\audit_images\track_b_external\tomato\Tomato___Bacterial_spot\plantdoc_71c944d61b08f6373a9a38d3c250cb2e.jpg,results\model_robustness_audit\audit_images\track_b_external\tomato\Tomato___Bacterial_spot\plantdoc_71c944d61b08f6373a9a38d3c250cb2e.jpg,Tomato,Tomato___Bacterial_spot,PlantDoc-Dataset,"Singh et al., PlantDoc: A Dataset for Visual Plant Disease Detection in Natural Field Conditions, ACM CoNEXT 2019",0e85c5a4ff44b49c58499db420b64865edb02dd2a9b0ed42658f836268c08a98,True
D:\CropDiseaseProject\results\model_robustness_audit\audit_images\track_b_external\tomato\Tomato___Bacterial_spot\plantdoc_BCH_20medium_20thumbnail_20for_20upload_20_2814_29.jpg,results\model_robustness_audit\audit_images\track_b_external\tomato\Tomato___Bacterial_spot\plantdoc_BCH_20medium_20thumbnail_20for_20upload_20_2814_29.jpg,Tomato,Tomato___Bacterial_spot,PlantDoc-Dataset,"Singh et al., PlantDoc: A Dataset for Visual Plant Disease Detection in Natural Field Conditions, ACM CoNEXT 2019",89dfb16890bdf8ea7730d3d1e928782389d4fb0da4a1c4da0d04126b73971aaf,True
D:\CropDiseaseProject\results\model_robustness_audit\audit_images\track_b_external\tomato\Tomato___Bacterial_spot\plantdoc_BCH_20small_20thumbnail_20for_20upload_20_2814_29.jpg,results\model_robustness_audit\audit_images\track_b_external\tomato\Tomato___Bacterial_spot\plantdoc_BCH_20small_20thumbnail_20for_20upload_20_2814_29.jpg,Tomato,Tomato___Bacterial_spot,PlantDoc-Dataset,"Singh et al., PlantDoc: A Dataset for Visual Plant Disease Detection in Natural Field Conditions, ACM CoNEXT 2019",612630455bbc59fd566931f32feea6b0fc4dd6e7ae86f52155d3e46c55fc840b,True
D:\CropDiseaseProject\results\model_robustness_audit\audit_images\track_b_external\tomato\Tomato___Bacterial_spot\plantdoc_Bacterial_Speck_-_Tomatoes.jpg,results\model_robustness_audit\audit_images\track_b_external\tomato\Tomato___Bacterial_spot\plantdoc_Bacterial_Speck_-_Tomatoes.jpg,Tomato,Tomato___Bacterial_spot,PlantDoc-Dataset,"Singh et al., PlantDoc: A Dataset for Visual Plant Disease Detection in Natural Field Conditions, ACM CoNEXT 2019",8b3e1b52d29f9be2c3bc12faa448c74321693e51a20933a1f1fe552a97907140,True
D:\CropDiseaseProject\results\model_robustness_audit\audit_images\track_b_external\tomato\Tomato___Bacterial_spot\plantdoc_Bacterial_Spot_-_Tomatoes.jpg,results\model_robustness_audit\audit_images\track_b_external\tomato\Tomato___Bacterial_spot\plantdoc_Bacterial_Spot_-_Tomatoes.jpg,Tomato,Tomato___Bacterial_spot,PlantDoc-Dataset,"Singh et al., PlantDoc: A Dataset for Visual Plant Disease Detection in Natural Field Conditions, ACM CoNEXT 2019",f452e56a7e9f2c56264af79f08e03b712ea538db7e0db0a7a4a4933ade79df00,True
D:\CropDiseaseProject\results\model_robustness_audit\audit_images\track_b_external\tomato\Tomato___Bacterial_spot\plantdoc_Bacterial-Leaf-Spot-2.jpg,results\model_robustness_audit\audit_images\track_b_external\tomato\Tomato___Bacterial_spot\plantdoc_Bacterial-Leaf-Spot-2.jpg,Tomato,Tomato___Bacterial_spot,PlantDoc-Dataset,"Singh et al., PlantDoc: A Dataset for Visual Plant Disease Detection in Natural Field Conditions, ACM CoNEXT 2019",8fd0680f224379fd2015aff82f4b3c6d50b11dbac1c584752977215d60cfa3f0,True
D:\CropDiseaseProject\results\model_robustness_audit\audit_images\track_b_external\tomato\Tomato___Bacterial_spot\plantdoc_Bacterial-Spot-of-Tomato-Img-2.jpg,results\model_robustness_audit\audit_images\track_b_external\tomato\Tomato___Bacterial_spot\plantdoc_Bacterial-Spot-of-Tomato-Img-2.jpg,Tomato,Tomato___Bacterial_spot,PlantDoc-Dataset,"Singh et al., PlantDoc: A Dataset for Visual Plant Disease Detection in Natural Field Conditions, ACM CoNEXT 2019",234c89af82c798886e195ede818e0c906993f4f0095fb0e4fd6c1e5665320a68,True
D:\CropDiseaseProject\results\model_robustness_audit\audit_images\track_b_external\tomato\Tomato___Bacterial_spot\plantdoc_Bacterial-speck-tomato-leaves.jpg,results\model_robustness_audit\audit_images\track_b_external\tomato\Tomato___Bacterial_spot\plantdoc_Bacterial-speck-tomato-leaves.jpg,Tomato,Tomato___Bacterial_spot,PlantDoc-Dataset,"Singh et al., PlantDoc: A Dataset for Visual Plant Disease Detection in Natural Field Conditions, ACM CoNEXT 2019",64c250e5e6b84952903fd3516519b7cefc9364fb009fdb2c38905da4fe47205c,True
D:\CropDiseaseProject\results\model_robustness_audit\audit_images\track_b_external\tomato\Tomato___Bacterial_spot\plantdoc_Bacterial-spot-on-tomato-leaves.jpg,results\model_robustness_audit\audit_images\track_b_external\tomato\Tomato___Bacterial_spot\plantdoc_Bacterial-spot-on-tomato-leaves.jpg,Tomato,Tomato___Bacterial_spot,PlantDoc-Dataset,"Singh et al., PlantDoc: A Dataset for Visual Plant Disease Detection in Natural Field Conditions, ACM CoNEXT 2019",95a50e78f47ddbb2c69cf00b2f9637df19d90a56fa7d5790f25d0b6db20d1886,True
D:\CropDiseaseProject\results\model_robustness_audit\audit_images\track_b_external\tomato\Tomato___Bacterial_spot\plantdoc_Bacterial-spot-tomato.jpg,results\model_robustness_audit\audit_images\track_b_external\tomato\Tomato___Bacterial_spot\plantdoc_Bacterial-spot-tomato.jpg,Tomato,Tomato___Bacterial_spot,PlantDoc-Dataset,"Singh et al., PlantDoc: A Dataset for Visual Plant Disease Detection in Natural Field Conditions, ACM CoNEXT 2019",c23fd68c480e78766dbb690c82a7f10faeca9072018caef571b32ec4df5eabc0,True
D:\CropDiseaseProject\results\model_robustness_audit\audit_images\track_b_external\tomato\Tomato___Bacterial_spot\plantdoc_BacterialSpot06.jpg,results\model_robustness_audit\audit_images\track_b_external\tomato\Tomato___Bacterial_spot\plantdoc_BacterialSpot06.jpg,Tomato,Tomato___Bacterial_spot,PlantDoc-Dataset,"Singh et al., PlantDoc: A Dataset for Visual Plant Disease Detection in Natural Field Conditions, ACM CoNEXT 2019",d8a745f74c62f6fd2bdd8f97c6c161626321099a50f4787f69c3e708f071642c,True
D:\CropDiseaseProject\results\model_robustness_audit\audit_images\track_b_external\tomato\Tomato___Bacterial_spot\plantdoc_BacterialSpot07.jpg,results\model_robustness_audit\audit_images\track_b_external\tomato\Tomato___Bacterial_spot\plantdoc_BacterialSpot07.jpg,Tomato,Tomato___Bacterial_spot,PlantDoc-Dataset,"Singh et al., PlantDoc: A Dataset for Visual Plant Disease Detection in Natural Field Conditions, ACM CoNEXT 2019",63bf08288e7cc6de71242214eb5f6a85c121164e249885073bedc8727e3236f8,True
D:\CropDiseaseProject\results\model_robustness_audit\audit_images\track_b_external\tomato\Tomato___Bacterial_spot\plantdoc_Bacterial_spots1300.jpg,results\model_robustness_audit\audit_images\track_b_external\tomato\Tomato___Bacterial_spot\plantdoc_Bacterial_spots1300.jpg,Tomato,Tomato___Bacterial_spot,PlantDoc-Dataset,"Singh et al., PlantDoc: A Dataset for Visual Plant Disease Detection in Natural Field Conditions, ACM CoNEXT 2019",143e79b428ac80688234e1a6fe330037f9a5f654a12d0ffcbd6d92af936147a3,True
D:\CropDiseaseProject\results\model_robustness_audit\audit_images\track_b_external\tomato\Tomato___Bacterial_spot\plantdoc_Bacterial_spots2276.jpg,results\model_robustness_audit\audit_images\track_b_external\tomato\Tomato___Bacterial_spot\plantdoc_Bacterial_spots2276.jpg,Tomato,Tomato___Bacterial_spot,PlantDoc-Dataset,"Singh et al., PlantDoc: A Dataset for Visual Plant Disease Detection in Natural Field Conditions, ACM CoNEXT 2019",057c2d6ff63615ac373c811c518a8d6e795bb57cccc49b36341d26292216bdd1,True
D:\CropDiseaseProject\results\model_robustness_audit\audit_images\track_b_external\tomato\Tomato___Tomato_mosaic_virus\plantdoc_1422_0.jpeg.jpg,results\model_robustness_audit\audit_images\track_b_external\tomato\Tomato___Tomato_mosaic_virus\plantdoc_1422_0.jpeg.jpg,Tomato,Tomato___Tomato_mosaic_virus,PlantDoc-Dataset,"Singh et al., PlantDoc: A Dataset for Visual Plant Disease Detection in Natural Field Conditions, ACM CoNEXT 2019",385a96f98a1986ccdac704af3fc0215a26632bd0a0490bf2f2ecc20a17d5ddaa,True
D:\CropDiseaseProject\results\model_robustness_audit\audit_images\track_b_external\tomato\Tomato___Tomato_mosaic_virus\plantdoc_3-tomato-mosaic-virus_web.jpg,results\model_robustness_audit\audit_images\track_b_external\tomato\Tomato___Tomato_mosaic_virus\plantdoc_3-tomato-mosaic-virus_web.jpg,Tomato,Tomato___Tomato_mosaic_virus,PlantDoc-Dataset,"Singh et al., PlantDoc: A Dataset for Visual Plant Disease Detection in Natural Field Conditions, ACM CoNEXT 2019",0859fe0db82e2eb1ccb6d8caf2fc6ed7030b2771baa2f744490683ea5fd1fdb4,True
D:\CropDiseaseProject\results\model_robustness_audit\audit_images\track_b_external\tomato\Tomato___Tomato_mosaic_virus\plantdoc_4b0bfd_df5a85f728c74cecbe908a24feadab02.jpg,results\model_robustness_audit\audit_images\track_b_external\tomato\Tomato___Tomato_mosaic_virus\plantdoc_4b0bfd_df5a85f728c74cecbe908a24feadab02.jpg,Tomato,Tomato___Tomato_mosaic_virus,PlantDoc-Dataset,"Singh et al., PlantDoc: A Dataset for Visual Plant Disease Detection in Natural Field Conditions, ACM CoNEXT 2019",bca664400713e0e49d34f9915b0bc860433343d1c532f538496472182a157c71,True
D:\CropDiseaseProject\results\model_robustness_audit\audit_images\track_b_external\tomato\Tomato___Tomato_mosaic_virus\plantdoc_51196-004-61703A1B.jpg,results\model_robustness_audit\audit_images\track_b_external\tomato\Tomato___Tomato_mosaic_virus\plantdoc_51196-004-61703A1B.jpg,Tomato,Tomato___Tomato_mosaic_virus,PlantDoc-Dataset,"Singh et al., PlantDoc: A Dataset for Visual Plant Disease Detection in Natural Field Conditions, ACM CoNEXT 2019",ef435579510d841b901745acaff97db59f6ef7f145dcc88b53f6e3d7a618f442,True
D:\CropDiseaseProject\results\model_robustness_audit\audit_images\track_b_external\tomato\Tomato___Tomato_mosaic_virus\plantdoc_5Tomato_Mosaic_Virus.jpg,results\model_robustness_audit\audit_images\track_b_external\tomato\Tomato___Tomato_mosaic_virus\plantdoc_5Tomato_Mosaic_Virus.jpg,Tomato,Tomato___Tomato_mosaic_virus,PlantDoc-Dataset,"Singh et al., PlantDoc: A Dataset for Visual Plant Disease Detection in Natural Field Conditions, ACM CoNEXT 2019",c584e26d61f82e9d5afa7772c797d3d494ab4646b543c93297ff7a24f6d9bdbd,True
D:\CropDiseaseProject\results\model_robustness_audit\audit_images\track_b_external\tomato\Tomato___Tomato_mosaic_virus\plantdoc_DSC02246.JPG.jpg,results\model_robustness_audit\audit_images\track_b_external\tomato\Tomato___Tomato_mosaic_virus\plantdoc_DSC02246.JPG.jpg,Tomato,Tomato___Tomato_mosaic_virus,PlantDoc-Dataset,"Singh et al., PlantDoc: A Dataset for Visual Plant Disease Detection in Natural Field Conditions, ACM CoNEXT 2019",127fdff8c60e482ffe68d40d529689dd8da5a02be3e6bd3738820c7752468fb7,True
D:\CropDiseaseProject\results\model_robustness_audit\audit_images\track_b_external\tomato\Tomato___Tomato_mosaic_virus\plantdoc_TMV-3.jpg,results\model_robustness_audit\audit_images\track_b_external\tomato\Tomato___Tomato_mosaic_virus\plantdoc_TMV-3.jpg,Tomato,Tomato___Tomato_mosaic_virus,PlantDoc-Dataset,"Singh et al., PlantDoc: A Dataset for Visual Plant Disease Detection in Natural Field Conditions, ACM CoNEXT 2019",290d3c6a123aa77b9ec8564578dbd0a9ce70663fa903c1f550e7c7ed68500d30,True
D:\CropDiseaseProject\results\model_robustness_audit\audit_images\track_b_external\tomato\Tomato___Tomato_mosaic_virus\plantdoc_TNRV2.jpg,results\model_robustness_audit\audit_images\track_b_external\tomato\Tomato___Tomato_mosaic_virus\plantdoc_TNRV2.jpg,Tomato,Tomato___Tomato_mosaic_virus,PlantDoc-Dataset,"Singh et al., PlantDoc: A Dataset for Visual Plant Disease Detection in Natural Field Conditions, ACM CoNEXT 2019",0cbec55eb4a499f910b5791f033868e462be24245a02e7e54e474d4f51e69a07,True
D:\CropDiseaseProject\results\model_robustness_audit\audit_images\track_b_external\tomato\Tomato___Tomato_mosaic_virus\plantdoc_Tomato_2Bmosaic_2Bvirus.jpg,results\model_robustness_audit\audit_images\track_b_external\tomato\Tomato___Tomato_mosaic_virus\plantdoc_Tomato_2Bmosaic_2Bvirus.jpg,Tomato,Tomato___Tomato_mosaic_virus,PlantDoc-Dataset,"Singh et al., PlantDoc: A Dataset for Visual Plant Disease Detection in Natural Field Conditions, ACM CoNEXT 2019",b37ec98ff05367c2a163ddd34b7d9d19bf6150f4b309810a50cfc09ca25c3970,True
D:\CropDiseaseProject\results\model_robustness_audit\audit_images\track_b_external\tomato\Tomato___Tomato_mosaic_virus\plantdoc_Tomato_mosaic_virus.jpg,results\model_robustness_audit\audit_images\track_b_external\tomato\Tomato___Tomato_mosaic_virus\plantdoc_Tomato_mosaic_virus.jpg,Tomato,Tomato___Tomato_mosaic_virus,PlantDoc-Dataset,"Singh et al., PlantDoc: A Dataset for Visual Plant Disease Detection in Natural Field Conditions, ACM CoNEXT 2019",ecf4813279856da6139d466fca3a00a792df7a0657324fe078e7d58ec5b2c8c6,True
D:\CropDiseaseProject\results\model_robustness_audit\audit_images\track_b_external\tomato\Tomato___Tomato_mosaic_virus\plantdoc_Tomato-brown-rugose-fruit-virus-ToBRFV-infected-tomato-Solanum-lycopersicum-plants_Q320.jpg,results\model_robustness_audit\audit_images\track_b_external\tomato\Tomato___Tomato_mosaic_virus\plantdoc_Tomato-brown-rugose-fruit-virus-ToBRFV-infected-tomato-Solanum-lycopersicum-plants_Q320.jpg,Tomato,Tomato___Tomato_mosaic_virus,PlantDoc-Dataset,"Singh et al., PlantDoc: A Dataset for Visual Plant Disease Detection in Natural Field Conditions, ACM CoNEXT 2019",c092b2591bd11975a88dca500806f115918d50d60169ca949ce1f64bd4c35aa0,True
D:\CropDiseaseProject\results\model_robustness_audit\audit_images\track_b_external\tomato\Tomato___Tomato_mosaic_virus\plantdoc_ab40cce958c60d8b6e0ec2e4fdb8f526.jpg,results\model_robustness_audit\audit_images\track_b_external\tomato\Tomato___Tomato_mosaic_virus\plantdoc_ab40cce958c60d8b6e0ec2e4fdb8f526.jpg,Tomato,Tomato___Tomato_mosaic_virus,PlantDoc-Dataset,"Singh et al., PlantDoc: A Dataset for Visual Plant Disease Detection in Natural Field Conditions, ACM CoNEXT 2019",1a1cf0be9bdeae64a59ba65d0a08890633030342a9dff6603166a8de9445ae88,True
D:\CropDiseaseProject\results\model_robustness_audit\audit_images\track_b_external\tomato\Tomato___Tomato_mosaic_virus\plantdoc_d41c86a650e49b8066d6b347d8e9d3ad.jpg,results\model_robustness_audit\audit_images\track_b_external\tomato\Tomato___Tomato_mosaic_virus\plantdoc_d41c86a650e49b8066d6b347d8e9d3ad.jpg,Tomato,Tomato___Tomato_mosaic_virus,PlantDoc-Dataset,"Singh et al., PlantDoc: A Dataset for Visual Plant Disease Detection in Natural Field Conditions, ACM CoNEXT 2019",987317e1cef2c7563cb158f08bc271f2800b3bea6013a094cafcdc1088342c75,True
D:\CropDiseaseProject\results\model_robustness_audit\audit_images\track_b_external\tomato\Tomato___Tomato_mosaic_virus\plantdoc_dahliaviralsymptoms2lowresjpg.jpg,results\model_robustness_audit\audit_images\track_b_external\tomato\Tomato___Tomato_mosaic_virus\plantdoc_dahliaviralsymptoms2lowresjpg.jpg,Tomato,Tomato___Tomato_mosaic_virus,PlantDoc-Dataset,"Singh et al., PlantDoc: A Dataset for Visual Plant Disease Detection in Natural Field Conditions, ACM CoNEXT 2019",daef774b7c3f8632b47b5740e00051fb9a28066bb934307c82d930e047d1e358,True
D:\CropDiseaseProject\results\model_robustness_audit\audit_images\track_b_external\tomato\Tomato___Tomato_mosaic_virus\plantdoc_dummen-tmv.jpg,results\model_robustness_audit\audit_images\track_b_external\tomato\Tomato___Tomato_mosaic_virus\plantdoc_dummen-tmv.jpg,Tomato,Tomato___Tomato_mosaic_virus,PlantDoc-Dataset,"Singh et al., PlantDoc: A Dataset for Visual Plant Disease Detection in Natural Field Conditions, ACM CoNEXT 2019",ceb08f12a2d062e81d23507a632a1fd63b67410100390310c3879cb641f37304,True
D:\CropDiseaseProject\results\model_robustness_audit\audit_images\track_b_external\tomato\Tomato___Tomato_mosaic_virus\plantdoc_fig1-2k11-163-165.jpg,results\model_robustness_audit\audit_images\track_b_external\tomato\Tomato___Tomato_mosaic_virus\plantdoc_fig1-2k11-163-165.jpg,Tomato,Tomato___Tomato_mosaic_virus,PlantDoc-Dataset,"Singh et al., PlantDoc: A Dataset for Visual Plant Disease Detection in Natural Field Conditions, ACM CoNEXT 2019",7882f74fc0969d1d52c78d92b2600cb016c5e8861b83fbf372f620d4397fc5a5,True
D:\CropDiseaseProject\results\model_robustness_audit\audit_images\track_b_external\tomato\Tomato___Tomato_mosaic_virus\plantdoc_fig2-2k11-1-12.jpg,results\model_robustness_audit\audit_images\track_b_external\tomato\Tomato___Tomato_mosaic_virus\plantdoc_fig2-2k11-1-12.jpg,Tomato,Tomato___Tomato_mosaic_virus,PlantDoc-Dataset,"Singh et al., PlantDoc: A Dataset for Visual Plant Disease Detection in Natural Field Conditions, ACM CoNEXT 2019",badccfa1a3aca75d7098c43d45c894895060eaab65dbed25e2575afccf062e89,True
D:\CropDiseaseProject\results\model_robustness_audit\audit_images\track_b_external\tomato\Tomato___Tomato_mosaic_virus\plantdoc_image018.jpg,results\model_robustness_audit\audit_images\track_b_external\tomato\Tomato___Tomato_mosaic_virus\plantdoc_image018.jpg,Tomato,Tomato___Tomato_mosaic_virus,PlantDoc-Dataset,"Singh et al., PlantDoc: A Dataset for Visual Plant Disease Detection in Natural Field Conditions, ACM CoNEXT 2019",3b3183d447bcf9427d4ac8d2ef36ab2e3c441c10b7cbf86f55a5a61c133dc4a6,True
D:\CropDiseaseProject\results\model_robustness_audit\audit_images\track_b_external\tomato\Tomato___Tomato_mosaic_virus\plantdoc_image022.jpg,results\model_robustness_audit\audit_images\track_b_external\tomato\Tomato___Tomato_mosaic_virus\plantdoc_image022.jpg,Tomato,Tomato___Tomato_mosaic_virus,PlantDoc-Dataset,"Singh et al., PlantDoc: A Dataset for Visual Plant Disease Detection in Natural Field Conditions, ACM CoNEXT 2019",1e1eaac19252fc29b868ce89c2808b5eeb962e14327b3fee3c351657ed06f115,True
D:\CropDiseaseProject\results\model_robustness_audit\audit_images\track_b_external\tomato\Tomato___Tomato_mosaic_virus\plantdoc_image024.jpg,results\model_robustness_audit\audit_images\track_b_external\tomato\Tomato___Tomato_mosaic_virus\plantdoc_image024.jpg,Tomato,Tomato___Tomato_mosaic_virus,PlantDoc-Dataset,"Singh et al., PlantDoc: A Dataset for Visual Plant Disease Detection in Natural Field Conditions, ACM CoNEXT 2019",e7f67c86efd4d32885e40f88f8b087c44ba68930937b56b0c965b861c5c7d896,True
D:\CropDiseaseProject\results\model_robustness_audit\audit_images\track_b_external\tomato\Tomato___Tomato_mosaic_virus\plantdoc_mosaic-virus-foliage.jpg,results\model_robustness_audit\audit_images\track_b_external\tomato\Tomato___Tomato_mosaic_virus\plantdoc_mosaic-virus-foliage.jpg,Tomato,Tomato___Tomato_mosaic_virus,PlantDoc-Dataset,"Singh et al., PlantDoc: A Dataset for Visual Plant Disease Detection in Natural Field Conditions, ACM CoNEXT 2019",fb579582240fce42338f4de48b6c73df73f190909d648af0a401ede993c5f3d9,True
D:\CropDiseaseProject\results\model_robustness_audit\audit_images\track_b_external\tomato\Tomato___Tomato_mosaic_virus\plantdoc_mosaic_virus_tomato.jpg,results\model_robustness_audit\audit_images\track_b_external\tomato\Tomato___Tomato_mosaic_virus\plantdoc_mosaic_virus_tomato.jpg,Tomato,Tomato___Tomato_mosaic_virus,PlantDoc-Dataset,"Singh et al., PlantDoc: A Dataset for Visual Plant Disease Detection in Natural Field Conditions, ACM CoNEXT 2019",523c300d0340891e11ff4df32404c9e4cd0fdc915ba4fdcaba544afd36165648,True
D:\CropDiseaseProject\results\model_robustness_audit\audit_images\track_b_external\tomato\Tomato___Tomato_mosaic_virus\plantdoc_mosaic_virus_tomato_small.jpg,results\model_robustness_audit\audit_images\track_b_external\tomato\Tomato___Tomato_mosaic_virus\plantdoc_mosaic_virus_tomato_small.jpg,Tomato,Tomato___Tomato_mosaic_virus,PlantDoc-Dataset,"Singh et al., PlantDoc: A Dataset for Visual Plant Disease Detection in Natural Field Conditions, ACM CoNEXT 2019",35f9d381bd7fb68db5d980c203413779367a939a9c69888076efbaea8e872fd3,True
D:\CropDiseaseProject\results\model_robustness_audit\audit_images\track_b_external\tomato\Tomato___Tomato_mosaic_virus\plantdoc_mosiac-virus3.jpg,results\model_robustness_audit\audit_images\track_b_external\tomato\Tomato___Tomato_mosaic_virus\plantdoc_mosiac-virus3.jpg,Tomato,Tomato___Tomato_mosaic_virus,PlantDoc-Dataset,"Singh et al., PlantDoc: A Dataset for Visual Plant Disease Detection in Natural Field Conditions, ACM CoNEXT 2019",5f4d0e00d88da37a7a97c55b885dc80b6eb7a87ad2993f24e488984111e8a2e5,True
D:\CropDiseaseProject\results\model_robustness_audit\audit_images\track_b_external\tomato\Tomato___Tomato_mosaic_virus\plantdoc_stock-photo-tomato-mosaic-virus-disease-on-tomato-559799668.jpg,results\model_robustness_audit\audit_images\track_b_external\tomato\Tomato___Tomato_mosaic_virus\plantdoc_stock-photo-tomato-mosaic-virus-disease-on-tomato-559799668.jpg,Tomato,Tomato___Tomato_mosaic_virus,PlantDoc-Dataset,"Singh et al., PlantDoc: A Dataset for Visual Plant Disease Detection in Natural Field Conditions, ACM CoNEXT 2019",8e644164293e7c32e8cb270c2d517d0988f3851f2ca4bfc7bad3d73745148960,True
D:\CropDiseaseProject\results\model_robustness_audit\audit_images\track_b_external\tomato\Tomato___Tomato_mosaic_virus\plantdoc_thumb-500.jpg,results\model_robustness_audit\audit_images\track_b_external\tomato\Tomato___Tomato_mosaic_virus\plantdoc_thumb-500.jpg,Tomato,Tomato___Tomato_mosaic_virus,PlantDoc-Dataset,"Singh et al., PlantDoc: A Dataset for Visual Plant Disease Detection in Natural Field Conditions, ACM CoNEXT 2019",253abd1f7b183baeeeb79cf76672b2be334a30d50b82aa6bcfcb79375b8e2fdb,True
D:\CropDiseaseProject\results\model_robustness_audit\audit_images\track_b_external\tomato\Tomato___Tomato_mosaic_virus\plantdoc_tmv-tomato-16.jpg,results\model_robustness_audit\audit_images\track_b_external\tomato\Tomato___Tomato_mosaic_virus\plantdoc_tmv-tomato-16.jpg,Tomato,Tomato___Tomato_mosaic_virus,PlantDoc-Dataset,"Singh et al., PlantDoc: A Dataset for Visual Plant Disease Detection in Natural Field Conditions, ACM CoNEXT 2019",84bf9933d581cd350fa433fec46cf554d28bd0e7b5971c22db912d93a8a42dfa,True
D:\CropDiseaseProject\results\model_robustness_audit\audit_images\track_b_external\tomato\Tomato___Tomato_mosaic_virus\plantdoc_tomato-fern-leaf-a-symptom-of-tmv-cmv-or-pepmv-virus-on-tomato-plants-h6ey8w.jpg,results\model_robustness_audit\audit_images\track_b_external\tomato\Tomato___Tomato_mosaic_virus\plantdoc_tomato-fern-leaf-a-symptom-of-tmv-cmv-or-pepmv-virus-on-tomato-plants-h6ey8w.jpg,Tomato,Tomato___Tomato_mosaic_virus,PlantDoc-Dataset,"Singh et al., PlantDoc: A Dataset for Visual Plant Disease Detection in Natural Field Conditions, ACM CoNEXT 2019",963b5bdd274ff1e7eac1266c22c1c9fcc0206b5e1363c13e4513655b0c5c27a3,True
D:\CropDiseaseProject\results\model_robustness_audit\audit_images\track_b_external\tomato\Tomato___Tomato_mosaic_virus\plantdoc_tomato-leaf-herbicide-damage.jpg,results\model_robustness_audit\audit_images\track_b_external\tomato\Tomato___Tomato_mosaic_virus\plantdoc_tomato-leaf-herbicide-damage.jpg,Tomato,Tomato___Tomato_mosaic_virus,PlantDoc-Dataset,"Singh et al., PlantDoc: A Dataset for Visual Plant Disease Detection in Natural Field Conditions, ACM CoNEXT 2019",5cbc915291c7946a498f59556998d9920505ac61d6be54136c7a405e8a90d755,True
D:\CropDiseaseProject\results\model_robustness_audit\audit_images\track_b_external\tomato\Tomato___Tomato_mosaic_virus\plantdoc_tomato-leaves-260nw-670831669.jpg,results\model_robustness_audit\audit_images\track_b_external\tomato\Tomato___Tomato_mosaic_virus\plantdoc_tomato-leaves-260nw-670831669.jpg,Tomato,Tomato___Tomato_mosaic_virus,PlantDoc-Dataset,"Singh et al., PlantDoc: A Dataset for Visual Plant Disease Detection in Natural Field Conditions, ACM CoNEXT 2019",16f38c97aeccda79951590d8a1ecd4efe5e4ba07f5e21b51349cdcc814598250,True
D:\CropDiseaseProject\results\model_robustness_audit\audit_images\track_b_external\tomato\Tomato___Spider_mites Two-spotted_spider_mite\plantdoc_SpotSpeckBlightMite-1l4v879.jpg,results\model_robustness_audit\audit_images\track_b_external\tomato\Tomato___Spider_mites Two-spotted_spider_mite\plantdoc_SpotSpeckBlightMite-1l4v879.jpg,Tomato,Tomato___Spider_mites Two-spotted_spider_mite,PlantDoc-Dataset,"Singh et al., PlantDoc: A Dataset for Visual Plant Disease Detection in Natural Field Conditions, ACM CoNEXT 2019",7a39980b4f6448958db22a28da7b409e74834a820592f7302b5547703ab61578,True
D:\CropDiseaseProject\results\model_robustness_audit\audit_images\track_b_external\tomato\Tomato___Spider_mites Two-spotted_spider_mite\plantdoc_comparing-diseases-4-canker-tomato-1y51ejs.jpg,results\model_robustness_audit\audit_images\track_b_external\tomato\Tomato___Spider_mites Two-spotted_spider_mite\plantdoc_comparing-diseases-4-canker-tomato-1y51ejs.jpg,Tomato,Tomato___Spider_mites Two-spotted_spider_mite,PlantDoc-Dataset,"Singh et al., PlantDoc: A Dataset for Visual Plant Disease Detection in Natural Field Conditions, ACM CoNEXT 2019",2c59025109d5e9a2cfba879cfde943fa3d238a4dbaf2e44763b986d6bef5c22d,True
D:\CropDiseaseProject\results\model_robustness_audit\audit_images\track_b_external\grape\Healthy Leaves\plantdoc_000g.jpg,results\model_robustness_audit\audit_images\track_b_external\grape\Healthy Leaves\plantdoc_000g.jpg,Grape,Healthy Leaves,PlantDoc-Dataset,"Singh et al., PlantDoc: A Dataset for Visual Plant Disease Detection in Natural Field Conditions, ACM CoNEXT 2019",cae656776428feab94d764a5a7cc52da89291728da56933e3662d473e53b44d4,True
D:\CropDiseaseProject\results\model_robustness_audit\audit_images\track_b_external\grape\Healthy Leaves\plantdoc_0g.jpg,results\model_robustness_audit\audit_images\track_b_external\grape\Healthy Leaves\plantdoc_0g.jpg,Grape,Healthy Leaves,PlantDoc-Dataset,"Singh et al., PlantDoc: A Dataset for Visual Plant Disease Detection in Natural Field Conditions, ACM CoNEXT 2019",068034bf27f4752d238577afb41b90c47baac72e8158d1c66f5eb5559da8dda0,True
D:\CropDiseaseProject\results\model_robustness_audit\audit_images\track_b_external\grape\Healthy Leaves\plantdoc_10178grape_leaf.jpg,results\model_robustness_audit\audit_images\track_b_external\grape\Healthy Leaves\plantdoc_10178grape_leaf.jpg,Grape,Healthy Leaves,PlantDoc-Dataset,"Singh et al., PlantDoc: A Dataset for Visual Plant Disease Detection in Natural Field Conditions, ACM CoNEXT 2019",c7974be37c1c19d62075a40cd2ca37dd8a97ebcbc8ced3b1262b26085d587014,True
D:\CropDiseaseProject\results\model_robustness_audit\audit_images\track_b_external\grape\Healthy Leaves\plantdoc_4635766-green-grapevine-leaves.jpg,results\model_robustness_audit\audit_images\track_b_external\grape\Healthy Leaves\plantdoc_4635766-green-grapevine-leaves.jpg,Grape,Healthy Leaves,PlantDoc-Dataset,"Singh et al., PlantDoc: A Dataset for Visual Plant Disease Detection in Natural Field Conditions, ACM CoNEXT 2019",21f2580b75b2a12ef97ec47694a40b400a972f122d8968a91338ff914a15a64e,True
D:\CropDiseaseProject\results\model_robustness_audit\audit_images\track_b_external\grape\Healthy Leaves\plantdoc_6cy5kMMEi.jpg,results\model_robustness_audit\audit_images\track_b_external\grape\Healthy Leaves\plantdoc_6cy5kMMEi.jpg,Grape,Healthy Leaves,PlantDoc-Dataset,"Singh et al., PlantDoc: A Dataset for Visual Plant Disease Detection in Natural Field Conditions, ACM CoNEXT 2019",ee000088b778186867777cb33de1a86349b0d803cef33f181d04748a7c5b0738,True
D:\CropDiseaseProject\results\model_robustness_audit\audit_images\track_b_external\grape\Healthy Leaves\plantdoc_GrapeLeaf.jpg,results\model_robustness_audit\audit_images\track_b_external\grape\Healthy Leaves\plantdoc_GrapeLeaf.jpg,Grape,Healthy Leaves,PlantDoc-Dataset,"Singh et al., PlantDoc: A Dataset for Visual Plant Disease Detection in Natural Field Conditions, ACM CoNEXT 2019",2a4c31099f6947131f4925eab214cd51570a1f11d71fe734b4bf988a45085ab4,True
D:\CropDiseaseProject\results\model_robustness_audit\audit_images\track_b_external\grape\Healthy Leaves\plantdoc_Grape_leaf_01.jpg,results\model_robustness_audit\audit_images\track_b_external\grape\Healthy Leaves\plantdoc_Grape_leaf_01.jpg,Grape,Healthy Leaves,PlantDoc-Dataset,"Singh et al., PlantDoc: A Dataset for Visual Plant Disease Detection in Natural Field Conditions, ACM CoNEXT 2019",e980eb97df8b9a41e94dbfdafbe3609db647a687a0fc9621349ba00b85d08389,True
D:\CropDiseaseProject\results\model_robustness_audit\audit_images\track_b_external\grape\Healthy Leaves\plantdoc_Grolleau_noir_leaves.jpg,results\model_robustness_audit\audit_images\track_b_external\grape\Healthy Leaves\plantdoc_Grolleau_noir_leaves.jpg,Grape,Healthy Leaves,PlantDoc-Dataset,"Singh et al., PlantDoc: A Dataset for Visual Plant Disease Detection in Natural Field Conditions, ACM CoNEXT 2019",4c797f1edaf7a06b8641cb9f40ca7fb8f3cdc4f401d8619d7c379fedc5c8e473,True
D:\CropDiseaseProject\results\model_robustness_audit\audit_images\track_b_external\grape\Healthy Leaves\plantdoc_IMG_20150511_095517.jpg,results\model_robustness_audit\audit_images\track_b_external\grape\Healthy Leaves\plantdoc_IMG_20150511_095517.jpg,Grape,Healthy Leaves,PlantDoc-Dataset,"Singh et al., PlantDoc: A Dataset for Visual Plant Disease Detection in Natural Field Conditions, ACM CoNEXT 2019",df7bd8be44ecfcf1f7086a49f811811cde7457cdb413844fb32449344a65ae97,True
D:\CropDiseaseProject\results\model_robustness_audit\audit_images\track_b_external\grape\Healthy Leaves\plantdoc_IMG_20150511_111942.jpg,results\model_robustness_audit\audit_images\track_b_external\grape\Healthy Leaves\plantdoc_IMG_20150511_111942.jpg,Grape,Healthy Leaves,PlantDoc-Dataset,"Singh et al., PlantDoc: A Dataset for Visual Plant Disease Detection in Natural Field Conditions, ACM CoNEXT 2019",f63757265f2176af6d66ff0d76d58487a5115b0b82de378110eb76bc2c25c927,True
D:\CropDiseaseProject\results\model_robustness_audit\audit_images\track_b_external\grape\Healthy Leaves\plantdoc_IMG_2666.jpg,results\model_robustness_audit\audit_images\track_b_external\grape\Healthy Leaves\plantdoc_IMG_2666.jpg,Grape,Healthy Leaves,PlantDoc-Dataset,"Singh et al., PlantDoc: A Dataset for Visual Plant Disease Detection in Natural Field Conditions, ACM CoNEXT 2019",155f4af6ed62c528e842c6954af468cd8dc3e1c714f587e03cb1b462c45a7779,True
D:\CropDiseaseProject\results\model_robustness_audit\audit_images\track_b_external\grape\Healthy Leaves\plantdoc_P1130239.jpg,results\model_robustness_audit\audit_images\track_b_external\grape\Healthy Leaves\plantdoc_P1130239.jpg,Grape,Healthy Leaves,PlantDoc-Dataset,"Singh et al., PlantDoc: A Dataset for Visual Plant Disease Detection in Natural Field Conditions, ACM CoNEXT 2019",92812224d3d8b9d6bf659177e73946bd58996faef535e3a0cd92f19dda566ad3,True
D:\CropDiseaseProject\results\model_robustness_audit\audit_images\track_b_external\grape\Healthy Leaves\plantdoc_WildGrapeLeaf_cutout.jpg,results\model_robustness_audit\audit_images\track_b_external\grape\Healthy Leaves\plantdoc_WildGrapeLeaf_cutout.jpg,Grape,Healthy Leaves,PlantDoc-Dataset,"Singh et al., PlantDoc: A Dataset for Visual Plant Disease Detection in Natural Field Conditions, ACM CoNEXT 2019",55fe0bacf1547168b819d6aefc736703dc8eb4a7c3cff5d1accf7c60b5d96352,True
D:\CropDiseaseProject\results\model_robustness_audit\audit_images\track_b_external\grape\Healthy Leaves\plantdoc_Wild_Grape_Leaf.jpg,results\model_robustness_audit\audit_images\track_b_external\grape\Healthy Leaves\plantdoc_Wild_Grape_Leaf.jpg,Grape,Healthy Leaves,PlantDoc-Dataset,"Singh et al., PlantDoc: A Dataset for Visual Plant Disease Detection in Natural Field Conditions, ACM CoNEXT 2019",3844136b576fa619b915894d4bf9c910ef33e41000a25454f627751de336d306,True
D:\CropDiseaseProject\results\model_robustness_audit\audit_images\track_b_external\grape\Healthy Leaves\plantdoc_blue-grape-cluster-leaves-3323887.jpg,results\model_robustness_audit\audit_images\track_b_external\grape\Healthy Leaves\plantdoc_blue-grape-cluster-leaves-3323887.jpg,Grape,Healthy Leaves,PlantDoc-Dataset,"Singh et al., PlantDoc: A Dataset for Visual Plant Disease Detection in Natural Field Conditions, ACM CoNEXT 2019",283629458714d2ba16ebdc853e493cc1f2fe588c740e04bd5218d54ce27237f6,True
D:\CropDiseaseProject\results\model_robustness_audit\audit_images\track_b_external\grape\Healthy Leaves\plantdoc_dc9rk7rKi.jpg,results\model_robustness_audit\audit_images\track_b_external\grape\Healthy Leaves\plantdoc_dc9rk7rKi.jpg,Grape,Healthy Leaves,PlantDoc-Dataset,"Singh et al., PlantDoc: A Dataset for Visual Plant Disease Detection in Natural Field Conditions, ACM CoNEXT 2019",cff1f98958ab7bc583ef9950323cf61fd165fd5295679cbbb56e87c2cb92d23b,True
D:\CropDiseaseProject\results\model_robustness_audit\audit_images\track_b_external\grape\Healthy Leaves\plantdoc_depositphotos_6812535-stock-photo-grape-leaves.jpg,results\model_robustness_audit\audit_images\track_b_external\grape\Healthy Leaves\plantdoc_depositphotos_6812535-stock-photo-grape-leaves.jpg,Grape,Healthy Leaves,PlantDoc-Dataset,"Singh et al., PlantDoc: A Dataset for Visual Plant Disease Detection in Natural Field Conditions, ACM CoNEXT 2019",2eaf7c97af5164b769b70ac1c87d2b53f65f8535c3cdab98c7052eac3c780d59,True
D:\CropDiseaseProject\results\model_robustness_audit\audit_images\track_b_external\grape\Healthy Leaves\plantdoc_dsc00849.jpg,results\model_robustness_audit\audit_images\track_b_external\grape\Healthy Leaves\plantdoc_dsc00849.jpg,Grape,Healthy Leaves,PlantDoc-Dataset,"Singh et al., PlantDoc: A Dataset for Visual Plant Disease Detection in Natural Field Conditions, ACM CoNEXT 2019",98ca24dcb9491b1bf007aa85714a79df71508b853ecb0ab66ff7c50e334b2650,True
D:\CropDiseaseProject\results\model_robustness_audit\audit_images\track_b_external\grape\Healthy Leaves\plantdoc_grape_leaves.JPG.jpg,results\model_robustness_audit\audit_images\track_b_external\grape\Healthy Leaves\plantdoc_grape_leaves.JPG.jpg,Grape,Healthy Leaves,PlantDoc-Dataset,"Singh et al., PlantDoc: A Dataset for Visual Plant Disease Detection in Natural Field Conditions, ACM CoNEXT 2019",f7c8d5fcaf5856f99f952994a308225475ddc91d48c48ecf1fa605f6a92f45db,True
D:\CropDiseaseProject\results\model_robustness_audit\audit_images\track_b_external\grape\Healthy Leaves\plantdoc_grape-leaf-15796930.jpg,results\model_robustness_audit\audit_images\track_b_external\grape\Healthy Leaves\plantdoc_grape-leaf-15796930.jpg,Grape,Healthy Leaves,PlantDoc-Dataset,"Singh et al., PlantDoc: A Dataset for Visual Plant Disease Detection in Natural Field Conditions, ACM CoNEXT 2019",29ffa0c2d4ac012d3f069667d28021247556955e40453f7f3cd604e338e669c5,True
D:\CropDiseaseProject\results\model_robustness_audit\audit_images\track_b_external\grape\Healthy Leaves\plantdoc_grape-leaf-19616502.jpg,results\model_robustness_audit\audit_images\track_b_external\grape\Healthy Leaves\plantdoc_grape-leaf-19616502.jpg,Grape,Healthy Leaves,PlantDoc-Dataset,"Singh et al., PlantDoc: A Dataset for Visual Plant Disease Detection in Natural Field Conditions, ACM CoNEXT 2019",0d8846273cba39e563497034f65b8050910ab500c55422030c7489aefae92683,True
D:\CropDiseaseProject\results\model_robustness_audit\audit_images\track_b_external\grape\Healthy Leaves\plantdoc_grape-leaf-blossoming-buds-spring-macro-31132897.jpg,results\model_robustness_audit\audit_images\track_b_external\grape\Healthy Leaves\plantdoc_grape-leaf-blossoming-buds-spring-macro-31132897.jpg,Grape,Healthy Leaves,PlantDoc-Dataset,"Singh et al., PlantDoc: A Dataset for Visual Plant Disease Detection in Natural Field Conditions, ACM CoNEXT 2019",28207ea13606226884dd63d8daaa550581977f7a15a524dfad7c4d6df0fb2357,True
D:\CropDiseaseProject\results\model_robustness_audit\audit_images\track_b_external\grape\Healthy Leaves\plantdoc_grape-leaf-detail-1457175.jpg,results\model_robustness_audit\audit_images\track_b_external\grape\Healthy Leaves\plantdoc_grape-leaf-detail-1457175.jpg,Grape,Healthy Leaves,PlantDoc-Dataset,"Singh et al., PlantDoc: A Dataset for Visual Plant Disease Detection in Natural Field Conditions, ACM CoNEXT 2019",4d9c4e4558c7793172b3a681fd734f15fa43f57376128db30556d1df9a13ab72,True
D:\CropDiseaseProject\results\model_robustness_audit\audit_images\track_b_external\grape\Healthy Leaves\plantdoc_grape-leaf-dew-465884.jpg,results\model_robustness_audit\audit_images\track_b_external\grape\Healthy Leaves\plantdoc_grape-leaf-dew-465884.jpg,Grape,Healthy Leaves,PlantDoc-Dataset,"Singh et al., PlantDoc: A Dataset for Visual Plant Disease Detection in Natural Field Conditions, ACM CoNEXT 2019",44567c4ae1153ec4b948bddc64869509076e96579783ba0e9e0dc29dc26548e1,True
D:\CropDiseaseProject\results\model_robustness_audit\audit_images\track_b_external\grape\Healthy Leaves\plantdoc_grape-leaf-isolated-cut-out-on-white-background-picture-id172320164_s_612x612.jpg,results\model_robustness_audit\audit_images\track_b_external\grape\Healthy Leaves\plantdoc_grape-leaf-isolated-cut-out-on-white-background-picture-id172320164_s_612x612.jpg,Grape,Healthy Leaves,PlantDoc-Dataset,"Singh et al., PlantDoc: A Dataset for Visual Plant Disease Detection in Natural Field Conditions, ACM CoNEXT 2019",38ab81ffed0e9ad9543e513296cdc673e84bfb97c5f3879539a95bcd2bb64461,True
D:\CropDiseaseProject\results\model_robustness_audit\audit_images\track_b_external\grape\Healthy Leaves\plantdoc_grape-leaf-with-water-drops-41813-1920x1080.jpg,results\model_robustness_audit\audit_images\track_b_external\grape\Healthy Leaves\plantdoc_grape-leaf-with-water-drops-41813-1920x1080.jpg,Grape,Healthy Leaves,PlantDoc-Dataset,"Singh et al., PlantDoc: A Dataset for Visual Plant Disease Detection in Natural Field Conditions, ACM CoNEXT 2019",b55eb5c99c47a188d13b68cc70f856b5527cce299625fabc11ce860a890ddc28,True
D:\CropDiseaseProject\results\model_robustness_audit\audit_images\track_b_external\grape\Healthy Leaves\plantdoc_grape-leave-clipping-path-3817989.jpg,results\model_robustness_audit\audit_images\track_b_external\grape\Healthy Leaves\plantdoc_grape-leave-clipping-path-3817989.jpg,Grape,Healthy Leaves,PlantDoc-Dataset,"Singh et al., PlantDoc: A Dataset for Visual Plant Disease Detection in Natural Field Conditions, ACM CoNEXT 2019",1d787bef07e963bd08e00b705062f3c2e77673aa9792e88985711aa7091613e4,True
D:\CropDiseaseProject\results\model_robustness_audit\audit_images\track_b_external\grape\Healthy Leaves\plantdoc_grape-leaves-03-1103349.jpg,results\model_robustness_audit\audit_images\track_b_external\grape\Healthy Leaves\plantdoc_grape-leaves-03-1103349.jpg,Grape,Healthy Leaves,PlantDoc-Dataset,"Singh et al., PlantDoc: A Dataset for Visual Plant Disease Detection in Natural Field Conditions, ACM CoNEXT 2019",3b859cae8c8c65276486fdb23997b109907452ba078aceba77650426185d9d77,True
D:\CropDiseaseProject\results\model_robustness_audit\audit_images\track_b_external\grape\Healthy Leaves\plantdoc_grape-leaves-1.jpg,results\model_robustness_audit\audit_images\track_b_external\grape\Healthy Leaves\plantdoc_grape-leaves-1.jpg,Grape,Healthy Leaves,PlantDoc-Dataset,"Singh et al., PlantDoc: A Dataset for Visual Plant Disease Detection in Natural Field Conditions, ACM CoNEXT 2019",8a68c594c526cb2e9bbb77bbc19f6c4ddfc62d1edf2b0c555371c93d94bf1234,True
D:\CropDiseaseProject\results\model_robustness_audit\audit_images\track_b_external\grape\Healthy Leaves\plantdoc_grape-leaves-19091-1920x1200.jpg,results\model_robustness_audit\audit_images\track_b_external\grape\Healthy Leaves\plantdoc_grape-leaves-19091-1920x1200.jpg,Grape,Healthy Leaves,PlantDoc-Dataset,"Singh et al., PlantDoc: A Dataset for Visual Plant Disease Detection in Natural Field Conditions, ACM CoNEXT 2019",23dbf2d143ab781564c44206fa7ff81b1fbe66ca75d2cce12eabdee4447818bb,True
D:\CropDiseaseProject\results\model_robustness_audit\audit_images\track_b_external\tomato\Tomato___Target_Spot\rk_sau_IMG_0361_JPG.rf.9df45f9f1d831bf0c30f3d62a2cd8b7a.jpg,results\model_robustness_audit\audit_images\track_b_external\tomato\Tomato___Target_Spot\rk_sau_IMG_0361_JPG.rf.9df45f9f1d831bf0c30f3d62a2cd8b7a.jpg,Tomato,Tomato___Target_Spot,Sylhet-Tomato-Dataset,"Sylhet Agricultural University Tomato Leaf Diseases Dataset, Roboflow CC-BY / Public Domain",851b225695f9550045b2d85bc9e8a8d1e985fa37e68dc0dadd18f8390413e484,True
D:\CropDiseaseProject\results\model_robustness_audit\audit_images\track_b_external\tomato\Tomato___Target_Spot\rk_sau_IMG_0363_JPG.rf.b70df68ea826d4a56ea04fc61cc14f60.jpg,results\model_robustness_audit\audit_images\track_b_external\tomato\Tomato___Target_Spot\rk_sau_IMG_0363_JPG.rf.b70df68ea826d4a56ea04fc61cc14f60.jpg,Tomato,Tomato___Target_Spot,Sylhet-Tomato-Dataset,"Sylhet Agricultural University Tomato Leaf Diseases Dataset, Roboflow CC-BY / Public Domain",a5a139ff080856d6f217f57abe334e9ae7547821281e04117170288393c6d7d9,True
D:\CropDiseaseProject\results\model_robustness_audit\audit_images\track_b_external\tomato\Tomato___Target_Spot\rk_sau_IMG_0346_JPG.rf.1443fd746129b6fa4610613efd804522.jpg,results\model_robustness_audit\audit_images\track_b_external\tomato\Tomato___Target_Spot\rk_sau_IMG_0346_JPG.rf.1443fd746129b6fa4610613efd804522.jpg,Tomato,Tomato___Target_Spot,Sylhet-Tomato-Dataset,"Sylhet Agricultural University Tomato Leaf Diseases Dataset, Roboflow CC-BY / Public Domain",03ef7fcae11f08d14a0f7ec51a5281d36b464a7fbc39fd7c167a98ad16a5c62b,True
D:\CropDiseaseProject\results\model_robustness_audit\audit_images\track_b_external\tomato\Tomato___Target_Spot\rk_sau_IMG_0346_JPG.rf.6ae1c332df1fd4934adad662101ffd45.jpg,results\model_robustness_audit\audit_images\track_b_external\tomato\Tomato___Target_Spot\rk_sau_IMG_0346_JPG.rf.6ae1c332df1fd4934adad662101ffd45.jpg,Tomato,Tomato___Target_Spot,Sylhet-Tomato-Dataset,"Sylhet Agricultural University Tomato Leaf Diseases Dataset, Roboflow CC-BY / Public Domain",fad89175f59db5ac4a708d028914403497dc015343f90f9fd66facd52734a1d0,True
D:\CropDiseaseProject\results\model_robustness_audit\audit_images\track_b_external\tomato\Tomato___Target_Spot\rk_sau_IMG_0346_JPG.rf.e7fea6d4b98411c714c1975ad9f20108.jpg,results\model_robustness_audit\audit_images\track_b_external\tomato\Tomato___Target_Spot\rk_sau_IMG_0346_JPG.rf.e7fea6d4b98411c714c1975ad9f20108.jpg,Tomato,Tomato___Target_Spot,Sylhet-Tomato-Dataset,"Sylhet Agricultural University Tomato Leaf Diseases Dataset, Roboflow CC-BY / Public Domain",af7b493b458dbcc6a42e013824420f4aed3f598b68ad2e03426427f88788174c,True
D:\CropDiseaseProject\results\model_robustness_audit\audit_images\track_b_external\tomato\Tomato___Target_Spot\rk_sau_IMG_0347_JPG.rf.2b716b4d55871bdd8ab15667086e8f48.jpg,results\model_robustness_audit\audit_images\track_b_external\tomato\Tomato___Target_Spot\rk_sau_IMG_0347_JPG.rf.2b716b4d55871bdd8ab15667086e8f48.jpg,Tomato,Tomato___Target_Spot,Sylhet-Tomato-Dataset,"Sylhet Agricultural University Tomato Leaf Diseases Dataset, Roboflow CC-BY / Public Domain",9ce79b8528572bd59b35658d5fdcdd8465e0f947d2d9b9de53167b295d9cb351,True
D:\CropDiseaseProject\results\model_robustness_audit\audit_images\track_b_external\tomato\Tomato___Target_Spot\rk_sau_IMG_0347_JPG.rf.5f6f56cb0c4004953b2b22b897cd099d.jpg,results\model_robustness_audit\audit_images\track_b_external\tomato\Tomato___Target_Spot\rk_sau_IMG_0347_JPG.rf.5f6f56cb0c4004953b2b22b897cd099d.jpg,Tomato,Tomato___Target_Spot,Sylhet-Tomato-Dataset,"Sylhet Agricultural University Tomato Leaf Diseases Dataset, Roboflow CC-BY / Public Domain",cc6a8bbccb53348794ab5de5e839e47dd5fa1be529ebbdd9ce64ce174ff24a22,True
D:\CropDiseaseProject\results\model_robustness_audit\audit_images\track_b_external\tomato\Tomato___Target_Spot\rk_sau_IMG_0347_JPG.rf.630e1792fc0046b30914c59e6b9a069b.jpg,results\model_robustness_audit\audit_images\track_b_external\tomato\Tomato___Target_Spot\rk_sau_IMG_0347_JPG.rf.630e1792fc0046b30914c59e6b9a069b.jpg,Tomato,Tomato___Target_Spot,Sylhet-Tomato-Dataset,"Sylhet Agricultural University Tomato Leaf Diseases Dataset, Roboflow CC-BY / Public Domain",c6ddbebd6782d809ffb94beca0965484850d15c202bb6b48d14b772304c8819b,True
D:\CropDiseaseProject\results\model_robustness_audit\audit_images\track_b_external\tomato\Tomato___Target_Spot\rk_sau_IMG_0362_JPG.rf.2ca8dff74566974fdde61b3aafdcbfbd.jpg,results\model_robustness_audit\audit_images\track_b_external\tomato\Tomato___Target_Spot\rk_sau_IMG_0362_JPG.rf.2ca8dff74566974fdde61b3aafdcbfbd.jpg,Tomato,Tomato___Target_Spot,Sylhet-Tomato-Dataset,"Sylhet Agricultural University Tomato Leaf Diseases Dataset, Roboflow CC-BY / Public Domain",31554deff82ede82b996348321f28f880d0bc907bea70ea6e4a39a404e6abc83,True
D:\CropDiseaseProject\results\model_robustness_audit\audit_images\track_b_external\tomato\Tomato___Target_Spot\rk_sau_IMG_0362_JPG.rf.368fa9086048fc469f7b892d741a155f.jpg,results\model_robustness_audit\audit_images\track_b_external\tomato\Tomato___Target_Spot\rk_sau_IMG_0362_JPG.rf.368fa9086048fc469f7b892d741a155f.jpg,Tomato,Tomato___Target_Spot,Sylhet-Tomato-Dataset,"Sylhet Agricultural University Tomato Leaf Diseases Dataset, Roboflow CC-BY / Public Domain",796716007e5a50dfda0db6d89266885c8a4ab1001b2e3db2b144d88aac85acd8,True
D:\CropDiseaseProject\results\model_robustness_audit\audit_images\track_b_external\tomato\Tomato___Target_Spot\rk_sau_IMG_0362_JPG.rf.a2ca3a43c0e488c84f38d40fe6b8df27.jpg,results\model_robustness_audit\audit_images\track_b_external\tomato\Tomato___Target_Spot\rk_sau_IMG_0362_JPG.rf.a2ca3a43c0e488c84f38d40fe6b8df27.jpg,Tomato,Tomato___Target_Spot,Sylhet-Tomato-Dataset,"Sylhet Agricultural University Tomato Leaf Diseases Dataset, Roboflow CC-BY / Public Domain",0b769499cf220763f2fe419b4cd0ecbcb972e70eb996b6178b6456e2ada74201,True
D:\CropDiseaseProject\results\model_robustness_audit\audit_images\track_b_external\tomato\Tomato___Target_Spot\rk_sau_IMG_0368_JPG.rf.5dcabb389ccf807c0a5d0ca316924704.jpg,results\model_robustness_audit\audit_images\track_b_external\tomato\Tomato___Target_Spot\rk_sau_IMG_0368_JPG.rf.5dcabb389ccf807c0a5d0ca316924704.jpg,Tomato,Tomato___Target_Spot,Sylhet-Tomato-Dataset,"Sylhet Agricultural University Tomato Leaf Diseases Dataset, Roboflow CC-BY / Public Domain",8a4bef5a09f639aac05c98609cca31ca32a6e9cb8f6855e202139ef12a2b29a0,True
D:\CropDiseaseProject\results\model_robustness_audit\audit_images\track_b_external\tomato\Tomato___Target_Spot\rk_sau_IMG_0368_JPG.rf.b383af9e4366fd23f9cb99fe1efaff5b.jpg,results\model_robustness_audit\audit_images\track_b_external\tomato\Tomato___Target_Spot\rk_sau_IMG_0368_JPG.rf.b383af9e4366fd23f9cb99fe1efaff5b.jpg,Tomato,Tomato___Target_Spot,Sylhet-Tomato-Dataset,"Sylhet Agricultural University Tomato Leaf Diseases Dataset, Roboflow CC-BY / Public Domain",d6aca8ee1804c4f80cd148b3a71047a5a005dc8e1a59db819dde4654187d0dc0,True
D:\CropDiseaseProject\results\model_robustness_audit\audit_images\track_b_external\tomato\Tomato___Target_Spot\rk_sau_IMG_0368_JPG.rf.cb59c4e65279381b523dcb248ccc6d5b.jpg,results\model_robustness_audit\audit_images\track_b_external\tomato\Tomato___Target_Spot\rk_sau_IMG_0368_JPG.rf.cb59c4e65279381b523dcb248ccc6d5b.jpg,Tomato,Tomato___Target_Spot,Sylhet-Tomato-Dataset,"Sylhet Agricultural University Tomato Leaf Diseases Dataset, Roboflow CC-BY / Public Domain",6393c9864c03c1d2f95b08398c06ea4685cb51ba47ff052e55dc2b947cd7a817,True
D:\CropDiseaseProject\results\model_robustness_audit\audit_images\track_b_external\tomato\Tomato___Target_Spot\rk_sau_IMG_0377_JPG.rf.0478caa2ea865d4f7d3a202ed2c93e9d.jpg,results\model_robustness_audit\audit_images\track_b_external\tomato\Tomato___Target_Spot\rk_sau_IMG_0377_JPG.rf.0478caa2ea865d4f7d3a202ed2c93e9d.jpg,Tomato,Tomato___Target_Spot,Sylhet-Tomato-Dataset,"Sylhet Agricultural University Tomato Leaf Diseases Dataset, Roboflow CC-BY / Public Domain",e6671a166ce9a540766e6301d7e3e51440b0dafc6cef25d0d4b1d2648047544a,True
D:\CropDiseaseProject\results\model_robustness_audit\audit_images\track_b_external\tomato\Tomato___Target_Spot\rk_sau_IMG_0377_JPG.rf.8ff17327d2b14e1859bb8e3cb97f14d2.jpg,results\model_robustness_audit\audit_images\track_b_external\tomato\Tomato___Target_Spot\rk_sau_IMG_0377_JPG.rf.8ff17327d2b14e1859bb8e3cb97f14d2.jpg,Tomato,Tomato___Target_Spot,Sylhet-Tomato-Dataset,"Sylhet Agricultural University Tomato Leaf Diseases Dataset, Roboflow CC-BY / Public Domain",00e825b9f400aea5462b9a823650e374fa78ded17ce26ca80dca295d86059431,True
D:\CropDiseaseProject\results\model_robustness_audit\audit_images\track_b_external\tomato\Tomato___Target_Spot\rk_sau_IMG_0377_JPG.rf.acf9b672173ce2a57dd348f39b65394e.jpg,results\model_robustness_audit\audit_images\track_b_external\tomato\Tomato___Target_Spot\rk_sau_IMG_0377_JPG.rf.acf9b672173ce2a57dd348f39b65394e.jpg,Tomato,Tomato___Target_Spot,Sylhet-Tomato-Dataset,"Sylhet Agricultural University Tomato Leaf Diseases Dataset, Roboflow CC-BY / Public Domain",baf47ac69aa8da7647b78b26b894f8cef64c1a3af8cbc7d7d60630a169dd41da,True
D:\CropDiseaseProject\results\model_robustness_audit\audit_images\track_b_external\tomato\Tomato___Target_Spot\rk_sau_IMG_0997_JPG.rf.0a42d559759d32c155086347939521ac.jpg,results\model_robustness_audit\audit_images\track_b_external\tomato\Tomato___Target_Spot\rk_sau_IMG_0997_JPG.rf.0a42d559759d32c155086347939521ac.jpg,Tomato,Tomato___Target_Spot,Sylhet-Tomato-Dataset,"Sylhet Agricultural University Tomato Leaf Diseases Dataset, Roboflow CC-BY / Public Domain",7bbac5747f9db4e890fc7fd537073c6dd5a9bcdb02087e3f10fb739555df746a,True
D:\CropDiseaseProject\results\model_robustness_audit\audit_images\track_b_external\tomato\Tomato___Target_Spot\rk_sau_IMG_0997_JPG.rf.4fdb387441f1bc4a90707e86601ba0b2.jpg,results\model_robustness_audit\audit_images\track_b_external\tomato\Tomato___Target_Spot\rk_sau_IMG_0997_JPG.rf.4fdb387441f1bc4a90707e86601ba0b2.jpg,Tomato,Tomato___Target_Spot,Sylhet-Tomato-Dataset,"Sylhet Agricultural University Tomato Leaf Diseases Dataset, Roboflow CC-BY / Public Domain",98d1389bd5390a39c26ab80f2f6f355571b9ca227e34fce08e1beda264614b46,True
D:\CropDiseaseProject\results\model_robustness_audit\audit_images\track_b_external\tomato\Tomato___Target_Spot\rk_sau_IMG_0997_JPG.rf.6158418243a36df6b523e93ea324fc3b.jpg,results\model_robustness_audit\audit_images\track_b_external\tomato\Tomato___Target_Spot\rk_sau_IMG_0997_JPG.rf.6158418243a36df6b523e93ea324fc3b.jpg,Tomato,Tomato___Target_Spot,Sylhet-Tomato-Dataset,"Sylhet Agricultural University Tomato Leaf Diseases Dataset, Roboflow CC-BY / Public Domain",76f50f0e5d28cddacbd57dc2d20ba9a8d943d32a9e55497f9290d46a1233c7d3,True
D:\CropDiseaseProject\results\model_robustness_audit\audit_images\track_b_external\tomato\Tomato___Target_Spot\rk_sau_IMG_1051_JPG.rf.102855683e83a3c0007a0bf7b092a200.jpg,results\model_robustness_audit\audit_images\track_b_external\tomato\Tomato___Target_Spot\rk_sau_IMG_1051_JPG.rf.102855683e83a3c0007a0bf7b092a200.jpg,Tomato,Tomato___Target_Spot,Sylhet-Tomato-Dataset,"Sylhet Agricultural University Tomato Leaf Diseases Dataset, Roboflow CC-BY / Public Domain",40c481ba3e895149c0dca40ecc4b3a9de272dc612bf0b19bff6e10b6fc7c5f79,True
D:\CropDiseaseProject\results\model_robustness_audit\audit_images\track_b_external\tomato\Tomato___Target_Spot\rk_sau_IMG_1051_JPG.rf.b7eccf3fb9cb45a4ba170b34648f2869.jpg,results\model_robustness_audit\audit_images\track_b_external\tomato\Tomato___Target_Spot\rk_sau_IMG_1051_JPG.rf.b7eccf3fb9cb45a4ba170b34648f2869.jpg,Tomato,Tomato___Target_Spot,Sylhet-Tomato-Dataset,"Sylhet Agricultural University Tomato Leaf Diseases Dataset, Roboflow CC-BY / Public Domain",28aaced61160dac67a9b0a3fbc360701c59c0cd6f5a47e5eb0dbae8836a018f0,True
D:\CropDiseaseProject\results\model_robustness_audit\audit_images\track_b_external\tomato\Tomato___Target_Spot\rk_sau_IMG_1051_JPG.rf.cfbec8fbdd22aa79605bfae78725f544.jpg,results\model_robustness_audit\audit_images\track_b_external\tomato\Tomato___Target_Spot\rk_sau_IMG_1051_JPG.rf.cfbec8fbdd22aa79605bfae78725f544.jpg,Tomato,Tomato___Target_Spot,Sylhet-Tomato-Dataset,"Sylhet Agricultural University Tomato Leaf Diseases Dataset, Roboflow CC-BY / Public Domain",af643e066e6b8827b09190d0c6161835e9b3ab00ab007af46dc4fc178dfcf4db,True
D:\CropDiseaseProject\results\model_robustness_audit\audit_images\track_b_external\tomato\Tomato___Target_Spot\rk_sau_IMG_1109_JPG.rf.1ae49ca08aa9c7cbeaf6872207549cda.jpg,results\model_robustness_audit\audit_images\track_b_external\tomato\Tomato___Target_Spot\rk_sau_IMG_1109_JPG.rf.1ae49ca08aa9c7cbeaf6872207549cda.jpg,Tomato,Tomato___Target_Spot,Sylhet-Tomato-Dataset,"Sylhet Agricultural University Tomato Leaf Diseases Dataset, Roboflow CC-BY / Public Domain",4a1d6cf7b5b8ab2295e2df16ad86faf2d3ec6ec8c43d6c0b96f1e0071dd92e6d,True
D:\CropDiseaseProject\results\model_robustness_audit\audit_images\track_b_external\tomato\Tomato___Target_Spot\rk_sau_IMG_1109_JPG.rf.534375443bfb4758c17b7bcfbdf125ef.jpg,results\model_robustness_audit\audit_images\track_b_external\tomato\Tomato___Target_Spot\rk_sau_IMG_1109_JPG.rf.534375443bfb4758c17b7bcfbdf125ef.jpg,Tomato,Tomato___Target_Spot,Sylhet-Tomato-Dataset,"Sylhet Agricultural University Tomato Leaf Diseases Dataset, Roboflow CC-BY / Public Domain",f84f1ee2989510643fa84cc98a1fbb6ee0be45620674da194ec2ea01df7c1ee5,True
D:\CropDiseaseProject\results\model_robustness_audit\audit_images\track_b_external\tomato\Tomato___Target_Spot\rk_sau_IMG_1109_JPG.rf.c085cca696ee85d4a648d110f49d96e7.jpg,results\model_robustness_audit\audit_images\track_b_external\tomato\Tomato___Target_Spot\rk_sau_IMG_1109_JPG.rf.c085cca696ee85d4a648d110f49d96e7.jpg,Tomato,Tomato___Target_Spot,Sylhet-Tomato-Dataset,"Sylhet Agricultural University Tomato Leaf Diseases Dataset, Roboflow CC-BY / Public Domain",6bdab16be220eef3d419f27a4bd8829035ad3082bebe2e84878a89ccff6690b7,True
D:\CropDiseaseProject\results\model_robustness_audit\audit_images\track_b_external\tomato\Tomato___Target_Spot\rk_sau_IMG_1136_JPG.rf.7b812b71128bd9323872134dd4fb6cab.jpg,results\model_robustness_audit\audit_images\track_b_external\tomato\Tomato___Target_Spot\rk_sau_IMG_1136_JPG.rf.7b812b71128bd9323872134dd4fb6cab.jpg,Tomato,Tomato___Target_Spot,Sylhet-Tomato-Dataset,"Sylhet Agricultural University Tomato Leaf Diseases Dataset, Roboflow CC-BY / Public Domain",d2fe0ce7f0caf27ccad010eb0bd3830fc0e2c288b151855f1642963afa052e21,True
D:\CropDiseaseProject\results\model_robustness_audit\audit_images\track_b_external\tomato\Tomato___Target_Spot\rk_sau_IMG_1136_JPG.rf.9b5aa66a76a7d7bc25338d96f64c230b.jpg,results\model_robustness_audit\audit_images\track_b_external\tomato\Tomato___Target_Spot\rk_sau_IMG_1136_JPG.rf.9b5aa66a76a7d7bc25338d96f64c230b.jpg,Tomato,Tomato___Target_Spot,Sylhet-Tomato-Dataset,"Sylhet Agricultural University Tomato Leaf Diseases Dataset, Roboflow CC-BY / Public Domain",9de760b1a1aa013c8dd08ae39fc4d81281298afdde33276e8164150064eb6f41,True
D:\CropDiseaseProject\results\model_robustness_audit\audit_images\track_b_external\tomato\Tomato___Target_Spot\rk_sau_IMG_1136_JPG.rf.a67403b1f7e419108c5cfedd16c22348.jpg,results\model_robustness_audit\audit_images\track_b_external\tomato\Tomato___Target_Spot\rk_sau_IMG_1136_JPG.rf.a67403b1f7e419108c5cfedd16c22348.jpg,Tomato,Tomato___Target_Spot,Sylhet-Tomato-Dataset,"Sylhet Agricultural University Tomato Leaf Diseases Dataset, Roboflow CC-BY / Public Domain",58aac8733b5932b40b8948a588dee819a308ed88ff688e533b5a099546c424a9,True
D:\CropDiseaseProject\results\model_robustness_audit\audit_images\track_b_external\tomato\Tomato___Target_Spot\rk_sau_IMG_1137_JPG.rf.1f210a0df427f4bb2d80e3a1ee91cb2f.jpg,results\model_robustness_audit\audit_images\track_b_external\tomato\Tomato___Target_Spot\rk_sau_IMG_1137_JPG.rf.1f210a0df427f4bb2d80e3a1ee91cb2f.jpg,Tomato,Tomato___Target_Spot,Sylhet-Tomato-Dataset,"Sylhet Agricultural University Tomato Leaf Diseases Dataset, Roboflow CC-BY / Public Domain",ce23f02ad86333da6cee6c27555ef80611423b2e6488fb083d8f8dab2a2be98b,True
D:\CropDiseaseProject\results\model_robustness_audit\audit_images\track_b_external\grape\Black Rot\baliwaka_00000001.jpg,results\model_robustness_audit\audit_images\track_b_external\grape\Black Rot\baliwaka_00000001.jpg,Grape,Black Rot,AI-Challenger-2018-Grape,AI Challenger 2018 Grape Leaf Disease Dataset (baliwaka repo),4b3295ad89f8142440960413b637cad7c06bb61abcdc06a179f1a9d1b73fa56a,True
D:\CropDiseaseProject\results\model_robustness_audit\audit_images\track_b_external\grape\Black Rot\baliwaka_00000002.jpg,results\model_robustness_audit\audit_images\track_b_external\grape\Black Rot\baliwaka_00000002.jpg,Grape,Black Rot,AI-Challenger-2018-Grape,AI Challenger 2018 Grape Leaf Disease Dataset (baliwaka repo),1bc64a464641ad4a43b6c886cba2a1b13a242120f9771d72f23430cd3c6af947,True
D:\CropDiseaseProject\results\model_robustness_audit\audit_images\track_b_external\grape\Black Rot\baliwaka_00000003.jpg,results\model_robustness_audit\audit_images\track_b_external\grape\Black Rot\baliwaka_00000003.jpg,Grape,Black Rot,AI-Challenger-2018-Grape,AI Challenger 2018 Grape Leaf Disease Dataset (baliwaka repo),75ff5613c799a65fe6100b50ab0dae081180898ef2915e88d161211b8b0b04e1,True
D:\CropDiseaseProject\results\model_robustness_audit\audit_images\track_b_external\grape\Black Rot\baliwaka_00000004.jpg,results\model_robustness_audit\audit_images\track_b_external\grape\Black Rot\baliwaka_00000004.jpg,Grape,Black Rot,AI-Challenger-2018-Grape,AI Challenger 2018 Grape Leaf Disease Dataset (baliwaka repo),d325e2733c859d65bf3c5065c79742f7d3564349899a3479399ac814ea260b46,True
D:\CropDiseaseProject\results\model_robustness_audit\audit_images\track_b_external\grape\Black Rot\baliwaka_00000005.jpg,results\model_robustness_audit\audit_images\track_b_external\grape\Black Rot\baliwaka_00000005.jpg,Grape,Black Rot,AI-Challenger-2018-Grape,AI Challenger 2018 Grape Leaf Disease Dataset (baliwaka repo),5ba9d56504b15ae1373d0b26e5b9c4464b3ac6f736171e38e4f8a67147aea049,True
D:\CropDiseaseProject\results\model_robustness_audit\audit_images\track_b_external\grape\Black Rot\baliwaka_00000006.jpg,results\model_robustness_audit\audit_images\track_b_external\grape\Black Rot\baliwaka_00000006.jpg,Grape,Black Rot,AI-Challenger-2018-Grape,AI Challenger 2018 Grape Leaf Disease Dataset (baliwaka repo),6b985e4269e59ac0c65342aecf5c6302340a34763a1b74c31e45fcfc43b9db9d,True
D:\CropDiseaseProject\results\model_robustness_audit\audit_images\track_b_external\grape\Black Rot\baliwaka_00000007.jpg,results\model_robustness_audit\audit_images\track_b_external\grape\Black Rot\baliwaka_00000007.jpg,Grape,Black Rot,AI-Challenger-2018-Grape,AI Challenger 2018 Grape Leaf Disease Dataset (baliwaka repo),3b40fcc166521f11841961ba08e8c366cecb8ad516caf03e3f962223970bea7e,True
D:\CropDiseaseProject\results\model_robustness_audit\audit_images\track_b_external\grape\Black Rot\baliwaka_00000008.jpg,results\model_robustness_audit\audit_images\track_b_external\grape\Black Rot\baliwaka_00000008.jpg,Grape,Black Rot,AI-Challenger-2018-Grape,AI Challenger 2018 Grape Leaf Disease Dataset (baliwaka repo),0bd2f65419d76755401a26e4104939e31ce7a57f5f902580f4faba580e516db8,True
D:\CropDiseaseProject\results\model_robustness_audit\audit_images\track_b_external\grape\Black Rot\baliwaka_00000009.jpg,results\model_robustness_audit\audit_images\track_b_external\grape\Black Rot\baliwaka_00000009.jpg,Grape,Black Rot,AI-Challenger-2018-Grape,AI Challenger 2018 Grape Leaf Disease Dataset (baliwaka repo),1a305c42b4914cdb34b3e592e83e059e06752eb4f6e5416c2b754c70e63a8743,True
D:\CropDiseaseProject\results\model_robustness_audit\audit_images\track_b_external\grape\Black Rot\baliwaka_00000010.jpg,results\model_robustness_audit\audit_images\track_b_external\grape\Black Rot\baliwaka_00000010.jpg,Grape,Black Rot,AI-Challenger-2018-Grape,AI Challenger 2018 Grape Leaf Disease Dataset (baliwaka repo),013e2c3814586b920fcdca8799eafad985943c65bbd308fea0dccf2a62ce37fb,True
D:\CropDiseaseProject\results\model_robustness_audit\audit_images\track_b_external\grape\Black Rot\baliwaka_00000011.jpg,results\model_robustness_audit\audit_images\track_b_external\grape\Black Rot\baliwaka_00000011.jpg,Grape,Black Rot,AI-Challenger-2018-Grape,AI Challenger 2018 Grape Leaf Disease Dataset (baliwaka repo),b55b92c2b1337e4741fd4c78042f5c12e228c6f717d6cf6c12a70219d8c15cb7,True
D:\CropDiseaseProject\results\model_robustness_audit\audit_images\track_b_external\grape\Black Rot\baliwaka_00000012.jpg,results\model_robustness_audit\audit_images\track_b_external\grape\Black Rot\baliwaka_00000012.jpg,Grape,Black Rot,AI-Challenger-2018-Grape,AI Challenger 2018 Grape Leaf Disease Dataset (baliwaka repo),39f1acb105db33a9002ee473d7dcad7c37500b0b217e6bd09169396510f1a0f9,True
D:\CropDiseaseProject\results\model_robustness_audit\audit_images\track_b_external\grape\Black Rot\baliwaka_00000013.jpg,results\model_robustness_audit\audit_images\track_b_external\grape\Black Rot\baliwaka_00000013.jpg,Grape,Black Rot,AI-Challenger-2018-Grape,AI Challenger 2018 Grape Leaf Disease Dataset (baliwaka repo),b21cd3df1792d6258d969757b33a6621a4c297965432f9613463eb5c74955826,True
D:\CropDiseaseProject\results\model_robustness_audit\audit_images\track_b_external\grape\Black Rot\baliwaka_00000014.jpg,results\model_robustness_audit\audit_images\track_b_external\grape\Black Rot\baliwaka_00000014.jpg,Grape,Black Rot,AI-Challenger-2018-Grape,AI Challenger 2018 Grape Leaf Disease Dataset (baliwaka repo),bfb0160af12b26cf41be685347c7dddfdef432e7de37b76e94ba3e063bf4065d,True
D:\CropDiseaseProject\results\model_robustness_audit\audit_images\track_b_external\grape\Black Rot\baliwaka_00000015.jpg,results\model_robustness_audit\audit_images\track_b_external\grape\Black Rot\baliwaka_00000015.jpg,Grape,Black Rot,AI-Challenger-2018-Grape,AI Challenger 2018 Grape Leaf Disease Dataset (baliwaka repo),4c46e2807fe7af952bdcfdd8e305ea577a03e483e45c2e302c5b3f6a1346ebda,True
D:\CropDiseaseProject\results\model_robustness_audit\audit_images\track_b_external\grape\Black Rot\baliwaka_00000016.jpg,results\model_robustness_audit\audit_images\track_b_external\grape\Black Rot\baliwaka_00000016.jpg,Grape,Black Rot,AI-Challenger-2018-Grape,AI Challenger 2018 Grape Leaf Disease Dataset (baliwaka repo),06dbfc6a610df404f4ada79d138bd5ebe2dfa768a40a18db644e1808b600d19a,True
D:\CropDiseaseProject\results\model_robustness_audit\audit_images\track_b_external\grape\Black Rot\baliwaka_00000017.jpg,results\model_robustness_audit\audit_images\track_b_external\grape\Black Rot\baliwaka_00000017.jpg,Grape,Black Rot,AI-Challenger-2018-Grape,AI Challenger 2018 Grape Leaf Disease Dataset (baliwaka repo),4e35e816a1fdb84d5705e4e8720be6a849fea37b87aedfca2be7ebde7e97bf09,True
D:\CropDiseaseProject\results\model_robustness_audit\audit_images\track_b_external\grape\Black Rot\baliwaka_00000018.jpg,results\model_robustness_audit\audit_images\track_b_external\grape\Black Rot\baliwaka_00000018.jpg,Grape,Black Rot,AI-Challenger-2018-Grape,AI Challenger 2018 Grape Leaf Disease Dataset (baliwaka repo),6c16542b78341420efbc471e8547b2763c022aa9864151f062b14a9db9d595a8,True
D:\CropDiseaseProject\results\model_robustness_audit\audit_images\track_b_external\grape\Black Rot\baliwaka_00000019.jpg,results\model_robustness_audit\audit_images\track_b_external\grape\Black Rot\baliwaka_00000019.jpg,Grape,Black Rot,AI-Challenger-2018-Grape,AI Challenger 2018 Grape Leaf Disease Dataset (baliwaka repo),103ec79582052e353918c9249056990f8d40154ec9a181812fb4442159d4e45e,True
D:\CropDiseaseProject\results\model_robustness_audit\audit_images\track_b_external\grape\Black Rot\baliwaka_00000020.jpg,results\model_robustness_audit\audit_images\track_b_external\grape\Black Rot\baliwaka_00000020.jpg,Grape,Black Rot,AI-Challenger-2018-Grape,AI Challenger 2018 Grape Leaf Disease Dataset (baliwaka repo),b71ee0c5a979496431deb33d91afe86d25523ae0dec8aec5070f4f89196fa2f9,True
D:\CropDiseaseProject\results\model_robustness_audit\audit_images\track_b_external\grape\Black Rot\baliwaka_00000021.jpg,results\model_robustness_audit\audit_images\track_b_external\grape\Black Rot\baliwaka_00000021.jpg,Grape,Black Rot,AI-Challenger-2018-Grape,AI Challenger 2018 Grape Leaf Disease Dataset (baliwaka repo),362b0e5b6eb8a1dfdfb2c97c0971e35f3ea545ff0d4712fa5d6968e98447743f,True
D:\CropDiseaseProject\results\model_robustness_audit\audit_images\track_b_external\grape\Black Rot\baliwaka_00000022.jpg,results\model_robustness_audit\audit_images\track_b_external\grape\Black Rot\baliwaka_00000022.jpg,Grape,Black Rot,AI-Challenger-2018-Grape,AI Challenger 2018 Grape Leaf Disease Dataset (baliwaka repo),529d337006c09b76863c16e8138755b272657a98cd8fa620ba6d2a206f95e53e,True
D:\CropDiseaseProject\results\model_robustness_audit\audit_images\track_b_external\grape\Black Rot\baliwaka_00000023.jpg,results\model_robustness_audit\audit_images\track_b_external\grape\Black Rot\baliwaka_00000023.jpg,Grape,Black Rot,AI-Challenger-2018-Grape,AI Challenger 2018 Grape Leaf Disease Dataset (baliwaka repo),db9840c64d4262aaa0d197eb6cf1cb0bb47075b308f187321f60771146b5c7d1,True
D:\CropDiseaseProject\results\model_robustness_audit\audit_images\track_b_external\grape\Black Rot\baliwaka_00000024.jpg,results\model_robustness_audit\audit_images\track_b_external\grape\Black Rot\baliwaka_00000024.jpg,Grape,Black Rot,AI-Challenger-2018-Grape,AI Challenger 2018 Grape Leaf Disease Dataset (baliwaka repo),7f9cd752496d4b2620ce74f882aba0d134602c68ba589f48a0bd98cea1605faa,True
D:\CropDiseaseProject\results\model_robustness_audit\audit_images\track_b_external\grape\Black Rot\baliwaka_00000025.jpg,results\model_robustness_audit\audit_images\track_b_external\grape\Black Rot\baliwaka_00000025.jpg,Grape,Black Rot,AI-Challenger-2018-Grape,AI Challenger 2018 Grape Leaf Disease Dataset (baliwaka repo),46e6d71416253e4d56eb946e1f0f6594fed162c60dda8c3587529f51b66f7649,True
D:\CropDiseaseProject\results\model_robustness_audit\audit_images\track_b_external\grape\Black Rot\baliwaka_00000026.jpg,results\model_robustness_audit\audit_images\track_b_external\grape\Black Rot\baliwaka_00000026.jpg,Grape,Black Rot,AI-Challenger-2018-Grape,AI Challenger 2018 Grape Leaf Disease Dataset (baliwaka repo),fb603e41fdcc96fb3476cf03cf814be17f4403e5683f805b09d101c10013ab15,True
D:\CropDiseaseProject\results\model_robustness_audit\audit_images\track_b_external\grape\Black Rot\baliwaka_00000027.jpg,results\model_robustness_audit\audit_images\track_b_external\grape\Black Rot\baliwaka_00000027.jpg,Grape,Black Rot,AI-Challenger-2018-Grape,AI Challenger 2018 Grape Leaf Disease Dataset (baliwaka repo),f4504dd97c0d10d3d2f29673b2bf9593c23ef093e1456824dae945526d9ec12c,True
D:\CropDiseaseProject\results\model_robustness_audit\audit_images\track_b_external\grape\Black Rot\baliwaka_00000028.jpg,results\model_robustness_audit\audit_images\track_b_external\grape\Black Rot\baliwaka_00000028.jpg,Grape,Black Rot,AI-Challenger-2018-Grape,AI Challenger 2018 Grape Leaf Disease Dataset (baliwaka repo),ac55f8728f89c53e06987f8a8b6c386d033f70e44694ee2c22eb8efc0ca8907b,True
D:\CropDiseaseProject\results\model_robustness_audit\audit_images\track_b_external\grape\Black Rot\baliwaka_00000029.jpg,results\model_robustness_audit\audit_images\track_b_external\grape\Black Rot\baliwaka_00000029.jpg,Grape,Black Rot,AI-Challenger-2018-Grape,AI Challenger 2018 Grape Leaf Disease Dataset (baliwaka repo),2a6c2be67ec80f0a47d34429d75ab2354a949c9aab261e51d373aa3f69a912d4,True
D:\CropDiseaseProject\results\model_robustness_audit\audit_images\track_b_external\grape\Black Rot\baliwaka_00000030.jpg,results\model_robustness_audit\audit_images\track_b_external\grape\Black Rot\baliwaka_00000030.jpg,Grape,Black Rot,AI-Challenger-2018-Grape,AI Challenger 2018 Grape Leaf Disease Dataset (baliwaka repo),cb4c57c06b6524edd676dde4fb00f47292d31868d75347dede9b6744a7f093c3,True
D:\CropDiseaseProject\results\model_robustness_audit\audit_images\track_b_external\grape\Esca (Black Measles)\baliwaka_00000001.jpg,results\model_robustness_audit\audit_images\track_b_external\grape\Esca (Black Measles)\baliwaka_00000001.jpg,Grape,Esca (Black Measles),AI-Challenger-2018-Grape,AI Challenger 2018 Grape Leaf Disease Dataset (baliwaka repo),6e834be8d2e9e21811667bb048f26f03f8fb19332ad13c84b819a7715344ab63,True
D:\CropDiseaseProject\results\model_robustness_audit\audit_images\track_b_external\grape\Esca (Black Measles)\baliwaka_00000002.jpg,results\model_robustness_audit\audit_images\track_b_external\grape\Esca (Black Measles)\baliwaka_00000002.jpg,Grape,Esca (Black Measles),AI-Challenger-2018-Grape,AI Challenger 2018 Grape Leaf Disease Dataset (baliwaka repo),39af9877fe78b1ecc7ce932cdffbb43100d503c0b7b220dd487370c2ecfed37c,True
D:\CropDiseaseProject\results\model_robustness_audit\audit_images\track_b_external\grape\Esca (Black Measles)\baliwaka_00000003.jpg,results\model_robustness_audit\audit_images\track_b_external\grape\Esca (Black Measles)\baliwaka_00000003.jpg,Grape,Esca (Black Measles),AI-Challenger-2018-Grape,AI Challenger 2018 Grape Leaf Disease Dataset (baliwaka repo),e9d7bc0f51127dff59ba65a5a37fb6aba978674439171ac10a9319100929ef42,True
D:\CropDiseaseProject\results\model_robustness_audit\audit_images\track_b_external\grape\Esca (Black Measles)\baliwaka_00000004.jpg,results\model_robustness_audit\audit_images\track_b_external\grape\Esca (Black Measles)\baliwaka_00000004.jpg,Grape,Esca (Black Measles),AI-Challenger-2018-Grape,AI Challenger 2018 Grape Leaf Disease Dataset (baliwaka repo),86b352ccede1b5487f83f7e40c17a615783c93fe3f15dca462438917be49668e,True
D:\CropDiseaseProject\results\model_robustness_audit\audit_images\track_b_external\grape\Esca (Black Measles)\baliwaka_00000005.jpg,results\model_robustness_audit\audit_images\track_b_external\grape\Esca (Black Measles)\baliwaka_00000005.jpg,Grape,Esca (Black Measles),AI-Challenger-2018-Grape,AI Challenger 2018 Grape Leaf Disease Dataset (baliwaka repo),ab721a8ae90c39f053b5764ddea5ce7be0cb47af5097e1d02e6c6d2245472f3b,True
D:\CropDiseaseProject\results\model_robustness_audit\audit_images\track_b_external\grape\Esca (Black Measles)\baliwaka_00000006.jpg,results\model_robustness_audit\audit_images\track_b_external\grape\Esca (Black Measles)\baliwaka_00000006.jpg,Grape,Esca (Black Measles),AI-Challenger-2018-Grape,AI Challenger 2018 Grape Leaf Disease Dataset (baliwaka repo),8d2de1de32c7d3f96a39e886a9aad6db2ccc7aebb42527edaacd3dd8ea8668cc,True
D:\CropDiseaseProject\results\model_robustness_audit\audit_images\track_b_external\grape\Esca (Black Measles)\baliwaka_00000007.jpg,results\model_robustness_audit\audit_images\track_b_external\grape\Esca (Black Measles)\baliwaka_00000007.jpg,Grape,Esca (Black Measles),AI-Challenger-2018-Grape,AI Challenger 2018 Grape Leaf Disease Dataset (baliwaka repo),891625ea611284b3e9f73ece3f3dc405cb64bf26b05cc5258a6d3c51e7e70173,True
D:\CropDiseaseProject\results\model_robustness_audit\audit_images\track_b_external\grape\Esca (Black Measles)\baliwaka_00000008.jpg,results\model_robustness_audit\audit_images\track_b_external\grape\Esca (Black Measles)\baliwaka_00000008.jpg,Grape,Esca (Black Measles),AI-Challenger-2018-Grape,AI Challenger 2018 Grape Leaf Disease Dataset (baliwaka repo),fd1fbb8ea43b821ec42a2a5f9a4ce62e8208f57d9e431712f677fa0183ac247c,True
D:\CropDiseaseProject\results\model_robustness_audit\audit_images\track_b_external\grape\Esca (Black Measles)\baliwaka_00000009.jpg,results\model_robustness_audit\audit_images\track_b_external\grape\Esca (Black Measles)\baliwaka_00000009.jpg,Grape,Esca (Black Measles),AI-Challenger-2018-Grape,AI Challenger 2018 Grape Leaf Disease Dataset (baliwaka repo),62c6b5852f244960c3ef2ca828f62a8ccd04099652fb397a1089a7c04c53e746,True
D:\CropDiseaseProject\results\model_robustness_audit\audit_images\track_b_external\grape\Esca (Black Measles)\baliwaka_00000010.jpg,results\model_robustness_audit\audit_images\track_b_external\grape\Esca (Black Measles)\baliwaka_00000010.jpg,Grape,Esca (Black Measles),AI-Challenger-2018-Grape,AI Challenger 2018 Grape Leaf Disease Dataset (baliwaka repo),18b232118a857bbb080613a868e0882ebfc910e9b42d1598c6440acb06f43742,True
D:\CropDiseaseProject\results\model_robustness_audit\audit_images\track_b_external\grape\Esca (Black Measles)\baliwaka_00000011.jpg,results\model_robustness_audit\audit_images\track_b_external\grape\Esca (Black Measles)\baliwaka_00000011.jpg,Grape,Esca (Black Measles),AI-Challenger-2018-Grape,AI Challenger 2018 Grape Leaf Disease Dataset (baliwaka repo),3857646f0e6208c0096184b2c6bdfa2a627dd4ab8e5cef89b208a9291f90b217,True
D:\CropDiseaseProject\results\model_robustness_audit\audit_images\track_b_external\grape\Esca (Black Measles)\baliwaka_00000012.jpg,results\model_robustness_audit\audit_images\track_b_external\grape\Esca (Black Measles)\baliwaka_00000012.jpg,Grape,Esca (Black Measles),AI-Challenger-2018-Grape,AI Challenger 2018 Grape Leaf Disease Dataset (baliwaka repo),ffb11c0caa5f3ddf4592e456cc6235e9f0a542d07de2a764485b78e385c56534,True
D:\CropDiseaseProject\results\model_robustness_audit\audit_images\track_b_external\grape\Esca (Black Measles)\baliwaka_00000013.jpg,results\model_robustness_audit\audit_images\track_b_external\grape\Esca (Black Measles)\baliwaka_00000013.jpg,Grape,Esca (Black Measles),AI-Challenger-2018-Grape,AI Challenger 2018 Grape Leaf Disease Dataset (baliwaka repo),37e15e1ac454c18627b0f24159eb1c825ece26fbd6a606ea43ed431f1e37132e,True
D:\CropDiseaseProject\results\model_robustness_audit\audit_images\track_b_external\grape\Esca (Black Measles)\baliwaka_00000014.jpg,results\model_robustness_audit\audit_images\track_b_external\grape\Esca (Black Measles)\baliwaka_00000014.jpg,Grape,Esca (Black Measles),AI-Challenger-2018-Grape,AI Challenger 2018 Grape Leaf Disease Dataset (baliwaka repo),2139c276e210eca901318eebd198bef5859e83bd4c4b7a83088fb636a8db3882,True
D:\CropDiseaseProject\results\model_robustness_audit\audit_images\track_b_external\grape\Esca (Black Measles)\baliwaka_00000015.jpg,results\model_robustness_audit\audit_images\track_b_external\grape\Esca (Black Measles)\baliwaka_00000015.jpg,Grape,Esca (Black Measles),AI-Challenger-2018-Grape,AI Challenger 2018 Grape Leaf Disease Dataset (baliwaka repo),472af12a54752ee6f3cbe193c74c9801f81354ed33d8d88887ad6bcc0c34a1e4,True
D:\CropDiseaseProject\results\model_robustness_audit\audit_images\track_b_external\grape\Esca (Black Measles)\baliwaka_00000016.jpg,results\model_robustness_audit\audit_images\track_b_external\grape\Esca (Black Measles)\baliwaka_00000016.jpg,Grape,Esca (Black Measles),AI-Challenger-2018-Grape,AI Challenger 2018 Grape Leaf Disease Dataset (baliwaka repo),080aa2e31d2300726bd9c08fb023848cf597ecf1ba404e5c9d9bd2dc1240ebb7,True
D:\CropDiseaseProject\results\model_robustness_audit\audit_images\track_b_external\grape\Esca (Black Measles)\baliwaka_00000017.jpg,results\model_robustness_audit\audit_images\track_b_external\grape\Esca (Black Measles)\baliwaka_00000017.jpg,Grape,Esca (Black Measles),AI-Challenger-2018-Grape,AI Challenger 2018 Grape Leaf Disease Dataset (baliwaka repo),efbf9c9b56dcc64bad1719ee121b546211fb39bbe2f1d60bd7ee55ecb6c96ecb,True
D:\CropDiseaseProject\results\model_robustness_audit\audit_images\track_b_external\grape\Esca (Black Measles)\baliwaka_00000018.jpg,results\model_robustness_audit\audit_images\track_b_external\grape\Esca (Black Measles)\baliwaka_00000018.jpg,Grape,Esca (Black Measles),AI-Challenger-2018-Grape,AI Challenger 2018 Grape Leaf Disease Dataset (baliwaka repo),f6ae9a6194ebf86f7e39ac8a2027afc218de19f51d81b54becb49b7ac68b1e8f,True
D:\CropDiseaseProject\results\model_robustness_audit\audit_images\track_b_external\grape\Esca (Black Measles)\baliwaka_00000019.jpg,results\model_robustness_audit\audit_images\track_b_external\grape\Esca (Black Measles)\baliwaka_00000019.jpg,Grape,Esca (Black Measles),AI-Challenger-2018-Grape,AI Challenger 2018 Grape Leaf Disease Dataset (baliwaka repo),f4061045c3fb4b732cbe5c562c937d7e50e87f4a522a0d22d8785cc236e78ac0,True
D:\CropDiseaseProject\results\model_robustness_audit\audit_images\track_b_external\grape\Esca (Black Measles)\baliwaka_00000020.jpg,results\model_robustness_audit\audit_images\track_b_external\grape\Esca (Black Measles)\baliwaka_00000020.jpg,Grape,Esca (Black Measles),AI-Challenger-2018-Grape,AI Challenger 2018 Grape Leaf Disease Dataset (baliwaka repo),d6bf29b801a8e371bb8f5f70e2b071a57c247931f3d99e3e1ad02bceedc1c89f,True
D:\CropDiseaseProject\results\model_robustness_audit\audit_images\track_b_external\grape\Esca (Black Measles)\baliwaka_00000021.jpg,results\model_robustness_audit\audit_images\track_b_external\grape\Esca (Black Measles)\baliwaka_00000021.jpg,Grape,Esca (Black Measles),AI-Challenger-2018-Grape,AI Challenger 2018 Grape Leaf Disease Dataset (baliwaka repo),8e77410d9f1ba5e8c68f917b49a2b90bf49a2d04b199ae506ae4f0211b21bdd2,True
D:\CropDiseaseProject\results\model_robustness_audit\audit_images\track_b_external\grape\Esca (Black Measles)\baliwaka_00000022.jpg,results\model_robustness_audit\audit_images\track_b_external\grape\Esca (Black Measles)\baliwaka_00000022.jpg,Grape,Esca (Black Measles),AI-Challenger-2018-Grape,AI Challenger 2018 Grape Leaf Disease Dataset (baliwaka repo),42cec8c29649b730ff10ad276042630e7949b566245813a22100839df64e0221,True
D:\CropDiseaseProject\results\model_robustness_audit\audit_images\track_b_external\grape\Esca (Black Measles)\baliwaka_00000023.jpg,results\model_robustness_audit\audit_images\track_b_external\grape\Esca (Black Measles)\baliwaka_00000023.jpg,Grape,Esca (Black Measles),AI-Challenger-2018-Grape,AI Challenger 2018 Grape Leaf Disease Dataset (baliwaka repo),28ac024e0619192f22face5f117823f7dc3097fec0f9e7e9599abdeb4c257f94,True
D:\CropDiseaseProject\results\model_robustness_audit\audit_images\track_b_external\grape\Esca (Black Measles)\baliwaka_00000024.jpg,results\model_robustness_audit\audit_images\track_b_external\grape\Esca (Black Measles)\baliwaka_00000024.jpg,Grape,Esca (Black Measles),AI-Challenger-2018-Grape,AI Challenger 2018 Grape Leaf Disease Dataset (baliwaka repo),98b1ee6fb5a204ef61f10b01f79fb462aca6d71993c35f5974b993384b9a604a,True
D:\CropDiseaseProject\results\model_robustness_audit\audit_images\track_b_external\grape\Esca (Black Measles)\baliwaka_00000025.jpg,results\model_robustness_audit\audit_images\track_b_external\grape\Esca (Black Measles)\baliwaka_00000025.jpg,Grape,Esca (Black Measles),AI-Challenger-2018-Grape,AI Challenger 2018 Grape Leaf Disease Dataset (baliwaka repo),f97490a77c54ae41d6ef89e9d233c345c85447f4a17ca3981392c8e313904250,True
D:\CropDiseaseProject\results\model_robustness_audit\audit_images\track_b_external\grape\Esca (Black Measles)\baliwaka_00000026.jpg,results\model_robustness_audit\audit_images\track_b_external\grape\Esca (Black Measles)\baliwaka_00000026.jpg,Grape,Esca (Black Measles),AI-Challenger-2018-Grape,AI Challenger 2018 Grape Leaf Disease Dataset (baliwaka repo),100354214d06ebda253e8f45893cb4c003d113b15a6c826b13f1618bbb29b06d,True
D:\CropDiseaseProject\results\model_robustness_audit\audit_images\track_b_external\grape\Esca (Black Measles)\baliwaka_00000027.jpg,results\model_robustness_audit\audit_images\track_b_external\grape\Esca (Black Measles)\baliwaka_00000027.jpg,Grape,Esca (Black Measles),AI-Challenger-2018-Grape,AI Challenger 2018 Grape Leaf Disease Dataset (baliwaka repo),bd22055aaf2450520314cf34ebe3baf7309a0e94cba1bda52f52e8a6a9cbf92f,True
D:\CropDiseaseProject\results\model_robustness_audit\audit_images\track_b_external\grape\Esca (Black Measles)\baliwaka_00000028.jpg,results\model_robustness_audit\audit_images\track_b_external\grape\Esca (Black Measles)\baliwaka_00000028.jpg,Grape,Esca (Black Measles),AI-Challenger-2018-Grape,AI Challenger 2018 Grape Leaf Disease Dataset (baliwaka repo),1538dc52ad194fe1ab8063aa712149a55a79863da5e87924819746f5b91f2642,True
D:\CropDiseaseProject\results\model_robustness_audit\audit_images\track_b_external\grape\Esca (Black Measles)\baliwaka_00000029.jpg,results\model_robustness_audit\audit_images\track_b_external\grape\Esca (Black Measles)\baliwaka_00000029.jpg,Grape,Esca (Black Measles),AI-Challenger-2018-Grape,AI Challenger 2018 Grape Leaf Disease Dataset (baliwaka repo),2b6da8c1aa9d6285f8c4bb4ce702cd83f41058451156a6d6fed3d731415365d4,True
D:\CropDiseaseProject\results\model_robustness_audit\audit_images\track_b_external\grape\Esca (Black Measles)\baliwaka_00000030.jpg,results\model_robustness_audit\audit_images\track_b_external\grape\Esca (Black Measles)\baliwaka_00000030.jpg,Grape,Esca (Black Measles),AI-Challenger-2018-Grape,AI Challenger 2018 Grape Leaf Disease Dataset (baliwaka repo),a146e8a13976d3cb42559a5623ad81a919b2b7de680cf45fbdb3f2754fb53dff,True
D:\CropDiseaseProject\results\model_robustness_audit\audit_images\track_b_external\grape\Leaf Blight\baliwaka_00000001.jpg,results\model_robustness_audit\audit_images\track_b_external\grape\Leaf Blight\baliwaka_00000001.jpg,Grape,Leaf Blight,AI-Challenger-2018-Grape,AI Challenger 2018 Grape Leaf Disease Dataset (baliwaka repo),77833adc0f3c6a70556b71fb0134f0405d0089dfb64fa4ca1b96bec0b5c7857d,True
D:\CropDiseaseProject\results\model_robustness_audit\audit_images\track_b_external\grape\Leaf Blight\baliwaka_00000002.jpg,results\model_robustness_audit\audit_images\track_b_external\grape\Leaf Blight\baliwaka_00000002.jpg,Grape,Leaf Blight,AI-Challenger-2018-Grape,AI Challenger 2018 Grape Leaf Disease Dataset (baliwaka repo),dc2affa3c1468d6d1a5ba93c06199573f0e5a8d534cce6e8dcea4dedad3c0bfe,True
D:\CropDiseaseProject\results\model_robustness_audit\audit_images\track_b_external\grape\Leaf Blight\baliwaka_00000003.jpg,results\model_robustness_audit\audit_images\track_b_external\grape\Leaf Blight\baliwaka_00000003.jpg,Grape,Leaf Blight,AI-Challenger-2018-Grape,AI Challenger 2018 Grape Leaf Disease Dataset (baliwaka repo),e6bdd4f7b72258132010388131f48f7799fbfa519af77d9f670e60342ef7f7da,True
D:\CropDiseaseProject\results\model_robustness_audit\audit_images\track_b_external\grape\Leaf Blight\baliwaka_00000004.jpg,results\model_robustness_audit\audit_images\track_b_external\grape\Leaf Blight\baliwaka_00000004.jpg,Grape,Leaf Blight,AI-Challenger-2018-Grape,AI Challenger 2018 Grape Leaf Disease Dataset (baliwaka repo),2003354b5bb27f44d8ac6bc56a8dd5cc11b78badda5ed68432fe5f40aa8b0a5c,True
D:\CropDiseaseProject\results\model_robustness_audit\audit_images\track_b_external\grape\Leaf Blight\baliwaka_00000005.jpg,results\model_robustness_audit\audit_images\track_b_external\grape\Leaf Blight\baliwaka_00000005.jpg,Grape,Leaf Blight,AI-Challenger-2018-Grape,AI Challenger 2018 Grape Leaf Disease Dataset (baliwaka repo),16b363c4ecb2cc5bace5819657e4fce542ded7946bf7e20cd8c14a223004c4cd,True
D:\CropDiseaseProject\results\model_robustness_audit\audit_images\track_b_external\grape\Leaf Blight\baliwaka_00000006.jpg,results\model_robustness_audit\audit_images\track_b_external\grape\Leaf Blight\baliwaka_00000006.jpg,Grape,Leaf Blight,AI-Challenger-2018-Grape,AI Challenger 2018 Grape Leaf Disease Dataset (baliwaka repo),48e3c63fbb1d2b48f0db7aa73a676f0f5b402814e4df27469e163f372f1a01a6,True
D:\CropDiseaseProject\results\model_robustness_audit\audit_images\track_b_external\grape\Leaf Blight\baliwaka_00000007.jpg,results\model_robustness_audit\audit_images\track_b_external\grape\Leaf Blight\baliwaka_00000007.jpg,Grape,Leaf Blight,AI-Challenger-2018-Grape,AI Challenger 2018 Grape Leaf Disease Dataset (baliwaka repo),d3c4efa031dcc8d7545052b815e761b41f244911bb3e43ea4e16c045da1e9818,True
D:\CropDiseaseProject\results\model_robustness_audit\audit_images\track_b_external\grape\Leaf Blight\baliwaka_00000008.jpg,results\model_robustness_audit\audit_images\track_b_external\grape\Leaf Blight\baliwaka_00000008.jpg,Grape,Leaf Blight,AI-Challenger-2018-Grape,AI Challenger 2018 Grape Leaf Disease Dataset (baliwaka repo),d5469d513f834e196001efec297b799682e39069478816dc5b8d33028e8272c2,True
D:\CropDiseaseProject\results\model_robustness_audit\audit_images\track_b_external\grape\Leaf Blight\baliwaka_00000009.jpg,results\model_robustness_audit\audit_images\track_b_external\grape\Leaf Blight\baliwaka_00000009.jpg,Grape,Leaf Blight,AI-Challenger-2018-Grape,AI Challenger 2018 Grape Leaf Disease Dataset (baliwaka repo),3cfa5b6016fa0b16b83f0d2eb0af38acf592960450b948194d5fdaa4369cc16f,True
D:\CropDiseaseProject\results\model_robustness_audit\audit_images\track_b_external\grape\Leaf Blight\baliwaka_00000010.jpg,results\model_robustness_audit\audit_images\track_b_external\grape\Leaf Blight\baliwaka_00000010.jpg,Grape,Leaf Blight,AI-Challenger-2018-Grape,AI Challenger 2018 Grape Leaf Disease Dataset (baliwaka repo),20da515ccc6325598c4622fed734c6a0baba38fb596ae0d09ff4c58b22916c10,True
D:\CropDiseaseProject\results\model_robustness_audit\audit_images\track_b_external\grape\Leaf Blight\baliwaka_00000011.jpg,results\model_robustness_audit\audit_images\track_b_external\grape\Leaf Blight\baliwaka_00000011.jpg,Grape,Leaf Blight,AI-Challenger-2018-Grape,AI Challenger 2018 Grape Leaf Disease Dataset (baliwaka repo),82e3da2c1dfb175f030b2f5087111574d7a7242c9d707bc93b6c62d21fa5e517,True
D:\CropDiseaseProject\results\model_robustness_audit\audit_images\track_b_external\grape\Leaf Blight\baliwaka_00000012.jpg,results\model_robustness_audit\audit_images\track_b_external\grape\Leaf Blight\baliwaka_00000012.jpg,Grape,Leaf Blight,AI-Challenger-2018-Grape,AI Challenger 2018 Grape Leaf Disease Dataset (baliwaka repo),0004774ec3b94cd43dd7ff0726f1b82ef62719ecc6aa3c8029445862a9dee7ae,True
D:\CropDiseaseProject\results\model_robustness_audit\audit_images\track_b_external\grape\Leaf Blight\baliwaka_00000013.jpg,results\model_robustness_audit\audit_images\track_b_external\grape\Leaf Blight\baliwaka_00000013.jpg,Grape,Leaf Blight,AI-Challenger-2018-Grape,AI Challenger 2018 Grape Leaf Disease Dataset (baliwaka repo),361aad5b59047dcbf8f6fdfce1afd45bbc2aa17825d18e6e0bbe0becca236a00,True
D:\CropDiseaseProject\results\model_robustness_audit\audit_images\track_b_external\grape\Leaf Blight\baliwaka_00000014.jpg,results\model_robustness_audit\audit_images\track_b_external\grape\Leaf Blight\baliwaka_00000014.jpg,Grape,Leaf Blight,AI-Challenger-2018-Grape,AI Challenger 2018 Grape Leaf Disease Dataset (baliwaka repo),8b6b21946dbdcb362829a2df7f44b65495cfde58da071e5acce217035ce689b5,True
D:\CropDiseaseProject\results\model_robustness_audit\audit_images\track_b_external\grape\Leaf Blight\baliwaka_00000015.jpg,results\model_robustness_audit\audit_images\track_b_external\grape\Leaf Blight\baliwaka_00000015.jpg,Grape,Leaf Blight,AI-Challenger-2018-Grape,AI Challenger 2018 Grape Leaf Disease Dataset (baliwaka repo),31a125fc19140a84fdb1b4b39c10b8ff11e104f33cea043ac301a7a6afbb5f27,True
D:\CropDiseaseProject\results\model_robustness_audit\audit_images\track_b_external\grape\Leaf Blight\baliwaka_00000016.jpg,results\model_robustness_audit\audit_images\track_b_external\grape\Leaf Blight\baliwaka_00000016.jpg,Grape,Leaf Blight,AI-Challenger-2018-Grape,AI Challenger 2018 Grape Leaf Disease Dataset (baliwaka repo),f57e7d95ffed1fb019d7632e68d709d96ae36419146b89501b90a2f54e4aafa5,True
D:\CropDiseaseProject\results\model_robustness_audit\audit_images\track_b_external\grape\Leaf Blight\baliwaka_00000017.jpg,results\model_robustness_audit\audit_images\track_b_external\grape\Leaf Blight\baliwaka_00000017.jpg,Grape,Leaf Blight,AI-Challenger-2018-Grape,AI Challenger 2018 Grape Leaf Disease Dataset (baliwaka repo),e19c84d64a4d25eb72ca9bb90b94a457c1ae4dfb92501f3cdfd34fbdc92f8621,True
D:\CropDiseaseProject\results\model_robustness_audit\audit_images\track_b_external\grape\Leaf Blight\baliwaka_00000018.jpg,results\model_robustness_audit\audit_images\track_b_external\grape\Leaf Blight\baliwaka_00000018.jpg,Grape,Leaf Blight,AI-Challenger-2018-Grape,AI Challenger 2018 Grape Leaf Disease Dataset (baliwaka repo),8c97b01ad4c108149c1fcdba3728d77766c975f6ade7483e79b5b858c948db96,True
D:\CropDiseaseProject\results\model_robustness_audit\audit_images\track_b_external\grape\Leaf Blight\baliwaka_00000019.jpg,results\model_robustness_audit\audit_images\track_b_external\grape\Leaf Blight\baliwaka_00000019.jpg,Grape,Leaf Blight,AI-Challenger-2018-Grape,AI Challenger 2018 Grape Leaf Disease Dataset (baliwaka repo),29b460446c05f0c089b4cd8ebaaf0a2d64df49b5d49794a530cc6dad6d2140f9,True
D:\CropDiseaseProject\results\model_robustness_audit\audit_images\track_b_external\grape\Leaf Blight\baliwaka_00000020.jpg,results\model_robustness_audit\audit_images\track_b_external\grape\Leaf Blight\baliwaka_00000020.jpg,Grape,Leaf Blight,AI-Challenger-2018-Grape,AI Challenger 2018 Grape Leaf Disease Dataset (baliwaka repo),2a3950e149afbb7dc44577c1fc60cd6a7f04ca0a7fb2f3372479ef0d0e7c94a3,True
D:\CropDiseaseProject\results\model_robustness_audit\audit_images\track_b_external\grape\Leaf Blight\baliwaka_00000021.jpg,results\model_robustness_audit\audit_images\track_b_external\grape\Leaf Blight\baliwaka_00000021.jpg,Grape,Leaf Blight,AI-Challenger-2018-Grape,AI Challenger 2018 Grape Leaf Disease Dataset (baliwaka repo),b649bbd125b2130190c36f361b6ede1b3473bff5e3e09b0350e138e3a0208bc0,True
D:\CropDiseaseProject\results\model_robustness_audit\audit_images\track_b_external\grape\Leaf Blight\baliwaka_00000022.jpg,results\model_robustness_audit\audit_images\track_b_external\grape\Leaf Blight\baliwaka_00000022.jpg,Grape,Leaf Blight,AI-Challenger-2018-Grape,AI Challenger 2018 Grape Leaf Disease Dataset (baliwaka repo),2fae19327f86c23c65b4f98f5f988a5d7768ea6c68528f42610a4c2bacbe39dc,True
D:\CropDiseaseProject\results\model_robustness_audit\audit_images\track_b_external\grape\Leaf Blight\baliwaka_00000023.jpg,results\model_robustness_audit\audit_images\track_b_external\grape\Leaf Blight\baliwaka_00000023.jpg,Grape,Leaf Blight,AI-Challenger-2018-Grape,AI Challenger 2018 Grape Leaf Disease Dataset (baliwaka repo),c87b24aa107a168dbd11cc8db6408a6e53927f3d1206f988d05be7cd21fc93e4,True
D:\CropDiseaseProject\results\model_robustness_audit\audit_images\track_b_external\grape\Leaf Blight\baliwaka_00000024.jpg,results\model_robustness_audit\audit_images\track_b_external\grape\Leaf Blight\baliwaka_00000024.jpg,Grape,Leaf Blight,AI-Challenger-2018-Grape,AI Challenger 2018 Grape Leaf Disease Dataset (baliwaka repo),e9f3e11eba955bccfb666b052189d6e0432893297f4ef5f2239da0762c4ca587,True
D:\CropDiseaseProject\results\model_robustness_audit\audit_images\track_b_external\grape\Leaf Blight\baliwaka_00000025.jpg,results\model_robustness_audit\audit_images\track_b_external\grape\Leaf Blight\baliwaka_00000025.jpg,Grape,Leaf Blight,AI-Challenger-2018-Grape,AI Challenger 2018 Grape Leaf Disease Dataset (baliwaka repo),9b77679c59703431b628aa0b2f76e96c2909110c9b3a9496f4f2aa2aa190f9a3,True
D:\CropDiseaseProject\results\model_robustness_audit\audit_images\track_b_external\grape\Leaf Blight\baliwaka_00000026.jpg,results\model_robustness_audit\audit_images\track_b_external\grape\Leaf Blight\baliwaka_00000026.jpg,Grape,Leaf Blight,AI-Challenger-2018-Grape,AI Challenger 2018 Grape Leaf Disease Dataset (baliwaka repo),0ed0830663a759d46e5508a8c46b33026e49f450f6e73a6656b83cb295ea1bf8,True
D:\CropDiseaseProject\results\model_robustness_audit\audit_images\track_b_external\grape\Leaf Blight\baliwaka_00000027.jpg,results\model_robustness_audit\audit_images\track_b_external\grape\Leaf Blight\baliwaka_00000027.jpg,Grape,Leaf Blight,AI-Challenger-2018-Grape,AI Challenger 2018 Grape Leaf Disease Dataset (baliwaka repo),efbadcf08be2459f1d802d7c72fbb64cda891d328a1881d59de3326ed4f0cea5,True
D:\CropDiseaseProject\results\model_robustness_audit\audit_images\track_b_external\grape\Leaf Blight\baliwaka_00000028.jpg,results\model_robustness_audit\audit_images\track_b_external\grape\Leaf Blight\baliwaka_00000028.jpg,Grape,Leaf Blight,AI-Challenger-2018-Grape,AI Challenger 2018 Grape Leaf Disease Dataset (baliwaka repo),bcf53ce2205fdc1c2866e9b4f1863617075712c558e16f56357a09c29a7698e0,True
D:\CropDiseaseProject\results\model_robustness_audit\audit_images\track_b_external\grape\Leaf Blight\baliwaka_00000029.jpg,results\model_robustness_audit\audit_images\track_b_external\grape\Leaf Blight\baliwaka_00000029.jpg,Grape,Leaf Blight,AI-Challenger-2018-Grape,AI Challenger 2018 Grape Leaf Disease Dataset (baliwaka repo),af71f1ef474e1c5dac789c624bed23242329139619db2f742d2ca4c4130c06a8,True
D:\CropDiseaseProject\results\model_robustness_audit\audit_images\track_b_external\grape\Leaf Blight\baliwaka_00000030.jpg,results\model_robustness_audit\audit_images\track_b_external\grape\Leaf Blight\baliwaka_00000030.jpg,Grape,Leaf Blight,AI-Challenger-2018-Grape,AI Challenger 2018 Grape Leaf Disease Dataset (baliwaka repo),15aec539ea8c7e456e30667ebb83b160026b3d2d58935c699b18cd696b97388b,True
D:\CropDiseaseProject\results\model_robustness_audit\audit_images\track_b_external\grape\Powdery Mildew\gldd_003e8cb4-02e0-4e82-94c2-8845d178c088_jpg.rf.838d6db1c071c16d252bbed873fe1ae8.jpg,results\model_robustness_audit\audit_images\track_b_external\grape\Powdery Mildew\gldd_003e8cb4-02e0-4e82-94c2-8845d178c088_jpg.rf.838d6db1c071c16d252bbed873fe1ae8.jpg,Grape,Powdery Mildew,GLDD-Dataset,"GLDD: Grape Leaf Disease Detection dataset (AFM-YOLO study, 2022)",ad466a11e4833bf086f7c11f36db408e9ea1bc1359f9f7e2d3f2dc5ee7d012f6,True
D:\CropDiseaseProject\results\model_robustness_audit\audit_images\track_b_external\grape\Powdery Mildew\gldd_029dfa4d-a08d-4ff3-82f3-45c56330f16f_jpg.rf.8f7a59bec5f029ad68b9f050db854d3e.jpg,results\model_robustness_audit\audit_images\track_b_external\grape\Powdery Mildew\gldd_029dfa4d-a08d-4ff3-82f3-45c56330f16f_jpg.rf.8f7a59bec5f029ad68b9f050db854d3e.jpg,Grape,Powdery Mildew,GLDD-Dataset,"GLDD: Grape Leaf Disease Detection dataset (AFM-YOLO study, 2022)",56fbe137bba1c62e18f317dfd97bef357307064d89b81948961036bdb114f38c,True
D:\CropDiseaseProject\results\model_robustness_audit\audit_images\track_b_external\grape\Powdery Mildew\gldd_099a83f8-97a6-4802-9261-3231550a5834_jpg.rf.6434058691a2b6f7f8aa8f4e9788ac16.jpg,results\model_robustness_audit\audit_images\track_b_external\grape\Powdery Mildew\gldd_099a83f8-97a6-4802-9261-3231550a5834_jpg.rf.6434058691a2b6f7f8aa8f4e9788ac16.jpg,Grape,Powdery Mildew,GLDD-Dataset,"GLDD: Grape Leaf Disease Detection dataset (AFM-YOLO study, 2022)",930b3a9ad8cf32da0910c301f59220dec128fae40e24ea6e51a2cc6816bb641d,True
D:\CropDiseaseProject\results\model_robustness_audit\audit_images\track_b_external\grape\Downy Mildew\gldd_1573744-PPT_jpg.rf.71758ce1e89ecb1357630780f438940d.jpg,results\model_robustness_audit\audit_images\track_b_external\grape\Downy Mildew\gldd_1573744-PPT_jpg.rf.71758ce1e89ecb1357630780f438940d.jpg,Grape,Downy Mildew,GLDD-Dataset,"GLDD: Grape Leaf Disease Detection dataset (AFM-YOLO study, 2022)",7aad2e6d72c4ff7e2d8ba62493b23a79fb4cee2e2d4aeeea6e77f5d20bc53c9f,True
D:\CropDiseaseProject\results\model_robustness_audit\audit_images\track_b_external\grape\Downy Mildew\gldd_1_jpg.rf.361e3c2f1eb29cc6e36e438efc5e4969.jpg,results\model_robustness_audit\audit_images\track_b_external\grape\Downy Mildew\gldd_1_jpg.rf.361e3c2f1eb29cc6e36e438efc5e4969.jpg,Grape,Downy Mildew,GLDD-Dataset,"GLDD: Grape Leaf Disease Detection dataset (AFM-YOLO study, 2022)",059dad2a4d1a3547ca95747748dba5b87d8b6a9dcef8789ff0f1068dff75209d,True
D:\CropDiseaseProject\results\model_robustness_audit\audit_images\track_b_external\grape\Powdery Mildew\gldd_20ff1f14-be9e-4a1b-bc79-b83804e37075_jpg.rf.6ad9c053ea41ca1a8462d1b69eae7275.jpg,results\model_robustness_audit\audit_images\track_b_external\grape\Powdery Mildew\gldd_20ff1f14-be9e-4a1b-bc79-b83804e37075_jpg.rf.6ad9c053ea41ca1a8462d1b69eae7275.jpg,Grape,Powdery Mildew,GLDD-Dataset,"GLDD: Grape Leaf Disease Detection dataset (AFM-YOLO study, 2022)",15a0a7edebb42a03103b342712066137f06af3476579bb148354318f1a7f281c,True
D:\CropDiseaseProject\results\model_robustness_audit\audit_images\track_b_external\grape\Downy Mildew\gldd_3-56_thumb_png_jpg.rf.d8c0165152f5b7a3e6cdae631538e2d3.jpg,results\model_robustness_audit\audit_images\track_b_external\grape\Downy Mildew\gldd_3-56_thumb_png_jpg.rf.d8c0165152f5b7a3e6cdae631538e2d3.jpg,Grape,Downy Mildew,GLDD-Dataset,"GLDD: Grape Leaf Disease Detection dataset (AFM-YOLO study, 2022)",b46c2cd5698a1736f787e9e7c5cbbdf6163c68fb32398e4a9484f28f6f61f909,True
D:\CropDiseaseProject\results\model_robustness_audit\audit_images\track_b_external\grape\Powdery Mildew\gldd_31eb63a5-a19a-4b33-b777-dab5acd099a0_jpg.rf.d255a74c375a58b13976f3154114e8e5.jpg,results\model_robustness_audit\audit_images\track_b_external\grape\Powdery Mildew\gldd_31eb63a5-a19a-4b33-b777-dab5acd099a0_jpg.rf.d255a74c375a58b13976f3154114e8e5.jpg,Grape,Powdery Mildew,GLDD-Dataset,"GLDD: Grape Leaf Disease Detection dataset (AFM-YOLO study, 2022)",8265891678ba9c448118d102c968f9a3257f63117d0970963d0853786034b971,True
D:\CropDiseaseProject\results\model_robustness_audit\audit_images\track_b_external\grape\Powdery Mildew\gldd_3eaab474-e2bd-4e2d-b8fa-e42c38133b32_jpg.rf.bac3588b02d2a6c96d6aa279cf097fbc.jpg,results\model_robustness_audit\audit_images\track_b_external\grape\Powdery Mildew\gldd_3eaab474-e2bd-4e2d-b8fa-e42c38133b32_jpg.rf.bac3588b02d2a6c96d6aa279cf097fbc.jpg,Grape,Powdery Mildew,GLDD-Dataset,"GLDD: Grape Leaf Disease Detection dataset (AFM-YOLO study, 2022)",717a8a98be8547cb828de42d822b030e0042853d9533a7aacb5176e01ef763e8,True
D:\CropDiseaseProject\results\model_robustness_audit\audit_images\track_b_external\grape\Powdery Mildew\gldd_4046e66d-1078-4435-ae80-375541e7f722_jpg.rf.bcd7546362feb5820352e8f30a3863a2.jpg,results\model_robustness_audit\audit_images\track_b_external\grape\Powdery Mildew\gldd_4046e66d-1078-4435-ae80-375541e7f722_jpg.rf.bcd7546362feb5820352e8f30a3863a2.jpg,Grape,Powdery Mildew,GLDD-Dataset,"GLDD: Grape Leaf Disease Detection dataset (AFM-YOLO study, 2022)",486e06bbecc1443a0fb5a072ee716c9164cb7c62465ea018b1120c28102e72fd,True
D:\CropDiseaseProject\results\model_robustness_audit\audit_images\track_b_external\grape\Powdery Mildew\gldd_46db51bf-0485-42e2-bdfd-505fecf6ba6a_jpg.rf.0f39e9e9e8ec322d0c1f0b6e14778253.jpg,results\model_robustness_audit\audit_images\track_b_external\grape\Powdery Mildew\gldd_46db51bf-0485-42e2-bdfd-505fecf6ba6a_jpg.rf.0f39e9e9e8ec322d0c1f0b6e14778253.jpg,Grape,Powdery Mildew,GLDD-Dataset,"GLDD: Grape Leaf Disease Detection dataset (AFM-YOLO study, 2022)",b2433a17cd75e75ca43741b87a6bcd9af100288e27edbef02808aae2d7cda5ec,True
D:\CropDiseaseProject\results\model_robustness_audit\audit_images\track_b_external\grape\Powdery Mildew\gldd_4b4ab7cb-5243-4fe4-90d1-cfeff8477ee4_jpg.rf.cc5f0fcaabd9bfdbee9d597cc5a20a06.jpg,results\model_robustness_audit\audit_images\track_b_external\grape\Powdery Mildew\gldd_4b4ab7cb-5243-4fe4-90d1-cfeff8477ee4_jpg.rf.cc5f0fcaabd9bfdbee9d597cc5a20a06.jpg,Grape,Powdery Mildew,GLDD-Dataset,"GLDD: Grape Leaf Disease Detection dataset (AFM-YOLO study, 2022)",6998008ac0e9e5ae3cfd14d81b28b4ab783dddce9d4a27a933038ce6a6042097,True
D:\CropDiseaseProject\results\model_robustness_audit\audit_images\track_b_external\grape\Downy Mildew\gldd_5506260-PPT_jpg.rf.82770f75e58ba789668aa3a6c5472ebe.jpg,results\model_robustness_audit\audit_images\track_b_external\grape\Downy Mildew\gldd_5506260-PPT_jpg.rf.82770f75e58ba789668aa3a6c5472ebe.jpg,Grape,Downy Mildew,GLDD-Dataset,"GLDD: Grape Leaf Disease Detection dataset (AFM-YOLO study, 2022)",cd464641f9fa432d584dbcc71e527fb653150d84a225de9a7514d011f1e7f7ca,True
D:\CropDiseaseProject\results\model_robustness_audit\audit_images\track_b_external\grape\Downy Mildew\gldd_5556502-PPT_jpg.rf.c232cd5f49347a35ed08225fb29aed3b.jpg,results\model_robustness_audit\audit_images\track_b_external\grape\Downy Mildew\gldd_5556502-PPT_jpg.rf.c232cd5f49347a35ed08225fb29aed3b.jpg,Grape,Downy Mildew,GLDD-Dataset,"GLDD: Grape Leaf Disease Detection dataset (AFM-YOLO study, 2022)",5c133e57c27d5ad38db8bb665be5413034a88d9d809bb8300953f5d5f1fd4ccc,True
D:\CropDiseaseProject\results\model_robustness_audit\audit_images\track_b_external\grape\Downy Mildew\gldd_55830b60a7cf2-image_jpg.rf.5bcb11a6e0d83c1872e0f78c89647ae6.jpg,results\model_robustness_audit\audit_images\track_b_external\grape\Downy Mildew\gldd_55830b60a7cf2-image_jpg.rf.5bcb11a6e0d83c1872e0f78c89647ae6.jpg,Grape,Downy Mildew,GLDD-Dataset,"GLDD: Grape Leaf Disease Detection dataset (AFM-YOLO study, 2022)",7cbcd81087f1560398443676083d5634276af946558495249a503ca17789bd9e,True
D:\CropDiseaseProject\results\model_robustness_audit\audit_images\track_b_external\grape\Downy Mildew\gldd_5586132-PPT_jpg.rf.8e7a65ba6e39182ac275c5538693a43a.jpg,results\model_robustness_audit\audit_images\track_b_external\grape\Downy Mildew\gldd_5586132-PPT_jpg.rf.8e7a65ba6e39182ac275c5538693a43a.jpg,Grape,Downy Mildew,GLDD-Dataset,"GLDD: Grape Leaf Disease Detection dataset (AFM-YOLO study, 2022)",6fdcce4d8a8c1a9532b7cd948de34aaf0de34c0c32d58c0a3732b58adefe28de,True
D:\CropDiseaseProject\results\model_robustness_audit\audit_images\track_b_external\grape\Downy Mildew\gldd_5602327-PPT_jpg.rf.6bb8d470cb1b80eac0cd622c27e2ee60.jpg,results\model_robustness_audit\audit_images\track_b_external\grape\Downy Mildew\gldd_5602327-PPT_jpg.rf.6bb8d470cb1b80eac0cd622c27e2ee60.jpg,Grape,Downy Mildew,GLDD-Dataset,"GLDD: Grape Leaf Disease Detection dataset (AFM-YOLO study, 2022)",183b516d576eecf97220e959bfbb895dcd8d682c111c31b55d0a17a1d5729321,True
D:\CropDiseaseProject\results\model_robustness_audit\audit_images\track_b_external\grape\Downy Mildew\gldd_5602330-PPT_jpg.rf.8684699ed89897ca11ccadfc8fde047c.jpg,results\model_robustness_audit\audit_images\track_b_external\grape\Downy Mildew\gldd_5602330-PPT_jpg.rf.8684699ed89897ca11ccadfc8fde047c.jpg,Grape,Downy Mildew,GLDD-Dataset,"GLDD: Grape Leaf Disease Detection dataset (AFM-YOLO study, 2022)",c526e718aff082e16ae0601234c70621778b4a9cb77fb86b95e70bbbde451633,True
D:\CropDiseaseProject\results\model_robustness_audit\audit_images\track_b_external\grape\Downy Mildew\gldd_5602331-PPT_jpg.rf.1609eaa2e436930c4fa4b21e1ba26442.jpg,results\model_robustness_audit\audit_images\track_b_external\grape\Downy Mildew\gldd_5602331-PPT_jpg.rf.1609eaa2e436930c4fa4b21e1ba26442.jpg,Grape,Downy Mildew,GLDD-Dataset,"GLDD: Grape Leaf Disease Detection dataset (AFM-YOLO study, 2022)",6952c72297db9e9f79381f6d884650a3a728865747d9d61d722db1efa33cd9df,True
D:\CropDiseaseProject\results\model_robustness_audit\audit_images\track_b_external\grape\Downy Mildew\gldd_5602331-PPT_jpg.rf.fe8cebfc9a493fd3148fa90a7ba95671.jpg,results\model_robustness_audit\audit_images\track_b_external\grape\Downy Mildew\gldd_5602331-PPT_jpg.rf.fe8cebfc9a493fd3148fa90a7ba95671.jpg,Grape,Downy Mildew,GLDD-Dataset,"GLDD: Grape Leaf Disease Detection dataset (AFM-YOLO study, 2022)",dc485dc006da584dfc8f7d494136ebfc151955fd4f7029a7b34d13a975d9194d,True
D:\CropDiseaseProject\results\model_robustness_audit\audit_images\track_b_external\grape\Downy Mildew\gldd_5602343-PPT_jpg.rf.35c7059b28e8745b0f0c05545ffd9ba5.jpg,results\model_robustness_audit\audit_images\track_b_external\grape\Downy Mildew\gldd_5602343-PPT_jpg.rf.35c7059b28e8745b0f0c05545ffd9ba5.jpg,Grape,Downy Mildew,GLDD-Dataset,"GLDD: Grape Leaf Disease Detection dataset (AFM-YOLO study, 2022)",f8d5eb3ec831b5b410a86e49514f39fb7d0e8d73d3578caf381beebeceac48b8,True
D:\CropDiseaseProject\results\model_robustness_audit\audit_images\track_b_external\grape\Downy Mildew\gldd_5602347-PPT_jpg.rf.c1f77f67ad4ad50b0ac5e3af9a8a5a3d.jpg,results\model_robustness_audit\audit_images\track_b_external\grape\Downy Mildew\gldd_5602347-PPT_jpg.rf.c1f77f67ad4ad50b0ac5e3af9a8a5a3d.jpg,Grape,Downy Mildew,GLDD-Dataset,"GLDD: Grape Leaf Disease Detection dataset (AFM-YOLO study, 2022)",060471f11b68c7413abb0b26802088c720b7762437f14a4684ff9223078baa1d,True
D:\CropDiseaseProject\results\model_robustness_audit\audit_images\track_b_external\grape\Downy Mildew\gldd_5602348-PPT_jpg.rf.c2d13d6f687de1b58a2702ee915aebf4.jpg,results\model_robustness_audit\audit_images\track_b_external\grape\Downy Mildew\gldd_5602348-PPT_jpg.rf.c2d13d6f687de1b58a2702ee915aebf4.jpg,Grape,Downy Mildew,GLDD-Dataset,"GLDD: Grape Leaf Disease Detection dataset (AFM-YOLO study, 2022)",72d3a5b7bd1afbb339eba0bf9d0777bc3826865e1173d88886b886c12f84e6ec,True
D:\CropDiseaseProject\results\model_robustness_audit\audit_images\track_b_external\grape\Downy Mildew\gldd_5602361-PPT_jpg.rf.e84ffe7d82bff858a6542f5a92fe77d9.jpg,results\model_robustness_audit\audit_images\track_b_external\grape\Downy Mildew\gldd_5602361-PPT_jpg.rf.e84ffe7d82bff858a6542f5a92fe77d9.jpg,Grape,Downy Mildew,GLDD-Dataset,"GLDD: Grape Leaf Disease Detection dataset (AFM-YOLO study, 2022)",f76a6f1fa264f3525a39471e8e0b569da8c61bc6487e0abf0b54a14a6126b1b4,True
D:\CropDiseaseProject\results\model_robustness_audit\audit_images\track_b_external\grape\Downy Mildew\gldd_5602378-PPT_jpg.rf.c18e1f4b4adf2a2eef83e52a73573d62.jpg,results\model_robustness_audit\audit_images\track_b_external\grape\Downy Mildew\gldd_5602378-PPT_jpg.rf.c18e1f4b4adf2a2eef83e52a73573d62.jpg,Grape,Downy Mildew,GLDD-Dataset,"GLDD: Grape Leaf Disease Detection dataset (AFM-YOLO study, 2022)",96487aeb3cc3e5f593ee1ce314a80e93199f43c2a7b3a78b43679fe0e5b7c436,True
D:\CropDiseaseProject\results\model_robustness_audit\audit_images\track_b_external\grape\Downy Mildew\gldd_5602380-PPT_jpg.rf.c15352f7d6af8017ae6f3653f5fd7cdc.jpg,results\model_robustness_audit\audit_images\track_b_external\grape\Downy Mildew\gldd_5602380-PPT_jpg.rf.c15352f7d6af8017ae6f3653f5fd7cdc.jpg,Grape,Downy Mildew,GLDD-Dataset,"GLDD: Grape Leaf Disease Detection dataset (AFM-YOLO study, 2022)",a1aec05eddfdd0e98d8c22bb332069e90b68edc16cc9e0fe845686d1af9d500f,True
D:\CropDiseaseProject\results\model_robustness_audit\audit_images\track_b_external\grape\Downy Mildew\gldd_5602389-PPT_jpg.rf.e6c7fa3ea3e2fbe2aac8bbf8cd96a2f5.jpg,results\model_robustness_audit\audit_images\track_b_external\grape\Downy Mildew\gldd_5602389-PPT_jpg.rf.e6c7fa3ea3e2fbe2aac8bbf8cd96a2f5.jpg,Grape,Downy Mildew,GLDD-Dataset,"GLDD: Grape Leaf Disease Detection dataset (AFM-YOLO study, 2022)",5393c34963377404358fb883624454ebf371d15e63fd737cf531dfcc7db7ebf8,True
D:\CropDiseaseProject\results\model_robustness_audit\audit_images\track_b_external\grape\Downy Mildew\gldd_5602414-PPT_jpg.rf.5447e814fd916853021760218df4ad2b.jpg,results\model_robustness_audit\audit_images\track_b_external\grape\Downy Mildew\gldd_5602414-PPT_jpg.rf.5447e814fd916853021760218df4ad2b.jpg,Grape,Downy Mildew,GLDD-Dataset,"GLDD: Grape Leaf Disease Detection dataset (AFM-YOLO study, 2022)",ae782bced2d17494807d7fdadfa86e9330cad67ffdd2ba435de991e60082824b,True
D:\CropDiseaseProject\results\model_robustness_audit\audit_images\track_b_external\grape\Downy Mildew\gldd_5602415-PPT_jpg.rf.60ca103e8f921c5388ea83ff6bb1cce9.jpg,results\model_robustness_audit\audit_images\track_b_external\grape\Downy Mildew\gldd_5602415-PPT_jpg.rf.60ca103e8f921c5388ea83ff6bb1cce9.jpg,Grape,Downy Mildew,GLDD-Dataset,"GLDD: Grape Leaf Disease Detection dataset (AFM-YOLO study, 2022)",c6beafa557e88e9d3995f4be7df81af21fb2f6393477fbb1c56bdd18e246776a,True
D:\CropDiseaseProject\results\model_robustness_audit\audit_images\track_b_external\grape\Downy Mildew\gldd_5602416-PPT_jpg.rf.3a04c11dc3a7ef0aa37e25414fa48824.jpg,results\model_robustness_audit\audit_images\track_b_external\grape\Downy Mildew\gldd_5602416-PPT_jpg.rf.3a04c11dc3a7ef0aa37e25414fa48824.jpg,Grape,Downy Mildew,GLDD-Dataset,"GLDD: Grape Leaf Disease Detection dataset (AFM-YOLO study, 2022)",372e044df43e6e7ba7fe3247446c7117a33eb86c7639c6b062efd5376ecfc4ae,True
D:\CropDiseaseProject\results\model_robustness_audit\audit_images\track_b_external\grape\Downy Mildew\gldd_5602444-PPT_jpg.rf.c837403dab2ca2ccf02ab2e1bde59148.jpg,results\model_robustness_audit\audit_images\track_b_external\grape\Downy Mildew\gldd_5602444-PPT_jpg.rf.c837403dab2ca2ccf02ab2e1bde59148.jpg,Grape,Downy Mildew,GLDD-Dataset,"GLDD: Grape Leaf Disease Detection dataset (AFM-YOLO study, 2022)",d8a1c914aa1b24981c5c846f7a5266fef905111784435996dffb4487dce7852a,True
D:\CropDiseaseProject\results\model_robustness_audit\audit_images\track_b_external\grape\Downy Mildew\gldd_5602449-PPT_jpg.rf.9fddaaf9c1a45786d5c7e32816d3e6a4.jpg,results\model_robustness_audit\audit_images\track_b_external\grape\Downy Mildew\gldd_5602449-PPT_jpg.rf.9fddaaf9c1a45786d5c7e32816d3e6a4.jpg,Grape,Downy Mildew,GLDD-Dataset,"GLDD: Grape Leaf Disease Detection dataset (AFM-YOLO study, 2022)",fe109b253e3aecb5e966c4cf371eea99d43f85a19d6e9683fcfe59569c6fef74,True
D:\CropDiseaseProject\results\model_robustness_audit\audit_images\track_b_external\grape\Downy Mildew\gldd_5602468-PPT_jpg.rf.057422736816b9060236a70fee85b872.jpg,results\model_robustness_audit\audit_images\track_b_external\grape\Downy Mildew\gldd_5602468-PPT_jpg.rf.057422736816b9060236a70fee85b872.jpg,Grape,Downy Mildew,GLDD-Dataset,"GLDD: Grape Leaf Disease Detection dataset (AFM-YOLO study, 2022)",d2fc9ab472582191e19da84bdabd25df86bd3092093d68bd7cf22de91a962a0b,True
D:\CropDiseaseProject\results\model_robustness_audit\audit_images\track_b_external\grape\Downy Mildew\gldd_5602469-PPT_jpg.rf.6aa331f04d3086a0d3942881c3612bd1.jpg,results\model_robustness_audit\audit_images\track_b_external\grape\Downy Mildew\gldd_5602469-PPT_jpg.rf.6aa331f04d3086a0d3942881c3612bd1.jpg,Grape,Downy Mildew,GLDD-Dataset,"GLDD: Grape Leaf Disease Detection dataset (AFM-YOLO study, 2022)",f62394f192a5f704646852322478430bffbbb470d2ef4888c0bd8073da9a8cc7,True
D:\CropDiseaseProject\results\model_robustness_audit\audit_images\track_b_external\grape\Downy Mildew\gldd_5602484-PPT_jpg.rf.733c31c322baabb79a67ec2c4325b385.jpg,results\model_robustness_audit\audit_images\track_b_external\grape\Downy Mildew\gldd_5602484-PPT_jpg.rf.733c31c322baabb79a67ec2c4325b385.jpg,Grape,Downy Mildew,GLDD-Dataset,"GLDD: Grape Leaf Disease Detection dataset (AFM-YOLO study, 2022)",7d4f8af8e7335cc949d47b72150f0b5cb53a2df69428836f3d1c95d8c81d9d48,True
D:\CropDiseaseProject\results\model_robustness_audit\audit_images\track_b_external\grape\Downy Mildew\gldd_5602488-PPT_jpg.rf.7a328b9ed33146457be84eb1717982cc.jpg,results\model_robustness_audit\audit_images\track_b_external\grape\Downy Mildew\gldd_5602488-PPT_jpg.rf.7a328b9ed33146457be84eb1717982cc.jpg,Grape,Downy Mildew,GLDD-Dataset,"GLDD: Grape Leaf Disease Detection dataset (AFM-YOLO study, 2022)",66bb3b04f58d5cd6fd558f1b06d8375012737f7c888c8a60f4926f8d7f6db469,True
D:\CropDiseaseProject\results\model_robustness_audit\audit_images\track_b_external\grape\Downy Mildew\gldd_5602664-PPT_jpg.rf.d1870f5c03374f20014c98129561260f.jpg,results\model_robustness_audit\audit_images\track_b_external\grape\Downy Mildew\gldd_5602664-PPT_jpg.rf.d1870f5c03374f20014c98129561260f.jpg,Grape,Downy Mildew,GLDD-Dataset,"GLDD: Grape Leaf Disease Detection dataset (AFM-YOLO study, 2022)",c2d7e2ffbc267bb9b1b3b31b7509f5c71baf4a83b033c3e588fb24004cd121bc,True
D:\CropDiseaseProject\results\model_robustness_audit\audit_images\track_b_external\grape\Downy Mildew\gldd_5602752-PPT_jpg.rf.18159aff56ffc80775474bd1cf251bfc.jpg,results\model_robustness_audit\audit_images\track_b_external\grape\Downy Mildew\gldd_5602752-PPT_jpg.rf.18159aff56ffc80775474bd1cf251bfc.jpg,Grape,Downy Mildew,GLDD-Dataset,"GLDD: Grape Leaf Disease Detection dataset (AFM-YOLO study, 2022)",573762dc8fc593977e4c4e60f2d62d015ff4d15033ea770daaaf5490138d1e59,True
D:\CropDiseaseProject\results\model_robustness_audit\audit_images\track_b_external\grape\Downy Mildew\gldd_5602755-PPT_jpg.rf.af2df93825e29216ed737ef3ed930c29.jpg,results\model_robustness_audit\audit_images\track_b_external\grape\Downy Mildew\gldd_5602755-PPT_jpg.rf.af2df93825e29216ed737ef3ed930c29.jpg,Grape,Downy Mildew,GLDD-Dataset,"GLDD: Grape Leaf Disease Detection dataset (AFM-YOLO study, 2022)",f31cbb0a04d54734053b8c9ba296131f2c18dccee93bddbf1135a5f49e9623e8,True
D:\CropDiseaseProject\results\model_robustness_audit\audit_images\track_b_external\grape\Powdery Mildew\gldd_5683e0ab-9105-4c16-8917-8b7a1adf4432_jpg.rf.95d9f18fa751c0a7921776a6a40df6fc.jpg,results\model_robustness_audit\audit_images\track_b_external\grape\Powdery Mildew\gldd_5683e0ab-9105-4c16-8917-8b7a1adf4432_jpg.rf.95d9f18fa751c0a7921776a6a40df6fc.jpg,Grape,Powdery Mildew,GLDD-Dataset,"GLDD: Grape Leaf Disease Detection dataset (AFM-YOLO study, 2022)",69c2e27d60577a474eec50036b8ffd509292451991e3abac999d3fd39b53a51b,True
D:\CropDiseaseProject\results\model_robustness_audit\audit_images\track_b_external\grape\Powdery Mildew\gldd_5858549c-ae82-4ae0-93c6-d93661d71b1f_jpg.rf.a6de6130d7c8613a9d8c3559f04de6d1.jpg,results\model_robustness_audit\audit_images\track_b_external\grape\Powdery Mildew\gldd_5858549c-ae82-4ae0-93c6-d93661d71b1f_jpg.rf.a6de6130d7c8613a9d8c3559f04de6d1.jpg,Grape,Powdery Mildew,GLDD-Dataset,"GLDD: Grape Leaf Disease Detection dataset (AFM-YOLO study, 2022)",327b824967764eccfc0594d4696eec72d1eb5b2c8721408b8d793e31f2235d3c,True
D:\CropDiseaseProject\results\model_robustness_audit\audit_images\track_b_external\grape\Powdery Mildew\gldd_5a85e72a-2cbb-45fe-8093-fa230730e6c2_jpg.rf.aad8a30391dbf7caf36a41be3ad6d5a3.jpg,results\model_robustness_audit\audit_images\track_b_external\grape\Powdery Mildew\gldd_5a85e72a-2cbb-45fe-8093-fa230730e6c2_jpg.rf.aad8a30391dbf7caf36a41be3ad6d5a3.jpg,Grape,Powdery Mildew,GLDD-Dataset,"GLDD: Grape Leaf Disease Detection dataset (AFM-YOLO study, 2022)",a9973436814530fcfc47324570cf7e16ef07f207891ca613fbc35daac21d7764,True
D:\CropDiseaseProject\results\model_robustness_audit\audit_images\track_b_external\grape\Powdery Mildew\gldd_5d24d1fe-779a-4d4f-a58f-f2cd93e71ef6_jpg.rf.1beacdff61b5f7ea46bf296d7ba86037.jpg,results\model_robustness_audit\audit_images\track_b_external\grape\Powdery Mildew\gldd_5d24d1fe-779a-4d4f-a58f-f2cd93e71ef6_jpg.rf.1beacdff61b5f7ea46bf296d7ba86037.jpg,Grape,Powdery Mildew,GLDD-Dataset,"GLDD: Grape Leaf Disease Detection dataset (AFM-YOLO study, 2022)",a595686b6c58d3c3499ee092094b644d4ecc270a1d493285fa25af65f7895e4f,True
D:\CropDiseaseProject\results\model_robustness_audit\audit_images\track_b_external\grape\Powdery Mildew\gldd_5e893c80-ce5f-4cd4-906e-5ce169d3066d_jpg.rf.683c110ee0c2a016d152a8a773e5232f.jpg,results\model_robustness_audit\audit_images\track_b_external\grape\Powdery Mildew\gldd_5e893c80-ce5f-4cd4-906e-5ce169d3066d_jpg.rf.683c110ee0c2a016d152a8a773e5232f.jpg,Grape,Powdery Mildew,GLDD-Dataset,"GLDD: Grape Leaf Disease Detection dataset (AFM-YOLO study, 2022)",cb0a82f92c60e55411b0891ab1f00c2c135aeb7d4f9d8e1ef728430e80f7f856,True
D:\CropDiseaseProject\results\model_robustness_audit\audit_images\track_b_external\grape\Powdery Mildew\gldd_5ffbc6f2-eeec-40d4-a09a-4f09bcdbed31_jpg.rf.75a48ddead7cad53be033b530b4c901e.jpg,results\model_robustness_audit\audit_images\track_b_external\grape\Powdery Mildew\gldd_5ffbc6f2-eeec-40d4-a09a-4f09bcdbed31_jpg.rf.75a48ddead7cad53be033b530b4c901e.jpg,Grape,Powdery Mildew,GLDD-Dataset,"GLDD: Grape Leaf Disease Detection dataset (AFM-YOLO study, 2022)",1f93b7dea7e875f4af1434d56552c3a7944866ccd2b09632bdb0c8527c1b18b6,True
D:\CropDiseaseProject\results\model_robustness_audit\audit_images\track_b_external\grape\Powdery Mildew\gldd_66e3d906-fff6-4cfd-b5ff-ae5105a733f6_jpg.rf.a8a02dd8fe50bcfa712fb2ffb345411a.jpg,results\model_robustness_audit\audit_images\track_b_external\grape\Powdery Mildew\gldd_66e3d906-fff6-4cfd-b5ff-ae5105a733f6_jpg.rf.a8a02dd8fe50bcfa712fb2ffb345411a.jpg,Grape,Powdery Mildew,GLDD-Dataset,"GLDD: Grape Leaf Disease Detection dataset (AFM-YOLO study, 2022)",35efa3f18bfb146a15b2f4f7d82668e87b41af2d1d0f25a9bc004fa10cc0ebc6,True
D:\CropDiseaseProject\results\model_robustness_audit\audit_images\track_b_external\grape\Powdery Mildew\gldd_6c0c9c4f-5c20-487f-8482-ad1f1a141ec5_jpg.rf.152a7f2a3d5e58233d389f7586518d23.jpg,results\model_robustness_audit\audit_images\track_b_external\grape\Powdery Mildew\gldd_6c0c9c4f-5c20-487f-8482-ad1f1a141ec5_jpg.rf.152a7f2a3d5e58233d389f7586518d23.jpg,Grape,Powdery Mildew,GLDD-Dataset,"GLDD: Grape Leaf Disease Detection dataset (AFM-YOLO study, 2022)",9a0fb3ae2c072381c3f507da97e91d7232339bf2d88906ca85b412a9536d7738,True
D:\CropDiseaseProject\results\model_robustness_audit\audit_images\track_b_external\grape\Powdery Mildew\gldd_6dc3ad0f-a535-400d-aa70-f54ae16c87a5_jpg.rf.0079cfad565ea610282b3ebee97786ce.jpg,results\model_robustness_audit\audit_images\track_b_external\grape\Powdery Mildew\gldd_6dc3ad0f-a535-400d-aa70-f54ae16c87a5_jpg.rf.0079cfad565ea610282b3ebee97786ce.jpg,Grape,Powdery Mildew,GLDD-Dataset,"GLDD: Grape Leaf Disease Detection dataset (AFM-YOLO study, 2022)",a89daeb1d6181f8aefb9f79586ce390b4551b6096520a3489ec31b51a6d3a172,True
D:\CropDiseaseProject\results\model_robustness_audit\audit_images\track_b_external\grape\Powdery Mildew\gldd_6dfda380-a391-40ae-b729-cd5a27d664df_jpg.rf.3fe7b18cce99f02987f59e032e7abfa3.jpg,results\model_robustness_audit\audit_images\track_b_external\grape\Powdery Mildew\gldd_6dfda380-a391-40ae-b729-cd5a27d664df_jpg.rf.3fe7b18cce99f02987f59e032e7abfa3.jpg,Grape,Powdery Mildew,GLDD-Dataset,"GLDD: Grape Leaf Disease Detection dataset (AFM-YOLO study, 2022)",115c75a4d0623dda98b2cdd620f7d0b2ce3c06e89119d252d0fa6ae8b190164a,True
D:\CropDiseaseProject\results\model_robustness_audit\audit_images\track_b_external\grape\Powdery Mildew\gldd_847d0c3b-8d79-4d33-b73b-8a758f6dd55f_jpg.rf.2009b251f629b2362a9d10e603ac0dae.jpg,results\model_robustness_audit\audit_images\track_b_external\grape\Powdery Mildew\gldd_847d0c3b-8d79-4d33-b73b-8a758f6dd55f_jpg.rf.2009b251f629b2362a9d10e603ac0dae.jpg,Grape,Powdery Mildew,GLDD-Dataset,"GLDD: Grape Leaf Disease Detection dataset (AFM-YOLO study, 2022)",31d177662b8577db6239dd4274cfadd799c21113b8ba795dba31ba3436fea6ee,True
D:\CropDiseaseProject\results\model_robustness_audit\audit_images\track_b_external\grape\Powdery Mildew\gldd_8a0a817e-3f2e-4232-be9c-219df06a08ac_jpg.rf.6025a04de507b8576adb4077d65a2244.jpg,results\model_robustness_audit\audit_images\track_b_external\grape\Powdery Mildew\gldd_8a0a817e-3f2e-4232-be9c-219df06a08ac_jpg.rf.6025a04de507b8576adb4077d65a2244.jpg,Grape,Powdery Mildew,GLDD-Dataset,"GLDD: Grape Leaf Disease Detection dataset (AFM-YOLO study, 2022)",6cd8985a818214a7ecd00fc93e12767c95a9ed796e2c4dc6cda7ebeca810b349,True
D:\CropDiseaseProject\results\model_robustness_audit\audit_images\track_b_external\grape\Powdery Mildew\gldd_8d702eb5-6cac-4bc7-b9eb-2c1a12f120b2_jpg.rf.a905e16df132fc85fb7d08ca9ada2e01.jpg,results\model_robustness_audit\audit_images\track_b_external\grape\Powdery Mildew\gldd_8d702eb5-6cac-4bc7-b9eb-2c1a12f120b2_jpg.rf.a905e16df132fc85fb7d08ca9ada2e01.jpg,Grape,Powdery Mildew,GLDD-Dataset,"GLDD: Grape Leaf Disease Detection dataset (AFM-YOLO study, 2022)",3a35fe2e4244a3917ef058317fa953d65a395124f176a311e8f8ec7b700ccfd6,True
D:\CropDiseaseProject\results\model_robustness_audit\audit_images\track_b_external\grape\Powdery Mildew\gldd_97579a02-3378-4197-866a-efe4cb971a42_jpg.rf.5de64aa46c1a2e2dfaff997ac5f1c01a.jpg,results\model_robustness_audit\audit_images\track_b_external\grape\Powdery Mildew\gldd_97579a02-3378-4197-866a-efe4cb971a42_jpg.rf.5de64aa46c1a2e2dfaff997ac5f1c01a.jpg,Grape,Powdery Mildew,GLDD-Dataset,"GLDD: Grape Leaf Disease Detection dataset (AFM-YOLO study, 2022)",03455ce00ddccf6f1f2710474bba19fc5c9d9bdda78ef83bbf6a9a1e396c0470,True
D:\CropDiseaseProject\results\model_robustness_audit\audit_images\track_b_external\grape\Powdery Mildew\gldd_98f7a979-ac4f-4b8d-b5c2-e08abb76b70d_jpg.rf.05d59968e064eb80155eef61365cc3d1.jpg,results\model_robustness_audit\audit_images\track_b_external\grape\Powdery Mildew\gldd_98f7a979-ac4f-4b8d-b5c2-e08abb76b70d_jpg.rf.05d59968e064eb80155eef61365cc3d1.jpg,Grape,Powdery Mildew,GLDD-Dataset,"GLDD: Grape Leaf Disease Detection dataset (AFM-YOLO study, 2022)",a8a7fdc7028d0db6402460d3fa40ded76f69bb2ae2e69eb0f5241c0aa68bede5,True
D:\CropDiseaseProject\results\model_robustness_audit\audit_images\track_b_external\grape\Powdery Mildew\gldd_9fd44bee-07e8-4d30-ad53-f09e3bb5ba57_jpg.rf.37ba4093cf1a984e5c4a98f94ed2a49a.jpg,results\model_robustness_audit\audit_images\track_b_external\grape\Powdery Mildew\gldd_9fd44bee-07e8-4d30-ad53-f09e3bb5ba57_jpg.rf.37ba4093cf1a984e5c4a98f94ed2a49a.jpg,Grape,Powdery Mildew,GLDD-Dataset,"GLDD: Grape Leaf Disease Detection dataset (AFM-YOLO study, 2022)",602350daf1f31c9b42b5ae02af38cab6d0f7c351f5ca0ee837654261b242790d,True
D:\CropDiseaseProject\results\model_robustness_audit\audit_images\track_b_external\grape\Powdery Mildew\gldd_ade9542b-99e1-4369-bc13-b2a95d75811f_jpg.rf.cec9e7e03178ae96f2ec8d904d47c82f.jpg,results\model_robustness_audit\audit_images\track_b_external\grape\Powdery Mildew\gldd_ade9542b-99e1-4369-bc13-b2a95d75811f_jpg.rf.cec9e7e03178ae96f2ec8d904d47c82f.jpg,Grape,Powdery Mildew,GLDD-Dataset,"GLDD: Grape Leaf Disease Detection dataset (AFM-YOLO study, 2022)",a65675780159466c0068feba0c973fb6c52916822c9ef89add13931b69ff101a,True
D:\CropDiseaseProject\results\model_robustness_audit\audit_images\track_b_external\grape\Powdery Mildew\gldd_d536f351-5599-4c59-8f9f-73e764357145_jpg.rf.7715b2f1481246db7d1d7f37482902de.jpg,results\model_robustness_audit\audit_images\track_b_external\grape\Powdery Mildew\gldd_d536f351-5599-4c59-8f9f-73e764357145_jpg.rf.7715b2f1481246db7d1d7f37482902de.jpg,Grape,Powdery Mildew,GLDD-Dataset,"GLDD: Grape Leaf Disease Detection dataset (AFM-YOLO study, 2022)",2493258450936f8d8ad77034c1e79470a4ced4978a6fcd8c782be8f10196feb9,True
D:\CropDiseaseProject\results\model_robustness_audit\audit_images\track_b_external\grape\Powdery Mildew\gldd_d7fb9b64-27a8-46b2-ab4b-a9afca0bf3fd_jpg.rf.a0951b82a6fe004681b630a12605acb1.jpg,results\model_robustness_audit\audit_images\track_b_external\grape\Powdery Mildew\gldd_d7fb9b64-27a8-46b2-ab4b-a9afca0bf3fd_jpg.rf.a0951b82a6fe004681b630a12605acb1.jpg,Grape,Powdery Mildew,GLDD-Dataset,"GLDD: Grape Leaf Disease Detection dataset (AFM-YOLO study, 2022)",371b6c94ff7641f6a0bdbfa13debb4084c4cc940f5cd2f72e2a9c2e06d855f73,True
D:\CropDiseaseProject\results\model_robustness_audit\audit_images\track_b_external\grape\Powdery Mildew\gldd_de46ba6b-92c0-4af8-a494-759b51f9f362_jpg.rf.294491cb38d6e0371ddda106b9130d92.jpg,results\model_robustness_audit\audit_images\track_b_external\grape\Powdery Mildew\gldd_de46ba6b-92c0-4af8-a494-759b51f9f362_jpg.rf.294491cb38d6e0371ddda106b9130d92.jpg,Grape,Powdery Mildew,GLDD-Dataset,"GLDD: Grape Leaf Disease Detection dataset (AFM-YOLO study, 2022)",4730f4cf1172170aba736f28afe30f127cc7ca30da5f9ed4495197f6dfcc79f1,True
D:\CropDiseaseProject\results\model_robustness_audit\audit_images\track_b_external\grape\Powdery Mildew\gldd_f2cd7f70-d87c-4feb-b02a-da9a248a3794_jpg.rf.45f30db65c45a53f9e4a5b950ee1a5c0.jpg,results\model_robustness_audit\audit_images\track_b_external\grape\Powdery Mildew\gldd_f2cd7f70-d87c-4feb-b02a-da9a248a3794_jpg.rf.45f30db65c45a53f9e4a5b950ee1a5c0.jpg,Grape,Powdery Mildew,GLDD-Dataset,"GLDD: Grape Leaf Disease Detection dataset (AFM-YOLO study, 2022)",e5eb606fa410ae8b1569c9e16d44f8e87f4f530d2226797fa7aab8078d121d85,True
D:\CropDiseaseProject\results\model_robustness_audit\audit_images\track_b_external\chilli\cerocospora\ulfa_Spot_Leaf_-___1_.jpeg,results\model_robustness_audit\audit_images\track_b_external\chilli\cerocospora\ulfa_Spot_Leaf_-___1_.jpeg,Chilli,cerocospora,Ulfa-Chili-Dataset,"Ulfa et al., Chili Leaf Disease Dataset (5 categories, 1000 images/class), 2023",4b64205883d1ace4b8caefffbaea17d134be71b8869d60d456828f16d80e375f,True
D:\CropDiseaseProject\results\model_robustness_audit\audit_images\track_b_external\chilli\cerocospora\ulfa_Spot_Leaf_-___1_.jpg,results\model_robustness_audit\audit_images\track_b_external\chilli\cerocospora\ulfa_Spot_Leaf_-___1_.jpg,Chilli,cerocospora,Ulfa-Chili-Dataset,"Ulfa et al., Chili Leaf Disease Dataset (5 categories, 1000 images/class), 2023",282d6b1e464055dc01ec66cdf31832f76d47e8dcd1989367f507d91d926aca74,True
D:\CropDiseaseProject\results\model_robustness_audit\audit_images\track_b_external\chilli\cerocospora\ulfa_Spot_Leaf_-___10_.jpg,results\model_robustness_audit\audit_images\track_b_external\chilli\cerocospora\ulfa_Spot_Leaf_-___10_.jpg,Chilli,cerocospora,Ulfa-Chili-Dataset,"Ulfa et al., Chili Leaf Disease Dataset (5 categories, 1000 images/class), 2023",f4e679eeaca9e9c73b45025f6d7fe40e53eb83f6ae6d836bc4de0f4b70ffb777,True
D:\CropDiseaseProject\results\model_robustness_audit\audit_images\track_b_external\chilli\cerocospora\ulfa_Spot_Leaf_-___100_.jpg,results\model_robustness_audit\audit_images\track_b_external\chilli\cerocospora\ulfa_Spot_Leaf_-___100_.jpg,Chilli,cerocospora,Ulfa-Chili-Dataset,"Ulfa et al., Chili Leaf Disease Dataset (5 categories, 1000 images/class), 2023",1288c10bcdf8290576e1b2b9a403df7bb0e39003d3ed6838561444a2ddeab311,True
D:\CropDiseaseProject\results\model_robustness_audit\audit_images\track_b_external\chilli\cerocospora\ulfa_Spot_Leaf_-___101_.jpg,results\model_robustness_audit\audit_images\track_b_external\chilli\cerocospora\ulfa_Spot_Leaf_-___101_.jpg,Chilli,cerocospora,Ulfa-Chili-Dataset,"Ulfa et al., Chili Leaf Disease Dataset (5 categories, 1000 images/class), 2023",1332eebfe4d1b9429ce8694c42e4e148f585bc9a44d7ce23f301d11fa52b1128,True
D:\CropDiseaseProject\results\model_robustness_audit\audit_images\track_b_external\chilli\cerocospora\ulfa_Spot_Leaf_-___102_.jpg,results\model_robustness_audit\audit_images\track_b_external\chilli\cerocospora\ulfa_Spot_Leaf_-___102_.jpg,Chilli,cerocospora,Ulfa-Chili-Dataset,"Ulfa et al., Chili Leaf Disease Dataset (5 categories, 1000 images/class), 2023",47f6d394001612ee4bdad37f0a35bf9ab12b92178c5abe99bfa674abf2cc3e27,True
D:\CropDiseaseProject\results\model_robustness_audit\audit_images\track_b_external\chilli\cerocospora\ulfa_Spot_Leaf_-___104_.jpg,results\model_robustness_audit\audit_images\track_b_external\chilli\cerocospora\ulfa_Spot_Leaf_-___104_.jpg,Chilli,cerocospora,Ulfa-Chili-Dataset,"Ulfa et al., Chili Leaf Disease Dataset (5 categories, 1000 images/class), 2023",6f5849562738bb780917054107486db672a349265d934f104fa5989508332753,True
D:\CropDiseaseProject\results\model_robustness_audit\audit_images\track_b_external\chilli\cerocospora\ulfa_Spot_Leaf_-___105_.jpg,results\model_robustness_audit\audit_images\track_b_external\chilli\cerocospora\ulfa_Spot_Leaf_-___105_.jpg,Chilli,cerocospora,Ulfa-Chili-Dataset,"Ulfa et al., Chili Leaf Disease Dataset (5 categories, 1000 images/class), 2023",a9ea36192d94787b4ac7bc5a11a2164b08d4055f8b5260f2397d2c8876c06a46,True
D:\CropDiseaseProject\results\model_robustness_audit\audit_images\track_b_external\chilli\cerocospora\ulfa_Spot_Leaf_-___106_.jpg,results\model_robustness_audit\audit_images\track_b_external\chilli\cerocospora\ulfa_Spot_Leaf_-___106_.jpg,Chilli,cerocospora,Ulfa-Chili-Dataset,"Ulfa et al., Chili Leaf Disease Dataset (5 categories, 1000 images/class), 2023",410f00d804ac572593ab8756c24b9fde487d30e26b7367c0889f981562098558,True
D:\CropDiseaseProject\results\model_robustness_audit\audit_images\track_b_external\chilli\cerocospora\ulfa_Spot_Leaf_-___108_.jpg,results\model_robustness_audit\audit_images\track_b_external\chilli\cerocospora\ulfa_Spot_Leaf_-___108_.jpg,Chilli,cerocospora,Ulfa-Chili-Dataset,"Ulfa et al., Chili Leaf Disease Dataset (5 categories, 1000 images/class), 2023",2f9911cfd95e024096f341fcf20e95ec9c6cff604eb65e97e3736f32d4c7baf8,True
D:\CropDiseaseProject\results\model_robustness_audit\audit_images\track_b_external\chilli\cerocospora\ulfa_Spot_Leaf_-___109_.jpg,results\model_robustness_audit\audit_images\track_b_external\chilli\cerocospora\ulfa_Spot_Leaf_-___109_.jpg,Chilli,cerocospora,Ulfa-Chili-Dataset,"Ulfa et al., Chili Leaf Disease Dataset (5 categories, 1000 images/class), 2023",d4e0dd975dd9d9bd9c289b13c6df53c2e1b2a2596bea0df6ba22b7136eef46ba,True
D:\CropDiseaseProject\results\model_robustness_audit\audit_images\track_b_external\chilli\cerocospora\ulfa_Spot_Leaf_-___11_.jpg,results\model_robustness_audit\audit_images\track_b_external\chilli\cerocospora\ulfa_Spot_Leaf_-___11_.jpg,Chilli,cerocospora,Ulfa-Chili-Dataset,"Ulfa et al., Chili Leaf Disease Dataset (5 categories, 1000 images/class), 2023",ee5d7995fe83b7cd43a6147efd6210b98af64301282c65a0a706ac13a65f5d37,True
D:\CropDiseaseProject\results\model_robustness_audit\audit_images\track_b_external\chilli\cerocospora\ulfa_Spot_Leaf_-___110_.jpg,results\model_robustness_audit\audit_images\track_b_external\chilli\cerocospora\ulfa_Spot_Leaf_-___110_.jpg,Chilli,cerocospora,Ulfa-Chili-Dataset,"Ulfa et al., Chili Leaf Disease Dataset (5 categories, 1000 images/class), 2023",5909aa6b94a3643cdb2f705ee93b0d36420a3caef774891cd8f8dd3d75475b5b,True
D:\CropDiseaseProject\results\model_robustness_audit\audit_images\track_b_external\chilli\cerocospora\ulfa_Spot_Leaf_-___111_.jpg,results\model_robustness_audit\audit_images\track_b_external\chilli\cerocospora\ulfa_Spot_Leaf_-___111_.jpg,Chilli,cerocospora,Ulfa-Chili-Dataset,"Ulfa et al., Chili Leaf Disease Dataset (5 categories, 1000 images/class), 2023",03aae7e8d05df7ec878d98382522e769cabf8f226749f50da1fbe49b12fcde43,True
D:\CropDiseaseProject\results\model_robustness_audit\audit_images\track_b_external\chilli\cerocospora\ulfa_Spot_Leaf_-___112_.jpg,results\model_robustness_audit\audit_images\track_b_external\chilli\cerocospora\ulfa_Spot_Leaf_-___112_.jpg,Chilli,cerocospora,Ulfa-Chili-Dataset,"Ulfa et al., Chili Leaf Disease Dataset (5 categories, 1000 images/class), 2023",1e8627264601752258be1247cd7e185923924681c9623f19750de175b1bab3d7,True
D:\CropDiseaseProject\results\model_robustness_audit\audit_images\track_b_external\chilli\cerocospora\ulfa_Spot_Leaf_-___113_.jpg,results\model_robustness_audit\audit_images\track_b_external\chilli\cerocospora\ulfa_Spot_Leaf_-___113_.jpg,Chilli,cerocospora,Ulfa-Chili-Dataset,"Ulfa et al., Chili Leaf Disease Dataset (5 categories, 1000 images/class), 2023",bad66188daddc27e8881af1b9dbd3f542de311c2bb8e49faeef0518db3522cb2,True
D:\CropDiseaseProject\results\model_robustness_audit\audit_images\track_b_external\chilli\cerocospora\ulfa_Spot_Leaf_-___114_.jpg,results\model_robustness_audit\audit_images\track_b_external\chilli\cerocospora\ulfa_Spot_Leaf_-___114_.jpg,Chilli,cerocospora,Ulfa-Chili-Dataset,"Ulfa et al., Chili Leaf Disease Dataset (5 categories, 1000 images/class), 2023",ce540a62f95fa5f4d80eb807e5664b37db9cc50f2a6c82b404fd4b4dab132007,True
D:\CropDiseaseProject\results\model_robustness_audit\audit_images\track_b_external\chilli\cerocospora\ulfa_Spot_Leaf_-___115_.jpg,results\model_robustness_audit\audit_images\track_b_external\chilli\cerocospora\ulfa_Spot_Leaf_-___115_.jpg,Chilli,cerocospora,Ulfa-Chili-Dataset,"Ulfa et al., Chili Leaf Disease Dataset (5 categories, 1000 images/class), 2023",8cad694a0236d3990e6d7c806f4b2574521ee34b984837d29bf9771ba086ad5f,True
D:\CropDiseaseProject\results\model_robustness_audit\audit_images\track_b_external\chilli\cerocospora\ulfa_Spot_Leaf_-___116_.jpg,results\model_robustness_audit\audit_images\track_b_external\chilli\cerocospora\ulfa_Spot_Leaf_-___116_.jpg,Chilli,cerocospora,Ulfa-Chili-Dataset,"Ulfa et al., Chili Leaf Disease Dataset (5 categories, 1000 images/class), 2023",85bbdb58c2f55342465a23b214f93d2a44c453b79314201b81d1b5c9453553de,True
D:\CropDiseaseProject\results\model_robustness_audit\audit_images\track_b_external\chilli\cerocospora\ulfa_Spot_Leaf_-___117_.jpg,results\model_robustness_audit\audit_images\track_b_external\chilli\cerocospora\ulfa_Spot_Leaf_-___117_.jpg,Chilli,cerocospora,Ulfa-Chili-Dataset,"Ulfa et al., Chili Leaf Disease Dataset (5 categories, 1000 images/class), 2023",ee80aea326d99f3c4a11ec1ad0bb6456c1a0d4b9bec7fd497a2442ad97a4f909,True
D:\CropDiseaseProject\results\model_robustness_audit\audit_images\track_b_external\chilli\cerocospora\ulfa_Spot_Leaf_-___119_.jpg,results\model_robustness_audit\audit_images\track_b_external\chilli\cerocospora\ulfa_Spot_Leaf_-___119_.jpg,Chilli,cerocospora,Ulfa-Chili-Dataset,"Ulfa et al., Chili Leaf Disease Dataset (5 categories, 1000 images/class), 2023",3c34275a873fa7d686508a8a139af149168e2a6a435ede5e5480653ad1c05106,True
D:\CropDiseaseProject\results\model_robustness_audit\audit_images\track_b_external\chilli\cerocospora\ulfa_Spot_Leaf_-___12_.jpg,results\model_robustness_audit\audit_images\track_b_external\chilli\cerocospora\ulfa_Spot_Leaf_-___12_.jpg,Chilli,cerocospora,Ulfa-Chili-Dataset,"Ulfa et al., Chili Leaf Disease Dataset (5 categories, 1000 images/class), 2023",ffd38a70000dd5961cae7386073af6799d15680a10aa584b157c19f0d7f30767,True
D:\CropDiseaseProject\results\model_robustness_audit\audit_images\track_b_external\chilli\cerocospora\ulfa_Spot_Leaf_-___120_.jpg,results\model_robustness_audit\audit_images\track_b_external\chilli\cerocospora\ulfa_Spot_Leaf_-___120_.jpg,Chilli,cerocospora,Ulfa-Chili-Dataset,"Ulfa et al., Chili Leaf Disease Dataset (5 categories, 1000 images/class), 2023",58a9d164a12f936483065dffef597e416cc5a4e2d78e040dd80a6894503be37b,True
D:\CropDiseaseProject\results\model_robustness_audit\audit_images\track_b_external\chilli\cerocospora\ulfa_Spot_Leaf_-___121_.jpg,results\model_robustness_audit\audit_images\track_b_external\chilli\cerocospora\ulfa_Spot_Leaf_-___121_.jpg,Chilli,cerocospora,Ulfa-Chili-Dataset,"Ulfa et al., Chili Leaf Disease Dataset (5 categories, 1000 images/class), 2023",0b788714489b6ec390d32fec366f4cb99c7d998b749c248b68f62adff8bfff31,True
D:\CropDiseaseProject\results\model_robustness_audit\audit_images\track_b_external\chilli\cerocospora\ulfa_Spot_Leaf_-___123_.jpg,results\model_robustness_audit\audit_images\track_b_external\chilli\cerocospora\ulfa_Spot_Leaf_-___123_.jpg,Chilli,cerocospora,Ulfa-Chili-Dataset,"Ulfa et al., Chili Leaf Disease Dataset (5 categories, 1000 images/class), 2023",99666541df6673f455d895f73e6cf1649b1b3895dbc56cb7e971b5c3ade6576f,True
D:\CropDiseaseProject\results\model_robustness_audit\audit_images\track_b_external\chilli\cerocospora\ulfa_Spot_Leaf_-___125_.jpg,results\model_robustness_audit\audit_images\track_b_external\chilli\cerocospora\ulfa_Spot_Leaf_-___125_.jpg,Chilli,cerocospora,Ulfa-Chili-Dataset,"Ulfa et al., Chili Leaf Disease Dataset (5 categories, 1000 images/class), 2023",ff51ab8579e5218bd97d86076529ae9d3d63c311e3140d4330facf935386d85a,True
D:\CropDiseaseProject\results\model_robustness_audit\audit_images\track_b_external\chilli\cerocospora\ulfa_Spot_Leaf_-___126_.jpg,results\model_robustness_audit\audit_images\track_b_external\chilli\cerocospora\ulfa_Spot_Leaf_-___126_.jpg,Chilli,cerocospora,Ulfa-Chili-Dataset,"Ulfa et al., Chili Leaf Disease Dataset (5 categories, 1000 images/class), 2023",010f9cd99277e5ec412e895d3ea32c2cd1f6167f5b849fced750c6ee5e623162,True
D:\CropDiseaseProject\results\model_robustness_audit\audit_images\track_b_external\chilli\cerocospora\ulfa_Spot_Leaf_-___127_.jpg,results\model_robustness_audit\audit_images\track_b_external\chilli\cerocospora\ulfa_Spot_Leaf_-___127_.jpg,Chilli,cerocospora,Ulfa-Chili-Dataset,"Ulfa et al., Chili Leaf Disease Dataset (5 categories, 1000 images/class), 2023",61345d9abbd1660f6a53d2d51d2f189fd6f04a7d303c5c8a982a2ab2092d59b4,True
D:\CropDiseaseProject\results\model_robustness_audit\audit_images\track_b_external\chilli\cerocospora\ulfa_Spot_Leaf_-___128_.jpg,results\model_robustness_audit\audit_images\track_b_external\chilli\cerocospora\ulfa_Spot_Leaf_-___128_.jpg,Chilli,cerocospora,Ulfa-Chili-Dataset,"Ulfa et al., Chili Leaf Disease Dataset (5 categories, 1000 images/class), 2023",bc2edc5e2de26706b6908eb7300ac8f58a456c7d3f0ba25a7c9c97183ebcc652,True
D:\CropDiseaseProject\results\model_robustness_audit\audit_images\track_b_external\chilli\cerocospora\ulfa_Spot_Leaf_-___129_.jpg,results\model_robustness_audit\audit_images\track_b_external\chilli\cerocospora\ulfa_Spot_Leaf_-___129_.jpg,Chilli,cerocospora,Ulfa-Chili-Dataset,"Ulfa et al., Chili Leaf Disease Dataset (5 categories, 1000 images/class), 2023",a59c5514f682652ade3a26bb52aa34877da502756d8c5a7c6092a814fd1330e0,True
D:\CropDiseaseProject\results\model_robustness_audit\audit_images\track_b_external\chilli\healthy\ulfa_01.jpg,results\model_robustness_audit\audit_images\track_b_external\chilli\healthy\ulfa_01.jpg,Chilli,healthy,Ulfa-Chili-Dataset,"Ulfa et al., Chili Leaf Disease Dataset (5 categories, 1000 images/class), 2023",a1d528a356d5c45aa3825db974e2b107c7f9fe4325a81e44179ebe9505b22f83,True
D:\CropDiseaseProject\results\model_robustness_audit\audit_images\track_b_external\chilli\healthy\ulfa_02.jpg,results\model_robustness_audit\audit_images\track_b_external\chilli\healthy\ulfa_02.jpg,Chilli,healthy,Ulfa-Chili-Dataset,"Ulfa et al., Chili Leaf Disease Dataset (5 categories, 1000 images/class), 2023",b70b9d0b4a1295abb4b5fe892463f2d30e8c47925877a46e6da55c6e6414be7c,True
D:\CropDiseaseProject\results\model_robustness_audit\audit_images\track_b_external\chilli\healthy\ulfa_03.jpg,results\model_robustness_audit\audit_images\track_b_external\chilli\healthy\ulfa_03.jpg,Chilli,healthy,Ulfa-Chili-Dataset,"Ulfa et al., Chili Leaf Disease Dataset (5 categories, 1000 images/class), 2023",4cc09bb22a28b88346587d4c877fbf727ede32fb24f8da3a4bc498f4d1b636a8,True
D:\CropDiseaseProject\results\model_robustness_audit\audit_images\track_b_external\chilli\healthy\ulfa_04.jpg,results\model_robustness_audit\audit_images\track_b_external\chilli\healthy\ulfa_04.jpg,Chilli,healthy,Ulfa-Chili-Dataset,"Ulfa et al., Chili Leaf Disease Dataset (5 categories, 1000 images/class), 2023",595ab56eae588460a2efb4cc0a943b77bfbad4039ac1e4bcf54d2d8cd804805f,True
D:\CropDiseaseProject\results\model_robustness_audit\audit_images\track_b_external\chilli\healthy\ulfa_05.jpg,results\model_robustness_audit\audit_images\track_b_external\chilli\healthy\ulfa_05.jpg,Chilli,healthy,Ulfa-Chili-Dataset,"Ulfa et al., Chili Leaf Disease Dataset (5 categories, 1000 images/class), 2023",d70b1bca70427b084a16442e5dfc1976075a0519c261317062750d93acf4a024,True
D:\CropDiseaseProject\results\model_robustness_audit\audit_images\track_b_external\chilli\healthy\ulfa_06.jpg,results\model_robustness_audit\audit_images\track_b_external\chilli\healthy\ulfa_06.jpg,Chilli,healthy,Ulfa-Chili-Dataset,"Ulfa et al., Chili Leaf Disease Dataset (5 categories, 1000 images/class), 2023",b81a1777b9a882652ebd4699ada06d738970d4cd71abbb40fce20ab12e10b16f,True
D:\CropDiseaseProject\results\model_robustness_audit\audit_images\track_b_external\chilli\healthy\ulfa_07.jpg,results\model_robustness_audit\audit_images\track_b_external\chilli\healthy\ulfa_07.jpg,Chilli,healthy,Ulfa-Chili-Dataset,"Ulfa et al., Chili Leaf Disease Dataset (5 categories, 1000 images/class), 2023",6e44581377a58c57454f372cc03a7ebae649030a7a37a8db90be672067277cc0,True
D:\CropDiseaseProject\results\model_robustness_audit\audit_images\track_b_external\chilli\healthy\ulfa_08.jpg,results\model_robustness_audit\audit_images\track_b_external\chilli\healthy\ulfa_08.jpg,Chilli,healthy,Ulfa-Chili-Dataset,"Ulfa et al., Chili Leaf Disease Dataset (5 categories, 1000 images/class), 2023",02b920cb6d4f5207acf0226375f3d85b1a5c8c41c5c4e8783ac7e73f77764414,True
D:\CropDiseaseProject\results\model_robustness_audit\audit_images\track_b_external\chilli\healthy\ulfa_09.jpg,results\model_robustness_audit\audit_images\track_b_external\chilli\healthy\ulfa_09.jpg,Chilli,healthy,Ulfa-Chili-Dataset,"Ulfa et al., Chili Leaf Disease Dataset (5 categories, 1000 images/class), 2023",d03cfe96d00d1fa335909a14159ab130717181b2c14ca1c4c6c617a4e99f7b1a,True
D:\CropDiseaseProject\results\model_robustness_audit\audit_images\track_b_external\chilli\healthy\ulfa_10.jpg,results\model_robustness_audit\audit_images\track_b_external\chilli\healthy\ulfa_10.jpg,Chilli,healthy,Ulfa-Chili-Dataset,"Ulfa et al., Chili Leaf Disease Dataset (5 categories, 1000 images/class), 2023",fe7c0b1abd31eb99333ed1d5ee3a74b0c62875402bd96f5bfabebcaba8fcf554,True
D:\CropDiseaseProject\results\model_robustness_audit\audit_images\track_b_external\chilli\healthy\ulfa_100.jpg,results\model_robustness_audit\audit_images\track_b_external\chilli\healthy\ulfa_100.jpg,Chilli,healthy,Ulfa-Chili-Dataset,"Ulfa et al., Chili Leaf Disease Dataset (5 categories, 1000 images/class), 2023",95a4450e5a2562cd340f05f04209d0dedfbc57d6755c274793faaeab12398ace,True
D:\CropDiseaseProject\results\model_robustness_audit\audit_images\track_b_external\chilli\healthy\ulfa_1000.jpg,results\model_robustness_audit\audit_images\track_b_external\chilli\healthy\ulfa_1000.jpg,Chilli,healthy,Ulfa-Chili-Dataset,"Ulfa et al., Chili Leaf Disease Dataset (5 categories, 1000 images/class), 2023",b7fd16ccb22bfc792241b9fb4fa0f95ae7ca12aa54074b2c0460a143174c63f8,True
D:\CropDiseaseProject\results\model_robustness_audit\audit_images\track_b_external\chilli\healthy\ulfa_101.jpg,results\model_robustness_audit\audit_images\track_b_external\chilli\healthy\ulfa_101.jpg,Chilli,healthy,Ulfa-Chili-Dataset,"Ulfa et al., Chili Leaf Disease Dataset (5 categories, 1000 images/class), 2023",8dde57207d68c923768418c331155a2c1bbd89643a5cde0217acc987cf4e7293,True
D:\CropDiseaseProject\results\model_robustness_audit\audit_images\track_b_external\chilli\healthy\ulfa_102.jpg,results\model_robustness_audit\audit_images\track_b_external\chilli\healthy\ulfa_102.jpg,Chilli,healthy,Ulfa-Chili-Dataset,"Ulfa et al., Chili Leaf Disease Dataset (5 categories, 1000 images/class), 2023",af34c668c06b9d24f8e630c3b2e0698f75629c21c03e76b892df2e40993f32f6,True
D:\CropDiseaseProject\results\model_robustness_audit\audit_images\track_b_external\chilli\healthy\ulfa_103.jpg,results\model_robustness_audit\audit_images\track_b_external\chilli\healthy\ulfa_103.jpg,Chilli,healthy,Ulfa-Chili-Dataset,"Ulfa et al., Chili Leaf Disease Dataset (5 categories, 1000 images/class), 2023",42d114ffc6aecda1b1009e78842949831ea880b9a50ebc5cf0aad5ef793ad764,True
D:\CropDiseaseProject\results\model_robustness_audit\audit_images\track_b_external\chilli\healthy\ulfa_104.jpg,results\model_robustness_audit\audit_images\track_b_external\chilli\healthy\ulfa_104.jpg,Chilli,healthy,Ulfa-Chili-Dataset,"Ulfa et al., Chili Leaf Disease Dataset (5 categories, 1000 images/class), 2023",76656e7959a6da37ad3f50d4ed5a6fd1c7881027fc8f98649689c22012addfe2,True
D:\CropDiseaseProject\results\model_robustness_audit\audit_images\track_b_external\chilli\healthy\ulfa_105.jpg,results\model_robustness_audit\audit_images\track_b_external\chilli\healthy\ulfa_105.jpg,Chilli,healthy,Ulfa-Chili-Dataset,"Ulfa et al., Chili Leaf Disease Dataset (5 categories, 1000 images/class), 2023",f282faf365108cdf374e87f6504f104566df34953d128f9a5e78af9fb67b5f72,True
D:\CropDiseaseProject\results\model_robustness_audit\audit_images\track_b_external\chilli\healthy\ulfa_106.jpg,results\model_robustness_audit\audit_images\track_b_external\chilli\healthy\ulfa_106.jpg,Chilli,healthy,Ulfa-Chili-Dataset,"Ulfa et al., Chili Leaf Disease Dataset (5 categories, 1000 images/class), 2023",7760edbbcd154d3cf801192096d7f42976f64b4767fcd345a72f7843dc5f810e,True
D:\CropDiseaseProject\results\model_robustness_audit\audit_images\track_b_external\chilli\healthy\ulfa_107.jpg,results\model_robustness_audit\audit_images\track_b_external\chilli\healthy\ulfa_107.jpg,Chilli,healthy,Ulfa-Chili-Dataset,"Ulfa et al., Chili Leaf Disease Dataset (5 categories, 1000 images/class), 2023",4a80224983e0e1287e31e09abab7db59ed84db8ee81a69f7a98dd4b2d54d06ff,True
D:\CropDiseaseProject\results\model_robustness_audit\audit_images\track_b_external\chilli\healthy\ulfa_108.jpg,results\model_robustness_audit\audit_images\track_b_external\chilli\healthy\ulfa_108.jpg,Chilli,healthy,Ulfa-Chili-Dataset,"Ulfa et al., Chili Leaf Disease Dataset (5 categories, 1000 images/class), 2023",3ba3eac9017938c5c78f52713a86521dcb4bec367a3dc9ef97f44645cf03af97,True
D:\CropDiseaseProject\results\model_robustness_audit\audit_images\track_b_external\chilli\healthy\ulfa_109.jpg,results\model_robustness_audit\audit_images\track_b_external\chilli\healthy\ulfa_109.jpg,Chilli,healthy,Ulfa-Chili-Dataset,"Ulfa et al., Chili Leaf Disease Dataset (5 categories, 1000 images/class), 2023",8857f81f2b992efcb9e3a2718f235abcbbaa652795f6f9b5e6c2f087832e0ad6,True
D:\CropDiseaseProject\results\model_robustness_audit\audit_images\track_b_external\chilli\healthy\ulfa_11.jpg,results\model_robustness_audit\audit_images\track_b_external\chilli\healthy\ulfa_11.jpg,Chilli,healthy,Ulfa-Chili-Dataset,"Ulfa et al., Chili Leaf Disease Dataset (5 categories, 1000 images/class), 2023",408c6f7f55457986045ea2a6d3cebcd9d09be2853331c743b873476fc85c8066,True
D:\CropDiseaseProject\results\model_robustness_audit\audit_images\track_b_external\chilli\healthy\ulfa_110.jpg,results\model_robustness_audit\audit_images\track_b_external\chilli\healthy\ulfa_110.jpg,Chilli,healthy,Ulfa-Chili-Dataset,"Ulfa et al., Chili Leaf Disease Dataset (5 categories, 1000 images/class), 2023",61cb1078e68fcb33409a72f194876e9743b8263dffdef76c1c0e380d2f9bca20,True
D:\CropDiseaseProject\results\model_robustness_audit\audit_images\track_b_external\chilli\healthy\ulfa_111.jpg,results\model_robustness_audit\audit_images\track_b_external\chilli\healthy\ulfa_111.jpg,Chilli,healthy,Ulfa-Chili-Dataset,"Ulfa et al., Chili Leaf Disease Dataset (5 categories, 1000 images/class), 2023",108684f25e9998b71879fa1d0ee77bb86a224450123ea5db7a557bb06f17aba4,True
D:\CropDiseaseProject\results\model_robustness_audit\audit_images\track_b_external\chilli\healthy\ulfa_112.jpg,results\model_robustness_audit\audit_images\track_b_external\chilli\healthy\ulfa_112.jpg,Chilli,healthy,Ulfa-Chili-Dataset,"Ulfa et al., Chili Leaf Disease Dataset (5 categories, 1000 images/class), 2023",2141b5b543496b4d77d30707eef56f2dc193ec418bbccb3ca00c584d98515cae,True
D:\CropDiseaseProject\results\model_robustness_audit\audit_images\track_b_external\chilli\healthy\ulfa_113.jpg,results\model_robustness_audit\audit_images\track_b_external\chilli\healthy\ulfa_113.jpg,Chilli,healthy,Ulfa-Chili-Dataset,"Ulfa et al., Chili Leaf Disease Dataset (5 categories, 1000 images/class), 2023",e9aace2a2886ae76c79f42f473cee1cf5364bba903058b35abd32919ed0e0d4c,True
D:\CropDiseaseProject\results\model_robustness_audit\audit_images\track_b_external\chilli\healthy\ulfa_114.jpg,results\model_robustness_audit\audit_images\track_b_external\chilli\healthy\ulfa_114.jpg,Chilli,healthy,Ulfa-Chili-Dataset,"Ulfa et al., Chili Leaf Disease Dataset (5 categories, 1000 images/class), 2023",58a033f8485b1625f83e0b5d134ac917763583002c45d6a70380e3328d5c7572,True
D:\CropDiseaseProject\results\model_robustness_audit\audit_images\track_b_external\chilli\healthy\ulfa_115.jpg,results\model_robustness_audit\audit_images\track_b_external\chilli\healthy\ulfa_115.jpg,Chilli,healthy,Ulfa-Chili-Dataset,"Ulfa et al., Chili Leaf Disease Dataset (5 categories, 1000 images/class), 2023",50e9644a3d2237f26f5dc9b8167999f566249e8a70367de9c9acca863e507fe3,True
D:\CropDiseaseProject\results\model_robustness_audit\audit_images\track_b_external\chilli\healthy\ulfa_116.jpg,results\model_robustness_audit\audit_images\track_b_external\chilli\healthy\ulfa_116.jpg,Chilli,healthy,Ulfa-Chili-Dataset,"Ulfa et al., Chili Leaf Disease Dataset (5 categories, 1000 images/class), 2023",0ea122a1f244da4e0b315efac91cc0d0052e3d0b2311c7056b3880c1a2618297,True
D:\CropDiseaseProject\results\model_robustness_audit\audit_images\track_b_external\chilli\healthy\ulfa_117.jpg,results\model_robustness_audit\audit_images\track_b_external\chilli\healthy\ulfa_117.jpg,Chilli,healthy,Ulfa-Chili-Dataset,"Ulfa et al., Chili Leaf Disease Dataset (5 categories, 1000 images/class), 2023",46488aee6a30e465a7bebc525ef0c66413c83a6f9fa36b9ab38078e03c835a9e,True
D:\CropDiseaseProject\results\model_robustness_audit\audit_images\track_b_external\chilli\murda complex\ulfa_Leaf_Curl__1_.jpg,results\model_robustness_audit\audit_images\track_b_external\chilli\murda complex\ulfa_Leaf_Curl__1_.jpg,Chilli,murda complex,Ulfa-Chili-Dataset,"Ulfa et al., Chili Leaf Disease Dataset (5 categories, 1000 images/class), 2023",90d92b135f76447d9c6ecdb84ad58cce4e58a5fd69d6da6c68a7acf4371b58a7,True
D:\CropDiseaseProject\results\model_robustness_audit\audit_images\track_b_external\chilli\murda complex\ulfa_Leaf_Curl__1000_.jpg,results\model_robustness_audit\audit_images\track_b_external\chilli\murda complex\ulfa_Leaf_Curl__1000_.jpg,Chilli,murda complex,Ulfa-Chili-Dataset,"Ulfa et al., Chili Leaf Disease Dataset (5 categories, 1000 images/class), 2023",2bd6b327162bbb78117c988134536dc13e1ff8a1bfb62e9f4fc62209d552452b,True
D:\CropDiseaseProject\results\model_robustness_audit\audit_images\track_b_external\chilli\murda complex\ulfa_Leaf_Curl__1001_.jpg,results\model_robustness_audit\audit_images\track_b_external\chilli\murda complex\ulfa_Leaf_Curl__1001_.jpg,Chilli,murda complex,Ulfa-Chili-Dataset,"Ulfa et al., Chili Leaf Disease Dataset (5 categories, 1000 images/class), 2023",2b0eed494961839d7b4765296ae82079acb5d3eb3fedef6521b4e3d94cb6535f,True
D:\CropDiseaseProject\results\model_robustness_audit\audit_images\track_b_external\chilli\murda complex\ulfa_Leaf_Curl__1003_.jpg,results\model_robustness_audit\audit_images\track_b_external\chilli\murda complex\ulfa_Leaf_Curl__1003_.jpg,Chilli,murda complex,Ulfa-Chili-Dataset,"Ulfa et al., Chili Leaf Disease Dataset (5 categories, 1000 images/class), 2023",492cf4c7af0d71baeacac6f40f6ec17145bbf9d355b8eb12a36341a6bf8ef32e,True
D:\CropDiseaseProject\results\model_robustness_audit\audit_images\track_b_external\chilli\murda complex\ulfa_Leaf_Curl__1004_.jpg,results\model_robustness_audit\audit_images\track_b_external\chilli\murda complex\ulfa_Leaf_Curl__1004_.jpg,Chilli,murda complex,Ulfa-Chili-Dataset,"Ulfa et al., Chili Leaf Disease Dataset (5 categories, 1000 images/class), 2023",fe810edd10d7204a22de9d220d9502f25481852b581318deb80e964e9dc0e467,True
D:\CropDiseaseProject\results\model_robustness_audit\audit_images\track_b_external\chilli\murda complex\ulfa_Leaf_Curl__1005_.jpg,results\model_robustness_audit\audit_images\track_b_external\chilli\murda complex\ulfa_Leaf_Curl__1005_.jpg,Chilli,murda complex,Ulfa-Chili-Dataset,"Ulfa et al., Chili Leaf Disease Dataset (5 categories, 1000 images/class), 2023",5cdf8a8e153a8d74b0319093e8788bc9d6d9e5f21e4cafefbf8d6beed84e72ff,True
D:\CropDiseaseProject\results\model_robustness_audit\audit_images\track_b_external\chilli\murda complex\ulfa_Leaf_Curl__1007_.jpg,results\model_robustness_audit\audit_images\track_b_external\chilli\murda complex\ulfa_Leaf_Curl__1007_.jpg,Chilli,murda complex,Ulfa-Chili-Dataset,"Ulfa et al., Chili Leaf Disease Dataset (5 categories, 1000 images/class), 2023",83b4f24879d8393f9fa965bfbbb30f3f238983cd053f064db56f15ac68fdd904,True
D:\CropDiseaseProject\results\model_robustness_audit\audit_images\track_b_external\chilli\murda complex\ulfa_Leaf_Curl__1008_.jpg,results\model_robustness_audit\audit_images\track_b_external\chilli\murda complex\ulfa_Leaf_Curl__1008_.jpg,Chilli,murda complex,Ulfa-Chili-Dataset,"Ulfa et al., Chili Leaf Disease Dataset (5 categories, 1000 images/class), 2023",393c3a87fd1822af47f3f90e542ca9d7634fd9d5f0b8359564c9ee88bdce1bd6,True
D:\CropDiseaseProject\results\model_robustness_audit\audit_images\track_b_external\chilli\murda complex\ulfa_Leaf_Curl__1009_.jpg,results\model_robustness_audit\audit_images\track_b_external\chilli\murda complex\ulfa_Leaf_Curl__1009_.jpg,Chilli,murda complex,Ulfa-Chili-Dataset,"Ulfa et al., Chili Leaf Disease Dataset (5 categories, 1000 images/class), 2023",21431e5fdeb7c2b2135874887f4efe74f78aab27c7fb816130771dae4f126e1a,True
D:\CropDiseaseProject\results\model_robustness_audit\audit_images\track_b_external\chilli\murda complex\ulfa_Leaf_Curl__1010_.jpg,results\model_robustness_audit\audit_images\track_b_external\chilli\murda complex\ulfa_Leaf_Curl__1010_.jpg,Chilli,murda complex,Ulfa-Chili-Dataset,"Ulfa et al., Chili Leaf Disease Dataset (5 categories, 1000 images/class), 2023",ba99d57d782ae629dda74b678a89354986ecbce7b19c1ecd4ca7cc2656d13ad8,True
D:\CropDiseaseProject\results\model_robustness_audit\audit_images\track_b_external\chilli\murda complex\ulfa_Leaf_Curl__1011_.jpg,results\model_robustness_audit\audit_images\track_b_external\chilli\murda complex\ulfa_Leaf_Curl__1011_.jpg,Chilli,murda complex,Ulfa-Chili-Dataset,"Ulfa et al., Chili Leaf Disease Dataset (5 categories, 1000 images/class), 2023",5283b403e737fda9432181c8ae13e0461640764ef8f36703b7aaec0fb3293c1b,True
D:\CropDiseaseProject\results\model_robustness_audit\audit_images\track_b_external\chilli\murda complex\ulfa_Leaf_Curl__1012_.jpg,results\model_robustness_audit\audit_images\track_b_external\chilli\murda complex\ulfa_Leaf_Curl__1012_.jpg,Chilli,murda complex,Ulfa-Chili-Dataset,"Ulfa et al., Chili Leaf Disease Dataset (5 categories, 1000 images/class), 2023",c90e7a1cda60f9a1efb7aff5139747f97a07abc2148d3d880c3f86e98e4c7801,True
D:\CropDiseaseProject\results\model_robustness_audit\audit_images\track_b_external\chilli\murda complex\ulfa_Leaf_Curl__1013_.jpg,results\model_robustness_audit\audit_images\track_b_external\chilli\murda complex\ulfa_Leaf_Curl__1013_.jpg,Chilli,murda complex,Ulfa-Chili-Dataset,"Ulfa et al., Chili Leaf Disease Dataset (5 categories, 1000 images/class), 2023",5322a25f2eb0b3d11b2473d2dc44c432d0da937815ecf5cfb69dc2fcdda90a56,True
D:\CropDiseaseProject\results\model_robustness_audit\audit_images\track_b_external\chilli\murda complex\ulfa_Leaf_Curl__1014_.jpg,results\model_robustness_audit\audit_images\track_b_external\chilli\murda complex\ulfa_Leaf_Curl__1014_.jpg,Chilli,murda complex,Ulfa-Chili-Dataset,"Ulfa et al., Chili Leaf Disease Dataset (5 categories, 1000 images/class), 2023",f7047fd173e614754f7f1e02e4d498f67f782be5ce4e50dac114df84c014741b,True
D:\CropDiseaseProject\results\model_robustness_audit\audit_images\track_b_external\chilli\murda complex\ulfa_Leaf_Curl__1015_.jpg,results\model_robustness_audit\audit_images\track_b_external\chilli\murda complex\ulfa_Leaf_Curl__1015_.jpg,Chilli,murda complex,Ulfa-Chili-Dataset,"Ulfa et al., Chili Leaf Disease Dataset (5 categories, 1000 images/class), 2023",d03be5fc1692d1cd9af469bdb07d094b5e25bdddbf4c5b95651a557d045a735a,True
D:\CropDiseaseProject\results\model_robustness_audit\audit_images\track_b_external\chilli\murda complex\ulfa_Leaf_Curl__1016_.jpg,results\model_robustness_audit\audit_images\track_b_external\chilli\murda complex\ulfa_Leaf_Curl__1016_.jpg,Chilli,murda complex,Ulfa-Chili-Dataset,"Ulfa et al., Chili Leaf Disease Dataset (5 categories, 1000 images/class), 2023",efc63d829d9c785cdce709d7e63604aa69678817fed599bc8f881006b6cab35b,True
D:\CropDiseaseProject\results\model_robustness_audit\audit_images\track_b_external\chilli\murda complex\ulfa_Leaf_Curl__1017_.jpg,results\model_robustness_audit\audit_images\track_b_external\chilli\murda complex\ulfa_Leaf_Curl__1017_.jpg,Chilli,murda complex,Ulfa-Chili-Dataset,"Ulfa et al., Chili Leaf Disease Dataset (5 categories, 1000 images/class), 2023",d3bb59dcc65fadcf8fa57e01702108c2c443dbd48e66b8d553cfcb26f18f93cc,True
D:\CropDiseaseProject\results\model_robustness_audit\audit_images\track_b_external\chilli\murda complex\ulfa_Leaf_Curl__1019_.jpg,results\model_robustness_audit\audit_images\track_b_external\chilli\murda complex\ulfa_Leaf_Curl__1019_.jpg,Chilli,murda complex,Ulfa-Chili-Dataset,"Ulfa et al., Chili Leaf Disease Dataset (5 categories, 1000 images/class), 2023",76feefa79e11ee65070ca62046da9871ba56bc2eaf90f98b43492a953da27c06,True
D:\CropDiseaseProject\results\model_robustness_audit\audit_images\track_b_external\chilli\murda complex\ulfa_Leaf_Curl__1020_.jpg,results\model_robustness_audit\audit_images\track_b_external\chilli\murda complex\ulfa_Leaf_Curl__1020_.jpg,Chilli,murda complex,Ulfa-Chili-Dataset,"Ulfa et al., Chili Leaf Disease Dataset (5 categories, 1000 images/class), 2023",f99c15d3d6515609e05dbac10fdb2c1b4256b8a0d92d6ffe31df2eb1d9c7d1ba,True
D:\CropDiseaseProject\results\model_robustness_audit\audit_images\track_b_external\chilli\murda complex\ulfa_Leaf_Curl__1021_.jpg,results\model_robustness_audit\audit_images\track_b_external\chilli\murda complex\ulfa_Leaf_Curl__1021_.jpg,Chilli,murda complex,Ulfa-Chili-Dataset,"Ulfa et al., Chili Leaf Disease Dataset (5 categories, 1000 images/class), 2023",40a536af09d72665e629e720e918b80af867cdbf759b90d20e92144e69d6a9cc,True
D:\CropDiseaseProject\results\model_robustness_audit\audit_images\track_b_external\chilli\murda complex\ulfa_Leaf_Curl__1022_.jpg,results\model_robustness_audit\audit_images\track_b_external\chilli\murda complex\ulfa_Leaf_Curl__1022_.jpg,Chilli,murda complex,Ulfa-Chili-Dataset,"Ulfa et al., Chili Leaf Disease Dataset (5 categories, 1000 images/class), 2023",fd12b435f1e3c724ecfdb2455a4688327e76a413ac16b4fdaa26991c54906eb8,True
D:\CropDiseaseProject\results\model_robustness_audit\audit_images\track_b_external\chilli\murda complex\ulfa_Leaf_Curl__1023_.jpg,results\model_robustness_audit\audit_images\track_b_external\chilli\murda complex\ulfa_Leaf_Curl__1023_.jpg,Chilli,murda complex,Ulfa-Chili-Dataset,"Ulfa et al., Chili Leaf Disease Dataset (5 categories, 1000 images/class), 2023",8259dfe52bcfc2b964fe5cfdfcf7cbe6dc4045b41632664e1ccee7e3655d621e,True
D:\CropDiseaseProject\results\model_robustness_audit\audit_images\track_b_external\chilli\murda complex\ulfa_Leaf_Curl__1024_.jpg,results\model_robustness_audit\audit_images\track_b_external\chilli\murda complex\ulfa_Leaf_Curl__1024_.jpg,Chilli,murda complex,Ulfa-Chili-Dataset,"Ulfa et al., Chili Leaf Disease Dataset (5 categories, 1000 images/class), 2023",2d5607c373f26790d5b78675b7aa8af6d39674379ee43922a28bb70fcc1c9b97,True
D:\CropDiseaseProject\results\model_robustness_audit\audit_images\track_b_external\chilli\murda complex\ulfa_Leaf_Curl__1025_.jpg,results\model_robustness_audit\audit_images\track_b_external\chilli\murda complex\ulfa_Leaf_Curl__1025_.jpg,Chilli,murda complex,Ulfa-Chili-Dataset,"Ulfa et al., Chili Leaf Disease Dataset (5 categories, 1000 images/class), 2023",59dc4486e9ecb5c3f77b72369b38ee3fbbd33dcd3708861694808f4b068d2b0a,True
D:\CropDiseaseProject\results\model_robustness_audit\audit_images\track_b_external\chilli\murda complex\ulfa_Leaf_Curl__1026_.jpg,results\model_robustness_audit\audit_images\track_b_external\chilli\murda complex\ulfa_Leaf_Curl__1026_.jpg,Chilli,murda complex,Ulfa-Chili-Dataset,"Ulfa et al., Chili Leaf Disease Dataset (5 categories, 1000 images/class), 2023",f8c93eec0789e4b8d0dea61f6acb8705fea1a678a57bb4a1991daa733403805f,True
D:\CropDiseaseProject\results\model_robustness_audit\audit_images\track_b_external\chilli\murda complex\ulfa_Leaf_Curl__1027_.jpg,results\model_robustness_audit\audit_images\track_b_external\chilli\murda complex\ulfa_Leaf_Curl__1027_.jpg,Chilli,murda complex,Ulfa-Chili-Dataset,"Ulfa et al., Chili Leaf Disease Dataset (5 categories, 1000 images/class), 2023",4483f9220dbf0db806febfdd7fcd3a8eea01db8e0a4a5750bf76688e3e574d6f,True
D:\CropDiseaseProject\results\model_robustness_audit\audit_images\track_b_external\chilli\murda complex\ulfa_Leaf_Curl__1028_.jpg,results\model_robustness_audit\audit_images\track_b_external\chilli\murda complex\ulfa_Leaf_Curl__1028_.jpg,Chilli,murda complex,Ulfa-Chili-Dataset,"Ulfa et al., Chili Leaf Disease Dataset (5 categories, 1000 images/class), 2023",97995bd75534ebdaabada8cdaefa2cb3f293cd9be07fa6c47f2ec6c21efd8ad5,True
D:\CropDiseaseProject\results\model_robustness_audit\audit_images\track_b_external\chilli\murda complex\ulfa_Leaf_Curl__1029_.jpg,results\model_robustness_audit\audit_images\track_b_external\chilli\murda complex\ulfa_Leaf_Curl__1029_.jpg,Chilli,murda complex,Ulfa-Chili-Dataset,"Ulfa et al., Chili Leaf Disease Dataset (5 categories, 1000 images/class), 2023",c8cf860618338b2ec68af4e298d26e5cee4f55d727aec6f6c6769e879ebcc02c,True
D:\CropDiseaseProject\results\model_robustness_audit\audit_images\track_b_external\chilli\murda complex\ulfa_Leaf_Curl__1031_.jpg,results\model_robustness_audit\audit_images\track_b_external\chilli\murda complex\ulfa_Leaf_Curl__1031_.jpg,Chilli,murda complex,Ulfa-Chili-Dataset,"Ulfa et al., Chili Leaf Disease Dataset (5 categories, 1000 images/class), 2023",6f44dc93f942db6e69f1231a326ab20a4adea138b79a024a9adaea2da42da24e,True
D:\CropDiseaseProject\results\model_robustness_audit\audit_images\track_b_external\chilli\murda complex\ulfa_Leaf_Curl__1032_.jpg,results\model_robustness_audit\audit_images\track_b_external\chilli\murda complex\ulfa_Leaf_Curl__1032_.jpg,Chilli,murda complex,Ulfa-Chili-Dataset,"Ulfa et al., Chili Leaf Disease Dataset (5 categories, 1000 images/class), 2023",8375bee2dfd3cb6c93b2a62ad4fa9b81852383717a2d800cfd0d4b336dc8f20d,True
D:\CropDiseaseProject\results\model_robustness_audit\audit_images\track_b_external\chilli\nutritional deficiency\ulfa_Daun_kuning_-__1_.jpg,results\model_robustness_audit\audit_images\track_b_external\chilli\nutritional deficiency\ulfa_Daun_kuning_-__1_.jpg,Chilli,nutritional deficiency,Ulfa-Chili-Dataset,"Ulfa et al., Chili Leaf Disease Dataset (5 categories, 1000 images/class), 2023",3b9b5c398bab2e475f10d1f92c594acd6c931e1fb3800c27f26b88317caff9f2,True
D:\CropDiseaseProject\results\model_robustness_audit\audit_images\track_b_external\chilli\nutritional deficiency\ulfa_Daun_kuning_-__1_.png,results\model_robustness_audit\audit_images\track_b_external\chilli\nutritional deficiency\ulfa_Daun_kuning_-__1_.png,Chilli,nutritional deficiency,Ulfa-Chili-Dataset,"Ulfa et al., Chili Leaf Disease Dataset (5 categories, 1000 images/class), 2023",e52089a999c24de5628feb373c76d29302d1e339a7540ea756e811f0d1f07d4d,True
D:\CropDiseaseProject\results\model_robustness_audit\audit_images\track_b_external\chilli\nutritional deficiency\ulfa_Daun_kuning_-__10_.jpg,results\model_robustness_audit\audit_images\track_b_external\chilli\nutritional deficiency\ulfa_Daun_kuning_-__10_.jpg,Chilli,nutritional deficiency,Ulfa-Chili-Dataset,"Ulfa et al., Chili Leaf Disease Dataset (5 categories, 1000 images/class), 2023",b2f50ae2d0b5dede96e3215442e88c314db9cb6c905de39288520d05d992779c,True
D:\CropDiseaseProject\results\model_robustness_audit\audit_images\track_b_external\chilli\nutritional deficiency\ulfa_Daun_kuning_-__10_.png,results\model_robustness_audit\audit_images\track_b_external\chilli\nutritional deficiency\ulfa_Daun_kuning_-__10_.png,Chilli,nutritional deficiency,Ulfa-Chili-Dataset,"Ulfa et al., Chili Leaf Disease Dataset (5 categories, 1000 images/class), 2023",898302161faf3d8c00fd88a81d0e149124f00d17c80c5da11b569270549cd475,True
D:\CropDiseaseProject\results\model_robustness_audit\audit_images\track_b_external\chilli\nutritional deficiency\ulfa_Daun_kuning_-__100_.jpg,results\model_robustness_audit\audit_images\track_b_external\chilli\nutritional deficiency\ulfa_Daun_kuning_-__100_.jpg,Chilli,nutritional deficiency,Ulfa-Chili-Dataset,"Ulfa et al., Chili Leaf Disease Dataset (5 categories, 1000 images/class), 2023",a9eefa067059442092e09f627b728bf1253a60dbef3af0cae91e265b18280e77,True
D:\CropDiseaseProject\results\model_robustness_audit\audit_images\track_b_external\chilli\nutritional deficiency\ulfa_Daun_kuning_-__101_.jpg,results\model_robustness_audit\audit_images\track_b_external\chilli\nutritional deficiency\ulfa_Daun_kuning_-__101_.jpg,Chilli,nutritional deficiency,Ulfa-Chili-Dataset,"Ulfa et al., Chili Leaf Disease Dataset (5 categories, 1000 images/class), 2023",35196aaac76bd57a4e97a00c3ec2738dd757299f9556c220133c765cb7df12e3,True
D:\CropDiseaseProject\results\model_robustness_audit\audit_images\track_b_external\chilli\nutritional deficiency\ulfa_Daun_kuning_-__103_.jpg,results\model_robustness_audit\audit_images\track_b_external\chilli\nutritional deficiency\ulfa_Daun_kuning_-__103_.jpg,Chilli,nutritional deficiency,Ulfa-Chili-Dataset,"Ulfa et al., Chili Leaf Disease Dataset (5 categories, 1000 images/class), 2023",2b1971b286257116dc5ba4718f8f90e7814211891f95b35ca11d819efac51baa,True
D:\CropDiseaseProject\results\model_robustness_audit\audit_images\track_b_external\chilli\nutritional deficiency\ulfa_Daun_kuning_-__105_.jpg,results\model_robustness_audit\audit_images\track_b_external\chilli\nutritional deficiency\ulfa_Daun_kuning_-__105_.jpg,Chilli,nutritional deficiency,Ulfa-Chili-Dataset,"Ulfa et al., Chili Leaf Disease Dataset (5 categories, 1000 images/class), 2023",7c6bfd3c83e51cbdd4b0f579fe2c6ad15bed1f88caf28128d8019bcbbc3de5a7,True
D:\CropDiseaseProject\results\model_robustness_audit\audit_images\track_b_external\chilli\nutritional deficiency\ulfa_Daun_kuning_-__106_.jpg,results\model_robustness_audit\audit_images\track_b_external\chilli\nutritional deficiency\ulfa_Daun_kuning_-__106_.jpg,Chilli,nutritional deficiency,Ulfa-Chili-Dataset,"Ulfa et al., Chili Leaf Disease Dataset (5 categories, 1000 images/class), 2023",6348c385d5f66f46b83d0448ff8df37658cdee91c823961a7f6811231dcf2f7b,True
D:\CropDiseaseProject\results\model_robustness_audit\audit_images\track_b_external\chilli\nutritional deficiency\ulfa_Daun_kuning_-__107_.jpg,results\model_robustness_audit\audit_images\track_b_external\chilli\nutritional deficiency\ulfa_Daun_kuning_-__107_.jpg,Chilli,nutritional deficiency,Ulfa-Chili-Dataset,"Ulfa et al., Chili Leaf Disease Dataset (5 categories, 1000 images/class), 2023",4a2d78d23f4dbc5ed338ec7314baa866b5ac9658ca89487c78d9d54e968851e1,True
D:\CropDiseaseProject\results\model_robustness_audit\audit_images\track_b_external\chilli\nutritional deficiency\ulfa_Daun_kuning_-__108_.jpg,results\model_robustness_audit\audit_images\track_b_external\chilli\nutritional deficiency\ulfa_Daun_kuning_-__108_.jpg,Chilli,nutritional deficiency,Ulfa-Chili-Dataset,"Ulfa et al., Chili Leaf Disease Dataset (5 categories, 1000 images/class), 2023",e5558a5519df284439499f826485d703634445db21792373a556420b6c0fe4a1,True
D:\CropDiseaseProject\results\model_robustness_audit\audit_images\track_b_external\chilli\nutritional deficiency\ulfa_Daun_kuning_-__109_.jpg,results\model_robustness_audit\audit_images\track_b_external\chilli\nutritional deficiency\ulfa_Daun_kuning_-__109_.jpg,Chilli,nutritional deficiency,Ulfa-Chili-Dataset,"Ulfa et al., Chili Leaf Disease Dataset (5 categories, 1000 images/class), 2023",ca3030e7edc7806a7778e89a1ecf840a2641cda19fce0352d6fd1e0f019b08db,True
D:\CropDiseaseProject\results\model_robustness_audit\audit_images\track_b_external\chilli\nutritional deficiency\ulfa_Daun_kuning_-__11_.jpg,results\model_robustness_audit\audit_images\track_b_external\chilli\nutritional deficiency\ulfa_Daun_kuning_-__11_.jpg,Chilli,nutritional deficiency,Ulfa-Chili-Dataset,"Ulfa et al., Chili Leaf Disease Dataset (5 categories, 1000 images/class), 2023",5d1fdcb8243d382b52ee90c2c74b78435d5efc71abe167b82e5effa64eac9f2a,True
D:\CropDiseaseProject\results\model_robustness_audit\audit_images\track_b_external\chilli\nutritional deficiency\ulfa_Daun_kuning_-__11_.png,results\model_robustness_audit\audit_images\track_b_external\chilli\nutritional deficiency\ulfa_Daun_kuning_-__11_.png,Chilli,nutritional deficiency,Ulfa-Chili-Dataset,"Ulfa et al., Chili Leaf Disease Dataset (5 categories, 1000 images/class), 2023",f52901c86265e43565d1953a5623b5d6d10c98e5f5e61197a9cd6f3c0ac2bbf6,True
D:\CropDiseaseProject\results\model_robustness_audit\audit_images\track_b_external\chilli\nutritional deficiency\ulfa_Daun_kuning_-__110_.jpg,results\model_robustness_audit\audit_images\track_b_external\chilli\nutritional deficiency\ulfa_Daun_kuning_-__110_.jpg,Chilli,nutritional deficiency,Ulfa-Chili-Dataset,"Ulfa et al., Chili Leaf Disease Dataset (5 categories, 1000 images/class), 2023",e8e6d27ec0f59eca0bc3700695bbf1a66e0420588253629d1c066fa223458689,True
D:\CropDiseaseProject\results\model_robustness_audit\audit_images\track_b_external\chilli\nutritional deficiency\ulfa_Daun_kuning_-__111_.jpg,results\model_robustness_audit\audit_images\track_b_external\chilli\nutritional deficiency\ulfa_Daun_kuning_-__111_.jpg,Chilli,nutritional deficiency,Ulfa-Chili-Dataset,"Ulfa et al., Chili Leaf Disease Dataset (5 categories, 1000 images/class), 2023",dba6ba1157b896e382b2d3790c876734a41c3672fffde96b7df495b01676a49b,True
D:\CropDiseaseProject\results\model_robustness_audit\audit_images\track_b_external\chilli\nutritional deficiency\ulfa_Daun_kuning_-__112_.jpg,results\model_robustness_audit\audit_images\track_b_external\chilli\nutritional deficiency\ulfa_Daun_kuning_-__112_.jpg,Chilli,nutritional deficiency,Ulfa-Chili-Dataset,"Ulfa et al., Chili Leaf Disease Dataset (5 categories, 1000 images/class), 2023",462ef75ec420159656a99811b85c70659f412049a1b2189a98a068b1ada27584,True
D:\CropDiseaseProject\results\model_robustness_audit\audit_images\track_b_external\chilli\nutritional deficiency\ulfa_Daun_kuning_-__113_.jpg,results\model_robustness_audit\audit_images\track_b_external\chilli\nutritional deficiency\ulfa_Daun_kuning_-__113_.jpg,Chilli,nutritional deficiency,Ulfa-Chili-Dataset,"Ulfa et al., Chili Leaf Disease Dataset (5 categories, 1000 images/class), 2023",9adfd7d10ade003defbf77131160cc66e1ff25cd22bd4c28a1cbb0293b027d65,True
D:\CropDiseaseProject\results\model_robustness_audit\audit_images\track_b_external\chilli\nutritional deficiency\ulfa_Daun_kuning_-__114_.jpg,results\model_robustness_audit\audit_images\track_b_external\chilli\nutritional deficiency\ulfa_Daun_kuning_-__114_.jpg,Chilli,nutritional deficiency,Ulfa-Chili-Dataset,"Ulfa et al., Chili Leaf Disease Dataset (5 categories, 1000 images/class), 2023",8b880639c477e46e80d5043636ba49221e951eb17e26190219a4a3b72b9ce6ea,True
D:\CropDiseaseProject\results\model_robustness_audit\audit_images\track_b_external\chilli\nutritional deficiency\ulfa_Daun_kuning_-__115_.jpg,results\model_robustness_audit\audit_images\track_b_external\chilli\nutritional deficiency\ulfa_Daun_kuning_-__115_.jpg,Chilli,nutritional deficiency,Ulfa-Chili-Dataset,"Ulfa et al., Chili Leaf Disease Dataset (5 categories, 1000 images/class), 2023",1eef22012d0ebe4073faf12b123119a3c266e6fdac109036bb8dc998d3d0f96b,True
D:\CropDiseaseProject\results\model_robustness_audit\audit_images\track_b_external\chilli\nutritional deficiency\ulfa_Daun_kuning_-__116_.jpg,results\model_robustness_audit\audit_images\track_b_external\chilli\nutritional deficiency\ulfa_Daun_kuning_-__116_.jpg,Chilli,nutritional deficiency,Ulfa-Chili-Dataset,"Ulfa et al., Chili Leaf Disease Dataset (5 categories, 1000 images/class), 2023",752be315520f07ad125c1ef4cce7850eb2c57b560cc6da888de7ce301224bb09,True
D:\CropDiseaseProject\results\model_robustness_audit\audit_images\track_b_external\chilli\nutritional deficiency\ulfa_Daun_kuning_-__117_.jpg,results\model_robustness_audit\audit_images\track_b_external\chilli\nutritional deficiency\ulfa_Daun_kuning_-__117_.jpg,Chilli,nutritional deficiency,Ulfa-Chili-Dataset,"Ulfa et al., Chili Leaf Disease Dataset (5 categories, 1000 images/class), 2023",60045d23201f26ef2837d5fa453f3b7227b615b3a00ae0023a1e9cafddfdfc05,True
D:\CropDiseaseProject\results\model_robustness_audit\audit_images\track_b_external\chilli\nutritional deficiency\ulfa_Daun_kuning_-__118_.jpg,results\model_robustness_audit\audit_images\track_b_external\chilli\nutritional deficiency\ulfa_Daun_kuning_-__118_.jpg,Chilli,nutritional deficiency,Ulfa-Chili-Dataset,"Ulfa et al., Chili Leaf Disease Dataset (5 categories, 1000 images/class), 2023",e619bf7829025cdfc25369686307bf98f20f7232a1f28ef32d71fd7c4c835471,True
D:\CropDiseaseProject\results\model_robustness_audit\audit_images\track_b_external\chilli\nutritional deficiency\ulfa_Daun_kuning_-__119_.jpg,results\model_robustness_audit\audit_images\track_b_external\chilli\nutritional deficiency\ulfa_Daun_kuning_-__119_.jpg,Chilli,nutritional deficiency,Ulfa-Chili-Dataset,"Ulfa et al., Chili Leaf Disease Dataset (5 categories, 1000 images/class), 2023",d303735a7c289d8ec5bba592fb0c2509c0a4acbc8dc4909b320f11832907d13f,True
D:\CropDiseaseProject\results\model_robustness_audit\audit_images\track_b_external\chilli\nutritional deficiency\ulfa_Daun_kuning_-__12_.jpg,results\model_robustness_audit\audit_images\track_b_external\chilli\nutritional deficiency\ulfa_Daun_kuning_-__12_.jpg,Chilli,nutritional deficiency,Ulfa-Chili-Dataset,"Ulfa et al., Chili Leaf Disease Dataset (5 categories, 1000 images/class), 2023",2cc9dc34dc4405544b07f075711719e04e36a240f19ac305efc8233db062c983,True
D:\CropDiseaseProject\results\model_robustness_audit\audit_images\track_b_external\chilli\nutritional deficiency\ulfa_Daun_kuning_-__12_.png,results\model_robustness_audit\audit_images\track_b_external\chilli\nutritional deficiency\ulfa_Daun_kuning_-__12_.png,Chilli,nutritional deficiency,Ulfa-Chili-Dataset,"Ulfa et al., Chili Leaf Disease Dataset (5 categories, 1000 images/class), 2023",2094c5aa9dd374be47bbf4be77cae02beddf8a50c403e9c6c4a481c8bda090fc,True
D:\CropDiseaseProject\results\model_robustness_audit\audit_images\track_b_external\chilli\nutritional deficiency\ulfa_Daun_kuning_-__120_.jpg,results\model_robustness_audit\audit_images\track_b_external\chilli\nutritional deficiency\ulfa_Daun_kuning_-__120_.jpg,Chilli,nutritional deficiency,Ulfa-Chili-Dataset,"Ulfa et al., Chili Leaf Disease Dataset (5 categories, 1000 images/class), 2023",480dfe15c4e521423ee58bb2d3e318027aff47d1a2aa86f3045a0d76223dd4ed,True
D:\CropDiseaseProject\results\model_robustness_audit\audit_images\track_b_external\chilli\nutritional deficiency\ulfa_Daun_kuning_-__121_.jpg,results\model_robustness_audit\audit_images\track_b_external\chilli\nutritional deficiency\ulfa_Daun_kuning_-__121_.jpg,Chilli,nutritional deficiency,Ulfa-Chili-Dataset,"Ulfa et al., Chili Leaf Disease Dataset (5 categories, 1000 images/class), 2023",c5735fe1bc9dbdfb76576f50427756f4064cb3987ea0b3d1a6ce2aa11edd532c,True
D:\CropDiseaseProject\results\model_robustness_audit\audit_images\track_b_external\chilli\nutritional deficiency\ulfa_Daun_kuning_-__122_.jpg,results\model_robustness_audit\audit_images\track_b_external\chilli\nutritional deficiency\ulfa_Daun_kuning_-__122_.jpg,Chilli,nutritional deficiency,Ulfa-Chili-Dataset,"Ulfa et al., Chili Leaf Disease Dataset (5 categories, 1000 images/class), 2023",aab883790af7e3c2afca8ccc10fcdf322adae54603ae644f3c5df9398691f57a,True
D:\CropDiseaseProject\results\model_robustness_audit\audit_images\track_b_external\chilli\nutritional deficiency\ulfa_Daun_kuning_-__123_.jpg,results\model_robustness_audit\audit_images\track_b_external\chilli\nutritional deficiency\ulfa_Daun_kuning_-__123_.jpg,Chilli,nutritional deficiency,Ulfa-Chili-Dataset,"Ulfa et al., Chili Leaf Disease Dataset (5 categories, 1000 images/class), 2023",bf5b303190b9afbd898a242e327f74ccf9959f33c517346a0fb23f7a50fdd280,True
D:\CropDiseaseProject\results\model_robustness_audit\audit_images\track_b_external\sugarcane\Red Rot\sabid_S_RR-1-_jpg.rf.ac62c73e2ec23006ba09a1b6c72722e1.jpg,results\model_robustness_audit\audit_images\track_b_external\sugarcane\Red Rot\sabid_S_RR-1-_jpg.rf.ac62c73e2ec23006ba09a1b6c72722e1.jpg,Sugarcane,Red Rot,Sabid-Sugarcane-Dataset,"Sabid et al., Sugarcane Disease Dataset, Springer 2023, Roboflow CC-BY 4.0",e751841bd39e32e6a3e4a4bc59cec69a5fbd9fbe5eea793edc20563d16d02315,True
D:\CropDiseaseProject\results\model_robustness_audit\audit_images\track_b_external\sugarcane\Red Rot\sabid_S_RR-22-_JPG.rf.9184efd4b66418b313bbc0fdd4534e02.jpg,results\model_robustness_audit\audit_images\track_b_external\sugarcane\Red Rot\sabid_S_RR-22-_JPG.rf.9184efd4b66418b313bbc0fdd4534e02.jpg,Sugarcane,Red Rot,Sabid-Sugarcane-Dataset,"Sabid et al., Sugarcane Disease Dataset, Springer 2023, Roboflow CC-BY 4.0",227c6b9ad673b2f7e401c0064677fd0a86d93529eb9c26c44671c79acfa3f758,True
D:\CropDiseaseProject\results\model_robustness_audit\audit_images\track_b_external\sugarcane\Red Rot\sabid_S_RR-33-_JPG.rf.32d9a39c7061d0402d128d878f3ea5ac.jpg,results\model_robustness_audit\audit_images\track_b_external\sugarcane\Red Rot\sabid_S_RR-33-_JPG.rf.32d9a39c7061d0402d128d878f3ea5ac.jpg,Sugarcane,Red Rot,Sabid-Sugarcane-Dataset,"Sabid et al., Sugarcane Disease Dataset, Springer 2023, Roboflow CC-BY 4.0",602bc65eafb532ca7806d5bf484ad1a968211e0875d8c5729c7c0bd6424f52c0,True
D:\CropDiseaseProject\results\model_robustness_audit\audit_images\track_b_external\sugarcane\Red Rot\sabid_S_RR-35-_JPG.rf.9e182fe213c4cddf46959b73fb7a2f03.jpg,results\model_robustness_audit\audit_images\track_b_external\sugarcane\Red Rot\sabid_S_RR-35-_JPG.rf.9e182fe213c4cddf46959b73fb7a2f03.jpg,Sugarcane,Red Rot,Sabid-Sugarcane-Dataset,"Sabid et al., Sugarcane Disease Dataset, Springer 2023, Roboflow CC-BY 4.0",0b5ee86a555cf0d0dd345b5dea614ae30761619450fa1552970c2b2d20364c67,True
D:\CropDiseaseProject\results\model_robustness_audit\audit_images\track_b_external\sugarcane\Red Rot\sabid_S_RR-41-_JPG.rf.e771d01f03e5cb9ab6008c788fbfa2d7.jpg,results\model_robustness_audit\audit_images\track_b_external\sugarcane\Red Rot\sabid_S_RR-41-_JPG.rf.e771d01f03e5cb9ab6008c788fbfa2d7.jpg,Sugarcane,Red Rot,Sabid-Sugarcane-Dataset,"Sabid et al., Sugarcane Disease Dataset, Springer 2023, Roboflow CC-BY 4.0",d5925c9322d4133e59f1eb863ce3063f0c0694b8a5897c5b4bcfd461a1bbd769,True
D:\CropDiseaseProject\results\model_robustness_audit\audit_images\track_b_external\sugarcane\Red Rot\sabid_S_RR-42-_JPG.rf.626423943305407c5e226dbc031c745e.jpg,results\model_robustness_audit\audit_images\track_b_external\sugarcane\Red Rot\sabid_S_RR-42-_JPG.rf.626423943305407c5e226dbc031c745e.jpg,Sugarcane,Red Rot,Sabid-Sugarcane-Dataset,"Sabid et al., Sugarcane Disease Dataset, Springer 2023, Roboflow CC-BY 4.0",a8a3ec8cf2955ae8bf67ae257235b0d4c7c6e295bf0dc1d580db2f3dd7380077,True
D:\CropDiseaseProject\results\model_robustness_audit\audit_images\track_b_external\sugarcane\Red Rot\sabid_S_RR-48-_JPG.rf.65caa6f9b59ee859b7753738c103ec7e.jpg,results\model_robustness_audit\audit_images\track_b_external\sugarcane\Red Rot\sabid_S_RR-48-_JPG.rf.65caa6f9b59ee859b7753738c103ec7e.jpg,Sugarcane,Red Rot,Sabid-Sugarcane-Dataset,"Sabid et al., Sugarcane Disease Dataset, Springer 2023, Roboflow CC-BY 4.0",66ad6880632d0b38bcd4f97a62a80d4d0cf38855cf766b63e74c66525f736884,True
D:\CropDiseaseProject\results\model_robustness_audit\audit_images\track_b_external\sugarcane\Red Rot\sabid_S_RR-49-_JPG.rf.19b32b921ea0d2291fb1e850925ab131.jpg,results\model_robustness_audit\audit_images\track_b_external\sugarcane\Red Rot\sabid_S_RR-49-_JPG.rf.19b32b921ea0d2291fb1e850925ab131.jpg,Sugarcane,Red Rot,Sabid-Sugarcane-Dataset,"Sabid et al., Sugarcane Disease Dataset, Springer 2023, Roboflow CC-BY 4.0",ab545b81d8d79df757cc634746088be07727fa5450a8426a811583ea634ad9d5,True
D:\CropDiseaseProject\results\model_robustness_audit\audit_images\track_b_external\sugarcane\Red Rot\sabid_S_RR-5-_JPG.rf.4184cc7af557b7e9d8f11f8d4a2d6dc5.jpg,results\model_robustness_audit\audit_images\track_b_external\sugarcane\Red Rot\sabid_S_RR-5-_JPG.rf.4184cc7af557b7e9d8f11f8d4a2d6dc5.jpg,Sugarcane,Red Rot,Sabid-Sugarcane-Dataset,"Sabid et al., Sugarcane Disease Dataset, Springer 2023, Roboflow CC-BY 4.0",01e09e8310a1739e1cdef39dfd50b62cbb85c5bd5a43d641be333342070f4825,True
D:\CropDiseaseProject\results\model_robustness_audit\audit_images\track_b_external\sugarcane\Red Rot\sabid_S_RR-62-_JPG.rf.5c7942fb4f2115217e56780d805746f5.jpg,results\model_robustness_audit\audit_images\track_b_external\sugarcane\Red Rot\sabid_S_RR-62-_JPG.rf.5c7942fb4f2115217e56780d805746f5.jpg,Sugarcane,Red Rot,Sabid-Sugarcane-Dataset,"Sabid et al., Sugarcane Disease Dataset, Springer 2023, Roboflow CC-BY 4.0",5be05c163f797fa7fe7b6e5ca2042eb4e78a60aafb35fac332ff5de23d3e2bfd,True
D:\CropDiseaseProject\results\model_robustness_audit\audit_images\track_b_external\sugarcane\Red Rot\sabid_S_RR-68-_JPG.rf.1d1e8c1aaf91d02381a5251c9df1cb2d.jpg,results\model_robustness_audit\audit_images\track_b_external\sugarcane\Red Rot\sabid_S_RR-68-_JPG.rf.1d1e8c1aaf91d02381a5251c9df1cb2d.jpg,Sugarcane,Red Rot,Sabid-Sugarcane-Dataset,"Sabid et al., Sugarcane Disease Dataset, Springer 2023, Roboflow CC-BY 4.0",ba69c21bd175181fea09527ceaf7b969e51fdc8a30a2dd8aa74e05c000323d19,True
D:\CropDiseaseProject\results\model_robustness_audit\audit_images\track_b_external\sugarcane\Red Rot\sabid_S_RR-69-_JPG.rf.4da649bc6d94eb71766b9caad51e895a.jpg,results\model_robustness_audit\audit_images\track_b_external\sugarcane\Red Rot\sabid_S_RR-69-_JPG.rf.4da649bc6d94eb71766b9caad51e895a.jpg,Sugarcane,Red Rot,Sabid-Sugarcane-Dataset,"Sabid et al., Sugarcane Disease Dataset, Springer 2023, Roboflow CC-BY 4.0",a9f4054150474776deeccc7a3ca3ecfb92339ed41b2f2a46f676773b727f3e92,True
D:\CropDiseaseProject\results\model_robustness_audit\audit_images\track_b_external\sugarcane\Red Rot\sabid_S_RR-72-_jpg.rf.99e4c82aa47c32adfff108a82a948d60.jpg,results\model_robustness_audit\audit_images\track_b_external\sugarcane\Red Rot\sabid_S_RR-72-_jpg.rf.99e4c82aa47c32adfff108a82a948d60.jpg,Sugarcane,Red Rot,Sabid-Sugarcane-Dataset,"Sabid et al., Sugarcane Disease Dataset, Springer 2023, Roboflow CC-BY 4.0",1e9d5b2182fe9284043f486eea0bb94b25e30b0019f1c6431f809ea4b2285ae9,True
D:\CropDiseaseProject\results\model_robustness_audit\audit_images\track_b_external\sugarcane\Red Rot\sabid_S_RR-74-_JPG.rf.44f845ce72294596bb21a5765cda0785.jpg,results\model_robustness_audit\audit_images\track_b_external\sugarcane\Red Rot\sabid_S_RR-74-_JPG.rf.44f845ce72294596bb21a5765cda0785.jpg,Sugarcane,Red Rot,Sabid-Sugarcane-Dataset,"Sabid et al., Sugarcane Disease Dataset, Springer 2023, Roboflow CC-BY 4.0",8cd158264fdc419feeb11fee8682c99a5ee190cb9413bc5f3bcbd89ef1d17c7f,True
D:\CropDiseaseProject\results\model_robustness_audit\audit_images\track_b_external\sugarcane\Red Rot\sabid_S_RR-77-_JPG.rf.a1a8bff926a3bd0c33389ceb25c4ddb9.jpg,results\model_robustness_audit\audit_images\track_b_external\sugarcane\Red Rot\sabid_S_RR-77-_JPG.rf.a1a8bff926a3bd0c33389ceb25c4ddb9.jpg,Sugarcane,Red Rot,Sabid-Sugarcane-Dataset,"Sabid et al., Sugarcane Disease Dataset, Springer 2023, Roboflow CC-BY 4.0",0fabf571d9c774bea06cf0597d3377276858d66121bff9c71d3429c450505d92,True
D:\CropDiseaseProject\results\model_robustness_audit\audit_images\track_b_external\sugarcane\Red Rot\sabid_S_RR-8-_JPG.rf.5af31a717f071df790317588fd071e24.jpg,results\model_robustness_audit\audit_images\track_b_external\sugarcane\Red Rot\sabid_S_RR-8-_JPG.rf.5af31a717f071df790317588fd071e24.jpg,Sugarcane,Red Rot,Sabid-Sugarcane-Dataset,"Sabid et al., Sugarcane Disease Dataset, Springer 2023, Roboflow CC-BY 4.0",48db6ec1c02a04bb30ad2d7c737d6885e0f8c84432c8d323db966bee9776c482,True
D:\CropDiseaseProject\results\model_robustness_audit\audit_images\track_b_external\sugarcane\Red Rot\sabid_S_RR-81-_JPG.rf.78afa40a7fee63703a83b6c94c6397fa.jpg,results\model_robustness_audit\audit_images\track_b_external\sugarcane\Red Rot\sabid_S_RR-81-_JPG.rf.78afa40a7fee63703a83b6c94c6397fa.jpg,Sugarcane,Red Rot,Sabid-Sugarcane-Dataset,"Sabid et al., Sugarcane Disease Dataset, Springer 2023, Roboflow CC-BY 4.0",6da9634105b9f206bd24c4047fb9e3b1f73d1ef4cce411f2d3d042ee80a2924c,True
D:\CropDiseaseProject\results\model_robustness_audit\audit_images\track_b_external\sugarcane\Red Rot\sabid_S_RR-82-_JPG.rf.62c9f5221da05387788d2adae2c616d5.jpg,results\model_robustness_audit\audit_images\track_b_external\sugarcane\Red Rot\sabid_S_RR-82-_JPG.rf.62c9f5221da05387788d2adae2c616d5.jpg,Sugarcane,Red Rot,Sabid-Sugarcane-Dataset,"Sabid et al., Sugarcane Disease Dataset, Springer 2023, Roboflow CC-BY 4.0",ec245e262293084cd27fb4e9029580db7cc2d667a744feda7c55cd687ffb683c,True
D:\CropDiseaseProject\results\model_robustness_audit\audit_images\track_b_external\sugarcane\Red Rot\sabid_S_RR-84-_JPG.rf.8fbeef74a02e2d6a90d7549e2904f425.jpg,results\model_robustness_audit\audit_images\track_b_external\sugarcane\Red Rot\sabid_S_RR-84-_JPG.rf.8fbeef74a02e2d6a90d7549e2904f425.jpg,Sugarcane,Red Rot,Sabid-Sugarcane-Dataset,"Sabid et al., Sugarcane Disease Dataset, Springer 2023, Roboflow CC-BY 4.0",e40bfbf67b675f79025f642ca23e007adfdeedd45165064dfe9a1359db1d1fde,True
D:\CropDiseaseProject\results\model_robustness_audit\audit_images\track_b_external\sugarcane\Red Rot\sabid_S_RR-87-_JPG.rf.3dc0f0936fc2b0bd7cb667083e74350a.jpg,results\model_robustness_audit\audit_images\track_b_external\sugarcane\Red Rot\sabid_S_RR-87-_JPG.rf.3dc0f0936fc2b0bd7cb667083e74350a.jpg,Sugarcane,Red Rot,Sabid-Sugarcane-Dataset,"Sabid et al., Sugarcane Disease Dataset, Springer 2023, Roboflow CC-BY 4.0",45e2cae11404bcb5bab494c658351fb714b50680234e58ea70fcbabafcb6aa0a,True
D:\CropDiseaseProject\results\model_robustness_audit\audit_images\track_b_external\sugarcane\Red Rot\sabid_S_RR-89-_JPG.rf.bd60f0e526da79b87304385aba25e2c3.jpg,results\model_robustness_audit\audit_images\track_b_external\sugarcane\Red Rot\sabid_S_RR-89-_JPG.rf.bd60f0e526da79b87304385aba25e2c3.jpg,Sugarcane,Red Rot,Sabid-Sugarcane-Dataset,"Sabid et al., Sugarcane Disease Dataset, Springer 2023, Roboflow CC-BY 4.0",f686a211fefc2306050eda3bcbdf6cd515c57b9fb295ffb34c419b2b29ddd6f9,True
D:\CropDiseaseProject\results\model_robustness_audit\audit_images\track_b_external\sugarcane\Red Rot\sabid_S_RR-91-_JPG.rf.498e31d3abc85a6c811d296f3d9e52fa.jpg,results\model_robustness_audit\audit_images\track_b_external\sugarcane\Red Rot\sabid_S_RR-91-_JPG.rf.498e31d3abc85a6c811d296f3d9e52fa.jpg,Sugarcane,Red Rot,Sabid-Sugarcane-Dataset,"Sabid et al., Sugarcane Disease Dataset, Springer 2023, Roboflow CC-BY 4.0",3bc97b189efcdb5e14d8c30f5a617886d8912b7a91a37264be6695f8a9062cc9,True
D:\CropDiseaseProject\results\model_robustness_audit\audit_images\track_b_external\sugarcane\Red Rot\sabid_S_RR-94-_JPG.rf.5ada4a8c16672407c863fae7c2a4a623.jpg,results\model_robustness_audit\audit_images\track_b_external\sugarcane\Red Rot\sabid_S_RR-94-_JPG.rf.5ada4a8c16672407c863fae7c2a4a623.jpg,Sugarcane,Red Rot,Sabid-Sugarcane-Dataset,"Sabid et al., Sugarcane Disease Dataset, Springer 2023, Roboflow CC-BY 4.0",056c7e803adfb7d576e29c6b0bee7d31db1da6904bffb7ac96c514086c5a2d46,True
D:\CropDiseaseProject\results\model_robustness_audit\audit_images\track_b_external\sugarcane\Red Rot\sabid_S_RR-95-_JPG.rf.35ae3154581f6e451fc66950afed11d8.jpg,results\model_robustness_audit\audit_images\track_b_external\sugarcane\Red Rot\sabid_S_RR-95-_JPG.rf.35ae3154581f6e451fc66950afed11d8.jpg,Sugarcane,Red Rot,Sabid-Sugarcane-Dataset,"Sabid et al., Sugarcane Disease Dataset, Springer 2023, Roboflow CC-BY 4.0",2b2bdb995ad09be4f0ddb057fe296f4661fc315a7546d497f9c76aa79a001424,True
D:\CropDiseaseProject\results\model_robustness_audit\audit_images\track_b_external\sugarcane\Red Rot\sabid_S_RR-99-_JPG.rf.bff73053141c77495dff870fdc24c5df.jpg,results\model_robustness_audit\audit_images\track_b_external\sugarcane\Red Rot\sabid_S_RR-99-_JPG.rf.bff73053141c77495dff870fdc24c5df.jpg,Sugarcane,Red Rot,Sabid-Sugarcane-Dataset,"Sabid et al., Sugarcane Disease Dataset, Springer 2023, Roboflow CC-BY 4.0",9aab9427aa86f2058fd809c85d9e5e02ef934de0f0544c9b78961560d69b111c,True
D:\CropDiseaseProject\results\model_robustness_audit\audit_images\track_b_external\sugarcane\Red Rot\sabid_S_RR-10-_JPG.rf.525fc02ce4642fd46f8f2b7401e1b60f.jpg,results\model_robustness_audit\audit_images\track_b_external\sugarcane\Red Rot\sabid_S_RR-10-_JPG.rf.525fc02ce4642fd46f8f2b7401e1b60f.jpg,Sugarcane,Red Rot,Sabid-Sugarcane-Dataset,"Sabid et al., Sugarcane Disease Dataset, Springer 2023, Roboflow CC-BY 4.0",540ab7e2e68c60db27d13a8e825461cc980807e23963b48ea339c5ff9c5baae8,True
D:\CropDiseaseProject\results\model_robustness_audit\audit_images\track_b_external\sugarcane\Red Rot\sabid_S_RR-100-_JPG.rf.07cb88b144d1b5fc8a1b55f4ce219717.jpg,results\model_robustness_audit\audit_images\track_b_external\sugarcane\Red Rot\sabid_S_RR-100-_JPG.rf.07cb88b144d1b5fc8a1b55f4ce219717.jpg,Sugarcane,Red Rot,Sabid-Sugarcane-Dataset,"Sabid et al., Sugarcane Disease Dataset, Springer 2023, Roboflow CC-BY 4.0",bfc4f694ec6eee2c54cbbc97e7285b86959d66eafd91591fb22ddf5913fa03d5,True
D:\CropDiseaseProject\results\model_robustness_audit\audit_images\track_b_external\sugarcane\Red Rot\sabid_S_RR-11-_JPG.rf.d6955c2afd09c6881e56343f909fc027.jpg,results\model_robustness_audit\audit_images\track_b_external\sugarcane\Red Rot\sabid_S_RR-11-_JPG.rf.d6955c2afd09c6881e56343f909fc027.jpg,Sugarcane,Red Rot,Sabid-Sugarcane-Dataset,"Sabid et al., Sugarcane Disease Dataset, Springer 2023, Roboflow CC-BY 4.0",a2cf2364db0b476d938a43cd25d7dc24f7f85b6c09f8ea8758c0f66190c3fef4,True
D:\CropDiseaseProject\results\model_robustness_audit\audit_images\track_b_external\sugarcane\Red Rot\sabid_S_RR-12-_JPG.rf.fd289c20fc52c352fa80db81f851db37.jpg,results\model_robustness_audit\audit_images\track_b_external\sugarcane\Red Rot\sabid_S_RR-12-_JPG.rf.fd289c20fc52c352fa80db81f851db37.jpg,Sugarcane,Red Rot,Sabid-Sugarcane-Dataset,"Sabid et al., Sugarcane Disease Dataset, Springer 2023, Roboflow CC-BY 4.0",eedc07bc99a6deafa86a9c81a04523902b996736734911875e3f39551bc2298c,True
D:\CropDiseaseProject\results\model_robustness_audit\audit_images\track_b_external\sugarcane\Red Rot\sabid_S_RR-13-_JPG.rf.9478c87509c8f3576318c9817ed28b70.jpg,results\model_robustness_audit\audit_images\track_b_external\sugarcane\Red Rot\sabid_S_RR-13-_JPG.rf.9478c87509c8f3576318c9817ed28b70.jpg,Sugarcane,Red Rot,Sabid-Sugarcane-Dataset,"Sabid et al., Sugarcane Disease Dataset, Springer 2023, Roboflow CC-BY 4.0",8b1dbf9d12eccd54994cdfe0605318cb339473dc8472c9147a64a4ed19bf20ff,True
D:\CropDiseaseProject\results\model_robustness_audit\audit_images\track_b_external\sugarcane\Healthy Leaves\sabid_S_H-1-_jpg.rf.d9010f699490fd0b0e37fc050d99d9fd.jpg,results\model_robustness_audit\audit_images\track_b_external\sugarcane\Healthy Leaves\sabid_S_H-1-_jpg.rf.d9010f699490fd0b0e37fc050d99d9fd.jpg,Sugarcane,Healthy Leaves,Sabid-Sugarcane-Dataset,"Sabid et al., Sugarcane Disease Dataset, Springer 2023, Roboflow CC-BY 4.0",3b62b05e911360e731df0f7f87f1c61b714f8c1603d67538aacd4fef1f971d7d,True
D:\CropDiseaseProject\results\model_robustness_audit\audit_images\track_b_external\sugarcane\Healthy Leaves\sabid_S_H-15-_jpg.rf.9fb3c8e45de5f6afc1831c9db567e3c8.jpg,results\model_robustness_audit\audit_images\track_b_external\sugarcane\Healthy Leaves\sabid_S_H-15-_jpg.rf.9fb3c8e45de5f6afc1831c9db567e3c8.jpg,Sugarcane,Healthy Leaves,Sabid-Sugarcane-Dataset,"Sabid et al., Sugarcane Disease Dataset, Springer 2023, Roboflow CC-BY 4.0",ef382180196dda151683a81e3703cc89394ad27a6f591b1dbca950f95eee9601,True
D:\CropDiseaseProject\results\model_robustness_audit\audit_images\track_b_external\sugarcane\Healthy Leaves\sabid_S_H-20-_jpg.rf.3818cf438f106d137b3e68d53cf3f988.jpg,results\model_robustness_audit\audit_images\track_b_external\sugarcane\Healthy Leaves\sabid_S_H-20-_jpg.rf.3818cf438f106d137b3e68d53cf3f988.jpg,Sugarcane,Healthy Leaves,Sabid-Sugarcane-Dataset,"Sabid et al., Sugarcane Disease Dataset, Springer 2023, Roboflow CC-BY 4.0",e637d93762811ea0d38f354cab36c84e8e54611af044c5d16b4a2d2d4395e57b,True
D:\CropDiseaseProject\results\model_robustness_audit\audit_images\track_b_external\sugarcane\Healthy Leaves\sabid_S_H-21-_jpg.rf.e3a88202e82aeb81e27ea853db2980b9.jpg,results\model_robustness_audit\audit_images\track_b_external\sugarcane\Healthy Leaves\sabid_S_H-21-_jpg.rf.e3a88202e82aeb81e27ea853db2980b9.jpg,Sugarcane,Healthy Leaves,Sabid-Sugarcane-Dataset,"Sabid et al., Sugarcane Disease Dataset, Springer 2023, Roboflow CC-BY 4.0",365184eaa283b4c8b73a3461799c08b9399a60e2df1baf0494c5f4e25f0ffc50,True
D:\CropDiseaseProject\results\model_robustness_audit\audit_images\track_b_external\sugarcane\Healthy Leaves\sabid_S_H-41-_jpg.rf.cb0045747a4692b2179e34dac9f39440.jpg,results\model_robustness_audit\audit_images\track_b_external\sugarcane\Healthy Leaves\sabid_S_H-41-_jpg.rf.cb0045747a4692b2179e34dac9f39440.jpg,Sugarcane,Healthy Leaves,Sabid-Sugarcane-Dataset,"Sabid et al., Sugarcane Disease Dataset, Springer 2023, Roboflow CC-BY 4.0",2a5e2ba039a4f8a8701994b028d255e8c6574184939e3f7e1e1c813fd4fa0d10,True
D:\CropDiseaseProject\results\model_robustness_audit\audit_images\track_b_external\sugarcane\Healthy Leaves\sabid_S_H-46-_jpg.rf.6e42a11afc35684f64c0091d10713950.jpg,results\model_robustness_audit\audit_images\track_b_external\sugarcane\Healthy Leaves\sabid_S_H-46-_jpg.rf.6e42a11afc35684f64c0091d10713950.jpg,Sugarcane,Healthy Leaves,Sabid-Sugarcane-Dataset,"Sabid et al., Sugarcane Disease Dataset, Springer 2023, Roboflow CC-BY 4.0",8b6bd42438c311df572a8c08091f96b088100d43a709eecd32acff2774150ac3,True
D:\CropDiseaseProject\results\model_robustness_audit\audit_images\track_b_external\sugarcane\Healthy Leaves\sabid_S_H-47-_jpg.rf.b03d8a183adb0867be3919b2bb4881ad.jpg,results\model_robustness_audit\audit_images\track_b_external\sugarcane\Healthy Leaves\sabid_S_H-47-_jpg.rf.b03d8a183adb0867be3919b2bb4881ad.jpg,Sugarcane,Healthy Leaves,Sabid-Sugarcane-Dataset,"Sabid et al., Sugarcane Disease Dataset, Springer 2023, Roboflow CC-BY 4.0",32b9dc297a6285c3389c7330d088caec03d17d5f106d8fc75e077b03c5630fc9,True
D:\CropDiseaseProject\results\model_robustness_audit\audit_images\track_b_external\sugarcane\Healthy Leaves\sabid_S_H-51-_JPG.rf.d2470fc1d879fdd5c7fb8e03bad74ab1.jpg,results\model_robustness_audit\audit_images\track_b_external\sugarcane\Healthy Leaves\sabid_S_H-51-_JPG.rf.d2470fc1d879fdd5c7fb8e03bad74ab1.jpg,Sugarcane,Healthy Leaves,Sabid-Sugarcane-Dataset,"Sabid et al., Sugarcane Disease Dataset, Springer 2023, Roboflow CC-BY 4.0",f4a6fdf21975fedd6ec537c396e930fa022f04fdde49b0c24bc0a0f8c38b0144,True
D:\CropDiseaseProject\results\model_robustness_audit\audit_images\track_b_external\sugarcane\Healthy Leaves\sabid_S_H-53-_JPG.rf.a42a37f1186bc9c0f6978c4f0c62ad12.jpg,results\model_robustness_audit\audit_images\track_b_external\sugarcane\Healthy Leaves\sabid_S_H-53-_JPG.rf.a42a37f1186bc9c0f6978c4f0c62ad12.jpg,Sugarcane,Healthy Leaves,Sabid-Sugarcane-Dataset,"Sabid et al., Sugarcane Disease Dataset, Springer 2023, Roboflow CC-BY 4.0",e23357e5805bb59e5fb6f475d6c290ab9bd6dbf52926ecb1bd6a4ba64ea6bf94,True
D:\CropDiseaseProject\results\model_robustness_audit\audit_images\track_b_external\sugarcane\Healthy Leaves\sabid_S_H-56-_JPG.rf.abddec778da171e43b918257e5240470.jpg,results\model_robustness_audit\audit_images\track_b_external\sugarcane\Healthy Leaves\sabid_S_H-56-_JPG.rf.abddec778da171e43b918257e5240470.jpg,Sugarcane,Healthy Leaves,Sabid-Sugarcane-Dataset,"Sabid et al., Sugarcane Disease Dataset, Springer 2023, Roboflow CC-BY 4.0",f6ec8351d880824acd3f24cddd4db5b6467ca9360b98106b2d66afc84ad20bbd,True
D:\CropDiseaseProject\results\model_robustness_audit\audit_images\track_b_external\sugarcane\Healthy Leaves\sabid_S_H-57-_JPG.rf.69874c3c29a72f9ac7cd7bc105bc8841.jpg,results\model_robustness_audit\audit_images\track_b_external\sugarcane\Healthy Leaves\sabid_S_H-57-_JPG.rf.69874c3c29a72f9ac7cd7bc105bc8841.jpg,Sugarcane,Healthy Leaves,Sabid-Sugarcane-Dataset,"Sabid et al., Sugarcane Disease Dataset, Springer 2023, Roboflow CC-BY 4.0",5ba69c4f0cb60246142cc0f7183c74ee7d782b14997adc1172e9765f0ac2b808,True
D:\CropDiseaseProject\results\model_robustness_audit\audit_images\track_b_external\sugarcane\Healthy Leaves\sabid_S_H-58-_JPG.rf.e3c192c1506d12e18c05a13f2fca3397.jpg,results\model_robustness_audit\audit_images\track_b_external\sugarcane\Healthy Leaves\sabid_S_H-58-_JPG.rf.e3c192c1506d12e18c05a13f2fca3397.jpg,Sugarcane,Healthy Leaves,Sabid-Sugarcane-Dataset,"Sabid et al., Sugarcane Disease Dataset, Springer 2023, Roboflow CC-BY 4.0",69e2970dda769a7918fa1b1761e73bbe7e6c05de842ed4768f3500e01804ffb2,True
D:\CropDiseaseProject\results\model_robustness_audit\audit_images\track_b_external\sugarcane\Healthy Leaves\sabid_S_H-59-_JPG.rf.ea0629cb752b029c2dacf1ae7a5bc7ab.jpg,results\model_robustness_audit\audit_images\track_b_external\sugarcane\Healthy Leaves\sabid_S_H-59-_JPG.rf.ea0629cb752b029c2dacf1ae7a5bc7ab.jpg,Sugarcane,Healthy Leaves,Sabid-Sugarcane-Dataset,"Sabid et al., Sugarcane Disease Dataset, Springer 2023, Roboflow CC-BY 4.0",e77101931ce03f4e694d086b1c37476e28878ebc4f484317a2099081b8f36fa0,True
D:\CropDiseaseProject\results\model_robustness_audit\audit_images\track_b_external\sugarcane\Healthy Leaves\sabid_S_H-62-_JPG.rf.cc8dccf2f20a6e83c68936b9bc8b60f8.jpg,results\model_robustness_audit\audit_images\track_b_external\sugarcane\Healthy Leaves\sabid_S_H-62-_JPG.rf.cc8dccf2f20a6e83c68936b9bc8b60f8.jpg,Sugarcane,Healthy Leaves,Sabid-Sugarcane-Dataset,"Sabid et al., Sugarcane Disease Dataset, Springer 2023, Roboflow CC-BY 4.0",a108755f8aede5fc743ed411946a8d677fd7bdf142fe52e6205498d566a31157,True
D:\CropDiseaseProject\results\model_robustness_audit\audit_images\track_b_external\sugarcane\Healthy Leaves\sabid_S_H-70-_JPG.rf.ed4f06aec051a9cd2e7db43f003c2b21.jpg,results\model_robustness_audit\audit_images\track_b_external\sugarcane\Healthy Leaves\sabid_S_H-70-_JPG.rf.ed4f06aec051a9cd2e7db43f003c2b21.jpg,Sugarcane,Healthy Leaves,Sabid-Sugarcane-Dataset,"Sabid et al., Sugarcane Disease Dataset, Springer 2023, Roboflow CC-BY 4.0",3fa3bed36a358facea703e2de6eca444fee789948efd1ae0093f8f581ca77bb8,True
D:\CropDiseaseProject\results\model_robustness_audit\audit_images\track_b_external\sugarcane\Healthy Leaves\sabid_S_H-71-_JPG.rf.ffd3276ac3d7c3344ec72adc44d273cc.jpg,results\model_robustness_audit\audit_images\track_b_external\sugarcane\Healthy Leaves\sabid_S_H-71-_JPG.rf.ffd3276ac3d7c3344ec72adc44d273cc.jpg,Sugarcane,Healthy Leaves,Sabid-Sugarcane-Dataset,"Sabid et al., Sugarcane Disease Dataset, Springer 2023, Roboflow CC-BY 4.0",eefef256d0dd8b6f1207864365bc0d451a248747ebba6868745cf52cabea7f6c,True
D:\CropDiseaseProject\results\model_robustness_audit\audit_images\track_b_external\sugarcane\Healthy Leaves\sabid_S_H-73-_JPG.rf.690cfb2d0dd7256687c68ec3c3d0448c.jpg,results\model_robustness_audit\audit_images\track_b_external\sugarcane\Healthy Leaves\sabid_S_H-73-_JPG.rf.690cfb2d0dd7256687c68ec3c3d0448c.jpg,Sugarcane,Healthy Leaves,Sabid-Sugarcane-Dataset,"Sabid et al., Sugarcane Disease Dataset, Springer 2023, Roboflow CC-BY 4.0",d73836f48c27efddd14e312f728576630c743f208e4746a62f7c20ea3c7268e1,True
D:\CropDiseaseProject\results\model_robustness_audit\audit_images\track_b_external\sugarcane\Healthy Leaves\sabid_S_H-74-_JPG.rf.ead72d5409a22076e06fc1b832236f78.jpg,results\model_robustness_audit\audit_images\track_b_external\sugarcane\Healthy Leaves\sabid_S_H-74-_JPG.rf.ead72d5409a22076e06fc1b832236f78.jpg,Sugarcane,Healthy Leaves,Sabid-Sugarcane-Dataset,"Sabid et al., Sugarcane Disease Dataset, Springer 2023, Roboflow CC-BY 4.0",b2ceb1c3bd992fb14b835b514d5666f164227e4e5def94905f87c58039b9776f,True
D:\CropDiseaseProject\results\model_robustness_audit\audit_images\track_b_external\sugarcane\Healthy Leaves\sabid_S_H-76-_JPG.rf.30f1495ca1c4f116e00e82a7969c77b0.jpg,results\model_robustness_audit\audit_images\track_b_external\sugarcane\Healthy Leaves\sabid_S_H-76-_JPG.rf.30f1495ca1c4f116e00e82a7969c77b0.jpg,Sugarcane,Healthy Leaves,Sabid-Sugarcane-Dataset,"Sabid et al., Sugarcane Disease Dataset, Springer 2023, Roboflow CC-BY 4.0",13f767d67f8b802ff4132f598d8f3a164e95c0f184978a506bc1026d6f2543bc,True
D:\CropDiseaseProject\results\model_robustness_audit\audit_images\track_b_external\sugarcane\Healthy Leaves\sabid_S_H-77-_JPG.rf.80c0f4bb7feefa7f5cab7504872f9a37.jpg,results\model_robustness_audit\audit_images\track_b_external\sugarcane\Healthy Leaves\sabid_S_H-77-_JPG.rf.80c0f4bb7feefa7f5cab7504872f9a37.jpg,Sugarcane,Healthy Leaves,Sabid-Sugarcane-Dataset,"Sabid et al., Sugarcane Disease Dataset, Springer 2023, Roboflow CC-BY 4.0",02e1b0993c3bf5cfabecb639edb6d37c3df7eaf499e71e1d0b86f3734102be3a,True
D:\CropDiseaseProject\results\model_robustness_audit\audit_images\track_b_external\sugarcane\Healthy Leaves\sabid_S_H-80-_JPG.rf.317a7711a02a3f3b4207114e6ba65e8f.jpg,results\model_robustness_audit\audit_images\track_b_external\sugarcane\Healthy Leaves\sabid_S_H-80-_JPG.rf.317a7711a02a3f3b4207114e6ba65e8f.jpg,Sugarcane,Healthy Leaves,Sabid-Sugarcane-Dataset,"Sabid et al., Sugarcane Disease Dataset, Springer 2023, Roboflow CC-BY 4.0",6fa3592d186b0d1f393be024ee992d06e44dc061358a84f68e9f51f0170f8265,True
D:\CropDiseaseProject\results\model_robustness_audit\audit_images\track_b_external\sugarcane\Healthy Leaves\sabid_S_H-82-_JPG.rf.4f4dcda30c1a05ef21c54c1da15004a4.jpg,results\model_robustness_audit\audit_images\track_b_external\sugarcane\Healthy Leaves\sabid_S_H-82-_JPG.rf.4f4dcda30c1a05ef21c54c1da15004a4.jpg,Sugarcane,Healthy Leaves,Sabid-Sugarcane-Dataset,"Sabid et al., Sugarcane Disease Dataset, Springer 2023, Roboflow CC-BY 4.0",14a9b783cb12e2ecc71141be19c3f4c4d9b9ec976075b38d998d7ba76031fae0,True
D:\CropDiseaseProject\results\model_robustness_audit\audit_images\track_b_external\sugarcane\Healthy Leaves\sabid_S_H-83-_JPG.rf.7685b68e1dd6576df2e86a9c00ce8951.jpg,results\model_robustness_audit\audit_images\track_b_external\sugarcane\Healthy Leaves\sabid_S_H-83-_JPG.rf.7685b68e1dd6576df2e86a9c00ce8951.jpg,Sugarcane,Healthy Leaves,Sabid-Sugarcane-Dataset,"Sabid et al., Sugarcane Disease Dataset, Springer 2023, Roboflow CC-BY 4.0",0153bfa6bdfe842c10806793b5be3566295fdfe0362aae3197a21c4fd8b671e4,True
D:\CropDiseaseProject\results\model_robustness_audit\audit_images\track_b_external\sugarcane\Healthy Leaves\sabid_S_H-91-_JPG.rf.0c3d93d4d8598178423c570f44c4a261.jpg,results\model_robustness_audit\audit_images\track_b_external\sugarcane\Healthy Leaves\sabid_S_H-91-_JPG.rf.0c3d93d4d8598178423c570f44c4a261.jpg,Sugarcane,Healthy Leaves,Sabid-Sugarcane-Dataset,"Sabid et al., Sugarcane Disease Dataset, Springer 2023, Roboflow CC-BY 4.0",66a37cd67548233d164667af764cee18de8a62ec533b33815ce9c29e80c103f0,True
D:\CropDiseaseProject\results\model_robustness_audit\audit_images\track_b_external\sugarcane\Healthy Leaves\sabid_S_H-96-_JPG.rf.a5bbf6b382dfe8be2f7aa153d3720571.jpg,results\model_robustness_audit\audit_images\track_b_external\sugarcane\Healthy Leaves\sabid_S_H-96-_JPG.rf.a5bbf6b382dfe8be2f7aa153d3720571.jpg,Sugarcane,Healthy Leaves,Sabid-Sugarcane-Dataset,"Sabid et al., Sugarcane Disease Dataset, Springer 2023, Roboflow CC-BY 4.0",a9fcd4fd5ff6f25e7aef5ddec54f38b215e2e8b36b918ea55923a9d6beb87f2b,True
D:\CropDiseaseProject\results\model_robustness_audit\audit_images\track_b_external\sugarcane\Healthy Leaves\sabid_S_H-10-_jpg.rf.583b357e5c549d8e84bdcac1c2265cdf.jpg,results\model_robustness_audit\audit_images\track_b_external\sugarcane\Healthy Leaves\sabid_S_H-10-_jpg.rf.583b357e5c549d8e84bdcac1c2265cdf.jpg,Sugarcane,Healthy Leaves,Sabid-Sugarcane-Dataset,"Sabid et al., Sugarcane Disease Dataset, Springer 2023, Roboflow CC-BY 4.0",c4b21436e022cb412e96ffa4a55f5fb649f6d867504a9d38f384aa142c71711a,True
D:\CropDiseaseProject\results\model_robustness_audit\audit_images\track_b_external\sugarcane\Healthy Leaves\sabid_S_H-100-_JPG.rf.ab751018766e3850f8d2fd7936ba0b9e.jpg,results\model_robustness_audit\audit_images\track_b_external\sugarcane\Healthy Leaves\sabid_S_H-100-_JPG.rf.ab751018766e3850f8d2fd7936ba0b9e.jpg,Sugarcane,Healthy Leaves,Sabid-Sugarcane-Dataset,"Sabid et al., Sugarcane Disease Dataset, Springer 2023, Roboflow CC-BY 4.0",1068f3fe218f7f9be5c7765873f6cd771a164eee82041d4be5eb59c4e4d0b040,True
D:\CropDiseaseProject\results\model_robustness_audit\audit_images\track_b_external\sugarcane\Healthy Leaves\sabid_S_H-11-_jpg.rf.103c8abb61f8b9e86ea5cd7d8f043dc6.jpg,results\model_robustness_audit\audit_images\track_b_external\sugarcane\Healthy Leaves\sabid_S_H-11-_jpg.rf.103c8abb61f8b9e86ea5cd7d8f043dc6.jpg,Sugarcane,Healthy Leaves,Sabid-Sugarcane-Dataset,"Sabid et al., Sugarcane Disease Dataset, Springer 2023, Roboflow CC-BY 4.0",088aa32ced20ce3dc931e513f9b83f0807ce9b0f755c95947b2cc7104353c2f3,True
D:\CropDiseaseProject\results\model_robustness_audit\audit_images\track_b_external\sugarcane\Healthy Leaves\sabid_S_H-12-_jpg.rf.eabfe8173147dbb650d295d8ffba63c7.jpg,results\model_robustness_audit\audit_images\track_b_external\sugarcane\Healthy Leaves\sabid_S_H-12-_jpg.rf.eabfe8173147dbb650d295d8ffba63c7.jpg,Sugarcane,Healthy Leaves,Sabid-Sugarcane-Dataset,"Sabid et al., Sugarcane Disease Dataset, Springer 2023, Roboflow CC-BY 4.0",b457ba33f7dc7a97c9717cea1a4ad068552a45464f53be76c1705359b808bb01,True
D:\CropDiseaseProject\results\model_robustness_audit\audit_images\track_b_external\sugarcane\Healthy Leaves\sabid_S_H-13-_jpg.rf.38f7407b5fa8e40cb42f5722d3117bfb.jpg,results\model_robustness_audit\audit_images\track_b_external\sugarcane\Healthy Leaves\sabid_S_H-13-_jpg.rf.38f7407b5fa8e40cb42f5722d3117bfb.jpg,Sugarcane,Healthy Leaves,Sabid-Sugarcane-Dataset,"Sabid et al., Sugarcane Disease Dataset, Springer 2023, Roboflow CC-BY 4.0",2e740a1d0830cc59908dd58ac53c7f7a8e393365e0b3a332e3594725fdaa9adf,True
