evaluation_track,crop,dataset,source_dataset,file_path,true_label,true_class_index,predicted_label,predicted_class_index,correct,confidence,true_class_probability,top_2_label,top_2_probability,top_3_label,top_3_probability,ground_truth_quality,error_type
TRACK_D_CROSS_CROP,Tomato,cross_crop_sugarcane_to_tomato,Sugarcane Held-Out Test,D:\CropDiseaseProject\sugarcane_large\Diseases\Brown Spot\image1699.jpg,Cross-Crop: Sugarcane,-1,Tomato___Late_blight,2,False,1.0,0.0,Tomato___Early_blight,1.0256444582523727e-09,Tomato___Bacterial_spot,4.92282381525655e-10,N/A,CROSS_CROP_FALSE_ALARM
TRACK_D_CROSS_CROP,Tomato,cross_crop_sugarcane_to_tomato,Sugarcane Held-Out Test,D:\CropDiseaseProject\sugarcane_maharashtra\Healthy\healthy (365).jpeg,Cross-Crop: Sugarcane,-1,Tomato___Tomato_Yellow_Leaf_Curl_Virus,7,False,1.0,0.0,Tomato___Late_blight,3.3079253114465246e-08,Tomato___Early_blight,1.7031460963767842e-10,N/A,CROSS_CROP_FALSE_ALARM
TRACK_C_REALWORLD,Tomato,realworld_tomato,INTERNET_PLANTDOC_TEST,D:\CropDiseaseProject\results\model_robustness_audit\audit_images\track_c_realworld\tomato\Tomato___Septoria_leaf_spot\pd_real_7-17-Photo3_Septoria-MARY.jpg,Tomato___Septoria_leaf_spot,4,Tomato___Early_blight,1,False,0.9999988079071045,8.392435120185837e-07,Tomato___Septoria_leaf_spot,8.392435120185837e-07,Tomato___Tomato_Yellow_Leaf_Curl_Virus,3.531462766659388e-07,HIGH,MISCLASSIFICATION
TRACK_D_CROSS_CROP,Tomato,cross_crop_chilli_to_tomato,Chilli Held-Out Test,D:\CropDiseaseProject\chilli_cold\nutritional deficiency\IMG_3427.JPG,Cross-Crop: Chilli,-1,Tomato___Early_blight,1,False,0.9999933242797852,0.0,Tomato___Late_blight,2.8798087896575453e-06,Tomato___Tomato_Yellow_Leaf_Curl_Virus,2.8203860438225092e-06,N/A,CROSS_CROP_FALSE_ALARM
TRACK_D_CROSS_CROP,Tomato,cross_crop_sugarcane_to_tomato,Sugarcane Held-Out Test,D:\CropDiseaseProject\sugarcane_large\Diseases\Grassy shoot\image264.jpg,Cross-Crop: Sugarcane,-1,Tomato___Late_blight,2,False,0.9999871253967285,0.0,Tomato___Tomato_Yellow_Leaf_Curl_Virus,1.0966314221150242e-05,Tomato___Leaf_Mold,1.513020038146351e-06,N/A,CROSS_CROP_FALSE_ALARM
TRACK_C_REALWORLD,Tomato,realworld_tomato,INTERNET_PLANTDOC_TEST,D:\CropDiseaseProject\results\model_robustness_audit\audit_images\track_c_realworld\tomato\Tomato___healthy\pd_real_2013-08-20-06.jpg,Tomato___healthy,9,Tomato___Early_blight,1,False,0.999975323677063,1.3353050120397877e-23,Tomato___Tomato_Yellow_Leaf_Curl_Virus,9.469773431192152e-06,Tomato___Late_blight,8.951378731580917e-06,HIGH,MISCLASSIFICATION
TRACK_C_REALWORLD,Tomato,realworld_tomato,FARMER_FIELD_PHOTO,D:\CropDiseaseProject\results\model_robustness_audit\audit_images\track_c_realworld\tomato\Tomato___Septoria_leaf_spot\pak_field_early-blight-closeup-sm.jpg,Tomato___Septoria_leaf_spot,4,Tomato___Early_blight,1,False,0.9999750852584839,1.8223362303615431e-06,Tomato___Late_blight,2.2282520149019547e-05,Tomato___Septoria_leaf_spot,1.8223362303615431e-06,HIGH,MISCLASSIFICATION
TRACK_D_CROSS_CROP,Tomato,cross_crop_sugarcane_to_tomato,Sugarcane Held-Out Test,D:\CropDiseaseProject\sugarcane_large\Diseases\smut\Smut238.jpg,Cross-Crop: Sugarcane,-1,Tomato___Late_blight,2,False,0.9999741315841675,0.0,Tomato___Tomato_Yellow_Leaf_Curl_Virus,2.5861707399599254e-05,Tomato___Leaf_Mold,1.0438118147604314e-09,N/A,CROSS_CROP_FALSE_ALARM
TRACK_B_EXTERNAL,Tomato,external_tomato,PlantDoc-Dataset,D:\CropDiseaseProject\results\model_robustness_audit\audit_images\track_b_external\tomato\Tomato___Tomato_mosaic_virus\plantdoc_mosaic_virus_tomato.jpg,Tomato___Tomato_mosaic_virus,8,Tomato___Late_blight,2,False,0.9999721050262451,5.546769987763156e-11,Tomato___Early_blight,1.125756352848839e-05,Tomato___healthy,8.398324098379817e-06,HIGH,MISCLASSIFICATION
TRACK_B_EXTERNAL,Tomato,external_tomato,PlantDoc-Dataset,D:\CropDiseaseProject\results\model_robustness_audit\audit_images\track_b_external\tomato\Tomato___Bacterial_spot\plantdoc_05-069f9.jpg,Tomato___Bacterial_spot,0,Tomato___Early_blight,1,False,0.9999698400497437,8.606071588701525e-08,Tomato___Late_blight,2.9247179554658942e-05,Tomato___Septoria_leaf_spot,7.959910135468817e-07,HIGH,MISCLASSIFICATION
TRACK_D_CROSS_CROP,Tomato,cross_crop_sugarcane_to_tomato,Sugarcane Held-Out Test,D:\CropDiseaseProject\sugarcane_large\Diseases\Yellow Leaf\Yellow Leaf1013.jpg,Cross-Crop: Sugarcane,-1,Tomato___Late_blight,2,False,0.9999605417251587,0.0,Tomato___Early_blight,2.1582640329143032e-05,Tomato___Tomato_Yellow_Leaf_Curl_Virus,1.749965304043144e-05,N/A,CROSS_CROP_FALSE_ALARM
TRACK_B_EXTERNAL,Tomato,external_tomato,Tomato_Leaf_Disease_Dataset_Pakistan,D:\CropDiseaseProject\results\model_robustness_audit\audit_images\track_b_external\tomato\Tomato___healthy\pak_20130609_151253_zpsc7d93f62.jpg,Tomato___healthy,9,Tomato___Late_blight,2,False,0.9999394416809082,4.181824806437362e-07,Tomato___Tomato_Yellow_Leaf_Curl_Virus,5.4607797210337594e-05,Tomato___Early_blight,3.953275609092088e-06,HIGH,MISCLASSIFICATION
TRACK_B_EXTERNAL,Tomato,external_tomato,Tomato_Leaf_Disease_Dataset_Pakistan,D:\CropDiseaseProject\results\model_robustness_audit\audit_images\track_b_external\tomato\Tomato___Leaf_Mold\pak_IMG-20240724-WA0068.jpg,Tomato___Leaf_Mold,3,Tomato___Late_blight,2,False,0.9999282360076904,6.502139271447049e-09,Tomato___Early_blight,3.871443186653778e-05,Tomato___Bacterial_spot,2.520121051929891e-05,HIGH,MISCLASSIFICATION
TRACK_D_CROSS_CROP,Tomato,cross_crop_sugarcane_to_tomato,Sugarcane Held-Out Test,D:\CropDiseaseProject\sugarcane_large\Diseases\Yellow Leaf\Yellow Leaf650.jpg,Cross-Crop: Sugarcane,-1,Tomato___Tomato_Yellow_Leaf_Curl_Virus,7,False,0.999925971031189,0.0,Tomato___Leaf_Mold,3.687899879878387e-05,Tomato___Late_blight,3.6871337215416133e-05,N/A,CROSS_CROP_FALSE_ALARM
TRACK_D_UNRELATED,Tomato,unrelated_non_leaf,OpenCV Standard Non-Leaf Benchmark,D:\CropDiseaseProject\results\model_robustness_audit\audit_images\track_d_unrelated\messi5.jpg,Unrelated / Non-Leaf,-1,Tomato___Early_blight,1,False,0.9999227523803711,0.0,Tomato___Tomato_Yellow_Leaf_Curl_Virus,4.9363283324055374e-05,Tomato___Late_blight,2.0520084945019335e-05,N/A,UNRELATED_FALSE_ALARM
TRACK_C_REALWORLD,Tomato,realworld_tomato,FARMER_FIELD_PHOTO,D:\CropDiseaseProject\results\model_robustness_audit\audit_images\track_c_realworld\tomato\Tomato___healthy\pak_field_HL__99_.jpg,Tomato___healthy,9,Tomato___Early_blight,1,False,0.9999148845672607,2.1901777613742013e-10,Tomato___Late_blight,8.51133227115497e-05,Tomato___Septoria_leaf_spot,2.250656550017993e-09,HIGH,MISCLASSIFICATION
TRACK_C_REALWORLD,Tomato,realworld_tomato,INTERNET_PLANTDOC_TEST,D:\CropDiseaseProject\results\model_robustness_audit\audit_images\track_c_realworld\tomato\Tomato___Bacterial_spot\pd_real_Tomato_2BBacterial_2BSpot_2Bon_2BLeaves.jpg,Tomato___Bacterial_spot,0,Tomato___Early_blight,1,False,0.9999111890792847,5.6540934565418866e-06,Tomato___Late_blight,7.433188875438645e-05,Tomato___Tomato_Yellow_Leaf_Curl_Virus,7.935277608339675e-06,HIGH,MISCLASSIFICATION
TRACK_D_CROSS_CROP,Tomato,cross_crop_chilli_to_tomato,Chilli Held-Out Test,D:\CropDiseaseProject\chilli_cold\cerocospora\IMG_4669.JPG,Cross-Crop: Chilli,-1,Tomato___Early_blight,1,False,0.9998984336853027,0.0,Tomato___Bacterial_spot,9.773292549652979e-05,Tomato___Late_blight,3.4248687370563857e-06,N/A,CROSS_CROP_FALSE_ALARM
TRACK_C_REALWORLD,Tomato,realworld_tomato,INTERNET_PLANTDOC_TEST,D:\CropDiseaseProject\results\model_robustness_audit\audit_images\track_c_realworld\tomato\Tomato___Tomato_mosaic_virus\pd_real_9511.img.jpg,Tomato___Tomato_mosaic_virus,8,Tomato___Early_blight,1,False,0.9998762607574463,2.1184720915435468e-14,Tomato___Late_blight,8.313808211823925e-05,Tomato___Target_Spot,4.049848212162033e-05,MEDIUM,MISCLASSIFICATION
TRACK_B_EXTERNAL,Tomato,external_tomato,Tomato_Leaf_Disease_Dataset_Pakistan,D:\CropDiseaseProject\results\model_robustness_audit\audit_images\track_b_external\tomato\Tomato___healthy\pak_HL_(102).jpg,Tomato___healthy,9,Tomato___Early_blight,1,False,0.9998754262924194,1.6583286965854427e-09,Tomato___Late_blight,0.00011842363164760172,Tomato___Bacterial_spot,5.607651019090554e-06,HIGH,MISCLASSIFICATION
TRACK_D_CROSS_CROP,Tomato,cross_crop_grape_to_tomato,Grape Held-Out Test,D:\CropDiseaseProject\grape_2024\healthy\healthy406.jpg,Cross-Crop: Grape,-1,Tomato___Late_blight,2,False,0.9998458623886108,0.0,Tomato___Early_blight,0.00015209594857878983,Tomato___Septoria_leaf_spot,1.29084867239726e-06,N/A,CROSS_CROP_FALSE_ALARM
TRACK_B_EXTERNAL,Tomato,external_tomato,PlantDoc-Dataset,D:\CropDiseaseProject\results\model_robustness_audit\audit_images\track_b_external\tomato\Tomato___Tomato_mosaic_virus\plantdoc_Tomato-brown-rugose-fruit-virus-ToBRFV-infected-tomato-Solanum-lycopersicum-plants_Q320.jpg,Tomato___Tomato_mosaic_virus,8,Tomato___Early_blight,1,False,0.9998434782028198,1.1191360135159346e-14,Tomato___Late_blight,0.00010502217628527433,Tomato___Septoria_leaf_spot,2.9950166208436713e-05,HIGH,MISCLASSIFICATION
TRACK_B_EXTERNAL,Grape,external_grape,GLDD-Dataset,D:\CropDiseaseProject\results\model_robustness_audit\audit_images\track_b_external\grape\Powdery Mildew\gldd_9fd44bee-07e8-4d30-ad53-f09e3bb5ba57_jpg.rf.37ba4093cf1a984e5c4a98f94ed2a49a.jpg,Powdery Mildew,6,Esca (Black Measles),3,False,0.99980229139328,8.514796867586938e-09,Leaf Blight,0.00018178609025198966,Healthy Leaves,1.294476260227384e-05,HIGH,MISCLASSIFICATION
TRACK_B_EXTERNAL,Tomato,external_tomato,Tomato_Leaf_Disease_Dataset_Pakistan,D:\CropDiseaseProject\results\model_robustness_audit\audit_images\track_b_external\tomato\Tomato___Tomato_Yellow_Leaf_Curl_Virus\pak_DSC02007.JPG.jpg,Tomato___Tomato_Yellow_Leaf_Curl_Virus,7,Tomato___Late_blight,2,False,0.9997642636299133,2.676609689444831e-08,Tomato___Early_blight,0.0002354136813664809,Tomato___healthy,2.6335061420468264e-07,HIGH,MISCLASSIFICATION
TRACK_C_REALWORLD,Tomato,realworld_tomato,FARMER_FIELD_PHOTO,D:\CropDiseaseProject\results\model_robustness_audit\audit_images\track_c_realworld\tomato\Tomato___Tomato_Yellow_Leaf_Curl_Virus\pak_field_tj5itxzunn3k.jpg,Tomato___Tomato_Yellow_Leaf_Curl_Virus,7,Tomato___Late_blight,2,False,0.9997610449790955,1.464949036744656e-05,Tomato___Early_blight,0.00020891643362119794,Tomato___Tomato_Yellow_Leaf_Curl_Virus,1.464949036744656e-05,HIGH,MISCLASSIFICATION
TRACK_C_REALWORLD,Tomato,realworld_tomato,FARMER_FIELD_PHOTO,D:\CropDiseaseProject\results\model_robustness_audit\audit_images\track_c_realworld\tomato\Tomato___Tomato_Yellow_Leaf_Curl_Virus\pak_field_IMG_20251102_161626.jpg,Tomato___Tomato_Yellow_Leaf_Curl_Virus,7,Tomato___Late_blight,2,False,0.9997422099113464,1.2547507139970548e-06,Tomato___Early_blight,0.0001609189494047314,Tomato___healthy,7.20812677172944e-05,HIGH,MISCLASSIFICATION
TRACK_C_REALWORLD,Tomato,realworld_tomato,INTERNET_PLANTDOC_TEST,D:\CropDiseaseProject\results\model_robustness_audit\audit_images\track_c_realworld\tomato\Tomato___Leaf_Mold\pd_real_BIGSD.jpg,Tomato___Leaf_Mold,3,Tomato___Early_blight,1,False,0.9997125267982483,1.4897681467118673e-05,Tomato___Target_Spot,0.0001631765771890059,Tomato___Late_blight,9.121969196712598e-05,MEDIUM,MISCLASSIFICATION
TRACK_B_EXTERNAL,Tomato,external_tomato,Tomato_Leaf_Disease_Dataset_Pakistan,D:\CropDiseaseProject\results\model_robustness_audit\audit_images\track_b_external\tomato\Tomato___Early_blight\pak_1723454507692.jpg,Tomato___Early_blight,1,Tomato___Late_blight,2,False,0.9996756315231323,0.0001503187231719494,Tomato___Early_blight,0.0001503187231719494,Tomato___Tomato_Yellow_Leaf_Curl_Virus,0.00013415206922218204,HIGH,MISCLASSIFICATION
TRACK_B_EXTERNAL,Tomato,external_tomato,PlantDoc-Dataset,D:\CropDiseaseProject\results\model_robustness_audit\audit_images\track_b_external\tomato\Tomato___Bacterial_spot\plantdoc_5114949114265600-600x272.jpeg.jpg,Tomato___Bacterial_spot,0,Tomato___Late_blight,2,False,0.9996702671051025,7.5824182204087265e-06,Tomato___Early_blight,0.00032065960112959146,Tomato___Bacterial_spot,7.5824182204087265e-06,HIGH,MISCLASSIFICATION
TRACK_D_CROSS_CROP,Sugarcane,cross_crop_chilli_to_sugarcane,Chilli Held-Out Test,D:\CropDiseaseProject\chilli_cold\cerocospora\IMG_5371.JPG,Cross-Crop: Chilli,-1,Pokkah Boeng,5,False,0.9996262788772583,0.0,Smut,0.000270858290605247,Rust (Brown Rust),6.978461897233501e-05,N/A,CROSS_CROP_FALSE_ALARM
TRACK_C_REALWORLD,Tomato,realworld_tomato,FARMER_FIELD_PHOTO,D:\CropDiseaseProject\results\model_robustness_audit\audit_images\track_c_realworld\tomato\Tomato___Septoria_leaf_spot\pak_field_file96924.jpg,Tomato___Septoria_leaf_spot,4,Tomato___Early_blight,1,False,0.9996142387390137,5.623960532830097e-07,Tomato___Late_blight,0.00038167223101481795,Tomato___Bacterial_spot,1.9821695786959026e-06,HIGH,MISCLASSIFICATION
TRACK_D_CROSS_CROP,Tomato,cross_crop_sugarcane_to_tomato,Sugarcane Held-Out Test,D:\CropDiseaseProject\sugarcane_maharashtra\Rust\rust (453).jpeg,Cross-Crop: Sugarcane,-1,Tomato___Tomato_Yellow_Leaf_Curl_Virus,7,False,0.999530553817749,0.0,Tomato___Late_blight,0.0004684776649810374,Tomato___Early_blight,8.271048841379525e-07,N/A,CROSS_CROP_FALSE_ALARM
TRACK_B_EXTERNAL,Tomato,external_tomato,PlantDoc-Dataset,D:\CropDiseaseProject\results\model_robustness_audit\audit_images\track_b_external\tomato\Tomato___Tomato_mosaic_virus\plantdoc_fig1-2k11-163-165.jpg,Tomato___Tomato_mosaic_virus,8,Tomato___Late_blight,2,False,0.999523401260376,3.277894622399913e-10,Tomato___Early_blight,0.00040359326521866024,Tomato___Tomato_Yellow_Leaf_Curl_Virus,3.598396870074794e-05,HIGH,MISCLASSIFICATION
TRACK_B_EXTERNAL,Tomato,external_tomato,Sylhet-Tomato-Dataset,D:\CropDiseaseProject\results\model_robustness_audit\audit_images\track_b_external\tomato\Tomato___Target_Spot\rk_sau_IMG_1109_JPG.rf.c085cca696ee85d4a648d110f49d96e7.jpg,Tomato___Target_Spot,6,Tomato___Late_blight,2,False,0.9995123147964478,7.052786088479479e-08,Tomato___Early_blight,0.0004640337429009378,Tomato___healthy,2.3585462258779444e-05,HIGH,MISCLASSIFICATION
TRACK_D_UNRELATED,Tomato,unrelated_non_leaf,OpenCV Standard Non-Leaf Benchmark,D:\CropDiseaseProject\results\model_robustness_audit\audit_images\track_d_unrelated\cards.png,Unrelated / Non-Leaf,-1,Tomato___Early_blight,1,False,0.9994088411331177,0.0,Tomato___Septoria_leaf_spot,0.0005563599988818169,Tomato___Bacterial_spot,3.0676561436848715e-05,N/A,UNRELATED_FALSE_ALARM
TRACK_B_EXTERNAL,Tomato,external_tomato,Tomato_Leaf_Disease_Dataset_Pakistan,D:\CropDiseaseProject\results\model_robustness_audit\audit_images\track_b_external\tomato\Tomato___Tomato_Yellow_Leaf_Curl_Virus\pak_29994445671_b6914b44d0_b.jpg,Tomato___Tomato_Yellow_Leaf_Curl_Virus,7,Tomato___Late_blight,2,False,0.9993901252746582,7.364209977822611e-06,Tomato___healthy,0.000569213938433677,Tomato___Early_blight,1.7733456843416207e-05,HIGH,MISCLASSIFICATION
TRACK_D_CROSS_CROP,Tomato,cross_crop_chilli_to_tomato,Chilli Held-Out Test,D:\CropDiseaseProject\chilli_cold\cerocospora\IMG_4145.JPG,Cross-Crop: Chilli,-1,Tomato___Early_blight,1,False,0.9993688464164734,0.0,Tomato___Late_blight,0.0006032657693140209,Tomato___Target_Spot,2.7760546799981967e-05,N/A,CROSS_CROP_FALSE_ALARM
TRACK_C_REALWORLD,Tomato,realworld_tomato,FARMER_FIELD_PHOTO,D:\CropDiseaseProject\results\model_robustness_audit\audit_images\track_c_realworld\tomato\Tomato___Early_blight\pak_field_IMG_20251102_155138.jpg,Tomato___Early_blight,1,Tomato___Late_blight,2,False,0.9993205070495605,0.0006792126223444939,Tomato___Early_blight,0.0006792126223444939,Tomato___healthy,2.842182595941267e-07,HIGH,MISCLASSIFICATION
TRACK_B_EXTERNAL,Grape,external_grape,AI-Challenger-2018-Grape,D:\CropDiseaseProject\results\model_robustness_audit\audit_images\track_b_external\grape\Esca (Black Measles)\baliwaka_00000006.jpg,Esca (Black Measles),3,Healthy Leaves,4,False,0.9993064403533936,0.00020395453611854464,Powdery Mildew,0.0004053767188452184,Esca (Black Measles),0.00020395453611854464,HIGH,MISCLASSIFICATION
TRACK_D_UNRELATED,Tomato,unrelated_non_leaf,OpenCV Standard Non-Leaf Benchmark,D:\CropDiseaseProject\results\model_robustness_audit\audit_images\track_d_unrelated\left01.jpg,Unrelated / Non-Leaf,-1,Tomato___Early_blight,1,False,0.9992190599441528,0.0,Tomato___Late_blight,0.00043890750384889543,Tomato___Spider_mites Two-spotted_spider_mite,0.00034080399200320244,N/A,UNRELATED_FALSE_ALARM
TRACK_B_EXTERNAL,Tomato,external_tomato,Tomato_Leaf_Disease_Dataset_Pakistan,D:\CropDiseaseProject\results\model_robustness_audit\audit_images\track_b_external\tomato\Tomato___Early_blight\pak_EB_(973).jpg,Tomato___Early_blight,1,Tomato___Late_blight,2,False,0.9991738200187683,0.0007706494652666152,Tomato___Early_blight,0.0007706494652666152,Tomato___Tomato_Yellow_Leaf_Curl_Virus,4.4601005356526e-05,HIGH,MISCLASSIFICATION
TRACK_C_REALWORLD,Tomato,realworld_tomato,INTERNET_PLANTDOC_TEST,D:\CropDiseaseProject\results\model_robustness_audit\audit_images\track_c_realworld\tomato\Tomato___Tomato_mosaic_virus\pd_real_D_29AlfMov.jpg,Tomato___Tomato_mosaic_virus,8,Tomato___Late_blight,2,False,0.9991710186004639,6.024012018379654e-12,Tomato___healthy,0.0008200994343496859,Tomato___Tomato_Yellow_Leaf_Curl_Virus,6.065894922357984e-06,MEDIUM,MISCLASSIFICATION
TRACK_B_EXTERNAL,Tomato,external_tomato,Tomato_Leaf_Disease_Dataset_Pakistan,D:\CropDiseaseProject\results\model_robustness_audit\audit_images\track_b_external\tomato\Tomato___Leaf_Mold\pak_IMG-20240724-WA0045.jpg,Tomato___Leaf_Mold,3,Tomato___Late_blight,2,False,0.9991511106491089,5.525481014956313e-07,Tomato___Bacterial_spot,0.0004110009176656604,Tomato___Tomato_Yellow_Leaf_Curl_Virus,0.0002481410629115999,HIGH,MISCLASSIFICATION
TRACK_D_CROSS_CROP,Tomato,cross_crop_chilli_to_tomato,Chilli Held-Out Test,D:\CropDiseaseProject\chilli_cold\nutritional deficiency\IMG_3285.JPG,Cross-Crop: Chilli,-1,Tomato___Early_blight,1,False,0.9991142153739929,0.0,Tomato___Late_blight,0.0008046238217502832,Tomato___Leaf_Mold,3.2668696803739294e-05,N/A,CROSS_CROP_FALSE_ALARM
TRACK_D_CROSS_CROP,Tomato,cross_crop_chilli_to_tomato,Chilli Held-Out Test,D:\CropDiseaseProject\chilli_cold\cerocospora\IMG_5237.JPG,Cross-Crop: Chilli,-1,Tomato___Early_blight,1,False,0.9991087317466736,0.0,Tomato___Late_blight,0.0007378493319265544,Tomato___Septoria_leaf_spot,9.6052375738509e-05,N/A,CROSS_CROP_FALSE_ALARM
TRACK_B_EXTERNAL,Tomato,external_tomato,PlantDoc-Dataset,D:\CropDiseaseProject\results\model_robustness_audit\audit_images\track_b_external\tomato\Tomato___Tomato_mosaic_virus\plantdoc_tomato-leaves-260nw-670831669.jpg,Tomato___Tomato_mosaic_virus,8,Tomato___Late_blight,2,False,0.9990699887275696,9.645775150834979e-11,Tomato___Early_blight,0.0007558356737717986,Tomato___healthy,0.00016110438446048647,HIGH,MISCLASSIFICATION
TRACK_B_EXTERNAL,Tomato,external_tomato,Tomato_Leaf_Disease_Dataset_Pakistan,D:\CropDiseaseProject\results\model_robustness_audit\audit_images\track_b_external\tomato\Tomato___healthy\pak_100_8283.jpg,Tomato___healthy,9,Tomato___Late_blight,2,False,0.9990367889404297,1.5629720850895978e-09,Tomato___Early_blight,0.000959599856287241,Tomato___Septoria_leaf_spot,1.8700684449868277e-06,HIGH,MISCLASSIFICATION
TRACK_B_EXTERNAL,Tomato,external_tomato,PlantDoc-Dataset,D:\CropDiseaseProject\results\model_robustness_audit\audit_images\track_b_external\tomato\Tomato___Tomato_mosaic_virus\plantdoc_tomato-fern-leaf-a-symptom-of-tmv-cmv-or-pepmv-virus-on-tomato-plants-h6ey8w.jpg,Tomato___Tomato_mosaic_virus,8,Tomato___Late_blight,2,False,0.9989871382713318,6.452183232141806e-09,Tomato___Septoria_leaf_spot,0.00047234573867172003,Tomato___Early_blight,0.0003533014969434589,HIGH,MISCLASSIFICATION
TRACK_B_EXTERNAL,Tomato,external_tomato,PlantDoc-Dataset,D:\CropDiseaseProject\results\model_robustness_audit\audit_images\track_b_external\tomato\Tomato___Bacterial_spot\plantdoc_BCH_20medium_20thumbnail_20for_20upload_20_2814_29.jpg,Tomato___Bacterial_spot,0,Tomato___Early_blight,1,False,0.9989657402038574,4.956550765200518e-05,Tomato___Late_blight,0.0006513605476357043,Tomato___Septoria_leaf_spot,0.0003263011167291552,HIGH,MISCLASSIFICATION
TRACK_C_REALWORLD,Tomato,realworld_tomato,INTERNET_PLANTDOC_TEST,D:\CropDiseaseProject\results\model_robustness_audit\audit_images\track_c_realworld\tomato\Tomato___healthy\pd_real_90e2c0.jpg,Tomato___healthy,9,Tomato___Early_blight,1,False,0.9989566802978516,1.0697269914317076e-07,Tomato___Late_blight,0.0008367922273464501,Tomato___Septoria_leaf_spot,0.00017399447096977383,HIGH,MISCLASSIFICATION
TRACK_B_EXTERNAL,Tomato,external_tomato,Tomato_Leaf_Disease_Dataset_Pakistan,D:\CropDiseaseProject\results\model_robustness_audit\audit_images\track_b_external\tomato\Tomato___Tomato_Yellow_Leaf_Curl_Virus\pak_5146.jpg,Tomato___Tomato_Yellow_Leaf_Curl_Virus,7,Tomato___Late_blight,2,False,0.9989548921585083,2.0288071027607657e-05,Tomato___Early_blight,0.0008050730684772134,Tomato___Bacterial_spot,0.00013355309783946723,HIGH,MISCLASSIFICATION
TRACK_D_CROSS_CROP,Tomato,cross_crop_grape_to_tomato,Grape Held-Out Test,D:\CropDiseaseProject\grape_2024\leaf blight\leaf blight454.jpg,Cross-Crop: Grape,-1,Tomato___Early_blight,1,False,0.998950183391571,0.0,Tomato___Late_blight,0.0007087201811373234,Tomato___Target_Spot,0.0002857500221580267,N/A,CROSS_CROP_FALSE_ALARM
TRACK_D_CROSS_CROP,Sugarcane,cross_crop_tomato_to_sugarcane,Tomato Held-Out Test,D:\CropDiseaseProject\tomato_plantvillage\Tomato___Late_blight\16984239-2e67-407e-b600-4a3666500534___RS_Late.B 5182.JPG,Cross-Crop: Tomato,-1,Yellow Leaf Disease,10,False,0.9988466501235962,0.0,Healthy Leaves,0.0003465850022621453,Rust (Brown Rust),0.00030268478440120816,N/A,CROSS_CROP_FALSE_ALARM
TRACK_B_EXTERNAL,Grape,external_grape,AI-Challenger-2018-Grape,D:\CropDiseaseProject\results\model_robustness_audit\audit_images\track_b_external\grape\Esca (Black Measles)\baliwaka_00000015.jpg,Esca (Black Measles),3,Healthy Leaves,4,False,0.9988275170326233,0.0004295100225135684,Powdery Mildew,0.0006890390650369227,Esca (Black Measles),0.0004295100225135684,HIGH,MISCLASSIFICATION
TRACK_B_EXTERNAL,Tomato,external_tomato,Tomato_Leaf_Disease_Dataset_Pakistan,D:\CropDiseaseProject\results\model_robustness_audit\audit_images\track_b_external\tomato\Tomato___Septoria_leaf_spot\pak_66e7583ebe11cf0bd06435e4167bd4fd.jpg,Tomato___Septoria_leaf_spot,4,Tomato___Early_blight,1,False,0.998826801776886,0.0008169256616383791,Tomato___Septoria_leaf_spot,0.0008169256616383791,Tomato___Late_blight,0.00034555612364783883,HIGH,MISCLASSIFICATION
TRACK_D_UNRELATED,Grape,unrelated_non_leaf,OpenCV Standard Non-Leaf Benchmark,D:\CropDiseaseProject\results\model_robustness_audit\audit_images\track_d_unrelated\detect_blob.png,Unrelated / Non-Leaf,-1,Healthy Leaves,4,False,0.998805046081543,0.0,Leaf Blight,0.0006424709572456777,Esca (Black Measles),0.0005416544154286385,N/A,UNRELATED_FALSE_ALARM
TRACK_C_REALWORLD,Tomato,realworld_tomato,FARMER_FIELD_PHOTO,D:\CropDiseaseProject\results\model_robustness_audit\audit_images\track_c_realworld\tomato\Tomato___Leaf_Mold\pak_field_IMG-20240724-WA0114.jpg,Tomato___Leaf_Mold,3,Tomato___Late_blight,2,False,0.9987934827804565,3.2009773304197964e-11,Tomato___Septoria_leaf_spot,0.0007009417749941349,Tomato___Early_blight,0.00031253177439793944,MEDIUM,MISCLASSIFICATION
TRACK_C_REALWORLD,Tomato,realworld_tomato,FARMER_FIELD_PHOTO,D:\CropDiseaseProject\results\model_robustness_audit\audit_images\track_c_realworld\tomato\Tomato___Tomato_Yellow_Leaf_Curl_Virus\pak_field_IMG_20251102_160553.jpg,Tomato___Tomato_Yellow_Leaf_Curl_Virus,7,Tomato___Late_blight,2,False,0.998721182346344,1.033947501127841e-05,Tomato___Early_blight,0.0010276068933308125,Tomato___Septoria_leaf_spot,0.00015368638560175896,HIGH,MISCLASSIFICATION
TRACK_D_CROSS_CROP,Sugarcane,cross_crop_chilli_to_sugarcane,Chilli Held-Out Test,D:\CropDiseaseProject\chilli_cold\cerocospora\IMG_5082.JPG,Cross-Crop: Chilli,-1,Pokkah Boeng,5,False,0.9987051486968994,0.0,Yellow Leaf Disease,0.0010612040059641004,Healthy Leaves,0.0001844623766373843,N/A,CROSS_CROP_FALSE_ALARM
TRACK_D_UNRELATED,Sugarcane,unrelated_non_leaf,OpenCV Standard Non-Leaf Benchmark,D:\CropDiseaseProject\results\model_robustness_audit\audit_images\track_d_unrelated\graf1.png,Unrelated / Non-Leaf,-1,Red Rot,6,False,0.9986592531204224,0.0,Brown Spot,0.001221380545757711,Smut,7.124731928342953e-05,N/A,UNRELATED_FALSE_ALARM
TRACK_D_UNRELATED,Grape,unrelated_non_leaf,OpenCV Standard Non-Leaf Benchmark,D:\CropDiseaseProject\results\model_robustness_audit\audit_images\track_d_unrelated\chessboard.png,Unrelated / Non-Leaf,-1,Healthy Leaves,4,False,0.9986251592636108,0.0,Powdery Mildew,0.0009604360675439239,Downy Mildew,0.000292404176434502,N/A,UNRELATED_FALSE_ALARM
TRACK_B_EXTERNAL,Grape,external_grape,AI-Challenger-2018-Grape,D:\CropDiseaseProject\results\model_robustness_audit\audit_images\track_b_external\grape\Leaf Blight\baliwaka_00000030.jpg,Leaf Blight,5,Powdery Mildew,6,False,0.9985490441322327,0.0006749149761162698,Leaf Blight,0.0006749149761162698,Esca (Black Measles),0.0002903373970184475,HIGH,MISCLASSIFICATION
TRACK_D_UNRELATED,Grape,unrelated_non_leaf,OpenCV Standard Non-Leaf Benchmark,D:\CropDiseaseProject\results\model_robustness_audit\audit_images\track_d_unrelated\starry_night.jpg,Unrelated / Non-Leaf,-1,Bacterial Leaf Spot,0,False,0.9985111355781555,0.0,Healthy Leaves,0.0013604825362563133,Downy Mildew,0.00012786091247107834,N/A,UNRELATED_FALSE_ALARM
TRACK_B_EXTERNAL,Tomato,external_tomato,Tomato_Leaf_Disease_Dataset_Pakistan,D:\CropDiseaseProject\results\model_robustness_audit\audit_images\track_b_external\tomato\Tomato___Leaf_Mold\pak_IMG-20240724-WA0052.jpg,Tomato___Leaf_Mold,3,Tomato___Early_blight,1,False,0.9984918832778931,1.9261625627819967e-09,Tomato___Tomato_Yellow_Leaf_Curl_Virus,0.0014667876530438662,Tomato___Septoria_leaf_spot,2.473680433467962e-05,HIGH,MISCLASSIFICATION
TRACK_C_REALWORLD,Tomato,realworld_tomato,INTERNET_PLANTDOC_TEST,D:\CropDiseaseProject\results\model_robustness_audit\audit_images\track_c_realworld\tomato\Tomato___Leaf_Mold\pd_real_fungus-univ-of-minnesoeta.jpg,Tomato___Leaf_Mold,3,Tomato___Late_blight,2,False,0.9984866380691528,4.904419620288536e-05,Tomato___Early_blight,0.0012181788915768266,Tomato___Tomato_Yellow_Leaf_Curl_Virus,0.0001539693184895441,MEDIUM,MISCLASSIFICATION
TRACK_B_EXTERNAL,Tomato,external_tomato,PlantDoc-Dataset,D:\CropDiseaseProject\results\model_robustness_audit\audit_images\track_b_external\tomato\Tomato___Bacterial_spot\plantdoc_Bacterial_spots2276.jpg,Tomato___Bacterial_spot,0,Tomato___Late_blight,2,False,0.9983702301979065,3.466873010893323e-08,Tomato___Early_blight,0.001629426027648151,Tomato___Target_Spot,4.0353916119784117e-07,HIGH,MISCLASSIFICATION
TRACK_B_EXTERNAL,Tomato,external_tomato,Tomato_Leaf_Disease_Dataset_Pakistan,D:\CropDiseaseProject\results\model_robustness_audit\audit_images\track_b_external\tomato\Tomato___healthy\pak_HL_(5).jpg,Tomato___healthy,9,Tomato___Late_blight,2,False,0.9983331561088562,2.150042746507097e-05,Tomato___Early_blight,0.0014643714530393481,Tomato___Tomato_Yellow_Leaf_Curl_Virus,0.00013086048420518637,HIGH,MISCLASSIFICATION
TRACK_C_REALWORLD,Grape,realworld_grape,VINEYARD_FIELD_PHOTO,D:\CropDiseaseProject\results\model_robustness_audit\audit_images\track_c_realworld\grape\Leaf Blight\vineyard_00000047.jpg,Leaf Blight,5,Powdery Mildew,6,False,0.998279333114624,2.289147232659161e-06,Downy Mildew,0.0013583279214799404,Healthy Leaves,0.0003451871161814779,HIGH,MISCLASSIFICATION
TRACK_B_EXTERNAL,Tomato,external_tomato,Sylhet-Tomato-Dataset,D:\CropDiseaseProject\results\model_robustness_audit\audit_images\track_b_external\tomato\Tomato___Target_Spot\rk_sau_IMG_0346_JPG.rf.6ae1c332df1fd4934adad662101ffd45.jpg,Tomato___Target_Spot,6,Tomato___Early_blight,1,False,0.9982482194900513,3.943031572362088e-07,Tomato___Late_blight,0.0017190277576446533,Tomato___Bacterial_spot,2.1411107809399255e-05,HIGH,MISCLASSIFICATION
TRACK_B_EXTERNAL,Tomato,external_tomato,Tomato_Leaf_Disease_Dataset_Pakistan,D:\CropDiseaseProject\results\model_robustness_audit\audit_images\track_b_external\tomato\Tomato___Tomato_Yellow_Leaf_Curl_Virus\pak_IMG_20251102_155049.jpg,Tomato___Tomato_Yellow_Leaf_Curl_Virus,7,Tomato___Late_blight,2,False,0.9981160163879395,1.0642533077032112e-08,Tomato___Early_blight,0.0018776949727907777,Tomato___Septoria_leaf_spot,5.7880033637047745e-06,HIGH,MISCLASSIFICATION
TRACK_D_UNRELATED,Chilli,unrelated_non_leaf,OpenCV Standard Non-Leaf Benchmark,D:\CropDiseaseProject\results\model_robustness_audit\audit_images\track_d_unrelated\butterfly.jpg,Unrelated / Non-Leaf,-1,cerocospora,0,False,0.998089611530304,0.0,healthy,0.0013836026191711426,nutritional deficiency,0.0004745733749587089,N/A,UNRELATED_FALSE_ALARM
TRACK_C_REALWORLD,Tomato,realworld_tomato,INTERNET_PLANTDOC_TEST,D:\CropDiseaseProject\results\model_robustness_audit\audit_images\track_c_realworld\tomato\Tomato___Bacterial_spot\pd_real_Tom_Bact3.jpg,Tomato___Bacterial_spot,0,Tomato___Late_blight,2,False,0.9980644583702087,0.0002799986978061497,Tomato___Early_blight,0.0008947887690737844,Tomato___Tomato_Yellow_Leaf_Curl_Virus,0.000636021897662431,HIGH,MISCLASSIFICATION
TRACK_B_EXTERNAL,Tomato,external_tomato,PlantDoc-Dataset,D:\CropDiseaseProject\results\model_robustness_audit\audit_images\track_b_external\tomato\Tomato___Tomato_mosaic_virus\plantdoc_fig2-2k11-1-12.jpg,Tomato___Tomato_mosaic_virus,8,Tomato___Late_blight,2,False,0.9980396628379822,3.095535763483759e-12,Tomato___Leaf_Mold,0.0011392486048862338,Tomato___Early_blight,0.0002473075583111495,HIGH,MISCLASSIFICATION
TRACK_D_UNRELATED,Grape,unrelated_non_leaf,OpenCV Standard Non-Leaf Benchmark,D:\CropDiseaseProject\results\model_robustness_audit\audit_images\track_d_unrelated\left01.jpg,Unrelated / Non-Leaf,-1,Healthy Leaves,4,False,0.9979268312454224,0.0,Bacterial Leaf Spot,0.0015464359894394875,Powdery Mildew,0.0005221621249802411,N/A,UNRELATED_FALSE_ALARM
TRACK_D_UNRELATED,Chilli,unrelated_non_leaf,OpenCV Standard Non-Leaf Benchmark,D:\CropDiseaseProject\results\model_robustness_audit\audit_images\track_d_unrelated\smarties.png,Unrelated / Non-Leaf,-1,cerocospora,0,False,0.9978602528572083,0.0,healthy,0.0010502709774300456,nutritional deficiency,0.0007032885332591832,N/A,UNRELATED_FALSE_ALARM
TRACK_C_REALWORLD,Tomato,realworld_tomato,FARMER_FIELD_PHOTO,D:\CropDiseaseProject\results\model_robustness_audit\audit_images\track_c_realworld\tomato\Tomato___Septoria_leaf_spot\pak_field_Gls11_mirror_vertical.jpg,Tomato___Septoria_leaf_spot,4,Tomato___Early_blight,1,False,0.9978316426277161,0.0003960969625040889,Tomato___Late_blight,0.0016747952904552221,Tomato___Septoria_leaf_spot,0.0003960969625040889,HIGH,MISCLASSIFICATION
TRACK_C_REALWORLD,Tomato,realworld_tomato,INTERNET_PLANTDOC_TEST,D:\CropDiseaseProject\results\model_robustness_audit\audit_images\track_c_realworld\tomato\Tomato___healthy\pd_real_1684.jpg,Tomato___healthy,9,Tomato___Late_blight,2,False,0.9977487921714783,5.889900567268569e-09,Tomato___Bacterial_spot,0.0011736770393326879,Tomato___Septoria_leaf_spot,0.000954742543399334,HIGH,MISCLASSIFICATION
TRACK_D_UNRELATED,Tomato,unrelated_non_leaf,OpenCV Standard Non-Leaf Benchmark,D:\CropDiseaseProject\results\model_robustness_audit\audit_images\track_d_unrelated\baboon.jpg,Unrelated / Non-Leaf,-1,Tomato___Tomato_Yellow_Leaf_Curl_Virus,7,False,0.9977259039878845,0.0,Tomato___Septoria_leaf_spot,0.0010729825589805841,Tomato___Early_blight,0.0006119495374150574,N/A,UNRELATED_FALSE_ALARM
TRACK_B_EXTERNAL,Tomato,external_tomato,Sylhet-Tomato-Dataset,D:\CropDiseaseProject\results\model_robustness_audit\audit_images\track_b_external\tomato\Tomato___Target_Spot\rk_sau_IMG_0346_JPG.rf.e7fea6d4b98411c714c1975ad9f20108.jpg,Tomato___Target_Spot,6,Tomato___Early_blight,1,False,0.9976682066917419,6.981604769862315e-07,Tomato___Late_blight,0.0022582807578146458,Tomato___Bacterial_spot,4.137978976359591e-05,HIGH,MISCLASSIFICATION
TRACK_B_EXTERNAL,Grape,external_grape,AI-Challenger-2018-Grape,D:\CropDiseaseProject\results\model_robustness_audit\audit_images\track_b_external\grape\Esca (Black Measles)\baliwaka_00000019.jpg,Esca (Black Measles),3,Downy Mildew,2,False,0.9976304769515991,1.5663608792237937e-05,Healthy Leaves,0.0013971105217933655,Bacterial Leaf Spot,0.0008460245444439352,HIGH,MISCLASSIFICATION
TRACK_D_UNRELATED,Grape,unrelated_non_leaf,OpenCV Standard Non-Leaf Benchmark,D:\CropDiseaseProject\results\model_robustness_audit\audit_images\track_d_unrelated\baboon.jpg,Unrelated / Non-Leaf,-1,Bacterial Leaf Spot,0,False,0.9975723624229431,0.0,Downy Mildew,0.0012999639147892594,Leaf Blight,0.0005777468904852867,N/A,UNRELATED_FALSE_ALARM
TRACK_B_EXTERNAL,Tomato,external_tomato,PlantDoc-Dataset,D:\CropDiseaseProject\results\model_robustness_audit\audit_images\track_b_external\tomato\Tomato___Bacterial_spot\plantdoc_Bacterial-speck-tomato-leaves.jpg,Tomato___Bacterial_spot,0,Tomato___Septoria_leaf_spot,4,False,0.9974473714828491,0.00012560847972054034,Tomato___Early_blight,0.00238249939866364,Tomato___Bacterial_spot,0.00012560847972054034,HIGH,MISCLASSIFICATION
TRACK_D_CROSS_CROP,Tomato,cross_crop_chilli_to_tomato,Chilli Held-Out Test,D:\CropDiseaseProject\chilli_cold\cerocospora\IMG_5082.JPG,Cross-Crop: Chilli,-1,Tomato___Early_blight,1,False,0.9974096417427063,0.0,Tomato___Tomato_Yellow_Leaf_Curl_Virus,0.002224080730229616,Tomato___Late_blight,0.00023599510313943028,N/A,CROSS_CROP_FALSE_ALARM
TRACK_C_REALWORLD,Tomato,realworld_tomato,INTERNET_PLANTDOC_TEST,D:\CropDiseaseProject\results\model_robustness_audit\audit_images\track_c_realworld\tomato\Tomato___Tomato_mosaic_virus\pd_real_tmv-tomato-9.jpg,Tomato___Tomato_mosaic_virus,8,Tomato___Late_blight,2,False,0.997389018535614,4.6796810693194857e-07,Tomato___Early_blight,0.0014959258260205388,Tomato___healthy,0.0007009197724983096,MEDIUM,MISCLASSIFICATION
TRACK_B_EXTERNAL,Tomato,external_tomato,PlantDoc-Dataset,D:\CropDiseaseProject\results\model_robustness_audit\audit_images\track_b_external\tomato\Tomato___Bacterial_spot\plantdoc_BCH_20small_20thumbnail_20for_20upload_20_2814_29.jpg,Tomato___Bacterial_spot,0,Tomato___Early_blight,1,False,0.9970999956130981,5.508840695256367e-05,Tomato___Septoria_leaf_spot,0.0020484549459069967,Tomato___Late_blight,0.0007922943332232535,HIGH,MISCLASSIFICATION
TRACK_B_EXTERNAL,Tomato,external_tomato,Tomato_Leaf_Disease_Dataset_Pakistan,D:\CropDiseaseProject\results\model_robustness_audit\audit_images\track_b_external\tomato\Tomato___Septoria_leaf_spot\pak_5866245865865216.jpeg.jpg,Tomato___Septoria_leaf_spot,4,Tomato___Early_blight,1,False,0.9970299005508423,1.3430460967356339e-05,Tomato___Late_blight,0.0026459030341356993,Tomato___Bacterial_spot,0.00027538902941159904,HIGH,MISCLASSIFICATION
TRACK_C_REALWORLD,Grape,realworld_grape,INTERNET_PLANTDOC_TEST,D:\CropDiseaseProject\results\model_robustness_audit\audit_images\track_c_realworld\grape\Black Rot\pd_real_35589125035_662dd5b258_b.jpg,Black Rot,1,Healthy Leaves,4,False,0.9968113303184509,0.0001312558597419411,Esca (Black Measles),0.0023553783539682627,Leaf Blight,0.0006834766245447099,HIGH,MISCLASSIFICATION
TRACK_B_EXTERNAL,Tomato,external_tomato,Tomato_Leaf_Disease_Dataset_Pakistan,D:\CropDiseaseProject\results\model_robustness_audit\audit_images\track_b_external\tomato\Tomato___Septoria_leaf_spot\pak_5454635393351680.jpeg.jpg,Tomato___Septoria_leaf_spot,4,Tomato___Early_blight,1,False,0.9966848492622375,2.457333539496176e-05,Tomato___Late_blight,0.00317050376906991,Tomato___Bacterial_spot,0.00011958586401306093,HIGH,MISCLASSIFICATION
TRACK_D_CROSS_CROP,Tomato,cross_crop_grape_to_tomato,Grape Held-Out Test,D:\CropDiseaseProject\grape_2024\esca\esca871.jpg,Cross-Crop: Grape,-1,Tomato___Late_blight,2,False,0.9964796900749207,0.0,Tomato___Early_blight,0.0032279579900205135,Tomato___Bacterial_spot,0.0002901617845054716,N/A,CROSS_CROP_FALSE_ALARM
TRACK_B_EXTERNAL,Grape,external_grape,AI-Challenger-2018-Grape,D:\CropDiseaseProject\results\model_robustness_audit\audit_images\track_b_external\grape\Black Rot\baliwaka_00000003.jpg,Black Rot,1,Healthy Leaves,4,False,0.9964627623558044,9.911286906572059e-05,Esca (Black Measles),0.0017347346292808652,Downy Mildew,0.0007801576284691691,HIGH,MISCLASSIFICATION
TRACK_B_EXTERNAL,Grape,external_grape,GLDD-Dataset,D:\CropDiseaseProject\results\model_robustness_audit\audit_images\track_b_external\grape\Downy Mildew\gldd_5602380-PPT_jpg.rf.c15352f7d6af8017ae6f3653f5fd7cdc.jpg,Downy Mildew,2,Healthy Leaves,4,False,0.9962912797927856,6.429597476653726e-08,Powdery Mildew,0.0037067860830575228,Bacterial Leaf Spot,1.9275278191344114e-06,HIGH,MISCLASSIFICATION
TRACK_D_CROSS_CROP,Tomato,cross_crop_sugarcane_to_tomato,Sugarcane Held-Out Test,D:\CropDiseaseProject\sugarcane_maharashtra\Mosaic\mosaic (63).jpeg,Cross-Crop: Sugarcane,-1,Tomato___Tomato_Yellow_Leaf_Curl_Virus,7,False,0.9962490200996399,0.0,Tomato___Late_blight,0.0037448639050126076,Tomato___Early_blight,3.1678600862505846e-06,N/A,CROSS_CROP_FALSE_ALARM
TRACK_D_CROSS_CROP,Tomato,cross_crop_sugarcane_to_tomato,Sugarcane Held-Out Test,D:\CropDiseaseProject\sugarcane_large\Diseases\Brown Spot\image904.jpg,Cross-Crop: Sugarcane,-1,Tomato___Tomato_Yellow_Leaf_Curl_Virus,7,False,0.9961512684822083,0.0,Tomato___Leaf_Mold,0.0037864430341869593,Tomato___Late_blight,5.6598441005917266e-05,N/A,CROSS_CROP_FALSE_ALARM
TRACK_C_REALWORLD,Grape,realworld_grape,VINEYARD_FIELD_PHOTO,D:\CropDiseaseProject\results\model_robustness_audit\audit_images\track_c_realworld\grape\Leaf Blight\vineyard_00000056.jpg,Leaf Blight,5,Powdery Mildew,6,False,0.9959388971328735,0.00012313388288021088,Healthy Leaves,0.0021106929052621126,Bacterial Leaf Spot,0.0010498719057068229,HIGH,MISCLASSIFICATION
TRACK_B_EXTERNAL,Tomato,external_tomato,Tomato_Leaf_Disease_Dataset_Pakistan,D:\CropDiseaseProject\results\model_robustness_audit\audit_images\track_b_external\tomato\Tomato___healthy\pak_20140818-tomato-sauce-vicky-wasik-1.jpg,Tomato___healthy,9,Tomato___Early_blight,1,False,0.99592125415802,9.333345207807042e-11,Tomato___Late_blight,0.003773635718971491,Tomato___Bacterial_spot,0.00017461033712606877,HIGH,MISCLASSIFICATION
TRACK_D_CROSS_CROP,Grape,cross_crop_sugarcane_to_grape,Sugarcane Held-Out Test,D:\CropDiseaseProject\sugarcane_large\Diseases\Brown Spot\image1699.jpg,Cross-Crop: Sugarcane,-1,Bacterial Leaf Spot,0,False,0.9956974983215332,0.0,Esca (Black Measles),0.0028489716351032257,Leaf Blight,0.0008279042085632682,N/A,CROSS_CROP_FALSE_ALARM
TRACK_C_REALWORLD,Tomato,realworld_tomato,FARMER_FIELD_PHOTO,D:\CropDiseaseProject\results\model_robustness_audit\audit_images\track_c_realworld\tomato\Tomato___Leaf_Mold\pak_field_IMG-20240724-WA0109.jpg,Tomato___Leaf_Mold,3,Tomato___Late_blight,2,False,0.9956886172294617,4.665082542487653e-07,Tomato___Early_blight,0.0028784319292753935,Tomato___healthy,0.0009246942936442792,MEDIUM,MISCLASSIFICATION
TRACK_D_CROSS_CROP,Grape,cross_crop_sugarcane_to_grape,Sugarcane Held-Out Test,D:\CropDiseaseProject\sugarcane_large\Diseases\Brown Spot\image635.jpg,Cross-Crop: Sugarcane,-1,Bacterial Leaf Spot,0,False,0.9956747889518738,0.0,Leaf Blight,0.004070804920047522,Powdery Mildew,0.0001385828945785761,N/A,CROSS_CROP_FALSE_ALARM
TRACK_D_UNRELATED,Tomato,unrelated_non_leaf,OpenCV Standard Non-Leaf Benchmark,D:\CropDiseaseProject\results\model_robustness_audit\audit_images\track_d_unrelated\smarties.png,Unrelated / Non-Leaf,-1,Tomato___Late_blight,2,False,0.9956642985343933,0.0,Tomato___Tomato_mosaic_virus,0.003149143885821104,Tomato___Septoria_leaf_spot,0.0007802736363373697,N/A,UNRELATED_FALSE_ALARM
TRACK_B_EXTERNAL,Tomato,external_tomato,Tomato_Leaf_Disease_Dataset_Pakistan,D:\CropDiseaseProject\results\model_robustness_audit\audit_images\track_b_external\tomato\Tomato___Leaf_Mold\pak_IMG-20240724-WA0072.jpg,Tomato___Leaf_Mold,3,Tomato___Late_blight,2,False,0.9954132437705994,5.770163511442661e-07,Tomato___Tomato_Yellow_Leaf_Curl_Virus,0.002350440016016364,Tomato___Early_blight,0.0017883951077237725,HIGH,MISCLASSIFICATION
TRACK_C_REALWORLD,Tomato,realworld_tomato,FARMER_FIELD_PHOTO,D:\CropDiseaseProject\results\model_robustness_audit\audit_images\track_c_realworld\tomato\Tomato___Early_blight\pak_field_IMG_20251102_154008.jpg,Tomato___Early_blight,1,Tomato___Late_blight,2,False,0.9953373670578003,0.0023394052404910326,Tomato___Early_blight,0.0023394052404910326,Tomato___Bacterial_spot,0.0018402329878881574,HIGH,MISCLASSIFICATION
TRACK_B_EXTERNAL,Grape,external_grape,GLDD-Dataset,D:\CropDiseaseProject\results\model_robustness_audit\audit_images\track_b_external\grape\Powdery Mildew\gldd_8d702eb5-6cac-4bc7-b9eb-2c1a12f120b2_jpg.rf.a905e16df132fc85fb7d08ca9ada2e01.jpg,Powdery Mildew,6,Healthy Leaves,4,False,0.9951209425926208,0.0003558322787284851,Black Rot,0.0039764330722391605,Powdery Mildew,0.0003558322787284851,HIGH,MISCLASSIFICATION
TRACK_C_REALWORLD,Grape,realworld_grape,VINEYARD_FIELD_PHOTO,D:\CropDiseaseProject\results\model_robustness_audit\audit_images\track_c_realworld\grape\Leaf Blight\vineyard_00000052.jpg,Leaf Blight,5,Powdery Mildew,6,False,0.9949820637702942,0.00010325515177100897,Healthy Leaves,0.004025935661047697,Esca (Black Measles),0.0004566037096083164,HIGH,MISCLASSIFICATION
TRACK_B_EXTERNAL,Tomato,external_tomato,Sylhet-Tomato-Dataset,D:\CropDiseaseProject\results\model_robustness_audit\audit_images\track_b_external\tomato\Tomato___Target_Spot\rk_sau_IMG_0346_JPG.rf.1443fd746129b6fa4610613efd804522.jpg,Tomato___Target_Spot,6,Tomato___Early_blight,1,False,0.9948968291282654,3.792527422774583e-06,Tomato___Late_blight,0.004903269000351429,Tomato___Bacterial_spot,0.00015638614422641695,HIGH,MISCLASSIFICATION
TRACK_B_EXTERNAL,Grape,external_grape,GLDD-Dataset,D:\CropDiseaseProject\results\model_robustness_audit\audit_images\track_b_external\grape\Downy Mildew\gldd_5602361-PPT_jpg.rf.e84ffe7d82bff858a6542f5a92fe77d9.jpg,Downy Mildew,2,Healthy Leaves,4,False,0.9947711825370789,8.319576636495185e-07,Black Rot,0.0048417323268949986,Bacterial Leaf Spot,0.00028327718609943986,HIGH,MISCLASSIFICATION
TRACK_C_REALWORLD,Tomato,realworld_tomato,FARMER_FIELD_PHOTO,D:\CropDiseaseProject\results\model_robustness_audit\audit_images\track_c_realworld\tomato\Tomato___Leaf_Mold\pak_field_IMG-20240725-WA0031.jpg,Tomato___Leaf_Mold,3,Tomato___Early_blight,1,False,0.9947015047073364,2.3243051145982463e-06,Tomato___Late_blight,0.0035537797957658768,Tomato___Septoria_leaf_spot,0.0011195093393325806,MEDIUM,MISCLASSIFICATION
TRACK_B_EXTERNAL,Grape,external_grape,GLDD-Dataset,D:\CropDiseaseProject\results\model_robustness_audit\audit_images\track_b_external\grape\Powdery Mildew\gldd_6c0c9c4f-5c20-487f-8482-ad1f1a141ec5_jpg.rf.152a7f2a3d5e58233d389f7586518d23.jpg,Powdery Mildew,6,Healthy Leaves,4,False,0.9943743944168091,0.000206060751224868,Bacterial Leaf Spot,0.003687236225232482,Esca (Black Measles),0.0015495422994717956,HIGH,MISCLASSIFICATION
TRACK_D_CROSS_CROP,Tomato,cross_crop_chilli_to_tomato,Chilli Held-Out Test,D:\CropDiseaseProject\chilli_cold\murda complex\IMG_4750.JPG,Cross-Crop: Chilli,-1,Tomato___Early_blight,1,False,0.9943634271621704,0.0,Tomato___Late_blight,0.005636383779346943,Tomato___Bacterial_spot,1.677480696571365e-07,N/A,CROSS_CROP_FALSE_ALARM
TRACK_C_REALWORLD,Grape,realworld_grape,VINEYARD_FIELD_PHOTO,D:\CropDiseaseProject\results\model_robustness_audit\audit_images\track_c_realworld\grape\Leaf Blight\vineyard_00000058.jpg,Leaf Blight,5,Powdery Mildew,6,False,0.9943453669548035,0.0008736596792005002,Downy Mildew,0.0016454152064397931,Healthy Leaves,0.001404811511747539,HIGH,MISCLASSIFICATION
TRACK_B_EXTERNAL,Grape,external_grape,AI-Challenger-2018-Grape,D:\CropDiseaseProject\results\model_robustness_audit\audit_images\track_b_external\grape\Leaf Blight\baliwaka_00000004.jpg,Leaf Blight,5,Powdery Mildew,6,False,0.9943437576293945,0.0017377155600115657,Healthy Leaves,0.002367530483752489,Leaf Blight,0.0017377155600115657,HIGH,MISCLASSIFICATION
TRACK_D_CROSS_CROP,Sugarcane,cross_crop_grape_to_sugarcane,Grape Held-Out Test,D:\CropDiseaseProject\grape_2024\esca\esca837.jpg,Cross-Crop: Grape,-1,Smut,9,False,0.9943079352378845,0.0,Pokkah Boeng,0.0021328721195459366,Red Rot,0.002058367244899273,N/A,CROSS_CROP_FALSE_ALARM
TRACK_D_UNRELATED,Tomato,unrelated_non_leaf,OpenCV Standard Non-Leaf Benchmark,D:\CropDiseaseProject\results\model_robustness_audit\audit_images\track_d_unrelated\graf1.png,Unrelated / Non-Leaf,-1,Tomato___Early_blight,1,False,0.994293212890625,0.0,Tomato___Late_blight,0.00499157328158617,Tomato___Tomato_Yellow_Leaf_Curl_Virus,0.0005967283505015075,N/A,UNRELATED_FALSE_ALARM
TRACK_A_INTERNAL,Grape,grape_2024,grape_2024,D:\CropDiseaseProject\grape_2024\leaf blight\leaf blight021.jpg,Leaf Blight,5,Black Rot,1,False,0.993977427482605,0.0056781573221087,Leaf Blight,0.0056781573221087,Esca (Black Measles),0.0003315748472232,HIGH,MISCLASSIFICATION
TRACK_D_CROSS_CROP,Tomato,cross_crop_chilli_to_tomato,Chilli Held-Out Test,D:\CropDiseaseProject\chilli_cold\powdery mildew\IMG_5678.JPG,Cross-Crop: Chilli,-1,Tomato___Late_blight,2,False,0.9938850998878479,0.0,Tomato___Early_blight,0.0050382609479129314,Tomato___Leaf_Mold,0.0008054011850617826,N/A,CROSS_CROP_FALSE_ALARM
TRACK_C_REALWORLD,Tomato,realworld_tomato,FARMER_FIELD_PHOTO,D:\CropDiseaseProject\results\model_robustness_audit\audit_images\track_c_realworld\tomato\Tomato___Leaf_Mold\pak_field_IMG-20240725-WA0033.jpg,Tomato___Leaf_Mold,3,Tomato___Late_blight,2,False,0.9934074878692627,1.0359352264899258e-09,Tomato___Early_blight,0.0033287403639405966,Tomato___Septoria_leaf_spot,0.0030329767614603043,MEDIUM,MISCLASSIFICATION
TRACK_C_REALWORLD,Tomato,realworld_tomato,INTERNET_PLANTDOC_TEST,D:\CropDiseaseProject\results\model_robustness_audit\audit_images\track_c_realworld\tomato\Tomato___healthy\pd_real_Tomato_leaf.jpg,Tomato___healthy,9,Tomato___Late_blight,2,False,0.9933282136917114,0.0003614028391893953,Tomato___Early_blight,0.0033569582737982273,Tomato___Tomato_Yellow_Leaf_Curl_Virus,0.0026038531213998795,HIGH,MISCLASSIFICATION
TRACK_B_EXTERNAL,Tomato,external_tomato,Tomato_Leaf_Disease_Dataset_Pakistan,D:\CropDiseaseProject\results\model_robustness_audit\audit_images\track_b_external\tomato\Tomato___healthy\pak_HL_(71).jpg,Tomato___healthy,9,Tomato___Early_blight,1,False,0.9930128455162048,6.442789552731087e-13,Tomato___Late_blight,0.006224518176168203,Tomato___Tomato_Yellow_Leaf_Curl_Virus,0.0007373932749032974,HIGH,MISCLASSIFICATION
TRACK_A_INTERNAL,Sugarcane,sugarcane_maharashtra,sugarcane_maharashtra,D:\CropDiseaseProject\sugarcane_maharashtra\Yellow\yellow (483).jpeg,Yellow Leaf Disease,10,Mosaic / Viral Disease,4,False,0.9929468035697936,0.0034682159312069,Yellow Leaf Disease,0.0034682159312069,Healthy Leaves,0.0032547779846936,HIGH,MISCLASSIFICATION
TRACK_C_REALWORLD,Sugarcane,realworld_sugarcane,SUGARCANE_FIELD_PHOTO,D:\CropDiseaseProject\results\model_robustness_audit\audit_images\track_c_realworld\sugarcane\Healthy Leaves\sc_field_S_H-34-_jpg.rf.aefd3e450b0914dd837ebba39dd2fb37.jpg,Healthy Leaves,3,Brown Spot,1,False,0.9923345446586609,0.005288474727421999,Healthy Leaves,0.005288474727421999,Pokkah Boeng,0.0019228624878451228,HIGH,MISCLASSIFICATION
TRACK_D_CROSS_CROP,Tomato,cross_crop_sugarcane_to_tomato,Sugarcane Held-Out Test,D:\CropDiseaseProject\sugarcane_large\Diseases\Brown Spot\image635.jpg,Cross-Crop: Sugarcane,-1,Tomato___Tomato_Yellow_Leaf_Curl_Virus,7,False,0.9922996163368225,0.0,Tomato___Late_blight,0.007631649728864431,Tomato___Leaf_Mold,6.347997987177223e-05,N/A,CROSS_CROP_FALSE_ALARM
TRACK_D_CROSS_CROP,Tomato,cross_crop_chilli_to_tomato,Chilli Held-Out Test,D:\CropDiseaseProject\chilli_cold\cerocospora\IMG_4624.JPG,Cross-Crop: Chilli,-1,Tomato___Early_blight,1,False,0.9921851754188538,0.0,Tomato___Late_blight,0.007798913866281509,Tomato___Target_Spot,1.4250661479309201e-05,N/A,CROSS_CROP_FALSE_ALARM
TRACK_B_EXTERNAL,Grape,external_grape,AI-Challenger-2018-Grape,D:\CropDiseaseProject\results\model_robustness_audit\audit_images\track_b_external\grape\Esca (Black Measles)\baliwaka_00000017.jpg,Esca (Black Measles),3,Downy Mildew,2,False,0.9919522404670715,1.670198980718851e-05,Healthy Leaves,0.0038302422035485506,Powdery Mildew,0.0037011830136179924,HIGH,MISCLASSIFICATION
TRACK_D_CROSS_CROP,Tomato,cross_crop_sugarcane_to_tomato,Sugarcane Held-Out Test,D:\CropDiseaseProject\sugarcane_large\Diseases\Viral Disease\Viral Disease262.jpg,Cross-Crop: Sugarcane,-1,Tomato___Tomato_Yellow_Leaf_Curl_Virus,7,False,0.9917311072349548,0.0,Tomato___Late_blight,0.008246596902608871,Tomato___Leaf_Mold,2.2231353796087205e-05,N/A,CROSS_CROP_FALSE_ALARM
TRACK_C_REALWORLD,Tomato,realworld_tomato,INTERNET_PLANTDOC_TEST,D:\CropDiseaseProject\results\model_robustness_audit\audit_images\track_c_realworld\tomato\Tomato___healthy\pd_real_DSCN1015.JPG.jpg,Tomato___healthy,9,Tomato___Late_blight,2,False,0.9916980266571045,0.007403189782053232,Tomato___healthy,0.007403189782053232,Tomato___Early_blight,0.0005532048526220024,HIGH,MISCLASSIFICATION
TRACK_C_REALWORLD,Grape,realworld_grape,VINEYARD_FIELD_PHOTO,D:\CropDiseaseProject\results\model_robustness_audit\audit_images\track_c_realworld\grape\Leaf Blight\vineyard_00000048.jpg,Leaf Blight,5,Powdery Mildew,6,False,0.9912602305412292,0.00023665366461500525,Esca (Black Measles),0.006220784038305283,Downy Mildew,0.0019910919945687056,HIGH,MISCLASSIFICATION
TRACK_C_REALWORLD,Tomato,realworld_tomato,FARMER_FIELD_PHOTO,D:\CropDiseaseProject\results\model_robustness_audit\audit_images\track_c_realworld\tomato\Tomato___Septoria_leaf_spot\pak_field_earlyblightresize.jpg,Tomato___Septoria_leaf_spot,4,Tomato___Early_blight,1,False,0.9911786913871765,0.003421921283006668,Tomato___Late_blight,0.0049713109619915485,Tomato___Septoria_leaf_spot,0.003421921283006668,HIGH,MISCLASSIFICATION
TRACK_B_EXTERNAL,Tomato,external_tomato,PlantDoc-Dataset,D:\CropDiseaseProject\results\model_robustness_audit\audit_images\track_b_external\tomato\Tomato___Tomato_mosaic_virus\plantdoc_TNRV2.jpg,Tomato___Tomato_mosaic_virus,8,Tomato___Early_blight,1,False,0.9911008477210999,1.0798212324303336e-09,Tomato___Late_blight,0.007935742847621441,Tomato___Leaf_Mold,0.0009579648030921817,HIGH,MISCLASSIFICATION
TRACK_D_UNRELATED,Tomato,unrelated_non_leaf,OpenCV Standard Non-Leaf Benchmark,D:\CropDiseaseProject\results\model_robustness_audit\audit_images\track_d_unrelated\butterfly.jpg,Unrelated / Non-Leaf,-1,Tomato___Early_blight,1,False,0.9909608960151672,0.0,Tomato___Late_blight,0.0066854460164904594,Tomato___Spider_mites Two-spotted_spider_mite,0.0022524562664330006,N/A,UNRELATED_FALSE_ALARM
TRACK_B_EXTERNAL,Grape,external_grape,AI-Challenger-2018-Grape,D:\CropDiseaseProject\results\model_robustness_audit\audit_images\track_b_external\grape\Esca (Black Measles)\baliwaka_00000009.jpg,Esca (Black Measles),3,Powdery Mildew,6,False,0.9909608960151672,2.236451837234199e-05,Healthy Leaves,0.00898056011646986,Esca (Black Measles),2.236451837234199e-05,HIGH,MISCLASSIFICATION
TRACK_C_REALWORLD,Sugarcane,realworld_sugarcane,SUGARCANE_FIELD_PHOTO,D:\CropDiseaseProject\results\model_robustness_audit\audit_images\track_c_realworld\sugarcane\Healthy Leaves\sc_field_S_H-32-_jpg.rf.ae26a204e4ec6466b8a0e22ae7be8a67.jpg,Healthy Leaves,3,Mosaic / Viral Disease,4,False,0.9908279180526733,0.007790280506014824,Healthy Leaves,0.007790280506014824,Yellow Leaf Disease,0.0006196608883328736,HIGH,MISCLASSIFICATION
TRACK_B_EXTERNAL,Grape,external_grape,GLDD-Dataset,D:\CropDiseaseProject\results\model_robustness_audit\audit_images\track_b_external\grape\Powdery Mildew\gldd_20ff1f14-be9e-4a1b-bc79-b83804e37075_jpg.rf.6ad9c053ea41ca1a8462d1b69eae7275.jpg,Powdery Mildew,6,Healthy Leaves,4,False,0.9905897378921509,0.0004235495289321989,Esca (Black Measles),0.008515669964253902,Powdery Mildew,0.0004235495289321989,HIGH,MISCLASSIFICATION
TRACK_B_EXTERNAL,Grape,external_grape,GLDD-Dataset,D:\CropDiseaseProject\results\model_robustness_audit\audit_images\track_b_external\grape\Powdery Mildew\gldd_5d24d1fe-779a-4d4f-a58f-f2cd93e71ef6_jpg.rf.1beacdff61b5f7ea46bf296d7ba86037.jpg,Powdery Mildew,6,Healthy Leaves,4,False,0.9904852509498596,0.0004060291685163975,Esca (Black Measles),0.00735455984249711,Bacterial Leaf Spot,0.0017334652366116643,HIGH,MISCLASSIFICATION
TRACK_B_EXTERNAL,Tomato,external_tomato,PlantDoc-Dataset,D:\CropDiseaseProject\results\model_robustness_audit\audit_images\track_b_external\tomato\Tomato___Tomato_mosaic_virus\plantdoc_Tomato_2Bmosaic_2Bvirus.jpg,Tomato___Tomato_mosaic_virus,8,Tomato___Early_blight,1,False,0.9903565049171448,4.576725690054115e-15,Tomato___Late_blight,0.009518925100564957,Tomato___Target_Spot,9.845366730587557e-05,HIGH,MISCLASSIFICATION
TRACK_C_REALWORLD,Grape,realworld_grape,VINEYARD_FIELD_PHOTO,D:\CropDiseaseProject\results\model_robustness_audit\audit_images\track_c_realworld\grape\Esca (Black Measles)\vineyard_00000059.jpg,Esca (Black Measles),3,Powdery Mildew,6,False,0.9898504018783569,0.00042838105582632124,Healthy Leaves,0.00852260086685419,Downy Mildew,0.0009226182010024786,HIGH,MISCLASSIFICATION
TRACK_D_UNRELATED,Tomato,unrelated_non_leaf,OpenCV Standard Non-Leaf Benchmark,D:\CropDiseaseProject\results\model_robustness_audit\audit_images\track_d_unrelated\chessboard.png,Unrelated / Non-Leaf,-1,Tomato___Late_blight,2,False,0.9897276759147644,0.0,Tomato___Spider_mites Two-spotted_spider_mite,0.0089632049202919,Tomato___Early_blight,0.00125493120867759,N/A,UNRELATED_FALSE_ALARM
TRACK_C_REALWORLD,Tomato,realworld_tomato,INTERNET_PLANTDOC_TEST,D:\CropDiseaseProject\results\model_robustness_audit\audit_images\track_c_realworld\tomato\Tomato___Bacterial_spot\pd_real_tomato_bacterial-speck_01_zoom.jpg,Tomato___Bacterial_spot,0,Tomato___Early_blight,1,False,0.9896082282066345,0.0051211887039244175,Tomato___Bacterial_spot,0.0051211887039244175,Tomato___Septoria_leaf_spot,0.004903812427073717,HIGH,MISCLASSIFICATION
TRACK_B_EXTERNAL,Tomato,external_tomato,Sylhet-Tomato-Dataset,D:\CropDiseaseProject\results\model_robustness_audit\audit_images\track_b_external\tomato\Tomato___Target_Spot\rk_sau_IMG_0347_JPG.rf.2b716b4d55871bdd8ab15667086e8f48.jpg,Tomato___Target_Spot,6,Tomato___Early_blight,1,False,0.9895999431610107,8.676107086103002e-07,Tomato___Late_blight,0.010184074752032757,Tomato___Septoria_leaf_spot,0.00018848240142688155,HIGH,MISCLASSIFICATION
TRACK_D_CROSS_CROP,Sugarcane,cross_crop_tomato_to_sugarcane,Tomato Held-Out Test,D:\CropDiseaseProject\tomato_plantvillage\Tomato___Late_blight\54b808b7-ab47-4ce0-992c-cc02588ec6a9___GHLB2 Leaf 8623.JPG,Cross-Crop: Tomato,-1,Yellow Leaf Disease,10,False,0.9895902276039124,0.0,Mosaic / Viral Disease,0.006029556971043348,Smut,0.001700663473457098,N/A,CROSS_CROP_FALSE_ALARM
TRACK_C_REALWORLD,Tomato,realworld_tomato,FARMER_FIELD_PHOTO,D:\CropDiseaseProject\results\model_robustness_audit\audit_images\track_c_realworld\tomato\Tomato___healthy\pak_field_IMG_20251102_153538.jpg,Tomato___healthy,9,Tomato___Late_blight,2,False,0.9891623258590698,0.004165241494774818,Tomato___Early_blight,0.006409529596567154,Tomato___healthy,0.004165241494774818,HIGH,MISCLASSIFICATION
TRACK_C_REALWORLD,Tomato,realworld_tomato,FARMER_FIELD_PHOTO,D:\CropDiseaseProject\results\model_robustness_audit\audit_images\track_c_realworld\tomato\Tomato___healthy\pak_field_h96.jpg,Tomato___healthy,9,Tomato___Early_blight,1,False,0.989013671875,2.960663891826698e-07,Tomato___Late_blight,0.010222209617495537,Tomato___Septoria_leaf_spot,0.0007593454793095589,HIGH,MISCLASSIFICATION
TRACK_C_REALWORLD,Tomato,realworld_tomato,FARMER_FIELD_PHOTO,D:\CropDiseaseProject\results\model_robustness_audit\audit_images\track_c_realworld\tomato\Tomato___Leaf_Mold\pak_field_IMG-20240724-WA0103.jpg,Tomato___Leaf_Mold,3,Tomato___Early_blight,1,False,0.9889318943023682,7.344863774960686e-07,Tomato___Bacterial_spot,0.010867745615541935,Tomato___Septoria_leaf_spot,0.0001014187655528076,MEDIUM,MISCLASSIFICATION
TRACK_C_REALWORLD,Tomato,realworld_tomato,FARMER_FIELD_PHOTO,D:\CropDiseaseProject\results\model_robustness_audit\audit_images\track_c_realworld\tomato\Tomato___Tomato_Yellow_Leaf_Curl_Virus\pak_field_s-prasanth-kumar-young-scientist-awarded-presentation-2-728.jpg,Tomato___Tomato_Yellow_Leaf_Curl_Virus,7,Tomato___Late_blight,2,False,0.9888935685157776,0.0011429329169914126,Tomato___Septoria_leaf_spot,0.004486272111535072,Tomato___Early_blight,0.0028734703082591295,HIGH,MISCLASSIFICATION
TRACK_C_REALWORLD,Grape,realworld_grape,VINEYARD_FIELD_PHOTO,D:\CropDiseaseProject\results\model_robustness_audit\audit_images\track_c_realworld\grape\Black Rot\vineyard_00000053.jpg,Black Rot,1,Healthy Leaves,4,False,0.98884516954422,0.0001325115154031664,Powdery Mildew,0.010997031815350056,Black Rot,0.0001325115154031664,HIGH,MISCLASSIFICATION
TRACK_B_EXTERNAL,Tomato,external_tomato,Sylhet-Tomato-Dataset,D:\CropDiseaseProject\results\model_robustness_audit\audit_images\track_b_external\tomato\Tomato___Target_Spot\rk_sau_IMG_1136_JPG.rf.9b5aa66a76a7d7bc25338d96f64c230b.jpg,Tomato___Target_Spot,6,Tomato___Early_blight,1,False,0.9887079000473022,3.1121845722736907e-07,Tomato___Bacterial_spot,0.0071352701634168625,Tomato___Late_blight,0.0024585409555584192,HIGH,MISCLASSIFICATION
TRACK_D_CROSS_CROP,Tomato,cross_crop_sugarcane_to_tomato,Sugarcane Held-Out Test,D:\CropDiseaseProject\sugarcane_large\Diseases\Banded Chlorosis\image320.jpg,Cross-Crop: Sugarcane,-1,Tomato___Tomato_Yellow_Leaf_Curl_Virus,7,False,0.9884282946586609,0.0,Tomato___Leaf_Mold,0.006881680339574814,Tomato___Late_blight,0.0034446455538272858,N/A,CROSS_CROP_FALSE_ALARM
TRACK_C_REALWORLD,Grape,realworld_grape,VINEYARD_FIELD_PHOTO,D:\CropDiseaseProject\results\model_robustness_audit\audit_images\track_c_realworld\grape\Leaf Blight\vineyard_00000041.jpg,Leaf Blight,5,Powdery Mildew,6,False,0.9883031249046326,0.00015431885549332947,Downy Mildew,0.006876643281430006,Healthy Leaves,0.004371066577732563,HIGH,MISCLASSIFICATION
TRACK_D_CROSS_CROP,Tomato,cross_crop_sugarcane_to_tomato,Sugarcane Held-Out Test,D:\CropDiseaseProject\sugarcane_maharashtra\RedRot\redrot (169).jpeg,Cross-Crop: Sugarcane,-1,Tomato___Late_blight,2,False,0.9882484674453735,0.0,Tomato___Tomato_Yellow_Leaf_Curl_Virus,0.006500626914203167,Tomato___Early_blight,0.004971891641616821,N/A,CROSS_CROP_FALSE_ALARM
TRACK_D_CROSS_CROP,Tomato,cross_crop_chilli_to_tomato,Chilli Held-Out Test,D:\CropDiseaseProject\chilli_cold\cerocospora\IMG_5315.JPG,Cross-Crop: Chilli,-1,Tomato___Early_blight,1,False,0.9879454374313354,0.0,Tomato___Late_blight,0.012052171863615513,Tomato___Septoria_leaf_spot,2.260525434394367e-06,N/A,CROSS_CROP_FALSE_ALARM
TRACK_D_CROSS_CROP,Tomato,cross_crop_sugarcane_to_tomato,Sugarcane Held-Out Test,D:\CropDiseaseProject\sugarcane_large\Diseases\Yellow Leaf\Yellow Leaf813.jpg,Cross-Crop: Sugarcane,-1,Tomato___Tomato_Yellow_Leaf_Curl_Virus,7,False,0.9878827333450317,0.0,Tomato___Late_blight,0.01153823547065258,Tomato___Leaf_Mold,0.0005356009351089597,N/A,CROSS_CROP_FALSE_ALARM
TRACK_B_EXTERNAL,Tomato,external_tomato,Tomato_Leaf_Disease_Dataset_Pakistan,D:\CropDiseaseProject\results\model_robustness_audit\audit_images\track_b_external\tomato\Tomato___Septoria_leaf_spot\pak_EB_(16).jpg,Tomato___Septoria_leaf_spot,4,Tomato___Early_blight,1,False,0.9878709316253662,0.0007550379377789795,Tomato___Bacterial_spot,0.008570685051381588,Tomato___Tomato_Yellow_Leaf_Curl_Virus,0.002097037388011813,HIGH,MISCLASSIFICATION
TRACK_D_UNRELATED,Tomato,unrelated_non_leaf,OpenCV Standard Non-Leaf Benchmark,D:\CropDiseaseProject\results\model_robustness_audit\audit_images\track_d_unrelated\rubberwhale1.png,Unrelated / Non-Leaf,-1,Tomato___Early_blight,1,False,0.9877550005912781,0.0,Tomato___Spider_mites Two-spotted_spider_mite,0.0070451837964355946,Tomato___Late_blight,0.002282515401020646,N/A,UNRELATED_FALSE_ALARM
TRACK_D_UNRELATED,Grape,unrelated_non_leaf,OpenCV Standard Non-Leaf Benchmark,D:\CropDiseaseProject\results\model_robustness_audit\audit_images\track_d_unrelated\graf1.png,Unrelated / Non-Leaf,-1,Leaf Blight,5,False,0.9876396059989929,0.0,Bacterial Leaf Spot,0.01119284238666296,Esca (Black Measles),0.0011504325084388256,N/A,UNRELATED_FALSE_ALARM
TRACK_C_REALWORLD,Tomato,realworld_tomato,INTERNET_PLANTDOC_TEST,D:\CropDiseaseProject\results\model_robustness_audit\audit_images\track_c_realworld\tomato\Tomato___Early_blight\pd_real_1234080-Early-Blight.jpg,Tomato___Early_blight,1,Tomato___Late_blight,2,False,0.9875810146331787,0.009688845835626125,Tomato___Early_blight,0.009688845835626125,Tomato___Septoria_leaf_spot,0.002570963930338621,HIGH,MISCLASSIFICATION
TRACK_C_REALWORLD,Tomato,realworld_tomato,INTERNET_PLANTDOC_TEST,D:\CropDiseaseProject\results\model_robustness_audit\audit_images\track_c_realworld\tomato\Tomato___Tomato_mosaic_virus\pd_real_tomato_virus_04_zoom.jpg,Tomato___Tomato_mosaic_virus,8,Tomato___Late_blight,2,False,0.9872843027114868,6.332129373794182e-13,Tomato___Early_blight,0.011860157363116741,Tomato___Bacterial_spot,0.0008001941605471075,MEDIUM,MISCLASSIFICATION
TRACK_D_CROSS_CROP,Tomato,cross_crop_chilli_to_tomato,Chilli Held-Out Test,D:\CropDiseaseProject\chilli_cold\nutritional deficiency\IMG_4931.JPG,Cross-Crop: Chilli,-1,Tomato___Early_blight,1,False,0.9871368408203125,0.0,Tomato___Bacterial_spot,0.012594577856361866,Tomato___Late_blight,0.0002539119450375438,N/A,CROSS_CROP_FALSE_ALARM
TRACK_C_REALWORLD,Tomato,realworld_tomato,FARMER_FIELD_PHOTO,D:\CropDiseaseProject\results\model_robustness_audit\audit_images\track_c_realworld\tomato\Tomato___Late_blight\pak_field_late-blight-tomato.jpg,Tomato___Late_blight,2,Tomato___Early_blight,1,False,0.9871177077293396,0.012760685756802559,Tomato___Late_blight,0.012760685756802559,Tomato___Leaf_Mold,6.170229607960209e-05,HIGH,MISCLASSIFICATION
TRACK_D_CROSS_CROP,Tomato,cross_crop_sugarcane_to_tomato,Sugarcane Held-Out Test,D:\CropDiseaseProject\sugarcane_maharashtra\Healthy\healthy (181).jpeg,Cross-Crop: Sugarcane,-1,Tomato___Late_blight,2,False,0.9868898391723633,0.0,Tomato___Tomato_Yellow_Leaf_Curl_Virus,0.013091831468045712,Tomato___Leaf_Mold,1.1548031579877716e-05,N/A,CROSS_CROP_FALSE_ALARM
TRACK_D_CROSS_CROP,Chilli,cross_crop_tomato_to_chilli,Tomato Held-Out Test,D:\CropDiseaseProject\tomato_plantvillage\Tomato___Leaf_Mold\a6a109c7-b0f1-4475-8b50-22681c59a909___Crnl_L.Mold 6551.JPG,Cross-Crop: Tomato,-1,cerocospora,0,False,0.9866140484809875,0.0,nutritional deficiency,0.010595705360174179,murda complex,0.001525494852103293,N/A,CROSS_CROP_FALSE_ALARM
TRACK_C_REALWORLD,Tomato,realworld_tomato,FARMER_FIELD_PHOTO,D:\CropDiseaseProject\results\model_robustness_audit\audit_images\track_c_realworld\tomato\Tomato___Tomato_Yellow_Leaf_Curl_Virus\pak_field_IMG_20251102_161617.jpg,Tomato___Tomato_Yellow_Leaf_Curl_Virus,7,Tomato___Late_blight,2,False,0.9864946603775024,1.1600400640077169e-08,Tomato___Early_blight,0.013494787737727165,Tomato___Target_Spot,4.644969067157945e-06,HIGH,MISCLASSIFICATION
TRACK_D_CROSS_CROP,Sugarcane,cross_crop_chilli_to_sugarcane,Chilli Held-Out Test,D:\CropDiseaseProject\chilli_cold\nutritional deficiency\IMG_4931.JPG,Cross-Crop: Chilli,-1,Pokkah Boeng,5,False,0.9864245057106018,0.0,Smut,0.011515149846673012,Red Rot,0.0011629094369709492,N/A,CROSS_CROP_FALSE_ALARM
TRACK_C_REALWORLD,Tomato,realworld_tomato,FARMER_FIELD_PHOTO,D:\CropDiseaseProject\results\model_robustness_audit\audit_images\track_c_realworld\tomato\Tomato___Septoria_leaf_spot\pak_field_early-blight-tomatoes-1200x746-1.jpg,Tomato___Septoria_leaf_spot,4,Tomato___Early_blight,1,False,0.9863905906677246,5.4437037988464e-07,Tomato___Late_blight,0.010567590594291687,Tomato___Tomato_Yellow_Leaf_Curl_Virus,0.002111233538016677,HIGH,MISCLASSIFICATION
TRACK_B_EXTERNAL,Tomato,external_tomato,Tomato_Leaf_Disease_Dataset_Pakistan,D:\CropDiseaseProject\results\model_robustness_audit\audit_images\track_b_external\tomato\Tomato___healthy\pak_Fig-2.jpg,Tomato___healthy,9,Tomato___Late_blight,2,False,0.9860489368438721,0.008642217144370079,Tomato___healthy,0.008642217144370079,Tomato___Early_blight,0.004253390245139599,HIGH,MISCLASSIFICATION
TRACK_B_EXTERNAL,Grape,external_grape,GLDD-Dataset,D:\CropDiseaseProject\results\model_robustness_audit\audit_images\track_b_external\grape\Downy Mildew\gldd_5602331-PPT_jpg.rf.fe8cebfc9a493fd3148fa90a7ba95671.jpg,Downy Mildew,2,Powdery Mildew,6,False,0.9859970808029175,0.007716020569205284,Downy Mildew,0.007716020569205284,Esca (Black Measles),0.003685746109113097,HIGH,MISCLASSIFICATION
TRACK_B_EXTERNAL,Tomato,external_tomato,PlantDoc-Dataset,D:\CropDiseaseProject\results\model_robustness_audit\audit_images\track_b_external\tomato\Tomato___Bacterial_spot\plantdoc_110608-01-8356c-lg.jpg,Tomato___Bacterial_spot,0,Tomato___Early_blight,1,False,0.9859915375709534,0.0010209488682448864,Tomato___Late_blight,0.009133704006671906,Tomato___Target_Spot,0.003072010353207588,HIGH,MISCLASSIFICATION
TRACK_B_EXTERNAL,Grape,external_grape,GLDD-Dataset,D:\CropDiseaseProject\results\model_robustness_audit\audit_images\track_b_external\grape\Downy Mildew\gldd_5602449-PPT_jpg.rf.9fddaaf9c1a45786d5c7e32816d3e6a4.jpg,Downy Mildew,2,Black Rot,1,False,0.9858893156051636,0.0009201767388731241,Leaf Blight,0.011830107308924198,Esca (Black Measles),0.0011776071041822433,HIGH,MISCLASSIFICATION
TRACK_C_REALWORLD,Grape,realworld_grape,VINEYARD_FIELD_PHOTO,D:\CropDiseaseProject\results\model_robustness_audit\audit_images\track_c_realworld\grape\Esca (Black Measles)\vineyard_00000044.jpg,Esca (Black Measles),3,Healthy Leaves,4,False,0.9857147336006165,0.009092246182262897,Esca (Black Measles),0.009092246182262897,Leaf Blight,0.0028982777148485184,HIGH,MISCLASSIFICATION
TRACK_C_REALWORLD,Tomato,realworld_tomato,FARMER_FIELD_PHOTO,D:\CropDiseaseProject\results\model_robustness_audit\audit_images\track_c_realworld\tomato\Tomato___healthy\pak_field_IMG_20251102_161618.jpg,Tomato___healthy,9,Tomato___Early_blight,1,False,0.9856686592102051,5.733291175147315e-08,Tomato___Late_blight,0.007356144953519106,Tomato___Bacterial_spot,0.004279905464500189,HIGH,MISCLASSIFICATION
TRACK_B_EXTERNAL,Grape,external_grape,GLDD-Dataset,D:\CropDiseaseProject\results\model_robustness_audit\audit_images\track_b_external\grape\Powdery Mildew\gldd_4046e66d-1078-4435-ae80-375541e7f722_jpg.rf.bcd7546362feb5820352e8f30a3863a2.jpg,Powdery Mildew,6,Healthy Leaves,4,False,0.9855698943138123,0.0012409279588609934,Esca (Black Measles),0.013065086677670479,Powdery Mildew,0.0012409279588609934,HIGH,MISCLASSIFICATION
TRACK_D_CROSS_CROP,Chilli,cross_crop_tomato_to_chilli,Tomato Held-Out Test,D:\CropDiseaseProject\tomato_plantvillage\Tomato___Septoria_leaf_spot\e65190f0-97e9-44a6-bcb8-9fe7d42e9200___Matt.S_CG 7413.JPG,Cross-Crop: Tomato,-1,cerocospora,0,False,0.9855555295944214,0.0,murda complex,0.011038792319595814,nutritional deficiency,0.0020087379962205887,N/A,CROSS_CROP_FALSE_ALARM
TRACK_B_EXTERNAL,Tomato,external_tomato,Tomato_Leaf_Disease_Dataset_Pakistan,D:\CropDiseaseProject\results\model_robustness_audit\audit_images\track_b_external\tomato\Tomato___Leaf_Mold\pak_Fig.%2016_opt.jpg,Tomato___Leaf_Mold,3,Tomato___Late_blight,2,False,0.985519289970398,2.624458102218341e-05,Tomato___Early_blight,0.014453930780291557,Tomato___Leaf_Mold,2.624458102218341e-05,HIGH,MISCLASSIFICATION
TRACK_B_EXTERNAL,Grape,external_grape,AI-Challenger-2018-Grape,D:\CropDiseaseProject\results\model_robustness_audit\audit_images\track_b_external\grape\Esca (Black Measles)\baliwaka_00000027.jpg,Esca (Black Measles),3,Healthy Leaves,4,False,0.9854230880737305,0.0001248574408236891,Powdery Mildew,0.012867988087236881,Downy Mildew,0.001200449070893228,HIGH,MISCLASSIFICATION
TRACK_B_EXTERNAL,Tomato,external_tomato,PlantDoc-Dataset,D:\CropDiseaseProject\results\model_robustness_audit\audit_images\track_b_external\tomato\Tomato___Tomato_mosaic_virus\plantdoc_DSC02246.JPG.jpg,Tomato___Tomato_mosaic_virus,8,Tomato___Early_blight,1,False,0.9853764176368713,5.2412241489058567e-17,Tomato___Bacterial_spot,0.009314069524407387,Tomato___Late_blight,0.005223434418439865,HIGH,MISCLASSIFICATION
TRACK_C_REALWORLD,Tomato,realworld_tomato,INTERNET_PLANTDOC_TEST,D:\CropDiseaseProject\results\model_robustness_audit\audit_images\track_c_realworld\tomato\Tomato___Septoria_leaf_spot\pd_real_sept4disease-019.jpg,Tomato___Septoria_leaf_spot,4,Tomato___Bacterial_spot,0,False,0.9853345155715942,0.005703943315893412,Tomato___Early_blight,0.008906878530979156,Tomato___Septoria_leaf_spot,0.005703943315893412,HIGH,MISCLASSIFICATION
TRACK_D_CROSS_CROP,Grape,cross_crop_tomato_to_grape,Tomato Held-Out Test,D:\CropDiseaseProject\tomato_plantvillage\Tomato___Spider_mites Two-spotted_spider_mite\89f2d406-7506-4cd0-b075-cdbba849d8a8___Com.G_SpM_FL 8897.JPG,Cross-Crop: Tomato,-1,Healthy Leaves,4,False,0.9843658208847046,0.0,Black Rot,0.014205451123416424,Esca (Black Measles),0.0005761657957918942,N/A,CROSS_CROP_FALSE_ALARM
TRACK_B_EXTERNAL,Tomato,external_tomato,PlantDoc-Dataset,D:\CropDiseaseProject\results\model_robustness_audit\audit_images\track_b_external\tomato\Tomato___Tomato_mosaic_virus\plantdoc_dummen-tmv.jpg,Tomato___Tomato_mosaic_virus,8,Tomato___Late_blight,2,False,0.9838923215866089,5.428126836903857e-10,Tomato___Tomato_Yellow_Leaf_Curl_Virus,0.013179524801671505,Tomato___Target_Spot,0.0019155414775013924,HIGH,MISCLASSIFICATION
TRACK_C_REALWORLD,Tomato,realworld_tomato,FARMER_FIELD_PHOTO,D:\CropDiseaseProject\results\model_robustness_audit\audit_images\track_c_realworld\tomato\Tomato___Early_blight\pak_field_gray-mold-on-tomato-leaf.jpg,Tomato___Early_blight,1,Tomato___Late_blight,2,False,0.9838843941688538,0.015718409791588783,Tomato___Early_blight,0.015718409791588783,Tomato___Septoria_leaf_spot,0.00022782247106079012,HIGH,MISCLASSIFICATION
TRACK_C_REALWORLD,Tomato,realworld_tomato,INTERNET_PLANTDOC_TEST,D:\CropDiseaseProject\results\model_robustness_audit\audit_images\track_c_realworld\tomato\Tomato___Septoria_leaf_spot\pd_real_0.jpg,Tomato___Septoria_leaf_spot,4,Tomato___Early_blight,1,False,0.9835772514343262,1.0110218681802507e-05,Tomato___Late_blight,0.016033092513680458,Tomato___Bacterial_spot,0.0001921298389788717,HIGH,MISCLASSIFICATION
TRACK_B_EXTERNAL,Tomato,external_tomato,Tomato_Leaf_Disease_Dataset_Pakistan,D:\CropDiseaseProject\results\model_robustness_audit\audit_images\track_b_external\tomato\Tomato___Septoria_leaf_spot\pak_140714+%2811%29.JPG.jpg,Tomato___Septoria_leaf_spot,4,Tomato___Late_blight,2,False,0.9835485816001892,0.003904462093487382,Tomato___Bacterial_spot,0.009194612503051758,Tomato___Septoria_leaf_spot,0.003904462093487382,HIGH,MISCLASSIFICATION
TRACK_B_EXTERNAL,Tomato,external_tomato,Tomato_Leaf_Disease_Dataset_Pakistan,D:\CropDiseaseProject\results\model_robustness_audit\audit_images\track_b_external\tomato\Tomato___healthy\pak_HL_(31).jpg,Tomato___healthy,9,Tomato___Late_blight,2,False,0.9835283756256104,0.00026545184664428234,Tomato___Early_blight,0.016077017411589622,Tomato___healthy,0.00026545184664428234,HIGH,MISCLASSIFICATION
TRACK_D_UNRELATED,Grape,unrelated_non_leaf,OpenCV Standard Non-Leaf Benchmark,D:\CropDiseaseProject\results\model_robustness_audit\audit_images\track_d_unrelated\smarties.png,Unrelated / Non-Leaf,-1,Bacterial Leaf Spot,0,False,0.9833879470825195,0.0,Black Rot,0.007990763522684574,Esca (Black Measles),0.007177828811109066,N/A,UNRELATED_FALSE_ALARM
TRACK_C_REALWORLD,Tomato,realworld_tomato,FARMER_FIELD_PHOTO,D:\CropDiseaseProject\results\model_robustness_audit\audit_images\track_c_realworld\tomato\Tomato___Tomato_Yellow_Leaf_Curl_Virus\pak_field_IMG_20251102_161543.jpg,Tomato___Tomato_Yellow_Leaf_Curl_Virus,7,Tomato___Late_blight,2,False,0.9833118915557861,0.0001230597699759528,Tomato___Early_blight,0.0164958406239748,Tomato___Tomato_Yellow_Leaf_Curl_Virus,0.0001230597699759528,HIGH,MISCLASSIFICATION
TRACK_C_REALWORLD,Tomato,realworld_tomato,INTERNET_PLANTDOC_TEST,D:\CropDiseaseProject\results\model_robustness_audit\audit_images\track_c_realworld\tomato\Tomato___Leaf_Mold\pd_real_black_leaf_mold_in_zina_tina.jpg,Tomato___Leaf_Mold,3,Tomato___Late_blight,2,False,0.9827698469161987,1.822015747166006e-06,Tomato___Early_blight,0.00935145653784275,Tomato___Tomato_Yellow_Leaf_Curl_Virus,0.006194422021508217,MEDIUM,MISCLASSIFICATION
TRACK_C_REALWORLD,Grape,realworld_grape,VINEYARD_FIELD_PHOTO,D:\CropDiseaseProject\results\model_robustness_audit\audit_images\track_c_realworld\grape\Leaf Blight\vineyard_00000060.jpg,Leaf Blight,5,Powdery Mildew,6,False,0.9821972846984863,0.00012846331810578704,Downy Mildew,0.01582985743880272,Healthy Leaves,0.0010541401570662856,HIGH,MISCLASSIFICATION
TRACK_B_EXTERNAL,Tomato,external_tomato,Tomato_Leaf_Disease_Dataset_Pakistan,D:\CropDiseaseProject\results\model_robustness_audit\audit_images\track_b_external\tomato\Tomato___Septoria_leaf_spot\pak_1723454507962.jpg,Tomato___Septoria_leaf_spot,4,Tomato___Early_blight,1,False,0.9821871519088745,1.2939317457494326e-05,Tomato___Late_blight,0.01690978929400444,Tomato___Bacterial_spot,0.000779035035520792,HIGH,MISCLASSIFICATION
TRACK_B_EXTERNAL,Tomato,external_tomato,PlantDoc-Dataset,D:\CropDiseaseProject\results\model_robustness_audit\audit_images\track_b_external\tomato\Tomato___Bacterial_spot\plantdoc_Bacterial_spots1300.jpg,Tomato___Bacterial_spot,0,Tomato___Early_blight,1,False,0.9820828437805176,0.005486364476382732,Tomato___Septoria_leaf_spot,0.012210759334266186,Tomato___Bacterial_spot,0.005486364476382732,HIGH,MISCLASSIFICATION
TRACK_B_EXTERNAL,Tomato,external_tomato,PlantDoc-Dataset,D:\CropDiseaseProject\results\model_robustness_audit\audit_images\track_b_external\tomato\Tomato___Tomato_mosaic_virus\plantdoc_d41c86a650e49b8066d6b347d8e9d3ad.jpg,Tomato___Tomato_mosaic_virus,8,Tomato___Early_blight,1,False,0.9819955825805664,5.619609171856081e-15,Tomato___Septoria_leaf_spot,0.01683523878455162,Tomato___Late_blight,0.0009568734676577151,HIGH,MISCLASSIFICATION
TRACK_B_EXTERNAL,Tomato,external_tomato,Tomato_Leaf_Disease_Dataset_Pakistan,D:\CropDiseaseProject\results\model_robustness_audit\audit_images\track_b_external\tomato\Tomato___Early_blight\pak_Diseased-Tomato-Plant.jpg,Tomato___Early_blight,1,Tomato___Late_blight,2,False,0.9818000793457031,0.018186476081609726,Tomato___Early_blight,0.018186476081609726,Tomato___Tomato_Yellow_Leaf_Curl_Virus,6.8001554609509185e-06,HIGH,MISCLASSIFICATION
TRACK_D_UNRELATED,Grape,unrelated_non_leaf,OpenCV Standard Non-Leaf Benchmark,D:\CropDiseaseProject\results\model_robustness_audit\audit_images\track_d_unrelated\cards.png,Unrelated / Non-Leaf,-1,Healthy Leaves,4,False,0.9817980527877808,0.0,Esca (Black Measles),0.014005571603775024,Powdery Mildew,0.002169170416891575,N/A,UNRELATED_FALSE_ALARM
TRACK_B_EXTERNAL,Tomato,external_tomato,Tomato_Leaf_Disease_Dataset_Pakistan,D:\CropDiseaseProject\results\model_robustness_audit\audit_images\track_b_external\tomato\Tomato___Tomato_Yellow_Leaf_Curl_Virus\pak_DSC_3019_320x209.jpg,Tomato___Tomato_Yellow_Leaf_Curl_Virus,7,Tomato___Late_blight,2,False,0.9813866019248962,0.007533476687967777,Tomato___Early_blight,0.011040447279810905,Tomato___Tomato_Yellow_Leaf_Curl_Virus,0.007533476687967777,HIGH,MISCLASSIFICATION
TRACK_B_EXTERNAL,Tomato,external_tomato,Tomato_Leaf_Disease_Dataset_Pakistan,D:\CropDiseaseProject\results\model_robustness_audit\audit_images\track_b_external\tomato\Tomato___Tomato_Yellow_Leaf_Curl_Virus\pak_534ddf3a932e62dd929a3ac1b29bfa29.jpg,Tomato___Tomato_Yellow_Leaf_Curl_Virus,7,Tomato___Early_blight,1,False,0.9813175797462463,0.00013907963875681162,Tomato___Late_blight,0.01486088428646326,Tomato___Target_Spot,0.0034055199939757586,HIGH,MISCLASSIFICATION
TRACK_B_EXTERNAL,Tomato,external_tomato,Tomato_Leaf_Disease_Dataset_Pakistan,D:\CropDiseaseProject\results\model_robustness_audit\audit_images\track_b_external\tomato\Tomato___Tomato_Yellow_Leaf_Curl_Virus\pak_IMG_20251102_155041.jpg,Tomato___Tomato_Yellow_Leaf_Curl_Virus,7,Tomato___Late_blight,2,False,0.9810570478439331,0.0011339577613398433,Tomato___healthy,0.011646997183561325,Tomato___Early_blight,0.004171951673924923,HIGH,MISCLASSIFICATION
TRACK_B_EXTERNAL,Tomato,external_tomato,Sylhet-Tomato-Dataset,D:\CropDiseaseProject\results\model_robustness_audit\audit_images\track_b_external\tomato\Tomato___Target_Spot\rk_sau_IMG_0347_JPG.rf.5f6f56cb0c4004953b2b22b897cd099d.jpg,Tomato___Target_Spot,6,Tomato___Early_blight,1,False,0.9810144901275635,1.8441706970406813e-06,Tomato___Late_blight,0.018327008932828903,Tomato___Septoria_leaf_spot,0.0006186068640090525,HIGH,MISCLASSIFICATION
TRACK_C_REALWORLD,Tomato,realworld_tomato,FARMER_FIELD_PHOTO,D:\CropDiseaseProject\results\model_robustness_audit\audit_images\track_c_realworld\tomato\Tomato___Late_blight\pak_field_late-blight-TomC2-10.jpg,Tomato___Late_blight,2,Tomato___Early_blight,1,False,0.9807213544845581,0.019166143611073494,Tomato___Late_blight,0.019166143611073494,Tomato___Target_Spot,6.181863864185289e-05,HIGH,MISCLASSIFICATION
TRACK_A_INTERNAL,Chilli,chilli_cold,chilli_cold,D:\CropDiseaseProject\chilli_cold\nutritional deficiency\IMG_4869.JPG,nutritional deficiency,3,cerocospora,0,False,0.9801919460296632,0.0026769379619508,healthy,0.0167567729949951,nutritional deficiency,0.0026769379619508,HIGH,MISCLASSIFICATION
TRACK_C_REALWORLD,Grape,realworld_grape,VINEYARD_FIELD_PHOTO,D:\CropDiseaseProject\results\model_robustness_audit\audit_images\track_c_realworld\grape\Esca (Black Measles)\vineyard_00000055.jpg,Esca (Black Measles),3,Healthy Leaves,4,False,0.9799861311912537,0.0009463165188208222,Powdery Mildew,0.018799567595124245,Esca (Black Measles),0.0009463165188208222,HIGH,MISCLASSIFICATION
TRACK_B_EXTERNAL,Tomato,external_tomato,Tomato_Leaf_Disease_Dataset_Pakistan,D:\CropDiseaseProject\results\model_robustness_audit\audit_images\track_b_external\tomato\Tomato___Tomato_Yellow_Leaf_Curl_Virus\pak_IMG_20251102_155031.jpg,Tomato___Tomato_Yellow_Leaf_Curl_Virus,7,Tomato___Late_blight,2,False,0.9798897504806519,9.076045870415328e-08,Tomato___Early_blight,0.019686434417963028,Tomato___Bacterial_spot,0.00041129341116175056,HIGH,MISCLASSIFICATION
TRACK_C_REALWORLD,Grape,realworld_grape,VINEYARD_FIELD_PHOTO,D:\CropDiseaseProject\results\model_robustness_audit\audit_images\track_c_realworld\grape\Black Rot\vineyard_00000055.jpg,Black Rot,1,Powdery Mildew,6,False,0.9797234535217285,4.8689646064303815e-05,Healthy Leaves,0.012197675183415413,Downy Mildew,0.007230768445879221,HIGH,MISCLASSIFICATION
TRACK_B_EXTERNAL,Tomato,external_tomato,Tomato_Leaf_Disease_Dataset_Pakistan,D:\CropDiseaseProject\results\model_robustness_audit\audit_images\track_b_external\tomato\Tomato___healthy\pak_HL_(148).jpg,Tomato___healthy,9,Tomato___Late_blight,2,False,0.9795518517494202,1.2743164461426204e-06,Tomato___Early_blight,0.020397137850522995,Tomato___Tomato_Yellow_Leaf_Curl_Virus,2.138895979442168e-05,HIGH,MISCLASSIFICATION
TRACK_B_EXTERNAL,Tomato,external_tomato,Tomato_Leaf_Disease_Dataset_Pakistan,D:\CropDiseaseProject\results\model_robustness_audit\audit_images\track_b_external\tomato\Tomato___Septoria_leaf_spot\pak_128110613-56a6d3633df78cf7729070ad.jpg,Tomato___Septoria_leaf_spot,4,Tomato___Bacterial_spot,0,False,0.9789409637451172,0.009474516846239567,Tomato___Early_blight,0.010406913235783577,Tomato___Septoria_leaf_spot,0.009474516846239567,HIGH,MISCLASSIFICATION
TRACK_D_CROSS_CROP,Sugarcane,cross_crop_grape_to_sugarcane,Grape Held-Out Test,D:\CropDiseaseProject\grape_niphad\Downy Mildew\Downy Mildew_608.jpg,Cross-Crop: Grape,-1,Yellow Leaf Disease,10,False,0.9783498048782349,0.0,Pokkah Boeng,0.01782243512570858,Smut,0.0014167148619890213,N/A,CROSS_CROP_FALSE_ALARM
TRACK_B_EXTERNAL,Tomato,external_tomato,Tomato_Leaf_Disease_Dataset_Pakistan,D:\CropDiseaseProject\results\model_robustness_audit\audit_images\track_b_external\tomato\Tomato___healthy\pak_Brown-Spots-on-Tomato-Leaves.jpg,Tomato___healthy,9,Tomato___Late_blight,2,False,0.9783373475074768,0.00020195300749037415,Tomato___Early_blight,0.015944506973028183,Tomato___Tomato_Yellow_Leaf_Curl_Virus,0.0018405367154628038,HIGH,MISCLASSIFICATION
TRACK_D_CROSS_CROP,Tomato,cross_crop_chilli_to_tomato,Chilli Held-Out Test,D:\CropDiseaseProject\chilli_cold\nutritional deficiency\IMG_4872.JPG,Cross-Crop: Chilli,-1,Tomato___Early_blight,1,False,0.9782617092132568,0.0,Tomato___Late_blight,0.021736990660429,Tomato___Tomato_Yellow_Leaf_Curl_Virus,1.1918170912394999e-06,N/A,CROSS_CROP_FALSE_ALARM
TRACK_B_EXTERNAL,Grape,external_grape,GLDD-Dataset,D:\CropDiseaseProject\results\model_robustness_audit\audit_images\track_b_external\grape\Downy Mildew\gldd_5602331-PPT_jpg.rf.1609eaa2e436930c4fa4b21e1ba26442.jpg,Downy Mildew,2,Powdery Mildew,6,False,0.9782016277313232,0.016469232738018036,Downy Mildew,0.016469232738018036,Healthy Leaves,0.0033899880945682526,HIGH,MISCLASSIFICATION
TRACK_D_UNRELATED,Chilli,unrelated_non_leaf,OpenCV Standard Non-Leaf Benchmark,D:\CropDiseaseProject\results\model_robustness_audit\audit_images\track_d_unrelated\baboon.jpg,Unrelated / Non-Leaf,-1,cerocospora,0,False,0.9776812791824341,0.0,healthy,0.012051010504364967,murda complex,0.00833138544112444,N/A,UNRELATED_FALSE_ALARM
TRACK_B_EXTERNAL,Tomato,external_tomato,Tomato_Leaf_Disease_Dataset_Pakistan,D:\CropDiseaseProject\results\model_robustness_audit\audit_images\track_b_external\tomato\Tomato___healthy\pak_009-e1373768789869.jpg,Tomato___healthy,9,Tomato___Tomato_Yellow_Leaf_Curl_Virus,7,False,0.9772475361824036,2.389530795454675e-10,Tomato___Early_blight,0.009842727333307266,Tomato___Leaf_Mold,0.0065698884427547455,HIGH,MISCLASSIFICATION
TRACK_A_INTERNAL,Tomato,tomato,tomato_plantvillage,D:\CropDiseaseProject\tomato_plantvillage\Tomato___Target_Spot\2d842c15-c1cd-4f2b-9e12-27855abb9758___Com.G_TgS_FL 0812.JPG,Tomato___Target_Spot,6,Tomato___Leaf_Mold,3,False,0.9770386815071106,0.0088433977216482,Tomato___Target_Spot,0.0088433977216482,Tomato___Septoria_leaf_spot,0.008078615181148,HIGH,MISCLASSIFICATION
TRACK_C_REALWORLD,Tomato,realworld_tomato,FARMER_FIELD_PHOTO,D:\CropDiseaseProject\results\model_robustness_audit\audit_images\track_c_realworld\tomato\Tomato___Tomato_Yellow_Leaf_Curl_Virus\pak_field_tomato_yellow_leaf_curl_virus.jpg,Tomato___Tomato_Yellow_Leaf_Curl_Virus,7,Tomato___Late_blight,2,False,0.9768247008323669,0.004022732377052307,Tomato___Septoria_leaf_spot,0.016176477074623108,Tomato___Tomato_Yellow_Leaf_Curl_Virus,0.004022732377052307,HIGH,MISCLASSIFICATION
TRACK_D_UNRELATED,Tomato,unrelated_non_leaf,OpenCV Standard Non-Leaf Benchmark,D:\CropDiseaseProject\results\model_robustness_audit\audit_images\track_d_unrelated\building.jpg,Unrelated / Non-Leaf,-1,Tomato___Early_blight,1,False,0.9761481285095215,0.0,Tomato___Target_Spot,0.01376140397042036,Tomato___Late_blight,0.01001084316521883,N/A,UNRELATED_FALSE_ALARM
TRACK_A_INTERNAL,Tomato,tomato,tomato_plantvillage,D:\CropDiseaseProject\tomato_plantvillage\Tomato___Target_Spot\7b43a21e-a0cf-49f4-b92c-9b9fd8a3e1c3___Com.G_TgS_FL 7893.JPG,Tomato___Target_Spot,6,Tomato___healthy,9,False,0.9760366082191468,0.0173435192555189,Tomato___Target_Spot,0.0173435192555189,Tomato___Septoria_leaf_spot,0.0060524414293468,HIGH,MISCLASSIFICATION
TRACK_C_REALWORLD,Tomato,realworld_tomato,FARMER_FIELD_PHOTO,D:\CropDiseaseProject\results\model_robustness_audit\audit_images\track_c_realworld\tomato\Tomato___healthy\pak_field_IMG_20251102_160342.jpg,Tomato___healthy,9,Tomato___Late_blight,2,False,0.9760269522666931,1.291547050641384e-05,Tomato___Early_blight,0.02394736185669899,Tomato___healthy,1.291547050641384e-05,HIGH,MISCLASSIFICATION
TRACK_C_REALWORLD,Tomato,realworld_tomato,FARMER_FIELD_PHOTO,D:\CropDiseaseProject\results\model_robustness_audit\audit_images\track_c_realworld\tomato\Tomato___Tomato_Yellow_Leaf_Curl_Virus\pak_field_r_tomato.jpg,Tomato___Tomato_Yellow_Leaf_Curl_Virus,7,Tomato___Late_blight,2,False,0.9760117530822754,0.0008954443619586527,Tomato___healthy,0.019712941721081734,Tomato___Septoria_leaf_spot,0.002023365581408143,HIGH,MISCLASSIFICATION
TRACK_D_CROSS_CROP,Grape,cross_crop_tomato_to_grape,Tomato Held-Out Test,D:\CropDiseaseProject\tomato_plantvillage\Tomato___Tomato_Yellow_Leaf_Curl_Virus\14570c99-8503-4518-b5fe-d3450d53fc19___YLCV_NREC 2365.JPG,Cross-Crop: Tomato,-1,Downy Mildew,2,False,0.9759889841079712,0.0,Healthy Leaves,0.018204592168331146,Powdery Mildew,0.0042458283714950085,N/A,CROSS_CROP_FALSE_ALARM
TRACK_C_REALWORLD,Tomato,realworld_tomato,FARMER_FIELD_PHOTO,D:\CropDiseaseProject\results\model_robustness_audit\audit_images\track_c_realworld\tomato\Tomato___Late_blight\pak_field_late_blight_tomato_transplant2x1200.jpg,Tomato___Late_blight,2,Tomato___Early_blight,1,False,0.9758915901184082,0.023213636130094528,Tomato___Late_blight,0.023213636130094528,Tomato___Target_Spot,0.0007073027663864195,HIGH,MISCLASSIFICATION
TRACK_D_UNRELATED,Tomato,unrelated_non_leaf,OpenCV Standard Non-Leaf Benchmark,D:\CropDiseaseProject\results\model_robustness_audit\audit_images\track_d_unrelated\starry_night.jpg,Unrelated / Non-Leaf,-1,Tomato___Septoria_leaf_spot,4,False,0.9758913516998291,0.0,Tomato___Tomato_Yellow_Leaf_Curl_Virus,0.023121150210499763,Tomato___Early_blight,0.0009846986504271626,N/A,UNRELATED_FALSE_ALARM
TRACK_D_CROSS_CROP,Sugarcane,cross_crop_chilli_to_sugarcane,Chilli Held-Out Test,D:\CropDiseaseProject\chilli_cold\cerocospora\IMG_5237.JPG,Cross-Crop: Chilli,-1,Pokkah Boeng,5,False,0.9758652448654175,0.0,Rust (Brown Rust),0.02221708744764328,Healthy Leaves,0.0007780420128256083,N/A,CROSS_CROP_FALSE_ALARM
TRACK_C_REALWORLD,Tomato,realworld_tomato,FARMER_FIELD_PHOTO,D:\CropDiseaseProject\results\model_robustness_audit\audit_images\track_c_realworld\tomato\Tomato___Tomato_Yellow_Leaf_Curl_Virus\pak_field_IMG_20251102_155916.jpg,Tomato___Tomato_Yellow_Leaf_Curl_Virus,7,Tomato___Late_blight,2,False,0.9756690263748169,3.2102591376315104e-06,Tomato___Early_blight,0.024274859577417374,Tomato___Leaf_Mold,2.4317536372109316e-05,HIGH,MISCLASSIFICATION
TRACK_D_CROSS_CROP,Tomato,cross_crop_sugarcane_to_tomato,Sugarcane Held-Out Test,D:\CropDiseaseProject\sugarcane_large\Diseases\Viral Disease\Viral Disease553.jpg,Cross-Crop: Sugarcane,-1,Tomato___Tomato_Yellow_Leaf_Curl_Virus,7,False,0.9755458831787109,0.0,Tomato___Leaf_Mold,0.023273229598999023,Tomato___Late_blight,0.0011807814007624984,N/A,CROSS_CROP_FALSE_ALARM
TRACK_B_EXTERNAL,Tomato,external_tomato,Sylhet-Tomato-Dataset,D:\CropDiseaseProject\results\model_robustness_audit\audit_images\track_b_external\tomato\Tomato___Target_Spot\rk_sau_IMG_1136_JPG.rf.a67403b1f7e419108c5cfedd16c22348.jpg,Tomato___Target_Spot,6,Tomato___Early_blight,1,False,0.9754226207733154,1.1945930964429863e-06,Tomato___Bacterial_spot,0.0165364071726799,Tomato___Late_blight,0.005250443704426289,HIGH,MISCLASSIFICATION
TRACK_D_CROSS_CROP,Chilli,cross_crop_grape_to_chilli,Grape Held-Out Test,D:\CropDiseaseProject\grape_2024\leaf blight\leaf blight021.jpg,Cross-Crop: Grape,-1,cerocospora,0,False,0.975262463092804,0.0,nutritional deficiency,0.010710795409977436,murda complex,0.007895655930042267,N/A,CROSS_CROP_FALSE_ALARM
TRACK_D_CROSS_CROP,Grape,cross_crop_tomato_to_grape,Tomato Held-Out Test,D:\CropDiseaseProject\tomato_plantvillage\Tomato___Late_blight\4c42cb8f-e57f-48a5-bff2-8a8629d7505b___RS_Late.B 6869.JPG,Cross-Crop: Tomato,-1,Healthy Leaves,4,False,0.9750596880912781,0.0,Powdery Mildew,0.016985923051834106,Black Rot,0.006484880577772856,N/A,CROSS_CROP_FALSE_ALARM
TRACK_B_EXTERNAL,Grape,external_grape,AI-Challenger-2018-Grape,D:\CropDiseaseProject\results\model_robustness_audit\audit_images\track_b_external\grape\Esca (Black Measles)\baliwaka_00000001.jpg,Esca (Black Measles),3,Healthy Leaves,4,False,0.9741055369377136,1.6154268450918607e-05,Downy Mildew,0.014980570413172245,Powdery Mildew,0.010855485685169697,HIGH,MISCLASSIFICATION
TRACK_B_EXTERNAL,Grape,external_grape,AI-Challenger-2018-Grape,D:\CropDiseaseProject\results\model_robustness_audit\audit_images\track_b_external\grape\Leaf Blight\baliwaka_00000023.jpg,Leaf Blight,5,Healthy Leaves,4,False,0.9738986492156982,3.961734182666987e-05,Powdery Mildew,0.017359351739287376,Downy Mildew,0.008002068847417831,HIGH,MISCLASSIFICATION
TRACK_B_EXTERNAL,Grape,external_grape,AI-Challenger-2018-Grape,D:\CropDiseaseProject\results\model_robustness_audit\audit_images\track_b_external\grape\Black Rot\baliwaka_00000004.jpg,Black Rot,1,Powdery Mildew,6,False,0.973770260810852,1.241028803633526e-05,Healthy Leaves,0.025141119956970215,Downy Mildew,0.0005911863991059363,HIGH,MISCLASSIFICATION
TRACK_D_UNRELATED,Sugarcane,unrelated_non_leaf,OpenCV Standard Non-Leaf Benchmark,D:\CropDiseaseProject\results\model_robustness_audit\audit_images\track_d_unrelated\fruits.jpg,Unrelated / Non-Leaf,-1,Yellow Leaf Disease,10,False,0.9736058115959167,0.0,Healthy Leaves,0.015380158089101315,Mosaic / Viral Disease,0.005786440335214138,N/A,UNRELATED_FALSE_ALARM
TRACK_B_EXTERNAL,Tomato,external_tomato,Tomato_Leaf_Disease_Dataset_Pakistan,D:\CropDiseaseProject\results\model_robustness_audit\audit_images\track_b_external\tomato\Tomato___healthy\pak_HL_(119).jpg,Tomato___healthy,9,Tomato___Early_blight,1,False,0.9733896851539612,5.7395602198084816e-05,Tomato___Late_blight,0.025754638016223907,Tomato___Septoria_leaf_spot,0.0007442535716108978,HIGH,MISCLASSIFICATION
TRACK_D_CROSS_CROP,Sugarcane,cross_crop_grape_to_sugarcane,Grape Held-Out Test,D:\CropDiseaseProject\grape_2024\healthy\healthy1047.jpg,Cross-Crop: Grape,-1,Yellow Leaf Disease,10,False,0.9726831316947937,0.0,Pokkah Boeng,0.02314107120037079,Smut,0.002498602494597435,N/A,CROSS_CROP_FALSE_ALARM
TRACK_C_REALWORLD,Tomato,realworld_tomato,INTERNET_PLANTDOC_TEST,D:\CropDiseaseProject\results\model_robustness_audit\audit_images\track_c_realworld\tomato\Tomato___Tomato_mosaic_virus\pd_real_ill-tomato-of-tomato-mosaic-virus-DBE17N.jpg,Tomato___Tomato_mosaic_virus,8,Tomato___Late_blight,2,False,0.9723628163337708,3.986432664277329e-15,Tomato___Early_blight,0.027625588700175285,Tomato___Leaf_Mold,1.0692120667954441e-05,MEDIUM,MISCLASSIFICATION
TRACK_D_CROSS_CROP,Grape,cross_crop_tomato_to_grape,Tomato Held-Out Test,D:\CropDiseaseProject\tomato_plantvillage\Tomato___Septoria_leaf_spot\0806cabf-f026-43bd-a508-0e8e5a185341___Matt.S_CG 1266.JPG,Cross-Crop: Tomato,-1,Powdery Mildew,6,False,0.9723601341247559,0.0,Leaf Blight,0.012597616761922836,Black Rot,0.00574041623622179,N/A,CROSS_CROP_FALSE_ALARM
TRACK_C_REALWORLD,Tomato,realworld_tomato,INTERNET_PLANTDOC_TEST,D:\CropDiseaseProject\results\model_robustness_audit\audit_images\track_c_realworld\tomato\Tomato___Tomato_Yellow_Leaf_Curl_Virus\pd_real_8226402877_9abf151b5b_b.jpg,Tomato___Tomato_Yellow_Leaf_Curl_Virus,7,Tomato___Late_blight,2,False,0.9723497629165649,0.017058366909623146,Tomato___Tomato_Yellow_Leaf_Curl_Virus,0.017058366909623146,Tomato___Bacterial_spot,0.004979567602276802,HIGH,MISCLASSIFICATION
TRACK_B_EXTERNAL,Tomato,external_tomato,Tomato_Leaf_Disease_Dataset_Pakistan,D:\CropDiseaseProject\results\model_robustness_audit\audit_images\track_b_external\tomato\Tomato___Late_blight\pak_IMG_20251102_161026.jpg,Tomato___Late_blight,2,Tomato___Early_blight,1,False,0.9718862771987915,0.0027050997596234083,Tomato___Tomato_Yellow_Leaf_Curl_Virus,0.025407517328858376,Tomato___Late_blight,0.0027050997596234083,HIGH,MISCLASSIFICATION
TRACK_D_UNRELATED,Grape,unrelated_non_leaf,OpenCV Standard Non-Leaf Benchmark,D:\CropDiseaseProject\results\model_robustness_audit\audit_images\track_d_unrelated\board.jpg,Unrelated / Non-Leaf,-1,Esca (Black Measles),3,False,0.9717013239860535,0.0,Healthy Leaves,0.01572481542825699,Leaf Blight,0.012573842890560627,N/A,UNRELATED_FALSE_ALARM
TRACK_B_EXTERNAL,Grape,external_grape,GLDD-Dataset,D:\CropDiseaseProject\results\model_robustness_audit\audit_images\track_b_external\grape\Powdery Mildew\gldd_97579a02-3378-4197-866a-efe4cb971a42_jpg.rf.5de64aa46c1a2e2dfaff997ac5f1c01a.jpg,Powdery Mildew,6,Healthy Leaves,4,False,0.971674382686615,0.0006367241148836911,Esca (Black Measles),0.026430044323205948,Leaf Blight,0.001174241304397583,HIGH,MISCLASSIFICATION
TRACK_C_REALWORLD,Tomato,realworld_tomato,FARMER_FIELD_PHOTO,D:\CropDiseaseProject\results\model_robustness_audit\audit_images\track_c_realworld\tomato\Tomato___Early_blight\pak_field_IMG_20251102_153246.jpg,Tomato___Early_blight,1,Tomato___Late_blight,2,False,0.9716387391090393,0.02524666301906109,Tomato___Early_blight,0.02524666301906109,Tomato___Septoria_leaf_spot,0.0029853833839297295,HIGH,MISCLASSIFICATION
TRACK_C_REALWORLD,Tomato,realworld_tomato,FARMER_FIELD_PHOTO,D:\CropDiseaseProject\results\model_robustness_audit\audit_images\track_c_realworld\tomato\Tomato___Leaf_Mold\pak_field_IMG-20240724-WA0078.jpg,Tomato___Leaf_Mold,3,Tomato___Early_blight,1,False,0.9714224934577942,5.788517043470165e-08,Tomato___Late_blight,0.02834210731089115,Tomato___Bacterial_spot,0.0002187070349464193,MEDIUM,MISCLASSIFICATION
TRACK_B_EXTERNAL,Grape,external_grape,AI-Challenger-2018-Grape,D:\CropDiseaseProject\results\model_robustness_audit\audit_images\track_b_external\grape\Esca (Black Measles)\baliwaka_00000008.jpg,Esca (Black Measles),3,Healthy Leaves,4,False,0.971304714679718,0.0021352283656597137,Powdery Mildew,0.015728676691651344,Bacterial Leaf Spot,0.00783221423625946,HIGH,MISCLASSIFICATION
TRACK_C_REALWORLD,Tomato,realworld_tomato,FARMER_FIELD_PHOTO,D:\CropDiseaseProject\results\model_robustness_audit\audit_images\track_c_realworld\tomato\Tomato___healthy\pak_field_IMG_20251102_153353.jpg,Tomato___healthy,9,Tomato___Late_blight,2,False,0.9711384177207947,0.0002119369455613196,Tomato___Early_blight,0.02774840220808983,Tomato___Septoria_leaf_spot,0.0008028894080780447,HIGH,MISCLASSIFICATION
TRACK_B_EXTERNAL,Grape,external_grape,AI-Challenger-2018-Grape,D:\CropDiseaseProject\results\model_robustness_audit\audit_images\track_b_external\grape\Leaf Blight\baliwaka_00000028.jpg,Leaf Blight,5,Powdery Mildew,6,False,0.9710947871208191,0.0037208260037004948,Healthy Leaves,0.014340342953801155,Downy Mildew,0.005934597924351692,HIGH,MISCLASSIFICATION
TRACK_B_EXTERNAL,Grape,external_grape,AI-Challenger-2018-Grape,D:\CropDiseaseProject\results\model_robustness_audit\audit_images\track_b_external\grape\Esca (Black Measles)\baliwaka_00000029.jpg,Esca (Black Measles),3,Healthy Leaves,4,False,0.9702704548835754,0.0017774105072021484,Powdery Mildew,0.02775689586997032,Esca (Black Measles),0.0017774105072021484,HIGH,MISCLASSIFICATION
TRACK_D_CROSS_CROP,Grape,cross_crop_tomato_to_grape,Tomato Held-Out Test,D:\CropDiseaseProject\tomato_plantvillage\Tomato___Septoria_leaf_spot\fa477e80-af35-4ef8-b16b-78e0f884f737___Matt.S_CG 2715.JPG,Cross-Crop: Tomato,-1,Downy Mildew,2,False,0.9695793986320496,0.0,Black Rot,0.025452638044953346,Powdery Mildew,0.0015701104421168566,N/A,CROSS_CROP_FALSE_ALARM
TRACK_D_CROSS_CROP,Chilli,cross_crop_tomato_to_chilli,Tomato Held-Out Test,D:\CropDiseaseProject\tomato_plantvillage\Tomato___healthy\f0037c61-001d-4b1f-b794-5b5ab49d50d5___RS_HL 0527.JPG,Cross-Crop: Tomato,-1,cerocospora,0,False,0.9688716530799866,0.0,murda complex,0.014307868666946888,healthy,0.009565305896103382,N/A,CROSS_CROP_FALSE_ALARM
TRACK_B_EXTERNAL,Tomato,external_tomato,Sylhet-Tomato-Dataset,D:\CropDiseaseProject\results\model_robustness_audit\audit_images\track_b_external\tomato\Tomato___Target_Spot\rk_sau_IMG_1109_JPG.rf.534375443bfb4758c17b7bcfbdf125ef.jpg,Tomato___Target_Spot,6,Tomato___Late_blight,2,False,0.9684650301933289,7.23121684131911e-06,Tomato___Early_blight,0.030508996918797493,Tomato___Bacterial_spot,0.0009665167308412492,HIGH,MISCLASSIFICATION
TRACK_D_CROSS_CROP,Grape,cross_crop_sugarcane_to_grape,Sugarcane Held-Out Test,D:\CropDiseaseProject\sugarcane_large\Diseases\Brown Spot\image1496.jpg,Cross-Crop: Sugarcane,-1,Leaf Blight,5,False,0.9683158993721008,0.0,Black Rot,0.020866036415100098,Bacterial Leaf Spot,0.005237230099737644,N/A,CROSS_CROP_FALSE_ALARM
TRACK_A_INTERNAL,Grape,grape_niphad,grape_niphad,D:\CropDiseaseProject\grape_niphad\Bacterial Leaf Spot\Bacterial Leaf Spot_85.png,Bacterial Leaf Spot,0,Downy Mildew,2,False,0.9683127999305724,0.0186970457434654,Bacterial Leaf Spot,0.0186970457434654,Powdery Mildew,0.0056022433564066,HIGH,MISCLASSIFICATION
TRACK_D_CROSS_CROP,Sugarcane,cross_crop_grape_to_sugarcane,Grape Held-Out Test,D:\CropDiseaseProject\grape_niphad\Downy Mildew\Downy Mildew_102.jpg,Cross-Crop: Grape,-1,Yellow Leaf Disease,10,False,0.9682862162590027,0.0,Pokkah Boeng,0.018757129088044167,Healthy Leaves,0.00400681234896183,N/A,CROSS_CROP_FALSE_ALARM
TRACK_B_EXTERNAL,Tomato,external_tomato,Tomato_Leaf_Disease_Dataset_Pakistan,D:\CropDiseaseProject\results\model_robustness_audit\audit_images\track_b_external\tomato\Tomato___Leaf_Mold\pak_607-155-0.jpg,Tomato___Leaf_Mold,3,Tomato___Tomato_Yellow_Leaf_Curl_Virus,7,False,0.9681888818740845,0.0015346036525443196,Tomato___Late_blight,0.016617923974990845,Tomato___Early_blight,0.013396679423749447,HIGH,MISCLASSIFICATION
TRACK_D_CROSS_CROP,Grape,cross_crop_tomato_to_grape,Tomato Held-Out Test,D:\CropDiseaseProject\tomato_plantvillage\Tomato___healthy\651c7556-f25e-46b9-97db-4793a2a3b642___RS_HL 0219.JPG,Cross-Crop: Tomato,-1,Healthy Leaves,4,False,0.9681017994880676,0.0,Powdery Mildew,0.031852975487709045,Bacterial Leaf Spot,2.5971010472858325e-05,N/A,CROSS_CROP_FALSE_ALARM
TRACK_D_CROSS_CROP,Tomato,cross_crop_grape_to_tomato,Grape Held-Out Test,D:\CropDiseaseProject\grape_2024\leaf blight\leaf blight021.jpg,Cross-Crop: Grape,-1,Tomato___Septoria_leaf_spot,4,False,0.9680174589157104,0.0,Tomato___Early_blight,0.031863871961832047,Tomato___Bacterial_spot,0.0001134339690906927,N/A,CROSS_CROP_FALSE_ALARM
TRACK_D_CROSS_CROP,Tomato,cross_crop_chilli_to_tomato,Chilli Held-Out Test,D:\CropDiseaseProject\chilli_cold\cerocospora\IMG_4053.JPG,Cross-Crop: Chilli,-1,Tomato___Early_blight,1,False,0.9679186344146729,0.0,Tomato___Target_Spot,0.029709557071328163,Tomato___Late_blight,0.0022403020411729813,N/A,CROSS_CROP_FALSE_ALARM
TRACK_B_EXTERNAL,Tomato,external_tomato,Tomato_Leaf_Disease_Dataset_Pakistan,D:\CropDiseaseProject\results\model_robustness_audit\audit_images\track_b_external\tomato\Tomato___Septoria_leaf_spot\pak_1723454507354.jpg,Tomato___Septoria_leaf_spot,4,Tomato___Early_blight,1,False,0.9676703810691833,0.02946573495864868,Tomato___Septoria_leaf_spot,0.02946573495864868,Tomato___Bacterial_spot,0.002285112626850605,HIGH,MISCLASSIFICATION
TRACK_D_UNRELATED,Grape,unrelated_non_leaf,OpenCV Standard Non-Leaf Benchmark,D:\CropDiseaseProject\results\model_robustness_audit\audit_images\track_d_unrelated\building.jpg,Unrelated / Non-Leaf,-1,Esca (Black Measles),3,False,0.9675326943397522,0.0,Leaf Blight,0.01858607865869999,Powdery Mildew,0.008122448809444904,N/A,UNRELATED_FALSE_ALARM
TRACK_B_EXTERNAL,Tomato,external_tomato,Tomato_Leaf_Disease_Dataset_Pakistan,D:\CropDiseaseProject\results\model_robustness_audit\audit_images\track_b_external\tomato\Tomato___Late_blight\pak_IMG_4182.JPG.jpg,Tomato___Late_blight,2,Tomato___Early_blight,1,False,0.9674113988876343,0.032171111553907394,Tomato___Late_blight,0.032171111553907394,Tomato___Bacterial_spot,0.00041412614518776536,HIGH,MISCLASSIFICATION
TRACK_B_EXTERNAL,Sugarcane,external_sugarcane,Sabid-Sugarcane-Dataset,D:\CropDiseaseProject\results\model_robustness_audit\audit_images\track_b_external\sugarcane\Healthy Leaves\sabid_S_H-47-_jpg.rf.b03d8a183adb0867be3919b2bb4881ad.jpg,Healthy Leaves,3,Mosaic / Viral Disease,4,False,0.9674094915390015,0.006749304942786694,Pokkah Boeng,0.013869107700884342,Rust (Brown Rust),0.008837408386170864,HIGH,MISCLASSIFICATION
TRACK_B_EXTERNAL,Tomato,external_tomato,PlantDoc-Dataset,D:\CropDiseaseProject\results\model_robustness_audit\audit_images\track_b_external\tomato\Tomato___Tomato_mosaic_virus\plantdoc_Tomato_mosaic_virus.jpg,Tomato___Tomato_mosaic_virus,8,Tomato___Late_blight,2,False,0.9673781394958496,8.909540660795301e-09,Tomato___Early_blight,0.03239777684211731,Tomato___Tomato_Yellow_Leaf_Curl_Virus,0.00013195128121878952,HIGH,MISCLASSIFICATION
TRACK_B_EXTERNAL,Tomato,external_tomato,Tomato_Leaf_Disease_Dataset_Pakistan,D:\CropDiseaseProject\results\model_robustness_audit\audit_images\track_b_external\tomato\Tomato___Septoria_leaf_spot\pak_EB_(969).jpg,Tomato___Septoria_leaf_spot,4,Tomato___Early_blight,1,False,0.9672159552574158,0.0012454127427190542,Tomato___Late_blight,0.03109128400683403,Tomato___Septoria_leaf_spot,0.0012454127427190542,HIGH,MISCLASSIFICATION
TRACK_C_REALWORLD,Tomato,realworld_tomato,FARMER_FIELD_PHOTO,D:\CropDiseaseProject\results\model_robustness_audit\audit_images\track_c_realworld\tomato\Tomato___healthy\pak_field_IMG_20251102_153304.jpg,Tomato___healthy,9,Tomato___Early_blight,1,False,0.9667885899543762,5.677122771885479e-07,Tomato___Late_blight,0.021128695458173752,Tomato___Bacterial_spot,0.008030268363654613,HIGH,MISCLASSIFICATION
TRACK_C_REALWORLD,Tomato,realworld_tomato,FARMER_FIELD_PHOTO,D:\CropDiseaseProject\results\model_robustness_audit\audit_images\track_c_realworld\tomato\Tomato___Tomato_Yellow_Leaf_Curl_Virus\pak_field_tomato-plant-virus-tomato-yellow-leaf-curl-virus-tomato-plant-disease-mosaic-virus.jpg,Tomato___Tomato_Yellow_Leaf_Curl_Virus,7,Tomato___Late_blight,2,False,0.9663837552070618,0.017581699416041374,Tomato___Tomato_Yellow_Leaf_Curl_Virus,0.017581699416041374,Tomato___healthy,0.011468678712844849,HIGH,MISCLASSIFICATION
TRACK_B_EXTERNAL,Tomato,external_tomato,Tomato_Leaf_Disease_Dataset_Pakistan,D:\CropDiseaseProject\results\model_robustness_audit\audit_images\track_b_external\tomato\Tomato___Tomato_Yellow_Leaf_Curl_Virus\pak_IMG_20251102_154344.jpg,Tomato___Tomato_Yellow_Leaf_Curl_Virus,7,Tomato___Early_blight,1,False,0.9663047194480896,0.00026377508766017854,Tomato___Late_blight,0.02724675089120865,Tomato___Target_Spot,0.002681266749277711,HIGH,MISCLASSIFICATION
TRACK_B_EXTERNAL,Sugarcane,external_sugarcane,Sabid-Sugarcane-Dataset,D:\CropDiseaseProject\results\model_robustness_audit\audit_images\track_b_external\sugarcane\Healthy Leaves\sabid_S_H-15-_jpg.rf.9fb3c8e45de5f6afc1831c9db567e3c8.jpg,Healthy Leaves,3,Pokkah Boeng,5,False,0.9661197066307068,0.0011312520364299417,Brown Spot,0.01459124218672514,Yellow Leaf Disease,0.011000505648553371,HIGH,MISCLASSIFICATION
TRACK_C_REALWORLD,Tomato,realworld_tomato,FARMER_FIELD_PHOTO,D:\CropDiseaseProject\results\model_robustness_audit\audit_images\track_c_realworld\tomato\Tomato___Leaf_Mold\pak_field_IMG-20240725-WA0025.jpg,Tomato___Leaf_Mold,3,Tomato___Septoria_leaf_spot,4,False,0.9658811092376709,5.060747554352929e-08,Tomato___Bacterial_spot,0.028908684849739075,Tomato___Early_blight,0.004756609443575144,MEDIUM,MISCLASSIFICATION
TRACK_A_INTERNAL,Sugarcane,sugarcane_maharashtra,sugarcane_maharashtra,D:\CropDiseaseProject\sugarcane_maharashtra\RedRot\redrot (169).jpeg,Red Rot,6,Healthy Leaves,3,False,0.965873122215271,0.0067216418683528,Brown Spot,0.0185938645154237,Pokkah Boeng,0.0076940557919442,HIGH,MISCLASSIFICATION
TRACK_B_EXTERNAL,Tomato,external_tomato,Tomato_Leaf_Disease_Dataset_Pakistan,D:\CropDiseaseProject\results\model_robustness_audit\audit_images\track_b_external\tomato\Tomato___Leaf_Mold\pak_6032331.JPG.jpg,Tomato___Leaf_Mold,3,Tomato___Early_blight,1,False,0.9657567143440247,4.150729000684805e-05,Tomato___Late_blight,0.034196946769952774,Tomato___Leaf_Mold,4.150729000684805e-05,HIGH,MISCLASSIFICATION
TRACK_A_INTERNAL,Sugarcane,sugarcane_maharashtra,sugarcane_maharashtra,D:\CropDiseaseProject\sugarcane_maharashtra\Rust\rust (94).jpeg,Rust (Brown Rust),7,Red Rot,6,False,0.9654846787452698,0.0272321216762065,Rust (Brown Rust),0.0272321216762065,Yellow Leaf Disease,0.0049956180155277,HIGH,MISCLASSIFICATION
TRACK_C_REALWORLD,Grape,realworld_grape,VINEYARD_FIELD_PHOTO,D:\CropDiseaseProject\results\model_robustness_audit\audit_images\track_c_realworld\grape\Black Rot\vineyard_00000046.jpg,Black Rot,1,Powdery Mildew,6,False,0.9649417400360107,2.8634438422159292e-05,Healthy Leaves,0.019014189019799232,Downy Mildew,0.01536078006029129,HIGH,MISCLASSIFICATION
TRACK_C_REALWORLD,Chilli,realworld_chilli,CHILI_FIELD_PHOTO,D:\CropDiseaseProject\results\model_robustness_audit\audit_images\track_c_realworld\chilli\murda complex\ulfa_field_Leaf_Curl__1041_.jpg,murda complex,2,cerocospora,0,False,0.9644427299499512,0.003486902453005314,powdery mildew,0.01335300412029028,nutritional deficiency,0.012463752180337906,HIGH,MISCLASSIFICATION
TRACK_C_REALWORLD,Grape,realworld_grape,VINEYARD_FIELD_PHOTO,D:\CropDiseaseProject\results\model_robustness_audit\audit_images\track_c_realworld\grape\Esca (Black Measles)\vineyard_00000057.jpg,Esca (Black Measles),3,Healthy Leaves,4,False,0.9643194079399109,0.014983984641730785,Powdery Mildew,0.02004820667207241,Esca (Black Measles),0.014983984641730785,HIGH,MISCLASSIFICATION
TRACK_B_EXTERNAL,Grape,external_grape,AI-Challenger-2018-Grape,D:\CropDiseaseProject\results\model_robustness_audit\audit_images\track_b_external\grape\Esca (Black Measles)\baliwaka_00000012.jpg,Esca (Black Measles),3,Healthy Leaves,4,False,0.9637083411216736,0.005444359965622425,Powdery Mildew,0.030248384922742844,Esca (Black Measles),0.005444359965622425,HIGH,MISCLASSIFICATION
TRACK_B_EXTERNAL,Grape,external_grape,AI-Challenger-2018-Grape,D:\CropDiseaseProject\results\model_robustness_audit\audit_images\track_b_external\grape\Leaf Blight\baliwaka_00000026.jpg,Leaf Blight,5,Powdery Mildew,6,False,0.9635820388793945,0.001144894864410162,Healthy Leaves,0.014023439027369022,Downy Mildew,0.009738396853208542,HIGH,MISCLASSIFICATION
TRACK_C_REALWORLD,Tomato,realworld_tomato,FARMER_FIELD_PHOTO,D:\CropDiseaseProject\results\model_robustness_audit\audit_images\track_c_realworld\tomato\Tomato___Septoria_leaf_spot\pak_field_EB__971_.jpg,Tomato___Septoria_leaf_spot,4,Tomato___Early_blight,1,False,0.9634602069854736,0.03543480858206749,Tomato___Septoria_leaf_spot,0.03543480858206749,Tomato___Tomato_Yellow_Leaf_Curl_Virus,0.0006620371714234352,HIGH,MISCLASSIFICATION
TRACK_B_EXTERNAL,Grape,external_grape,AI-Challenger-2018-Grape,D:\CropDiseaseProject\results\model_robustness_audit\audit_images\track_b_external\grape\Leaf Blight\baliwaka_00000025.jpg,Leaf Blight,5,Powdery Mildew,6,False,0.9634547829627991,0.009221034124493599,Leaf Blight,0.009221034124493599,Healthy Leaves,0.008960516192018986,HIGH,MISCLASSIFICATION
TRACK_B_EXTERNAL,Tomato,external_tomato,Tomato_Leaf_Disease_Dataset_Pakistan,D:\CropDiseaseProject\results\model_robustness_audit\audit_images\track_b_external\tomato\Tomato___Late_blight\pak_Gls35.jpg,Tomato___Late_blight,2,Tomato___Early_blight,1,False,0.9632514119148254,0.03527415916323662,Tomato___Late_blight,0.03527415916323662,Tomato___Target_Spot,0.0011761091882362962,HIGH,MISCLASSIFICATION
TRACK_B_EXTERNAL,Tomato,external_tomato,PlantDoc-Dataset,D:\CropDiseaseProject\results\model_robustness_audit\audit_images\track_b_external\tomato\Tomato___Tomato_mosaic_virus\plantdoc_thumb-500.jpg,Tomato___Tomato_mosaic_virus,8,Tomato___Late_blight,2,False,0.9631971120834351,5.231215141066059e-07,Tomato___Early_blight,0.03216947615146637,Tomato___healthy,0.002696963958442211,HIGH,MISCLASSIFICATION
TRACK_C_REALWORLD,Tomato,realworld_tomato,FARMER_FIELD_PHOTO,D:\CropDiseaseProject\results\model_robustness_audit\audit_images\track_c_realworld\tomato\Tomato___Tomato_Yellow_Leaf_Curl_Virus\pak_field_IMG_20251102_155156.jpg,Tomato___Tomato_Yellow_Leaf_Curl_Virus,7,Tomato___Late_blight,2,False,0.9630981683731079,4.86214135619889e-09,Tomato___Early_blight,0.03655729442834854,Tomato___Septoria_leaf_spot,0.00023800514463800937,HIGH,MISCLASSIFICATION
TRACK_C_REALWORLD,Tomato,realworld_tomato,FARMER_FIELD_PHOTO,D:\CropDiseaseProject\results\model_robustness_audit\audit_images\track_c_realworld\tomato\Tomato___Septoria_leaf_spot\pak_field_Gls37_change_90.jpg,Tomato___Septoria_leaf_spot,4,Tomato___Early_blight,1,False,0.9628118276596069,0.03694342076778412,Tomato___Septoria_leaf_spot,0.03694342076778412,Tomato___Late_blight,0.00019264454022049904,HIGH,MISCLASSIFICATION
TRACK_B_EXTERNAL,Grape,external_grape,AI-Challenger-2018-Grape,D:\CropDiseaseProject\results\model_robustness_audit\audit_images\track_b_external\grape\Leaf Blight\baliwaka_00000002.jpg,Leaf Blight,5,Powdery Mildew,6,False,0.9624199271202087,0.005182652268558741,Downy Mildew,0.022080207243561745,Esca (Black Measles),0.009371847845613956,HIGH,MISCLASSIFICATION
TRACK_B_EXTERNAL,Grape,external_grape,GLDD-Dataset,D:\CropDiseaseProject\results\model_robustness_audit\audit_images\track_b_external\grape\Downy Mildew\gldd_5602752-PPT_jpg.rf.18159aff56ffc80775474bd1cf251bfc.jpg,Downy Mildew,2,Powdery Mildew,6,False,0.9623737931251526,0.028033629059791565,Downy Mildew,0.028033629059791565,Black Rot,0.006935520097613335,HIGH,MISCLASSIFICATION
TRACK_A_INTERNAL,Chilli,chilli_cold,chilli_cold,D:\CropDiseaseProject\chilli_cold\nutritional deficiency\IMG_4449.JPG,nutritional deficiency,3,cerocospora,0,False,0.9619941115379332,0.0198091398924589,nutritional deficiency,0.0198091398924589,murda complex,0.011573371477425,HIGH,MISCLASSIFICATION
TRACK_B_EXTERNAL,Tomato,external_tomato,Tomato_Leaf_Disease_Dataset_Pakistan,D:\CropDiseaseProject\results\model_robustness_audit\audit_images\track_b_external\tomato\Tomato___Septoria_leaf_spot\pak_5008922249_880e15c21f.jpg,Tomato___Septoria_leaf_spot,4,Tomato___Early_blight,1,False,0.9613574743270874,0.03864248842000961,Tomato___Septoria_leaf_spot,0.03864248842000961,Tomato___Tomato_Yellow_Leaf_Curl_Virus,5.536578129294867e-08,HIGH,MISCLASSIFICATION
TRACK_D_CROSS_CROP,Sugarcane,cross_crop_grape_to_sugarcane,Grape Held-Out Test,D:\CropDiseaseProject\grape_2024\Black rot\black rot477.jpg,Cross-Crop: Grape,-1,Yellow Leaf Disease,10,False,0.9611408710479736,0.0,Mosaic / Viral Disease,0.017124321311712265,Pokkah Boeng,0.014800514094531536,N/A,CROSS_CROP_FALSE_ALARM
TRACK_C_REALWORLD,Tomato,realworld_tomato,INTERNET_PLANTDOC_TEST,D:\CropDiseaseProject\results\model_robustness_audit\audit_images\track_c_realworld\tomato\Tomato___Late_blight\pd_real_70.jpg,Tomato___Late_blight,2,Tomato___Early_blight,1,False,0.960793673992157,0.03739846870303154,Tomato___Late_blight,0.03739846870303154,Tomato___Bacterial_spot,0.0014574495144188404,HIGH,MISCLASSIFICATION
TRACK_B_EXTERNAL,Sugarcane,external_sugarcane,Sabid-Sugarcane-Dataset,D:\CropDiseaseProject\results\model_robustness_audit\audit_images\track_b_external\sugarcane\Red Rot\sabid_S_RR-8-_JPG.rf.5af31a717f071df790317588fd071e24.jpg,Red Rot,6,Rust (Brown Rust),7,False,0.9607591032981873,0.0034034184645861387,Healthy Leaves,0.03465985506772995,Red Rot,0.0034034184645861387,HIGH,MISCLASSIFICATION
TRACK_B_EXTERNAL,Tomato,external_tomato,Sylhet-Tomato-Dataset,D:\CropDiseaseProject\results\model_robustness_audit\audit_images\track_b_external\tomato\Tomato___Target_Spot\rk_sau_IMG_1051_JPG.rf.cfbec8fbdd22aa79605bfae78725f544.jpg,Tomato___Target_Spot,6,Tomato___Late_blight,2,False,0.9605855345726013,9.230664727510884e-05,Tomato___Early_blight,0.03886861726641655,Tomato___healthy,0.0004177673254162073,HIGH,MISCLASSIFICATION
TRACK_C_REALWORLD,Grape,realworld_grape,VINEYARD_FIELD_PHOTO,D:\CropDiseaseProject\results\model_robustness_audit\audit_images\track_c_realworld\grape\Downy Mildew\gldd_field_image14_jpeg_jpg.rf.7d0dabbcda2a7f227e74000d861bc1d0.jpg,Downy Mildew,2,Powdery Mildew,6,False,0.9602044224739075,0.015706777572631836,Healthy Leaves,0.02384987846016884,Downy Mildew,0.015706777572631836,HIGH,MISCLASSIFICATION
TRACK_C_REALWORLD,Tomato,realworld_tomato,FARMER_FIELD_PHOTO,D:\CropDiseaseProject\results\model_robustness_audit\audit_images\track_c_realworld\tomato\Tomato___Early_blight\pak_field_IMG_20251102_155059.jpg,Tomato___Early_blight,1,Tomato___Late_blight,2,False,0.9597368836402893,0.038422439247369766,Tomato___Early_blight,0.038422439247369766,Tomato___Bacterial_spot,0.0017861311789602041,HIGH,MISCLASSIFICATION
TRACK_B_EXTERNAL,Tomato,external_tomato,Tomato_Leaf_Disease_Dataset_Pakistan,D:\CropDiseaseProject\results\model_robustness_audit\audit_images\track_b_external\tomato\Tomato___healthy\pak_HL_(36).jpg,Tomato___healthy,9,Tomato___Late_blight,2,False,0.9596646428108215,5.914641860726988e-06,Tomato___Early_blight,0.03987143188714981,Tomato___Septoria_leaf_spot,0.00031467212829738855,HIGH,MISCLASSIFICATION
TRACK_D_CROSS_CROP,Grape,cross_crop_chilli_to_grape,Chilli Held-Out Test,D:\CropDiseaseProject\chilli_cold\murda complex\IMG_5639.JPG,Cross-Crop: Chilli,-1,Leaf Blight,5,False,0.9593799114227295,0.0,Esca (Black Measles),0.03508847579360008,Black Rot,0.0055313715711236,N/A,CROSS_CROP_FALSE_ALARM
TRACK_D_CROSS_CROP,Tomato,cross_crop_chilli_to_tomato,Chilli Held-Out Test,D:\CropDiseaseProject\chilli_cold\cerocospora\IMG_5228.JPG,Cross-Crop: Chilli,-1,Tomato___Early_blight,1,False,0.9593766331672668,0.0,Tomato___Bacterial_spot,0.02287277951836586,Tomato___Late_blight,0.015819143503904343,N/A,CROSS_CROP_FALSE_ALARM
TRACK_B_EXTERNAL,Tomato,external_tomato,PlantDoc-Dataset,D:\CropDiseaseProject\results\model_robustness_audit\audit_images\track_b_external\tomato\Tomato___Tomato_mosaic_virus\plantdoc_mosaic-virus-foliage.jpg,Tomato___Tomato_mosaic_virus,8,Tomato___Late_blight,2,False,0.9592663645744324,8.108350796343089e-12,Tomato___Early_blight,0.040571942925453186,Tomato___Leaf_Mold,6.555384607054293e-05,HIGH,MISCLASSIFICATION
TRACK_B_EXTERNAL,Tomato,external_tomato,Tomato_Leaf_Disease_Dataset_Pakistan,D:\CropDiseaseProject\results\model_robustness_audit\audit_images\track_b_external\tomato\Tomato___Tomato_Yellow_Leaf_Curl_Virus\pak_3782849713_398f3a1086_b_jpg.rf.459a511773f9b32c153d53a41b5bd3d2.jpg,Tomato___Tomato_Yellow_Leaf_Curl_Virus,7,Tomato___Late_blight,2,False,0.9591180682182312,0.012899192981421947,Tomato___Tomato_Yellow_Leaf_Curl_Virus,0.012899192981421947,Tomato___Early_blight,0.010581079870462418,HIGH,MISCLASSIFICATION
TRACK_A_INTERNAL,Sugarcane,sugarcane_maharashtra,sugarcane_maharashtra,D:\CropDiseaseProject\sugarcane_maharashtra\RedRot\redrot (490).jpeg,Red Rot,6,Brown Spot,1,False,0.958939492702484,0.0275762937963008,Red Rot,0.0275762937963008,Yellow Leaf Disease,0.0055317166261374,HIGH,MISCLASSIFICATION
TRACK_D_CROSS_CROP,Tomato,cross_crop_chilli_to_tomato,Chilli Held-Out Test,D:\CropDiseaseProject\chilli_cold\murda complex\IMG_5639.JPG,Cross-Crop: Chilli,-1,Tomato___Late_blight,2,False,0.9584394693374634,0.0,Tomato___Early_blight,0.04153820499777794,Tomato___Septoria_leaf_spot,1.9309018171043135e-05,N/A,CROSS_CROP_FALSE_ALARM
TRACK_D_CROSS_CROP,Tomato,cross_crop_sugarcane_to_tomato,Sugarcane Held-Out Test,D:\CropDiseaseProject\sugarcane_large\Diseases\Brown Spot\image1496.jpg,Cross-Crop: Sugarcane,-1,Tomato___Late_blight,2,False,0.9578714370727539,0.0,Tomato___Tomato_Yellow_Leaf_Curl_Virus,0.04205920919775963,Tomato___Early_blight,6.639968341914937e-05,N/A,CROSS_CROP_FALSE_ALARM
TRACK_B_EXTERNAL,Grape,external_grape,AI-Challenger-2018-Grape,D:\CropDiseaseProject\results\model_robustness_audit\audit_images\track_b_external\grape\Leaf Blight\baliwaka_00000016.jpg,Leaf Blight,5,Bacterial Leaf Spot,0,False,0.9574388265609741,0.005174312740564346,Powdery Mildew,0.018800916150212288,Healthy Leaves,0.0102844825014472,HIGH,MISCLASSIFICATION
TRACK_D_CROSS_CROP,Sugarcane,cross_crop_tomato_to_sugarcane,Tomato Held-Out Test,D:\CropDiseaseProject\tomato_plantvillage\Tomato___healthy\651c7556-f25e-46b9-97db-4793a2a3b642___RS_HL 0219.JPG,Cross-Crop: Tomato,-1,Mosaic / Viral Disease,4,False,0.9567356109619141,0.0,Smut,0.02109578810632229,Yellow Leaf Disease,0.009253334254026413,N/A,CROSS_CROP_FALSE_ALARM
TRACK_B_EXTERNAL,Tomato,external_tomato,PlantDoc-Dataset,D:\CropDiseaseProject\results\model_robustness_audit\audit_images\track_b_external\tomato\Tomato___Tomato_mosaic_virus\plantdoc_image024.jpg,Tomato___Tomato_mosaic_virus,8,Tomato___Early_blight,1,False,0.9559685587882996,2.4732673686855833e-09,Tomato___Late_blight,0.04209144413471222,Tomato___Target_Spot,0.0008287834352813661,HIGH,MISCLASSIFICATION
TRACK_D_CROSS_CROP,Chilli,cross_crop_tomato_to_chilli,Tomato Held-Out Test,D:\CropDiseaseProject\tomato_plantvillage\Tomato___Bacterial_spot\2a377230-f904-4646-95da-76e242051242___GCREC_Bact.Sp 3085.JPG,Cross-Crop: Tomato,-1,cerocospora,0,False,0.9558126926422119,0.0,nutritional deficiency,0.028415359556674957,healthy,0.013288437388837337,N/A,CROSS_CROP_FALSE_ALARM
TRACK_B_EXTERNAL,Grape,external_grape,PlantDoc-Dataset,D:\CropDiseaseProject\results\model_robustness_audit\audit_images\track_b_external\grape\Healthy Leaves\plantdoc_grape-leaf-detail-1457175.jpg,Healthy Leaves,4,Powdery Mildew,6,False,0.9556708335876465,0.044327449053525925,Healthy Leaves,0.044327449053525925,Downy Mildew,1.7190428707181127e-06,HIGH,MISCLASSIFICATION
TRACK_B_EXTERNAL,Tomato,external_tomato,Tomato_Leaf_Disease_Dataset_Pakistan,D:\CropDiseaseProject\results\model_robustness_audit\audit_images\track_b_external\tomato\Tomato___Leaf_Mold\pak_IMG-20240724-WA0023.jpg,Tomato___Leaf_Mold,3,Tomato___Early_blight,1,False,0.955531895160675,5.065632358025596e-09,Tomato___Bacterial_spot,0.044209565967321396,Tomato___Late_blight,0.00016274710651487112,HIGH,MISCLASSIFICATION
TRACK_B_EXTERNAL,Tomato,external_tomato,Tomato_Leaf_Disease_Dataset_Pakistan,D:\CropDiseaseProject\results\model_robustness_audit\audit_images\track_b_external\tomato\Tomato___Tomato_Yellow_Leaf_Curl_Virus\pak_DSC02006.JPG.jpg,Tomato___Tomato_Yellow_Leaf_Curl_Virus,7,Tomato___Late_blight,2,False,0.9555153846740723,0.0021670532878488302,Tomato___Leaf_Mold,0.04191780462861061,Tomato___Tomato_Yellow_Leaf_Curl_Virus,0.0021670532878488302,HIGH,MISCLASSIFICATION
TRACK_D_CROSS_CROP,Tomato,cross_crop_grape_to_tomato,Grape Held-Out Test,D:\CropDiseaseProject\grape_2024\healthy\healthy1085.jpg,Cross-Crop: Grape,-1,Tomato___Septoria_leaf_spot,4,False,0.9550861716270447,0.0,Tomato___Bacterial_spot,0.028299346566200256,Tomato___Tomato_Yellow_Leaf_Curl_Virus,0.013320965692400932,N/A,CROSS_CROP_FALSE_ALARM
TRACK_B_EXTERNAL,Tomato,external_tomato,Tomato_Leaf_Disease_Dataset_Pakistan,D:\CropDiseaseProject\results\model_robustness_audit\audit_images\track_b_external\tomato\Tomato___Tomato_Yellow_Leaf_Curl_Virus\pak_IMG_20251102_154350.jpg,Tomato___Tomato_Yellow_Leaf_Curl_Virus,7,Tomato___Late_blight,2,False,0.9548784494400024,1.4491416777673294e-06,Tomato___Early_blight,0.04478858411312103,Tomato___Bacterial_spot,0.0001803885243134573,HIGH,MISCLASSIFICATION
TRACK_C_REALWORLD,Tomato,realworld_tomato,FARMER_FIELD_PHOTO,D:\CropDiseaseProject\results\model_robustness_audit\audit_images\track_c_realworld\tomato\Tomato___healthy\pak_field_IMG_20251102_152940.jpg,Tomato___healthy,9,Tomato___Late_blight,2,False,0.9546229839324951,4.3873827962670475e-05,Tomato___Early_blight,0.043505653738975525,Tomato___Bacterial_spot,0.0014147196197882295,HIGH,MISCLASSIFICATION
TRACK_D_UNRELATED,Chilli,unrelated_non_leaf,OpenCV Standard Non-Leaf Benchmark,D:\CropDiseaseProject\results\model_robustness_audit\audit_images\track_d_unrelated\graf1.png,Unrelated / Non-Leaf,-1,cerocospora,0,False,0.9544997811317444,0.0,healthy,0.02190808765590191,murda complex,0.016872305423021317,N/A,UNRELATED_FALSE_ALARM
TRACK_D_CROSS_CROP,Sugarcane,cross_crop_tomato_to_sugarcane,Tomato Held-Out Test,D:\CropDiseaseProject\tomato_plantvillage\Tomato___Early_blight\239213d8-587b-48a8-bfdf-03157ba8e95d___RS_Erly.B 6385.JPG,Cross-Crop: Tomato,-1,Mosaic / Viral Disease,4,False,0.9543439745903015,0.0,Rust (Brown Rust),0.023116465657949448,Smut,0.015853341668844223,N/A,CROSS_CROP_FALSE_ALARM
TRACK_D_CROSS_CROP,Sugarcane,cross_crop_tomato_to_sugarcane,Tomato Held-Out Test,D:\CropDiseaseProject\tomato_plantvillage\Tomato___Tomato_Yellow_Leaf_Curl_Virus\b6bd0474-9f04-4dc0-a412-de38a9ae5154___UF.GRC_YLCV_Lab 02397.JPG,Cross-Crop: Tomato,-1,Pokkah Boeng,5,False,0.9543125629425049,0.0,Yellow Leaf Disease,0.029611367732286453,Mosaic / Viral Disease,0.008862439543008804,N/A,CROSS_CROP_FALSE_ALARM
TRACK_D_CROSS_CROP,Sugarcane,cross_crop_tomato_to_sugarcane,Tomato Held-Out Test,D:\CropDiseaseProject\tomato_plantvillage\Tomato___Bacterial_spot\b7c4e0c0-a388-44e8-9c5c-d2db995557ab___GCREC_Bact.Sp 3667.JPG,Cross-Crop: Tomato,-1,Rust (Brown Rust),7,False,0.9540174603462219,0.0,Mosaic / Viral Disease,0.033484891057014465,Yellow Leaf Disease,0.010067187249660492,N/A,CROSS_CROP_FALSE_ALARM
TRACK_B_EXTERNAL,Tomato,external_tomato,Sylhet-Tomato-Dataset,D:\CropDiseaseProject\results\model_robustness_audit\audit_images\track_b_external\tomato\Tomato___Target_Spot\rk_sau_IMG_1051_JPG.rf.102855683e83a3c0007a0bf7b092a200.jpg,Tomato___Target_Spot,6,Tomato___Late_blight,2,False,0.9535342454910278,0.000125439531984739,Tomato___Early_blight,0.04578935354948044,Tomato___healthy,0.0005164282629266381,HIGH,MISCLASSIFICATION
TRACK_D_CROSS_CROP,Grape,cross_crop_tomato_to_grape,Tomato Held-Out Test,D:\CropDiseaseProject\tomato_plantvillage\Tomato___Tomato_Yellow_Leaf_Curl_Virus\1cba0a0a-1e54-4ce9-b88c-722a6e8e12b7___YLCV_GCREC 2409.JPG,Cross-Crop: Tomato,-1,Healthy Leaves,4,False,0.9525037407875061,0.0,Powdery Mildew,0.024316847324371338,Downy Mildew,0.013313447125256062,N/A,CROSS_CROP_FALSE_ALARM
TRACK_B_EXTERNAL,Grape,external_grape,GLDD-Dataset,D:\CropDiseaseProject\results\model_robustness_audit\audit_images\track_b_external\grape\Downy Mildew\gldd_5602347-PPT_jpg.rf.c1f77f67ad4ad50b0ac5e3af9a8a5a3d.jpg,Downy Mildew,2,Healthy Leaves,4,False,0.9521987438201904,2.1446833216032246e-06,Esca (Black Measles),0.04682080075144768,Black Rot,0.0004939486971125007,HIGH,MISCLASSIFICATION
TRACK_D_CROSS_CROP,Chilli,cross_crop_sugarcane_to_chilli,Sugarcane Held-Out Test,D:\CropDiseaseProject\sugarcane_large\Diseases\Yellow Leaf\Yellow Leaf650.jpg,Cross-Crop: Sugarcane,-1,cerocospora,0,False,0.952024519443512,0.0,nutritional deficiency,0.027446022257208824,healthy,0.01607643999159336,N/A,CROSS_CROP_FALSE_ALARM
TRACK_B_EXTERNAL,Tomato,external_tomato,Tomato_Leaf_Disease_Dataset_Pakistan,D:\CropDiseaseProject\results\model_robustness_audit\audit_images\track_b_external\tomato\Tomato___Leaf_Mold\pak_23633262_1572609386115825_1396180255_o.jpg,Tomato___Leaf_Mold,3,Tomato___Early_blight,1,False,0.9509479999542236,4.076570348843234e-06,Tomato___Septoria_leaf_spot,0.03615850955247879,Tomato___Late_blight,0.012670468538999557,HIGH,MISCLASSIFICATION
TRACK_D_UNRELATED,Chilli,unrelated_non_leaf,OpenCV Standard Non-Leaf Benchmark,D:\CropDiseaseProject\results\model_robustness_audit\audit_images\track_d_unrelated\chessboard.png,Unrelated / Non-Leaf,-1,cerocospora,0,False,0.9506956934928894,0.0,murda complex,0.024397635832428932,healthy,0.01846477948129177,N/A,UNRELATED_FALSE_ALARM
TRACK_C_REALWORLD,Tomato,realworld_tomato,FARMER_FIELD_PHOTO,D:\CropDiseaseProject\results\model_robustness_audit\audit_images\track_c_realworld\tomato\Tomato___healthy\pak_field_IMG_20251102_161615.jpg,Tomato___healthy,9,Tomato___Late_blight,2,False,0.950691819190979,8.761489880271256e-07,Tomato___Early_blight,0.04543454200029373,Tomato___Bacterial_spot,0.003262161510065198,HIGH,MISCLASSIFICATION
TRACK_B_EXTERNAL,Tomato,external_tomato,Tomato_Leaf_Disease_Dataset_Pakistan,D:\CropDiseaseProject\results\model_robustness_audit\audit_images\track_b_external\tomato\Tomato___Leaf_Mold\pak_IMG-20240724-WA0022.jpg,Tomato___Leaf_Mold,3,Tomato___Early_blight,1,False,0.950348973274231,3.6622495827032253e-06,Tomato___Late_blight,0.04934816062450409,Tomato___Septoria_leaf_spot,0.0002710389089770615,HIGH,MISCLASSIFICATION
TRACK_B_EXTERNAL,Tomato,external_tomato,PlantDoc-Dataset,D:\CropDiseaseProject\results\model_robustness_audit\audit_images\track_b_external\tomato\Tomato___Bacterial_spot\plantdoc_05-069f1.jpg,Tomato___Bacterial_spot,0,Tomato___Septoria_leaf_spot,4,False,0.9503294825553894,9.403336662217043e-06,Tomato___Early_blight,0.04965181648731232,Tomato___Bacterial_spot,9.403336662217043e-06,HIGH,MISCLASSIFICATION
TRACK_D_CROSS_CROP,Grape,cross_crop_tomato_to_grape,Tomato Held-Out Test,D:\CropDiseaseProject\tomato_plantvillage\Tomato___Tomato_Yellow_Leaf_Curl_Virus\b6bd0474-9f04-4dc0-a412-de38a9ae5154___UF.GRC_YLCV_Lab 02397.JPG,Cross-Crop: Tomato,-1,Healthy Leaves,4,False,0.9502034783363342,0.0,Powdery Mildew,0.04932351037859917,Bacterial Leaf Spot,0.0002833176404237747,N/A,CROSS_CROP_FALSE_ALARM
TRACK_D_CROSS_CROP,Tomato,cross_crop_chilli_to_tomato,Chilli Held-Out Test,D:\CropDiseaseProject\chilli_cold\powdery mildew\IMG_5589.JPG,Cross-Crop: Chilli,-1,Tomato___Late_blight,2,False,0.9500633478164673,0.0,Tomato___Early_blight,0.048821672797203064,Tomato___Tomato_Yellow_Leaf_Curl_Virus,0.000902378058526665,N/A,CROSS_CROP_FALSE_ALARM
TRACK_D_CROSS_CROP,Chilli,cross_crop_tomato_to_chilli,Tomato Held-Out Test,D:\CropDiseaseProject\tomato_plantvillage\Tomato___healthy\651c7556-f25e-46b9-97db-4793a2a3b642___RS_HL 0219.JPG,Cross-Crop: Tomato,-1,cerocospora,0,False,0.9499124884605408,0.0,murda complex,0.03498497232794762,healthy,0.013024266809225082,N/A,CROSS_CROP_FALSE_ALARM
TRACK_B_EXTERNAL,Grape,external_grape,AI-Challenger-2018-Grape,D:\CropDiseaseProject\results\model_robustness_audit\audit_images\track_b_external\grape\Leaf Blight\baliwaka_00000017.jpg,Leaf Blight,5,Powdery Mildew,6,False,0.9490072131156921,0.0067467475309967995,Bacterial Leaf Spot,0.017162328585982323,Downy Mildew,0.01607203297317028,HIGH,MISCLASSIFICATION
TRACK_B_EXTERNAL,Tomato,external_tomato,Tomato_Leaf_Disease_Dataset_Pakistan,D:\CropDiseaseProject\results\model_robustness_audit\audit_images\track_b_external\tomato\Tomato___Early_blight\pak_Early-Blight.jpg,Tomato___Early_blight,1,Tomato___Late_blight,2,False,0.9489341378211975,0.0508103147149086,Tomato___Early_blight,0.0508103147149086,Tomato___Leaf_Mold,0.0001481984363636002,HIGH,MISCLASSIFICATION
TRACK_B_EXTERNAL,Grape,external_grape,GLDD-Dataset,D:\CropDiseaseProject\results\model_robustness_audit\audit_images\track_b_external\grape\Powdery Mildew\gldd_d536f351-5599-4c59-8f9f-73e764357145_jpg.rf.7715b2f1481246db7d1d7f37482902de.jpg,Powdery Mildew,6,Healthy Leaves,4,False,0.9485298991203308,0.014838882721960545,Esca (Black Measles),0.020719658583402634,Powdery Mildew,0.014838882721960545,HIGH,MISCLASSIFICATION
TRACK_B_EXTERNAL,Grape,external_grape,AI-Challenger-2018-Grape,D:\CropDiseaseProject\results\model_robustness_audit\audit_images\track_b_external\grape\Esca (Black Measles)\baliwaka_00000020.jpg,Esca (Black Measles),3,Healthy Leaves,4,False,0.9483155608177185,0.0009581611957401037,Powdery Mildew,0.0339047908782959,Downy Mildew,0.016103923320770264,HIGH,MISCLASSIFICATION
TRACK_B_EXTERNAL,Grape,external_grape,AI-Challenger-2018-Grape,D:\CropDiseaseProject\results\model_robustness_audit\audit_images\track_b_external\grape\Leaf Blight\baliwaka_00000021.jpg,Leaf Blight,5,Powdery Mildew,6,False,0.9482808113098145,0.0002024191344389692,Bacterial Leaf Spot,0.03958525508642197,Healthy Leaves,0.006628693547099829,HIGH,MISCLASSIFICATION
TRACK_B_EXTERNAL,Grape,external_grape,AI-Challenger-2018-Grape,D:\CropDiseaseProject\results\model_robustness_audit\audit_images\track_b_external\grape\Black Rot\baliwaka_00000007.jpg,Black Rot,1,Powdery Mildew,6,False,0.9481501579284668,0.00020143884466961026,Healthy Leaves,0.03753798454999924,Downy Mildew,0.01306405384093523,HIGH,MISCLASSIFICATION
TRACK_A_INTERNAL,Tomato,tomato,tomato_plantvillage,D:\CropDiseaseProject\tomato_plantvillage\Tomato___Target_Spot\8bf33883-751c-4b5c-b50f-a955a4e0d8b7___Com.G_TgS_FL 1116.JPG,Tomato___Target_Spot,6,Tomato___Spider_mites Two-spotted_spider_mite,5,False,0.9479550719261168,0.049591664224863,Tomato___Target_Spot,0.049591664224863,Tomato___healthy,0.0015688876155763,HIGH,MISCLASSIFICATION
TRACK_D_CROSS_CROP,Sugarcane,cross_crop_grape_to_sugarcane,Grape Held-Out Test,D:\CropDiseaseProject\grape_2024\healthy\healthy533.jpg,Cross-Crop: Grape,-1,Healthy Leaves,3,False,0.946208655834198,0.0,Mosaic / Viral Disease,0.037917762994766235,Yellow Leaf Disease,0.012018575333058834,N/A,CROSS_CROP_FALSE_ALARM
TRACK_B_EXTERNAL,Tomato,external_tomato,PlantDoc-Dataset,D:\CropDiseaseProject\results\model_robustness_audit\audit_images\track_b_external\tomato\Tomato___Bacterial_spot\plantdoc_250_cb_20100819110637.jpg,Tomato___Bacterial_spot,0,Tomato___Early_blight,1,False,0.9457914233207703,0.01288479845970869,Tomato___Septoria_leaf_spot,0.025864386931061745,Tomato___Bacterial_spot,0.01288479845970869,HIGH,MISCLASSIFICATION
TRACK_D_UNRELATED,Chilli,unrelated_non_leaf,OpenCV Standard Non-Leaf Benchmark,D:\CropDiseaseProject\results\model_robustness_audit\audit_images\track_d_unrelated\detect_blob.png,Unrelated / Non-Leaf,-1,cerocospora,0,False,0.9446153044700623,0.0,murda complex,0.05422629043459892,healthy,0.0010017325403168797,N/A,UNRELATED_FALSE_ALARM
TRACK_D_UNRELATED,Tomato,unrelated_non_leaf,OpenCV Standard Non-Leaf Benchmark,D:\CropDiseaseProject\results\model_robustness_audit\audit_images\track_d_unrelated\notes.png,Unrelated / Non-Leaf,-1,Tomato___Late_blight,2,False,0.9443497657775879,0.0,Tomato___Early_blight,0.052674006670713425,Tomato___Bacterial_spot,0.002036638557910919,N/A,UNRELATED_FALSE_ALARM
TRACK_B_EXTERNAL,Tomato,external_tomato,Tomato_Leaf_Disease_Dataset_Pakistan,D:\CropDiseaseProject\results\model_robustness_audit\audit_images\track_b_external\tomato\Tomato___Tomato_Yellow_Leaf_Curl_Virus\pak_IMG_20251102_155036.jpg,Tomato___Tomato_Yellow_Leaf_Curl_Virus,7,Tomato___Late_blight,2,False,0.9443074464797974,6.654396202065982e-06,Tomato___Early_blight,0.05403909459710121,Tomato___Septoria_leaf_spot,0.0014668685616925359,HIGH,MISCLASSIFICATION
TRACK_C_REALWORLD,Sugarcane,realworld_sugarcane,SUGARCANE_FIELD_PHOTO,D:\CropDiseaseProject\results\model_robustness_audit\audit_images\track_c_realworld\sugarcane\Red Rot\sc_field_S_RR-4-_JPG.rf.1e0ed1944525a2640d3bf95143991216.jpg,Red Rot,6,Brown Spot,1,False,0.9439693093299866,0.00475101824849844,Rust (Brown Rust),0.04165319353342056,Banded Chlorosis,0.007129134610295296,HIGH,MISCLASSIFICATION
TRACK_B_EXTERNAL,Grape,external_grape,GLDD-Dataset,D:\CropDiseaseProject\results\model_robustness_audit\audit_images\track_b_external\grape\Powdery Mildew\gldd_66e3d906-fff6-4cfd-b5ff-ae5105a733f6_jpg.rf.a8a02dd8fe50bcfa712fb2ffb345411a.jpg,Powdery Mildew,6,Esca (Black Measles),3,False,0.9439387321472168,0.006497279275208712,Bacterial Leaf Spot,0.039031434804201126,Healthy Leaves,0.00826194416731596,HIGH,MISCLASSIFICATION
TRACK_B_EXTERNAL,Tomato,external_tomato,Tomato_Leaf_Disease_Dataset_Pakistan,D:\CropDiseaseProject\results\model_robustness_audit\audit_images\track_b_external\tomato\Tomato___Leaf_Mold\pak_23601051_1572608349449262_2029169498_o.jpg,Tomato___Leaf_Mold,3,Tomato___Late_blight,2,False,0.9436942934989929,5.692651029676199e-05,Tomato___Early_blight,0.05579673871397972,Tomato___Target_Spot,0.00030932543450035155,HIGH,MISCLASSIFICATION
TRACK_D_CROSS_CROP,Sugarcane,cross_crop_tomato_to_sugarcane,Tomato Held-Out Test,D:\CropDiseaseProject\tomato_plantvillage\Tomato___Septoria_leaf_spot\e65190f0-97e9-44a6-bcb8-9fe7d42e9200___Matt.S_CG 7413.JPG,Cross-Crop: Tomato,-1,Yellow Leaf Disease,10,False,0.9436715841293335,0.0,Smut,0.02147260122001171,Rust (Brown Rust),0.021444307640194893,N/A,CROSS_CROP_FALSE_ALARM
TRACK_B_EXTERNAL,Tomato,external_tomato,Sylhet-Tomato-Dataset,D:\CropDiseaseProject\results\model_robustness_audit\audit_images\track_b_external\tomato\Tomato___Target_Spot\rk_sau_IMG_1051_JPG.rf.b7eccf3fb9cb45a4ba170b34648f2869.jpg,Tomato___Target_Spot,6,Tomato___Late_blight,2,False,0.9432727694511414,8.640551095595583e-05,Tomato___Early_blight,0.056393757462501526,Tomato___healthy,0.00020183881861157715,HIGH,MISCLASSIFICATION
TRACK_B_EXTERNAL,Tomato,external_tomato,Tomato_Leaf_Disease_Dataset_Pakistan,D:\CropDiseaseProject\results\model_robustness_audit\audit_images\track_b_external\tomato\Tomato___Septoria_leaf_spot\pak_4853086777_bc41d29801.jpg,Tomato___Septoria_leaf_spot,4,Tomato___Early_blight,1,False,0.9429954290390015,8.572734077461064e-05,Tomato___Bacterial_spot,0.056700289249420166,Tomato___Late_blight,0.00019545800751075149,HIGH,MISCLASSIFICATION
TRACK_C_REALWORLD,Grape,realworld_grape,VINEYARD_FIELD_PHOTO,D:\CropDiseaseProject\results\model_robustness_audit\audit_images\track_c_realworld\grape\Leaf Blight\vineyard_00000055.jpg,Leaf Blight,5,Powdery Mildew,6,False,0.9426435828208923,1.3778578249912243e-05,Healthy Leaves,0.05592775717377663,Downy Mildew,0.0006701337406411767,HIGH,MISCLASSIFICATION
TRACK_A_INTERNAL,Sugarcane,sugarcane_maharashtra,sugarcane_maharashtra,D:\CropDiseaseProject\sugarcane_maharashtra\Yellow\yellow (55).jpeg,Yellow Leaf Disease,10,Rust (Brown Rust),7,False,0.9423226714134216,0.0547636672854423,Yellow Leaf Disease,0.0547636672854423,Red Rot,0.002590695163235,HIGH,MISCLASSIFICATION
TRACK_C_REALWORLD,Grape,realworld_grape,VINEYARD_FIELD_PHOTO,D:\CropDiseaseProject\results\model_robustness_audit\audit_images\track_c_realworld\grape\Black Rot\vineyard_00000047.jpg,Black Rot,1,Healthy Leaves,4,False,0.9419278502464294,0.00023382427752949297,Powdery Mildew,0.050116147845983505,Downy Mildew,0.0072049330919981,HIGH,MISCLASSIFICATION
TRACK_C_REALWORLD,Grape,realworld_grape,VINEYARD_FIELD_PHOTO,D:\CropDiseaseProject\results\model_robustness_audit\audit_images\track_c_realworld\grape\Downy Mildew\gldd_field_maxresdefault2_jpg.rf.b2f061044a211410e38bcb55efb0f639.jpg,Downy Mildew,2,Bacterial Leaf Spot,0,False,0.9419211149215698,3.666532393253874e-06,Healthy Leaves,0.036829136312007904,Esca (Black Measles),0.020595772191882133,HIGH,MISCLASSIFICATION
TRACK_B_EXTERNAL,Tomato,external_tomato,Tomato_Leaf_Disease_Dataset_Pakistan,D:\CropDiseaseProject\results\model_robustness_audit\audit_images\track_b_external\tomato\Tomato___healthy\pak_Basil%2Binfected%2Bby%2BTomato%2BSpotted%2BWilt%2BVirus.jpg,Tomato___healthy,9,Tomato___Late_blight,2,False,0.9416099190711975,0.0029546250589191914,Tomato___Tomato_Yellow_Leaf_Curl_Virus,0.05446629598736763,Tomato___healthy,0.0029546250589191914,HIGH,MISCLASSIFICATION
TRACK_D_CROSS_CROP,Tomato,cross_crop_grape_to_tomato,Grape Held-Out Test,D:\CropDiseaseProject\grape_2024\esca\esca503.jpg,Cross-Crop: Grape,-1,Tomato___Bacterial_spot,0,False,0.9413379430770874,0.0,Tomato___Early_blight,0.038693733513355255,Tomato___Late_blight,0.019966017454862595,N/A,CROSS_CROP_FALSE_ALARM
TRACK_D_CROSS_CROP,Sugarcane,cross_crop_tomato_to_sugarcane,Tomato Held-Out Test,D:\CropDiseaseProject\tomato_plantvillage\Tomato___Late_blight\734daa60-b419-4736-ae19-c84fc2043d97___RS_Late.B 6758.JPG,Cross-Crop: Tomato,-1,Yellow Leaf Disease,10,False,0.9407181739807129,0.0,Pokkah Boeng,0.039957571774721146,Smut,0.014065280556678772,N/A,CROSS_CROP_FALSE_ALARM
TRACK_B_EXTERNAL,Tomato,external_tomato,PlantDoc-Dataset,D:\CropDiseaseProject\results\model_robustness_audit\audit_images\track_b_external\tomato\Tomato___Bacterial_spot\plantdoc_Bacterial-spot-tomato.jpg,Tomato___Bacterial_spot,0,Tomato___Septoria_leaf_spot,4,False,0.9406814575195312,0.0016592314932495356,Tomato___Late_blight,0.029231155291199684,Tomato___Early_blight,0.020039480179548264,HIGH,MISCLASSIFICATION
TRACK_B_EXTERNAL,Grape,external_grape,AI-Challenger-2018-Grape,D:\CropDiseaseProject\results\model_robustness_audit\audit_images\track_b_external\grape\Leaf Blight\baliwaka_00000022.jpg,Leaf Blight,5,Powdery Mildew,6,False,0.9404515624046326,0.024650081992149353,Leaf Blight,0.024650081992149353,Bacterial Leaf Spot,0.015548084862530231,HIGH,MISCLASSIFICATION
TRACK_B_EXTERNAL,Grape,external_grape,PlantDoc-Dataset,D:\CropDiseaseProject\results\model_robustness_audit\audit_images\track_b_external\grape\Healthy Leaves\plantdoc_Grolleau_noir_leaves.jpg,Healthy Leaves,4,Black Rot,1,False,0.940321683883667,0.0222098957747221,Healthy Leaves,0.0222098957747221,Leaf Blight,0.01856478862464428,HIGH,MISCLASSIFICATION
TRACK_D_UNRELATED,Tomato,unrelated_non_leaf,OpenCV Standard Non-Leaf Benchmark,D:\CropDiseaseProject\results\model_robustness_audit\audit_images\track_d_unrelated\detect_blob.png,Unrelated / Non-Leaf,-1,Tomato___Late_blight,2,False,0.94016033411026,0.0,Tomato___Early_blight,0.04507743567228317,Tomato___Tomato_Yellow_Leaf_Curl_Virus,0.008587975054979324,N/A,UNRELATED_FALSE_ALARM
TRACK_C_REALWORLD,Tomato,realworld_tomato,INTERNET_PLANTDOC_TEST,D:\CropDiseaseProject\results\model_robustness_audit\audit_images\track_c_realworld\tomato\Tomato___Tomato_Yellow_Leaf_Curl_Virus\pd_real_17fc47.jpg,Tomato___Tomato_Yellow_Leaf_Curl_Virus,7,Tomato___Late_blight,2,False,0.9391809105873108,4.1612751374486834e-05,Tomato___Bacterial_spot,0.05165198817849159,Tomato___Early_blight,0.004760867450386286,HIGH,MISCLASSIFICATION
TRACK_B_EXTERNAL,Tomato,external_tomato,Tomato_Leaf_Disease_Dataset_Pakistan,D:\CropDiseaseProject\results\model_robustness_audit\audit_images\track_b_external\tomato\Tomato___Tomato_Yellow_Leaf_Curl_Virus\pak_2.--Virused-tomato-leaves-versus.jpg,Tomato___Tomato_Yellow_Leaf_Curl_Virus,7,Tomato___Late_blight,2,False,0.9387304782867432,0.011460757814347744,Tomato___Early_blight,0.047939483076334,Tomato___Tomato_Yellow_Leaf_Curl_Virus,0.011460757814347744,HIGH,MISCLASSIFICATION
TRACK_C_REALWORLD,Grape,realworld_grape,VINEYARD_FIELD_PHOTO,D:\CropDiseaseProject\results\model_robustness_audit\audit_images\track_c_realworld\grape\Esca (Black Measles)\vineyard_00000043.jpg,Esca (Black Measles),3,Healthy Leaves,4,False,0.9382001757621765,0.0009442018927074969,Powdery Mildew,0.04855328053236008,Downy Mildew,0.011187910102307796,HIGH,MISCLASSIFICATION
TRACK_D_CROSS_CROP,Tomato,cross_crop_chilli_to_tomato,Chilli Held-Out Test,D:\CropDiseaseProject\chilli_cold\cerocospora\IMG_5371.JPG,Cross-Crop: Chilli,-1,Tomato___Early_blight,1,False,0.9379971623420715,0.0,Tomato___Late_blight,0.06187652423977852,Tomato___Leaf_Mold,0.00011836198973469436,N/A,CROSS_CROP_FALSE_ALARM
TRACK_D_CROSS_CROP,Sugarcane,cross_crop_tomato_to_sugarcane,Tomato Held-Out Test,D:\CropDiseaseProject\tomato_plantvillage\Tomato___Septoria_leaf_spot\fa477e80-af35-4ef8-b16b-78e0f884f737___Matt.S_CG 2715.JPG,Cross-Crop: Tomato,-1,Yellow Leaf Disease,10,False,0.9379521608352661,0.0,Rust (Brown Rust),0.04021906480193138,Grassy Shoot,0.019124489277601242,N/A,CROSS_CROP_FALSE_ALARM
TRACK_C_REALWORLD,Grape,realworld_grape,VINEYARD_FIELD_PHOTO,D:\CropDiseaseProject\results\model_robustness_audit\audit_images\track_c_realworld\grape\Downy Mildew\gldd_field_depositphotos_309040322-stock-photo-leaf-bottle-gourd-infected-cercospora1_jpg.rf.e43fc931c226a1620cd6999173c5dffc.jpg,Downy Mildew,2,Black Rot,1,False,0.9379409551620483,0.00044155382784083486,Esca (Black Measles),0.054692719131708145,Powdery Mildew,0.004761301446706057,HIGH,MISCLASSIFICATION
TRACK_C_REALWORLD,Grape,realworld_grape,VINEYARD_FIELD_PHOTO,D:\CropDiseaseProject\results\model_robustness_audit\audit_images\track_c_realworld\grape\Downy Mildew\gldd_field_stock-photo-alternaria-leaf-spot-alternaria-cucumerina-on-bitter-melon-momordica-charantia-1679534692_jpg.rf.6713530d0a4407256c2fce3f34128759.jpg,Downy Mildew,2,Powdery Mildew,6,False,0.9371663928031921,0.01331749465316534,Healthy Leaves,0.02872643433511257,Downy Mildew,0.01331749465316534,HIGH,MISCLASSIFICATION
TRACK_B_EXTERNAL,Tomato,external_tomato,Sylhet-Tomato-Dataset,D:\CropDiseaseProject\results\model_robustness_audit\audit_images\track_b_external\tomato\Tomato___Target_Spot\rk_sau_IMG_1109_JPG.rf.1ae49ca08aa9c7cbeaf6872207549cda.jpg,Tomato___Target_Spot,6,Tomato___Late_blight,2,False,0.9371005296707153,7.84128496889025e-06,Tomato___Early_blight,0.060173023492097855,Tomato___Bacterial_spot,0.0025273137725889683,HIGH,MISCLASSIFICATION
TRACK_C_REALWORLD,Grape,realworld_grape,INTERNET_PLANTDOC_TEST,D:\CropDiseaseProject\results\model_robustness_audit\audit_images\track_c_realworld\grape\Black Rot\pd_real_Black_20rot_20on_20foliage2.jpg,Black Rot,1,Healthy Leaves,4,False,0.9368717074394226,0.06074241176247597,Black Rot,0.06074241176247597,Esca (Black Measles),0.0017335639568045735,HIGH,MISCLASSIFICATION
TRACK_B_EXTERNAL,Tomato,external_tomato,Tomato_Leaf_Disease_Dataset_Pakistan,D:\CropDiseaseProject\results\model_robustness_audit\audit_images\track_b_external\tomato\Tomato___Leaf_Mold\pak_HighTunnel_TLM6.jpg,Tomato___Leaf_Mold,3,Tomato___Tomato_Yellow_Leaf_Curl_Virus,7,False,0.9365398287773132,0.0001830322144087404,Tomato___Late_blight,0.06176475062966347,Tomato___Early_blight,0.0007951641455292702,HIGH,MISCLASSIFICATION
TRACK_A_INTERNAL,Sugarcane,sugarcane_maharashtra,sugarcane_maharashtra,D:\CropDiseaseProject\sugarcane_maharashtra\Mosaic\mosaic (55).jpeg,Mosaic / Viral Disease,4,Healthy Leaves,3,False,0.9363861680030824,0.0622492656111717,Mosaic / Viral Disease,0.0622492656111717,Rust (Brown Rust),0.0005961610004305,HIGH,MISCLASSIFICATION
TRACK_B_EXTERNAL,Tomato,external_tomato,Tomato_Leaf_Disease_Dataset_Pakistan,D:\CropDiseaseProject\results\model_robustness_audit\audit_images\track_b_external\tomato\Tomato___Tomato_Yellow_Leaf_Curl_Virus\pak_IMG20251102153724.jpg,Tomato___Tomato_Yellow_Leaf_Curl_Virus,7,Tomato___Early_blight,1,False,0.9359327554702759,1.3911244423070457e-06,Tomato___Late_blight,0.06406053900718689,Tomato___Bacterial_spot,2.9469881610566517e-06,HIGH,MISCLASSIFICATION
TRACK_D_CROSS_CROP,Sugarcane,cross_crop_chilli_to_sugarcane,Chilli Held-Out Test,D:\CropDiseaseProject\chilli_cold\cerocospora\IMG_4233.JPG,Cross-Crop: Chilli,-1,Pokkah Boeng,5,False,0.9358603954315186,0.0,Yellow Leaf Disease,0.03375750035047531,Smut,0.030345942825078964,N/A,CROSS_CROP_FALSE_ALARM
TRACK_C_REALWORLD,Tomato,realworld_tomato,FARMER_FIELD_PHOTO,D:\CropDiseaseProject\results\model_robustness_audit\audit_images\track_c_realworld\tomato\Tomato___healthy\pak_field_h81.jpg,Tomato___healthy,9,Tomato___Late_blight,2,False,0.9356525540351868,5.9751062508439645e-05,Tomato___Early_blight,0.06016642600297928,Tomato___Septoria_leaf_spot,0.003995942883193493,HIGH,MISCLASSIFICATION
TRACK_D_CROSS_CROP,Sugarcane,cross_crop_chilli_to_sugarcane,Chilli Held-Out Test,D:\CropDiseaseProject\chilli_cold\nutritional deficiency\IMG_3285.JPG,Cross-Crop: Chilli,-1,Pokkah Boeng,5,False,0.9341421723365784,0.0,Smut,0.06426166743040085,Mosaic / Viral Disease,0.0007321631419472396,N/A,CROSS_CROP_FALSE_ALARM
TRACK_C_REALWORLD,Tomato,realworld_tomato,INTERNET_PLANTDOC_TEST,D:\CropDiseaseProject\results\model_robustness_audit\audit_images\track_c_realworld\tomato\Tomato___Septoria_leaf_spot\pd_real_55830b60a7cf2.image.jpg,Tomato___Septoria_leaf_spot,4,Tomato___Early_blight,1,False,0.9327265620231628,0.001369895995594561,Tomato___Tomato_Yellow_Leaf_Curl_Virus,0.041151173412799835,Tomato___Bacterial_spot,0.022505877539515495,HIGH,MISCLASSIFICATION
TRACK_B_EXTERNAL,Tomato,external_tomato,Tomato_Leaf_Disease_Dataset_Pakistan,D:\CropDiseaseProject\results\model_robustness_audit\audit_images\track_b_external\tomato\Tomato___healthy\pak_HL_(161).jpg,Tomato___healthy,9,Tomato___Early_blight,1,False,0.9326601028442383,8.381564953197085e-08,Tomato___Late_blight,0.06488648056983948,Tomato___Tomato_Yellow_Leaf_Curl_Virus,0.0021197081077843904,HIGH,MISCLASSIFICATION
TRACK_D_CROSS_CROP,Tomato,cross_crop_sugarcane_to_tomato,Sugarcane Held-Out Test,D:\CropDiseaseProject\sugarcane_large\Healthy Leaves\image114.jpg,Cross-Crop: Sugarcane,-1,Tomato___Tomato_Yellow_Leaf_Curl_Virus,7,False,0.9325370192527771,0.0,Tomato___Late_blight,0.06670743972063065,Tomato___Early_blight,0.0007489629206247628,N/A,CROSS_CROP_FALSE_ALARM
TRACK_B_EXTERNAL,Tomato,external_tomato,Tomato_Leaf_Disease_Dataset_Pakistan,D:\CropDiseaseProject\results\model_robustness_audit\audit_images\track_b_external\tomato\Tomato___Early_blight\pak_Early_Blight_of_Tomato1687.jpg,Tomato___Early_blight,1,Tomato___Late_blight,2,False,0.9322776198387146,0.06765533983707428,Tomato___Early_blight,0.06765533983707428,Tomato___Leaf_Mold,3.1900068279355764e-05,HIGH,MISCLASSIFICATION
TRACK_D_CROSS_CROP,Grape,cross_crop_chilli_to_grape,Chilli Held-Out Test,D:\CropDiseaseProject\chilli_cold\healthy\IMG_3572.JPG,Cross-Crop: Chilli,-1,Esca (Black Measles),3,False,0.9318518042564392,0.0,Leaf Blight,0.06810243427753448,Black Rot,3.534961069817655e-05,N/A,CROSS_CROP_FALSE_ALARM
TRACK_C_REALWORLD,Tomato,realworld_tomato,INTERNET_PLANTDOC_TEST,D:\CropDiseaseProject\results\model_robustness_audit\audit_images\track_c_realworld\tomato\Tomato___Bacterial_spot\pd_real_bact-spot-fig-1.jpg,Tomato___Bacterial_spot,0,Tomato___Tomato_Yellow_Leaf_Curl_Virus,7,False,0.9318059086799622,0.0001511099108029157,Tomato___Early_blight,0.06235671415925026,Tomato___Leaf_Mold,0.0032678593415766954,HIGH,MISCLASSIFICATION
TRACK_C_REALWORLD,Grape,realworld_grape,VINEYARD_FIELD_PHOTO,D:\CropDiseaseProject\results\model_robustness_audit\audit_images\track_c_realworld\grape\Downy Mildew\gldd_field_image52_jpeg_jpg.rf.03502a187ccd04c2cf7a9e1c394f0cbc.jpg,Downy Mildew,2,Esca (Black Measles),3,False,0.9315900802612305,0.00047204943257384,Black Rot,0.052659954875707626,Leaf Blight,0.009054933674633503,HIGH,MISCLASSIFICATION
TRACK_B_EXTERNAL,Chilli,external_chilli,Ulfa-Chili-Dataset,D:\CropDiseaseProject\results\model_robustness_audit\audit_images\track_b_external\chilli\murda complex\ulfa_Leaf_Curl__1004_.jpg,murda complex,2,cerocospora,0,False,0.9310789704322815,0.0015974916750565171,nutritional deficiency,0.059562284499406815,healthy,0.0057852729223668575,HIGH,MISCLASSIFICATION
TRACK_D_CROSS_CROP,Grape,cross_crop_tomato_to_grape,Tomato Held-Out Test,D:\CropDiseaseProject\tomato_plantvillage\Tomato___Tomato_Yellow_Leaf_Curl_Virus\a136e405-29a5-4bef-91ee-364b38faad28___YLCV_NREC 2888.JPG,Cross-Crop: Tomato,-1,Powdery Mildew,6,False,0.9307217597961426,0.0,Healthy Leaves,0.04093088582158089,Downy Mildew,0.018861966207623482,N/A,CROSS_CROP_FALSE_ALARM
TRACK_B_EXTERNAL,Tomato,external_tomato,Tomato_Leaf_Disease_Dataset_Pakistan,D:\CropDiseaseProject\results\model_robustness_audit\audit_images\track_b_external\tomato\Tomato___Leaf_Mold\pak_IMG-20240724-WA0025.jpg,Tomato___Leaf_Mold,3,Tomato___Late_blight,2,False,0.9303737878799438,3.027183197445993e-07,Tomato___Early_blight,0.038357414305210114,Tomato___Septoria_leaf_spot,0.030315643176436424,HIGH,MISCLASSIFICATION
TRACK_B_EXTERNAL,Tomato,external_tomato,Tomato_Leaf_Disease_Dataset_Pakistan,D:\CropDiseaseProject\results\model_robustness_audit\audit_images\track_b_external\tomato\Tomato___healthy\pak_HL_(110).jpg,Tomato___healthy,9,Tomato___Early_blight,1,False,0.9299091100692749,3.181647230121598e-07,Tomato___Late_blight,0.07008759677410126,Tomato___Septoria_leaf_spot,2.5855429157672916e-06,HIGH,MISCLASSIFICATION
TRACK_C_REALWORLD,Grape,realworld_grape,VINEYARD_FIELD_PHOTO,D:\CropDiseaseProject\results\model_robustness_audit\audit_images\track_c_realworld\grape\Leaf Blight\vineyard_00000053.jpg,Leaf Blight,5,Powdery Mildew,6,False,0.9298725128173828,4.268631073500728e-06,Healthy Leaves,0.047638919204473495,Downy Mildew,0.02242010273039341,HIGH,MISCLASSIFICATION
TRACK_A_INTERNAL,Sugarcane,sugarcane_large,sugarcane_large,D:\CropDiseaseProject\sugarcane_large\Diseases\Pokkah Boeng\Pokkah Boeng056.jpg,Pokkah Boeng,5,Smut,9,False,0.9295373558998108,0.0677514746785163,Pokkah Boeng,0.0677514746785163,Brown Spot,0.0016125354450196,HIGH,MISCLASSIFICATION
TRACK_B_EXTERNAL,Tomato,external_tomato,PlantDoc-Dataset,D:\CropDiseaseProject\results\model_robustness_audit\audit_images\track_b_external\tomato\Tomato___Bacterial_spot\plantdoc_Bacterial_Speck_-_Tomatoes.jpg,Tomato___Bacterial_spot,0,Tomato___Late_blight,2,False,0.9292483925819397,0.0007881930796429515,Tomato___Early_blight,0.06489630788564682,Tomato___Tomato_Yellow_Leaf_Curl_Virus,0.0036704514641314745,HIGH,MISCLASSIFICATION
TRACK_C_REALWORLD,Grape,realworld_grape,INTERNET_PLANTDOC_TEST,D:\CropDiseaseProject\results\model_robustness_audit\audit_images\track_c_realworld\grape\Healthy Leaves\pd_real_DSCN7317.JPG.jpg,Healthy Leaves,4,Black Rot,1,False,0.928119421005249,0.027815978974103928,Healthy Leaves,0.027815978974103928,Esca (Black Measles),0.02314307913184166,HIGH,MISCLASSIFICATION
TRACK_B_EXTERNAL,Grape,external_grape,GLDD-Dataset,D:\CropDiseaseProject\results\model_robustness_audit\audit_images\track_b_external\grape\Powdery Mildew\gldd_5a85e72a-2cbb-45fe-8093-fa230730e6c2_jpg.rf.aad8a30391dbf7caf36a41be3ad6d5a3.jpg,Powdery Mildew,6,Healthy Leaves,4,False,0.9278396964073181,1.0918342013610527e-05,Esca (Black Measles),0.0713372603058815,Leaf Blight,0.000800667388830334,HIGH,MISCLASSIFICATION
TRACK_B_EXTERNAL,Grape,external_grape,AI-Challenger-2018-Grape,D:\CropDiseaseProject\results\model_robustness_audit\audit_images\track_b_external\grape\Esca (Black Measles)\baliwaka_00000016.jpg,Esca (Black Measles),3,Healthy Leaves,4,False,0.9276222586631775,5.365598917705938e-05,Powdery Mildew,0.06917448341846466,Downy Mildew,0.0017064651474356651,HIGH,MISCLASSIFICATION
TRACK_B_EXTERNAL,Tomato,external_tomato,Tomato_Leaf_Disease_Dataset_Pakistan,D:\CropDiseaseProject\results\model_robustness_audit\audit_images\track_b_external\tomato\Tomato___healthy\pak_HL_(43).jpg,Tomato___healthy,9,Tomato___Late_blight,2,False,0.9274120330810547,6.801562449254561e-06,Tomato___Early_blight,0.06686845421791077,Tomato___Septoria_leaf_spot,0.002529732184484601,HIGH,MISCLASSIFICATION
TRACK_B_EXTERNAL,Grape,external_grape,AI-Challenger-2018-Grape,D:\CropDiseaseProject\results\model_robustness_audit\audit_images\track_b_external\grape\Esca (Black Measles)\baliwaka_00000022.jpg,Esca (Black Measles),3,Healthy Leaves,4,False,0.9273757338523865,0.003970342222601175,Powdery Mildew,0.06690846383571625,Esca (Black Measles),0.003970342222601175,HIGH,MISCLASSIFICATION
TRACK_B_EXTERNAL,Grape,external_grape,GLDD-Dataset,D:\CropDiseaseProject\results\model_robustness_audit\audit_images\track_b_external\grape\Powdery Mildew\gldd_ade9542b-99e1-4369-bc13-b2a95d75811f_jpg.rf.cec9e7e03178ae96f2ec8d904d47c82f.jpg,Powdery Mildew,6,Healthy Leaves,4,False,0.9264132380485535,0.0046753594651818275,Esca (Black Measles),0.03557993099093437,Bacterial Leaf Spot,0.03180386871099472,HIGH,MISCLASSIFICATION
TRACK_D_UNRELATED,Sugarcane,unrelated_non_leaf,OpenCV Standard Non-Leaf Benchmark,D:\CropDiseaseProject\results\model_robustness_audit\audit_images\track_d_unrelated\messi5.jpg,Unrelated / Non-Leaf,-1,Brown Spot,1,False,0.9259529709815979,0.0,Red Rot,0.030057268217206,Yellow Leaf Disease,0.016606733202934265,N/A,UNRELATED_FALSE_ALARM
TRACK_D_UNRELATED,Sugarcane,unrelated_non_leaf,OpenCV Standard Non-Leaf Benchmark,D:\CropDiseaseProject\results\model_robustness_audit\audit_images\track_d_unrelated\board.jpg,Unrelated / Non-Leaf,-1,Grassy Shoot,2,False,0.9258106350898743,0.0,Banded Chlorosis,0.03703455999493599,Red Rot,0.021841833367943764,N/A,UNRELATED_FALSE_ALARM
TRACK_C_REALWORLD,Grape,realworld_grape,VINEYARD_FIELD_PHOTO,D:\CropDiseaseProject\results\model_robustness_audit\audit_images\track_c_realworld\grape\Downy Mildew\gldd_field_A7D984D8A3D8B9D8B1D8A7D8B6-D988D8B7D8B1D982-D8A7D984D985D983D8A7D981D8ADD8A9_jpg.rf.044ee6ba4863b42e0aca0b95ebf3decd.jpg,Downy Mildew,2,Esca (Black Measles),3,False,0.9256684184074402,0.0007047777180559933,Leaf Blight,0.04825831949710846,Black Rot,0.01853926293551922,HIGH,MISCLASSIFICATION
TRACK_A_INTERNAL,Tomato,tomato,tomato_plantvillage,D:\CropDiseaseProject\tomato_plantvillage\Tomato___Early_blight\2bdca297-e0d1-41f0-b1dc-3801384faa1a___RS_Erly.B 7858.JPG,Tomato___Early_blight,1,Tomato___Target_Spot,6,False,0.9255314469337464,0.0055196927860379,Tomato___Spider_mites Two-spotted_spider_mite,0.0380101017653942,Tomato___Late_blight,0.0231956634670496,HIGH,MISCLASSIFICATION
TRACK_C_REALWORLD,Sugarcane,realworld_sugarcane,SUGARCANE_FIELD_PHOTO,D:\CropDiseaseProject\results\model_robustness_audit\audit_images\track_c_realworld\sugarcane\Healthy Leaves\sc_field_S_H-29-_jpg.rf.59a48f7060f1369d7cb39a3bf045ecb6.jpg,Healthy Leaves,3,Mosaic / Viral Disease,4,False,0.9251896142959595,0.0405585803091526,Healthy Leaves,0.0405585803091526,Red Rot,0.01813674159348011,HIGH,MISCLASSIFICATION
TRACK_B_EXTERNAL,Tomato,external_tomato,Tomato_Leaf_Disease_Dataset_Pakistan,D:\CropDiseaseProject\results\model_robustness_audit\audit_images\track_b_external\tomato\Tomato___Leaf_Mold\pak_IMG-20240724-WA0024.jpg,Tomato___Leaf_Mold,3,Tomato___Septoria_leaf_spot,4,False,0.9249942302703857,2.346902228111958e-09,Tomato___Late_blight,0.07245726138353348,Tomato___Early_blight,0.002519191475585103,HIGH,MISCLASSIFICATION
TRACK_D_CROSS_CROP,Tomato,cross_crop_sugarcane_to_tomato,Sugarcane Held-Out Test,D:\CropDiseaseProject\sugarcane_large\Diseases\Brown Spot\image297.jpg,Cross-Crop: Sugarcane,-1,Tomato___Late_blight,2,False,0.9243732690811157,0.0,Tomato___Tomato_Yellow_Leaf_Curl_Virus,0.04909379035234451,Tomato___Leaf_Mold,0.021923599764704704,N/A,CROSS_CROP_FALSE_ALARM
TRACK_D_UNRELATED,Tomato,unrelated_non_leaf,OpenCV Standard Non-Leaf Benchmark,D:\CropDiseaseProject\results\model_robustness_audit\audit_images\track_d_unrelated\aloeL.jpg,Unrelated / Non-Leaf,-1,Tomato___Early_blight,1,False,0.9237635135650635,0.0,Tomato___Target_Spot,0.05939768999814987,Tomato___Bacterial_spot,0.013180787675082684,N/A,UNRELATED_FALSE_ALARM
TRACK_D_CROSS_CROP,Sugarcane,cross_crop_chilli_to_sugarcane,Chilli Held-Out Test,D:\CropDiseaseProject\chilli_cold\powdery mildew\IMG_5589.JPG,Cross-Crop: Chilli,-1,Smut,9,False,0.9233575463294983,0.0,Pokkah Boeng,0.05768002197146416,Mosaic / Viral Disease,0.013434477150440216,N/A,CROSS_CROP_FALSE_ALARM
TRACK_D_CROSS_CROP,Grape,cross_crop_sugarcane_to_grape,Sugarcane Held-Out Test,D:\CropDiseaseProject\sugarcane_maharashtra\Healthy\healthy (181).jpeg,Cross-Crop: Sugarcane,-1,Bacterial Leaf Spot,0,False,0.9226384162902832,0.0,Esca (Black Measles),0.07360720634460449,Leaf Blight,0.002239235443994403,N/A,CROSS_CROP_FALSE_ALARM
TRACK_A_INTERNAL,Chilli,chilli_cold,chilli_cold,D:\CropDiseaseProject\chilli_cold\nutritional deficiency\IMG_3314.JPG,nutritional deficiency,3,murda complex,2,False,0.9216503500938416,0.0017416030168533,healthy,0.0673988834023475,cerocospora,0.0091980900615453,HIGH,MISCLASSIFICATION
TRACK_A_INTERNAL,Sugarcane,sugarcane_large,sugarcane_large,D:\CropDiseaseProject\sugarcane_large\Diseases\Pokkah Boeng\Pokkah Boeng057.jpg,Pokkah Boeng,5,Smut,9,False,0.9210538864135742,0.0734767019748687,Pokkah Boeng,0.0734767019748687,Brown Spot,0.0019234095234423,HIGH,MISCLASSIFICATION
TRACK_B_EXTERNAL,Tomato,external_tomato,Tomato_Leaf_Disease_Dataset_Pakistan,D:\CropDiseaseProject\results\model_robustness_audit\audit_images\track_b_external\tomato\Tomato___Leaf_Mold\pak_GIVXB.jpg,Tomato___Leaf_Mold,3,Tomato___Late_blight,2,False,0.9210450053215027,8.77436286828015e-06,Tomato___Early_blight,0.07486750930547714,Tomato___Septoria_leaf_spot,0.0030396177899092436,HIGH,MISCLASSIFICATION
TRACK_C_REALWORLD,Tomato,realworld_tomato,FARMER_FIELD_PHOTO,D:\CropDiseaseProject\results\model_robustness_audit\audit_images\track_c_realworld\tomato\Tomato___Early_blight\pak_field_IMG_20251102_154710.jpg,Tomato___Early_blight,1,Tomato___Late_blight,2,False,0.9203531742095947,0.07963576912879944,Tomato___Early_blight,0.07963576912879944,Tomato___Leaf_Mold,4.830148100154474e-06,HIGH,MISCLASSIFICATION
TRACK_A_INTERNAL,Tomato,tomato,tomato_plantvillage,D:\CropDiseaseProject\tomato_plantvillage\Tomato___Leaf_Mold\8fcfbfee-f57a-49f7-9f68-19b4b1d5ca98___Crnl_L.Mold 6498.JPG,Tomato___Leaf_Mold,3,Tomato___Spider_mites Two-spotted_spider_mite,5,False,0.9201911687850952,0.0475607700645923,Tomato___Leaf_Mold,0.0475607700645923,Tomato___Target_Spot,0.0165748316794633,HIGH,MISCLASSIFICATION
TRACK_C_REALWORLD,Sugarcane,realworld_sugarcane,SUGARCANE_FIELD_PHOTO,D:\CropDiseaseProject\results\model_robustness_audit\audit_images\track_c_realworld\sugarcane\Red Rot\sc_field_S_RR-44-_JPG.rf.44fd9e8897318b19d74af12b27c6f8c3.jpg,Red Rot,6,Rust (Brown Rust),7,False,0.9198079705238342,0.0049780686385929585,Brown Spot,0.05644087493419647,Yellow Leaf Disease,0.017939865589141846,HIGH,MISCLASSIFICATION
TRACK_B_EXTERNAL,Tomato,external_tomato,Tomato_Leaf_Disease_Dataset_Pakistan,D:\CropDiseaseProject\results\model_robustness_audit\audit_images\track_b_external\tomato\Tomato___Septoria_leaf_spot\pak_6336392950972416.jpeg.jpg,Tomato___Septoria_leaf_spot,4,Tomato___Early_blight,1,False,0.919645369052887,0.0006540542235597968,Tomato___Late_blight,0.047006916254758835,Tomato___Tomato_Yellow_Leaf_Curl_Virus,0.03262349218130112,HIGH,MISCLASSIFICATION
TRACK_B_EXTERNAL,Grape,external_grape,GLDD-Dataset,D:\CropDiseaseProject\results\model_robustness_audit\audit_images\track_b_external\grape\Powdery Mildew\gldd_d7fb9b64-27a8-46b2-ab4b-a9afca0bf3fd_jpg.rf.a0951b82a6fe004681b630a12605acb1.jpg,Powdery Mildew,6,Esca (Black Measles),3,False,0.9195272326469421,0.0005058383685536683,Healthy Leaves,0.06588102132081985,Bacterial Leaf Spot,0.009325079619884491,HIGH,MISCLASSIFICATION
TRACK_B_EXTERNAL,Grape,external_grape,GLDD-Dataset,D:\CropDiseaseProject\results\model_robustness_audit\audit_images\track_b_external\grape\Powdery Mildew\gldd_847d0c3b-8d79-4d33-b73b-8a758f6dd55f_jpg.rf.2009b251f629b2362a9d10e603ac0dae.jpg,Powdery Mildew,6,Healthy Leaves,4,False,0.9192835688591003,0.0031319402623921633,Esca (Black Measles),0.07142303138971329,Bacterial Leaf Spot,0.005897947587072849,HIGH,MISCLASSIFICATION
TRACK_A_INTERNAL,Grape,grape_2024,grape_2024,D:\CropDiseaseProject\grape_2024\leaf blight\leaf blight344.jpg,Leaf Blight,5,Esca (Black Measles),3,False,0.9189756512641908,0.0798491835594177,Leaf Blight,0.0798491835594177,Black Rot,0.0010358080035075,HIGH,MISCLASSIFICATION
TRACK_D_CROSS_CROP,Grape,cross_crop_chilli_to_grape,Chilli Held-Out Test,D:\CropDiseaseProject\chilli_cold\healthy\IMG_3918.JPG,Cross-Crop: Chilli,-1,Leaf Blight,5,False,0.9188663959503174,0.0,Esca (Black Measles),0.08083977550268173,Bacterial Leaf Spot,0.00015589161193929613,N/A,CROSS_CROP_FALSE_ALARM
TRACK_D_UNRELATED,Tomato,unrelated_non_leaf,OpenCV Standard Non-Leaf Benchmark,D:\CropDiseaseProject\results\model_robustness_audit\audit_images\track_d_unrelated\fruits.jpg,Unrelated / Non-Leaf,-1,Tomato___Tomato_Yellow_Leaf_Curl_Virus,7,False,0.9174850583076477,0.0,Tomato___Late_blight,0.07954520732164383,Tomato___Septoria_leaf_spot,0.0021597035229206085,N/A,UNRELATED_FALSE_ALARM
TRACK_B_EXTERNAL,Tomato,external_tomato,PlantDoc-Dataset,D:\CropDiseaseProject\results\model_robustness_audit\audit_images\track_b_external\tomato\Tomato___Bacterial_spot\plantdoc_4-6_20Keep_20bacterial_20diseasesMARY_20-_20D.jpg,Tomato___Bacterial_spot,0,Tomato___Early_blight,1,False,0.9174201488494873,0.04439627751708031,Tomato___Bacterial_spot,0.04439627751708031,Tomato___Tomato_Yellow_Leaf_Curl_Virus,0.023263990879058838,HIGH,MISCLASSIFICATION
TRACK_B_EXTERNAL,Tomato,external_tomato,Tomato_Leaf_Disease_Dataset_Pakistan,D:\CropDiseaseProject\results\model_robustness_audit\audit_images\track_b_external\tomato\Tomato___Leaf_Mold\pak_IMG-20240724-WA0053.jpg,Tomato___Leaf_Mold,3,Tomato___Early_blight,1,False,0.9169301390647888,4.146842513819138e-08,Tomato___Late_blight,0.07762566208839417,Tomato___Septoria_leaf_spot,0.0034931092523038387,HIGH,MISCLASSIFICATION
TRACK_C_REALWORLD,Tomato,realworld_tomato,INTERNET_PLANTDOC_TEST,D:\CropDiseaseProject\results\model_robustness_audit\audit_images\track_c_realworld\tomato\Tomato___Tomato_mosaic_virus\pd_real_toma_TMV.jpg,Tomato___Tomato_mosaic_virus,8,Tomato___Late_blight,2,False,0.9168408513069153,1.7069765601007703e-09,Tomato___Early_blight,0.06726933270692825,Tomato___Spider_mites Two-spotted_spider_mite,0.01206458080559969,MEDIUM,MISCLASSIFICATION
TRACK_B_EXTERNAL,Tomato,external_tomato,Tomato_Leaf_Disease_Dataset_Pakistan,D:\CropDiseaseProject\results\model_robustness_audit\audit_images\track_b_external\tomato\Tomato___Late_blight\pak_IMG_20251102_161202.jpg,Tomato___Late_blight,2,Tomato___Early_blight,1,False,0.9163299202919006,0.08357000350952148,Tomato___Late_blight,0.08357000350952148,Tomato___Target_Spot,6.482734897872433e-05,HIGH,MISCLASSIFICATION
TRACK_D_CROSS_CROP,Tomato,cross_crop_chilli_to_tomato,Chilli Held-Out Test,D:\CropDiseaseProject\chilli_cold\cerocospora\IMG_4777.JPG,Cross-Crop: Chilli,-1,Tomato___Early_blight,1,False,0.9160358905792236,0.0,Tomato___Late_blight,0.08396335691213608,Tomato___Target_Spot,4.376866513666755e-07,N/A,CROSS_CROP_FALSE_ALARM
TRACK_D_CROSS_CROP,Chilli,cross_crop_grape_to_chilli,Grape Held-Out Test,D:\CropDiseaseProject\grape_2024\healthy\healthy1085.jpg,Cross-Crop: Grape,-1,healthy,1,False,0.9158636927604675,0.0,cerocospora,0.030438536778092384,murda complex,0.029276203364133835,N/A,CROSS_CROP_FALSE_ALARM
TRACK_B_EXTERNAL,Tomato,external_tomato,Sylhet-Tomato-Dataset,D:\CropDiseaseProject\results\model_robustness_audit\audit_images\track_b_external\tomato\Tomato___Target_Spot\rk_sau_IMG_0361_JPG.rf.9df45f9f1d831bf0c30f3d62a2cd8b7a.jpg,Tomato___Target_Spot,6,Tomato___Early_blight,1,False,0.9158467054367065,3.082255716435611e-05,Tomato___Late_blight,0.07952211797237396,Tomato___Leaf_Mold,0.00339902238920331,HIGH,MISCLASSIFICATION
TRACK_B_EXTERNAL,Grape,external_grape,GLDD-Dataset,D:\CropDiseaseProject\results\model_robustness_audit\audit_images\track_b_external\grape\Downy Mildew\gldd_5602416-PPT_jpg.rf.3a04c11dc3a7ef0aa37e25414fa48824.jpg,Downy Mildew,2,Healthy Leaves,4,False,0.9143271446228027,0.0033482688013464212,Black Rot,0.07496042549610138,Bacterial Leaf Spot,0.003609936684370041,HIGH,MISCLASSIFICATION
TRACK_D_UNRELATED,Sugarcane,unrelated_non_leaf,OpenCV Standard Non-Leaf Benchmark,D:\CropDiseaseProject\results\model_robustness_audit\audit_images\track_d_unrelated\right01.jpg,Unrelated / Non-Leaf,-1,Rust (Brown Rust),7,False,0.9141177535057068,0.0,Mosaic / Viral Disease,0.06742645800113678,Red Rot,0.017087651416659355,N/A,UNRELATED_FALSE_ALARM
TRACK_D_CROSS_CROP,Chilli,cross_crop_tomato_to_chilli,Tomato Held-Out Test,D:\CropDiseaseProject\tomato_plantvillage\Tomato___Tomato_Yellow_Leaf_Curl_Virus\ed71c2c1-d082-4355-bbc5-ed7050708ffa___UF.GRC_YLCV_Lab 02278.JPG,Cross-Crop: Tomato,-1,nutritional deficiency,3,False,0.9139528870582581,0.0,cerocospora,0.08249974995851517,murda complex,0.002421366749331355,N/A,CROSS_CROP_FALSE_ALARM
TRACK_C_REALWORLD,Tomato,realworld_tomato,FARMER_FIELD_PHOTO,D:\CropDiseaseProject\results\model_robustness_audit\audit_images\track_c_realworld\tomato\Tomato___healthy\pak_field_IMG_20251102_161624.jpg,Tomato___healthy,9,Tomato___Late_blight,2,False,0.9139050841331482,1.788243025657721e-05,Tomato___Early_blight,0.05073564127087593,Tomato___Bacterial_spot,0.02725083939731121,HIGH,MISCLASSIFICATION
TRACK_C_REALWORLD,Tomato,realworld_tomato,FARMER_FIELD_PHOTO,D:\CropDiseaseProject\results\model_robustness_audit\audit_images\track_c_realworld\tomato\Tomato___Leaf_Mold\pak_field_IMG-20240724-WA0073.jpg,Tomato___Leaf_Mold,3,Tomato___Late_blight,2,False,0.9138777256011963,1.3765639669816032e-11,Tomato___Early_blight,0.05966003239154816,Tomato___Septoria_leaf_spot,0.022034011781215668,MEDIUM,MISCLASSIFICATION
TRACK_B_EXTERNAL,Sugarcane,external_sugarcane,Sabid-Sugarcane-Dataset,D:\CropDiseaseProject\results\model_robustness_audit\audit_images\track_b_external\sugarcane\Healthy Leaves\sabid_S_H-53-_JPG.rf.a42a37f1186bc9c0f6978c4f0c62ad12.jpg,Healthy Leaves,3,Mosaic / Viral Disease,4,False,0.9135687947273254,0.03209923580288887,Rust (Brown Rust),0.051059626042842865,Healthy Leaves,0.03209923580288887,HIGH,MISCLASSIFICATION
TRACK_B_EXTERNAL,Tomato,external_tomato,Tomato_Leaf_Disease_Dataset_Pakistan,D:\CropDiseaseProject\results\model_robustness_audit\audit_images\track_b_external\tomato\Tomato___Leaf_Mold\pak_BlackLeafMold2.jpg,Tomato___Leaf_Mold,3,Tomato___Late_blight,2,False,0.9133948087692261,0.00013554828183259815,Tomato___Early_blight,0.08420905470848083,Tomato___Tomato_Yellow_Leaf_Curl_Virus,0.002030535601079464,HIGH,MISCLASSIFICATION
TRACK_B_EXTERNAL,Tomato,external_tomato,Tomato_Leaf_Disease_Dataset_Pakistan,D:\CropDiseaseProject\results\model_robustness_audit\audit_images\track_b_external\tomato\Tomato___Late_blight\pak_6-13lateblightleavesMARY_jpg.rf.1114a350a3d07eb0c4f5a4cdcbbe82ed.jpg,Tomato___Late_blight,2,Tomato___Early_blight,1,False,0.912714958190918,0.08716985583305359,Tomato___Late_blight,0.08716985583305359,Tomato___Bacterial_spot,0.00010759353608591482,HIGH,MISCLASSIFICATION
TRACK_C_REALWORLD,Tomato,realworld_tomato,FARMER_FIELD_PHOTO,D:\CropDiseaseProject\results\model_robustness_audit\audit_images\track_c_realworld\tomato\Tomato___Leaf_Mold\pak_field_IMG-20240724-WA0102.jpg,Tomato___Leaf_Mold,3,Tomato___Early_blight,1,False,0.9125616550445557,1.86843317351304e-05,Tomato___Bacterial_spot,0.08270952850580215,Tomato___Septoria_leaf_spot,0.0022533952724188566,MEDIUM,MISCLASSIFICATION
TRACK_A_INTERNAL,Sugarcane,sugarcane_maharashtra,sugarcane_maharashtra,D:\CropDiseaseProject\sugarcane_maharashtra\Yellow\yellow (370).jpeg,Yellow Leaf Disease,10,Healthy Leaves,3,False,0.9121214747428894,0.0388303473591804,Mosaic / Viral Disease,0.0465045273303985,Yellow Leaf Disease,0.0388303473591804,HIGH,MISCLASSIFICATION
TRACK_B_EXTERNAL,Tomato,external_tomato,Tomato_Leaf_Disease_Dataset_Pakistan,D:\CropDiseaseProject\results\model_robustness_audit\audit_images\track_b_external\tomato\Tomato___Tomato_Yellow_Leaf_Curl_Virus\pak_IMG_20251102_154334.jpg,Tomato___Tomato_Yellow_Leaf_Curl_Virus,7,Tomato___Early_blight,1,False,0.9119839668273926,5.462611341044976e-08,Tomato___Late_blight,0.08799892663955688,Tomato___healthy,1.5698966308264062e-05,HIGH,MISCLASSIFICATION
TRACK_C_REALWORLD,Tomato,realworld_tomato,FARMER_FIELD_PHOTO,D:\CropDiseaseProject\results\model_robustness_audit\audit_images\track_c_realworld\tomato\Tomato___Early_blight\pak_field_IMG_20251102_153620.jpg,Tomato___Early_blight,1,Tomato___Late_blight,2,False,0.911261260509491,0.08860809355974197,Tomato___Early_blight,0.08860809355974197,Tomato___Bacterial_spot,0.00010309784556739032,HIGH,MISCLASSIFICATION
TRACK_D_CROSS_CROP,Grape,cross_crop_tomato_to_grape,Tomato Held-Out Test,D:\CropDiseaseProject\tomato_plantvillage\Tomato___healthy\f0037c61-001d-4b1f-b794-5b5ab49d50d5___RS_HL 0527.JPG,Cross-Crop: Tomato,-1,Healthy Leaves,4,False,0.9112412333488464,0.0,Powdery Mildew,0.08673371374607086,Bacterial Leaf Spot,0.001797273987904191,N/A,CROSS_CROP_FALSE_ALARM
TRACK_B_EXTERNAL,Tomato,external_tomato,PlantDoc-Dataset,D:\CropDiseaseProject\results\model_robustness_audit\audit_images\track_b_external\tomato\Tomato___Tomato_mosaic_virus\plantdoc_mosaic_virus_tomato_small.jpg,Tomato___Tomato_mosaic_virus,8,Tomato___Early_blight,1,False,0.9110037088394165,1.0693353758028934e-08,Tomato___Late_blight,0.08887125551700592,Tomato___Bacterial_spot,0.00010755190305644646,HIGH,MISCLASSIFICATION
TRACK_C_REALWORLD,Tomato,realworld_tomato,FARMER_FIELD_PHOTO,D:\CropDiseaseProject\results\model_robustness_audit\audit_images\track_c_realworld\tomato\Tomato___healthy\pak_field_IMG_20251102_161616.jpg,Tomato___healthy,9,Tomato___Late_blight,2,False,0.9108310341835022,1.7144667197044328e-07,Tomato___Early_blight,0.08101202547550201,Tomato___Bacterial_spot,0.008093908429145813,HIGH,MISCLASSIFICATION
TRACK_B_EXTERNAL,Tomato,external_tomato,Tomato_Leaf_Disease_Dataset_Pakistan,D:\CropDiseaseProject\results\model_robustness_audit\audit_images\track_b_external\tomato\Tomato___healthy\pak_HL_(149).jpg,Tomato___healthy,9,Tomato___Early_blight,1,False,0.9105925559997559,0.0033318272326141596,Tomato___Late_blight,0.08535222709178925,Tomato___healthy,0.0033318272326141596,HIGH,MISCLASSIFICATION
TRACK_C_REALWORLD,Tomato,realworld_tomato,FARMER_FIELD_PHOTO,D:\CropDiseaseProject\results\model_robustness_audit\audit_images\track_c_realworld\tomato\Tomato___Septoria_leaf_spot\pak_field_FS547-4-big.jpg,Tomato___Septoria_leaf_spot,4,Tomato___Early_blight,1,False,0.9091866612434387,0.0907851830124855,Tomato___Septoria_leaf_spot,0.0907851830124855,Tomato___Bacterial_spot,2.689398934307974e-05,HIGH,MISCLASSIFICATION
TRACK_C_REALWORLD,Grape,realworld_grape,VINEYARD_FIELD_PHOTO,D:\CropDiseaseProject\results\model_robustness_audit\audit_images\track_c_realworld\grape\Downy Mildew\gldd_field_cucurbit-alternaria-2-cantaloupe-lesion-detail_jpg.rf.947a6f80c39ac500c8af63bd2f60ec24.jpg,Downy Mildew,2,Esca (Black Measles),3,False,0.908154308795929,0.0005031686159782112,Leaf Blight,0.0583786740899086,Healthy Leaves,0.022455405443906784,HIGH,MISCLASSIFICATION
TRACK_D_CROSS_CROP,Tomato,cross_crop_sugarcane_to_tomato,Sugarcane Held-Out Test,D:\CropDiseaseProject\sugarcane_maharashtra\Mosaic\mosaic (92).jpeg,Cross-Crop: Sugarcane,-1,Tomato___Late_blight,2,False,0.9077692031860352,0.0,Tomato___Tomato_Yellow_Leaf_Curl_Virus,0.09195147454738617,Tomato___Early_blight,0.0002400567173026502,N/A,CROSS_CROP_FALSE_ALARM
TRACK_C_REALWORLD,Tomato,realworld_tomato,FARMER_FIELD_PHOTO,D:\CropDiseaseProject\results\model_robustness_audit\audit_images\track_c_realworld\tomato\Tomato___healthy\pak_field_IMG_20251102_155139.jpg,Tomato___healthy,9,Tomato___Late_blight,2,False,0.9071691632270813,0.00013161308015696704,Tomato___Early_blight,0.0882684662938118,Tomato___Bacterial_spot,0.003366227960214019,HIGH,MISCLASSIFICATION
TRACK_D_CROSS_CROP,Tomato,cross_crop_grape_to_tomato,Grape Held-Out Test,D:\CropDiseaseProject\grape_2024\esca\esca322.jpg,Cross-Crop: Grape,-1,Tomato___Late_blight,2,False,0.9071024656295776,0.0,Tomato___Early_blight,0.05713992193341255,Tomato___Septoria_leaf_spot,0.021750306710600853,N/A,CROSS_CROP_FALSE_ALARM
TRACK_D_CROSS_CROP,Grape,cross_crop_chilli_to_grape,Chilli Held-Out Test,D:\CropDiseaseProject\chilli_cold\cerocospora\IMG_5237.JPG,Cross-Crop: Chilli,-1,Black Rot,1,False,0.9066929221153259,0.0,Leaf Blight,0.05297216400504112,Esca (Black Measles),0.039654988795518875,N/A,CROSS_CROP_FALSE_ALARM
TRACK_C_REALWORLD,Grape,realworld_grape,VINEYARD_FIELD_PHOTO,D:\CropDiseaseProject\results\model_robustness_audit\audit_images\track_c_realworld\grape\Black Rot\vineyard_00000049.jpg,Black Rot,1,Powdery Mildew,6,False,0.9066655039787292,0.0005346197285689414,Downy Mildew,0.08218641579151154,Healthy Leaves,0.01012282446026802,HIGH,MISCLASSIFICATION
TRACK_B_EXTERNAL,Grape,external_grape,GLDD-Dataset,D:\CropDiseaseProject\results\model_robustness_audit\audit_images\track_b_external\grape\Downy Mildew\gldd_1573744-PPT_jpg.rf.71758ce1e89ecb1357630780f438940d.jpg,Downy Mildew,2,Healthy Leaves,4,False,0.906465470790863,0.0016840551979839802,Leaf Blight,0.05456231161952019,Esca (Black Measles),0.03232349827885628,HIGH,MISCLASSIFICATION
TRACK_D_CROSS_CROP,Tomato,cross_crop_grape_to_tomato,Grape Held-Out Test,D:\CropDiseaseProject\grape_2024\esca\esca802.jpg,Cross-Crop: Grape,-1,Tomato___Late_blight,2,False,0.9057542085647583,0.0,Tomato___Early_blight,0.07761262357234955,Tomato___Bacterial_spot,0.008507595397531986,N/A,CROSS_CROP_FALSE_ALARM
TRACK_B_EXTERNAL,Grape,external_grape,AI-Challenger-2018-Grape,D:\CropDiseaseProject\results\model_robustness_audit\audit_images\track_b_external\grape\Black Rot\baliwaka_00000026.jpg,Black Rot,1,Powdery Mildew,6,False,0.9045001864433289,0.006896536331623793,Healthy Leaves,0.07634560018777847,Esca (Black Measles),0.009136782959103584,HIGH,MISCLASSIFICATION
TRACK_D_CROSS_CROP,Chilli,cross_crop_grape_to_chilli,Grape Held-Out Test,D:\CropDiseaseProject\grape_2024\healthy\healthy533.jpg,Cross-Crop: Grape,-1,healthy,1,False,0.9041561484336853,0.0,nutritional deficiency,0.04286634176969528,cerocospora,0.024827945977449417,N/A,CROSS_CROP_FALSE_ALARM
TRACK_A_INTERNAL,Sugarcane,sugarcane_large,sugarcane_large,D:\CropDiseaseProject\sugarcane_large\Diseases\Pokkah Boeng\Pokkah Boeng019.jpg,Pokkah Boeng,5,Smut,9,False,0.9029396176338196,0.093958631157875,Pokkah Boeng,0.093958631157875,Yellow Leaf Disease,0.0018951999954879,HIGH,MISCLASSIFICATION
TRACK_C_REALWORLD,Tomato,realworld_tomato,INTERNET_PLANTDOC_TEST,D:\CropDiseaseProject\results\model_robustness_audit\audit_images\track_c_realworld\tomato\Tomato___Tomato_Yellow_Leaf_Curl_Virus\pd_real_tylcv-seminar-1-638.jpg,Tomato___Tomato_Yellow_Leaf_Curl_Virus,7,Tomato___Late_blight,2,False,0.9026682376861572,0.0012848401675000787,Tomato___Early_blight,0.0920233353972435,Tomato___Leaf_Mold,0.0037743926513940096,HIGH,MISCLASSIFICATION
TRACK_B_EXTERNAL,Tomato,external_tomato,Tomato_Leaf_Disease_Dataset_Pakistan,D:\CropDiseaseProject\results\model_robustness_audit\audit_images\track_b_external\tomato\Tomato___Tomato_Yellow_Leaf_Curl_Virus\pak_IMG_20251102_155042.jpg,Tomato___Tomato_Yellow_Leaf_Curl_Virus,7,Tomato___Late_blight,2,False,0.9024245142936707,5.564984237316217e-11,Tomato___Early_blight,0.09729073196649551,Tomato___Septoria_leaf_spot,0.0002720777702052146,HIGH,MISCLASSIFICATION
TRACK_B_EXTERNAL,Tomato,external_tomato,PlantDoc-Dataset,D:\CropDiseaseProject\results\model_robustness_audit\audit_images\track_b_external\tomato\Tomato___Bacterial_spot\plantdoc_BacterialSpot06.jpg,Tomato___Bacterial_spot,0,Tomato___Late_blight,2,False,0.9019248485565186,4.77638444351669e-08,Tomato___Tomato_Yellow_Leaf_Curl_Virus,0.09797170013189316,Tomato___Septoria_leaf_spot,9.592509013600647e-05,HIGH,MISCLASSIFICATION
TRACK_C_REALWORLD,Sugarcane,realworld_sugarcane,SUGARCANE_FIELD_PHOTO,D:\CropDiseaseProject\results\model_robustness_audit\audit_images\track_c_realworld\sugarcane\Healthy Leaves\sc_field_S_H-43-_jpg.rf.7b4e83b9d34fad493807b025e2e2533e.jpg,Healthy Leaves,3,Mosaic / Viral Disease,4,False,0.9006052017211914,0.0449235625565052,Healthy Leaves,0.0449235625565052,Red Rot,0.020360523834824562,HIGH,MISCLASSIFICATION
TRACK_D_CROSS_CROP,Tomato,cross_crop_chilli_to_tomato,Chilli Held-Out Test,D:\CropDiseaseProject\chilli_cold\cerocospora\IMG_4233.JPG,Cross-Crop: Chilli,-1,Tomato___Early_blight,1,False,0.9003217220306396,0.0,Tomato___Late_blight,0.09954258799552917,Tomato___Bacterial_spot,0.00010257608664687723,N/A,CROSS_CROP_FALSE_ALARM
TRACK_B_EXTERNAL,Grape,external_grape,AI-Challenger-2018-Grape,D:\CropDiseaseProject\results\model_robustness_audit\audit_images\track_b_external\grape\Leaf Blight\baliwaka_00000009.jpg,Leaf Blight,5,Healthy Leaves,4,False,0.9001098275184631,1.790677742974367e-06,Powdery Mildew,0.09875718504190445,Black Rot,0.0009197353501804173,HIGH,MISCLASSIFICATION
TRACK_B_EXTERNAL,Tomato,external_tomato,Tomato_Leaf_Disease_Dataset_Pakistan,D:\CropDiseaseProject\results\model_robustness_audit\audit_images\track_b_external\tomato\Tomato___Septoria_leaf_spot\pak_BCH%20medium%20thumbnail%20for%20upload%20%2861%29.jpg,Tomato___Septoria_leaf_spot,4,Tomato___Late_blight,2,False,0.9000855088233948,0.04993457347154617,Tomato___Septoria_leaf_spot,0.04993457347154617,Tomato___Early_blight,0.04892587661743164,HIGH,MISCLASSIFICATION
TRACK_D_CROSS_CROP,Tomato,cross_crop_grape_to_tomato,Grape Held-Out Test,D:\CropDiseaseProject\grape_2024\healthy\healthy291.jpg,Cross-Crop: Grape,-1,Tomato___Septoria_leaf_spot,4,False,0.8999373912811279,0.0,Tomato___Late_blight,0.08018564432859421,Tomato___Early_blight,0.017916372045874596,N/A,CROSS_CROP_FALSE_ALARM
TRACK_B_EXTERNAL,Grape,external_grape,GLDD-Dataset,D:\CropDiseaseProject\results\model_robustness_audit\audit_images\track_b_external\grape\Powdery Mildew\gldd_029dfa4d-a08d-4ff3-82f3-45c56330f16f_jpg.rf.8f7a59bec5f029ad68b9f050db854d3e.jpg,Powdery Mildew,6,Healthy Leaves,4,False,0.898561954498291,3.372307401150465e-05,Esca (Black Measles),0.10139090567827225,Powdery Mildew,3.372307401150465e-05,HIGH,MISCLASSIFICATION
TRACK_C_REALWORLD,Grape,realworld_grape,VINEYARD_FIELD_PHOTO,D:\CropDiseaseProject\results\model_robustness_audit\audit_images\track_c_realworld\grape\Black Rot\vineyard_00000042.jpg,Black Rot,1,Powdery Mildew,6,False,0.8985210657119751,0.0012056963751092553,Healthy Leaves,0.0748957172036171,Downy Mildew,0.02484987862408161,HIGH,MISCLASSIFICATION
TRACK_D_CROSS_CROP,Tomato,cross_crop_chilli_to_tomato,Chilli Held-Out Test,D:\CropDiseaseProject\chilli_cold\cerocospora\IMG_5226.JPG,Cross-Crop: Chilli,-1,Tomato___Early_blight,1,False,0.8982533812522888,0.0,Tomato___Late_blight,0.10158736258745193,Tomato___Bacterial_spot,9.125526412390172e-05,N/A,CROSS_CROP_FALSE_ALARM
TRACK_C_REALWORLD,Grape,realworld_grape,VINEYARD_FIELD_PHOTO,D:\CropDiseaseProject\results\model_robustness_audit\audit_images\track_c_realworld\grape\Downy Mildew\gldd_field_5D983D8A7D981D8ADD8AAD98720-20D8B9D8A7D984D98520D8A7D984D8B2D8B1D8A7D8B9D8A9_jpg.rf.7be61e8e953da9685be74d12132b0ccb.jpg,Downy Mildew,2,Esca (Black Measles),3,False,0.8980890512466431,1.2054942999384366e-05,Leaf Blight,0.06184088811278343,Healthy Leaves,0.029667267575860023,HIGH,MISCLASSIFICATION
TRACK_C_REALWORLD,Sugarcane,realworld_sugarcane,SUGARCANE_FIELD_PHOTO,D:\CropDiseaseProject\results\model_robustness_audit\audit_images\track_c_realworld\sugarcane\Healthy Leaves\sc_field_S_H-45-_jpg.rf.fad584122872ae61c5391b904e29e39c.jpg,Healthy Leaves,3,Brown Spot,1,False,0.8973305225372314,0.0645926371216774,Healthy Leaves,0.0645926371216774,Banded Chlorosis,0.027162089943885803,HIGH,MISCLASSIFICATION
TRACK_D_UNRELATED,Sugarcane,unrelated_non_leaf,OpenCV Standard Non-Leaf Benchmark,D:\CropDiseaseProject\results\model_robustness_audit\audit_images\track_d_unrelated\left01.jpg,Unrelated / Non-Leaf,-1,Mosaic / Viral Disease,4,False,0.8968814015388489,0.0,Red Rot,0.10095955431461334,Healthy Leaves,0.001667120843194425,N/A,UNRELATED_FALSE_ALARM
TRACK_C_REALWORLD,Tomato,realworld_tomato,INTERNET_PLANTDOC_TEST,D:\CropDiseaseProject\results\model_robustness_audit\audit_images\track_c_realworld\tomato\Tomato___Tomato_mosaic_virus\pd_real_page_2.jpg,Tomato___Tomato_mosaic_virus,8,Tomato___Early_blight,1,False,0.8966106176376343,4.35650220596568e-15,Tomato___Late_blight,0.10073669999837875,Tomato___Tomato_Yellow_Leaf_Curl_Virus,0.0026174928061664104,MEDIUM,MISCLASSIFICATION
TRACK_B_EXTERNAL,Grape,external_grape,AI-Challenger-2018-Grape,D:\CropDiseaseProject\results\model_robustness_audit\audit_images\track_b_external\grape\Black Rot\baliwaka_00000012.jpg,Black Rot,1,Healthy Leaves,4,False,0.8960930109024048,0.002980701858177781,Powdery Mildew,0.08829595148563385,Downy Mildew,0.010365775786340237,HIGH,MISCLASSIFICATION
TRACK_D_CROSS_CROP,Tomato,cross_crop_grape_to_tomato,Grape Held-Out Test,D:\CropDiseaseProject\grape_niphad\Downy Mildew\Downy Mildew_821.jpg,Cross-Crop: Grape,-1,Tomato___Septoria_leaf_spot,4,False,0.8955696225166321,0.0,Tomato___Late_blight,0.0524098165333271,Tomato___Tomato_Yellow_Leaf_Curl_Virus,0.026836121454834938,N/A,CROSS_CROP_FALSE_ALARM
TRACK_D_CROSS_CROP,Grape,cross_crop_sugarcane_to_grape,Sugarcane Held-Out Test,D:\CropDiseaseProject\sugarcane_large\Healthy Leaves\image114.jpg,Cross-Crop: Sugarcane,-1,Esca (Black Measles),3,False,0.893944501876831,0.0,Leaf Blight,0.059356097131967545,Black Rot,0.04465329647064209,N/A,CROSS_CROP_FALSE_ALARM
TRACK_B_EXTERNAL,Tomato,external_tomato,Tomato_Leaf_Disease_Dataset_Pakistan,D:\CropDiseaseProject\results\model_robustness_audit\audit_images\track_b_external\tomato\Tomato___Tomato_Yellow_Leaf_Curl_Virus\pak_36ca1410e232eec4a8003fe411246820.jpg,Tomato___Tomato_Yellow_Leaf_Curl_Virus,7,Tomato___Septoria_leaf_spot,4,False,0.8937087059020996,0.06804569810628891,Tomato___Tomato_Yellow_Leaf_Curl_Virus,0.06804569810628891,Tomato___Late_blight,0.012828911654651165,HIGH,MISCLASSIFICATION
TRACK_C_REALWORLD,Tomato,realworld_tomato,FARMER_FIELD_PHOTO,D:\CropDiseaseProject\results\model_robustness_audit\audit_images\track_c_realworld\tomato\Tomato___Leaf_Mold\pak_field_IMG-20240725-WA0021.jpg,Tomato___Leaf_Mold,3,Tomato___Early_blight,1,False,0.8936843872070312,0.000587526592426002,Tomato___Tomato_Yellow_Leaf_Curl_Virus,0.06436576694250107,Tomato___Late_blight,0.041214391589164734,MEDIUM,MISCLASSIFICATION
TRACK_C_REALWORLD,Grape,realworld_grape,VINEYARD_FIELD_PHOTO,D:\CropDiseaseProject\results\model_robustness_audit\audit_images\track_c_realworld\grape\Esca (Black Measles)\vineyard_00000056.jpg,Esca (Black Measles),3,Healthy Leaves,4,False,0.893587589263916,0.08813200145959854,Esca (Black Measles),0.08813200145959854,Powdery Mildew,0.017441317439079285,HIGH,MISCLASSIFICATION
TRACK_C_REALWORLD,Tomato,realworld_tomato,INTERNET_PLANTDOC_TEST,D:\CropDiseaseProject\results\model_robustness_audit\audit_images\track_c_realworld\tomato\Tomato___Early_blight\pd_real_Shoemaker_7068.JPG.jpg,Tomato___Early_blight,1,Tomato___Late_blight,2,False,0.8935626745223999,0.10622968524694443,Tomato___Early_blight,0.10622968524694443,Tomato___Bacterial_spot,0.00018096064741257578,HIGH,MISCLASSIFICATION
TRACK_A_INTERNAL,Tomato,tomato,tomato_plantvillage,D:\CropDiseaseProject\tomato_plantvillage\Tomato___Early_blight\48dd3efc-400d-4b81-a569-13a51083df58___RS_Erly.B 7718.JPG,Tomato___Early_blight,1,Tomato___Target_Spot,6,False,0.8932305574417114,0.017873391509056,Tomato___healthy,0.0528173819184303,Tomato___Septoria_leaf_spot,0.0183862373232841,HIGH,MISCLASSIFICATION
TRACK_C_REALWORLD,Grape,realworld_grape,VINEYARD_FIELD_PHOTO,D:\CropDiseaseProject\results\model_robustness_audit\audit_images\track_c_realworld\grape\Black Rot\vineyard_00000054.jpg,Black Rot,1,Powdery Mildew,6,False,0.8931891322135925,0.0009863839950412512,Downy Mildew,0.06730098277330399,Healthy Leaves,0.03787701576948166,HIGH,MISCLASSIFICATION
TRACK_D_CROSS_CROP,Grape,cross_crop_chilli_to_grape,Chilli Held-Out Test,D:\CropDiseaseProject\chilli_cold\cerocospora\IMG_4669.JPG,Cross-Crop: Chilli,-1,Esca (Black Measles),3,False,0.8929378390312195,0.0,Leaf Blight,0.10514703392982483,Healthy Leaves,0.0014798595802858472,N/A,CROSS_CROP_FALSE_ALARM
TRACK_D_CROSS_CROP,Grape,cross_crop_chilli_to_grape,Chilli Held-Out Test,D:\CropDiseaseProject\chilli_cold\nutritional deficiency\IMG_3427.JPG,Cross-Crop: Chilli,-1,Esca (Black Measles),3,False,0.8926095366477966,0.0,Leaf Blight,0.10694309324026108,Black Rot,0.0003590558480937034,N/A,CROSS_CROP_FALSE_ALARM
TRACK_C_REALWORLD,Grape,realworld_grape,VINEYARD_FIELD_PHOTO,D:\CropDiseaseProject\results\model_robustness_audit\audit_images\track_c_realworld\grape\Leaf Blight\vineyard_00000051.jpg,Leaf Blight,5,Powdery Mildew,6,False,0.8911821842193604,0.0020993524231016636,Healthy Leaves,0.06908079236745834,Downy Mildew,0.03181241825222969,HIGH,MISCLASSIFICATION
TRACK_D_CROSS_CROP,Chilli,cross_crop_grape_to_chilli,Grape Held-Out Test,D:\CropDiseaseProject\grape_niphad\Downy Mildew\Downy Mildew_608.jpg,Cross-Crop: Grape,-1,cerocospora,0,False,0.8911755681037903,0.0,powdery mildew,0.06433739513158798,nutritional deficiency,0.03323600813746452,N/A,CROSS_CROP_FALSE_ALARM
TRACK_B_EXTERNAL,Tomato,external_tomato,Tomato_Leaf_Disease_Dataset_Pakistan,D:\CropDiseaseProject\results\model_robustness_audit\audit_images\track_b_external\tomato\Tomato___Septoria_leaf_spot\pak_5775225744523264.jpeg.jpg,Tomato___Septoria_leaf_spot,4,Tomato___Late_blight,2,False,0.8911504149436951,0.09448064118623734,Tomato___Septoria_leaf_spot,0.09448064118623734,Tomato___Early_blight,0.01429759431630373,HIGH,MISCLASSIFICATION
TRACK_B_EXTERNAL,Grape,external_grape,AI-Challenger-2018-Grape,D:\CropDiseaseProject\results\model_robustness_audit\audit_images\track_b_external\grape\Leaf Blight\baliwaka_00000001.jpg,Leaf Blight,5,Powdery Mildew,6,False,0.8907604217529297,0.016459906473755836,Black Rot,0.06479416787624359,Esca (Black Measles),0.01861722394824028,HIGH,MISCLASSIFICATION
TRACK_B_EXTERNAL,Tomato,external_tomato,PlantDoc-Dataset,D:\CropDiseaseProject\results\model_robustness_audit\audit_images\track_b_external\tomato\Tomato___Bacterial_spot\plantdoc_38849847120_7ae02bd6c3_b.jpg,Tomato___Bacterial_spot,0,Tomato___Septoria_leaf_spot,4,False,0.8885380029678345,0.002781551331281662,Tomato___Early_blight,0.0832739993929863,Tomato___Late_blight,0.023006506264209747,HIGH,MISCLASSIFICATION
TRACK_D_CROSS_CROP,Sugarcane,cross_crop_tomato_to_sugarcane,Tomato Held-Out Test,D:\CropDiseaseProject\tomato_plantvillage\Tomato___Bacterial_spot\2a43c0fa-a3dc-4f6d-a9e9-cb4274ae019f___GCREC_Bact.Sp 3621.JPG,Cross-Crop: Tomato,-1,Yellow Leaf Disease,10,False,0.8883020281791687,0.0,Mosaic / Viral Disease,0.04867974668741226,Pokkah Boeng,0.03098435141146183,N/A,CROSS_CROP_FALSE_ALARM
TRACK_D_UNRELATED,Chilli,unrelated_non_leaf,OpenCV Standard Non-Leaf Benchmark,D:\CropDiseaseProject\results\model_robustness_audit\audit_images\track_d_unrelated\messi5.jpg,Unrelated / Non-Leaf,-1,cerocospora,0,False,0.8880003690719604,0.0,murda complex,0.046513136476278305,healthy,0.04602449759840965,N/A,UNRELATED_FALSE_ALARM
TRACK_C_REALWORLD,Chilli,realworld_chilli,CHILI_FIELD_PHOTO,D:\CropDiseaseProject\results\model_robustness_audit\audit_images\track_c_realworld\chilli\murda complex\ulfa_field_Leaf_Curl__1042_.jpg,murda complex,2,cerocospora,0,False,0.8879522085189819,0.01406038086861372,healthy,0.06615634262561798,nutritional deficiency,0.021669089794158936,HIGH,MISCLASSIFICATION
TRACK_D_CROSS_CROP,Tomato,cross_crop_sugarcane_to_tomato,Sugarcane Held-Out Test,D:\CropDiseaseProject\sugarcane_large\Diseases\Yellow Leaf\Yellow Leaf913.jpg,Cross-Crop: Sugarcane,-1,Tomato___Tomato_Yellow_Leaf_Curl_Virus,7,False,0.88759845495224,0.0,Tomato___Late_blight,0.07381240278482437,Tomato___Leaf_Mold,0.03238249197602272,N/A,CROSS_CROP_FALSE_ALARM
TRACK_A_INTERNAL,Grape,grape_2024,grape_2024,D:\CropDiseaseProject\grape_2024\leaf blight\leaf blight134.jpg,Leaf Blight,5,Black Rot,1,False,0.8874918818473816,0.1123379841446876,Leaf Blight,0.1123379841446876,Esca (Black Measles),0.0001484607346355,HIGH,MISCLASSIFICATION
TRACK_B_EXTERNAL,Tomato,external_tomato,Tomato_Leaf_Disease_Dataset_Pakistan,D:\CropDiseaseProject\results\model_robustness_audit\audit_images\track_b_external\tomato\Tomato___healthy\pak_HL_(138).jpg,Tomato___healthy,9,Tomato___Late_blight,2,False,0.8867872953414917,0.0003617456532083452,Tomato___Early_blight,0.11105754971504211,Tomato___Septoria_leaf_spot,0.0009471235098317266,HIGH,MISCLASSIFICATION
TRACK_A_INTERNAL,Chilli,chilli_cold,chilli_cold,D:\CropDiseaseProject\chilli_cold\nutritional deficiency\IMG_4875.JPG,nutritional deficiency,3,cerocospora,0,False,0.8866438269615173,0.0153316175565123,healthy,0.0887838155031204,nutritional deficiency,0.0153316175565123,HIGH,MISCLASSIFICATION
TRACK_B_EXTERNAL,Grape,external_grape,AI-Challenger-2018-Grape,D:\CropDiseaseProject\results\model_robustness_audit\audit_images\track_b_external\grape\Black Rot\baliwaka_00000018.jpg,Black Rot,1,Powdery Mildew,6,False,0.8854796886444092,0.0707828477025032,Black Rot,0.0707828477025032,Downy Mildew,0.017691394314169884,HIGH,MISCLASSIFICATION
TRACK_B_EXTERNAL,Grape,external_grape,AI-Challenger-2018-Grape,D:\CropDiseaseProject\results\model_robustness_audit\audit_images\track_b_external\grape\Black Rot\baliwaka_00000020.jpg,Black Rot,1,Powdery Mildew,6,False,0.8847966194152832,8.188182255253196e-05,Esca (Black Measles),0.09832622855901718,Healthy Leaves,0.0076945144683122635,HIGH,MISCLASSIFICATION
TRACK_D_CROSS_CROP,Chilli,cross_crop_tomato_to_chilli,Tomato Held-Out Test,D:\CropDiseaseProject\tomato_plantvillage\Tomato___Septoria_leaf_spot\fa477e80-af35-4ef8-b16b-78e0f884f737___Matt.S_CG 2715.JPG,Cross-Crop: Tomato,-1,cerocospora,0,False,0.8846832513809204,0.0,nutritional deficiency,0.10050220787525177,murda complex,0.013982723467051983,N/A,CROSS_CROP_FALSE_ALARM
TRACK_A_INTERNAL,Grape,grape_2024,grape_2024,D:\CropDiseaseProject\grape_2024\leaf blight\leaf blight079.jpg,Leaf Blight,5,Black Rot,1,False,0.8846174478530884,0.0861206725239753,Leaf Blight,0.0861206725239753,Esca (Black Measles),0.0258087553083896,HIGH,MISCLASSIFICATION
TRACK_B_EXTERNAL,Tomato,external_tomato,Tomato_Leaf_Disease_Dataset_Pakistan,D:\CropDiseaseProject\results\model_robustness_audit\audit_images\track_b_external\tomato\Tomato___Leaf_Mold\pak_IMG-20240724-WA0016.jpg,Tomato___Leaf_Mold,3,Tomato___Early_blight,1,False,0.8841132521629333,2.2667313359647778e-08,Tomato___Septoria_leaf_spot,0.09099185466766357,Tomato___Late_blight,0.021629462018609047,HIGH,MISCLASSIFICATION
TRACK_C_REALWORLD,Tomato,realworld_tomato,INTERNET_PLANTDOC_TEST,D:\CropDiseaseProject\results\model_robustness_audit\audit_images\track_c_realworld\tomato\Tomato___Bacterial_spot\pd_real__2320_Bacterial_Spot_and_Speck.jpg,Tomato___Bacterial_spot,0,Tomato___Early_blight,1,False,0.8836769461631775,8.082263775577303e-06,Tomato___Late_blight,0.11549559235572815,Tomato___Tomato_Yellow_Leaf_Curl_Virus,0.0008122673607431352,HIGH,MISCLASSIFICATION
TRACK_D_UNRELATED,Tomato,unrelated_non_leaf,OpenCV Standard Non-Leaf Benchmark,D:\CropDiseaseProject\results\model_robustness_audit\audit_images\track_d_unrelated\basketball1.png,Unrelated / Non-Leaf,-1,Tomato___Target_Spot,6,False,0.8830881714820862,0.0,Tomato___Late_blight,0.07988162338733673,Tomato___Early_blight,0.03370586410164833,N/A,UNRELATED_FALSE_ALARM
TRACK_C_REALWORLD,Sugarcane,realworld_sugarcane,SUGARCANE_FIELD_PHOTO,D:\CropDiseaseProject\results\model_robustness_audit\audit_images\track_c_realworld\sugarcane\Healthy Leaves\sc_field_S_H-27-_jpg.rf.b835a785a4ee336b79e8b7ae9a27445f.jpg,Healthy Leaves,3,Pokkah Boeng,5,False,0.8829976916313171,0.003382923314347863,Brown Spot,0.0298942681401968,Rust (Brown Rust),0.027697712182998657,HIGH,MISCLASSIFICATION
TRACK_A_INTERNAL,Tomato,tomato,tomato_plantvillage,D:\CropDiseaseProject\tomato_plantvillage\Tomato___Target_Spot\fac15e88-8950-4637-9bdc-26bca1e3ae8e___Com.G_TgS_FL 8169.JPG,Tomato___Target_Spot,6,Tomato___Septoria_leaf_spot,4,False,0.8824067115783691,0.0790488272905349,Tomato___Target_Spot,0.0790488272905349,Tomato___Spider_mites Two-spotted_spider_mite,0.0149186998605728,HIGH,MISCLASSIFICATION
TRACK_C_REALWORLD,Tomato,realworld_tomato,FARMER_FIELD_PHOTO,D:\CropDiseaseProject\results\model_robustness_audit\audit_images\track_c_realworld\tomato\Tomato___Septoria_leaf_spot\pak_field_early-tomato-blight.jpg,Tomato___Septoria_leaf_spot,4,Tomato___Early_blight,1,False,0.881805419921875,0.0011309887049719691,Tomato___Late_blight,0.11278311163187027,Tomato___Tomato_Yellow_Leaf_Curl_Virus,0.0034276109654456377,HIGH,MISCLASSIFICATION
TRACK_B_EXTERNAL,Tomato,external_tomato,Tomato_Leaf_Disease_Dataset_Pakistan,D:\CropDiseaseProject\results\model_robustness_audit\audit_images\track_b_external\tomato\Tomato___Leaf_Mold\pak_IMG-20240724-WA0063.jpg,Tomato___Leaf_Mold,3,Tomato___Septoria_leaf_spot,4,False,0.8813459277153015,1.4682569599244744e-05,Tomato___Late_blight,0.07981427013874054,Tomato___Early_blight,0.03613751009106636,HIGH,MISCLASSIFICATION
TRACK_D_CROSS_CROP,Grape,cross_crop_chilli_to_grape,Chilli Held-Out Test,D:\CropDiseaseProject\chilli_cold\cerocospora\IMG_4053.JPG,Cross-Crop: Chilli,-1,Black Rot,1,False,0.8807719945907593,0.0,Esca (Black Measles),0.05081946775317192,Healthy Leaves,0.034138455986976624,N/A,CROSS_CROP_FALSE_ALARM
TRACK_B_EXTERNAL,Grape,external_grape,GLDD-Dataset,D:\CropDiseaseProject\results\model_robustness_audit\audit_images\track_b_external\grape\Powdery Mildew\gldd_5683e0ab-9105-4c16-8917-8b7a1adf4432_jpg.rf.95d9f18fa751c0a7921776a6a40df6fc.jpg,Powdery Mildew,6,Healthy Leaves,4,False,0.8807289004325867,0.00016096104809548706,Esca (Black Measles),0.11663918197154999,Bacterial Leaf Spot,0.002340899780392647,HIGH,MISCLASSIFICATION
TRACK_A_INTERNAL,Tomato,tomato,tomato_plantvillage,D:\CropDiseaseProject\tomato_plantvillage\Tomato___Early_blight\9cb2abac-0c5b-4b49-ad84-d97805de271c___RS_Erly.B 7457.JPG,Tomato___Early_blight,1,Tomato___Late_blight,2,False,0.8806261420249939,0.0861815735697746,Tomato___Early_blight,0.0861815735697746,Tomato___Leaf_Mold,0.0198775380849838,HIGH,MISCLASSIFICATION
TRACK_B_EXTERNAL,Tomato,external_tomato,Sylhet-Tomato-Dataset,D:\CropDiseaseProject\results\model_robustness_audit\audit_images\track_b_external\tomato\Tomato___Target_Spot\rk_sau_IMG_1136_JPG.rf.7b812b71128bd9323872134dd4fb6cab.jpg,Tomato___Target_Spot,6,Tomato___Early_blight,1,False,0.8803954720497131,1.2257251910341438e-05,Tomato___Late_blight,0.0779917910695076,Tomato___Bacterial_spot,0.03304995596408844,HIGH,MISCLASSIFICATION
TRACK_D_UNRELATED,Sugarcane,unrelated_non_leaf,OpenCV Standard Non-Leaf Benchmark,D:\CropDiseaseProject\results\model_robustness_audit\audit_images\track_d_unrelated\starry_night.jpg,Unrelated / Non-Leaf,-1,Mosaic / Viral Disease,4,False,0.8803736567497253,0.0,Healthy Leaves,0.1182359904050827,Rust (Brown Rust),0.0012036465341225266,N/A,UNRELATED_FALSE_ALARM
TRACK_B_EXTERNAL,Tomato,external_tomato,Sylhet-Tomato-Dataset,D:\CropDiseaseProject\results\model_robustness_audit\audit_images\track_b_external\tomato\Tomato___Target_Spot\rk_sau_IMG_0363_JPG.rf.b70df68ea826d4a56ea04fc61cc14f60.jpg,Tomato___Target_Spot,6,Tomato___Early_blight,1,False,0.8793540596961975,3.900334922946058e-05,Tomato___Late_blight,0.11290768533945084,Tomato___Tomato_Yellow_Leaf_Curl_Virus,0.0065729934722185135,HIGH,MISCLASSIFICATION
TRACK_B_EXTERNAL,Tomato,external_tomato,Tomato_Leaf_Disease_Dataset_Pakistan,D:\CropDiseaseProject\results\model_robustness_audit\audit_images\track_b_external\tomato\Tomato___Septoria_leaf_spot\pak_1058_0.jpeg_itok=OQkdtxgv.jpg,Tomato___Septoria_leaf_spot,4,Tomato___Early_blight,1,False,0.8789189457893372,0.12108097225427628,Tomato___Septoria_leaf_spot,0.12108097225427628,Tomato___Late_blight,4.4158426248941396e-08,HIGH,MISCLASSIFICATION
TRACK_D_UNRELATED,Grape,unrelated_non_leaf,OpenCV Standard Non-Leaf Benchmark,D:\CropDiseaseProject\results\model_robustness_audit\audit_images\track_d_unrelated\sudoku.png,Unrelated / Non-Leaf,-1,Healthy Leaves,4,False,0.8787279725074768,0.0,Esca (Black Measles),0.07192133367061615,Leaf Blight,0.02716333419084549,N/A,UNRELATED_FALSE_ALARM
TRACK_B_EXTERNAL,Tomato,external_tomato,PlantDoc-Dataset,D:\CropDiseaseProject\results\model_robustness_audit\audit_images\track_b_external\tomato\Tomato___Bacterial_spot\plantdoc_3182.jpg,Tomato___Bacterial_spot,0,Tomato___Early_blight,1,False,0.8774336576461792,0.0004797397996298969,Tomato___Septoria_leaf_spot,0.11835670471191406,Tomato___Late_blight,0.003498706268146634,HIGH,MISCLASSIFICATION
TRACK_B_EXTERNAL,Grape,external_grape,PlantDoc-Dataset,D:\CropDiseaseProject\results\model_robustness_audit\audit_images\track_b_external\grape\Healthy Leaves\plantdoc_grape-leaf-blossoming-buds-spring-macro-31132897.jpg,Healthy Leaves,4,Black Rot,1,False,0.8766961097717285,0.004826693795621395,Esca (Black Measles),0.05523937568068504,Bacterial Leaf Spot,0.05077219009399414,HIGH,MISCLASSIFICATION
TRACK_B_EXTERNAL,Tomato,external_tomato,Tomato_Leaf_Disease_Dataset_Pakistan,D:\CropDiseaseProject\results\model_robustness_audit\audit_images\track_b_external\tomato\Tomato___Septoria_leaf_spot\pak_1b.jpg,Tomato___Septoria_leaf_spot,4,Tomato___Early_blight,1,False,0.8766909837722778,0.1026078313589096,Tomato___Septoria_leaf_spot,0.1026078313589096,Tomato___Bacterial_spot,0.020591093227267265,HIGH,MISCLASSIFICATION
TRACK_D_UNRELATED,Chilli,unrelated_non_leaf,OpenCV Standard Non-Leaf Benchmark,D:\CropDiseaseProject\results\model_robustness_audit\audit_images\track_d_unrelated\cards.png,Unrelated / Non-Leaf,-1,cerocospora,0,False,0.8763173818588257,0.0,murda complex,0.06093727424740791,powdery mildew,0.05419284105300903,N/A,UNRELATED_FALSE_ALARM
TRACK_B_EXTERNAL,Tomato,external_tomato,Tomato_Leaf_Disease_Dataset_Pakistan,D:\CropDiseaseProject\results\model_robustness_audit\audit_images\track_b_external\tomato\Tomato___Early_blight\pak_EB_(991).jpg,Tomato___Early_blight,1,Tomato___Late_blight,2,False,0.8761635422706604,0.07817655056715012,Tomato___Early_blight,0.07817655056715012,Tomato___Bacterial_spot,0.04541712999343872,HIGH,MISCLASSIFICATION
TRACK_D_UNRELATED,Chilli,unrelated_non_leaf,OpenCV Standard Non-Leaf Benchmark,D:\CropDiseaseProject\results\model_robustness_audit\audit_images\track_d_unrelated\aloeL.jpg,Unrelated / Non-Leaf,-1,powdery mildew,4,False,0.8755195736885071,0.0,cerocospora,0.07018215954303741,nutritional deficiency,0.04616653546690941,N/A,UNRELATED_FALSE_ALARM
TRACK_B_EXTERNAL,Grape,external_grape,AI-Challenger-2018-Grape,D:\CropDiseaseProject\results\model_robustness_audit\audit_images\track_b_external\grape\Black Rot\baliwaka_00000005.jpg,Black Rot,1,Powdery Mildew,6,False,0.8754370212554932,0.005726838018745184,Healthy Leaves,0.101700559258461,Esca (Black Measles),0.012427223846316338,HIGH,MISCLASSIFICATION
TRACK_D_CROSS_CROP,Grape,cross_crop_tomato_to_grape,Tomato Held-Out Test,D:\CropDiseaseProject\tomato_plantvillage\Tomato___Bacterial_spot\2a43c0fa-a3dc-4f6d-a9e9-cb4274ae019f___GCREC_Bact.Sp 3621.JPG,Cross-Crop: Tomato,-1,Healthy Leaves,4,False,0.8752487301826477,0.0,Powdery Mildew,0.11761382222175598,Downy Mildew,0.006813304498791695,N/A,CROSS_CROP_FALSE_ALARM
TRACK_C_REALWORLD,Tomato,realworld_tomato,FARMER_FIELD_PHOTO,D:\CropDiseaseProject\results\model_robustness_audit\audit_images\track_c_realworld\tomato\Tomato___Septoria_leaf_spot\pak_field_Gls32_mirror_vertical.jpg,Tomato___Septoria_leaf_spot,4,Tomato___Late_blight,2,False,0.8751394152641296,0.0003286304709035903,Tomato___Early_blight,0.12005312740802765,Tomato___Target_Spot,0.0026429956778883934,HIGH,MISCLASSIFICATION
TRACK_C_REALWORLD,Tomato,realworld_tomato,FARMER_FIELD_PHOTO,D:\CropDiseaseProject\results\model_robustness_audit\audit_images\track_c_realworld\tomato\Tomato___Early_blight\pak_field_IMG_20251102_155133.jpg,Tomato___Early_blight,1,Tomato___Late_blight,2,False,0.874221920967102,0.1257501244544983,Tomato___Early_blight,0.1257501244544983,Tomato___Target_Spot,2.645414133439772e-05,HIGH,MISCLASSIFICATION
TRACK_C_REALWORLD,Grape,realworld_grape,VINEYARD_FIELD_PHOTO,D:\CropDiseaseProject\results\model_robustness_audit\audit_images\track_c_realworld\grape\Downy Mildew\gldd_field_6242739939180544-jpeg_jpg.rf.351d97d0567c529b87c4cd105005fa6f.jpg,Downy Mildew,2,Bacterial Leaf Spot,0,False,0.8737912178039551,0.009536826983094215,Healthy Leaves,0.07706930488348007,Black Rot,0.02716706320643425,HIGH,MISCLASSIFICATION
TRACK_B_EXTERNAL,Tomato,external_tomato,Sylhet-Tomato-Dataset,D:\CropDiseaseProject\results\model_robustness_audit\audit_images\track_b_external\tomato\Tomato___Target_Spot\rk_sau_IMG_0347_JPG.rf.630e1792fc0046b30914c59e6b9a069b.jpg,Tomato___Target_Spot,6,Tomato___Early_blight,1,False,0.8735046982765198,1.0468473192304373e-05,Tomato___Late_blight,0.12640595436096191,Tomato___Bacterial_spot,7.337291026487947e-05,HIGH,MISCLASSIFICATION
TRACK_C_REALWORLD,Tomato,realworld_tomato,FARMER_FIELD_PHOTO,D:\CropDiseaseProject\results\model_robustness_audit\audit_images\track_c_realworld\tomato\Tomato___healthy\pak_field_h95_mirror.jpg,Tomato___healthy,9,Tomato___Tomato_Yellow_Leaf_Curl_Virus,7,False,0.8734119534492493,7.707714644311636e-07,Tomato___Early_blight,0.10671579837799072,Tomato___Late_blight,0.01620747521519661,HIGH,MISCLASSIFICATION
TRACK_B_EXTERNAL,Tomato,external_tomato,PlantDoc-Dataset,D:\CropDiseaseProject\results\model_robustness_audit\audit_images\track_b_external\tomato\Tomato___Tomato_mosaic_virus\plantdoc_dahliaviralsymptoms2lowresjpg.jpg,Tomato___Tomato_mosaic_virus,8,Tomato___Late_blight,2,False,0.8733044266700745,6.753570480633186e-10,Tomato___Bacterial_spot,0.07442168891429901,Tomato___Septoria_leaf_spot,0.025713633745908737,HIGH,MISCLASSIFICATION
TRACK_B_EXTERNAL,Grape,external_grape,GLDD-Dataset,D:\CropDiseaseProject\results\model_robustness_audit\audit_images\track_b_external\grape\Downy Mildew\gldd_5602389-PPT_jpg.rf.e6c7fa3ea3e2fbe2aac8bbf8cd96a2f5.jpg,Downy Mildew,2,Healthy Leaves,4,False,0.8732728958129883,0.1213247999548912,Downy Mildew,0.1213247999548912,Powdery Mildew,0.0029570781625807285,HIGH,MISCLASSIFICATION
TRACK_B_EXTERNAL,Tomato,external_tomato,Tomato_Leaf_Disease_Dataset_Pakistan,D:\CropDiseaseProject\results\model_robustness_audit\audit_images\track_b_external\tomato\Tomato___healthy\pak_003.JPG.jpg,Tomato___healthy,9,Tomato___Late_blight,2,False,0.873261570930481,0.0021836329251527786,Tomato___Early_blight,0.06191949546337128,Tomato___Septoria_leaf_spot,0.03826585039496422,HIGH,MISCLASSIFICATION
TRACK_D_CROSS_CROP,Grape,cross_crop_sugarcane_to_grape,Sugarcane Held-Out Test,D:\CropDiseaseProject\sugarcane_large\Diseases\Yellow Leaf\Yellow Leaf650.jpg,Cross-Crop: Sugarcane,-1,Bacterial Leaf Spot,0,False,0.873177707195282,0.0,Leaf Blight,0.07429017126560211,Healthy Leaves,0.048292554914951324,N/A,CROSS_CROP_FALSE_ALARM
TRACK_B_EXTERNAL,Tomato,external_tomato,PlantDoc-Dataset,D:\CropDiseaseProject\results\model_robustness_audit\audit_images\track_b_external\tomato\Tomato___Tomato_mosaic_virus\plantdoc_1422_0.jpeg.jpg,Tomato___Tomato_mosaic_virus,8,Tomato___Late_blight,2,False,0.8720728158950806,2.6092037419545022e-09,Tomato___Early_blight,0.12261693179607391,Tomato___healthy,0.003995542414486408,HIGH,MISCLASSIFICATION
TRACK_B_EXTERNAL,Grape,external_grape,PlantDoc-Dataset,D:\CropDiseaseProject\results\model_robustness_audit\audit_images\track_b_external\grape\Healthy Leaves\plantdoc_IMG_20150511_095517.jpg,Healthy Leaves,4,Esca (Black Measles),3,False,0.8714252710342407,0.00036823569098487496,Leaf Blight,0.07516495883464813,Bacterial Leaf Spot,0.027178404852747917,HIGH,MISCLASSIFICATION
TRACK_B_EXTERNAL,Tomato,external_tomato,Tomato_Leaf_Disease_Dataset_Pakistan,D:\CropDiseaseProject\results\model_robustness_audit\audit_images\track_b_external\tomato\Tomato___Late_blight\pak_Gls70_change_90.jpg,Tomato___Late_blight,2,Tomato___Early_blight,1,False,0.8702847957611084,0.04822925478219986,Tomato___Target_Spot,0.05915007367730141,Tomato___Late_blight,0.04822925478219986,HIGH,MISCLASSIFICATION
TRACK_C_REALWORLD,Tomato,realworld_tomato,INTERNET_PLANTDOC_TEST,D:\CropDiseaseProject\results\model_robustness_audit\audit_images\track_c_realworld\tomato\Tomato___Tomato_Yellow_Leaf_Curl_Virus\pd_real_11-40580_5.jpg,Tomato___Tomato_Yellow_Leaf_Curl_Virus,7,Tomato___Late_blight,2,False,0.87010657787323,0.001461251638829708,Tomato___healthy,0.12787817418575287,Tomato___Tomato_Yellow_Leaf_Curl_Virus,0.001461251638829708,HIGH,MISCLASSIFICATION
TRACK_C_REALWORLD,Tomato,realworld_tomato,INTERNET_PLANTDOC_TEST,D:\CropDiseaseProject\results\model_robustness_audit\audit_images\track_c_realworld\tomato\Tomato___Tomato_mosaic_virus\pd_real_everystockphoto-21099455-l.jpg,Tomato___Tomato_mosaic_virus,8,Tomato___Early_blight,1,False,0.8697285056114197,1.202264121591412e-10,Tomato___Late_blight,0.08657995611429214,Tomato___Septoria_leaf_spot,0.027628395706415176,MEDIUM,MISCLASSIFICATION
TRACK_A_INTERNAL,Tomato,tomato,tomato_plantvillage,D:\CropDiseaseProject\tomato_plantvillage\Tomato___Bacterial_spot\ac099bdd-1fb0-4f9c-bb62-be3994736868___UF.GRC_BS_Lab Leaf 0419.JPG,Tomato___Bacterial_spot,0,Tomato___Late_blight,2,False,0.8696846961975098,0.1229163110256195,Tomato___Bacterial_spot,0.1229163110256195,Tomato___Septoria_leaf_spot,0.0045342585071921,HIGH,MISCLASSIFICATION
TRACK_A_INTERNAL,Sugarcane,sugarcane_large,sugarcane_large,D:\CropDiseaseProject\sugarcane_large\Diseases\Banded Chlorosis\image157.jpg,Banded Chlorosis,0,Mosaic / Viral Disease,4,False,0.8682026863098145,0.0534069091081619,Rust (Brown Rust),0.0565471723675727,Banded Chlorosis,0.0534069091081619,HIGH,MISCLASSIFICATION
TRACK_B_EXTERNAL,Tomato,external_tomato,PlantDoc-Dataset,D:\CropDiseaseProject\results\model_robustness_audit\audit_images\track_b_external\tomato\Tomato___Bacterial_spot\plantdoc_Bacterial-Spot-of-Tomato-Img-2.jpg,Tomato___Bacterial_spot,0,Tomato___Septoria_leaf_spot,4,False,0.8672167658805847,0.000499074172694236,Tomato___healthy,0.09424234926700592,Tomato___Late_blight,0.023598022758960724,HIGH,MISCLASSIFICATION
TRACK_A_INTERNAL,Sugarcane,sugarcane_large,sugarcane_large,D:\CropDiseaseProject\sugarcane_large\Diseases\Banded Chlorosis\image314.jpg,Banded Chlorosis,0,Yellow Leaf Disease,10,False,0.8667860627174377,0.1280875205993652,Banded Chlorosis,0.1280875205993652,Brown Spot,0.0033504150342196,HIGH,MISCLASSIFICATION
TRACK_B_EXTERNAL,Grape,external_grape,AI-Challenger-2018-Grape,D:\CropDiseaseProject\results\model_robustness_audit\audit_images\track_b_external\grape\Leaf Blight\baliwaka_00000019.jpg,Leaf Blight,5,Powdery Mildew,6,False,0.8646417260169983,0.0355469174683094,Downy Mildew,0.08511076122522354,Leaf Blight,0.0355469174683094,HIGH,MISCLASSIFICATION
TRACK_B_EXTERNAL,Grape,external_grape,AI-Challenger-2018-Grape,D:\CropDiseaseProject\results\model_robustness_audit\audit_images\track_b_external\grape\Esca (Black Measles)\baliwaka_00000028.jpg,Esca (Black Measles),3,Healthy Leaves,4,False,0.862619936466217,0.003676988882943988,Powdery Mildew,0.11524581909179688,Downy Mildew,0.013686839491128922,HIGH,MISCLASSIFICATION
TRACK_B_EXTERNAL,Sugarcane,external_sugarcane,Sabid-Sugarcane-Dataset,D:\CropDiseaseProject\results\model_robustness_audit\audit_images\track_b_external\sugarcane\Healthy Leaves\sabid_S_H-91-_JPG.rf.0c3d93d4d8598178423c570f44c4a261.jpg,Healthy Leaves,3,Red Rot,6,False,0.8624170422554016,0.0033402261324226856,Rust (Brown Rust),0.08173852413892746,Mosaic / Viral Disease,0.04106643795967102,HIGH,MISCLASSIFICATION
TRACK_B_EXTERNAL,Sugarcane,external_sugarcane,Sabid-Sugarcane-Dataset,D:\CropDiseaseProject\results\model_robustness_audit\audit_images\track_b_external\sugarcane\Red Rot\sabid_S_RR-5-_JPG.rf.4184cc7af557b7e9d8f11f8d4a2d6dc5.jpg,Red Rot,6,Brown Spot,1,False,0.8615877032279968,0.002961339196190238,Banded Chlorosis,0.059941623359918594,Rust (Brown Rust),0.0471130795776844,HIGH,MISCLASSIFICATION
TRACK_B_EXTERNAL,Tomato,external_tomato,PlantDoc-Dataset,D:\CropDiseaseProject\results\model_robustness_audit\audit_images\track_b_external\tomato\Tomato___Tomato_mosaic_virus\plantdoc_TMV-3.jpg,Tomato___Tomato_mosaic_virus,8,Tomato___Early_blight,1,False,0.8615480065345764,6.583236881851917e-06,Tomato___Late_blight,0.10559390485286713,Tomato___Septoria_leaf_spot,0.016196005046367645,HIGH,MISCLASSIFICATION
TRACK_C_REALWORLD,Tomato,realworld_tomato,FARMER_FIELD_PHOTO,D:\CropDiseaseProject\results\model_robustness_audit\audit_images\track_c_realworld\tomato\Tomato___Leaf_Mold\pak_field_IMG-20240725-WA0019.jpg,Tomato___Leaf_Mold,3,Tomato___Early_blight,1,False,0.8615373373031616,1.7497324478199516e-08,Tomato___Bacterial_spot,0.12389600276947021,Tomato___Late_blight,0.014466116204857826,MEDIUM,MISCLASSIFICATION
TRACK_D_CROSS_CROP,Grape,cross_crop_sugarcane_to_grape,Sugarcane Held-Out Test,D:\CropDiseaseProject\sugarcane_large\Diseases\Brown Spot\image659.jpg,Cross-Crop: Sugarcane,-1,Bacterial Leaf Spot,0,False,0.8597643971443176,0.0,Esca (Black Measles),0.1113835796713829,Leaf Blight,0.02026221714913845,N/A,CROSS_CROP_FALSE_ALARM
TRACK_B_EXTERNAL,Tomato,external_tomato,Tomato_Leaf_Disease_Dataset_Pakistan,D:\CropDiseaseProject\results\model_robustness_audit\audit_images\track_b_external\tomato\Tomato___Tomato_Yellow_Leaf_Curl_Virus\pak_1342017-162221-44540.jpg,Tomato___Tomato_Yellow_Leaf_Curl_Virus,7,Tomato___Late_blight,2,False,0.8596735000610352,0.006426994223147631,Tomato___Septoria_leaf_spot,0.06366702914237976,Tomato___Early_blight,0.053362611681222916,HIGH,MISCLASSIFICATION
TRACK_C_REALWORLD,Grape,realworld_grape,VINEYARD_FIELD_PHOTO,D:\CropDiseaseProject\results\model_robustness_audit\audit_images\track_c_realworld\grape\Downy Mildew\gldd_field_b6ca3f80-cc10-4d4f-be0d-771deb9a4969-jpeg_jpg.rf.a02f4698c8ba743a2446ca41ee23922c.jpg,Downy Mildew,2,Esca (Black Measles),3,False,0.859613299369812,0.02103431709110737,Bacterial Leaf Spot,0.08290177583694458,Leaf Blight,0.023586120456457138,HIGH,MISCLASSIFICATION
TRACK_C_REALWORLD,Grape,realworld_grape,INTERNET_PLANTDOC_TEST,D:\CropDiseaseProject\results\model_robustness_audit\audit_images\track_c_realworld\grape\Black Rot\pd_real_grape_F15a.jpg,Black Rot,1,Powdery Mildew,6,False,0.8577027916908264,1.2607129974639975e-05,Healthy Leaves,0.08022266626358032,Downy Mildew,0.040505487471818924,HIGH,MISCLASSIFICATION
TRACK_C_REALWORLD,Tomato,realworld_tomato,FARMER_FIELD_PHOTO,D:\CropDiseaseProject\results\model_robustness_audit\audit_images\track_c_realworld\tomato\Tomato___Septoria_leaf_spot\pak_field_Gls37.jpg,Tomato___Septoria_leaf_spot,4,Tomato___Early_blight,1,False,0.857695996761322,0.09028550982475281,Tomato___Septoria_leaf_spot,0.09028550982475281,Tomato___Late_blight,0.03656366840004921,HIGH,MISCLASSIFICATION
TRACK_B_EXTERNAL,Grape,external_grape,AI-Challenger-2018-Grape,D:\CropDiseaseProject\results\model_robustness_audit\audit_images\track_b_external\grape\Black Rot\baliwaka_00000019.jpg,Black Rot,1,Healthy Leaves,4,False,0.8575819730758667,0.0033547875937074423,Downy Mildew,0.09363333880901337,Powdery Mildew,0.04540441930294037,HIGH,MISCLASSIFICATION
TRACK_D_CROSS_CROP,Grape,cross_crop_chilli_to_grape,Chilli Held-Out Test,D:\CropDiseaseProject\chilli_cold\cerocospora\IMG_4624.JPG,Cross-Crop: Chilli,-1,Esca (Black Measles),3,False,0.8572835922241211,0.0,Leaf Blight,0.1278686374425888,Black Rot,0.013531345874071121,N/A,CROSS_CROP_FALSE_ALARM
TRACK_B_EXTERNAL,Grape,external_grape,GLDD-Dataset,D:\CropDiseaseProject\results\model_robustness_audit\audit_images\track_b_external\grape\Powdery Mildew\gldd_f2cd7f70-d87c-4feb-b02a-da9a248a3794_jpg.rf.45f30db65c45a53f9e4a5b950ee1a5c0.jpg,Powdery Mildew,6,Healthy Leaves,4,False,0.8568648099899292,0.01307753287255764,Esca (Black Measles),0.07682739943265915,Leaf Blight,0.02793908677995205,HIGH,MISCLASSIFICATION
TRACK_A_INTERNAL,Tomato,tomato,tomato_plantvillage,D:\CropDiseaseProject\tomato_plantvillage\Tomato___Target_Spot\69d0f54b-059c-4a3a-97a9-43089e661cb0___Com.G_TgS_FL 9835.JPG,Tomato___Target_Spot,6,Tomato___Spider_mites Two-spotted_spider_mite,5,False,0.8568306565284729,0.0697566345334053,Tomato___Target_Spot,0.0697566345334053,Tomato___healthy,0.0694591030478477,HIGH,MISCLASSIFICATION
TRACK_D_CROSS_CROP,Chilli,cross_crop_grape_to_chilli,Grape Held-Out Test,D:\CropDiseaseProject\grape_niphad\Downy Mildew\Downy Mildew_821.jpg,Cross-Crop: Grape,-1,powdery mildew,4,False,0.8540734052658081,0.0,nutritional deficiency,0.09125234186649323,cerocospora,0.02776588499546051,N/A,CROSS_CROP_FALSE_ALARM
TRACK_D_CROSS_CROP,Sugarcane,cross_crop_grape_to_sugarcane,Grape Held-Out Test,D:\CropDiseaseProject\grape_niphad\Downy Mildew\Downy Mildew_447.jpg,Cross-Crop: Grape,-1,Yellow Leaf Disease,10,False,0.8537643551826477,0.0,Rust (Brown Rust),0.06536415964365005,Smut,0.04519767314195633,N/A,CROSS_CROP_FALSE_ALARM
TRACK_D_UNRELATED,Grape,unrelated_non_leaf,OpenCV Standard Non-Leaf Benchmark,D:\CropDiseaseProject\results\model_robustness_audit\audit_images\track_d_unrelated\messi5.jpg,Unrelated / Non-Leaf,-1,Leaf Blight,5,False,0.8536407351493835,0.0,Esca (Black Measles),0.14096440374851227,Bacterial Leaf Spot,0.004509464837610722,N/A,UNRELATED_FALSE_ALARM
TRACK_D_CROSS_CROP,Chilli,cross_crop_grape_to_chilli,Grape Held-Out Test,D:\CropDiseaseProject\grape_2024\healthy\healthy291.jpg,Cross-Crop: Grape,-1,healthy,1,False,0.8530495762825012,0.0,cerocospora,0.048319607973098755,murda complex,0.03625606745481491,N/A,CROSS_CROP_FALSE_ALARM
TRACK_B_EXTERNAL,Tomato,external_tomato,PlantDoc-Dataset,D:\CropDiseaseProject\results\model_robustness_audit\audit_images\track_b_external\tomato\Tomato___Tomato_mosaic_virus\plantdoc_mosiac-virus3.jpg,Tomato___Tomato_mosaic_virus,8,Tomato___Late_blight,2,False,0.8526841998100281,2.0590912299667252e-06,Tomato___healthy,0.09131595492362976,Tomato___Early_blight,0.03894539177417755,HIGH,MISCLASSIFICATION
TRACK_B_EXTERNAL,Tomato,external_tomato,Tomato_Leaf_Disease_Dataset_Pakistan,D:\CropDiseaseProject\results\model_robustness_audit\audit_images\track_b_external\tomato\Tomato___Late_blight\pak_Gls5.JPG,Tomato___Late_blight,2,Tomato___Early_blight,1,False,0.8520261645317078,0.0100447041913867,Tomato___Tomato_Yellow_Leaf_Curl_Virus,0.13780859112739563,Tomato___Late_blight,0.0100447041913867,HIGH,MISCLASSIFICATION
TRACK_B_EXTERNAL,Grape,external_grape,AI-Challenger-2018-Grape,D:\CropDiseaseProject\results\model_robustness_audit\audit_images\track_b_external\grape\Black Rot\baliwaka_00000002.jpg,Black Rot,1,Powdery Mildew,6,False,0.850980281829834,0.005079756025224924,Healthy Leaves,0.12726712226867676,Bacterial Leaf Spot,0.00835336185991764,HIGH,MISCLASSIFICATION
TRACK_D_UNRELATED,Grape,unrelated_non_leaf,OpenCV Standard Non-Leaf Benchmark,D:\CropDiseaseProject\results\model_robustness_audit\audit_images\track_d_unrelated\right01.jpg,Unrelated / Non-Leaf,-1,Healthy Leaves,4,False,0.8509780168533325,0.0,Bacterial Leaf Spot,0.14861424267292023,Esca (Black Measles),0.00032605239539407194,N/A,UNRELATED_FALSE_ALARM
TRACK_B_EXTERNAL,Chilli,external_chilli,Ulfa-Chili-Dataset,D:\CropDiseaseProject\results\model_robustness_audit\audit_images\track_b_external\chilli\cerocospora\ulfa_Spot_Leaf_-___1_.jpeg,cerocospora,0,nutritional deficiency,3,False,0.8507816791534424,0.13285528123378754,cerocospora,0.13285528123378754,powdery mildew,0.008734498172998428,HIGH,MISCLASSIFICATION
TRACK_C_REALWORLD,Tomato,realworld_tomato,INTERNET_PLANTDOC_TEST,D:\CropDiseaseProject\results\model_robustness_audit\audit_images\track_c_realworld\tomato\Tomato___Tomato_Yellow_Leaf_Curl_Virus\pd_real_fwa2013313115151.jpg,Tomato___Tomato_Yellow_Leaf_Curl_Virus,7,Tomato___Early_blight,1,False,0.8506383895874023,0.013227669522166252,Tomato___Late_blight,0.11256925016641617,Tomato___Septoria_leaf_spot,0.023196272552013397,HIGH,MISCLASSIFICATION
TRACK_A_INTERNAL,Sugarcane,sugarcane_maharashtra,sugarcane_maharashtra,D:\CropDiseaseProject\sugarcane_maharashtra\Healthy\healthy (223).jpeg,Healthy Leaves,3,Yellow Leaf Disease,10,False,0.8501775860786438,0.1302926391363144,Healthy Leaves,0.1302926391363144,Mosaic / Viral Disease,0.0143271870911121,HIGH,MISCLASSIFICATION
TRACK_B_EXTERNAL,Tomato,external_tomato,PlantDoc-Dataset,D:\CropDiseaseProject\results\model_robustness_audit\audit_images\track_b_external\tomato\Tomato___Bacterial_spot\plantdoc_Bacterial-spot-on-tomato-leaves.jpg,Tomato___Bacterial_spot,0,Tomato___Tomato_Yellow_Leaf_Curl_Virus,7,False,0.8497089743614197,3.0584310479753185e-06,Tomato___Late_blight,0.1367950290441513,Tomato___Septoria_leaf_spot,0.008634274825453758,HIGH,MISCLASSIFICATION
TRACK_B_EXTERNAL,Tomato,external_tomato,Tomato_Leaf_Disease_Dataset_Pakistan,D:\CropDiseaseProject\results\model_robustness_audit\audit_images\track_b_external\tomato\Tomato___Early_blight\pak_20080526-_DSC4211.jpg,Tomato___Early_blight,1,Tomato___Septoria_leaf_spot,4,False,0.8496281504631042,0.0004886540118604898,Tomato___Bacterial_spot,0.10009805858135223,Tomato___Tomato_Yellow_Leaf_Curl_Virus,0.04616222903132439,HIGH,MISCLASSIFICATION
TRACK_D_CROSS_CROP,Tomato,cross_crop_grape_to_tomato,Grape Held-Out Test,D:\CropDiseaseProject\grape_2024\esca\esca837.jpg,Cross-Crop: Grape,-1,Tomato___Early_blight,1,False,0.849327027797699,0.0,Tomato___Late_blight,0.14543360471725464,Tomato___Tomato_Yellow_Leaf_Curl_Virus,0.0050456328317523,N/A,CROSS_CROP_FALSE_ALARM
TRACK_C_REALWORLD,Chilli,realworld_chilli,CHILI_FIELD_PHOTO,D:\CropDiseaseProject\results\model_robustness_audit\audit_images\track_c_realworld\chilli\murda complex\ulfa_field_Leaf_Curl__1044_.jpg,murda complex,2,cerocospora,0,False,0.8489285707473755,0.004672106821089983,powdery mildew,0.05305776000022888,healthy,0.0507255457341671,HIGH,MISCLASSIFICATION
TRACK_D_CROSS_CROP,Grape,cross_crop_chilli_to_grape,Chilli Held-Out Test,D:\CropDiseaseProject\chilli_cold\powdery mildew\IMG_5678.JPG,Cross-Crop: Chilli,-1,Leaf Blight,5,False,0.8483374118804932,0.0,Esca (Black Measles),0.12565815448760986,Bacterial Leaf Spot,0.01611630991101265,N/A,CROSS_CROP_FALSE_ALARM
TRACK_A_INTERNAL,Chilli,chilli_cold,chilli_cold,D:\CropDiseaseProject\chilli_cold\healthy\IMG_5095.JPG,healthy,1,cerocospora,0,False,0.8478919267654419,0.0861998572945594,healthy,0.0861998572945594,murda complex,0.0311036575585603,HIGH,MISCLASSIFICATION
TRACK_B_EXTERNAL,Grape,external_grape,AI-Challenger-2018-Grape,D:\CropDiseaseProject\results\model_robustness_audit\audit_images\track_b_external\grape\Esca (Black Measles)\baliwaka_00000011.jpg,Esca (Black Measles),3,Downy Mildew,2,False,0.8473239541053772,0.0006666418630629778,Healthy Leaves,0.1485544890165329,Powdery Mildew,0.0015448856865987182,HIGH,MISCLASSIFICATION
TRACK_D_UNRELATED,Chilli,unrelated_non_leaf,OpenCV Standard Non-Leaf Benchmark,D:\CropDiseaseProject\results\model_robustness_audit\audit_images\track_d_unrelated\sudoku.png,Unrelated / Non-Leaf,-1,cerocospora,0,False,0.8472025990486145,0.0,murda complex,0.08394984900951385,nutritional deficiency,0.053731419146060944,N/A,UNRELATED_FALSE_ALARM
TRACK_C_REALWORLD,Grape,realworld_grape,INTERNET_PLANTDOC_TEST,D:\CropDiseaseProject\results\model_robustness_audit\audit_images\track_c_realworld\grape\Black Rot\pd_real_piano_20gully_20spray_20seed_20damage_2006_20_289_29.JPG.jpg,Black Rot,1,Healthy Leaves,4,False,0.8467819094657898,0.002690439810976386,Powdery Mildew,0.12548378109931946,Downy Mildew,0.020828427746891975,HIGH,MISCLASSIFICATION
TRACK_D_CROSS_CROP,Chilli,cross_crop_tomato_to_chilli,Tomato Held-Out Test,D:\CropDiseaseProject\tomato_plantvillage\Tomato___Late_blight\54b808b7-ab47-4ce0-992c-cc02588ec6a9___GHLB2 Leaf 8623.JPG,Cross-Crop: Tomato,-1,cerocospora,0,False,0.8462879061698914,0.0,nutritional deficiency,0.0957966148853302,murda complex,0.040257275104522705,N/A,CROSS_CROP_FALSE_ALARM
TRACK_B_EXTERNAL,Tomato,external_tomato,PlantDoc-Dataset,D:\CropDiseaseProject\results\model_robustness_audit\audit_images\track_b_external\tomato\Tomato___Bacterial_spot\plantdoc_39765006175_e2f0da764d_b.jpg,Tomato___Bacterial_spot,0,Tomato___Septoria_leaf_spot,4,False,0.8455674052238464,0.0001785217464203015,Tomato___Early_blight,0.11821925640106201,Tomato___Tomato_Yellow_Leaf_Curl_Virus,0.03326021134853363,HIGH,MISCLASSIFICATION
TRACK_D_CROSS_CROP,Grape,cross_crop_sugarcane_to_grape,Sugarcane Held-Out Test,D:\CropDiseaseProject\sugarcane_large\Diseases\Yellow Leaf\Yellow Leaf913.jpg,Cross-Crop: Sugarcane,-1,Leaf Blight,5,False,0.8446651697158813,0.0,Downy Mildew,0.1102043017745018,Healthy Leaves,0.022490015253424644,N/A,CROSS_CROP_FALSE_ALARM
TRACK_B_EXTERNAL,Tomato,external_tomato,PlantDoc-Dataset,D:\CropDiseaseProject\results\model_robustness_audit\audit_images\track_b_external\tomato\Tomato___Bacterial_spot\plantdoc_Bacterial-Leaf-Spot-2.jpg,Tomato___Bacterial_spot,0,Tomato___Early_blight,1,False,0.8437916040420532,1.051700110110687e-06,Tomato___Late_blight,0.15297813713550568,Tomato___Tomato_Yellow_Leaf_Curl_Virus,0.0026068317238241434,HIGH,MISCLASSIFICATION
TRACK_D_CROSS_CROP,Tomato,cross_crop_grape_to_tomato,Grape Held-Out Test,D:\CropDiseaseProject\grape_niphad\Healthy Leaves\Healthy Leaves_59.jpg,Cross-Crop: Grape,-1,Tomato___Bacterial_spot,0,False,0.843155562877655,0.0,Tomato___Late_blight,0.1193888783454895,Tomato___Septoria_leaf_spot,0.03466407209634781,N/A,CROSS_CROP_FALSE_ALARM
TRACK_B_EXTERNAL,Grape,external_grape,GLDD-Dataset,D:\CropDiseaseProject\results\model_robustness_audit\audit_images\track_b_external\grape\Powdery Mildew\gldd_31eb63a5-a19a-4b33-b777-dab5acd099a0_jpg.rf.d255a74c375a58b13976f3154114e8e5.jpg,Powdery Mildew,6,Healthy Leaves,4,False,0.8429715633392334,0.029285620898008347,Esca (Black Measles),0.10958882421255112,Powdery Mildew,0.029285620898008347,HIGH,MISCLASSIFICATION
TRACK_D_CROSS_CROP,Sugarcane,cross_crop_tomato_to_sugarcane,Tomato Held-Out Test,D:\CropDiseaseProject\tomato_plantvillage\Tomato___Bacterial_spot\2a377230-f904-4646-95da-76e242051242___GCREC_Bact.Sp 3085.JPG,Cross-Crop: Tomato,-1,Yellow Leaf Disease,10,False,0.841250479221344,0.0,Mosaic / Viral Disease,0.07936910539865494,Healthy Leaves,0.04070376604795456,N/A,CROSS_CROP_FALSE_ALARM
TRACK_B_EXTERNAL,Grape,external_grape,GLDD-Dataset,D:\CropDiseaseProject\results\model_robustness_audit\audit_images\track_b_external\grape\Downy Mildew\gldd_5586132-PPT_jpg.rf.8e7a65ba6e39182ac275c5538693a43a.jpg,Downy Mildew,2,Black Rot,1,False,0.8405469655990601,0.00526383938267827,Esca (Black Measles),0.09219992160797119,Leaf Blight,0.026974307373166084,HIGH,MISCLASSIFICATION
TRACK_B_EXTERNAL,Tomato,external_tomato,Sylhet-Tomato-Dataset,D:\CropDiseaseProject\results\model_robustness_audit\audit_images\track_b_external\tomato\Tomato___Target_Spot\rk_sau_IMG_0362_JPG.rf.a2ca3a43c0e488c84f38d40fe6b8df27.jpg,Tomato___Target_Spot,6,Tomato___Early_blight,1,False,0.8403075337409973,4.900385829387233e-05,Tomato___Late_blight,0.14838314056396484,Tomato___Tomato_Yellow_Leaf_Curl_Virus,0.007126541342586279,HIGH,MISCLASSIFICATION
TRACK_D_CROSS_CROP,Grape,cross_crop_tomato_to_grape,Tomato Held-Out Test,D:\CropDiseaseProject\tomato_plantvillage\Tomato___Septoria_leaf_spot\e65190f0-97e9-44a6-bcb8-9fe7d42e9200___Matt.S_CG 7413.JPG,Cross-Crop: Tomato,-1,Powdery Mildew,6,False,0.8396404981613159,0.0,Downy Mildew,0.0727899819612503,Healthy Leaves,0.046582020819187164,N/A,CROSS_CROP_FALSE_ALARM
TRACK_D_CROSS_CROP,Chilli,cross_crop_grape_to_chilli,Grape Held-Out Test,D:\CropDiseaseProject\grape_niphad\Downy Mildew\Downy Mildew_447.jpg,Cross-Crop: Grape,-1,cerocospora,0,False,0.8388768434524536,0.0,nutritional deficiency,0.09472060203552246,powdery mildew,0.047008853405714035,N/A,CROSS_CROP_FALSE_ALARM
TRACK_B_EXTERNAL,Sugarcane,external_sugarcane,Sabid-Sugarcane-Dataset,D:\CropDiseaseProject\results\model_robustness_audit\audit_images\track_b_external\sugarcane\Healthy Leaves\sabid_S_H-76-_JPG.rf.30f1495ca1c4f116e00e82a7969c77b0.jpg,Healthy Leaves,3,Pokkah Boeng,5,False,0.8382228016853333,0.04727107658982277,Healthy Leaves,0.04727107658982277,Smut,0.04722902551293373,HIGH,MISCLASSIFICATION
TRACK_B_EXTERNAL,Sugarcane,external_sugarcane,Sabid-Sugarcane-Dataset,D:\CropDiseaseProject\results\model_robustness_audit\audit_images\track_b_external\sugarcane\Healthy Leaves\sabid_S_H-83-_JPG.rf.7685b68e1dd6576df2e86a9c00ce8951.jpg,Healthy Leaves,3,Mosaic / Viral Disease,4,False,0.8380683064460754,0.09559131413698196,Healthy Leaves,0.09559131413698196,Pokkah Boeng,0.049306027591228485,HIGH,MISCLASSIFICATION
TRACK_C_REALWORLD,Tomato,realworld_tomato,INTERNET_PLANTDOC_TEST,D:\CropDiseaseProject\results\model_robustness_audit\audit_images\track_c_realworld\tomato\Tomato___Septoria_leaf_spot\pd_real_early-blight-septoria-ls-fig-3.jpg,Tomato___Septoria_leaf_spot,4,Tomato___Early_blight,1,False,0.836890697479248,0.1153218001127243,Tomato___Septoria_leaf_spot,0.1153218001127243,Tomato___Bacterial_spot,0.030033065006136894,HIGH,MISCLASSIFICATION
TRACK_B_EXTERNAL,Tomato,external_tomato,Tomato_Leaf_Disease_Dataset_Pakistan,D:\CropDiseaseProject\results\model_robustness_audit\audit_images\track_b_external\tomato\Tomato___Leaf_Mold\pak_IMG-20240724-WA0071.jpg,Tomato___Leaf_Mold,3,Tomato___Early_blight,1,False,0.8358491659164429,3.290736216854384e-08,Tomato___Late_blight,0.16050706803798676,Tomato___Bacterial_spot,0.0035629798658192158,HIGH,MISCLASSIFICATION
TRACK_D_CROSS_CROP,Grape,cross_crop_chilli_to_grape,Chilli Held-Out Test,D:\CropDiseaseProject\chilli_cold\cerocospora\IMG_5226.JPG,Cross-Crop: Chilli,-1,Leaf Blight,5,False,0.8349741697311401,0.0,Esca (Black Measles),0.15722160041332245,Black Rot,0.006678591948002577,N/A,CROSS_CROP_FALSE_ALARM
TRACK_B_EXTERNAL,Tomato,external_tomato,PlantDoc-Dataset,D:\CropDiseaseProject\results\model_robustness_audit\audit_images\track_b_external\tomato\Tomato___Spider_mites Two-spotted_spider_mite\plantdoc_SpotSpeckBlightMite-1l4v879.jpg,Tomato___Spider_mites Two-spotted_spider_mite,5,Tomato___Early_blight,1,False,0.8343207836151123,5.367696218061546e-11,Tomato___Late_blight,0.15512357652187347,Tomato___Septoria_leaf_spot,0.009280632250010967,HIGH,MISCLASSIFICATION
TRACK_C_REALWORLD,Tomato,realworld_tomato,FARMER_FIELD_PHOTO,D:\CropDiseaseProject\results\model_robustness_audit\audit_images\track_c_realworld\tomato\Tomato___Tomato_Yellow_Leaf_Curl_Virus\pak_field_IMG_20251102_155358.jpg,Tomato___Tomato_Yellow_Leaf_Curl_Virus,7,Tomato___Late_blight,2,False,0.8336712121963501,0.00017845687398221344,Tomato___Early_blight,0.15216098725795746,Tomato___Target_Spot,0.010344300419092178,HIGH,MISCLASSIFICATION
TRACK_B_EXTERNAL,Tomato,external_tomato,Tomato_Leaf_Disease_Dataset_Pakistan,D:\CropDiseaseProject\results\model_robustness_audit\audit_images\track_b_external\tomato\Tomato___Septoria_leaf_spot\pak_EB_(23).jpg,Tomato___Septoria_leaf_spot,4,Tomato___Early_blight,1,False,0.8332996368408203,0.004785511177033186,Tomato___Bacterial_spot,0.15814733505249023,Tomato___Septoria_leaf_spot,0.004785511177033186,HIGH,MISCLASSIFICATION
TRACK_B_EXTERNAL,Tomato,external_tomato,Tomato_Leaf_Disease_Dataset_Pakistan,D:\CropDiseaseProject\results\model_robustness_audit\audit_images\track_b_external\tomato\Tomato___healthy\pak_HL_(128).jpg,Tomato___healthy,9,Tomato___Late_blight,2,False,0.8330448269844055,3.581944474717602e-05,Tomato___Early_blight,0.16541853547096252,Tomato___Target_Spot,0.000970756052993238,HIGH,MISCLASSIFICATION
TRACK_B_EXTERNAL,Tomato,external_tomato,Tomato_Leaf_Disease_Dataset_Pakistan,D:\CropDiseaseProject\results\model_robustness_audit\audit_images\track_b_external\tomato\Tomato___Leaf_Mold\pak_IMG-20240724-WA0019.jpg,Tomato___Leaf_Mold,3,Tomato___Early_blight,1,False,0.8322077393531799,0.0002206307544838637,Tomato___Late_blight,0.09666500985622406,Tomato___Tomato_Yellow_Leaf_Curl_Virus,0.06992460787296295,HIGH,MISCLASSIFICATION
TRACK_D_CROSS_CROP,Chilli,cross_crop_tomato_to_chilli,Tomato Held-Out Test,D:\CropDiseaseProject\tomato_plantvillage\Tomato___Spider_mites Two-spotted_spider_mite\9514a969-3abc-44e7-b75a-9bcf3670b105___Com.G_SpM_FL 9310.JPG,Cross-Crop: Tomato,-1,cerocospora,0,False,0.8313747644424438,0.0,healthy,0.09590337425470352,nutritional deficiency,0.06864206492900848,N/A,CROSS_CROP_FALSE_ALARM
TRACK_B_EXTERNAL,Tomato,external_tomato,Tomato_Leaf_Disease_Dataset_Pakistan,D:\CropDiseaseProject\results\model_robustness_audit\audit_images\track_b_external\tomato\Tomato___Early_blight\pak_100_46341.jpg,Tomato___Early_blight,1,Tomato___Late_blight,2,False,0.8309167623519897,0.0008659047307446599,Tomato___Tomato_Yellow_Leaf_Curl_Virus,0.1682036817073822,Tomato___Early_blight,0.0008659047307446599,HIGH,MISCLASSIFICATION
TRACK_A_INTERNAL,Sugarcane,sugarcane_large,sugarcane_large,D:\CropDiseaseProject\sugarcane_large\Diseases\Viral Disease\Viral Disease109.jpg,Mosaic / Viral Disease,4,Rust (Brown Rust),7,False,0.8304747343063354,0.0409897863864898,Banded Chlorosis,0.1226650029420852,Mosaic / Viral Disease,0.0409897863864898,HIGH,MISCLASSIFICATION
TRACK_D_CROSS_CROP,Grape,cross_crop_tomato_to_grape,Tomato Held-Out Test,D:\CropDiseaseProject\tomato_plantvillage\Tomato___Late_blight\6560f944-521b-4ed7-981d-39c66953e598___GHLB2 Leaf 8850.JPG,Cross-Crop: Tomato,-1,Bacterial Leaf Spot,0,False,0.8295063972473145,0.0,Powdery Mildew,0.09694608300924301,Healthy Leaves,0.04494765028357506,N/A,CROSS_CROP_FALSE_ALARM
TRACK_B_EXTERNAL,Tomato,external_tomato,Tomato_Leaf_Disease_Dataset_Pakistan,D:\CropDiseaseProject\results\model_robustness_audit\audit_images\track_b_external\tomato\Tomato___Leaf_Mold\pak_4118c92ffde66d327ee14e4023320bf7.jpg,Tomato___Leaf_Mold,3,Tomato___Early_blight,1,False,0.8294184803962708,0.0008412061142735183,Tomato___Late_blight,0.1190720796585083,Tomato___Septoria_leaf_spot,0.047897376120090485,HIGH,MISCLASSIFICATION
TRACK_B_EXTERNAL,Grape,external_grape,GLDD-Dataset,D:\CropDiseaseProject\results\model_robustness_audit\audit_images\track_b_external\grape\Powdery Mildew\gldd_46db51bf-0485-42e2-bdfd-505fecf6ba6a_jpg.rf.0f39e9e9e8ec322d0c1f0b6e14778253.jpg,Powdery Mildew,6,Esca (Black Measles),3,False,0.8279837965965271,0.09538375586271286,Powdery Mildew,0.09538375586271286,Healthy Leaves,0.06113196536898613,HIGH,MISCLASSIFICATION
TRACK_B_EXTERNAL,Tomato,external_tomato,PlantDoc-Dataset,D:\CropDiseaseProject\results\model_robustness_audit\audit_images\track_b_external\tomato\Tomato___Tomato_mosaic_virus\plantdoc_4b0bfd_df5a85f728c74cecbe908a24feadab02.jpg,Tomato___Tomato_mosaic_virus,8,Tomato___Late_blight,2,False,0.827443540096283,9.036594583733404e-09,Tomato___Early_blight,0.15949353575706482,Tomato___Septoria_leaf_spot,0.009372293017804623,HIGH,MISCLASSIFICATION
TRACK_D_CROSS_CROP,Grape,cross_crop_tomato_to_grape,Tomato Held-Out Test,D:\CropDiseaseProject\tomato_plantvillage\Tomato___Spider_mites Two-spotted_spider_mite\c96e4abf-404d-40ab-b105-827dde90c4a7___Com.G_SpM_FL 9331.JPG,Cross-Crop: Tomato,-1,Bacterial Leaf Spot,0,False,0.826004147529602,0.0,Healthy Leaves,0.1369786262512207,Powdery Mildew,0.027236834168434143,N/A,CROSS_CROP_FALSE_ALARM
TRACK_D_CROSS_CROP,Sugarcane,cross_crop_chilli_to_sugarcane,Chilli Held-Out Test,D:\CropDiseaseProject\chilli_cold\cerocospora\IMG_5315.JPG,Cross-Crop: Chilli,-1,Pokkah Boeng,5,False,0.8246802687644958,0.0,Smut,0.15446309745311737,Sett Rot,0.019064072519540787,N/A,CROSS_CROP_FALSE_ALARM
TRACK_C_REALWORLD,Tomato,realworld_tomato,FARMER_FIELD_PHOTO,D:\CropDiseaseProject\results\model_robustness_audit\audit_images\track_c_realworld\tomato\Tomato___healthy\pak_field_h9_change_90.jpg,Tomato___healthy,9,Tomato___Late_blight,2,False,0.8242813944816589,0.06414846330881119,Tomato___healthy,0.06414846330881119,Tomato___Early_blight,0.051200833171606064,HIGH,MISCLASSIFICATION
TRACK_C_REALWORLD,Tomato,realworld_tomato,FARMER_FIELD_PHOTO,D:\CropDiseaseProject\results\model_robustness_audit\audit_images\track_c_realworld\tomato\Tomato___Tomato_Yellow_Leaf_Curl_Virus\pak_field_psyllid-yellows.jpg,Tomato___Tomato_Yellow_Leaf_Curl_Virus,7,Tomato___Late_blight,2,False,0.8226626515388489,0.0036418011877685785,Tomato___healthy,0.125151127576828,Tomato___Septoria_leaf_spot,0.03193463385105133,HIGH,MISCLASSIFICATION
TRACK_D_CROSS_CROP,Sugarcane,cross_crop_grape_to_sugarcane,Grape Held-Out Test,D:\CropDiseaseProject\grape_niphad\Downy Mildew\Downy Mildew_884.jpg,Cross-Crop: Grape,-1,Rust (Brown Rust),7,False,0.8225836753845215,0.0,Mosaic / Viral Disease,0.09183722734451294,Yellow Leaf Disease,0.04324923828244209,N/A,CROSS_CROP_FALSE_ALARM
TRACK_D_CROSS_CROP,Chilli,cross_crop_sugarcane_to_chilli,Sugarcane Held-Out Test,D:\CropDiseaseProject\sugarcane_maharashtra\Healthy\healthy (365).jpeg,Cross-Crop: Sugarcane,-1,healthy,1,False,0.8217494487762451,0.0,murda complex,0.13908761739730835,nutritional deficiency,0.024767788127064705,N/A,CROSS_CROP_FALSE_ALARM
TRACK_D_CROSS_CROP,Chilli,cross_crop_tomato_to_chilli,Tomato Held-Out Test,D:\CropDiseaseProject\tomato_plantvillage\Tomato___Tomato_mosaic_virus\59f9754c-2d49-4a74-ba11-4f9a017c8348___PSU_CG 2200.JPG,Cross-Crop: Tomato,-1,cerocospora,0,False,0.8210358023643494,0.0,nutritional deficiency,0.13529467582702637,murda complex,0.02636539749801159,N/A,CROSS_CROP_FALSE_ALARM
TRACK_A_INTERNAL,Sugarcane,sugarcane_maharashtra,sugarcane_maharashtra,D:\CropDiseaseProject\sugarcane_maharashtra\RedRot\redrot (394).jpeg,Red Rot,6,Rust (Brown Rust),7,False,0.8207195401191711,0.034265112131834,Brown Spot,0.0824091807007789,Red Rot,0.034265112131834,HIGH,MISCLASSIFICATION
TRACK_B_EXTERNAL,Grape,external_grape,AI-Challenger-2018-Grape,D:\CropDiseaseProject\results\model_robustness_audit\audit_images\track_b_external\grape\Black Rot\baliwaka_00000008.jpg,Black Rot,1,Healthy Leaves,4,False,0.8205695748329163,0.011475767008960247,Powdery Mildew,0.1447373330593109,Esca (Black Measles),0.01565765216946602,HIGH,MISCLASSIFICATION
TRACK_D_CROSS_CROP,Tomato,cross_crop_chilli_to_tomato,Chilli Held-Out Test,D:\CropDiseaseProject\chilli_cold\healthy\IMG_3572.JPG,Cross-Crop: Chilli,-1,Tomato___Early_blight,1,False,0.8202367424964905,0.0,Tomato___Septoria_leaf_spot,0.07392574846744537,Tomato___Bacterial_spot,0.06149645894765854,N/A,CROSS_CROP_FALSE_ALARM
TRACK_A_INTERNAL,Grape,grape_2024,grape_2024,D:\CropDiseaseProject\grape_2024\esca\esca223.jpg,Esca (Black Measles),3,Leaf Blight,5,False,0.8197223544120789,0.1758660972118377,Esca (Black Measles),0.1758660972118377,Healthy Leaves,0.0040750997141003,HIGH,MISCLASSIFICATION
TRACK_D_CROSS_CROP,Sugarcane,cross_crop_chilli_to_sugarcane,Chilli Held-Out Test,D:\CropDiseaseProject\chilli_cold\nutritional deficiency\IMG_3427.JPG,Cross-Crop: Chilli,-1,Pokkah Boeng,5,False,0.8193144798278809,0.0,Healthy Leaves,0.09879308938980103,Yellow Leaf Disease,0.06624717265367508,N/A,CROSS_CROP_FALSE_ALARM
TRACK_B_EXTERNAL,Grape,external_grape,AI-Challenger-2018-Grape,D:\CropDiseaseProject\results\model_robustness_audit\audit_images\track_b_external\grape\Black Rot\baliwaka_00000030.jpg,Black Rot,1,Powdery Mildew,6,False,0.8184020519256592,0.0005173818790353835,Healthy Leaves,0.146381214261055,Downy Mildew,0.03387076035141945,HIGH,MISCLASSIFICATION
TRACK_B_EXTERNAL,Tomato,external_tomato,PlantDoc-Dataset,D:\CropDiseaseProject\results\model_robustness_audit\audit_images\track_b_external\tomato\Tomato___Tomato_mosaic_virus\plantdoc_tomato-leaf-herbicide-damage.jpg,Tomato___Tomato_mosaic_virus,8,Tomato___Late_blight,2,False,0.8152965307235718,2.46867217152469e-22,Tomato___Early_blight,0.1520717293024063,Tomato___Tomato_Yellow_Leaf_Curl_Virus,0.03261081874370575,HIGH,MISCLASSIFICATION
TRACK_A_INTERNAL,Sugarcane,sugarcane_maharashtra,sugarcane_maharashtra,D:\CropDiseaseProject\sugarcane_maharashtra\Mosaic\mosaic (23).jpeg,Mosaic / Viral Disease,4,Yellow Leaf Disease,10,False,0.8140138387680054,0.0620282143354415,Rust (Brown Rust),0.1071999296545982,Mosaic / Viral Disease,0.0620282143354415,HIGH,MISCLASSIFICATION
TRACK_B_EXTERNAL,Sugarcane,external_sugarcane,Sabid-Sugarcane-Dataset,D:\CropDiseaseProject\results\model_robustness_audit\audit_images\track_b_external\sugarcane\Healthy Leaves\sabid_S_H-10-_jpg.rf.583b357e5c549d8e84bdcac1c2265cdf.jpg,Healthy Leaves,3,Brown Spot,1,False,0.8120267391204834,0.029159924015402794,Mosaic / Viral Disease,0.09542249143123627,Healthy Leaves,0.029159924015402794,HIGH,MISCLASSIFICATION
TRACK_B_EXTERNAL,Grape,external_grape,AI-Challenger-2018-Grape,D:\CropDiseaseProject\results\model_robustness_audit\audit_images\track_b_external\grape\Esca (Black Measles)\baliwaka_00000024.jpg,Esca (Black Measles),3,Healthy Leaves,4,False,0.8117539286613464,0.0016384394839406013,Powdery Mildew,0.18541336059570312,Esca (Black Measles),0.0016384394839406013,HIGH,MISCLASSIFICATION
TRACK_B_EXTERNAL,Sugarcane,external_sugarcane,Sabid-Sugarcane-Dataset,D:\CropDiseaseProject\results\model_robustness_audit\audit_images\track_b_external\sugarcane\Healthy Leaves\sabid_S_H-73-_JPG.rf.690cfb2d0dd7256687c68ec3c3d0448c.jpg,Healthy Leaves,3,Smut,9,False,0.8113881945610046,0.07368215918540955,Healthy Leaves,0.07368215918540955,Brown Spot,0.03153561055660248,HIGH,MISCLASSIFICATION
TRACK_C_REALWORLD,Chilli,realworld_chilli,CHILI_FIELD_PHOTO,D:\CropDiseaseProject\results\model_robustness_audit\audit_images\track_c_realworld\chilli\murda complex\ulfa_field_Leaf_Curl__1047_.jpg,murda complex,2,cerocospora,0,False,0.8107878565788269,0.0013378579169511795,powdery mildew,0.1324569284915924,nutritional deficiency,0.04623040929436684,HIGH,MISCLASSIFICATION
TRACK_D_CROSS_CROP,Grape,cross_crop_chilli_to_grape,Chilli Held-Out Test,D:\CropDiseaseProject\chilli_cold\cerocospora\IMG_4145.JPG,Cross-Crop: Chilli,-1,Leaf Blight,5,False,0.8102080225944519,0.0,Esca (Black Measles),0.17764824628829956,Healthy Leaves,0.009194111451506615,N/A,CROSS_CROP_FALSE_ALARM
TRACK_A_INTERNAL,Sugarcane,sugarcane_maharashtra,sugarcane_maharashtra,D:\CropDiseaseProject\sugarcane_maharashtra\Healthy\healthy (500).jpeg,Healthy Leaves,3,Red Rot,6,False,0.8101068735122681,0.1370335519313812,Healthy Leaves,0.1370335519313812,Mosaic / Viral Disease,0.0300117321312427,HIGH,MISCLASSIFICATION
TRACK_B_EXTERNAL,Chilli,external_chilli,Ulfa-Chili-Dataset,D:\CropDiseaseProject\results\model_robustness_audit\audit_images\track_b_external\chilli\nutritional deficiency\ulfa_Daun_kuning_-__10_.jpg,nutritional deficiency,3,powdery mildew,4,False,0.8100114464759827,0.006391845643520355,healthy,0.1778794527053833,nutritional deficiency,0.006391845643520355,HIGH,MISCLASSIFICATION
TRACK_C_REALWORLD,Grape,realworld_grape,VINEYARD_FIELD_PHOTO,D:\CropDiseaseProject\results\model_robustness_audit\audit_images\track_c_realworld\grape\Downy Mildew\gldd_field_9aa08949e52346c781084911048e539c_D8A7D984D8A8D98AD8A7D8B620D8A7D984D8B2D8BAD8A8D98A_jpg.rf.9c1be8e86661788397a7e9ed75b2c685.jpg,Downy Mildew,2,Black Rot,1,False,0.8099054098129272,0.01720019243657589,Healthy Leaves,0.15790894627571106,Downy Mildew,0.01720019243657589,HIGH,MISCLASSIFICATION
TRACK_C_REALWORLD,Grape,realworld_grape,VINEYARD_FIELD_PHOTO,D:\CropDiseaseProject\results\model_robustness_audit\audit_images\track_c_realworld\grape\Esca (Black Measles)\vineyard_00000050.jpg,Esca (Black Measles),3,Healthy Leaves,4,False,0.8096361756324768,0.13074201345443726,Esca (Black Measles),0.13074201345443726,Powdery Mildew,0.05201619118452072,HIGH,MISCLASSIFICATION
TRACK_D_CROSS_CROP,Grape,cross_crop_sugarcane_to_grape,Sugarcane Held-Out Test,D:\CropDiseaseProject\sugarcane_large\Diseases\Brown Spot\image904.jpg,Cross-Crop: Sugarcane,-1,Bacterial Leaf Spot,0,False,0.80837082862854,0.0,Leaf Blight,0.1445872187614441,Esca (Black Measles),0.046180907636880875,N/A,CROSS_CROP_FALSE_ALARM
TRACK_D_CROSS_CROP,Tomato,cross_crop_chilli_to_tomato,Chilli Held-Out Test,D:\CropDiseaseProject\chilli_cold\healthy\IMG_3918.JPG,Cross-Crop: Chilli,-1,Tomato___Late_blight,2,False,0.8074331879615784,0.0,Tomato___Early_blight,0.1912391185760498,Tomato___healthy,0.0012363226851448417,N/A,CROSS_CROP_FALSE_ALARM
TRACK_D_CROSS_CROP,Sugarcane,cross_crop_chilli_to_sugarcane,Chilli Held-Out Test,D:\CropDiseaseProject\chilli_cold\cerocospora\IMG_4669.JPG,Cross-Crop: Chilli,-1,Red Rot,6,False,0.8069754242897034,0.0,Smut,0.1417139172554016,Pokkah Boeng,0.02732148952782154,N/A,CROSS_CROP_FALSE_ALARM
TRACK_D_CROSS_CROP,Chilli,cross_crop_tomato_to_chilli,Tomato Held-Out Test,D:\CropDiseaseProject\tomato_plantvillage\Tomato___Septoria_leaf_spot\0806cabf-f026-43bd-a508-0e8e5a185341___Matt.S_CG 1266.JPG,Cross-Crop: Tomato,-1,cerocospora,0,False,0.806908905506134,0.0,nutritional deficiency,0.1418760120868683,murda complex,0.04856395348906517,N/A,CROSS_CROP_FALSE_ALARM
TRACK_C_REALWORLD,Sugarcane,realworld_sugarcane,SUGARCANE_FIELD_PHOTO,D:\CropDiseaseProject\results\model_robustness_audit\audit_images\track_c_realworld\sugarcane\Healthy Leaves\sc_field_S_H-37-_jpg.rf.f5f0c9853892f84c93ec1269c3449eab.jpg,Healthy Leaves,3,Brown Spot,1,False,0.806688129901886,0.10913485288619995,Healthy Leaves,0.10913485288619995,Rust (Brown Rust),0.05254566669464111,HIGH,MISCLASSIFICATION
TRACK_D_CROSS_CROP,Tomato,cross_crop_sugarcane_to_tomato,Sugarcane Held-Out Test,D:\CropDiseaseProject\sugarcane_maharashtra\Healthy\healthy (359).jpeg,Cross-Crop: Sugarcane,-1,Tomato___Late_blight,2,False,0.8064774870872498,0.0,Tomato___Tomato_Yellow_Leaf_Curl_Virus,0.19341610372066498,Tomato___Bacterial_spot,6.745192513335496e-05,N/A,CROSS_CROP_FALSE_ALARM
TRACK_C_REALWORLD,Grape,realworld_grape,VINEYARD_FIELD_PHOTO,D:\CropDiseaseProject\results\model_robustness_audit\audit_images\track_c_realworld\grape\Esca (Black Measles)\vineyard_00000041.jpg,Esca (Black Measles),3,Powdery Mildew,6,False,0.8062989115715027,0.004325248301029205,Healthy Leaves,0.18047945201396942,Black Rot,0.004339931532740593,HIGH,MISCLASSIFICATION
TRACK_A_INTERNAL,Chilli,chilli_cold,chilli_cold,D:\CropDiseaseProject\chilli_cold\nutritional deficiency\IMG_4877.JPG,nutritional deficiency,3,cerocospora,0,False,0.8060845136642456,0.160647839307785,nutritional deficiency,0.160647839307785,healthy,0.0232242122292518,HIGH,MISCLASSIFICATION
TRACK_D_CROSS_CROP,Sugarcane,cross_crop_tomato_to_sugarcane,Tomato Held-Out Test,D:\CropDiseaseProject\tomato_plantvillage\Tomato___Tomato_Yellow_Leaf_Curl_Virus\14570c99-8503-4518-b5fe-d3450d53fc19___YLCV_NREC 2365.JPG,Cross-Crop: Tomato,-1,Rust (Brown Rust),7,False,0.8057742714881897,0.0,Yellow Leaf Disease,0.12221709638834,Mosaic / Viral Disease,0.05690547078847885,N/A,CROSS_CROP_FALSE_ALARM
TRACK_D_CROSS_CROP,Tomato,cross_crop_chilli_to_tomato,Chilli Held-Out Test,D:\CropDiseaseProject\chilli_cold\nutritional deficiency\IMG_3372.JPG,Cross-Crop: Chilli,-1,Tomato___Late_blight,2,False,0.8057317733764648,0.0,Tomato___Early_blight,0.19381743669509888,Tomato___Target_Spot,0.000434273446444422,N/A,CROSS_CROP_FALSE_ALARM
TRACK_B_EXTERNAL,Grape,external_grape,AI-Challenger-2018-Grape,D:\CropDiseaseProject\results\model_robustness_audit\audit_images\track_b_external\grape\Black Rot\baliwaka_00000022.jpg,Black Rot,1,Powdery Mildew,6,False,0.8056877255439758,0.00010295245738234371,Healthy Leaves,0.12231243401765823,Downy Mildew,0.06963343918323517,HIGH,MISCLASSIFICATION
TRACK_D_UNRELATED,Chilli,unrelated_non_leaf,OpenCV Standard Non-Leaf Benchmark,D:\CropDiseaseProject\results\model_robustness_audit\audit_images\track_d_unrelated\starry_night.jpg,Unrelated / Non-Leaf,-1,cerocospora,0,False,0.8055180907249451,0.0,nutritional deficiency,0.17883576452732086,murda complex,0.012776965275406837,N/A,UNRELATED_FALSE_ALARM
TRACK_D_CROSS_CROP,Tomato,cross_crop_sugarcane_to_tomato,Sugarcane Held-Out Test,D:\CropDiseaseProject\sugarcane_maharashtra\Yellow\yellow (483).jpeg,Cross-Crop: Sugarcane,-1,Tomato___Late_blight,2,False,0.8046569228172302,0.0,Tomato___Tomato_Yellow_Leaf_Curl_Virus,0.19452384114265442,Tomato___Bacterial_spot,0.0007785863126628101,N/A,CROSS_CROP_FALSE_ALARM
TRACK_C_REALWORLD,Tomato,realworld_tomato,INTERNET_PLANTDOC_TEST,D:\CropDiseaseProject\results\model_robustness_audit\audit_images\track_c_realworld\tomato\Tomato___Tomato_mosaic_virus\pd_real_Tomato-Mosaic-1wdr2jx-300x225.jpg,Tomato___Tomato_mosaic_virus,8,Tomato___Tomato_Yellow_Leaf_Curl_Virus,7,False,0.804654598236084,1.2741707916628237e-13,Tomato___Early_blight,0.1875866949558258,Tomato___Septoria_leaf_spot,0.0076823001727461815,MEDIUM,MISCLASSIFICATION
TRACK_A_INTERNAL,Grape,grape_2024,grape_2024,D:\CropDiseaseProject\grape_2024\leaf blight\leaf blight395.jpg,Leaf Blight,5,Esca (Black Measles),3,False,0.8039626479148865,0.195067748427391,Leaf Blight,0.195067748427391,Healthy Leaves,0.0003688773431349,HIGH,MISCLASSIFICATION
TRACK_A_INTERNAL,Sugarcane,sugarcane_maharashtra,sugarcane_maharashtra,D:\CropDiseaseProject\sugarcane_maharashtra\Yellow\yellow (133).jpeg,Yellow Leaf Disease,10,Brown Spot,1,False,0.8037927150726318,0.0737482383847236,Pokkah Boeng,0.1070328056812286,Yellow Leaf Disease,0.0737482383847236,HIGH,MISCLASSIFICATION
TRACK_B_EXTERNAL,Grape,external_grape,PlantDoc-Dataset,D:\CropDiseaseProject\results\model_robustness_audit\audit_images\track_b_external\grape\Healthy Leaves\plantdoc_Wild_Grape_Leaf.jpg,Healthy Leaves,4,Black Rot,1,False,0.8034921288490295,0.044743381440639496,Esca (Black Measles),0.11791321635246277,Healthy Leaves,0.044743381440639496,HIGH,MISCLASSIFICATION
TRACK_B_EXTERNAL,Tomato,external_tomato,Sylhet-Tomato-Dataset,D:\CropDiseaseProject\results\model_robustness_audit\audit_images\track_b_external\tomato\Tomato___Target_Spot\rk_sau_IMG_0377_JPG.rf.acf9b672173ce2a57dd348f39b65394e.jpg,Tomato___Target_Spot,6,Tomato___Early_blight,1,False,0.8027209639549255,8.313551006722264e-06,Tomato___Late_blight,0.1970042586326599,Tomato___Septoria_leaf_spot,0.0001664953597355634,HIGH,MISCLASSIFICATION
TRACK_A_INTERNAL,Sugarcane,sugarcane_maharashtra,sugarcane_maharashtra,D:\CropDiseaseProject\sugarcane_maharashtra\Healthy\healthy (270).jpeg,Healthy Leaves,3,Mosaic / Viral Disease,4,False,0.8025658130645752,0.1729602664709091,Healthy Leaves,0.1729602664709091,Yellow Leaf Disease,0.0164043568074703,HIGH,MISCLASSIFICATION
TRACK_B_EXTERNAL,Grape,external_grape,PlantDoc-Dataset,D:\CropDiseaseProject\results\model_robustness_audit\audit_images\track_b_external\grape\Healthy Leaves\plantdoc_dc9rk7rKi.jpg,Healthy Leaves,4,Black Rot,1,False,0.801388680934906,0.118972547352314,Healthy Leaves,0.118972547352314,Esca (Black Measles),0.041461411863565445,HIGH,MISCLASSIFICATION
TRACK_D_CROSS_CROP,Sugarcane,cross_crop_chilli_to_sugarcane,Chilli Held-Out Test,D:\CropDiseaseProject\chilli_cold\cerocospora\IMG_4145.JPG,Cross-Crop: Chilli,-1,Pokkah Boeng,5,False,0.8013744354248047,0.0,Smut,0.19831378757953644,Mosaic / Viral Disease,0.00012927144416607916,N/A,CROSS_CROP_FALSE_ALARM
TRACK_D_CROSS_CROP,Chilli,cross_crop_sugarcane_to_chilli,Sugarcane Held-Out Test,D:\CropDiseaseProject\sugarcane_large\Diseases\Yellow Leaf\Yellow Leaf813.jpg,Cross-Crop: Sugarcane,-1,cerocospora,0,False,0.8012619018554688,0.0,powdery mildew,0.12617304921150208,nutritional deficiency,0.0667010173201561,N/A,CROSS_CROP_FALSE_ALARM
TRACK_B_EXTERNAL,Grape,external_grape,AI-Challenger-2018-Grape,D:\CropDiseaseProject\results\model_robustness_audit\audit_images\track_b_external\grape\Black Rot\baliwaka_00000014.jpg,Black Rot,1,Healthy Leaves,4,False,0.8008919358253479,0.005816547200083733,Downy Mildew,0.07419420778751373,Esca (Black Measles),0.06201285123825073,HIGH,MISCLASSIFICATION
TRACK_B_EXTERNAL,Grape,external_grape,AI-Challenger-2018-Grape,D:\CropDiseaseProject\results\model_robustness_audit\audit_images\track_b_external\grape\Black Rot\baliwaka_00000015.jpg,Black Rot,1,Healthy Leaves,4,False,0.8001379370689392,0.0005422364338301122,Powdery Mildew,0.19539138674736023,Downy Mildew,0.0034711470361799,HIGH,MISCLASSIFICATION
