evaluation_track,crop,dataset,source_dataset,file_path,true_label,true_class_index,predicted_label,predicted_class_index,correct,confidence,true_class_probability,top_2_label,top_2_probability,top_3_label,top_3_probability
TRACK_A_INTERNAL,Tomato,tomato,tomato_plantvillage,D:\CropDiseaseProject\tomato_plantvillage\Tomato___Bacterial_spot\ac017ad5-c1fa-4a46-8f13-2068d7188346___GCREC_Bact.Sp 6175.JPG,Tomato___Bacterial_spot,0,Tomato___Target_Spot,6,False,0.7785966396331787,0.10996606945991516,Tomato___Bacterial_spot,0.10996606945991516,Tomato___Septoria_leaf_spot,0.07561870664358139
TRACK_A_INTERNAL,Tomato,tomato,tomato_plantvillage,D:\CropDiseaseProject\tomato_plantvillage\Tomato___Bacterial_spot\10c418e8-59b3-4d9f-a22b-7762b538e758___UF.GRC_BS_Lab Leaf 0900.JPG,Tomato___Bacterial_spot,0,Tomato___Bacterial_spot,0,True,0.9928950667381287,0.9928950667381287,Tomato___Septoria_leaf_spot,0.0054022218100726604,Tomato___Early_blight,0.001654014689847827
TRACK_A_INTERNAL,Tomato,tomato,tomato_plantvillage,D:\CropDiseaseProject\tomato_plantvillage\Tomato___Bacterial_spot\f1f7f16d-7794-4ac9-9962-32a5320d38fd___GCREC_Bact.Sp 6234.JPG,Tomato___Bacterial_spot,0,Tomato___Bacterial_spot,0,True,0.49581456184387207,0.49581456184387207,Tomato___Early_blight,0.4034176170825958,Tomato___Late_blight,0.09460030496120453
TRACK_A_INTERNAL,Tomato,tomato,tomato_plantvillage,D:\CropDiseaseProject\tomato_plantvillage\Tomato___Bacterial_spot\b908a9aa-b8b9-46bd-aef0-9e8d1388608d___GCREC_Bact.Sp 3486.JPG,Tomato___Bacterial_spot,0,Tomato___Bacterial_spot,0,True,0.9322644472122192,0.9322644472122192,Tomato___Target_Spot,0.039907533675432205,Tomato___Septoria_leaf_spot,0.012649801559746265
TRACK_A_INTERNAL,Tomato,tomato,tomato_plantvillage,D:\CropDiseaseProject\tomato_plantvillage\Tomato___Bacterial_spot\98df469d-20d0-4b6e-aae3-617473f3081f___GCREC_Bact.Sp 5792.JPG,Tomato___Bacterial_spot,0,Tomato___Bacterial_spot,0,True,0.9032158255577087,0.9032158255577087,Tomato___Target_Spot,0.051091041415929794,Tomato___Tomato_Yellow_Leaf_Curl_Virus,0.026420988142490387
TRACK_A_INTERNAL,Tomato,tomato,tomato_plantvillage,D:\CropDiseaseProject\tomato_plantvillage\Tomato___Bacterial_spot\b8e606e2-0630-453f-8688-b4350feb2bce___GCREC_Bact.Sp 3033.JPG,Tomato___Bacterial_spot,0,Tomato___Bacterial_spot,0,True,0.998727023601532,0.998727023601532,Tomato___Septoria_leaf_spot,0.0009854083182290196,Tomato___Early_blight,0.0002394884650129825
TRACK_A_INTERNAL,Tomato,tomato,tomato_plantvillage,D:\CropDiseaseProject\tomato_plantvillage\Tomato___Bacterial_spot\6d746b6c-52f8-4831-b541-c74d0984c130___GCREC_Bact.Sp 3169.JPG,Tomato___Bacterial_spot,0,Tomato___Bacterial_spot,0,True,0.8387265801429749,0.8387265801429749,Tomato___Target_Spot,0.13747744262218475,Tomato___Septoria_leaf_spot,0.016113068908452988
TRACK_A_INTERNAL,Tomato,tomato,tomato_plantvillage,D:\CropDiseaseProject\tomato_plantvillage\Tomato___Bacterial_spot\d6f28d37-30ea-4b05-997b-88c5b4c62856___GCREC_Bact.Sp 6297.JPG,Tomato___Bacterial_spot,0,Tomato___Bacterial_spot,0,True,0.9963333606719971,0.9963333606719971,Tomato___Early_blight,0.0033460669219493866,Tomato___Septoria_leaf_spot,0.00028343507437966764
TRACK_A_INTERNAL,Tomato,tomato,tomato_plantvillage,D:\CropDiseaseProject\tomato_plantvillage\Tomato___Bacterial_spot\cb70e79d-a282-448e-a300-7f880a08cd70___GCREC_Bact.Sp 6332.JPG,Tomato___Bacterial_spot,0,Tomato___Bacterial_spot,0,True,0.9009221792221069,0.9009221792221069,Tomato___Target_Spot,0.09802447259426117,Tomato___Spider_mites Two-spotted_spider_mite,0.0005783006199635565
TRACK_A_INTERNAL,Tomato,tomato,tomato_plantvillage,D:\CropDiseaseProject\tomato_plantvillage\Tomato___Bacterial_spot\519d4cf8-cce5-47a8-b33e-39365fb0799f___GCREC_Bact.Sp 3844.JPG,Tomato___Bacterial_spot,0,Tomato___Bacterial_spot,0,True,0.8473647236824036,0.8473647236824036,Tomato___Target_Spot,0.13035713136196136,Tomato___Septoria_leaf_spot,0.008680030703544617
TRACK_A_INTERNAL,Tomato,tomato,tomato_plantvillage,D:\CropDiseaseProject\tomato_plantvillage\Tomato___Bacterial_spot\2012f5c2-8a5a-4307-b2f6-f8cc65dea96d___GCREC_Bact.Sp 6350.JPG,Tomato___Bacterial_spot,0,Tomato___Bacterial_spot,0,True,0.9935628175735474,0.9935628175735474,Tomato___Target_Spot,0.0032398351468145847,Tomato___Septoria_leaf_spot,0.0029117201920598745
TRACK_A_INTERNAL,Tomato,tomato,tomato_plantvillage,D:\CropDiseaseProject\tomato_plantvillage\Tomato___Bacterial_spot\69c8f994-3b9e-4629-9fb9-d06a9cca522e___GCREC_Bact.Sp 5875.JPG,Tomato___Bacterial_spot,0,Tomato___Bacterial_spot,0,True,0.98078852891922,0.98078852891922,Tomato___Septoria_leaf_spot,0.010923808440566063,Tomato___Target_Spot,0.007534937467426062
TRACK_A_INTERNAL,Tomato,tomato,tomato_plantvillage,D:\CropDiseaseProject\tomato_plantvillage\Tomato___Bacterial_spot\ac099bdd-1fb0-4f9c-bb62-be3994736868___UF.GRC_BS_Lab Leaf 0419.JPG,Tomato___Bacterial_spot,0,Tomato___Late_blight,2,False,0.8696846961975098,0.1229163110256195,Tomato___Bacterial_spot,0.1229163110256195,Tomato___Septoria_leaf_spot,0.004534258507192135
TRACK_A_INTERNAL,Tomato,tomato,tomato_plantvillage,D:\CropDiseaseProject\tomato_plantvillage\Tomato___Bacterial_spot\17ee90d7-f733-4026-a83e-c5c87ad88e67___GCREC_Bact.Sp 5623.JPG,Tomato___Bacterial_spot,0,Tomato___Bacterial_spot,0,True,0.7642835378646851,0.7642835378646851,Tomato___Leaf_Mold,0.17339302599430084,Tomato___Early_blight,0.02820342779159546
TRACK_A_INTERNAL,Tomato,tomato,tomato_plantvillage,D:\CropDiseaseProject\tomato_plantvillage\Tomato___Bacterial_spot\affd3581-6323-43a3-87d6-31f6449fbf2a___GCREC_Bact.Sp 2990.JPG,Tomato___Bacterial_spot,0,Tomato___Bacterial_spot,0,True,0.9973624348640442,0.9973624348640442,Tomato___Septoria_leaf_spot,0.0015099154552444816,Tomato___Target_Spot,0.0005927211605012417
TRACK_A_INTERNAL,Tomato,tomato,tomato_plantvillage,D:\CropDiseaseProject\tomato_plantvillage\Tomato___Bacterial_spot\5d1f3889-f029-4ebd-834d-9e39d775b070___GCREC_Bact.Sp 5996.JPG,Tomato___Bacterial_spot,0,Tomato___Bacterial_spot,0,True,0.9873313307762146,0.9873313307762146,Tomato___Septoria_leaf_spot,0.005680921953171492,Tomato___Target_Spot,0.003949051722884178
TRACK_A_INTERNAL,Tomato,tomato,tomato_plantvillage,D:\CropDiseaseProject\tomato_plantvillage\Tomato___Bacterial_spot\dfa62ef3-e71a-49c9-b3fc-6b1c72fa3408___GCREC_Bact.Sp 3176.JPG,Tomato___Bacterial_spot,0,Tomato___Bacterial_spot,0,True,0.8860068321228027,0.8860068321228027,Tomato___Septoria_leaf_spot,0.10996928811073303,Tomato___Target_Spot,0.0034777920227497816
TRACK_A_INTERNAL,Tomato,tomato,tomato_plantvillage,D:\CropDiseaseProject\tomato_plantvillage\Tomato___Bacterial_spot\7c6b8e90-fd14-4f00-b1cc-1f3e9406fd6d___GCREC_Bact.Sp 5764.JPG,Tomato___Bacterial_spot,0,Tomato___Bacterial_spot,0,True,0.9966456294059753,0.9966456294059753,Tomato___Septoria_leaf_spot,0.002158499090000987,Tomato___Target_Spot,0.0007086416007950902
TRACK_A_INTERNAL,Tomato,tomato,tomato_plantvillage,D:\CropDiseaseProject\tomato_plantvillage\Tomato___Bacterial_spot\ffcf0c9e-f932-4836-b160-47277fbe124c___GCREC_Bact.Sp 3776.JPG,Tomato___Bacterial_spot,0,Tomato___Target_Spot,6,False,0.5732205510139465,0.05833755433559418,Tomato___Spider_mites Two-spotted_spider_mite,0.32355764508247375,Tomato___Bacterial_spot,0.05833755433559418
TRACK_A_INTERNAL,Tomato,tomato,tomato_plantvillage,D:\CropDiseaseProject\tomato_plantvillage\Tomato___Bacterial_spot\3c968c0e-9824-455f-bbf8-b4acf133508e___GCREC_Bact.Sp 3011.JPG,Tomato___Bacterial_spot,0,Tomato___Bacterial_spot,0,True,0.7961223125457764,0.7961223125457764,Tomato___Target_Spot,0.189364954829216,Tomato___Leaf_Mold,0.0053756521083414555
TRACK_A_INTERNAL,Tomato,tomato,tomato_plantvillage,D:\CropDiseaseProject\tomato_plantvillage\Tomato___Bacterial_spot\8aec5b56-9ab2-4337-9544-c619d25650d7___GCREC_Bact.Sp 3579.JPG,Tomato___Bacterial_spot,0,Tomato___Bacterial_spot,0,True,0.9924813508987427,0.9924813508987427,Tomato___Target_Spot,0.004864877555519342,Tomato___Early_blight,0.001867928309366107
TRACK_A_INTERNAL,Tomato,tomato,tomato_plantvillage,D:\CropDiseaseProject\tomato_plantvillage\Tomato___Bacterial_spot\7ff1454d-b742-412f-a99c-1c2a8287decb___UF.GRC_BS_Lab Leaf 1132.JPG,Tomato___Bacterial_spot,0,Tomato___Bacterial_spot,0,True,0.9165935516357422,0.9165935516357422,Tomato___Septoria_leaf_spot,0.043678198009729385,Tomato___Early_blight,0.024539267644286156
TRACK_A_INTERNAL,Tomato,tomato,tomato_plantvillage,D:\CropDiseaseProject\tomato_plantvillage\Tomato___Bacterial_spot\37592d17-06d6-492a-a469-3726396ad71b___GCREC_Bact.Sp 5560.JPG,Tomato___Bacterial_spot,0,Tomato___Target_Spot,6,False,0.608677327632904,0.3789496123790741,Tomato___Bacterial_spot,0.3789496123790741,Tomato___Early_blight,0.007421567570418119
TRACK_A_INTERNAL,Tomato,tomato,tomato_plantvillage,D:\CropDiseaseProject\tomato_plantvillage\Tomato___Bacterial_spot\9a124e24-d9d2-43f3-b2b9-968e4422744c___GCREC_Bact.Sp 5998.JPG,Tomato___Bacterial_spot,0,Tomato___Bacterial_spot,0,True,0.9941017031669617,0.9941017031669617,Tomato___Septoria_leaf_spot,0.00429120659828186,Tomato___Early_blight,0.0010079456260427833
TRACK_A_INTERNAL,Tomato,tomato,tomato_plantvillage,D:\CropDiseaseProject\tomato_plantvillage\Tomato___Bacterial_spot\3811d01e-de9a-4159-8ab6-eb0e277f0acd___GCREC_Bact.Sp 3546.JPG,Tomato___Bacterial_spot,0,Tomato___Bacterial_spot,0,True,0.9469638466835022,0.9469638466835022,Tomato___Target_Spot,0.029384935274720192,Tomato___Early_blight,0.020041877403855324
TRACK_A_INTERNAL,Tomato,tomato,tomato_plantvillage,D:\CropDiseaseProject\tomato_plantvillage\Tomato___Bacterial_spot\6aa07949-08b2-4945-a535-3f8b49f86599___GCREC_Bact.Sp 6344.JPG,Tomato___Bacterial_spot,0,Tomato___Bacterial_spot,0,True,0.7027028799057007,0.7027028799057007,Tomato___Early_blight,0.17970561981201172,Tomato___Septoria_leaf_spot,0.11749259382486343
TRACK_A_INTERNAL,Tomato,tomato,tomato_plantvillage,D:\CropDiseaseProject\tomato_plantvillage\Tomato___Bacterial_spot\e1fa4f5f-d166-4483-95c4-0c420ee2098e___GCREC_Bact.Sp 3458.JPG,Tomato___Bacterial_spot,0,Tomato___Bacterial_spot,0,True,0.9955832362174988,0.9955832362174988,Tomato___Target_Spot,0.003434091806411743,Tomato___Septoria_leaf_spot,0.0007099987124092877
TRACK_A_INTERNAL,Tomato,tomato,tomato_plantvillage,D:\CropDiseaseProject\tomato_plantvillage\Tomato___Bacterial_spot\c532396b-5641-4fd3-8c91-a0af394b8b93___GCREC_Bact.Sp 6169.JPG,Tomato___Bacterial_spot,0,Tomato___Bacterial_spot,0,True,0.9884662628173828,0.9884662628173828,Tomato___Septoria_leaf_spot,0.011425509117543697,Tomato___Early_blight,0.0001025644814944826
TRACK_A_INTERNAL,Tomato,tomato,tomato_plantvillage,D:\CropDiseaseProject\tomato_plantvillage\Tomato___Bacterial_spot\b7abb659-e26e-42a0-a9d3-ddee98526b8f___GCREC_Bact.Sp 5748.JPG,Tomato___Bacterial_spot,0,Tomato___Bacterial_spot,0,True,0.9973623156547546,0.9973623156547546,Tomato___Target_Spot,0.0022559361532330513,Tomato___Septoria_leaf_spot,0.00029393326258286834
TRACK_A_INTERNAL,Tomato,tomato,tomato_plantvillage,D:\CropDiseaseProject\tomato_plantvillage\Tomato___Bacterial_spot\641aa012-41e5-4e85-bac4-1d81bd67be58___GCREC_Bact.Sp 5665.JPG,Tomato___Bacterial_spot,0,Tomato___Bacterial_spot,0,True,0.9935765862464905,0.9935765862464905,Tomato___Target_Spot,0.006358882877975702,Tomato___Early_blight,3.0894756491761655e-05
TRACK_A_INTERNAL,Tomato,tomato,tomato_plantvillage,D:\CropDiseaseProject\tomato_plantvillage\Tomato___Early_blight\5b71fe03-84fc-4866-9bf8-e557ce918c6e___RS_Erly.B 9580.JPG,Tomato___Early_blight,1,Tomato___Early_blight,1,True,0.8192742466926575,0.8192742466926575,Tomato___Target_Spot,0.09471669048070908,Tomato___Tomato_Yellow_Leaf_Curl_Virus,0.042769234627485275
TRACK_A_INTERNAL,Tomato,tomato,tomato_plantvillage,D:\CropDiseaseProject\tomato_plantvillage\Tomato___Early_blight\54e98d19-a7a0-44d8-a004-1eaee5f3610b___RS_Erly.B 7348.JPG,Tomato___Early_blight,1,Tomato___Early_blight,1,True,0.4551808536052704,0.4551808536052704,Tomato___Bacterial_spot,0.33406251668930054,Tomato___Late_blight,0.20886553823947906
TRACK_A_INTERNAL,Tomato,tomato,tomato_plantvillage,D:\CropDiseaseProject\tomato_plantvillage\Tomato___Early_blight\a9a349e8-bf20-4495-8db5-70ca9293608d___RS_Erly.B 7367.JPG,Tomato___Early_blight,1,Tomato___Early_blight,1,True,0.5536900758743286,0.5536900758743286,Tomato___Target_Spot,0.2178630828857422,Tomato___Bacterial_spot,0.13842898607254028
TRACK_A_INTERNAL,Tomato,tomato,tomato_plantvillage,D:\CropDiseaseProject\tomato_plantvillage\Tomato___Early_blight\2ffcdf9e-9cf5-492e-80f8-6f80cd0be7cb___RS_Erly.B 7421.JPG,Tomato___Early_blight,1,Tomato___Bacterial_spot,0,False,0.5440278649330139,0.3410317897796631,Tomato___Early_blight,0.3410317897796631,Tomato___Target_Spot,0.03996745124459267
TRACK_A_INTERNAL,Tomato,tomato,tomato_plantvillage,D:\CropDiseaseProject\tomato_plantvillage\Tomato___Early_blight\a5b33d5a-99bc-43b9-b408-aaf9535189e0___RS_Erly.B 8372.JPG,Tomato___Early_blight,1,Tomato___Early_blight,1,True,0.7811875939369202,0.7811875939369202,Tomato___Leaf_Mold,0.06227121129631996,Tomato___Spider_mites Two-spotted_spider_mite,0.05252235755324364
TRACK_A_INTERNAL,Tomato,tomato,tomato_plantvillage,D:\CropDiseaseProject\tomato_plantvillage\Tomato___Early_blight\16ae1b64-2954-4135-bea5-d599ba56740c___RS_Erly.B 7649.JPG,Tomato___Early_blight,1,Tomato___Late_blight,2,False,0.5802357196807861,0.39676862955093384,Tomato___Early_blight,0.39676862955093384,Tomato___Target_Spot,0.01816830039024353
TRACK_A_INTERNAL,Tomato,tomato,tomato_plantvillage,D:\CropDiseaseProject\tomato_plantvillage\Tomato___Early_blight\76b0d46d-8e2b-463b-8cba-eaeee6dc1851___RS_Erly.B 9527.JPG,Tomato___Early_blight,1,Tomato___Early_blight,1,True,0.6153799891471863,0.6153799891471863,Tomato___Late_blight,0.19418460130691528,Tomato___Bacterial_spot,0.10249260067939758
TRACK_A_INTERNAL,Tomato,tomato,tomato_plantvillage,D:\CropDiseaseProject\tomato_plantvillage\Tomato___Early_blight\2bdca297-e0d1-41f0-b1dc-3801384faa1a___RS_Erly.B 7858.JPG,Tomato___Early_blight,1,Tomato___Target_Spot,6,False,0.9255314469337463,0.005519692786037922,Tomato___Spider_mites Two-spotted_spider_mite,0.03801010176539421,Tomato___Late_blight,0.0231956634670496
TRACK_A_INTERNAL,Tomato,tomato,tomato_plantvillage,D:\CropDiseaseProject\tomato_plantvillage\Tomato___Early_blight\ea08bf85-06df-41d8-8b09-29feb53cdccf___RS_Erly.B 7486.JPG,Tomato___Early_blight,1,Tomato___Early_blight,1,True,0.939030647277832,0.939030647277832,Tomato___Leaf_Mold,0.03607442229986191,Tomato___Late_blight,0.010710458271205425
TRACK_A_INTERNAL,Tomato,tomato,tomato_plantvillage,D:\CropDiseaseProject\tomato_plantvillage\Tomato___Early_blight\c83d0821-505b-4270-acd7-1a5c79f671b4___RS_Erly.B 7629.JPG,Tomato___Early_blight,1,Tomato___Late_blight,2,False,0.48738202452659607,0.4694121181964874,Tomato___Early_blight,0.4694121181964874,Tomato___Bacterial_spot,0.025123098865151405
TRACK_A_INTERNAL,Tomato,tomato,tomato_plantvillage,D:\CropDiseaseProject\tomato_plantvillage\Tomato___Early_blight\748ed7a9-9044-49d2-943d-8c82a1763c55___RS_Erly.B 8230.JPG,Tomato___Early_blight,1,Tomato___Early_blight,1,True,0.9908058047294617,0.9908058047294617,Tomato___Late_blight,0.00603735214099288,Tomato___Septoria_leaf_spot,0.0022096512839198112
TRACK_A_INTERNAL,Tomato,tomato,tomato_plantvillage,D:\CropDiseaseProject\tomato_plantvillage\Tomato___Early_blight\73bbd57a-8733-4b2a-a38d-f304ea890c62___RS_Erly.B 9548.JPG,Tomato___Early_blight,1,Tomato___Tomato_Yellow_Leaf_Curl_Virus,7,False,0.297167032957077,0.24757836759090424,Tomato___Early_blight,0.24757836759090424,Tomato___Late_blight,0.15750296413898468
TRACK_A_INTERNAL,Tomato,tomato,tomato_plantvillage,D:\CropDiseaseProject\tomato_plantvillage\Tomato___Early_blight\4f6876e9-7226-49d5-aef8-cec3d8e6fbc9___RS_Erly.B 9452.JPG,Tomato___Early_blight,1,Tomato___Early_blight,1,True,0.30286070704460144,0.30286070704460144,Tomato___Septoria_leaf_spot,0.2843773663043976,Tomato___Target_Spot,0.17566411197185516
TRACK_A_INTERNAL,Tomato,tomato,tomato_plantvillage,D:\CropDiseaseProject\tomato_plantvillage\Tomato___Early_blight\484250ea-cc2c-4614-bee8-7f24007e00ac___RS_Erly.B 9463.JPG,Tomato___Early_blight,1,Tomato___Early_blight,1,True,0.8885148167610168,0.8885148167610168,Tomato___Bacterial_spot,0.07749516516923904,Tomato___Septoria_leaf_spot,0.020514514297246933
TRACK_A_INTERNAL,Tomato,tomato,tomato_plantvillage,D:\CropDiseaseProject\tomato_plantvillage\Tomato___Early_blight\3c5e2faa-3bca-4d88-8841-fa06cf7388f1___RS_Erly.B 9599.JPG,Tomato___Early_blight,1,Tomato___Early_blight,1,True,0.9726311564445496,0.9726311564445496,Tomato___Septoria_leaf_spot,0.015406778082251549,Tomato___Tomato_Yellow_Leaf_Curl_Virus,0.010442912578582764
TRACK_A_INTERNAL,Tomato,tomato,tomato_plantvillage,D:\CropDiseaseProject\tomato_plantvillage\Tomato___Early_blight\2179421c-3ce3-4581-8b65-17da6fffd3db___RS_Erly.B 7730.JPG,Tomato___Early_blight,1,Tomato___Spider_mites Two-spotted_spider_mite,5,False,0.5620890259742737,0.04321085289120674,Tomato___Target_Spot,0.1590568572282791,Tomato___healthy,0.08841079473495483
TRACK_A_INTERNAL,Tomato,tomato,tomato_plantvillage,D:\CropDiseaseProject\tomato_plantvillage\Tomato___Early_blight\13e96f82-68c6-4331-9b05-92a6767a400b___RS_Erly.B 9502.JPG,Tomato___Early_blight,1,Tomato___Septoria_leaf_spot,4,False,0.7096807360649109,0.14259232580661774,Tomato___Early_blight,0.14259232580661774,Tomato___Late_blight,0.1108856052160263
TRACK_A_INTERNAL,Tomato,tomato,tomato_plantvillage,D:\CropDiseaseProject\tomato_plantvillage\Tomato___Early_blight\c410d512-4708-49dd-ba8f-efce2796a3f5___RS_Erly.B 7602.JPG,Tomato___Early_blight,1,Tomato___Early_blight,1,True,0.5979572534561157,0.5979572534561157,Tomato___Late_blight,0.36617985367774963,Tomato___Bacterial_spot,0.03501025587320328
TRACK_A_INTERNAL,Tomato,tomato,tomato_plantvillage,D:\CropDiseaseProject\tomato_plantvillage\Tomato___Early_blight\5bb67c87-9449-4365-aad2-0763164a608b___RS_Erly.B 7460.JPG,Tomato___Early_blight,1,Tomato___Early_blight,1,True,0.815909206867218,0.815909206867218,Tomato___Spider_mites Two-spotted_spider_mite,0.05917280167341232,Tomato___Target_Spot,0.054444167762994766
TRACK_A_INTERNAL,Tomato,tomato,tomato_plantvillage,D:\CropDiseaseProject\tomato_plantvillage\Tomato___Early_blight\a0cb35c3-0ae6-4b64-a42f-d14006f3d315___RS_Erly.B 7357.JPG,Tomato___Early_blight,1,Tomato___Target_Spot,6,False,0.4527919292449951,0.16830115020275116,Tomato___Spider_mites Two-spotted_spider_mite,0.18292361497879028,Tomato___Early_blight,0.16830115020275116
TRACK_A_INTERNAL,Tomato,tomato,tomato_plantvillage,D:\CropDiseaseProject\tomato_plantvillage\Tomato___Early_blight\9cb2abac-0c5b-4b49-ad84-d97805de271c___RS_Erly.B 7457.JPG,Tomato___Early_blight,1,Tomato___Late_blight,2,False,0.8806261420249939,0.08618157356977463,Tomato___Early_blight,0.08618157356977463,Tomato___Leaf_Mold,0.019877538084983826
TRACK_A_INTERNAL,Tomato,tomato,tomato_plantvillage,D:\CropDiseaseProject\tomato_plantvillage\Tomato___Early_blight\dc64e0f0-9f55-4341-b256-649bebd6ca75___RS_Erly.B 7785.JPG,Tomato___Early_blight,1,Tomato___Spider_mites Two-spotted_spider_mite,5,False,0.5585505962371826,0.019428927451372147,Tomato___Target_Spot,0.18692512810230255,Tomato___Late_blight,0.09179720282554626
TRACK_A_INTERNAL,Tomato,tomato,tomato_plantvillage,D:\CropDiseaseProject\tomato_plantvillage\Tomato___Early_blight\48dd3efc-400d-4b81-a569-13a51083df58___RS_Erly.B 7718.JPG,Tomato___Early_blight,1,Tomato___Target_Spot,6,False,0.8932305574417114,0.01787339150905609,Tomato___healthy,0.05281738191843033,Tomato___Septoria_leaf_spot,0.01838623732328415
TRACK_A_INTERNAL,Tomato,tomato,tomato_plantvillage,D:\CropDiseaseProject\tomato_plantvillage\Tomato___Early_blight\2f3c483a-b18d-4571-8c00-fb24f166d328___RS_Erly.B 7667.JPG,Tomato___Early_blight,1,Tomato___Early_blight,1,True,0.5351370573043823,0.5351370573043823,Tomato___Late_blight,0.305794894695282,Tomato___Bacterial_spot,0.07786894589662552
TRACK_A_INTERNAL,Tomato,tomato,tomato_plantvillage,D:\CropDiseaseProject\tomato_plantvillage\Tomato___Early_blight\a52492e3-7916-4a13-a175-6a6c0dd3440a___RS_Erly.B 7613.JPG,Tomato___Early_blight,1,Tomato___Early_blight,1,True,0.97596675157547,0.97596675157547,Tomato___Late_blight,0.01656358316540718,Tomato___Leaf_Mold,0.005132909398525953
TRACK_A_INTERNAL,Tomato,tomato,tomato_plantvillage,D:\CropDiseaseProject\tomato_plantvillage\Tomato___Early_blight\e5266d06-0ba7-49c6-9bc6-c8351b56fc88___RS_Erly.B 8294.JPG,Tomato___Early_blight,1,Tomato___Early_blight,1,True,0.8715993762016296,0.8715993762016296,Tomato___Late_blight,0.11830524355173111,Tomato___Target_Spot,0.0033359932713210583
TRACK_A_INTERNAL,Tomato,tomato,tomato_plantvillage,D:\CropDiseaseProject\tomato_plantvillage\Tomato___Early_blight\f62b2695-c850-47d4-9e42-e35e5596e729___RS_Erly.B 7777.JPG,Tomato___Early_blight,1,Tomato___Early_blight,1,True,0.5954657196998596,0.5954657196998596,Tomato___Late_blight,0.25818222761154175,Tomato___Target_Spot,0.137583389878273
TRACK_A_INTERNAL,Tomato,tomato,tomato_plantvillage,D:\CropDiseaseProject\tomato_plantvillage\Tomato___Early_blight\a3611dae-1359-41af-b506-0b012c37a451___RS_Erly.B 7368.JPG,Tomato___Early_blight,1,Tomato___Early_blight,1,True,0.9961552023887634,0.9961552023887634,Tomato___Late_blight,0.001594367902725935,Tomato___Septoria_leaf_spot,0.0008232089458033442
TRACK_A_INTERNAL,Tomato,tomato,tomato_plantvillage,D:\CropDiseaseProject\tomato_plantvillage\Tomato___Early_blight\b857a91a-c6e2-4d47-a025-5a5c3254e0a2___RS_Erly.B 7662.JPG,Tomato___Early_blight,1,Tomato___Early_blight,1,True,0.9487086534500122,0.9487086534500122,Tomato___Bacterial_spot,0.025769291445612907,Tomato___Late_blight,0.01203003991395235
TRACK_A_INTERNAL,Tomato,tomato,tomato_plantvillage,D:\CropDiseaseProject\tomato_plantvillage\Tomato___Early_blight\ba789eab-7c04-4012-b8fa-98106b20b50c___RS_Erly.B 7771.JPG,Tomato___Early_blight,1,Tomato___Early_blight,1,True,0.602008044719696,0.602008044719696,Tomato___Septoria_leaf_spot,0.11929027736186981,Tomato___Bacterial_spot,0.11654475331306458
TRACK_A_INTERNAL,Tomato,tomato,tomato_plantvillage,D:\CropDiseaseProject\tomato_plantvillage\Tomato___Late_blight\bf89b543-1d30-4648-8b4a-bb8d1f2f913a___GHLB2 Leaf 8606.JPG,Tomato___Late_blight,2,Tomato___Late_blight,2,True,0.9990180730819702,0.9990180730819702,Tomato___Bacterial_spot,0.0005774606252089143,Tomato___Early_blight,0.0002884860441554338
TRACK_A_INTERNAL,Tomato,tomato,tomato_plantvillage,D:\CropDiseaseProject\tomato_plantvillage\Tomato___Late_blight\e60c6680-9c50-4063-9eb9-6e77980afcfa___RS_Late.B 5343.JPG,Tomato___Late_blight,2,Tomato___Late_blight,2,True,0.9443206191062927,0.9443206191062927,Tomato___Target_Spot,0.04702029004693031,Tomato___Early_blight,0.006645417306572199
TRACK_A_INTERNAL,Tomato,tomato,tomato_plantvillage,D:\CropDiseaseProject\tomato_plantvillage\Tomato___Late_blight\5a701380-2b9d-4dc4-9376-56ff0361a1dd___GHLB2 Leaf 8871.JPG,Tomato___Late_blight,2,Tomato___Late_blight,2,True,0.676681637763977,0.676681637763977,Tomato___Septoria_leaf_spot,0.18663781881332397,Tomato___Early_blight,0.05032258853316307
TRACK_A_INTERNAL,Tomato,tomato,tomato_plantvillage,D:\CropDiseaseProject\tomato_plantvillage\Tomato___Late_blight\8072e43a-7636-4c22-8641-672077964083___RS_Late.B 6464.JPG,Tomato___Late_blight,2,Tomato___Late_blight,2,True,0.8684194684028625,0.8684194684028625,Tomato___Early_blight,0.12212619930505753,Tomato___Septoria_leaf_spot,0.00845116563141346
TRACK_A_INTERNAL,Tomato,tomato,tomato_plantvillage,D:\CropDiseaseProject\tomato_plantvillage\Tomato___Late_blight\9c27b4ce-ee62-4251-b5c8-93b499d73811___RS_Late.B 6723.JPG,Tomato___Late_blight,2,Tomato___Late_blight,2,True,0.9975730776786804,0.9975730776786804,Tomato___Early_blight,0.0016489262925460935,Tomato___Target_Spot,0.0006803310825489461
TRACK_A_INTERNAL,Tomato,tomato,tomato_plantvillage,D:\CropDiseaseProject\tomato_plantvillage\Tomato___Late_blight\729bd3cf-64cc-40d3-9cec-5f52e3c3aeb3___RS_Late.B 5630.JPG,Tomato___Late_blight,2,Tomato___Late_blight,2,True,0.8324657082557678,0.8324657082557678,Tomato___Early_blight,0.15710659325122833,Tomato___Septoria_leaf_spot,0.010018973611295223
TRACK_A_INTERNAL,Tomato,tomato,tomato_plantvillage,D:\CropDiseaseProject\tomato_plantvillage\Tomato___Late_blight\3fcbbb8e-c7dc-4921-b8b6-bc118b877a82___RS_Late.B 5059.JPG,Tomato___Late_blight,2,Tomato___Late_blight,2,True,0.9840742349624634,0.9840742349624634,Tomato___Leaf_Mold,0.01334760244935751,Tomato___Spider_mites Two-spotted_spider_mite,0.0013355058617889881
TRACK_A_INTERNAL,Tomato,tomato,tomato_plantvillage,D:\CropDiseaseProject\tomato_plantvillage\Tomato___Late_blight\4c42cb8f-e57f-48a5-bff2-8a8629d7505b___RS_Late.B 6869.JPG,Tomato___Late_blight,2,Tomato___Early_blight,1,False,0.6078525185585022,0.35107409954071045,Tomato___Late_blight,0.35107409954071045,Tomato___Spider_mites Two-spotted_spider_mite,0.016597172245383263
TRACK_A_INTERNAL,Tomato,tomato,tomato_plantvillage,D:\CropDiseaseProject\tomato_plantvillage\Tomato___Late_blight\345e34f9-1a77-4d5f-bd62-aa41f648e41d___GHLB2 Leaf 8930.JPG,Tomato___Late_blight,2,Tomato___Late_blight,2,True,0.9734001755714417,0.9734001755714417,Tomato___Bacterial_spot,0.023325271904468536,Tomato___Early_blight,0.0022621925454586744
TRACK_A_INTERNAL,Tomato,tomato,tomato_plantvillage,D:\CropDiseaseProject\tomato_plantvillage\Tomato___Late_blight\a58d9924-0f70-44f3-ac76-1c2d7fc238e1___RS_Late.B 5086.JPG,Tomato___Late_blight,2,Tomato___Late_blight,2,True,0.3215518891811371,0.3215518891811371,Tomato___Early_blight,0.2892930805683136,Tomato___Target_Spot,0.26721033453941345
TRACK_A_INTERNAL,Tomato,tomato,tomato_plantvillage,D:\CropDiseaseProject\tomato_plantvillage\Tomato___Late_blight\4f47d31b-0890-49a7-ab33-8b5865cb8843___GHLB2 Leaf 80.JPG,Tomato___Late_blight,2,Tomato___Late_blight,2,True,0.9999983310699463,0.9999983310699463,Tomato___Bacterial_spot,1.1204629117855802e-06,Tomato___Early_blight,5.720385161112063e-07
TRACK_A_INTERNAL,Tomato,tomato,tomato_plantvillage,D:\CropDiseaseProject\tomato_plantvillage\Tomato___Late_blight\023315df-8824-4760-9480-4dca3a023931___GHLB2 Leaf 8719.JPG,Tomato___Late_blight,2,Tomato___Late_blight,2,True,0.9643011689186096,0.9643011689186096,Tomato___Spider_mites Two-spotted_spider_mite,0.02246708795428276,Tomato___Bacterial_spot,0.009105133824050426
TRACK_A_INTERNAL,Tomato,tomato,tomato_plantvillage,D:\CropDiseaseProject\tomato_plantvillage\Tomato___Late_blight\11b2caf9-a56c-4d3e-bea4-a5d00affd161___RS_Late.B 6140.JPG,Tomato___Late_blight,2,Tomato___Late_blight,2,True,0.3392350971698761,0.3392350971698761,Tomato___Early_blight,0.3278925120830536,Tomato___Target_Spot,0.2694756090641022
TRACK_A_INTERNAL,Tomato,tomato,tomato_plantvillage,D:\CropDiseaseProject\tomato_plantvillage\Tomato___Late_blight\f91c4442-ad78-4785-b1a4-239b45b56ca1___GHLB2 Leaf 110.1.JPG,Tomato___Late_blight,2,Tomato___Late_blight,2,True,0.9944732785224915,0.9944732785224915,Tomato___Early_blight,0.0026409965939819813,Tomato___Bacterial_spot,0.0018137856386601925
TRACK_A_INTERNAL,Tomato,tomato,tomato_plantvillage,D:\CropDiseaseProject\tomato_plantvillage\Tomato___Late_blight\9751ae34-d376-465d-9fce-ddb75caf98d2___GHLB2 Leaf 8781.JPG,Tomato___Late_blight,2,Tomato___Late_blight,2,True,0.9984554052352905,0.9984554052352905,Tomato___Early_blight,0.0012859421549364924,Tomato___Bacterial_spot,0.00010859131725737825
TRACK_A_INTERNAL,Tomato,tomato,tomato_plantvillage,D:\CropDiseaseProject\tomato_plantvillage\Tomato___Late_blight\e2f784ec-10de-4556-8dea-47c9d2c4e791___GHLB2 Leaf 147.2.JPG,Tomato___Late_blight,2,Tomato___Late_blight,2,True,0.9979808926582336,0.9979808926582336,Tomato___Early_blight,0.0018036121036857367,Tomato___Target_Spot,9.975562716135755e-05
TRACK_A_INTERNAL,Tomato,tomato,tomato_plantvillage,D:\CropDiseaseProject\tomato_plantvillage\Tomato___Late_blight\1eacb98a-d88b-4e86-bbb8-19ec6a4e6c67___GHLB2 Leaf 148.2.JPG,Tomato___Late_blight,2,Tomato___Late_blight,2,True,0.9999707937240601,0.9999707937240601,Tomato___Early_blight,2.442362892907113e-05,Tomato___Target_Spot,1.3401429441728396e-06
TRACK_A_INTERNAL,Tomato,tomato,tomato_plantvillage,D:\CropDiseaseProject\tomato_plantvillage\Tomato___Late_blight\d26fdac6-4355-4875-8c27-ebb1eaa50a8d___RS_Late.B 5119.JPG,Tomato___Late_blight,2,Tomato___Late_blight,2,True,0.9999814033508301,0.9999814033508301,Tomato___Leaf_Mold,1.8265538528794423e-05,Tomato___Early_blight,2.849025122486637e-07
TRACK_A_INTERNAL,Tomato,tomato,tomato_plantvillage,D:\CropDiseaseProject\tomato_plantvillage\Tomato___Late_blight\a5ef7726-d20f-4109-985f-7fc8989e4aa5___GHLB_PS Leaf 2.2 Day 8.jpg,Tomato___Late_blight,2,Tomato___Late_blight,2,True,0.9999967813491821,0.9999967813491821,Tomato___Tomato_Yellow_Leaf_Curl_Virus,1.6015233086363878e-06,Tomato___Early_blight,1.3957563851363375e-06
TRACK_A_INTERNAL,Tomato,tomato,tomato_plantvillage,D:\CropDiseaseProject\tomato_plantvillage\Tomato___Late_blight\34bd18fa-d898-40d4-83ed-665caabed7d0___RS_Late.B 5113.JPG,Tomato___Late_blight,2,Tomato___Late_blight,2,True,0.9562228918075562,0.9562228918075562,Tomato___Early_blight,0.025199223309755325,Tomato___Target_Spot,0.014341947622597218
TRACK_A_INTERNAL,Tomato,tomato,tomato_plantvillage,D:\CropDiseaseProject\tomato_plantvillage\Tomato___Late_blight\26fa9fb7-10fa-496c-9433-e4053ff456da___RS_Late.B 4867.JPG,Tomato___Late_blight,2,Tomato___Leaf_Mold,3,False,0.4438726007938385,0.3103817105293274,Tomato___Late_blight,0.3103817105293274,Tomato___Early_blight,0.11746549606323242
TRACK_A_INTERNAL,Tomato,tomato,tomato_plantvillage,D:\CropDiseaseProject\tomato_plantvillage\Tomato___Late_blight\64a054b2-4375-48ff-aca3-f823d64d831e___RS_Late.B 7123.JPG,Tomato___Late_blight,2,Tomato___Late_blight,2,True,0.577437698841095,0.577437698841095,Tomato___Septoria_leaf_spot,0.20237480103969574,Tomato___Target_Spot,0.18168462812900543
TRACK_A_INTERNAL,Tomato,tomato,tomato_plantvillage,D:\CropDiseaseProject\tomato_plantvillage\Tomato___Late_blight\2850266c-aca2-4114-807f-a5b90ad012e5___GHLB Leaf 9 Day 6.JPG,Tomato___Late_blight,2,Tomato___Late_blight,2,True,0.8512178659439087,0.8512178659439087,Tomato___Bacterial_spot,0.1463155746459961,Tomato___Early_blight,0.0018571455730125308
TRACK_A_INTERNAL,Tomato,tomato,tomato_plantvillage,D:\CropDiseaseProject\tomato_plantvillage\Tomato___Late_blight\3d89871d-557a-414e-b726-8f4ba18d30e4___GHLB2 Leaf 8922.JPG,Tomato___Late_blight,2,Tomato___Late_blight,2,True,0.9642847180366516,0.9642847180366516,Tomato___Leaf_Mold,0.029332485049962997,Tomato___Bacterial_spot,0.005881094839423895
TRACK_A_INTERNAL,Tomato,tomato,tomato_plantvillage,D:\CropDiseaseProject\tomato_plantvillage\Tomato___Late_blight\e58ca54a-9a89-4a92-9869-dc3273e769d9___GHLB2 Leaf 113.2.JPG,Tomato___Late_blight,2,Tomato___Late_blight,2,True,0.9991015195846558,0.9991015195846558,Tomato___Early_blight,0.0005026105209253728,Tomato___Bacterial_spot,0.00038124207640066743
TRACK_A_INTERNAL,Tomato,tomato,tomato_plantvillage,D:\CropDiseaseProject\tomato_plantvillage\Tomato___Late_blight\6c0403af-46da-424a-bb2e-98610e1b11b1___GHLB_PS Leaf 38 Day 16.jpg,Tomato___Late_blight,2,Tomato___Late_blight,2,True,0.9999895095825195,0.9999895095825195,Tomato___Early_blight,9.806128218770027e-06,Tomato___Bacterial_spot,2.3548231808945275e-07
TRACK_A_INTERNAL,Tomato,tomato,tomato_plantvillage,D:\CropDiseaseProject\tomato_plantvillage\Tomato___Late_blight\5a7059b0-82e8-441e-8d8a-02521d0fa602___GHLB2 Leaf 9058.JPG,Tomato___Late_blight,2,Tomato___Late_blight,2,True,0.9738467931747437,0.9738467931747437,Tomato___healthy,0.012846987694501877,Tomato___Septoria_leaf_spot,0.005692380480468273
TRACK_A_INTERNAL,Tomato,tomato,tomato_plantvillage,D:\CropDiseaseProject\tomato_plantvillage\Tomato___Late_blight\2798c7ea-850e-49a7-b304-3114c60c6baf___RS_Late.B 7141.JPG,Tomato___Late_blight,2,Tomato___Late_blight,2,True,0.9897792935371399,0.9897792935371399,Tomato___Early_blight,0.005315650254487991,Tomato___Septoria_leaf_spot,0.002816540189087391
TRACK_A_INTERNAL,Tomato,tomato,tomato_plantvillage,D:\CropDiseaseProject\tomato_plantvillage\Tomato___Late_blight\7a08fe4d-cb32-4a4e-861e-249e582fb8c8___GHLB2 Leaf 8820.JPG,Tomato___Late_blight,2,Tomato___Late_blight,2,True,0.914691150188446,0.914691150188446,Tomato___Septoria_leaf_spot,0.0430699847638607,Tomato___Bacterial_spot,0.0346476212143898
TRACK_A_INTERNAL,Tomato,tomato,tomato_plantvillage,D:\CropDiseaseProject\tomato_plantvillage\Tomato___Late_blight\9bb49d22-976d-40c3-bc9a-bff5cbbd8e28___RS_Late.B 5057.JPG,Tomato___Late_blight,2,Tomato___Late_blight,2,True,0.990111768245697,0.990111768245697,Tomato___Leaf_Mold,0.009715286083519459,Tomato___Spider_mites Two-spotted_spider_mite,0.00015023545711301267
TRACK_A_INTERNAL,Tomato,tomato,tomato_plantvillage,D:\CropDiseaseProject\tomato_plantvillage\Tomato___Leaf_Mold\1c03ffcb-9476-453c-96be-5bd1f629b2d1___Crnl_L.Mold 8853.JPG,Tomato___Leaf_Mold,3,Tomato___Leaf_Mold,3,True,0.920951247215271,0.920951247215271,Tomato___Target_Spot,0.0515005849301815,Tomato___Late_blight,0.014457077719271183
TRACK_A_INTERNAL,Tomato,tomato,tomato_plantvillage,D:\CropDiseaseProject\tomato_plantvillage\Tomato___Leaf_Mold\731cf3e6-e1a9-4258-9679-d7502ad51914___Crnl_L.Mold 7127.JPG,Tomato___Leaf_Mold,3,Tomato___Leaf_Mold,3,True,0.9902127385139465,0.9902127385139465,Tomato___Late_blight,0.007708526682108641,Tomato___Tomato_Yellow_Leaf_Curl_Virus,0.0019853957928717136
TRACK_A_INTERNAL,Tomato,tomato,tomato_plantvillage,D:\CropDiseaseProject\tomato_plantvillage\Tomato___Leaf_Mold\9088e27c-b60b-476c-a924-929058038fa1___Crnl_L.Mold 7167.JPG,Tomato___Leaf_Mold,3,Tomato___Leaf_Mold,3,True,0.9921557307243347,0.9921557307243347,Tomato___Late_blight,0.007077149115502834,Tomato___Tomato_Yellow_Leaf_Curl_Virus,0.0004718463751487434
TRACK_A_INTERNAL,Tomato,tomato,tomato_plantvillage,D:\CropDiseaseProject\tomato_plantvillage\Tomato___Leaf_Mold\866d57df-74c8-4546-9f82-d03b3c554556___Crnl_L.Mold 8981.JPG,Tomato___Leaf_Mold,3,Tomato___Leaf_Mold,3,True,0.9294408559799194,0.9294408559799194,Tomato___Bacterial_spot,0.0694231167435646,Tomato___Septoria_leaf_spot,0.00032079388620331883
TRACK_A_INTERNAL,Tomato,tomato,tomato_plantvillage,D:\CropDiseaseProject\tomato_plantvillage\Tomato___Leaf_Mold\790cfb1d-4926-46bb-bd50-b750e823c72a___Crnl_L.Mold 7130.JPG,Tomato___Leaf_Mold,3,Tomato___Leaf_Mold,3,True,0.9989616870880127,0.9989616870880127,Tomato___Late_blight,0.0009302199468947947,Tomato___Bacterial_spot,5.3544907132163644e-05
TRACK_A_INTERNAL,Tomato,tomato,tomato_plantvillage,D:\CropDiseaseProject\tomato_plantvillage\Tomato___Leaf_Mold\41a6e837-7822-447c-b887-3be149d58322___Crnl_L.Mold 7100.JPG,Tomato___Leaf_Mold,3,Tomato___Leaf_Mold,3,True,0.9999998807907104,0.9999998807907104,Tomato___Tomato_Yellow_Leaf_Curl_Virus,6.264636454034189e-08,Tomato___Late_blight,1.6498059807190657e-08
TRACK_A_INTERNAL,Tomato,tomato,tomato_plantvillage,D:\CropDiseaseProject\tomato_plantvillage\Tomato___Leaf_Mold\b26fc8e6-5d9f-4b96-b02b-f048c4b9e05a___Crnl_L.Mold 6735.JPG,Tomato___Leaf_Mold,3,Tomato___Leaf_Mold,3,True,0.7330126166343689,0.7330126166343689,Tomato___Spider_mites Two-spotted_spider_mite,0.2541730999946594,Tomato___Target_Spot,0.009038458578288555
TRACK_A_INTERNAL,Tomato,tomato,tomato_plantvillage,D:\CropDiseaseProject\tomato_plantvillage\Tomato___Leaf_Mold\bccf2fe9-b834-47bf-b0c3-ecdc41c56614___Crnl_L.Mold 6523.JPG,Tomato___Leaf_Mold,3,Tomato___Leaf_Mold,3,True,0.7391687631607056,0.7391687631607056,Tomato___Target_Spot,0.09816274791955948,Tomato___Spider_mites Two-spotted_spider_mite,0.08625776320695877
TRACK_A_INTERNAL,Tomato,tomato,tomato_plantvillage,D:\CropDiseaseProject\tomato_plantvillage\Tomato___Leaf_Mold\4b6a59ef-a004-4581-a2c4-d8f94893817e___Crnl_L.Mold 6541.JPG,Tomato___Leaf_Mold,3,Tomato___Leaf_Mold,3,True,0.7589209079742432,0.7589209079742432,Tomato___Late_blight,0.07650967687368393,Tomato___Early_blight,0.04890778288245201
TRACK_A_INTERNAL,Tomato,tomato,tomato_plantvillage,D:\CropDiseaseProject\tomato_plantvillage\Tomato___Leaf_Mold\9857cf56-43fc-40a6-8108-e6a9c10a8ef2___Crnl_L.Mold 9141.JPG,Tomato___Leaf_Mold,3,Tomato___Leaf_Mold,3,True,0.974364161491394,0.974364161491394,Tomato___Early_blight,0.021467862650752068,Tomato___Bacterial_spot,0.0037360438145697117
TRACK_A_INTERNAL,Tomato,tomato,tomato_plantvillage,D:\CropDiseaseProject\tomato_plantvillage\Tomato___Leaf_Mold\b9beb5ed-0e80-4a9f-bcec-0be7abc6904d___Crnl_L.Mold 7152.JPG,Tomato___Leaf_Mold,3,Tomato___Leaf_Mold,3,True,0.9631521105766296,0.9631521105766296,Tomato___Late_blight,0.018261022865772247,Tomato___Early_blight,0.007773884572088718
TRACK_A_INTERNAL,Tomato,tomato,tomato_plantvillage,D:\CropDiseaseProject\tomato_plantvillage\Tomato___Leaf_Mold\ae6c81b2-412e-417e-8448-e18214edc049___Crnl_L.Mold 6895.JPG,Tomato___Leaf_Mold,3,Tomato___Leaf_Mold,3,True,0.796615719795227,0.796615719795227,Tomato___Tomato_Yellow_Leaf_Curl_Virus,0.14935043454170227,Tomato___Late_blight,0.04591286927461624
TRACK_A_INTERNAL,Tomato,tomato,tomato_plantvillage,D:\CropDiseaseProject\tomato_plantvillage\Tomato___Leaf_Mold\18488cdf-a5d7-43ff-8dfe-8250e1a04820___Crnl_L.Mold 6939.JPG,Tomato___Leaf_Mold,3,Tomato___Leaf_Mold,3,True,0.999588668346405,0.999588668346405,Tomato___Late_blight,0.0003338514652568847,Tomato___Spider_mites Two-spotted_spider_mite,4.322193854022771e-05
TRACK_A_INTERNAL,Tomato,tomato,tomato_plantvillage,D:\CropDiseaseProject\tomato_plantvillage\Tomato___Leaf_Mold\df78e8cb-8fc5-4682-ab5c-f265b4e8d97e___Crnl_L.Mold 8619.JPG,Tomato___Leaf_Mold,3,Tomato___Early_blight,1,False,0.5599876046180725,0.0372539758682251,Tomato___Target_Spot,0.1885087937116623,Tomato___Spider_mites Two-spotted_spider_mite,0.15534888207912445
TRACK_A_INTERNAL,Tomato,tomato,tomato_plantvillage,D:\CropDiseaseProject\tomato_plantvillage\Tomato___Leaf_Mold\8bc3ccca-a312-4d14-a412-4c1726cdace9___Crnl_L.Mold 8802.JPG,Tomato___Leaf_Mold,3,Tomato___Leaf_Mold,3,True,0.8204516768455505,0.8204516768455505,Tomato___Septoria_leaf_spot,0.08152104169130325,Tomato___Tomato_mosaic_virus,0.06324762105941772
TRACK_A_INTERNAL,Tomato,tomato,tomato_plantvillage,D:\CropDiseaseProject\tomato_plantvillage\Tomato___Leaf_Mold\06885d98-1412-4073-8800-9da44c3935c6___Crnl_L.Mold 6794.JPG,Tomato___Leaf_Mold,3,Tomato___Leaf_Mold,3,True,0.9439031481742859,0.9439031481742859,Tomato___Early_blight,0.03058776818215847,Tomato___Septoria_leaf_spot,0.02265600860118866
TRACK_A_INTERNAL,Tomato,tomato,tomato_plantvillage,D:\CropDiseaseProject\tomato_plantvillage\Tomato___Leaf_Mold\974bc246-0ab0-4a54-95c8-dd0b557f676b___Crnl_L.Mold 7059.JPG,Tomato___Leaf_Mold,3,Tomato___Early_blight,1,False,0.4492882192134857,0.3031070828437805,Tomato___Leaf_Mold,0.3031070828437805,Tomato___Late_blight,0.22480323910713196
TRACK_A_INTERNAL,Tomato,tomato,tomato_plantvillage,D:\CropDiseaseProject\tomato_plantvillage\Tomato___Leaf_Mold\cd0904a9-a70f-487c-bcc3-18b26a574837___Crnl_L.Mold 8803.JPG,Tomato___Leaf_Mold,3,Tomato___Leaf_Mold,3,True,0.9891335368156433,0.9891335368156433,Tomato___Late_blight,0.007554386276751757,Tomato___Septoria_leaf_spot,0.001879005809314549
TRACK_A_INTERNAL,Tomato,tomato,tomato_plantvillage,D:\CropDiseaseProject\tomato_plantvillage\Tomato___Leaf_Mold\c3bd29d2-8770-4897-8554-ccba8fcc387e___Crnl_L.Mold 7154.JPG,Tomato___Leaf_Mold,3,Tomato___Leaf_Mold,3,True,0.999909520149231,0.999909520149231,Tomato___Tomato_mosaic_virus,6.148489046609029e-05,Tomato___Late_blight,1.5031568182166666e-05
TRACK_A_INTERNAL,Tomato,tomato,tomato_plantvillage,D:\CropDiseaseProject\tomato_plantvillage\Tomato___Leaf_Mold\625e4181-9290-45e1-986c-1c168d912a6d___Crnl_L.Mold 9017.JPG,Tomato___Leaf_Mold,3,Tomato___Leaf_Mold,3,True,0.6140937805175781,0.6140937805175781,Tomato___Late_blight,0.2438729852437973,Tomato___Early_blight,0.11594638228416443
TRACK_A_INTERNAL,Tomato,tomato,tomato_plantvillage,D:\CropDiseaseProject\tomato_plantvillage\Tomato___Leaf_Mold\1b35b99c-c7c0-4f2c-975e-148e4b6e18b3___Crnl_L.Mold 8820.JPG,Tomato___Leaf_Mold,3,Tomato___Target_Spot,6,False,0.25751200318336487,0.17252929508686066,Tomato___Bacterial_spot,0.1906426101922989,Tomato___Early_blight,0.18347929418087006
TRACK_A_INTERNAL,Tomato,tomato,tomato_plantvillage,D:\CropDiseaseProject\tomato_plantvillage\Tomato___Leaf_Mold\32e7769c-b63c-413a-a623-deebcdb2ec82___Crnl_L.Mold 8757.JPG,Tomato___Leaf_Mold,3,Tomato___Leaf_Mold,3,True,0.9788975715637207,0.9788975715637207,Tomato___Tomato_Yellow_Leaf_Curl_Virus,0.010886242613196373,Tomato___Late_blight,0.004533657804131508
TRACK_A_INTERNAL,Tomato,tomato,tomato_plantvillage,D:\CropDiseaseProject\tomato_plantvillage\Tomato___Leaf_Mold\d633dfc9-74f2-4fbc-b540-3b87a53807d0___Crnl_L.Mold 9106.JPG,Tomato___Leaf_Mold,3,Tomato___Leaf_Mold,3,True,0.9941067695617676,0.9941067695617676,Tomato___Late_blight,0.0024695941247045994,Tomato___Spider_mites Two-spotted_spider_mite,0.002467502374202013
TRACK_A_INTERNAL,Tomato,tomato,tomato_plantvillage,D:\CropDiseaseProject\tomato_plantvillage\Tomato___Leaf_Mold\a6bf45f7-1928-4a3a-98cc-74c4b948cb4d___Crnl_L.Mold 8834.JPG,Tomato___Leaf_Mold,3,Tomato___Leaf_Mold,3,True,0.4771474003791809,0.4771474003791809,Tomato___Late_blight,0.24703224003314972,Tomato___Target_Spot,0.12217564880847931
TRACK_A_INTERNAL,Tomato,tomato,tomato_plantvillage,D:\CropDiseaseProject\tomato_plantvillage\Tomato___Leaf_Mold\38393031-c7ba-4221-b435-69047e14bff5___Crnl_L.Mold 8776.JPG,Tomato___Leaf_Mold,3,Tomato___Leaf_Mold,3,True,0.8129134178161621,0.8129134178161621,Tomato___Late_blight,0.18273533880710602,Tomato___Septoria_leaf_spot,0.0030623532366007566
TRACK_A_INTERNAL,Tomato,tomato,tomato_plantvillage,D:\CropDiseaseProject\tomato_plantvillage\Tomato___Leaf_Mold\167ce5ce-ef32-4544-a7aa-d05d315ef61a___Crnl_L.Mold 9113.JPG,Tomato___Leaf_Mold,3,Tomato___Leaf_Mold,3,True,0.7555575370788574,0.7555575370788574,Tomato___Late_blight,0.2424326241016388,Tomato___Early_blight,0.001855399226769805
TRACK_A_INTERNAL,Tomato,tomato,tomato_plantvillage,D:\CropDiseaseProject\tomato_plantvillage\Tomato___Leaf_Mold\4fbc277e-5998-48c1-922d-c3f2e070f9d6___Crnl_L.Mold 6593.JPG,Tomato___Leaf_Mold,3,Tomato___Spider_mites Two-spotted_spider_mite,5,False,0.49090200662612915,0.11911582946777344,Tomato___Target_Spot,0.2880050241947174,Tomato___Leaf_Mold,0.11911582946777344
TRACK_A_INTERNAL,Tomato,tomato,tomato_plantvillage,D:\CropDiseaseProject\tomato_plantvillage\Tomato___Leaf_Mold\7922fafa-294f-4a34-999a-040d1a1a1d44___Crnl_L.Mold 6771.JPG,Tomato___Leaf_Mold,3,Tomato___Target_Spot,6,False,0.3574177026748657,0.2073061168193817,Tomato___Leaf_Mold,0.2073061168193817,Tomato___Bacterial_spot,0.20441383123397827
TRACK_A_INTERNAL,Tomato,tomato,tomato_plantvillage,D:\CropDiseaseProject\tomato_plantvillage\Tomato___Leaf_Mold\8fcfbfee-f57a-49f7-9f68-19b4b1d5ca98___Crnl_L.Mold 6498.JPG,Tomato___Leaf_Mold,3,Tomato___Spider_mites Two-spotted_spider_mite,5,False,0.9201911687850952,0.04756077006459236,Tomato___Leaf_Mold,0.04756077006459236,Tomato___Target_Spot,0.016574831679463387
TRACK_A_INTERNAL,Tomato,tomato,tomato_plantvillage,D:\CropDiseaseProject\tomato_plantvillage\Tomato___Leaf_Mold\8b30edb3-09a7-4419-a06a-9dddb5194a38___Crnl_L.Mold 8847.JPG,Tomato___Leaf_Mold,3,Tomato___Leaf_Mold,3,True,0.910302996635437,0.910302996635437,Tomato___Septoria_leaf_spot,0.04378654435276985,Tomato___Tomato_mosaic_virus,0.016476280987262726
TRACK_A_INTERNAL,Tomato,tomato,tomato_plantvillage,D:\CropDiseaseProject\tomato_plantvillage\Tomato___Septoria_leaf_spot\fb69b46d-32bd-4d11-a60f-7eec788523c2___Matt.S_CG 6278.JPG,Tomato___Septoria_leaf_spot,4,Tomato___Septoria_leaf_spot,4,True,0.9728083610534668,0.9728083610534668,Tomato___Bacterial_spot,0.026961572468280792,Tomato___Early_blight,0.00022726623865310103
TRACK_A_INTERNAL,Tomato,tomato,tomato_plantvillage,D:\CropDiseaseProject\tomato_plantvillage\Tomato___Septoria_leaf_spot\788de778-60e8-42ba-88ad-36440bdd5fa7___Matt.S_CG 6057.JPG,Tomato___Septoria_leaf_spot,4,Tomato___Septoria_leaf_spot,4,True,0.6264384984970093,0.6264384984970093,Tomato___Early_blight,0.20380982756614685,Tomato___Late_blight,0.13365381956100464
TRACK_A_INTERNAL,Tomato,tomato,tomato_plantvillage,D:\CropDiseaseProject\tomato_plantvillage\Tomato___Septoria_leaf_spot\a05152d0-46be-4016-b398-8c3edd794070___Matt.S_CG 6848.JPG,Tomato___Septoria_leaf_spot,4,Tomato___Septoria_leaf_spot,4,True,0.9249532222747803,0.9249532222747803,Tomato___Early_blight,0.03199143335223198,Tomato___Bacterial_spot,0.024453507736325264
TRACK_A_INTERNAL,Tomato,tomato,tomato_plantvillage,D:\CropDiseaseProject\tomato_plantvillage\Tomato___Septoria_leaf_spot\a90aa234-3af2-4fe7-b8eb-415427e16700___Matt.S_CG 2484.JPG,Tomato___Septoria_leaf_spot,4,Tomato___Septoria_leaf_spot,4,True,0.99604332447052,0.99604332447052,Tomato___Early_blight,0.0016803172184154391,Tomato___Bacterial_spot,0.0008536032983101904
TRACK_A_INTERNAL,Tomato,tomato,tomato_plantvillage,D:\CropDiseaseProject\tomato_plantvillage\Tomato___Septoria_leaf_spot\44eb0d62-ff10-4a60-bd2f-fc74300474b3___JR_Sept.L.S 2495.JPG,Tomato___Septoria_leaf_spot,4,Tomato___Septoria_leaf_spot,4,True,0.9545948505401611,0.9545948505401611,Tomato___Bacterial_spot,0.01641380414366722,Tomato___Target_Spot,0.015026681125164032
TRACK_A_INTERNAL,Tomato,tomato,tomato_plantvillage,D:\CropDiseaseProject\tomato_plantvillage\Tomato___Septoria_leaf_spot\8d9de432-48bb-4a21-9288-6ea97064edb8___Keller.St_CG 1917.JPG,Tomato___Septoria_leaf_spot,4,Tomato___Septoria_leaf_spot,4,True,0.9993422627449036,0.9993422627449036,Tomato___Bacterial_spot,0.00029999070102348924,Tomato___Late_blight,0.00018282832752447575
TRACK_A_INTERNAL,Tomato,tomato,tomato_plantvillage,D:\CropDiseaseProject\tomato_plantvillage\Tomato___Septoria_leaf_spot\7a7c032c-bc58-43c0-9bf7-26be8baf2660___Matt.S_CG 7605.JPG,Tomato___Septoria_leaf_spot,4,Tomato___Septoria_leaf_spot,4,True,0.8166888952255249,0.8166888952255249,Tomato___Target_Spot,0.11462818831205368,Tomato___Early_blight,0.04513709247112274
TRACK_A_INTERNAL,Tomato,tomato,tomato_plantvillage,D:\CropDiseaseProject\tomato_plantvillage\Tomato___Septoria_leaf_spot\557ea0dc-f4bd-416f-9faa-e0c894c9d440___Matt.S_CG 7564.JPG,Tomato___Septoria_leaf_spot,4,Tomato___Septoria_leaf_spot,4,True,0.9419907927513123,0.9419907927513123,Tomato___healthy,0.026178494095802307,Tomato___Target_Spot,0.011924879625439644
TRACK_A_INTERNAL,Tomato,tomato,tomato_plantvillage,D:\CropDiseaseProject\tomato_plantvillage\Tomato___Septoria_leaf_spot\85d15808-c090-4c65-9994-cb98f581f9a2___Matt.S_CG 2739.JPG,Tomato___Septoria_leaf_spot,4,Tomato___Septoria_leaf_spot,4,True,0.9754611849784851,0.9754611849784851,Tomato___Bacterial_spot,0.012559227645397186,Tomato___Target_Spot,0.006832127925008535
TRACK_A_INTERNAL,Tomato,tomato,tomato_plantvillage,D:\CropDiseaseProject\tomato_plantvillage\Tomato___Septoria_leaf_spot\e99379ba-b894-4930-bd39-49298c466fec___Matt.S_CG 7492.JPG,Tomato___Septoria_leaf_spot,4,Tomato___Septoria_leaf_spot,4,True,0.9947506785392761,0.9947506785392761,Tomato___Early_blight,0.0025038919411599636,Tomato___Target_Spot,0.0019491795683279634
TRACK_A_INTERNAL,Tomato,tomato,tomato_plantvillage,D:\CropDiseaseProject\tomato_plantvillage\Tomato___Septoria_leaf_spot\28ca18e3-f052-4f70-be05-022fc662a641___JR_Sept.L.S 2651.JPG,Tomato___Septoria_leaf_spot,4,Tomato___Septoria_leaf_spot,4,True,0.8515099883079529,0.8515099883079529,Tomato___Early_blight,0.048294972628355026,Tomato___Bacterial_spot,0.04218316078186035
TRACK_A_INTERNAL,Tomato,tomato,tomato_plantvillage,D:\CropDiseaseProject\tomato_plantvillage\Tomato___Septoria_leaf_spot\772645d9-842a-45e8-b5d0-910e46be059e___Matt.S_CG 7515.JPG,Tomato___Septoria_leaf_spot,4,Tomato___Septoria_leaf_spot,4,True,0.9996563196182251,0.9996563196182251,Tomato___Early_blight,0.00021675863536074758,Tomato___Bacterial_spot,8.404008258366957e-05
TRACK_A_INTERNAL,Tomato,tomato,tomato_plantvillage,D:\CropDiseaseProject\tomato_plantvillage\Tomato___Septoria_leaf_spot\a654c03b-c0d9-4605-9e21-a91a19ce0466___Matt.S_CG 6135.JPG,Tomato___Septoria_leaf_spot,4,Tomato___Septoria_leaf_spot,4,True,0.9587231278419495,0.9587231278419495,Tomato___Tomato_mosaic_virus,0.031012900173664093,Tomato___Early_blight,0.004579088184982538
TRACK_A_INTERNAL,Tomato,tomato,tomato_plantvillage,D:\CropDiseaseProject\tomato_plantvillage\Tomato___Septoria_leaf_spot\0b4886e5-a065-44c1-aa19-bd166922d3de___JR_Sept.L.S 8498.JPG,Tomato___Septoria_leaf_spot,4,Tomato___Septoria_leaf_spot,4,True,0.9993640780448914,0.9993640780448914,Tomato___Spider_mites Two-spotted_spider_mite,0.0003070728271268308,Tomato___Late_blight,0.0001600772957317531
TRACK_A_INTERNAL,Tomato,tomato,tomato_plantvillage,D:\CropDiseaseProject\tomato_plantvillage\Tomato___Septoria_leaf_spot\4b0ff251-1da4-4f9c-bf92-46441043c6cf___Keller.St_CG 1951.JPG,Tomato___Septoria_leaf_spot,4,Tomato___Septoria_leaf_spot,4,True,0.8780621290206909,0.8780621290206909,Tomato___Early_blight,0.06560107320547104,Tomato___Target_Spot,0.02884884923696518
TRACK_A_INTERNAL,Tomato,tomato,tomato_plantvillage,D:\CropDiseaseProject\tomato_plantvillage\Tomato___Septoria_leaf_spot\c949bf08-d9f7-451c-8a98-4eab25bd6236___Matt.S_CG 6272.JPG,Tomato___Septoria_leaf_spot,4,Tomato___Septoria_leaf_spot,4,True,0.9995947480201721,0.9995947480201721,Tomato___Bacterial_spot,0.0003408253251109272,Tomato___Early_blight,6.336926890071481e-05
TRACK_A_INTERNAL,Tomato,tomato,tomato_plantvillage,D:\CropDiseaseProject\tomato_plantvillage\Tomato___Septoria_leaf_spot\d47c8ffb-e42f-4bad-a87a-0a902c75bbc9___Matt.S_CG 1255.JPG,Tomato___Septoria_leaf_spot,4,Tomato___Septoria_leaf_spot,4,True,0.7904895544052124,0.7904895544052124,Tomato___Bacterial_spot,0.20748189091682434,Tomato___Tomato_Yellow_Leaf_Curl_Virus,0.0007441214402206242
TRACK_A_INTERNAL,Tomato,tomato,tomato_plantvillage,D:\CropDiseaseProject\tomato_plantvillage\Tomato___Septoria_leaf_spot\6e585c69-cde5-4a6c-ac40-24951f72e16a___Keller.St_CG 1964.JPG,Tomato___Septoria_leaf_spot,4,Tomato___Septoria_leaf_spot,4,True,0.9794508814811707,0.9794508814811707,Tomato___Early_blight,0.013016216456890106,Tomato___Bacterial_spot,0.0067763905972242355
TRACK_A_INTERNAL,Tomato,tomato,tomato_plantvillage,D:\CropDiseaseProject\tomato_plantvillage\Tomato___Septoria_leaf_spot\0806cabf-f026-43bd-a508-0e8e5a185341___Matt.S_CG 1266.JPG,Tomato___Septoria_leaf_spot,4,Tomato___Septoria_leaf_spot,4,True,0.9636417031288147,0.9636417031288147,Tomato___Tomato_Yellow_Leaf_Curl_Virus,0.017234396189451218,Tomato___Bacterial_spot,0.016908468678593636
TRACK_A_INTERNAL,Tomato,tomato,tomato_plantvillage,D:\CropDiseaseProject\tomato_plantvillage\Tomato___Septoria_leaf_spot\ba0b33b8-1915-4e1b-a979-081d7c6231e2___JR_Sept.L.S 8451.JPG,Tomato___Septoria_leaf_spot,4,Tomato___Septoria_leaf_spot,4,True,0.9798760414123535,0.9798760414123535,Tomato___Late_blight,0.009507006965577602,Tomato___Spider_mites Two-spotted_spider_mite,0.003683165879920125
TRACK_A_INTERNAL,Tomato,tomato,tomato_plantvillage,D:\CropDiseaseProject\tomato_plantvillage\Tomato___Septoria_leaf_spot\531f8d45-f21f-4e5e-ad6f-0f4e64440b58___Keller.St_CG 1899.JPG,Tomato___Septoria_leaf_spot,4,Tomato___Septoria_leaf_spot,4,True,0.9246254563331604,0.9246254563331604,Tomato___Late_blight,0.031589433550834656,Tomato___Bacterial_spot,0.030059760436415672
TRACK_A_INTERNAL,Tomato,tomato,tomato_plantvillage,D:\CropDiseaseProject\tomato_plantvillage\Tomato___Septoria_leaf_spot\b176a644-d8ac-4bdd-9d6b-e4038ce910ac___Matt.S_CG 6914.JPG,Tomato___Septoria_leaf_spot,4,Tomato___Septoria_leaf_spot,4,True,0.9750915169715881,0.9750915169715881,Tomato___Bacterial_spot,0.010688133537769318,Tomato___Leaf_Mold,0.004293126054108143
TRACK_A_INTERNAL,Tomato,tomato,tomato_plantvillage,D:\CropDiseaseProject\tomato_plantvillage\Tomato___Septoria_leaf_spot\18927674-9831-4c32-83ed-7b194445c824___Matt.S_CG 1602.JPG,Tomato___Septoria_leaf_spot,4,Tomato___Septoria_leaf_spot,4,True,0.9434221386909485,0.9434221386909485,Tomato___Target_Spot,0.0505717433989048,Tomato___healthy,0.0018509053625166416
TRACK_A_INTERNAL,Tomato,tomato,tomato_plantvillage,D:\CropDiseaseProject\tomato_plantvillage\Tomato___Septoria_leaf_spot\173f882f-3ba1-49d2-ab0d-ca8232baf2a5___Matt.S_CG 6133.JPG,Tomato___Septoria_leaf_spot,4,Tomato___Septoria_leaf_spot,4,True,0.5521189570426941,0.5521189570426941,Tomato___Bacterial_spot,0.4395950138568878,Tomato___Early_blight,0.005715965759009123
TRACK_A_INTERNAL,Tomato,tomato,tomato_plantvillage,D:\CropDiseaseProject\tomato_plantvillage\Tomato___Septoria_leaf_spot\8a5a6fa0-17f1-42da-b7ee-406783e8666b___JR_Sept.L.S 8411.JPG,Tomato___Septoria_leaf_spot,4,Tomato___Septoria_leaf_spot,4,True,0.9576789736747742,0.9576789736747742,Tomato___Early_blight,0.03739647567272186,Tomato___Late_blight,0.0015093613183125854
TRACK_A_INTERNAL,Tomato,tomato,tomato_plantvillage,D:\CropDiseaseProject\tomato_plantvillage\Tomato___Septoria_leaf_spot\aed8e4ba-1ea2-4258-86d1-621bb13dd029___JR_Sept.L.S 2456.JPG,Tomato___Septoria_leaf_spot,4,Tomato___Spider_mites Two-spotted_spider_mite,5,False,0.5912092924118042,0.03709046170115471,Tomato___Leaf_Mold,0.22650869190692902,Tomato___Target_Spot,0.08936784416437149
TRACK_A_INTERNAL,Tomato,tomato,tomato_plantvillage,D:\CropDiseaseProject\tomato_plantvillage\Tomato___Septoria_leaf_spot\dc98cddf-6178-4199-8e81-d5e3987f67b6___Matt.S_CG 6335.JPG,Tomato___Septoria_leaf_spot,4,Tomato___Septoria_leaf_spot,4,True,0.9968394041061401,0.9968394041061401,Tomato___Early_blight,0.0026780678890645504,Tomato___Bacterial_spot,0.0004810157115571201
TRACK_A_INTERNAL,Tomato,tomato,tomato_plantvillage,D:\CropDiseaseProject\tomato_plantvillage\Tomato___Septoria_leaf_spot\82de2fc1-0ff9-4711-a89d-35db440d2078___JR_Sept.L.S 8564.JPG,Tomato___Septoria_leaf_spot,4,Tomato___Septoria_leaf_spot,4,True,0.9277805685997009,0.9277805685997009,Tomato___Target_Spot,0.03321868181228638,Tomato___Bacterial_spot,0.030332913622260094
TRACK_A_INTERNAL,Tomato,tomato,tomato_plantvillage,D:\CropDiseaseProject\tomato_plantvillage\Tomato___Septoria_leaf_spot\f848dd07-4247-4135-a442-91dde43ae49c___Keller.St_CG 2022.JPG,Tomato___Septoria_leaf_spot,4,Tomato___Septoria_leaf_spot,4,True,0.9889653921127319,0.9889653921127319,Tomato___Bacterial_spot,0.005400710739195347,Tomato___Early_blight,0.001265995786525309
TRACK_A_INTERNAL,Tomato,tomato,tomato_plantvillage,D:\CropDiseaseProject\tomato_plantvillage\Tomato___Septoria_leaf_spot\b57b5e78-5d2c-4e9d-9e53-f9becb02e6a7___Keller.St_CG 1842.JPG,Tomato___Septoria_leaf_spot,4,Tomato___Septoria_leaf_spot,4,True,0.8773382902145386,0.8773382902145386,Tomato___Early_blight,0.07075691223144531,Tomato___Bacterial_spot,0.0398407056927681
TRACK_A_INTERNAL,Tomato,tomato,tomato_plantvillage,D:\CropDiseaseProject\tomato_plantvillage\Tomato___Spider_mites Two-spotted_spider_mite\d8897927-b800-4192-9669-be4b05195993___Com.G_SpM_FL 1464.JPG,Tomato___Spider_mites Two-spotted_spider_mite,5,Tomato___Target_Spot,6,False,0.6418287754058838,0.2763650417327881,Tomato___Spider_mites Two-spotted_spider_mite,0.2763650417327881,Tomato___healthy,0.06434463709592819
TRACK_A_INTERNAL,Tomato,tomato,tomato_plantvillage,D:\CropDiseaseProject\tomato_plantvillage\Tomato___Spider_mites Two-spotted_spider_mite\0b891169-2116-431d-968f-d2a36bb69243___Com.G_SpM_FL 1743.JPG,Tomato___Spider_mites Two-spotted_spider_mite,5,Tomato___Spider_mites Two-spotted_spider_mite,5,True,0.9598184823989868,0.9598184823989868,Tomato___healthy,0.01949506253004074,Tomato___Target_Spot,0.019060077145695686
TRACK_A_INTERNAL,Tomato,tomato,tomato_plantvillage,D:\CropDiseaseProject\tomato_plantvillage\Tomato___Spider_mites Two-spotted_spider_mite\4bac1537-cc33-460d-901c-70eb70db38a0___Com.G_SpM_FL 9021.JPG,Tomato___Spider_mites Two-spotted_spider_mite,5,Tomato___Spider_mites Two-spotted_spider_mite,5,True,0.9999909400939941,0.9999909400939941,Tomato___Target_Spot,4.608506060321815e-06,Tomato___healthy,2.647210294526303e-06
TRACK_A_INTERNAL,Tomato,tomato,tomato_plantvillage,D:\CropDiseaseProject\tomato_plantvillage\Tomato___Spider_mites Two-spotted_spider_mite\97b67701-3294-4612-8443-47c8f521ad55___Com.G_SpM_FL 8815.JPG,Tomato___Spider_mites Two-spotted_spider_mite,5,Tomato___Spider_mites Two-spotted_spider_mite,5,True,0.9997329115867615,0.9997329115867615,Tomato___Target_Spot,0.00017191235383506864,Tomato___healthy,6.973417475819588e-05
TRACK_A_INTERNAL,Tomato,tomato,tomato_plantvillage,D:\CropDiseaseProject\tomato_plantvillage\Tomato___Spider_mites Two-spotted_spider_mite\1f3c081d-ddf4-48f7-884b-08b3a5b3ae0a___Com.G_SpM_FL 1307.JPG,Tomato___Spider_mites Two-spotted_spider_mite,5,Tomato___Spider_mites Two-spotted_spider_mite,5,True,0.9921005368232727,0.9921005368232727,Tomato___healthy,0.0038141135592013597,Tomato___Target_Spot,0.00326903467066586
TRACK_A_INTERNAL,Tomato,tomato,tomato_plantvillage,D:\CropDiseaseProject\tomato_plantvillage\Tomato___Spider_mites Two-spotted_spider_mite\145e34a6-1cd6-4ac0-9091-9fa175effb81___Com.G_SpM_FL 1287.JPG,Tomato___Spider_mites Two-spotted_spider_mite,5,Tomato___Spider_mites Two-spotted_spider_mite,5,True,0.6955523490905762,0.6955523490905762,Tomato___Tomato_Yellow_Leaf_Curl_Virus,0.28902897238731384,Tomato___Target_Spot,0.009172105230391026
TRACK_A_INTERNAL,Tomato,tomato,tomato_plantvillage,D:\CropDiseaseProject\tomato_plantvillage\Tomato___Spider_mites Two-spotted_spider_mite\bd66c86d-1aa8-47ae-bfa6-8bf8dcd2c146___Com.G_SpM_FL 1167.JPG,Tomato___Spider_mites Two-spotted_spider_mite,5,Tomato___Spider_mites Two-spotted_spider_mite,5,True,0.9994188547134399,0.9994188547134399,Tomato___Target_Spot,0.000367092463420704,Tomato___healthy,0.00021292931342031807
TRACK_A_INTERNAL,Tomato,tomato,tomato_plantvillage,D:\CropDiseaseProject\tomato_plantvillage\Tomato___Spider_mites Two-spotted_spider_mite\c095a7b6-3359-4458-9805-ecf15870f375___Com.G_SpM_FL 8709.JPG,Tomato___Spider_mites Two-spotted_spider_mite,5,Tomato___Spider_mites Two-spotted_spider_mite,5,True,0.7741069793701172,0.7741069793701172,Tomato___Target_Spot,0.22431997954845428,Tomato___Early_blight,0.000721359858289361
TRACK_A_INTERNAL,Tomato,tomato,tomato_plantvillage,D:\CropDiseaseProject\tomato_plantvillage\Tomato___Spider_mites Two-spotted_spider_mite\b0e2eeab-15c8-487e-9757-450264b8ca0a___Com.G_SpM_FL 8788.JPG,Tomato___Spider_mites Two-spotted_spider_mite,5,Tomato___Spider_mites Two-spotted_spider_mite,5,True,0.9862187504768372,0.9862187504768372,Tomato___healthy,0.010086328722536564,Tomato___Target_Spot,0.0036646644584834576
TRACK_A_INTERNAL,Tomato,tomato,tomato_plantvillage,D:\CropDiseaseProject\tomato_plantvillage\Tomato___Spider_mites Two-spotted_spider_mite\4d142800-be82-4dfb-a550-6fa08fb19984___Com.G_SpM_FL 1306.JPG,Tomato___Spider_mites Two-spotted_spider_mite,5,Tomato___Spider_mites Two-spotted_spider_mite,5,True,0.9137716293334961,0.9137716293334961,Tomato___Target_Spot,0.04073411971330643,Tomato___healthy,0.03913838788866997
TRACK_A_INTERNAL,Tomato,tomato,tomato_plantvillage,D:\CropDiseaseProject\tomato_plantvillage\Tomato___Spider_mites Two-spotted_spider_mite\55b18d73-1233-4dc9-891a-a74a2995497b___Com.G_SpM_FL 8560.JPG,Tomato___Spider_mites Two-spotted_spider_mite,5,Tomato___Spider_mites Two-spotted_spider_mite,5,True,0.9748988747596741,0.9748988747596741,Tomato___Target_Spot,0.019672691822052002,Tomato___Early_blight,0.00457729259505868
TRACK_A_INTERNAL,Tomato,tomato,tomato_plantvillage,D:\CropDiseaseProject\tomato_plantvillage\Tomato___Spider_mites Two-spotted_spider_mite\fbba5b32-e839-4253-927c-091963977c55___Com.G_SpM_FL 8930.JPG,Tomato___Spider_mites Two-spotted_spider_mite,5,Tomato___Spider_mites Two-spotted_spider_mite,5,True,0.9998509883880615,0.9998509883880615,Tomato___Target_Spot,0.0001207673194585368,Tomato___Leaf_Mold,2.5160337827401236e-05
TRACK_A_INTERNAL,Tomato,tomato,tomato_plantvillage,D:\CropDiseaseProject\tomato_plantvillage\Tomato___Spider_mites Two-spotted_spider_mite\b9323ad5-caaf-4c56-8cd8-1a638c11f79d___Com.G_SpM_FL 8594.JPG,Tomato___Spider_mites Two-spotted_spider_mite,5,Tomato___Spider_mites Two-spotted_spider_mite,5,True,0.9880366325378418,0.9880366325378418,Tomato___Target_Spot,0.011721717193722725,Tomato___Early_blight,0.00010735717660281807
TRACK_A_INTERNAL,Tomato,tomato,tomato_plantvillage,D:\CropDiseaseProject\tomato_plantvillage\Tomato___Spider_mites Two-spotted_spider_mite\c01aec9e-5d62-456d-94da-d729dc6df038___Com.G_SpM_FL 1705.JPG,Tomato___Spider_mites Two-spotted_spider_mite,5,Tomato___Target_Spot,6,False,0.7974274158477783,0.18649768829345703,Tomato___Spider_mites Two-spotted_spider_mite,0.18649768829345703,Tomato___Leaf_Mold,0.005641651805490255
TRACK_A_INTERNAL,Tomato,tomato,tomato_plantvillage,D:\CropDiseaseProject\tomato_plantvillage\Tomato___Spider_mites Two-spotted_spider_mite\f1588800-6f56-478b-8930-8d55cb309b24___Com.G_SpM_FL 9274.JPG,Tomato___Spider_mites Two-spotted_spider_mite,5,Tomato___Spider_mites Two-spotted_spider_mite,5,True,0.9644071459770203,0.9644071459770203,Tomato___Late_blight,0.021095406264066696,Tomato___Target_Spot,0.00964629277586937
TRACK_A_INTERNAL,Tomato,tomato,tomato_plantvillage,D:\CropDiseaseProject\tomato_plantvillage\Tomato___Spider_mites Two-spotted_spider_mite\326d232c-21f1-44c0-91a2-ce202460af8d___Com.G_SpM_FL 1360.JPG,Tomato___Spider_mites Two-spotted_spider_mite,5,Tomato___Spider_mites Two-spotted_spider_mite,5,True,0.6043094992637634,0.6043094992637634,Tomato___healthy,0.2762680649757385,Tomato___Target_Spot,0.06879069656133652
TRACK_A_INTERNAL,Tomato,tomato,tomato_plantvillage,D:\CropDiseaseProject\tomato_plantvillage\Tomato___Spider_mites Two-spotted_spider_mite\c96e4abf-404d-40ab-b105-827dde90c4a7___Com.G_SpM_FL 9331.JPG,Tomato___Spider_mites Two-spotted_spider_mite,5,Tomato___Spider_mites Two-spotted_spider_mite,5,True,0.9861241579055786,0.9861241579055786,Tomato___healthy,0.005301568657159805,Tomato___Target_Spot,0.00520537281408906
TRACK_A_INTERNAL,Tomato,tomato,tomato_plantvillage,D:\CropDiseaseProject\tomato_plantvillage\Tomato___Spider_mites Two-spotted_spider_mite\706d4ada-aabd-482f-87c1-5112720d86a4___Com.G_SpM_FL 8448.JPG,Tomato___Spider_mites Two-spotted_spider_mite,5,Tomato___Spider_mites Two-spotted_spider_mite,5,True,0.9794124364852905,0.9794124364852905,Tomato___Early_blight,0.010596873238682747,Tomato___Target_Spot,0.0043261051177978516
TRACK_A_INTERNAL,Tomato,tomato,tomato_plantvillage,D:\CropDiseaseProject\tomato_plantvillage\Tomato___Spider_mites Two-spotted_spider_mite\36bc7e45-53e7-4f51-8135-731b80eaf80b___Com.G_SpM_FL 8918.JPG,Tomato___Spider_mites Two-spotted_spider_mite,5,Tomato___Spider_mites Two-spotted_spider_mite,5,True,0.9999752044677734,0.9999752044677734,Tomato___Target_Spot,1.429133590136189e-05,Tomato___Leaf_Mold,5.754432095272932e-06
TRACK_A_INTERNAL,Tomato,tomato,tomato_plantvillage,D:\CropDiseaseProject\tomato_plantvillage\Tomato___Spider_mites Two-spotted_spider_mite\5b92430f-86a7-4845-b0eb-eb4df61797e8___Com.G_SpM_FL 8890.JPG,Tomato___Spider_mites Two-spotted_spider_mite,5,Tomato___Spider_mites Two-spotted_spider_mite,5,True,0.997928261756897,0.997928261756897,Tomato___Target_Spot,0.0017492409097030759,Tomato___Tomato_Yellow_Leaf_Curl_Virus,0.0002839884255081415
TRACK_A_INTERNAL,Tomato,tomato,tomato_plantvillage,D:\CropDiseaseProject\tomato_plantvillage\Tomato___Spider_mites Two-spotted_spider_mite\0b5cda10-da2f-4647-b159-69647b42212f___Com.G_SpM_FL 1784.JPG,Tomato___Spider_mites Two-spotted_spider_mite,5,Tomato___Spider_mites Two-spotted_spider_mite,5,True,0.9957365989685059,0.9957365989685059,Tomato___Target_Spot,0.003025256795808673,Tomato___Tomato_mosaic_virus,0.0006611171993426979
TRACK_A_INTERNAL,Tomato,tomato,tomato_plantvillage,D:\CropDiseaseProject\tomato_plantvillage\Tomato___Spider_mites Two-spotted_spider_mite\ae12c3dc-3dd3-4741-bf9a-55904738086d___Com.G_SpM_FL 1265.JPG,Tomato___Spider_mites Two-spotted_spider_mite,5,Tomato___Spider_mites Two-spotted_spider_mite,5,True,0.980401337146759,0.980401337146759,Tomato___Leaf_Mold,0.018656423315405846,Tomato___healthy,0.00041287727071903646
TRACK_A_INTERNAL,Tomato,tomato,tomato_plantvillage,D:\CropDiseaseProject\tomato_plantvillage\Tomato___Spider_mites Two-spotted_spider_mite\ecf28797-b8ea-4ea9-a665-72db94f13ba8___Com.G_SpM_FL 1678.JPG,Tomato___Spider_mites Two-spotted_spider_mite,5,Tomato___Spider_mites Two-spotted_spider_mite,5,True,0.5753003358840942,0.5753003358840942,Tomato___Target_Spot,0.33581653237342834,Tomato___healthy,0.055395983159542084
TRACK_A_INTERNAL,Tomato,tomato,tomato_plantvillage,D:\CropDiseaseProject\tomato_plantvillage\Tomato___Spider_mites Two-spotted_spider_mite\bd02e7b2-383c-4d04-8361-084cec0dc177___Com.G_SpM_FL 8574.JPG,Tomato___Spider_mites Two-spotted_spider_mite,5,Tomato___Spider_mites Two-spotted_spider_mite,5,True,0.8387510180473328,0.8387510180473328,Tomato___Target_Spot,0.15622863173484802,Tomato___Late_blight,0.0027674054726958275
TRACK_A_INTERNAL,Tomato,tomato,tomato_plantvillage,D:\CropDiseaseProject\tomato_plantvillage\Tomato___Spider_mites Two-spotted_spider_mite\89956d0e-2500-4ed8-87a5-8b221c5b8f6b___Com.G_SpM_FL 8914.JPG,Tomato___Spider_mites Two-spotted_spider_mite,5,Tomato___Spider_mites Two-spotted_spider_mite,5,True,0.9998125433921814,0.9998125433921814,Tomato___Target_Spot,0.00017935132200364023,Tomato___healthy,7.215481673483737e-06
TRACK_A_INTERNAL,Tomato,tomato,tomato_plantvillage,D:\CropDiseaseProject\tomato_plantvillage\Tomato___Spider_mites Two-spotted_spider_mite\71856838-2253-491f-b3d0-87a3e73476ed___Com.G_SpM_FL 9584.JPG,Tomato___Spider_mites Two-spotted_spider_mite,5,Tomato___Spider_mites Two-spotted_spider_mite,5,True,0.599946916103363,0.599946916103363,Tomato___Target_Spot,0.3681674897670746,Tomato___healthy,0.025067821145057678
TRACK_A_INTERNAL,Tomato,tomato,tomato_plantvillage,D:\CropDiseaseProject\tomato_plantvillage\Tomato___Spider_mites Two-spotted_spider_mite\1ff30221-d082-4dd3-ab7b-0028ecf897db___Com.G_SpM_FL 9608.JPG,Tomato___Spider_mites Two-spotted_spider_mite,5,Tomato___Spider_mites Two-spotted_spider_mite,5,True,0.9908292293548584,0.9908292293548584,Tomato___healthy,0.008588684722781181,Tomato___Target_Spot,0.00033715975587256253
TRACK_A_INTERNAL,Tomato,tomato,tomato_plantvillage,D:\CropDiseaseProject\tomato_plantvillage\Tomato___Spider_mites Two-spotted_spider_mite\ab8fbd18-195d-43b1-b976-ee478141e8f8___Com.G_SpM_FL 9416.JPG,Tomato___Spider_mites Two-spotted_spider_mite,5,Tomato___Spider_mites Two-spotted_spider_mite,5,True,0.9959322810173035,0.9959322810173035,Tomato___Target_Spot,0.002737821312621236,Tomato___Leaf_Mold,0.0006896939594298601
TRACK_A_INTERNAL,Tomato,tomato,tomato_plantvillage,D:\CropDiseaseProject\tomato_plantvillage\Tomato___Spider_mites Two-spotted_spider_mite\aeae9e3c-ec84-4fa5-8c52-ab488c6a81f7___Com.G_SpM_FL 8765.JPG,Tomato___Spider_mites Two-spotted_spider_mite,5,Tomato___Spider_mites Two-spotted_spider_mite,5,True,0.9998000264167786,0.9998000264167786,Tomato___Target_Spot,0.00013247090100776404,Tomato___Leaf_Mold,4.218065441818908e-05
TRACK_A_INTERNAL,Tomato,tomato,tomato_plantvillage,D:\CropDiseaseProject\tomato_plantvillage\Tomato___Spider_mites Two-spotted_spider_mite\ab555ffb-819e-40fa-b21c-d5a6bde16100___Com.G_SpM_FL 9609.JPG,Tomato___Spider_mites Two-spotted_spider_mite,5,Tomato___Spider_mites Two-spotted_spider_mite,5,True,0.9845932126045227,0.9845932126045227,Tomato___healthy,0.009082741104066372,Tomato___Target_Spot,0.006024112459272146
TRACK_A_INTERNAL,Tomato,tomato,tomato_plantvillage,D:\CropDiseaseProject\tomato_plantvillage\Tomato___Target_Spot\330c5184-7997-4827-9512-8d21f2f41685___Com.G_TgS_FL 8038.JPG,Tomato___Target_Spot,6,Tomato___Target_Spot,6,True,0.9596766233444214,0.9596766233444214,Tomato___Spider_mites Two-spotted_spider_mite,0.026880428194999695,Tomato___Early_blight,0.009842409752309322
TRACK_A_INTERNAL,Tomato,tomato,tomato_plantvillage,D:\CropDiseaseProject\tomato_plantvillage\Tomato___Target_Spot\833f130d-b119-478a-b458-82aa1d78f559___Com.G_TgS_FL 0800.JPG,Tomato___Target_Spot,6,Tomato___Target_Spot,6,True,0.5237730145454407,0.5237730145454407,Tomato___Spider_mites Two-spotted_spider_mite,0.4110027849674225,Tomato___Septoria_leaf_spot,0.03854220733046532
TRACK_A_INTERNAL,Tomato,tomato,tomato_plantvillage,D:\CropDiseaseProject\tomato_plantvillage\Tomato___Target_Spot\198836e7-53b2-41b0-b87a-e43f7d804dd2___Com.G_TgS_FL 8313.JPG,Tomato___Target_Spot,6,Tomato___Target_Spot,6,True,0.8829692602157593,0.8829692602157593,Tomato___Spider_mites Two-spotted_spider_mite,0.10146638751029968,Tomato___healthy,0.012123933993279934
TRACK_A_INTERNAL,Tomato,tomato,tomato_plantvillage,D:\CropDiseaseProject\tomato_plantvillage\Tomato___Target_Spot\b609cf94-4fc0-495c-84c7-ce84354ffc5f___Com.G_TgS_FL 8343.JPG,Tomato___Target_Spot,6,Tomato___Target_Spot,6,True,0.5891726016998291,0.5891726016998291,Tomato___Spider_mites Two-spotted_spider_mite,0.3427216410636902,Tomato___healthy,0.0680997371673584
TRACK_A_INTERNAL,Tomato,tomato,tomato_plantvillage,D:\CropDiseaseProject\tomato_plantvillage\Tomato___Target_Spot\4cf7fd8f-f605-41c6-93ab-76da0119d40a___Com.G_TgS_FL 8162.JPG,Tomato___Target_Spot,6,Tomato___Target_Spot,6,True,0.9678131937980652,0.9678131937980652,Tomato___Spider_mites Two-spotted_spider_mite,0.016977112740278244,Tomato___Septoria_leaf_spot,0.0051524341106414795
TRACK_A_INTERNAL,Tomato,tomato,tomato_plantvillage,D:\CropDiseaseProject\tomato_plantvillage\Tomato___Target_Spot\2d842c15-c1cd-4f2b-9e12-27855abb9758___Com.G_TgS_FL 0812.JPG,Tomato___Target_Spot,6,Tomato___Leaf_Mold,3,False,0.9770386815071106,0.008843397721648216,Tomato___Target_Spot,0.008843397721648216,Tomato___Septoria_leaf_spot,0.008078615181148052
TRACK_A_INTERNAL,Tomato,tomato,tomato_plantvillage,D:\CropDiseaseProject\tomato_plantvillage\Tomato___Target_Spot\b43bda6d-5066-4143-884b-533c0aedf6e7___Com.G_TgS_FL 9942.JPG,Tomato___Target_Spot,6,Tomato___Target_Spot,6,True,0.7654449343681335,0.7654449343681335,Tomato___Spider_mites Two-spotted_spider_mite,0.18984779715538025,Tomato___healthy,0.04255172237753868
TRACK_A_INTERNAL,Tomato,tomato,tomato_plantvillage,D:\CropDiseaseProject\tomato_plantvillage\Tomato___Target_Spot\5084c5f1-06fe-49de-acb1-504005946047___Com.G_TgS_FL 0036.JPG,Tomato___Target_Spot,6,Tomato___Target_Spot,6,True,0.885377824306488,0.885377824306488,Tomato___healthy,0.03641337528824806,Tomato___Bacterial_spot,0.035711705684661865
TRACK_A_INTERNAL,Tomato,tomato,tomato_plantvillage,D:\CropDiseaseProject\tomato_plantvillage\Tomato___Target_Spot\edf110cf-5994-4506-8a7b-152f6d57456c___Com.G_TgS_FL 8012.JPG,Tomato___Target_Spot,6,Tomato___Target_Spot,6,True,0.7055418491363525,0.7055418491363525,Tomato___healthy,0.2465454488992691,Tomato___Septoria_leaf_spot,0.031582631170749664
TRACK_A_INTERNAL,Tomato,tomato,tomato_plantvillage,D:\CropDiseaseProject\tomato_plantvillage\Tomato___Target_Spot\359af7c8-68a5-45d6-9804-387b62a92570___Com.G_TgS_FL 9955.JPG,Tomato___Target_Spot,6,Tomato___Target_Spot,6,True,0.6729692220687866,0.6729692220687866,Tomato___healthy,0.16626723110675812,Tomato___Spider_mites Two-spotted_spider_mite,0.15823541581630707
TRACK_A_INTERNAL,Tomato,tomato,tomato_plantvillage,D:\CropDiseaseProject\tomato_plantvillage\Tomato___Target_Spot\b3855666-8e30-46e7-bcd0-559ac8450983___Com.G_TgS_FL 7953.JPG,Tomato___Target_Spot,6,Tomato___Target_Spot,6,True,0.920215368270874,0.920215368270874,Tomato___Early_blight,0.02744929865002632,Tomato___Bacterial_spot,0.021811101585626602
TRACK_A_INTERNAL,Tomato,tomato,tomato_plantvillage,D:\CropDiseaseProject\tomato_plantvillage\Tomato___Target_Spot\7b43a21e-a0cf-49f4-b92c-9b9fd8a3e1c3___Com.G_TgS_FL 7893.JPG,Tomato___Target_Spot,6,Tomato___healthy,9,False,0.9760366082191467,0.017343519255518913,Tomato___Target_Spot,0.017343519255518913,Tomato___Septoria_leaf_spot,0.0060524414293468
TRACK_A_INTERNAL,Tomato,tomato,tomato_plantvillage,D:\CropDiseaseProject\tomato_plantvillage\Tomato___Target_Spot\69d0f54b-059c-4a3a-97a9-43089e661cb0___Com.G_TgS_FL 9835.JPG,Tomato___Target_Spot,6,Tomato___Spider_mites Two-spotted_spider_mite,5,False,0.8568306565284729,0.0697566345334053,Tomato___Target_Spot,0.0697566345334053,Tomato___healthy,0.06945910304784775
TRACK_A_INTERNAL,Tomato,tomato,tomato_plantvillage,D:\CropDiseaseProject\tomato_plantvillage\Tomato___Target_Spot\10e52d38-fe13-47b5-b105-27441e4dece7___Com.G_TgS_FL 9766.JPG,Tomato___Target_Spot,6,Tomato___Target_Spot,6,True,0.9015691876411438,0.9015691876411438,Tomato___Bacterial_spot,0.026204248890280724,Tomato___Late_blight,0.01805815100669861
TRACK_A_INTERNAL,Tomato,tomato,tomato_plantvillage,D:\CropDiseaseProject\tomato_plantvillage\Tomato___Target_Spot\f7a859bc-fcd9-4317-8ce6-f2af5ac56431___Com.G_TgS_FL 9692.JPG,Tomato___Target_Spot,6,Tomato___Target_Spot,6,True,0.7891114354133606,0.7891114354133606,Tomato___Spider_mites Two-spotted_spider_mite,0.1541428118944168,Tomato___Tomato_Yellow_Leaf_Curl_Virus,0.019757477566599846
TRACK_A_INTERNAL,Tomato,tomato,tomato_plantvillage,D:\CropDiseaseProject\tomato_plantvillage\Tomato___Target_Spot\75243ce6-3b50-40cd-916f-55ff316529ef___Com.G_TgS_FL 7968.JPG,Tomato___Target_Spot,6,Tomato___Target_Spot,6,True,0.7634836435317993,0.7634836435317993,Tomato___Septoria_leaf_spot,0.17521212995052338,Tomato___Late_blight,0.0304025337100029
TRACK_A_INTERNAL,Tomato,tomato,tomato_plantvillage,D:\CropDiseaseProject\tomato_plantvillage\Tomato___Target_Spot\ed60a782-22dd-4aa6-b16e-494b75fd3174___Com.G_TgS_FL 9896.JPG,Tomato___Target_Spot,6,Tomato___Septoria_leaf_spot,4,False,0.5215668082237244,0.09454865008592606,Tomato___Tomato_mosaic_virus,0.23149308562278748,Tomato___Spider_mites Two-spotted_spider_mite,0.10175897181034088
TRACK_A_INTERNAL,Tomato,tomato,tomato_plantvillage,D:\CropDiseaseProject\tomato_plantvillage\Tomato___Target_Spot\8ec26e59-70dc-4eff-a1bb-3381a9b56d96___Com.G_TgS_FL 9992.JPG,Tomato___Target_Spot,6,Tomato___Target_Spot,6,True,0.6677263975143433,0.6677263975143433,Tomato___Spider_mites Two-spotted_spider_mite,0.15543614327907562,Tomato___healthy,0.15072226524353027
TRACK_A_INTERNAL,Tomato,tomato,tomato_plantvillage,D:\CropDiseaseProject\tomato_plantvillage\Tomato___Target_Spot\b535d475-5112-432a-9309-57e97813b6ae___Com.G_TgS_FL 1028.JPG,Tomato___Target_Spot,6,Tomato___Target_Spot,6,True,0.999671220779419,0.999671220779419,Tomato___healthy,0.00012872082879766822,Tomato___Late_blight,7.785045454511419e-05
TRACK_A_INTERNAL,Tomato,tomato,tomato_plantvillage,D:\CropDiseaseProject\tomato_plantvillage\Tomato___Target_Spot\c413ab97-c72d-4e20-a7de-c6faddd64bc1___Com.G_TgS_FL 7947.JPG,Tomato___Target_Spot,6,Tomato___Target_Spot,6,True,0.5044388175010681,0.5044388175010681,Tomato___Early_blight,0.3213363289833069,Tomato___Bacterial_spot,0.11073221266269684
TRACK_A_INTERNAL,Tomato,tomato,tomato_plantvillage,D:\CropDiseaseProject\tomato_plantvillage\Tomato___Target_Spot\d14316d2-f733-4b05-933e-bb29ab3af867___Com.G_TgS_FL 1128.JPG,Tomato___Target_Spot,6,Tomato___Target_Spot,6,True,0.8187048435211182,0.8187048435211182,Tomato___healthy,0.1598205864429474,Tomato___Spider_mites Two-spotted_spider_mite,0.020879976451396942
TRACK_A_INTERNAL,Tomato,tomato,tomato_plantvillage,D:\CropDiseaseProject\tomato_plantvillage\Tomato___Target_Spot\ae5e390c-1682-4e71-bb08-ce60b694dd8d___Com.G_TgS_FL 9725.JPG,Tomato___Target_Spot,6,Tomato___Target_Spot,6,True,0.9465904831886292,0.9465904831886292,Tomato___Spider_mites Two-spotted_spider_mite,0.028429707512259483,Tomato___Septoria_leaf_spot,0.01259276457130909
TRACK_A_INTERNAL,Tomato,tomato,tomato_plantvillage,D:\CropDiseaseProject\tomato_plantvillage\Tomato___Target_Spot\8bf33883-751c-4b5c-b50f-a955a4e0d8b7___Com.G_TgS_FL 1116.JPG,Tomato___Target_Spot,6,Tomato___Spider_mites Two-spotted_spider_mite,5,False,0.9479550719261169,0.04959166422486305,Tomato___Target_Spot,0.04959166422486305,Tomato___healthy,0.0015688876155763865
TRACK_A_INTERNAL,Tomato,tomato,tomato_plantvillage,D:\CropDiseaseProject\tomato_plantvillage\Tomato___Target_Spot\90939ea0-9f49-4b33-be99-8a36bd719b94___Com.G_TgS_FL 7918.JPG,Tomato___Target_Spot,6,Tomato___Target_Spot,6,True,0.3293093740940094,0.3293093740940094,Tomato___healthy,0.20482365787029266,Tomato___Spider_mites Two-spotted_spider_mite,0.19799594581127167
TRACK_A_INTERNAL,Tomato,tomato,tomato_plantvillage,D:\CropDiseaseProject\tomato_plantvillage\Tomato___Target_Spot\e0fd3533-d5af-4090-a0d2-0507791d3926___Com.G_TgS_FL 8020.JPG,Tomato___Target_Spot,6,Tomato___Target_Spot,6,True,0.9890439510345459,0.9890439510345459,Tomato___Late_blight,0.008444502018392086,Tomato___Early_blight,0.0018403040012344718
TRACK_A_INTERNAL,Tomato,tomato,tomato_plantvillage,D:\CropDiseaseProject\tomato_plantvillage\Tomato___Target_Spot\fac15e88-8950-4637-9bdc-26bca1e3ae8e___Com.G_TgS_FL 8169.JPG,Tomato___Target_Spot,6,Tomato___Septoria_leaf_spot,4,False,0.8824067115783691,0.07904882729053497,Tomato___Target_Spot,0.07904882729053497,Tomato___Spider_mites Two-spotted_spider_mite,0.014918699860572815
TRACK_A_INTERNAL,Tomato,tomato,tomato_plantvillage,D:\CropDiseaseProject\tomato_plantvillage\Tomato___Target_Spot\6128862b-d649-4995-990a-846528b0f781___Com.G_TgS_FL 0887.JPG,Tomato___Target_Spot,6,Tomato___Target_Spot,6,True,0.9983729124069214,0.9983729124069214,Tomato___healthy,0.001164188259281218,Tomato___Early_blight,0.0002468368038535118
TRACK_A_INTERNAL,Tomato,tomato,tomato_plantvillage,D:\CropDiseaseProject\tomato_plantvillage\Tomato___Target_Spot\f9986a85-5598-41ef-80f2-98adb409adfe___Com.G_TgS_FL 0789.JPG,Tomato___Target_Spot,6,Tomato___Target_Spot,6,True,0.43709462881088257,0.43709462881088257,Tomato___healthy,0.3820902109146118,Tomato___Spider_mites Two-spotted_spider_mite,0.11489784717559814
TRACK_A_INTERNAL,Tomato,tomato,tomato_plantvillage,D:\CropDiseaseProject\tomato_plantvillage\Tomato___Target_Spot\fa98bbb6-2231-4489-ab05-1eeb55bae882___Com.G_TgS_FL 8105.JPG,Tomato___Target_Spot,6,Tomato___Target_Spot,6,True,0.9235860705375671,0.9235860705375671,Tomato___Spider_mites Two-spotted_spider_mite,0.06700293719768524,Tomato___healthy,0.005942738149315119
TRACK_A_INTERNAL,Tomato,tomato,tomato_plantvillage,D:\CropDiseaseProject\tomato_plantvillage\Tomato___Target_Spot\39c2047a-9d7b-489e-b790-45bf9340ee97___Com.G_TgS_FL 8331.JPG,Tomato___Target_Spot,6,Tomato___Target_Spot,6,True,0.7495467662811279,0.7495467662811279,Tomato___healthy,0.19618451595306396,Tomato___Spider_mites Two-spotted_spider_mite,0.029446450993418694
TRACK_A_INTERNAL,Tomato,tomato,tomato_plantvillage,D:\CropDiseaseProject\tomato_plantvillage\Tomato___Tomato_Yellow_Leaf_Curl_Virus\3a389749-e245-4308-a1c6-a4d872e2833c___UF.GRC_YLCV_Lab 02871.JPG,Tomato___Tomato_Yellow_Leaf_Curl_Virus,7,Tomato___Tomato_Yellow_Leaf_Curl_Virus,7,True,0.9999738931655884,0.9999738931655884,Tomato___Leaf_Mold,1.997065919567831e-05,Tomato___Tomato_mosaic_virus,2.2407268716051476e-06
TRACK_A_INTERNAL,Tomato,tomato,tomato_plantvillage,D:\CropDiseaseProject\tomato_plantvillage\Tomato___Tomato_Yellow_Leaf_Curl_Virus\e37a58dc-6b69-4955-8dda-1561f8b0db77___UF.GRC_YLCV_Lab 02025.JPG,Tomato___Tomato_Yellow_Leaf_Curl_Virus,7,Tomato___Tomato_Yellow_Leaf_Curl_Virus,7,True,0.9999834299087524,0.9999834299087524,Tomato___Early_blight,6.047424449207028e-06,Tomato___Spider_mites Two-spotted_spider_mite,3.4172933283116436e-06
TRACK_A_INTERNAL,Tomato,tomato,tomato_plantvillage,D:\CropDiseaseProject\tomato_plantvillage\Tomato___Tomato_Yellow_Leaf_Curl_Virus\2ff9d604-2e15-4baa-974d-2038df4501e1___UF.GRC_YLCV_Lab 01577.JPG,Tomato___Tomato_Yellow_Leaf_Curl_Virus,7,Tomato___Tomato_Yellow_Leaf_Curl_Virus,7,True,0.9999563694000244,0.9999563694000244,Tomato___Leaf_Mold,1.6284853700199164e-05,Tomato___Early_blight,8.818924470688216e-06
TRACK_A_INTERNAL,Tomato,tomato,tomato_plantvillage,D:\CropDiseaseProject\tomato_plantvillage\Tomato___Tomato_Yellow_Leaf_Curl_Virus\c80105d0-0614-4bb1-9490-02b911d94703___YLCV_GCREC 2010.JPG,Tomato___Tomato_Yellow_Leaf_Curl_Virus,7,Tomato___Tomato_Yellow_Leaf_Curl_Virus,7,True,0.9999998807907104,0.9999998807907104,Tomato___Bacterial_spot,2.998149994937194e-08,Tomato___Early_blight,2.824242173460334e-08
TRACK_A_INTERNAL,Tomato,tomato,tomato_plantvillage,D:\CropDiseaseProject\tomato_plantvillage\Tomato___Tomato_Yellow_Leaf_Curl_Virus\5bfca510-62b9-4e1b-99a4-47c98eeda0a5___UF.GRC_YLCV_Lab 02328.JPG,Tomato___Tomato_Yellow_Leaf_Curl_Virus,7,Tomato___Tomato_Yellow_Leaf_Curl_Virus,7,True,0.9999736547470093,0.9999736547470093,Tomato___Spider_mites Two-spotted_spider_mite,1.0746668522187974e-05,Tomato___Bacterial_spot,4.849976903642528e-06
TRACK_A_INTERNAL,Tomato,tomato,tomato_plantvillage,D:\CropDiseaseProject\tomato_plantvillage\Tomato___Tomato_Yellow_Leaf_Curl_Virus\5904c39e-3a20-47cb-ac78-77fa6fa6bc9f___UF.GRC_YLCV_Lab 02947.JPG,Tomato___Tomato_Yellow_Leaf_Curl_Virus,7,Tomato___Tomato_Yellow_Leaf_Curl_Virus,7,True,0.9999995231628418,0.9999995231628418,Tomato___Bacterial_spot,5.010242603020743e-07,Tomato___Late_blight,1.71520859737484e-08
TRACK_A_INTERNAL,Tomato,tomato,tomato_plantvillage,D:\CropDiseaseProject\tomato_plantvillage\Tomato___Tomato_Yellow_Leaf_Curl_Virus\539de84d-20c0-439b-a3b9-91a6fd3654f5___UF.GRC_YLCV_Lab 01571.JPG,Tomato___Tomato_Yellow_Leaf_Curl_Virus,7,Tomato___Tomato_Yellow_Leaf_Curl_Virus,7,True,1.0,1.0,Tomato___Tomato_mosaic_virus,2.5672481029914707e-08,Tomato___Leaf_Mold,1.3489849237657836e-08
TRACK_A_INTERNAL,Tomato,tomato,tomato_plantvillage,D:\CropDiseaseProject\tomato_plantvillage\Tomato___Tomato_Yellow_Leaf_Curl_Virus\9aa335d3-ab63-4784-9fc3-21b2b6e6178b___YLCV_NREC 0059.JPG,Tomato___Tomato_Yellow_Leaf_Curl_Virus,7,Tomato___Tomato_Yellow_Leaf_Curl_Virus,7,True,0.9884492754936218,0.9884492754936218,Tomato___Target_Spot,0.004651510156691074,Tomato___Spider_mites Two-spotted_spider_mite,0.002736833645030856
TRACK_A_INTERNAL,Tomato,tomato,tomato_plantvillage,D:\CropDiseaseProject\tomato_plantvillage\Tomato___Tomato_Yellow_Leaf_Curl_Virus\20fe944a-3b50-4b24-98b7-1acc4d785940___UF.GRC_YLCV_Lab 02280.JPG,Tomato___Tomato_Yellow_Leaf_Curl_Virus,7,Tomato___Tomato_Yellow_Leaf_Curl_Virus,7,True,1.0,1.0,Tomato___Early_blight,4.247196760953642e-10,Tomato___Leaf_Mold,3.654203606373585e-10
TRACK_A_INTERNAL,Tomato,tomato,tomato_plantvillage,D:\CropDiseaseProject\tomato_plantvillage\Tomato___Tomato_Yellow_Leaf_Curl_Virus\64a82c58-8e0e-4266-8a7e-4ff38d6655df___UF.GRC_YLCV_Lab 03105.JPG,Tomato___Tomato_Yellow_Leaf_Curl_Virus,7,Tomato___Tomato_Yellow_Leaf_Curl_Virus,7,True,0.9987905621528625,0.9987905621528625,Tomato___Late_blight,0.0008069963078014553,Tomato___Leaf_Mold,0.0002015031350310892
TRACK_A_INTERNAL,Tomato,tomato,tomato_plantvillage,D:\CropDiseaseProject\tomato_plantvillage\Tomato___Tomato_Yellow_Leaf_Curl_Virus\9e09f7f7-a62d-4c5a-9adb-62b1811ca244___UF.GRC_YLCV_Lab 03053.JPG,Tomato___Tomato_Yellow_Leaf_Curl_Virus,7,Tomato___Tomato_Yellow_Leaf_Curl_Virus,7,True,0.9999990463256836,0.9999990463256836,Tomato___Bacterial_spot,8.438415761702345e-07,Tomato___Early_blight,8.121057248899888e-08
TRACK_A_INTERNAL,Tomato,tomato,tomato_plantvillage,D:\CropDiseaseProject\tomato_plantvillage\Tomato___Tomato_Yellow_Leaf_Curl_Virus\dfc2a2b4-aa33-40fb-8bbb-39c5608b9b9e___YLCV_NREC 2372.JPG,Tomato___Tomato_Yellow_Leaf_Curl_Virus,7,Tomato___Tomato_Yellow_Leaf_Curl_Virus,7,True,0.9999784231185913,0.9999784231185913,Tomato___Late_blight,5.063037860963959e-06,Tomato___Early_blight,4.588468527799705e-06
TRACK_A_INTERNAL,Tomato,tomato,tomato_plantvillage,D:\CropDiseaseProject\tomato_plantvillage\Tomato___Tomato_Yellow_Leaf_Curl_Virus\4aa9556f-ef31-4894-bcd0-09ed19641349___YLCV_NREC 2709.JPG,Tomato___Tomato_Yellow_Leaf_Curl_Virus,7,Tomato___Tomato_Yellow_Leaf_Curl_Virus,7,True,0.9999873638153076,0.9999873638153076,Tomato___Early_blight,5.461924502014881e-06,Tomato___Leaf_Mold,4.616724709194386e-06
TRACK_A_INTERNAL,Tomato,tomato,tomato_plantvillage,D:\CropDiseaseProject\tomato_plantvillage\Tomato___Tomato_Yellow_Leaf_Curl_Virus\a2737028-9b65-4d23-900d-42f9f795f465___YLCV_GCREC 2489.JPG,Tomato___Tomato_Yellow_Leaf_Curl_Virus,7,Tomato___Tomato_Yellow_Leaf_Curl_Virus,7,True,0.9993423819541931,0.9993423819541931,Tomato___Late_blight,0.0003591378335841,Tomato___Early_blight,0.00011215951235499233
TRACK_A_INTERNAL,Tomato,tomato,tomato_plantvillage,D:\CropDiseaseProject\tomato_plantvillage\Tomato___Tomato_Yellow_Leaf_Curl_Virus\d1c9e050-a0a8-4d18-bc4b-a4bca72bea2c___UF.GRC_YLCV_Lab 02158.JPG,Tomato___Tomato_Yellow_Leaf_Curl_Virus,7,Tomato___Tomato_Yellow_Leaf_Curl_Virus,7,True,0.9999858140945435,0.9999858140945435,Tomato___Tomato_mosaic_virus,6.324963578663301e-06,Tomato___Spider_mites Two-spotted_spider_mite,2.5487624952802435e-06
TRACK_A_INTERNAL,Tomato,tomato,tomato_plantvillage,D:\CropDiseaseProject\tomato_plantvillage\Tomato___Tomato_Yellow_Leaf_Curl_Virus\a755ff7e-cb35-4974-8042-6dc6f4b24e63___UF.GRC_YLCV_Lab 03062.JPG,Tomato___Tomato_Yellow_Leaf_Curl_Virus,7,Tomato___Tomato_Yellow_Leaf_Curl_Virus,7,True,1.0,1.0,Tomato___Spider_mites Two-spotted_spider_mite,5.2001180250726975e-08,Tomato___Tomato_mosaic_virus,4.266791364671008e-09
TRACK_A_INTERNAL,Tomato,tomato,tomato_plantvillage,D:\CropDiseaseProject\tomato_plantvillage\Tomato___Tomato_Yellow_Leaf_Curl_Virus\a1310b30-d88f-4902-9d9a-71148318a68d___YLCV_GCREC 2059.JPG,Tomato___Tomato_Yellow_Leaf_Curl_Virus,7,Tomato___Tomato_Yellow_Leaf_Curl_Virus,7,True,0.99916672706604,0.99916672706604,Tomato___Spider_mites Two-spotted_spider_mite,0.0005856563802808523,Tomato___Target_Spot,0.0002032995835179463
TRACK_A_INTERNAL,Tomato,tomato,tomato_plantvillage,D:\CropDiseaseProject\tomato_plantvillage\Tomato___Tomato_Yellow_Leaf_Curl_Virus\9f19342f-b647-4da7-9d8b-6414fdf0c5bd___UF.GRC_YLCV_Lab 02921.JPG,Tomato___Tomato_Yellow_Leaf_Curl_Virus,7,Tomato___Tomato_Yellow_Leaf_Curl_Virus,7,True,0.9994609951972961,0.9994609951972961,Tomato___Bacterial_spot,0.00024120949092321098,Tomato___Target_Spot,0.00010339985601603985
TRACK_A_INTERNAL,Tomato,tomato,tomato_plantvillage,D:\CropDiseaseProject\tomato_plantvillage\Tomato___Tomato_Yellow_Leaf_Curl_Virus\ae19c6a3-c28a-4853-bdec-f4ad4df73291___YLCV_NREC 0153.JPG,Tomato___Tomato_Yellow_Leaf_Curl_Virus,7,Tomato___Tomato_Yellow_Leaf_Curl_Virus,7,True,0.9997063279151917,0.9997063279151917,Tomato___Late_blight,0.00012784681166522205,Tomato___Spider_mites Two-spotted_spider_mite,6.501230382127687e-05
TRACK_A_INTERNAL,Tomato,tomato,tomato_plantvillage,D:\CropDiseaseProject\tomato_plantvillage\Tomato___Tomato_Yellow_Leaf_Curl_Virus\788c99c6-1982-437f-98e2-737a5c954768___YLCV_GCREC 5486.JPG,Tomato___Tomato_Yellow_Leaf_Curl_Virus,7,Tomato___Spider_mites Two-spotted_spider_mite,5,False,0.7210575938224792,0.16390159726142883,Tomato___Tomato_Yellow_Leaf_Curl_Virus,0.16390159726142883,Tomato___Target_Spot,0.057153962552547455
TRACK_A_INTERNAL,Tomato,tomato,tomato_plantvillage,D:\CropDiseaseProject\tomato_plantvillage\Tomato___Tomato_Yellow_Leaf_Curl_Virus\8d22109e-4cfc-46ee-899f-678cd40a31eb___YLCV_GCREC 2540.JPG,Tomato___Tomato_Yellow_Leaf_Curl_Virus,7,Tomato___Tomato_Yellow_Leaf_Curl_Virus,7,True,0.9990904331207275,0.9990904331207275,Tomato___Early_blight,0.0008050628821365535,Tomato___Bacterial_spot,4.985245323041454e-05
TRACK_A_INTERNAL,Tomato,tomato,tomato_plantvillage,D:\CropDiseaseProject\tomato_plantvillage\Tomato___Tomato_Yellow_Leaf_Curl_Virus\1977e58e-440d-4331-b1e3-d7a7a7af587f___UF.GRC_YLCV_Lab 01404.JPG,Tomato___Tomato_Yellow_Leaf_Curl_Virus,7,Tomato___Tomato_Yellow_Leaf_Curl_Virus,7,True,0.9213116765022278,0.9213116765022278,Tomato___Late_blight,0.047216810286045074,Tomato___Leaf_Mold,0.02511824667453766
TRACK_A_INTERNAL,Tomato,tomato,tomato_plantvillage,D:\CropDiseaseProject\tomato_plantvillage\Tomato___Tomato_Yellow_Leaf_Curl_Virus\f591877b-3f56-491c-b522-8a192a92e78e___UF.GRC_YLCV_Lab 02503.JPG,Tomato___Tomato_Yellow_Leaf_Curl_Virus,7,Tomato___Tomato_Yellow_Leaf_Curl_Virus,7,True,0.9999972581863403,0.9999972581863403,Tomato___Spider_mites Two-spotted_spider_mite,7.584785635117441e-07,Tomato___Bacterial_spot,6.976885629228491e-07
TRACK_A_INTERNAL,Tomato,tomato,tomato_plantvillage,D:\CropDiseaseProject\tomato_plantvillage\Tomato___Tomato_Yellow_Leaf_Curl_Virus\147acfda-7a23-4889-9340-1a5c15aef1db___UF.GRC_YLCV_Lab 02150.JPG,Tomato___Tomato_Yellow_Leaf_Curl_Virus,7,Tomato___Tomato_Yellow_Leaf_Curl_Virus,7,True,0.9999806880950928,0.9999806880950928,Tomato___Tomato_mosaic_virus,5.997245807520812e-06,Tomato___Early_blight,5.608284027402988e-06
TRACK_A_INTERNAL,Tomato,tomato,tomato_plantvillage,D:\CropDiseaseProject\tomato_plantvillage\Tomato___Tomato_Yellow_Leaf_Curl_Virus\51d5bb0f-8603-4e31-8cfa-20f8c5cf0b45___UF.GRC_YLCV_Lab 08457.JPG,Tomato___Tomato_Yellow_Leaf_Curl_Virus,7,Tomato___Bacterial_spot,0,False,0.609790563583374,0.32686537504196167,Tomato___Tomato_Yellow_Leaf_Curl_Virus,0.32686537504196167,Tomato___Septoria_leaf_spot,0.06108839064836502
TRACK_A_INTERNAL,Tomato,tomato,tomato_plantvillage,D:\CropDiseaseProject\tomato_plantvillage\Tomato___Tomato_Yellow_Leaf_Curl_Virus\1cd0ab0b-f4cf-4f2f-960a-455de4cd4c1e___YLCV_GCREC 2897.JPG,Tomato___Tomato_Yellow_Leaf_Curl_Virus,7,Tomato___Tomato_Yellow_Leaf_Curl_Virus,7,True,0.9999130964279175,0.9999130964279175,Tomato___Tomato_mosaic_virus,3.398841363377869e-05,Tomato___Early_blight,1.9509494450176135e-05
TRACK_A_INTERNAL,Tomato,tomato,tomato_plantvillage,D:\CropDiseaseProject\tomato_plantvillage\Tomato___Tomato_Yellow_Leaf_Curl_Virus\44351256-a633-48d5-bcfa-8a135149ad0f___YLCV_NREC 2136.JPG,Tomato___Tomato_Yellow_Leaf_Curl_Virus,7,Tomato___Tomato_Yellow_Leaf_Curl_Virus,7,True,0.9999943971633911,0.9999943971633911,Tomato___Tomato_mosaic_virus,4.749754680233309e-06,Tomato___Spider_mites Two-spotted_spider_mite,5.11620214638242e-07
TRACK_A_INTERNAL,Tomato,tomato,tomato_plantvillage,D:\CropDiseaseProject\tomato_plantvillage\Tomato___Tomato_Yellow_Leaf_Curl_Virus\ebb93175-98bf-4a4f-ad3a-d79bf0ec820b___UF.GRC_YLCV_Lab 01390.JPG,Tomato___Tomato_Yellow_Leaf_Curl_Virus,7,Tomato___Tomato_Yellow_Leaf_Curl_Virus,7,True,0.9806905388832092,0.9806905388832092,Tomato___Late_blight,0.009175346232950687,Tomato___Leaf_Mold,0.003341884119436145
TRACK_A_INTERNAL,Tomato,tomato,tomato_plantvillage,D:\CropDiseaseProject\tomato_plantvillage\Tomato___Tomato_Yellow_Leaf_Curl_Virus\feb4e0fa-e4e7-4eb9-8948-ea1bac27fa1e___UF.GRC_YLCV_Lab 02872.JPG,Tomato___Tomato_Yellow_Leaf_Curl_Virus,7,Tomato___Tomato_Yellow_Leaf_Curl_Virus,7,True,0.9996567964553833,0.9996567964553833,Tomato___Late_blight,0.00017026883142534643,Tomato___Leaf_Mold,0.0001314991677645594
TRACK_A_INTERNAL,Tomato,tomato,tomato_plantvillage,D:\CropDiseaseProject\tomato_plantvillage\Tomato___Tomato_Yellow_Leaf_Curl_Virus\0500c04e-5514-4ce1-a9e9-e4069d2b57e2___YLCV_GCREC 2630.JPG,Tomato___Tomato_Yellow_Leaf_Curl_Virus,7,Tomato___Tomato_Yellow_Leaf_Curl_Virus,7,True,0.999904990196228,0.999904990196228,Tomato___Early_blight,2.687703636183869e-05,Tomato___Tomato_mosaic_virus,2.6428997443872504e-05
TRACK_A_INTERNAL,Tomato,tomato,tomato_plantvillage,D:\CropDiseaseProject\tomato_plantvillage\Tomato___Tomato_mosaic_virus\7a6e4837-d63d-465a-abae-ef857bf43e2d___PSU_CG 2117.JPG,Tomato___Tomato_mosaic_virus,8,Tomato___Tomato_mosaic_virus,8,True,0.9267659187316895,0.9267659187316895,Tomato___healthy,0.02176380343735218,Tomato___Target_Spot,0.021655909717082977
TRACK_A_INTERNAL,Tomato,tomato,tomato_plantvillage,D:\CropDiseaseProject\tomato_plantvillage\Tomato___Tomato_mosaic_virus\3cb6ee9b-8550-4216-bde5-814807add4e5___PSU_CG 2395.JPG,Tomato___Tomato_mosaic_virus,8,Tomato___Tomato_mosaic_virus,8,True,0.8840563297271729,0.8840563297271729,Tomato___Septoria_leaf_spot,0.08841555565595627,Tomato___Target_Spot,0.01141596119850874
TRACK_A_INTERNAL,Tomato,tomato,tomato_plantvillage,D:\CropDiseaseProject\tomato_plantvillage\Tomato___Tomato_mosaic_virus\14112644-0ec3-465b-af00-ac2286d8e15f___PSU_CG 2344.JPG,Tomato___Tomato_mosaic_virus,8,Tomato___Tomato_mosaic_virus,8,True,0.8520495891571045,0.8520495891571045,Tomato___Leaf_Mold,0.0610751248896122,Tomato___Target_Spot,0.03404919430613518
TRACK_A_INTERNAL,Tomato,tomato,tomato_plantvillage,D:\CropDiseaseProject\tomato_plantvillage\Tomato___Tomato_mosaic_virus\9916341f-9dd9-498f-b553-476d9f2d722e___PSU_CG 2087.JPG,Tomato___Tomato_mosaic_virus,8,Tomato___Spider_mites Two-spotted_spider_mite,5,False,0.5697460174560547,0.05138050392270088,Tomato___Target_Spot,0.28817397356033325,Tomato___Tomato_mosaic_virus,0.05138050392270088
TRACK_A_INTERNAL,Tomato,tomato,tomato_plantvillage,D:\CropDiseaseProject\tomato_plantvillage\Tomato___Tomato_mosaic_virus\01b32f27-2b9b-4961-805b-8066bf4d90f1___PSU_CG 2417.JPG,Tomato___Tomato_mosaic_virus,8,Tomato___Tomato_mosaic_virus,8,True,0.9846781492233276,0.9846781492233276,Tomato___Septoria_leaf_spot,0.011025122366845608,Tomato___Target_Spot,0.0024909551721066236
TRACK_A_INTERNAL,Tomato,tomato,tomato_plantvillage,D:\CropDiseaseProject\tomato_plantvillage\Tomato___Tomato_mosaic_virus\9a3a36e0-b0eb-4844-84f5-db08e2d9adef___PSU_CG 2300.JPG,Tomato___Tomato_mosaic_virus,8,Tomato___Tomato_mosaic_virus,8,True,0.9994863271713257,0.9994863271713257,Tomato___Septoria_leaf_spot,0.0003969097160734236,Tomato___Leaf_Mold,9.88958781817928e-05
TRACK_A_INTERNAL,Tomato,tomato,tomato_plantvillage,D:\CropDiseaseProject\tomato_plantvillage\Tomato___Tomato_mosaic_virus\86965ac5-b790-4218-a3c6-216d10da5211___PSU_CG 2066.JPG,Tomato___Tomato_mosaic_virus,8,Tomato___Tomato_mosaic_virus,8,True,0.7389553189277649,0.7389553189277649,Tomato___Spider_mites Two-spotted_spider_mite,0.20135881006717682,Tomato___Leaf_Mold,0.04311893507838249
TRACK_A_INTERNAL,Tomato,tomato,tomato_plantvillage,D:\CropDiseaseProject\tomato_plantvillage\Tomato___Tomato_mosaic_virus\20182b2d-dfda-4ef1-89cc-17856e051b00___PSU_CG 2072.JPG,Tomato___Tomato_mosaic_virus,8,Tomato___Tomato_mosaic_virus,8,True,0.955024242401123,0.955024242401123,Tomato___Spider_mites Two-spotted_spider_mite,0.02974168211221695,Tomato___Target_Spot,0.008111328817903996
TRACK_A_INTERNAL,Tomato,tomato,tomato_plantvillage,D:\CropDiseaseProject\tomato_plantvillage\Tomato___Tomato_mosaic_virus\99a4b1cb-e55a-4954-a7c5-ebb0cc57ed2a___PSU_CG 2096.JPG,Tomato___Tomato_mosaic_virus,8,Tomato___Spider_mites Two-spotted_spider_mite,5,False,0.5829909443855286,0.3706311881542206,Tomato___Tomato_mosaic_virus,0.3706311881542206,Tomato___Target_Spot,0.015630222856998444
TRACK_A_INTERNAL,Tomato,tomato,tomato_plantvillage,D:\CropDiseaseProject\tomato_plantvillage\Tomato___Tomato_mosaic_virus\d9812306-9ab7-4c41-8c08-0aaaa0a9db5f___PSU_CG 2056.JPG,Tomato___Tomato_mosaic_virus,8,Tomato___Tomato_mosaic_virus,8,True,0.9812778830528259,0.9812778830528259,Tomato___Spider_mites Two-spotted_spider_mite,0.010796047747135162,Tomato___Septoria_leaf_spot,0.0057767280377447605
TRACK_A_INTERNAL,Tomato,tomato,tomato_plantvillage,D:\CropDiseaseProject\tomato_plantvillage\Tomato___Tomato_mosaic_virus\6c3a09c7-04b2-4c0d-bbe0-bf55ea2e5472___PSU_CG 2195.JPG,Tomato___Tomato_mosaic_virus,8,Tomato___Tomato_mosaic_virus,8,True,0.9989749193191528,0.9989749193191528,Tomato___Spider_mites Two-spotted_spider_mite,0.000794615363702178,Tomato___Septoria_leaf_spot,0.00010715073585743085
TRACK_A_INTERNAL,Tomato,tomato,tomato_plantvillage,D:\CropDiseaseProject\tomato_plantvillage\Tomato___Tomato_mosaic_virus\000ec6ea-9063-4c33-8abe-d58ca8a88878___PSU_CG 2169.JPG,Tomato___Tomato_mosaic_virus,8,Tomato___Tomato_mosaic_virus,8,True,0.9896434545516968,0.9896434545516968,Tomato___Spider_mites Two-spotted_spider_mite,0.006046408321708441,Tomato___healthy,0.0013845197390764952
TRACK_A_INTERNAL,Tomato,tomato,tomato_plantvillage,D:\CropDiseaseProject\tomato_plantvillage\Tomato___Tomato_mosaic_virus\2370fa79-6f15-4ae5-a3cb-2d585a0043c2___PSU_CG 2178.JPG,Tomato___Tomato_mosaic_virus,8,Tomato___Tomato_mosaic_virus,8,True,0.9841687083244324,0.9841687083244324,Tomato___Spider_mites Two-spotted_spider_mite,0.0149452593177557,Tomato___healthy,0.0003830492787528783
TRACK_A_INTERNAL,Tomato,tomato,tomato_plantvillage,D:\CropDiseaseProject\tomato_plantvillage\Tomato___Tomato_mosaic_virus\da2bbe3c-5626-46d2-9640-2da89552f113___PSU_CG 2319.JPG,Tomato___Tomato_mosaic_virus,8,Tomato___Tomato_mosaic_virus,8,True,0.9668325781822205,0.9668325781822205,Tomato___Spider_mites Two-spotted_spider_mite,0.019916046410799026,Tomato___healthy,0.007690425496548414
TRACK_A_INTERNAL,Tomato,tomato,tomato_plantvillage,D:\CropDiseaseProject\tomato_plantvillage\Tomato___Tomato_mosaic_virus\da1583ac-e469-400a-9092-da870299fd35___PSU_CG 2071.JPG,Tomato___Tomato_mosaic_virus,8,Tomato___Tomato_mosaic_virus,8,True,0.9940590858459473,0.9940590858459473,Tomato___Spider_mites Two-spotted_spider_mite,0.005439207423478365,Tomato___Septoria_leaf_spot,0.00025858148001134396
TRACK_A_INTERNAL,Tomato,tomato,tomato_plantvillage,D:\CropDiseaseProject\tomato_plantvillage\Tomato___Tomato_mosaic_virus\96c9cc98-5faf-49ad-826b-11f3ecd64577___PSU_CG 2161.JPG,Tomato___Tomato_mosaic_virus,8,Tomato___Tomato_mosaic_virus,8,True,0.9993263483047485,0.9993263483047485,Tomato___Spider_mites Two-spotted_spider_mite,0.0003405496245250106,Tomato___Septoria_leaf_spot,0.00013305307948030531
TRACK_A_INTERNAL,Tomato,tomato,tomato_plantvillage,D:\CropDiseaseProject\tomato_plantvillage\Tomato___Tomato_mosaic_virus\b0ca678e-a79d-457e-8887-952d757b2205___PSU_CG 2266.JPG,Tomato___Tomato_mosaic_virus,8,Tomato___Tomato_mosaic_virus,8,True,0.9729096293449402,0.9729096293449402,Tomato___Spider_mites Two-spotted_spider_mite,0.018886135891079903,Tomato___Target_Spot,0.006413879804313183
TRACK_A_INTERNAL,Tomato,tomato,tomato_plantvillage,D:\CropDiseaseProject\tomato_plantvillage\Tomato___Tomato_mosaic_virus\03b6acc7-41a6-4670-b47c-bef6d4baea18___PSU_CG 2363.JPG,Tomato___Tomato_mosaic_virus,8,Tomato___Tomato_mosaic_virus,8,True,0.7964608073234558,0.7964608073234558,Tomato___Spider_mites Two-spotted_spider_mite,0.1007196307182312,Tomato___Leaf_Mold,0.041252005845308304
TRACK_A_INTERNAL,Tomato,tomato,tomato_plantvillage,D:\CropDiseaseProject\tomato_plantvillage\Tomato___Tomato_mosaic_virus\847307bc-58ab-45fc-8001-f1e07a38bc82___PSU_CG 2065.JPG,Tomato___Tomato_mosaic_virus,8,Tomato___Tomato_mosaic_virus,8,True,0.8541331887245178,0.8541331887245178,Tomato___Leaf_Mold,0.07881303131580353,Tomato___Spider_mites Two-spotted_spider_mite,0.032173726707696915
TRACK_A_INTERNAL,Tomato,tomato,tomato_plantvillage,D:\CropDiseaseProject\tomato_plantvillage\Tomato___Tomato_mosaic_virus\6e67c953-5934-439c-8303-e1762793a36a___PSU_CG 2181.JPG,Tomato___Tomato_mosaic_virus,8,Tomato___Tomato_mosaic_virus,8,True,0.9877970814704895,0.9877970814704895,Tomato___Spider_mites Two-spotted_spider_mite,0.009585974738001823,Tomato___Tomato_Yellow_Leaf_Curl_Virus,0.0015691196313127875
TRACK_A_INTERNAL,Tomato,tomato,tomato_plantvillage,D:\CropDiseaseProject\tomato_plantvillage\Tomato___Tomato_mosaic_virus\ffdb355f-1de6-4217-8aac-6695ee621512___PSU_CG 2342.JPG,Tomato___Tomato_mosaic_virus,8,Tomato___Tomato_mosaic_virus,8,True,0.945268452167511,0.945268452167511,Tomato___Leaf_Mold,0.023567691445350647,Tomato___Septoria_leaf_spot,0.023342519998550415
TRACK_A_INTERNAL,Tomato,tomato,tomato_plantvillage,D:\CropDiseaseProject\tomato_plantvillage\Tomato___Tomato_mosaic_virus\c16ac093-9b9b-4c37-b669-aa68f3cd55cf___PSU_CG 2270.JPG,Tomato___Tomato_mosaic_virus,8,Tomato___Tomato_mosaic_virus,8,True,0.8650301098823547,0.8650301098823547,Tomato___Leaf_Mold,0.08313120156526566,Tomato___Spider_mites Two-spotted_spider_mite,0.036664385348558426
TRACK_A_INTERNAL,Tomato,tomato,tomato_plantvillage,D:\CropDiseaseProject\tomato_plantvillage\Tomato___Tomato_mosaic_virus\046a2559-23b4-4018-a3db-337347ceb391___PSU_CG 2321.JPG,Tomato___Tomato_mosaic_virus,8,Tomato___Tomato_mosaic_virus,8,True,0.9552249908447266,0.9552249908447266,Tomato___healthy,0.041871070861816406,Tomato___Spider_mites Two-spotted_spider_mite,0.0022631927859038115
TRACK_A_INTERNAL,Tomato,tomato,tomato_plantvillage,D:\CropDiseaseProject\tomato_plantvillage\Tomato___Tomato_mosaic_virus\fc40f0c6-d15e-4c87-ad7d-8c376306b20c___PSU_CG 2198.JPG,Tomato___Tomato_mosaic_virus,8,Tomato___Tomato_mosaic_virus,8,True,0.9979771971702576,0.9979771971702576,Tomato___Spider_mites Two-spotted_spider_mite,0.0006571178091689944,Tomato___Late_blight,0.0005200152518227696
TRACK_A_INTERNAL,Tomato,tomato,tomato_plantvillage,D:\CropDiseaseProject\tomato_plantvillage\Tomato___Tomato_mosaic_virus\3790abe5-03cb-4d5c-bfaa-9dcbc64debb2___PSU_CG 2402.JPG,Tomato___Tomato_mosaic_virus,8,Tomato___Tomato_mosaic_virus,8,True,0.8993908166885376,0.8993908166885376,Tomato___healthy,0.06053231656551361,Tomato___Septoria_leaf_spot,0.03661830350756645
TRACK_A_INTERNAL,Tomato,tomato,tomato_plantvillage,D:\CropDiseaseProject\tomato_plantvillage\Tomato___Tomato_mosaic_virus\0c05f5bb-e38d-422f-8b1c-632d8c0d730c___PSU_CG 2133.JPG,Tomato___Tomato_mosaic_virus,8,Tomato___Tomato_mosaic_virus,8,True,0.9944151639938354,0.9944151639938354,Tomato___Spider_mites Two-spotted_spider_mite,0.004923186264932156,Tomato___Tomato_Yellow_Leaf_Curl_Virus,0.0003075295826420188
TRACK_A_INTERNAL,Tomato,tomato,tomato_plantvillage,D:\CropDiseaseProject\tomato_plantvillage\Tomato___Tomato_mosaic_virus\ebf036fa-436b-42aa-8a34-0b0f188bc54a___PSU_CG 2134.JPG,Tomato___Tomato_mosaic_virus,8,Tomato___Tomato_mosaic_virus,8,True,0.8526725769042969,0.8526725769042969,Tomato___Spider_mites Two-spotted_spider_mite,0.08875451236963272,Tomato___healthy,0.05473386496305466
TRACK_A_INTERNAL,Tomato,tomato,tomato_plantvillage,D:\CropDiseaseProject\tomato_plantvillage\Tomato___Tomato_mosaic_virus\f73758a1-230b-49a7-87ae-7265232b6b67___PSU_CG 2128.JPG,Tomato___Tomato_mosaic_virus,8,Tomato___Tomato_mosaic_virus,8,True,0.7960482239723206,0.7960482239723206,Tomato___Late_blight,0.10323423147201538,Tomato___Leaf_Mold,0.05493813753128052
TRACK_A_INTERNAL,Tomato,tomato,tomato_plantvillage,D:\CropDiseaseProject\tomato_plantvillage\Tomato___Tomato_mosaic_virus\263f99b9-9604-42c3-9a7f-687973b8dc79___PSU_CG 2280.JPG,Tomato___Tomato_mosaic_virus,8,Tomato___Tomato_mosaic_virus,8,True,0.5839318037033081,0.5839318037033081,Tomato___Spider_mites Two-spotted_spider_mite,0.3536283075809479,Tomato___Target_Spot,0.02412264794111252
TRACK_A_INTERNAL,Tomato,tomato,tomato_plantvillage,D:\CropDiseaseProject\tomato_plantvillage\Tomato___Tomato_mosaic_virus\b455e70e-1ff9-4081-a0bb-6d16c88402e3___PSU_CG 2105.JPG,Tomato___Tomato_mosaic_virus,8,Tomato___Tomato_mosaic_virus,8,True,0.9999127388000488,0.9999127388000488,Tomato___Septoria_leaf_spot,5.245499050943181e-05,Tomato___Spider_mites Two-spotted_spider_mite,1.7079835743061267e-05
TRACK_A_INTERNAL,Tomato,tomato,tomato_plantvillage,D:\CropDiseaseProject\tomato_plantvillage\Tomato___healthy\0184dc6b-bfc1-4515-ac59-bbadaf524e1a___GH_HL Leaf 422.1.JPG,Tomato___healthy,9,Tomato___healthy,9,True,0.990680992603302,0.990680992603302,Tomato___Target_Spot,0.0040801409631967545,Tomato___Septoria_leaf_spot,0.0021718249190598726
TRACK_A_INTERNAL,Tomato,tomato,tomato_plantvillage,D:\CropDiseaseProject\tomato_plantvillage\Tomato___healthy\acdbf632-8d26-472d-874f-6d7df5cd0432___RS_HL 9897.JPG,Tomato___healthy,9,Tomato___healthy,9,True,0.9961085915565491,0.9961085915565491,Tomato___Target_Spot,0.0038802397903054953,Tomato___Spider_mites Two-spotted_spider_mite,6.610068339796271e-06
TRACK_A_INTERNAL,Tomato,tomato,tomato_plantvillage,D:\CropDiseaseProject\tomato_plantvillage\Tomato___healthy\249797c6-648f-4df5-ab87-a0b82eb08801___GH_HL Leaf 495.JPG,Tomato___healthy,9,Tomato___healthy,9,True,0.9832562208175659,0.9832562208175659,Tomato___Septoria_leaf_spot,0.01403813622891903,Tomato___Target_Spot,0.0018242488149553537
TRACK_A_INTERNAL,Tomato,tomato,tomato_plantvillage,D:\CropDiseaseProject\tomato_plantvillage\Tomato___healthy\d688345e-4491-4f31-b2f4-d9111a12c2dd___GH_HL Leaf 288.JPG,Tomato___healthy,9,Tomato___healthy,9,True,0.9999983310699463,0.9999983310699463,Tomato___Target_Spot,1.5914117739157518e-06,Tomato___Septoria_leaf_spot,1.4372533385653696e-08
TRACK_A_INTERNAL,Tomato,tomato,tomato_plantvillage,D:\CropDiseaseProject\tomato_plantvillage\Tomato___healthy\1d024f2a-0ceb-4560-81fc-1114e6341f02___RS_HL 0431.JPG,Tomato___healthy,9,Tomato___healthy,9,True,0.9980258941650391,0.9980258941650391,Tomato___Target_Spot,0.0015212279977276921,Tomato___Spider_mites Two-spotted_spider_mite,0.0004528227145783603
TRACK_A_INTERNAL,Tomato,tomato,tomato_plantvillage,D:\CropDiseaseProject\tomato_plantvillage\Tomato___healthy\62c36cad-2102-451d-aca7-93f2e58e14ab___RS_HL 0481.JPG,Tomato___healthy,9,Tomato___healthy,9,True,0.9999469518661499,0.9999469518661499,Tomato___Spider_mites Two-spotted_spider_mite,4.85991986352019e-05,Tomato___Target_Spot,4.416463525558356e-06
TRACK_A_INTERNAL,Tomato,tomato,tomato_plantvillage,D:\CropDiseaseProject\tomato_plantvillage\Tomato___healthy\787fe2db-da4f-4655-bbb7-6fd8025feffe___RS_HL 9795.JPG,Tomato___healthy,9,Tomato___healthy,9,True,0.9995235204696655,0.9995235204696655,Tomato___Target_Spot,0.0003136509330943227,Tomato___Spider_mites Two-spotted_spider_mite,0.0001611858169781044
TRACK_A_INTERNAL,Tomato,tomato,tomato_plantvillage,D:\CropDiseaseProject\tomato_plantvillage\Tomato___healthy\ad8359a4-48b9-4469-a012-ed9b220de38e___GH_HL Leaf 285.1.JPG,Tomato___healthy,9,Tomato___healthy,9,True,0.9948263764381409,0.9948263764381409,Tomato___Spider_mites Two-spotted_spider_mite,0.0026580514386296272,Tomato___Target_Spot,0.0020862517412751913
TRACK_A_INTERNAL,Tomato,tomato,tomato_plantvillage,D:\CropDiseaseProject\tomato_plantvillage\Tomato___healthy\9721c76f-52cc-4a63-a465-4cc32974806c___GH_HL Leaf 431.1.JPG,Tomato___healthy,9,Tomato___healthy,9,True,0.9757975935935974,0.9757975935935974,Tomato___Target_Spot,0.01590789295732975,Tomato___Spider_mites Two-spotted_spider_mite,0.006532773375511169
TRACK_A_INTERNAL,Tomato,tomato,tomato_plantvillage,D:\CropDiseaseProject\tomato_plantvillage\Tomato___healthy\e6d12c88-7d13-4b26-ada8-c5b34ccc77a5___RS_HL 0435.JPG,Tomato___healthy,9,Tomato___healthy,9,True,0.945212721824646,0.945212721824646,Tomato___Target_Spot,0.05375112220644951,Tomato___Septoria_leaf_spot,0.0006201340002007782
TRACK_A_INTERNAL,Tomato,tomato,tomato_plantvillage,D:\CropDiseaseProject\tomato_plantvillage\Tomato___healthy\a882bb71-3c0f-4778-94db-9a228cfe619a___RS_HL 0095.JPG,Tomato___healthy,9,Tomato___healthy,9,True,0.999714195728302,0.999714195728302,Tomato___Target_Spot,0.00022856987197883427,Tomato___Spider_mites Two-spotted_spider_mite,5.714557119063102e-05
TRACK_A_INTERNAL,Tomato,tomato,tomato_plantvillage,D:\CropDiseaseProject\tomato_plantvillage\Tomato___healthy\2f9e1c60-06fc-41e9-af7d-a91c4a5e9f3d___GH_HL Leaf 504.1.JPG,Tomato___healthy,9,Tomato___healthy,9,True,0.9961165189743042,0.9961165189743042,Tomato___Septoria_leaf_spot,0.0029439127538353205,Tomato___Tomato_mosaic_virus,0.00046951163676567376
TRACK_A_INTERNAL,Tomato,tomato,tomato_plantvillage,D:\CropDiseaseProject\tomato_plantvillage\Tomato___healthy\e9dbb60b-ba84-43c7-a1cc-55ce4712e892___RS_HL 0404.JPG,Tomato___healthy,9,Tomato___healthy,9,True,0.9997125267982483,0.9997125267982483,Tomato___Spider_mites Two-spotted_spider_mite,0.00024304378894157708,Tomato___Target_Spot,4.404193896334618e-05
TRACK_A_INTERNAL,Tomato,tomato,tomato_plantvillage,D:\CropDiseaseProject\tomato_plantvillage\Tomato___healthy\647d15d1-5520-458d-92a4-bd647bbccb90___RS_HL 9934.JPG,Tomato___healthy,9,Tomato___healthy,9,True,0.993392288684845,0.993392288684845,Tomato___Spider_mites Two-spotted_spider_mite,0.005835212301462889,Tomato___Target_Spot,0.0006626159301958978
TRACK_A_INTERNAL,Tomato,tomato,tomato_plantvillage,D:\CropDiseaseProject\tomato_plantvillage\Tomato___healthy\c59a5a86-2645-49e0-a6e0-c9e8112f95d5___GH_HL Leaf 166.1.JPG,Tomato___healthy,9,Tomato___healthy,9,True,0.9949824213981628,0.9949824213981628,Tomato___Late_blight,0.004981592297554016,Tomato___Septoria_leaf_spot,1.654209518164862e-05
TRACK_A_INTERNAL,Tomato,tomato,tomato_plantvillage,D:\CropDiseaseProject\tomato_plantvillage\Tomato___healthy\7864a688-3ee0-4ddc-83e8-6edb177dd6bf___GH_HL Leaf 193.1.JPG,Tomato___healthy,9,Tomato___healthy,9,True,0.9892318844795227,0.9892318844795227,Tomato___Septoria_leaf_spot,0.008427567780017853,Tomato___Target_Spot,0.0018236796604469419
TRACK_A_INTERNAL,Tomato,tomato,tomato_plantvillage,D:\CropDiseaseProject\tomato_plantvillage\Tomato___healthy\22356f83-9bb2-4b42-9283-bbf8e0dffba0___RS_HL 0430.JPG,Tomato___healthy,9,Tomato___healthy,9,True,0.7107304334640503,0.7107304334640503,Tomato___Target_Spot,0.2839721441268921,Tomato___Septoria_leaf_spot,0.0024583041667938232
TRACK_A_INTERNAL,Tomato,tomato,tomato_plantvillage,D:\CropDiseaseProject\tomato_plantvillage\Tomato___healthy\cae87492-704e-472a-8bc4-fea1ce042167___RS_HL 9915.JPG,Tomato___healthy,9,Tomato___healthy,9,True,0.9948328733444214,0.9948328733444214,Tomato___Target_Spot,0.004779179114848375,Tomato___Spider_mites Two-spotted_spider_mite,0.0003573324647732079
TRACK_A_INTERNAL,Tomato,tomato,tomato_plantvillage,D:\CropDiseaseProject\tomato_plantvillage\Tomato___healthy\221b0575-215a-430d-a728-60020b7ad160___GH_HL Leaf 340.JPG,Tomato___healthy,9,Tomato___healthy,9,True,0.9986220598220825,0.9986220598220825,Tomato___Target_Spot,0.0004202506970614195,Tomato___Spider_mites Two-spotted_spider_mite,0.0004127965366933495
TRACK_A_INTERNAL,Tomato,tomato,tomato_plantvillage,D:\CropDiseaseProject\tomato_plantvillage\Tomato___healthy\c17bbdf8-c589-44bc-a805-6dec51568733___GH_HL Leaf 402.JPG,Tomato___healthy,9,Tomato___healthy,9,True,0.998160183429718,0.998160183429718,Tomato___Target_Spot,0.0016070655547082424,Tomato___Spider_mites Two-spotted_spider_mite,0.00015889490896370262
TRACK_A_INTERNAL,Tomato,tomato,tomato_plantvillage,D:\CropDiseaseProject\tomato_plantvillage\Tomato___healthy\6f6db1db-e3d1-4715-b46e-d0c64524da81___GH_HL Leaf 502.4.JPG,Tomato___healthy,9,Tomato___healthy,9,True,0.9301533102989197,0.9301533102989197,Tomato___Septoria_leaf_spot,0.06304598599672318,Tomato___Late_blight,0.003686815733090043
TRACK_A_INTERNAL,Tomato,tomato,tomato_plantvillage,D:\CropDiseaseProject\tomato_plantvillage\Tomato___healthy\87f08e15-5b2d-4d01-b83b-fd958eba02d4___GH_HL Leaf 434.2.JPG,Tomato___healthy,9,Tomato___healthy,9,True,0.9787120819091797,0.9787120819091797,Tomato___Target_Spot,0.013686463236808777,Tomato___Spider_mites Two-spotted_spider_mite,0.0040387739427387714
TRACK_A_INTERNAL,Tomato,tomato,tomato_plantvillage,D:\CropDiseaseProject\tomato_plantvillage\Tomato___healthy\68f66822-cde2-4a2c-b58e-a16900362a75___RS_HL 9674.JPG,Tomato___healthy,9,Tomato___healthy,9,True,0.8788518309593201,0.8788518309593201,Tomato___Spider_mites Two-spotted_spider_mite,0.11798598617315292,Tomato___Target_Spot,0.003044748678803444
TRACK_A_INTERNAL,Tomato,tomato,tomato_plantvillage,D:\CropDiseaseProject\tomato_plantvillage\Tomato___healthy\5546f7a3-67af-432a-9a09-35f02e6cc741___GH_HL Leaf 216.JPG,Tomato___healthy,9,Tomato___healthy,9,True,0.9999756813049316,0.9999756813049316,Tomato___Target_Spot,2.3043612600304186e-05,Tomato___Late_blight,6.441259756684303e-07
TRACK_A_INTERNAL,Tomato,tomato,tomato_plantvillage,D:\CropDiseaseProject\tomato_plantvillage\Tomato___healthy\8e9914bb-920e-4469-b1d4-580ab5e8790a___RS_HL 0069.JPG,Tomato___healthy,9,Tomato___healthy,9,True,0.9849815368652344,0.9849815368652344,Tomato___Target_Spot,0.01377339381724596,Tomato___Spider_mites Two-spotted_spider_mite,0.0006008176133036613
TRACK_A_INTERNAL,Tomato,tomato,tomato_plantvillage,D:\CropDiseaseProject\tomato_plantvillage\Tomato___healthy\8f3da0fb-90a0-4eac-b065-822895c41c54___GH_HL Leaf 265.1.JPG,Tomato___healthy,9,Tomato___healthy,9,True,0.9983593821525574,0.9983593821525574,Tomato___Target_Spot,0.001341729424893856,Tomato___Spider_mites Two-spotted_spider_mite,0.00016304306336678565
TRACK_A_INTERNAL,Tomato,tomato,tomato_plantvillage,D:\CropDiseaseProject\tomato_plantvillage\Tomato___healthy\eacb7fe2-5c0a-4058-a7d7-a2270faee988___RS_HL 9654.JPG,Tomato___healthy,9,Tomato___healthy,9,True,0.9896091222763062,0.9896091222763062,Tomato___Target_Spot,0.009099575690925121,Tomato___Spider_mites Two-spotted_spider_mite,0.0012622589711099863
TRACK_A_INTERNAL,Tomato,tomato,tomato_plantvillage,D:\CropDiseaseProject\tomato_plantvillage\Tomato___healthy\c09f9b09-e43d-46bd-96d7-bb1162b4bb52___RS_HL 9644.JPG,Tomato___healthy,9,Tomato___healthy,9,True,0.9994727969169617,0.9994727969169617,Tomato___Target_Spot,0.0004057820769958198,Tomato___Spider_mites Two-spotted_spider_mite,0.0001211181006510742
TRACK_A_INTERNAL,Tomato,tomato,tomato_plantvillage,D:\CropDiseaseProject\tomato_plantvillage\Tomato___healthy\48cbd826-6822-4bd9-8bb4-6595db85a3f2___RS_HL 9783.JPG,Tomato___healthy,9,Tomato___healthy,9,True,0.9710020422935486,0.9710020422935486,Tomato___Target_Spot,0.028056267648935318,Tomato___Spider_mites Two-spotted_spider_mite,0.0008415860356763005
TRACK_A_INTERNAL,Tomato,tomato,tomato_plantvillage,D:\CropDiseaseProject\tomato_plantvillage\Tomato___healthy\8f009cfa-d6f0-4e8b-8950-71638f04d2c1___RS_HL 0582.JPG,Tomato___healthy,9,Tomato___healthy,9,True,0.9990412592887878,0.9990412592887878,Tomato___Spider_mites Two-spotted_spider_mite,0.000903100473806262,Tomato___Target_Spot,5.545413660001941e-05
TRACK_A_INTERNAL,Grape,grape_niphad,grape_niphad,D:\CropDiseaseProject\grape_niphad\Bacterial Leaf Spot\Bacterial Leaf Spot_38.jpg,Bacterial Leaf Spot,0,Bacterial Leaf Spot,0,True,0.9311489462852478,0.9311489462852478,Healthy Leaves,0.06354678422212601,Downy Mildew,0.004509084392338991
TRACK_A_INTERNAL,Grape,grape_niphad,grape_niphad,D:\CropDiseaseProject\grape_niphad\Bacterial Leaf Spot\Bacterial Leaf Spot_42.JPG,Bacterial Leaf Spot,0,Bacterial Leaf Spot,0,True,0.8853162527084351,0.8853162527084351,Powdery Mildew,0.0992749035358429,Healthy Leaves,0.011829572729766369
TRACK_A_INTERNAL,Grape,grape_niphad,grape_niphad,D:\CropDiseaseProject\grape_niphad\Bacterial Leaf Spot\Bacterial Leaf Spot_77.jpg,Bacterial Leaf Spot,0,Bacterial Leaf Spot,0,True,0.998029887676239,0.998029887676239,Healthy Leaves,0.0016922059003263712,Downy Mildew,0.0002747616090346128
TRACK_A_INTERNAL,Grape,grape_niphad,grape_niphad,D:\CropDiseaseProject\grape_niphad\Bacterial Leaf Spot\Bacterial Leaf Spot_55.jpg,Bacterial Leaf Spot,0,Bacterial Leaf Spot,0,True,0.9999904632568359,0.9999904632568359,Powdery Mildew,5.17033004143741e-06,Downy Mildew,3.941129307349911e-06
TRACK_A_INTERNAL,Grape,grape_niphad,grape_niphad,D:\CropDiseaseProject\grape_niphad\Bacterial Leaf Spot\Bacterial Leaf Spot_100.png,Bacterial Leaf Spot,0,Bacterial Leaf Spot,0,True,0.9064440131187439,0.9064440131187439,Healthy Leaves,0.08142001926898956,Esca (Black Measles),0.009659306146204472
TRACK_A_INTERNAL,Grape,grape_niphad,grape_niphad,D:\CropDiseaseProject\grape_niphad\Bacterial Leaf Spot\Bacterial Leaf Spot_94.png,Bacterial Leaf Spot,0,Bacterial Leaf Spot,0,True,0.9502527713775635,0.9502527713775635,Leaf Blight,0.027515970170497894,Downy Mildew,0.020960602909326553
TRACK_A_INTERNAL,Grape,grape_niphad,grape_niphad,D:\CropDiseaseProject\grape_niphad\Bacterial Leaf Spot\Bacterial Leaf Spot_83.jpg,Bacterial Leaf Spot,0,Healthy Leaves,4,False,0.5910947918891907,0.3531475365161896,Bacterial Leaf Spot,0.3531475365161896,Downy Mildew,0.035907965153455734
TRACK_A_INTERNAL,Grape,grape_niphad,grape_niphad,D:\CropDiseaseProject\grape_niphad\Bacterial Leaf Spot\Bacterial Leaf Spot_88.png,Bacterial Leaf Spot,0,Bacterial Leaf Spot,0,True,0.9838567972183228,0.9838567972183228,Healthy Leaves,0.005544170271605253,Leaf Blight,0.0035361836198717356
TRACK_A_INTERNAL,Grape,grape_niphad,grape_niphad,D:\CropDiseaseProject\grape_niphad\Bacterial Leaf Spot\Bacterial Leaf Spot_60.jpg,Bacterial Leaf Spot,0,Bacterial Leaf Spot,0,True,0.6346672773361206,0.6346672773361206,Healthy Leaves,0.3586502969264984,Downy Mildew,0.0064487820491194725
TRACK_A_INTERNAL,Grape,grape_niphad,grape_niphad,D:\CropDiseaseProject\grape_niphad\Bacterial Leaf Spot\Bacterial Leaf Spot_46.JPG,Bacterial Leaf Spot,0,Bacterial Leaf Spot,0,True,0.9538315534591675,0.9538315534591675,Downy Mildew,0.017343852669000626,Healthy Leaves,0.016994409263134003
TRACK_A_INTERNAL,Grape,grape_niphad,grape_niphad,D:\CropDiseaseProject\grape_niphad\Bacterial Leaf Spot\Bacterial Leaf Spot_85.png,Bacterial Leaf Spot,0,Downy Mildew,2,False,0.9683127999305725,0.018697045743465424,Bacterial Leaf Spot,0.018697045743465424,Powdery Mildew,0.005602243356406689
TRACK_A_INTERNAL,Grape,grape_niphad,grape_niphad,D:\CropDiseaseProject\grape_niphad\Bacterial Leaf Spot\Bacterial Leaf Spot_21.jpg,Bacterial Leaf Spot,0,Bacterial Leaf Spot,0,True,0.9419249892234802,0.9419249892234802,Downy Mildew,0.05189238488674164,Black Rot,0.0028048381209373474
TRACK_A_INTERNAL,Grape,grape_niphad,grape_niphad,D:\CropDiseaseProject\grape_niphad\Bacterial Leaf Spot\Bacterial Leaf Spot_61.jpg,Bacterial Leaf Spot,0,Bacterial Leaf Spot,0,True,0.9702599048614502,0.9702599048614502,Powdery Mildew,0.02938629686832428,Downy Mildew,0.00014816522889304906
TRACK_A_INTERNAL,Grape,grape_niphad,grape_niphad,D:\CropDiseaseProject\grape_niphad\Bacterial Leaf Spot\Bacterial Leaf Spot_80.jpg,Bacterial Leaf Spot,0,Bacterial Leaf Spot,0,True,0.9097074270248413,0.9097074270248413,Healthy Leaves,0.086551234126091,Downy Mildew,0.003507687710225582
TRACK_A_INTERNAL,Grape,grape_niphad,grape_niphad,D:\CropDiseaseProject\grape_niphad\Bacterial Leaf Spot\Bacterial Leaf Spot_73.jpg,Bacterial Leaf Spot,0,Bacterial Leaf Spot,0,True,0.7618238925933838,0.7618238925933838,Healthy Leaves,0.2310980260372162,Downy Mildew,0.005237022414803505
TRACK_A_INTERNAL,Grape,grape_niphad,grape_niphad,D:\CropDiseaseProject\grape_niphad\Downy Mildew\Downy Mildew_795.jpg,Downy Mildew,2,Downy Mildew,2,True,0.9997527003288269,0.9997527003288269,Healthy Leaves,0.00021434269729070365,Powdery Mildew,2.6166428142460063e-05
TRACK_A_INTERNAL,Grape,grape_niphad,grape_niphad,D:\CropDiseaseProject\grape_niphad\Downy Mildew\Downy Mildew_412.jpg,Downy Mildew,2,Downy Mildew,2,True,0.9184255599975586,0.9184255599975586,Healthy Leaves,0.07611557841300964,Powdery Mildew,0.0051046269945800304
TRACK_A_INTERNAL,Grape,grape_niphad,grape_niphad,D:\CropDiseaseProject\grape_niphad\Downy Mildew\Downy Mildew_512.jpg,Downy Mildew,2,Downy Mildew,2,True,0.9958368539810181,0.9958368539810181,Powdery Mildew,0.004036908037960529,Healthy Leaves,8.439048542641103e-05
TRACK_A_INTERNAL,Grape,grape_niphad,grape_niphad,D:\CropDiseaseProject\grape_niphad\Downy Mildew\Downy Mildew_348.jpg,Downy Mildew,2,Downy Mildew,2,True,0.9833005666732788,0.9833005666732788,Powdery Mildew,0.01660115085542202,Healthy Leaves,9.815915109356865e-05
TRACK_A_INTERNAL,Grape,grape_niphad,grape_niphad,D:\CropDiseaseProject\grape_niphad\Downy Mildew\Downy Mildew_261.jpg,Downy Mildew,2,Downy Mildew,2,True,0.9999555349349976,0.9999555349349976,Powdery Mildew,3.5156612284481525e-05,Leaf Blight,5.576324383582687e-06
TRACK_A_INTERNAL,Grape,grape_niphad,grape_niphad,D:\CropDiseaseProject\grape_niphad\Downy Mildew\Downy Mildew_469.jpg,Downy Mildew,2,Downy Mildew,2,True,0.9999982118606567,0.9999982118606567,Powdery Mildew,1.605997908882273e-06,Bacterial Leaf Spot,1.6073133224381309e-07
TRACK_A_INTERNAL,Grape,grape_niphad,grape_niphad,D:\CropDiseaseProject\grape_niphad\Downy Mildew\Downy Mildew_451.jpg,Downy Mildew,2,Downy Mildew,2,True,0.9999997615814209,0.9999997615814209,Powdery Mildew,2.8229831627868407e-07,Bacterial Leaf Spot,3.290368510988628e-08
TRACK_A_INTERNAL,Grape,grape_niphad,grape_niphad,D:\CropDiseaseProject\grape_niphad\Downy Mildew\Downy Mildew_591.jpg,Downy Mildew,2,Downy Mildew,2,True,0.9999427795410156,0.9999427795410156,Powdery Mildew,5.692363629350439e-05,Bacterial Leaf Spot,2.1908083169819292e-07
TRACK_A_INTERNAL,Grape,grape_niphad,grape_niphad,D:\CropDiseaseProject\grape_niphad\Downy Mildew\Downy Mildew_620.jpg,Downy Mildew,2,Downy Mildew,2,True,0.9944239258766174,0.9944239258766174,Healthy Leaves,0.005206161644309759,Bacterial Leaf Spot,0.0003633087908383459
TRACK_A_INTERNAL,Grape,grape_niphad,grape_niphad,D:\CropDiseaseProject\grape_niphad\Downy Mildew\Downy Mildew_947.jpg,Downy Mildew,2,Downy Mildew,2,True,0.7221654653549194,0.7221654653549194,Healthy Leaves,0.2774933874607086,Black Rot,0.0002080708072753623
TRACK_A_INTERNAL,Grape,grape_niphad,grape_niphad,D:\CropDiseaseProject\grape_niphad\Downy Mildew\Downy Mildew_793.jpg,Downy Mildew,2,Downy Mildew,2,True,0.9865255355834961,0.9865255355834961,Powdery Mildew,0.010591011494398117,Black Rot,0.0016622391995042562
TRACK_A_INTERNAL,Grape,grape_niphad,grape_niphad,D:\CropDiseaseProject\grape_niphad\Downy Mildew\Downy Mildew_267.jpg,Downy Mildew,2,Downy Mildew,2,True,0.9855336546897888,0.9855336546897888,Powdery Mildew,0.013462035916745663,Healthy Leaves,0.0009955799905583262
TRACK_A_INTERNAL,Grape,grape_niphad,grape_niphad,D:\CropDiseaseProject\grape_niphad\Downy Mildew\Downy Mildew_788.jpg,Downy Mildew,2,Downy Mildew,2,True,0.9984579086303711,0.9984579086303711,Powdery Mildew,0.0011212796671316028,Healthy Leaves,0.00031145158573053777
TRACK_A_INTERNAL,Grape,grape_niphad,grape_niphad,D:\CropDiseaseProject\grape_niphad\Downy Mildew\Downy Mildew_646.jpg,Downy Mildew,2,Downy Mildew,2,True,0.9987291693687439,0.9987291693687439,Healthy Leaves,0.001032370375469327,Bacterial Leaf Spot,0.0001670444180490449
TRACK_A_INTERNAL,Grape,grape_niphad,grape_niphad,D:\CropDiseaseProject\grape_niphad\Downy Mildew\Downy Mildew_60.jpg,Downy Mildew,2,Downy Mildew,2,True,0.9996104836463928,0.9996104836463928,Powdery Mildew,0.00033529166830703616,Healthy Leaves,3.184479282936081e-05
TRACK_A_INTERNAL,Grape,grape_niphad,grape_niphad,D:\CropDiseaseProject\grape_niphad\Downy Mildew\Downy Mildew_111.jpg,Downy Mildew,2,Downy Mildew,2,True,0.8968689441680908,0.8968689441680908,Healthy Leaves,0.09551805257797241,Powdery Mildew,0.004674735479056835
TRACK_A_INTERNAL,Grape,grape_niphad,grape_niphad,D:\CropDiseaseProject\grape_niphad\Downy Mildew\Downy Mildew_102.jpg,Downy Mildew,2,Downy Mildew,2,True,0.9938051700592041,0.9938051700592041,Healthy Leaves,0.005908722057938576,Powdery Mildew,0.0002840398228727281
TRACK_A_INTERNAL,Grape,grape_niphad,grape_niphad,D:\CropDiseaseProject\grape_niphad\Downy Mildew\Downy Mildew_479.jpg,Downy Mildew,2,Downy Mildew,2,True,0.9715414047241211,0.9715414047241211,Powdery Mildew,0.022138647735118866,Healthy Leaves,0.0060937656089663506
TRACK_A_INTERNAL,Grape,grape_niphad,grape_niphad,D:\CropDiseaseProject\grape_niphad\Downy Mildew\Downy Mildew_915.jpg,Downy Mildew,2,Downy Mildew,2,True,0.9547716975212097,0.9547716975212097,Healthy Leaves,0.04303620755672455,Powdery Mildew,0.001913142274133861
TRACK_A_INTERNAL,Grape,grape_niphad,grape_niphad,D:\CropDiseaseProject\grape_niphad\Downy Mildew\Downy Mildew_438.jpg,Downy Mildew,2,Downy Mildew,2,True,0.9999505281448364,0.9999505281448364,Powdery Mildew,3.692245445563458e-05,Healthy Leaves,1.2232845620019361e-05
TRACK_A_INTERNAL,Grape,grape_niphad,grape_niphad,D:\CropDiseaseProject\grape_niphad\Downy Mildew\Downy Mildew_704.jpg,Downy Mildew,2,Downy Mildew,2,True,0.9983571171760559,0.9983571171760559,Powdery Mildew,0.00115467410068959,Bacterial Leaf Spot,0.0003291838220320642
TRACK_A_INTERNAL,Grape,grape_niphad,grape_niphad,D:\CropDiseaseProject\grape_niphad\Downy Mildew\Downy Mildew_933.jpg,Downy Mildew,2,Downy Mildew,2,True,0.9997525811195374,0.9997525811195374,Healthy Leaves,0.00020312686683610082,Powdery Mildew,3.556377487257123e-05
TRACK_A_INTERNAL,Grape,grape_niphad,grape_niphad,D:\CropDiseaseProject\grape_niphad\Downy Mildew\Downy Mildew_252.jpg,Downy Mildew,2,Downy Mildew,2,True,0.996778666973114,0.996778666973114,Healthy Leaves,0.0028510140255093575,Powdery Mildew,0.00029230109066702425
TRACK_A_INTERNAL,Grape,grape_niphad,grape_niphad,D:\CropDiseaseProject\grape_niphad\Downy Mildew\Downy Mildew_920.jpg,Downy Mildew,2,Downy Mildew,2,True,0.9995784163475037,0.9995784163475037,Healthy Leaves,0.0003678461944218725,Bacterial Leaf Spot,5.062757190898992e-05
TRACK_A_INTERNAL,Grape,grape_niphad,grape_niphad,D:\CropDiseaseProject\grape_niphad\Downy Mildew\Downy Mildew_494.jpg,Downy Mildew,2,Downy Mildew,2,True,0.9935961961746216,0.9935961961746216,Bacterial Leaf Spot,0.0054191239178180695,Powdery Mildew,0.000798828958068043
TRACK_A_INTERNAL,Grape,grape_niphad,grape_niphad,D:\CropDiseaseProject\grape_niphad\Downy Mildew\Downy Mildew_132.jpg,Downy Mildew,2,Downy Mildew,2,True,0.9999170303344727,0.9999170303344727,Healthy Leaves,5.154607424628921e-05,Powdery Mildew,3.0662875360576436e-05
TRACK_A_INTERNAL,Grape,grape_niphad,grape_niphad,D:\CropDiseaseProject\grape_niphad\Downy Mildew\Downy Mildew_884.jpg,Downy Mildew,2,Downy Mildew,2,True,0.9999011754989624,0.9999011754989624,Powdery Mildew,9.607695392332971e-05,Healthy Leaves,2.41233101405669e-06
TRACK_A_INTERNAL,Grape,grape_niphad,grape_niphad,D:\CropDiseaseProject\grape_niphad\Downy Mildew\Downy Mildew_76.jpg,Downy Mildew,2,Downy Mildew,2,True,0.9334129095077515,0.9334129095077515,Powdery Mildew,0.052840668708086014,Healthy Leaves,0.009846984408795834
TRACK_A_INTERNAL,Grape,grape_niphad,grape_niphad,D:\CropDiseaseProject\grape_niphad\Downy Mildew\Downy Mildew_531.jpg,Downy Mildew,2,Downy Mildew,2,True,0.9999921321868896,0.9999921321868896,Powdery Mildew,7.635998372279573e-06,Bacterial Leaf Spot,5.858481344489519e-08
TRACK_A_INTERNAL,Grape,grape_niphad,grape_niphad,D:\CropDiseaseProject\grape_niphad\Downy Mildew\Downy Mildew_739.jpg,Downy Mildew,2,Downy Mildew,2,True,0.9988877177238464,0.9988877177238464,Healthy Leaves,0.0010485212551429868,Powdery Mildew,5.629883526125923e-05
TRACK_A_INTERNAL,Grape,grape_niphad,grape_niphad,D:\CropDiseaseProject\grape_niphad\Healthy Leaves\Healthy Leaves_387.jpg,Healthy Leaves,4,Healthy Leaves,4,True,0.9999338388442993,0.9999338388442993,Powdery Mildew,4.929857823299244e-05,Black Rot,1.0339912478229962e-05
TRACK_A_INTERNAL,Grape,grape_niphad,grape_niphad,D:\CropDiseaseProject\grape_niphad\Healthy Leaves\Healthy Leaves_1095.jpg,Healthy Leaves,4,Healthy Leaves,4,True,0.9776993989944458,0.9776993989944458,Downy Mildew,0.014630894176661968,Powdery Mildew,0.006851361598819494
TRACK_A_INTERNAL,Grape,grape_niphad,grape_niphad,D:\CropDiseaseProject\grape_niphad\Healthy Leaves\Healthy Leaves_1034.jpg,Healthy Leaves,4,Healthy Leaves,4,True,0.9947633147239685,0.9947633147239685,Powdery Mildew,0.005148535594344139,Black Rot,6.062336251488887e-05
TRACK_A_INTERNAL,Grape,grape_niphad,grape_niphad,D:\CropDiseaseProject\grape_niphad\Healthy Leaves\Healthy Leaves_71.jpg,Healthy Leaves,4,Healthy Leaves,4,True,0.956823468208313,0.956823468208313,Powdery Mildew,0.03649388998746872,Downy Mildew,0.005322089418768883
TRACK_A_INTERNAL,Grape,grape_niphad,grape_niphad,D:\CropDiseaseProject\grape_niphad\Healthy Leaves\Healthy Leaves_509.jpg,Healthy Leaves,4,Healthy Leaves,4,True,0.9982178807258606,0.9982178807258606,Powdery Mildew,0.0016989926807582378,Downy Mildew,7.127039134502411e-05
TRACK_A_INTERNAL,Grape,grape_niphad,grape_niphad,D:\CropDiseaseProject\grape_niphad\Healthy Leaves\Healthy Leaves_464.jpg,Healthy Leaves,4,Healthy Leaves,4,True,0.9998593330383301,0.9998593330383301,Bacterial Leaf Spot,6.578100146725774e-05,Black Rot,3.410981662455015e-05
TRACK_A_INTERNAL,Grape,grape_niphad,grape_niphad,D:\CropDiseaseProject\grape_niphad\Healthy Leaves\Healthy Leaves_446.jpg,Healthy Leaves,4,Healthy Leaves,4,True,0.9946735501289368,0.9946735501289368,Powdery Mildew,0.00500892149284482,Downy Mildew,0.000304106593830511
TRACK_A_INTERNAL,Grape,grape_niphad,grape_niphad,D:\CropDiseaseProject\grape_niphad\Healthy Leaves\Healthy Leaves_276.jpg,Healthy Leaves,4,Healthy Leaves,4,True,0.9649412631988525,0.9649412631988525,Powdery Mildew,0.020984793081879616,Downy Mildew,0.011104704812169075
TRACK_A_INTERNAL,Grape,grape_niphad,grape_niphad,D:\CropDiseaseProject\grape_niphad\Healthy Leaves\Healthy Leaves_268.jpg,Healthy Leaves,4,Healthy Leaves,4,True,0.9986190795898438,0.9986190795898438,Bacterial Leaf Spot,0.0009869936620816588,Downy Mildew,0.0003125043003819883
TRACK_A_INTERNAL,Grape,grape_niphad,grape_niphad,D:\CropDiseaseProject\grape_niphad\Healthy Leaves\Healthy Leaves_1035.jpg,Healthy Leaves,4,Healthy Leaves,4,True,0.997296154499054,0.997296154499054,Powdery Mildew,0.0024257185868918896,Downy Mildew,0.00027557872817851603
TRACK_A_INTERNAL,Grape,grape_niphad,grape_niphad,D:\CropDiseaseProject\grape_niphad\Healthy Leaves\Healthy Leaves_901.jpg,Healthy Leaves,4,Healthy Leaves,4,True,0.9635037779808044,0.9635037779808044,Downy Mildew,0.02081674337387085,Bacterial Leaf Spot,0.013679804280400276
TRACK_A_INTERNAL,Grape,grape_niphad,grape_niphad,D:\CropDiseaseProject\grape_niphad\Healthy Leaves\Healthy Leaves_1167.jpg,Healthy Leaves,4,Healthy Leaves,4,True,0.9941725134849548,0.9941725134849548,Downy Mildew,0.005128282587975264,Powdery Mildew,0.0006359614781104028
TRACK_A_INTERNAL,Grape,grape_niphad,grape_niphad,D:\CropDiseaseProject\grape_niphad\Healthy Leaves\Healthy Leaves_500.jpg,Healthy Leaves,4,Healthy Leaves,4,True,0.9868658185005188,0.9868658185005188,Downy Mildew,0.011194908991456032,Bacterial Leaf Spot,0.0014665330527350307
TRACK_A_INTERNAL,Grape,grape_niphad,grape_niphad,D:\CropDiseaseProject\grape_niphad\Healthy Leaves\Healthy Leaves_183.jpg,Healthy Leaves,4,Healthy Leaves,4,True,0.9997692704200745,0.9997692704200745,Powdery Mildew,0.00021713550086133182,Downy Mildew,1.3355373084777966e-05
TRACK_A_INTERNAL,Grape,grape_niphad,grape_niphad,D:\CropDiseaseProject\grape_niphad\Healthy Leaves\Healthy Leaves_1161.png,Healthy Leaves,4,Healthy Leaves,4,True,0.998582124710083,0.998582124710083,Esca (Black Measles),0.0008868432487361133,Powdery Mildew,0.00022777190315537155
TRACK_A_INTERNAL,Grape,grape_niphad,grape_niphad,D:\CropDiseaseProject\grape_niphad\Healthy Leaves\Healthy Leaves_549.jpg,Healthy Leaves,4,Healthy Leaves,4,True,0.9999914169311523,0.9999914169311523,Powdery Mildew,7.659828952455427e-06,Downy Mildew,4.185437774140155e-07
TRACK_A_INTERNAL,Grape,grape_niphad,grape_niphad,D:\CropDiseaseProject\grape_niphad\Healthy Leaves\Healthy Leaves_1149.jpg,Healthy Leaves,4,Healthy Leaves,4,True,0.9985853433609009,0.9985853433609009,Bacterial Leaf Spot,0.0010131828021258116,Downy Mildew,0.0003197810729034245
TRACK_A_INTERNAL,Grape,grape_niphad,grape_niphad,D:\CropDiseaseProject\grape_niphad\Healthy Leaves\Healthy Leaves_1023.jpg,Healthy Leaves,4,Healthy Leaves,4,True,0.9914947748184204,0.9914947748184204,Powdery Mildew,0.007905488833785057,Downy Mildew,0.0002237865119241178
TRACK_A_INTERNAL,Grape,grape_niphad,grape_niphad,D:\CropDiseaseProject\grape_niphad\Healthy Leaves\Healthy Leaves_817.jpg,Healthy Leaves,4,Healthy Leaves,4,True,0.9523164629936218,0.9523164629936218,Downy Mildew,0.0352814756333828,Powdery Mildew,0.01204815786331892
TRACK_A_INTERNAL,Grape,grape_niphad,grape_niphad,D:\CropDiseaseProject\grape_niphad\Healthy Leaves\Healthy Leaves_821.jpg,Healthy Leaves,4,Healthy Leaves,4,True,0.9995031356811523,0.9995031356811523,Downy Mildew,0.0004407649103086442,Powdery Mildew,3.513976844260469e-05
TRACK_A_INTERNAL,Grape,grape_niphad,grape_niphad,D:\CropDiseaseProject\grape_niphad\Healthy Leaves\Healthy Leaves_402.jpg,Healthy Leaves,4,Healthy Leaves,4,True,0.8545476198196411,0.8545476198196411,Downy Mildew,0.09338795393705368,Powdery Mildew,0.05129897594451904
TRACK_A_INTERNAL,Grape,grape_niphad,grape_niphad,D:\CropDiseaseProject\grape_niphad\Healthy Leaves\Healthy Leaves_247.jpg,Healthy Leaves,4,Healthy Leaves,4,True,0.8932492136955261,0.8932492136955261,Downy Mildew,0.0954786166548729,Powdery Mildew,0.009902715682983398
TRACK_A_INTERNAL,Grape,grape_niphad,grape_niphad,D:\CropDiseaseProject\grape_niphad\Healthy Leaves\Healthy Leaves_174.jpg,Healthy Leaves,4,Healthy Leaves,4,True,0.9983722567558289,0.9983722567558289,Powdery Mildew,0.001612008665688336,Downy Mildew,1.1275054930592887e-05
TRACK_A_INTERNAL,Grape,grape_niphad,grape_niphad,D:\CropDiseaseProject\grape_niphad\Healthy Leaves\Healthy Leaves_1152.jpg,Healthy Leaves,4,Healthy Leaves,4,True,0.9999934434890747,0.9999934434890747,Downy Mildew,4.750679181597661e-06,Bacterial Leaf Spot,9.822717856877716e-07
TRACK_A_INTERNAL,Grape,grape_niphad,grape_niphad,D:\CropDiseaseProject\grape_niphad\Healthy Leaves\Healthy Leaves_910.jpg,Healthy Leaves,4,Healthy Leaves,4,True,0.8836126923561096,0.8836126923561096,Powdery Mildew,0.06190377101302147,Downy Mildew,0.05407110974192619
TRACK_A_INTERNAL,Grape,grape_niphad,grape_niphad,D:\CropDiseaseProject\grape_niphad\Healthy Leaves\Healthy Leaves_601.jpg,Healthy Leaves,4,Healthy Leaves,4,True,0.9972272515296936,0.9972272515296936,Downy Mildew,0.00227269041351974,Powdery Mildew,0.00018023521988652647
TRACK_A_INTERNAL,Grape,grape_niphad,grape_niphad,D:\CropDiseaseProject\grape_niphad\Healthy Leaves\Healthy Leaves_59.jpg,Healthy Leaves,4,Healthy Leaves,4,True,0.9511043429374695,0.9511043429374695,Powdery Mildew,0.04117247089743614,Downy Mildew,0.007052728906273842
TRACK_A_INTERNAL,Grape,grape_niphad,grape_niphad,D:\CropDiseaseProject\grape_niphad\Healthy Leaves\Healthy Leaves_531.jpg,Healthy Leaves,4,Healthy Leaves,4,True,0.9984719157218933,0.9984719157218933,Powdery Mildew,0.0008286203956231475,Bacterial Leaf Spot,0.000443650787929073
TRACK_A_INTERNAL,Grape,grape_niphad,grape_niphad,D:\CropDiseaseProject\grape_niphad\Healthy Leaves\Healthy Leaves_484.jpg,Healthy Leaves,4,Healthy Leaves,4,True,0.9834285378456116,0.9834285378456116,Downy Mildew,0.012525130063295364,Powdery Mildew,0.0026553089264780283
TRACK_A_INTERNAL,Grape,grape_niphad,grape_niphad,D:\CropDiseaseProject\grape_niphad\Healthy Leaves\Healthy Leaves_374.jpg,Healthy Leaves,4,Healthy Leaves,4,True,0.9957159161567688,0.9957159161567688,Powdery Mildew,0.004104117397218943,Bacterial Leaf Spot,9.502519242232665e-05
TRACK_A_INTERNAL,Grape,grape_niphad,grape_niphad,D:\CropDiseaseProject\grape_niphad\Powdery Mildew\Powdery Mildew_240.jpg,Powdery Mildew,6,Powdery Mildew,6,True,0.9994348883628845,0.9994348883628845,Healthy Leaves,0.0003616007452365011,Downy Mildew,0.00017607079644221812
TRACK_A_INTERNAL,Grape,grape_niphad,grape_niphad,D:\CropDiseaseProject\grape_niphad\Powdery Mildew\Powdery Mildew_384.JPG,Powdery Mildew,6,Powdery Mildew,6,True,0.7279416918754578,0.7279416918754578,Downy Mildew,0.241647407412529,Healthy Leaves,0.02018357254564762
TRACK_A_INTERNAL,Grape,grape_niphad,grape_niphad,D:\CropDiseaseProject\grape_niphad\Powdery Mildew\Powdery Mildew_359.jpg,Powdery Mildew,6,Powdery Mildew,6,True,0.9860162138938904,0.9860162138938904,Healthy Leaves,0.012539968825876713,Downy Mildew,0.0011252847034484148
TRACK_A_INTERNAL,Grape,grape_niphad,grape_niphad,D:\CropDiseaseProject\grape_niphad\Powdery Mildew\Powdery Mildew_339.jpg,Powdery Mildew,6,Downy Mildew,2,False,0.4612973928451538,0.4438936710357666,Powdery Mildew,0.4438936710357666,Healthy Leaves,0.09386950731277466
TRACK_A_INTERNAL,Grape,grape_niphad,grape_niphad,D:\CropDiseaseProject\grape_niphad\Powdery Mildew\Powdery Mildew_385.JPG,Powdery Mildew,6,Healthy Leaves,4,False,0.6957339644432068,0.05440368130803108,Bacterial Leaf Spot,0.2116168886423111,Powdery Mildew,0.05440368130803108
TRACK_A_INTERNAL,Grape,grape_niphad,grape_niphad,D:\CropDiseaseProject\grape_niphad\Powdery Mildew\Powdery Mildew_21.jpg,Powdery Mildew,6,Powdery Mildew,6,True,0.9981643557548523,0.9981643557548523,Healthy Leaves,0.0017891090828925371,Downy Mildew,4.47974780399818e-05
TRACK_A_INTERNAL,Grape,grape_niphad,grape_niphad,D:\CropDiseaseProject\grape_niphad\Powdery Mildew\Powdery Mildew_8.png,Powdery Mildew,6,Esca (Black Measles),3,False,0.7326404452323914,0.03142546862363815,Leaf Blight,0.12000864744186401,Black Rot,0.10392210632562637
TRACK_A_INTERNAL,Grape,grape_niphad,grape_niphad,D:\CropDiseaseProject\grape_niphad\Powdery Mildew\Powdery Mildew_47.jpg,Powdery Mildew,6,Powdery Mildew,6,True,0.9996090531349182,0.9996090531349182,Downy Mildew,0.00017862288223113865,Healthy Leaves,0.00016707762551959604
TRACK_A_INTERNAL,Grape,grape_niphad,grape_niphad,D:\CropDiseaseProject\grape_niphad\Powdery Mildew\Powdery Mildew_198.jpg,Powdery Mildew,6,Powdery Mildew,6,True,0.7336779832839966,0.7336779832839966,Healthy Leaves,0.22885124385356903,Downy Mildew,0.037391889840364456
TRACK_A_INTERNAL,Grape,grape_niphad,grape_niphad,D:\CropDiseaseProject\grape_niphad\Powdery Mildew\Powdery Mildew_368.JPG,Powdery Mildew,6,Powdery Mildew,6,True,0.9908320307731628,0.9908320307731628,Healthy Leaves,0.0056656464003026485,Downy Mildew,0.00345589523203671
TRACK_A_INTERNAL,Grape,grape_niphad,grape_niphad,D:\CropDiseaseProject\grape_niphad\Powdery Mildew\Powdery Mildew_19.jpg,Powdery Mildew,6,Powdery Mildew,6,True,0.859895646572113,0.859895646572113,Downy Mildew,0.07636573165655136,Healthy Leaves,0.03768273815512657
TRACK_A_INTERNAL,Grape,grape_niphad,grape_niphad,D:\CropDiseaseProject\grape_niphad\Powdery Mildew\Powdery Mildew_225.jpg,Powdery Mildew,6,Powdery Mildew,6,True,0.5485216379165649,0.5485216379165649,Downy Mildew,0.43133482336997986,Healthy Leaves,0.01623200625181198
TRACK_A_INTERNAL,Grape,grape_niphad,grape_niphad,D:\CropDiseaseProject\grape_niphad\Powdery Mildew\Powdery Mildew_388.JPG,Powdery Mildew,6,Powdery Mildew,6,True,0.9924889802932739,0.9924889802932739,Downy Mildew,0.004636603407561779,Healthy Leaves,0.002767483238130808
TRACK_A_INTERNAL,Grape,grape_niphad,grape_niphad,D:\CropDiseaseProject\grape_niphad\Powdery Mildew\Powdery Mildew_11.jpg,Powdery Mildew,6,Powdery Mildew,6,True,0.9998761415481567,0.9998761415481567,Downy Mildew,0.0001066090480890125,Healthy Leaves,1.4076347724767402e-05
TRACK_A_INTERNAL,Grape,grape_niphad,grape_niphad,D:\CropDiseaseProject\grape_niphad\Powdery Mildew\Powdery Mildew_176.jpg,Powdery Mildew,6,Powdery Mildew,6,True,0.9958490133285522,0.9958490133285522,Downy Mildew,0.0038367777597159147,Bacterial Leaf Spot,0.00013990822480991483
TRACK_A_INTERNAL,Grape,grape_niphad,grape_niphad,D:\CropDiseaseProject\grape_niphad\Powdery Mildew\Powdery Mildew_305.jpg,Powdery Mildew,6,Powdery Mildew,6,True,0.9111545085906982,0.9111545085906982,Healthy Leaves,0.05907279998064041,Downy Mildew,0.029766328632831573
TRACK_A_INTERNAL,Grape,grape_niphad,grape_niphad,D:\CropDiseaseProject\grape_niphad\Powdery Mildew\Powdery Mildew_89.jpg,Powdery Mildew,6,Powdery Mildew,6,True,0.9929087162017822,0.9929087162017822,Healthy Leaves,0.00542941689491272,Bacterial Leaf Spot,0.0012232322478666902
TRACK_A_INTERNAL,Grape,grape_niphad,grape_niphad,D:\CropDiseaseProject\grape_niphad\Powdery Mildew\Powdery Mildew_4.png,Powdery Mildew,6,Healthy Leaves,4,False,0.5162630677223206,0.1268271803855896,Downy Mildew,0.19856765866279602,Powdery Mildew,0.1268271803855896
TRACK_A_INTERNAL,Grape,grape_niphad,grape_niphad,D:\CropDiseaseProject\grape_niphad\Powdery Mildew\Powdery Mildew_261.jpg,Powdery Mildew,6,Powdery Mildew,6,True,0.9982247948646545,0.9982247948646545,Downy Mildew,0.0007951050065457821,Healthy Leaves,0.0006982052000239491
TRACK_A_INTERNAL,Grape,grape_niphad,grape_niphad,D:\CropDiseaseProject\grape_niphad\Powdery Mildew\Powdery Mildew_219.jpg,Powdery Mildew,6,Powdery Mildew,6,True,0.8807555437088013,0.8807555437088013,Downy Mildew,0.11809426546096802,Bacterial Leaf Spot,0.0007941273506730795
TRACK_A_INTERNAL,Grape,grape_niphad,grape_niphad,D:\CropDiseaseProject\grape_niphad\Powdery Mildew\Powdery Mildew_290.jpg,Powdery Mildew,6,Powdery Mildew,6,True,0.951390266418457,0.951390266418457,Healthy Leaves,0.047317586839199066,Downy Mildew,0.0012498043943196535
TRACK_A_INTERNAL,Grape,grape_niphad,grape_niphad,D:\CropDiseaseProject\grape_niphad\Powdery Mildew\Powdery Mildew_232.jpg,Powdery Mildew,6,Powdery Mildew,6,True,0.9839019179344177,0.9839019179344177,Healthy Leaves,0.006568312644958496,Bacterial Leaf Spot,0.00648375554010272
TRACK_A_INTERNAL,Grape,grape_niphad,grape_niphad,D:\CropDiseaseProject\grape_niphad\Powdery Mildew\Powdery Mildew_326.jpg,Powdery Mildew,6,Powdery Mildew,6,True,0.9955139756202698,0.9955139756202698,Downy Mildew,0.0029123006388545036,Healthy Leaves,0.0015661526704207063
TRACK_A_INTERNAL,Grape,grape_niphad,grape_niphad,D:\CropDiseaseProject\grape_niphad\Powdery Mildew\Powdery Mildew_84.jpg,Powdery Mildew,6,Powdery Mildew,6,True,0.9998990297317505,0.9998990297317505,Bacterial Leaf Spot,9.754535130923614e-05,Downy Mildew,1.6429356719527277e-06
TRACK_A_INTERNAL,Grape,grape_niphad,grape_niphad,D:\CropDiseaseProject\grape_niphad\Powdery Mildew\Powdery Mildew_62.jpg,Powdery Mildew,6,Powdery Mildew,6,True,0.9990461468696594,0.9990461468696594,Healthy Leaves,0.0006387254106812179,Downy Mildew,0.0002580888394732028
TRACK_A_INTERNAL,Grape,grape_niphad,grape_niphad,D:\CropDiseaseProject\grape_niphad\Powdery Mildew\Powdery Mildew_203.jpg,Powdery Mildew,6,Powdery Mildew,6,True,0.790154218673706,0.790154218673706,Healthy Leaves,0.11646618694067001,Downy Mildew,0.09336601942777634
TRACK_A_INTERNAL,Grape,grape_niphad,grape_niphad,D:\CropDiseaseProject\grape_niphad\Powdery Mildew\Powdery Mildew_154.jpg,Powdery Mildew,6,Powdery Mildew,6,True,0.8579230904579163,0.8579230904579163,Healthy Leaves,0.13733217120170593,Downy Mildew,0.0035291872918605804
TRACK_A_INTERNAL,Grape,grape_niphad,grape_niphad,D:\CropDiseaseProject\grape_niphad\Powdery Mildew\Powdery Mildew_126.jpg,Powdery Mildew,6,Powdery Mildew,6,True,0.9987961053848267,0.9987961053848267,Downy Mildew,0.0010622930712997913,Healthy Leaves,0.00010061017383122817
TRACK_A_INTERNAL,Grape,grape_niphad,grape_niphad,D:\CropDiseaseProject\grape_niphad\Powdery Mildew\Powdery Mildew_245.jpg,Powdery Mildew,6,Powdery Mildew,6,True,0.9999775886535645,0.9999775886535645,Downy Mildew,1.697951665846631e-05,Esca (Black Measles),2.262370571770589e-06
TRACK_A_INTERNAL,Grape,grape_niphad,grape_niphad,D:\CropDiseaseProject\grape_niphad\Powdery Mildew\Powdery Mildew_377.JPG,Powdery Mildew,6,Powdery Mildew,6,True,0.7377282977104187,0.7377282977104187,Bacterial Leaf Spot,0.25023409724235535,Healthy Leaves,0.010597347281873226
TRACK_A_INTERNAL,Grape,grape_2024,grape_2024,D:\CropDiseaseProject\grape_2024\Black rot\black rot500.jpg,Black Rot,1,Black Rot,1,True,0.9860044121742249,0.9860044121742249,Leaf Blight,0.01367539819329977,Esca (Black Measles),0.0002743925724644214
TRACK_A_INTERNAL,Grape,grape_2024,grape_2024,D:\CropDiseaseProject\grape_2024\Black rot\black rot386.jpg,Black Rot,1,Black Rot,1,True,0.80768883228302,0.80768883228302,Healthy Leaves,0.053552404046058655,Leaf Blight,0.033450547605752945
TRACK_A_INTERNAL,Grape,grape_2024,grape_2024,D:\CropDiseaseProject\grape_2024\Black rot\black rot772.jpg,Black Rot,1,Black Rot,1,True,0.9937793612480164,0.9937793612480164,Leaf Blight,0.006169771775603294,Esca (Black Measles),4.5091830543242395e-05
TRACK_A_INTERNAL,Grape,grape_2024,grape_2024,D:\CropDiseaseProject\grape_2024\Black rot\black rot408.jpg,Black Rot,1,Black Rot,1,True,0.6530157923698425,0.6530157923698425,Leaf Blight,0.29856204986572266,Esca (Black Measles),0.04462531581521034
TRACK_A_INTERNAL,Grape,grape_2024,grape_2024,D:\CropDiseaseProject\grape_2024\Black rot\black rot248.jpg,Black Rot,1,Leaf Blight,5,False,0.5544372797012329,0.4248987138271332,Black Rot,0.4248987138271332,Esca (Black Measles),0.019794542342424393
TRACK_A_INTERNAL,Grape,grape_2024,grape_2024,D:\CropDiseaseProject\grape_2024\Black rot\black rot687.jpg,Black Rot,1,Black Rot,1,True,0.9933843016624451,0.9933843016624451,Leaf Blight,0.00413131806999445,Powdery Mildew,0.001719056279398501
TRACK_A_INTERNAL,Grape,grape_2024,grape_2024,D:\CropDiseaseProject\grape_2024\Black rot\black rot792.jpg,Black Rot,1,Black Rot,1,True,0.9928534626960754,0.9928534626960754,Leaf Blight,0.004088574089109898,Esca (Black Measles),0.002817881293594837
TRACK_A_INTERNAL,Grape,grape_2024,grape_2024,D:\CropDiseaseProject\grape_2024\Black rot\black rot712.jpg,Black Rot,1,Black Rot,1,True,0.9213414788246155,0.9213414788246155,Leaf Blight,0.04617462679743767,Esca (Black Measles),0.03232259303331375
TRACK_A_INTERNAL,Grape,grape_2024,grape_2024,D:\CropDiseaseProject\grape_2024\Black rot\black rot749.jpg,Black Rot,1,Black Rot,1,True,0.9764070510864258,0.9764070510864258,Leaf Blight,0.01800376921892166,Esca (Black Measles),0.0055889892391860485
TRACK_A_INTERNAL,Grape,grape_2024,grape_2024,D:\CropDiseaseProject\grape_2024\Black rot\black rot199.jpg,Black Rot,1,Black Rot,1,True,0.9873139262199402,0.9873139262199402,Bacterial Leaf Spot,0.008335129357874393,Leaf Blight,0.0030695192981511354
TRACK_A_INTERNAL,Grape,grape_2024,grape_2024,D:\CropDiseaseProject\grape_2024\Black rot\black rot378.jpg,Black Rot,1,Black Rot,1,True,0.9582127928733826,0.9582127928733826,Leaf Blight,0.0390586331486702,Esca (Black Measles),0.0026875098701566458
TRACK_A_INTERNAL,Grape,grape_2024,grape_2024,D:\CropDiseaseProject\grape_2024\Black rot\black rot060.jpg,Black Rot,1,Black Rot,1,True,0.9943477511405945,0.9943477511405945,Leaf Blight,0.0047090984880924225,Downy Mildew,0.00047113015898503363
TRACK_A_INTERNAL,Grape,grape_2024,grape_2024,D:\CropDiseaseProject\grape_2024\Black rot\black rot663.jpg,Black Rot,1,Black Rot,1,True,0.9862039089202881,0.9862039089202881,Leaf Blight,0.013237932696938515,Esca (Black Measles),0.0004827468073926866
TRACK_A_INTERNAL,Grape,grape_2024,grape_2024,D:\CropDiseaseProject\grape_2024\Black rot\black rot564.jpg,Black Rot,1,Black Rot,1,True,0.9664000868797302,0.9664000868797302,Leaf Blight,0.03357594832777977,Esca (Black Measles),2.2251759219216183e-05
TRACK_A_INTERNAL,Grape,grape_2024,grape_2024,D:\CropDiseaseProject\grape_2024\Black rot\black rot602.jpg,Black Rot,1,Black Rot,1,True,0.9604875445365906,0.9604875445365906,Leaf Blight,0.0384666733443737,Esca (Black Measles),0.001003033248707652
TRACK_A_INTERNAL,Grape,grape_2024,grape_2024,D:\CropDiseaseProject\grape_2024\Black rot\black rot278.jpg,Black Rot,1,Leaf Blight,5,False,0.5544372797012329,0.4248987138271332,Black Rot,0.4248987138271332,Esca (Black Measles),0.019794542342424393
TRACK_A_INTERNAL,Grape,grape_2024,grape_2024,D:\CropDiseaseProject\grape_2024\Black rot\black rot391.jpg,Black Rot,1,Leaf Blight,5,False,0.5371155738830566,0.45813560485839844,Black Rot,0.45813560485839844,Esca (Black Measles),0.004675931762903929
TRACK_A_INTERNAL,Grape,grape_2024,grape_2024,D:\CropDiseaseProject\grape_2024\Black rot\black rot219.jpg,Black Rot,1,Black Rot,1,True,0.9304010272026062,0.9304010272026062,Leaf Blight,0.06821733713150024,Esca (Black Measles),0.0013692791108042002
TRACK_A_INTERNAL,Grape,grape_2024,grape_2024,D:\CropDiseaseProject\grape_2024\Black rot\black rot315.jpg,Black Rot,1,Black Rot,1,True,0.999363124370575,0.999363124370575,Leaf Blight,0.0006237768684513867,Esca (Black Measles),1.3080603821435943e-05
TRACK_A_INTERNAL,Grape,grape_2024,grape_2024,D:\CropDiseaseProject\grape_2024\Black rot\black rot478.jpg,Black Rot,1,Black Rot,1,True,0.995484471321106,0.995484471321106,Esca (Black Measles),0.002557338448241353,Leaf Blight,0.0011573393130674958
TRACK_A_INTERNAL,Grape,grape_2024,grape_2024,D:\CropDiseaseProject\grape_2024\Black rot\black rot269.jpg,Black Rot,1,Black Rot,1,True,0.9954076409339905,0.9954076409339905,Leaf Blight,0.0043232557363808155,Esca (Black Measles),0.0002572857483755797
TRACK_A_INTERNAL,Grape,grape_2024,grape_2024,D:\CropDiseaseProject\grape_2024\Black rot\black rot802.jpg,Black Rot,1,Leaf Blight,5,False,0.39650481939315796,0.22795036435127258,Esca (Black Measles),0.375301718711853,Black Rot,0.22795036435127258
TRACK_A_INTERNAL,Grape,grape_2024,grape_2024,D:\CropDiseaseProject\grape_2024\Black rot\black rot726.jpg,Black Rot,1,Black Rot,1,True,0.9620257019996643,0.9620257019996643,Leaf Blight,0.030773326754570007,Esca (Black Measles),0.005237055942416191
TRACK_A_INTERNAL,Grape,grape_2024,grape_2024,D:\CropDiseaseProject\grape_2024\Black rot\black rot243.jpg,Black Rot,1,Black Rot,1,True,0.9972730278968811,0.9972730278968811,Healthy Leaves,0.0020048085134476423,Leaf Blight,0.0005278708995319903
TRACK_A_INTERNAL,Grape,grape_2024,grape_2024,D:\CropDiseaseProject\grape_2024\Black rot\black rot275.jpg,Black Rot,1,Black Rot,1,True,0.9949347376823425,0.9949347376823425,Leaf Blight,0.005050815641880035,Esca (Black Measles),1.1726520824595354e-05
TRACK_A_INTERNAL,Grape,grape_2024,grape_2024,D:\CropDiseaseProject\grape_2024\Black rot\black rot158.jpg,Black Rot,1,Black Rot,1,True,0.9834620952606201,0.9834620952606201,Leaf Blight,0.015367334708571434,Esca (Black Measles),0.0011704176431521773
TRACK_A_INTERNAL,Grape,grape_2024,grape_2024,D:\CropDiseaseProject\grape_2024\Black rot\black rot125.jpg,Black Rot,1,Black Rot,1,True,0.993809163570404,0.993809163570404,Healthy Leaves,0.004875226877629757,Powdery Mildew,0.0007704256568104029
TRACK_A_INTERNAL,Grape,grape_2024,grape_2024,D:\CropDiseaseProject\grape_2024\Black rot\black rot640.jpg,Black Rot,1,Black Rot,1,True,0.9911682605743408,0.9911682605743408,Esca (Black Measles),0.005397575441747904,Leaf Blight,0.003232044167816639
TRACK_A_INTERNAL,Grape,grape_2024,grape_2024,D:\CropDiseaseProject\grape_2024\Black rot\black rot720.jpg,Black Rot,1,Black Rot,1,True,0.9213414788246155,0.9213414788246155,Leaf Blight,0.04617462679743767,Esca (Black Measles),0.03232259303331375
TRACK_A_INTERNAL,Grape,grape_2024,grape_2024,D:\CropDiseaseProject\grape_2024\Black rot\black rot136.jpg,Black Rot,1,Black Rot,1,True,0.993809163570404,0.993809163570404,Healthy Leaves,0.004875226877629757,Powdery Mildew,0.0007704256568104029
TRACK_A_INTERNAL,Grape,grape_2024,grape_2024,D:\CropDiseaseProject\grape_2024\esca\esca724.jpg,Esca (Black Measles),3,Esca (Black Measles),3,True,0.7233918309211731,0.7233918309211731,Leaf Blight,0.27472299337387085,Black Rot,0.000893196789547801
TRACK_A_INTERNAL,Grape,grape_2024,grape_2024,D:\CropDiseaseProject\grape_2024\esca\esca006.jpg,Esca (Black Measles),3,Esca (Black Measles),3,True,0.947096586227417,0.947096586227417,Leaf Blight,0.05205167829990387,Bacterial Leaf Spot,0.0004181520489510149
TRACK_A_INTERNAL,Grape,grape_2024,grape_2024,D:\CropDiseaseProject\grape_2024\esca\esca097.jpg,Esca (Black Measles),3,Esca (Black Measles),3,True,0.5537084341049194,0.5537084341049194,Leaf Blight,0.42800718545913696,Healthy Leaves,0.017903083935379982
TRACK_A_INTERNAL,Grape,grape_2024,grape_2024,D:\CropDiseaseProject\grape_2024\esca\esca503.jpg,Esca (Black Measles),3,Esca (Black Measles),3,True,0.7279171347618103,0.7279171347618103,Leaf Blight,0.27196308970451355,Bacterial Leaf Spot,9.812360804062337e-05
TRACK_A_INTERNAL,Grape,grape_2024,grape_2024,D:\CropDiseaseProject\grape_2024\esca\esca320.jpg,Esca (Black Measles),3,Esca (Black Measles),3,True,0.9629732370376587,0.9629732370376587,Leaf Blight,0.03668835386633873,Bacterial Leaf Spot,0.00021546249627135694
TRACK_A_INTERNAL,Grape,grape_2024,grape_2024,D:\CropDiseaseProject\grape_2024\esca\esca259.jpg,Esca (Black Measles),3,Leaf Blight,5,False,0.7860653400421143,0.19930733740329742,Esca (Black Measles),0.19930733740329742,Black Rot,0.01438375748693943
TRACK_A_INTERNAL,Grape,grape_2024,grape_2024,D:\CropDiseaseProject\grape_2024\esca\esca410.jpg,Esca (Black Measles),3,Esca (Black Measles),3,True,0.9888187050819397,0.9888187050819397,Leaf Blight,0.008505399338901043,Black Rot,0.002393934177234769
TRACK_A_INTERNAL,Grape,grape_2024,grape_2024,D:\CropDiseaseProject\grape_2024\esca\esca376.jpg,Esca (Black Measles),3,Esca (Black Measles),3,True,0.6183006763458252,0.6183006763458252,Leaf Blight,0.3542812466621399,Black Rot,0.02610507234930992
TRACK_A_INTERNAL,Grape,grape_2024,grape_2024,D:\CropDiseaseProject\grape_2024\esca\esca350.jpg,Esca (Black Measles),3,Esca (Black Measles),3,True,0.9354516267776489,0.9354516267776489,Healthy Leaves,0.06447091698646545,Leaf Blight,6.89430526108481e-05
TRACK_A_INTERNAL,Grape,grape_2024,grape_2024,D:\CropDiseaseProject\grape_2024\esca\esca646.jpg,Esca (Black Measles),3,Leaf Blight,5,False,0.729567289352417,0.2704004645347595,Esca (Black Measles),0.2704004645347595,Healthy Leaves,1.5840943888179027e-05
TRACK_A_INTERNAL,Grape,grape_2024,grape_2024,D:\CropDiseaseProject\grape_2024\esca\esca349.jpg,Esca (Black Measles),3,Esca (Black Measles),3,True,0.9302738904953003,0.9302738904953003,Leaf Blight,0.06965157389640808,Black Rot,5.6665703596081585e-05
TRACK_A_INTERNAL,Grape,grape_2024,grape_2024,D:\CropDiseaseProject\grape_2024\esca\esca757.jpg,Esca (Black Measles),3,Esca (Black Measles),3,True,0.9516720175743103,0.9516720175743103,Leaf Blight,0.048302773386240005,Healthy Leaves,1.659763256611768e-05
TRACK_A_INTERNAL,Grape,grape_2024,grape_2024,D:\CropDiseaseProject\grape_2024\esca\esca616.jpg,Esca (Black Measles),3,Esca (Black Measles),3,True,0.9564985632896423,0.9564985632896423,Black Rot,0.03528086841106415,Healthy Leaves,0.004121412057429552
TRACK_A_INTERNAL,Grape,grape_2024,grape_2024,D:\CropDiseaseProject\grape_2024\esca\esca003.jpg,Esca (Black Measles),3,Esca (Black Measles),3,True,0.8413488268852234,0.8413488268852234,Leaf Blight,0.10330724716186523,Black Rot,0.05379636958241463
TRACK_A_INTERNAL,Grape,grape_2024,grape_2024,D:\CropDiseaseProject\grape_2024\esca\esca518.jpg,Esca (Black Measles),3,Esca (Black Measles),3,True,0.9102827906608582,0.9102827906608582,Healthy Leaves,0.03659043833613396,Black Rot,0.028528831899166107
TRACK_A_INTERNAL,Grape,grape_2024,grape_2024,D:\CropDiseaseProject\grape_2024\esca\esca223.jpg,Esca (Black Measles),3,Leaf Blight,5,False,0.8197223544120789,0.17586609721183777,Esca (Black Measles),0.17586609721183777,Healthy Leaves,0.004075099714100361
TRACK_A_INTERNAL,Grape,grape_2024,grape_2024,D:\CropDiseaseProject\grape_2024\esca\esca337.jpg,Esca (Black Measles),3,Esca (Black Measles),3,True,0.8916535377502441,0.8916535377502441,Leaf Blight,0.1061214730143547,Black Rot,0.002079275669530034
TRACK_A_INTERNAL,Grape,grape_2024,grape_2024,D:\CropDiseaseProject\grape_2024\esca\esca813.jpg,Esca (Black Measles),3,Esca (Black Measles),3,True,0.8914468884468079,0.8914468884468079,Leaf Blight,0.10801825672388077,Black Rot,0.00039240458863787353
TRACK_A_INTERNAL,Grape,grape_2024,grape_2024,D:\CropDiseaseProject\grape_2024\esca\esca650.jpg,Esca (Black Measles),3,Leaf Blight,5,False,0.6860617995262146,0.31372612714767456,Esca (Black Measles),0.31372612714767456,Bacterial Leaf Spot,0.00010989404108840972
TRACK_A_INTERNAL,Grape,grape_2024,grape_2024,D:\CropDiseaseProject\grape_2024\esca\esca300.jpg,Esca (Black Measles),3,Leaf Blight,5,False,0.7107069492340088,0.28922852873802185,Esca (Black Measles),0.28922852873802185,Bacterial Leaf Spot,5.454934580484405e-05
TRACK_A_INTERNAL,Grape,grape_2024,grape_2024,D:\CropDiseaseProject\grape_2024\esca\esca386.jpg,Esca (Black Measles),3,Esca (Black Measles),3,True,0.7435958981513977,0.7435958981513977,Leaf Blight,0.25553202629089355,Bacterial Leaf Spot,0.0005563626764342189
TRACK_A_INTERNAL,Grape,grape_2024,grape_2024,D:\CropDiseaseProject\grape_2024\esca\esca001.jpg,Esca (Black Measles),3,Esca (Black Measles),3,True,0.8278563618659973,0.8278563618659973,Leaf Blight,0.16511666774749756,Black Rot,0.006931809708476067
TRACK_A_INTERNAL,Grape,grape_2024,grape_2024,D:\CropDiseaseProject\grape_2024\esca\esca543.jpg,Esca (Black Measles),3,Esca (Black Measles),3,True,0.9678987264633179,0.9678987264633179,Leaf Blight,0.031862325966358185,Healthy Leaves,0.00013943362864665687
TRACK_A_INTERNAL,Grape,grape_2024,grape_2024,D:\CropDiseaseProject\grape_2024\esca\esca095.jpg,Esca (Black Measles),3,Esca (Black Measles),3,True,0.9334361553192139,0.9334361553192139,Leaf Blight,0.06320726126432419,Healthy Leaves,0.002320758067071438
TRACK_A_INTERNAL,Grape,grape_2024,grape_2024,D:\CropDiseaseProject\grape_2024\esca\esca315.jpg,Esca (Black Measles),3,Esca (Black Measles),3,True,0.8279603123664856,0.8279603123664856,Leaf Blight,0.16587908565998077,Bacterial Leaf Spot,0.004433144349604845
TRACK_A_INTERNAL,Grape,grape_2024,grape_2024,D:\CropDiseaseProject\grape_2024\esca\esca580.jpg,Esca (Black Measles),3,Esca (Black Measles),3,True,0.9980487823486328,0.9980487823486328,Leaf Blight,0.0018249191343784332,Healthy Leaves,0.00012126279762014747
TRACK_A_INTERNAL,Grape,grape_2024,grape_2024,D:\CropDiseaseProject\grape_2024\esca\esca666.jpg,Esca (Black Measles),3,Esca (Black Measles),3,True,0.5331357717514038,0.5331357717514038,Leaf Blight,0.46399617195129395,Black Rot,0.0011775364400818944
TRACK_A_INTERNAL,Grape,grape_2024,grape_2024,D:\CropDiseaseProject\grape_2024\esca\esca623.jpg,Esca (Black Measles),3,Esca (Black Measles),3,True,0.7913469672203064,0.7913469672203064,Leaf Blight,0.20639435946941376,Black Rot,0.0020897076465189457
TRACK_A_INTERNAL,Grape,grape_2024,grape_2024,D:\CropDiseaseProject\grape_2024\esca\esca802.jpg,Esca (Black Measles),3,Esca (Black Measles),3,True,0.9912159442901611,0.9912159442901611,Leaf Blight,0.008763786405324936,Black Rot,1.6866189980646595e-05
TRACK_A_INTERNAL,Grape,grape_2024,grape_2024,D:\CropDiseaseProject\grape_2024\esca\esca643.jpg,Esca (Black Measles),3,Esca (Black Measles),3,True,0.7444836497306824,0.7444836497306824,Leaf Blight,0.25090789794921875,Black Rot,0.0040933480486273766
TRACK_A_INTERNAL,Grape,grape_2024,grape_2024,D:\CropDiseaseProject\grape_2024\healthy\healthy391.jpg,Healthy Leaves,4,Healthy Leaves,4,True,0.9989068508148193,0.9989068508148193,Leaf Blight,0.0004162292170803994,Downy Mildew,0.00028255500365048647
TRACK_A_INTERNAL,Grape,grape_2024,grape_2024,D:\CropDiseaseProject\grape_2024\healthy\healthy566.jpg,Healthy Leaves,4,Healthy Leaves,4,True,0.9999861717224121,0.9999861717224121,Leaf Blight,8.250271093857009e-06,Downy Mildew,2.0984937236789847e-06
TRACK_A_INTERNAL,Grape,grape_2024,grape_2024,D:\CropDiseaseProject\grape_2024\healthy\healthy1047.jpg,Healthy Leaves,4,Healthy Leaves,4,True,0.9050037264823914,0.9050037264823914,Black Rot,0.08995557576417923,Esca (Black Measles),0.002418068004772067
TRACK_A_INTERNAL,Grape,grape_2024,grape_2024,D:\CropDiseaseProject\grape_2024\healthy\healthy164.jpg,Healthy Leaves,4,Healthy Leaves,4,True,0.9985236525535583,0.9985236525535583,Black Rot,0.001000923803076148,Leaf Blight,0.00022952716972213238
TRACK_A_INTERNAL,Grape,grape_2024,grape_2024,D:\CropDiseaseProject\grape_2024\healthy\healthy191.jpg,Healthy Leaves,4,Healthy Leaves,4,True,0.9999995231628418,0.9999995231628418,Leaf Blight,2.3749619515456288e-07,Bacterial Leaf Spot,1.866224437208075e-07
TRACK_A_INTERNAL,Grape,grape_2024,grape_2024,D:\CropDiseaseProject\grape_2024\healthy\healthy222.jpg,Healthy Leaves,4,Healthy Leaves,4,True,0.9847138524055481,0.9847138524055481,Powdery Mildew,0.009537739679217339,Bacterial Leaf Spot,0.0021285421680659056
TRACK_A_INTERNAL,Grape,grape_2024,grape_2024,D:\CropDiseaseProject\grape_2024\healthy\healthy899.jpg,Healthy Leaves,4,Healthy Leaves,4,True,0.99997878074646,0.99997878074646,Esca (Black Measles),9.587968634150457e-06,Leaf Blight,6.417400527425343e-06
TRACK_A_INTERNAL,Grape,grape_2024,grape_2024,D:\CropDiseaseProject\grape_2024\healthy\healthy199.jpg,Healthy Leaves,4,Healthy Leaves,4,True,0.9997536540031433,0.9997536540031433,Black Rot,0.00011655854905257002,Leaf Blight,6.405192834790796e-05
TRACK_A_INTERNAL,Grape,grape_2024,grape_2024,D:\CropDiseaseProject\grape_2024\healthy\healthy759.jpg,Healthy Leaves,4,Healthy Leaves,4,True,0.9820117950439453,0.9820117950439453,Esca (Black Measles),0.013321769423782825,Black Rot,0.0019740706775337458
TRACK_A_INTERNAL,Grape,grape_2024,grape_2024,D:\CropDiseaseProject\grape_2024\healthy\healthy335.jpg,Healthy Leaves,4,Healthy Leaves,4,True,0.9988797307014465,0.9988797307014465,Black Rot,0.0008318406180478632,Esca (Black Measles),0.00016783454339019954
TRACK_A_INTERNAL,Grape,grape_2024,grape_2024,D:\CropDiseaseProject\grape_2024\healthy\healthy010.jpg,Healthy Leaves,4,Healthy Leaves,4,True,0.9630821347236633,0.9630821347236633,Black Rot,0.015238752588629723,Esca (Black Measles),0.011116644367575645
TRACK_A_INTERNAL,Grape,grape_2024,grape_2024,D:\CropDiseaseProject\grape_2024\healthy\healthy757.jpg,Healthy Leaves,4,Healthy Leaves,4,True,0.9998515844345093,0.9998515844345093,Esca (Black Measles),8.235455607064068e-05,Leaf Blight,5.5030577641446143e-05
TRACK_A_INTERNAL,Grape,grape_2024,grape_2024,D:\CropDiseaseProject\grape_2024\healthy\healthy392.jpg,Healthy Leaves,4,Healthy Leaves,4,True,0.9998424053192139,0.9998424053192139,Esca (Black Measles),0.0001388294476782903,Leaf Blight,1.2994660210097209e-05
TRACK_A_INTERNAL,Grape,grape_2024,grape_2024,D:\CropDiseaseProject\grape_2024\healthy\healthy127.jpg,Healthy Leaves,4,Healthy Leaves,4,True,0.9955744743347168,0.9955744743347168,Black Rot,0.0021507637575268745,Esca (Black Measles),0.0016276090173050761
TRACK_A_INTERNAL,Grape,grape_2024,grape_2024,D:\CropDiseaseProject\grape_2024\healthy\healthy132.jpg,Healthy Leaves,4,Healthy Leaves,4,True,0.9505427479743958,0.9505427479743958,Leaf Blight,0.025003181770443916,Esca (Black Measles),0.02396594174206257
TRACK_A_INTERNAL,Grape,grape_2024,grape_2024,D:\CropDiseaseProject\grape_2024\healthy\healthy790.jpg,Healthy Leaves,4,Healthy Leaves,4,True,0.9999997615814209,0.9999997615814209,Bacterial Leaf Spot,2.263097229615596e-07,Powdery Mildew,1.9497983672067676e-08
TRACK_A_INTERNAL,Grape,grape_2024,grape_2024,D:\CropDiseaseProject\grape_2024\healthy\healthy892.jpg,Healthy Leaves,4,Healthy Leaves,4,True,0.99992835521698,0.99992835521698,Esca (Black Measles),3.0234938094508834e-05,Leaf Blight,2.561758810770698e-05
TRACK_A_INTERNAL,Grape,grape_2024,grape_2024,D:\CropDiseaseProject\grape_2024\healthy\healthy103.jpg,Healthy Leaves,4,Healthy Leaves,4,True,0.9988648891448975,0.9988648891448975,Esca (Black Measles),0.0009781181579455733,Black Rot,7.41807816666551e-05
TRACK_A_INTERNAL,Grape,grape_2024,grape_2024,D:\CropDiseaseProject\grape_2024\healthy\healthy403.jpg,Healthy Leaves,4,Healthy Leaves,4,True,0.9999980926513672,0.9999980926513672,Bacterial Leaf Spot,6.298330958998122e-07,Leaf Blight,5.706783667847048e-07
TRACK_A_INTERNAL,Grape,grape_2024,grape_2024,D:\CropDiseaseProject\grape_2024\healthy\healthy982.jpg,Healthy Leaves,4,Healthy Leaves,4,True,0.9999780654907227,0.9999780654907227,Esca (Black Measles),1.0192316040047444e-05,Leaf Blight,8.467764928354882e-06
TRACK_A_INTERNAL,Grape,grape_2024,grape_2024,D:\CropDiseaseProject\grape_2024\healthy\healthy911.jpg,Healthy Leaves,4,Healthy Leaves,4,True,0.9999393224716187,0.9999393224716187,Bacterial Leaf Spot,2.5434319468331523e-05,Leaf Blight,2.0244946426828392e-05
TRACK_A_INTERNAL,Grape,grape_2024,grape_2024,D:\CropDiseaseProject\grape_2024\healthy\healthy100.jpg,Healthy Leaves,4,Healthy Leaves,4,True,0.9983648657798767,0.9983648657798767,Esca (Black Measles),0.0011509808246046305,Leaf Blight,0.0004519613867159933
TRACK_A_INTERNAL,Grape,grape_2024,grape_2024,D:\CropDiseaseProject\grape_2024\healthy\healthy627.jpg,Healthy Leaves,4,Healthy Leaves,4,True,0.9999920129776001,0.9999920129776001,Black Rot,3.114268793069641e-06,Leaf Blight,2.395691581114079e-06
TRACK_A_INTERNAL,Grape,grape_2024,grape_2024,D:\CropDiseaseProject\grape_2024\healthy\healthy497.jpg,Healthy Leaves,4,Healthy Leaves,4,True,0.9999990463256836,0.9999990463256836,Bacterial Leaf Spot,6.119665840742528e-07,Powdery Mildew,1.6363702570743044e-07
TRACK_A_INTERNAL,Grape,grape_2024,grape_2024,D:\CropDiseaseProject\grape_2024\healthy\healthy563.jpg,Healthy Leaves,4,Healthy Leaves,4,True,0.8817600011825562,0.8817600011825562,Leaf Blight,0.05936021730303764,Esca (Black Measles),0.052284106612205505
TRACK_A_INTERNAL,Grape,grape_2024,grape_2024,D:\CropDiseaseProject\grape_2024\healthy\healthy682.jpg,Healthy Leaves,4,Healthy Leaves,4,True,0.9999983310699463,0.9999983310699463,Bacterial Leaf Spot,4.5805481363458966e-07,Esca (Black Measles),4.069581223120622e-07
TRACK_A_INTERNAL,Grape,grape_2024,grape_2024,D:\CropDiseaseProject\grape_2024\healthy\healthy963.jpg,Healthy Leaves,4,Healthy Leaves,4,True,1.0,1.0,Bacterial Leaf Spot,3.1446305115423456e-08,Leaf Blight,3.1202405104124864e-09
TRACK_A_INTERNAL,Grape,grape_2024,grape_2024,D:\CropDiseaseProject\grape_2024\healthy\healthy1027.jpg,Healthy Leaves,4,Healthy Leaves,4,True,0.9999078512191772,0.9999078512191772,Leaf Blight,4.352251562522724e-05,Esca (Black Measles),2.5428862500120886e-05
TRACK_A_INTERNAL,Grape,grape_2024,grape_2024,D:\CropDiseaseProject\grape_2024\healthy\healthy339.jpg,Healthy Leaves,4,Healthy Leaves,4,True,0.9998961687088013,0.9998961687088013,Esca (Black Measles),7.770506636006758e-05,Downy Mildew,2.306365240656305e-05
TRACK_A_INTERNAL,Grape,grape_2024,grape_2024,D:\CropDiseaseProject\grape_2024\healthy\healthy320.jpg,Healthy Leaves,4,Healthy Leaves,4,True,0.9031015634536743,0.9031015634536743,Black Rot,0.038428548723459244,Leaf Blight,0.03660578280687332
TRACK_A_INTERNAL,Grape,grape_2024,grape_2024,D:\CropDiseaseProject\grape_2024\leaf blight\leaf blight629.jpg,Leaf Blight,5,Leaf Blight,5,True,0.7221007347106934,0.7221007347106934,Esca (Black Measles),0.27786678075790405,Healthy Leaves,1.5165961485763546e-05
TRACK_A_INTERNAL,Grape,grape_2024,grape_2024,D:\CropDiseaseProject\grape_2024\leaf blight\leaf blight659.jpg,Leaf Blight,5,Leaf Blight,5,True,0.5755056142807007,0.5755056142807007,Esca (Black Measles),0.42449331283569336,Bacterial Leaf Spot,3.994535404672206e-07
TRACK_A_INTERNAL,Grape,grape_2024,grape_2024,D:\CropDiseaseProject\grape_2024\leaf blight\leaf blight165.jpg,Leaf Blight,5,Leaf Blight,5,True,0.8526170253753662,0.8526170253753662,Black Rot,0.14360927045345306,Esca (Black Measles),0.002283923327922821
TRACK_A_INTERNAL,Grape,grape_2024,grape_2024,D:\CropDiseaseProject\grape_2024\leaf blight\leaf blight381.jpg,Leaf Blight,5,Leaf Blight,5,True,0.6719141602516174,0.6719141602516174,Esca (Black Measles),0.32710492610931396,Healthy Leaves,0.0005512782954610884
TRACK_A_INTERNAL,Grape,grape_2024,grape_2024,D:\CropDiseaseProject\grape_2024\leaf blight\leaf blight243.jpg,Leaf Blight,5,Leaf Blight,5,True,0.9978118538856506,0.9978118538856506,Black Rot,0.001315465196967125,Esca (Black Measles),0.0008147910702973604
TRACK_A_INTERNAL,Grape,grape_2024,grape_2024,D:\CropDiseaseProject\grape_2024\leaf blight\leaf blight355.jpg,Leaf Blight,5,Leaf Blight,5,True,0.6341216564178467,0.6341216564178467,Esca (Black Measles),0.3656672239303589,Black Rot,0.00018846419698093086
TRACK_A_INTERNAL,Grape,grape_2024,grape_2024,D:\CropDiseaseProject\grape_2024\leaf blight\leaf blight484.jpg,Leaf Blight,5,Leaf Blight,5,True,0.7611016631126404,0.7611016631126404,Esca (Black Measles),0.23870185017585754,Black Rot,0.00014716226723976433
TRACK_A_INTERNAL,Grape,grape_2024,grape_2024,D:\CropDiseaseProject\grape_2024\leaf blight\leaf blight454.jpg,Leaf Blight,5,Leaf Blight,5,True,0.5380290150642395,0.5380290150642395,Esca (Black Measles),0.46110910177230835,Black Rot,0.0007279739365912974
TRACK_A_INTERNAL,Grape,grape_2024,grape_2024,D:\CropDiseaseProject\grape_2024\leaf blight\leaf blight039.jpg,Leaf Blight,5,Leaf Blight,5,True,0.9995536208152771,0.9995536208152771,Black Rot,0.000412389577832073,Esca (Black Measles),3.3690357668092474e-05
TRACK_A_INTERNAL,Grape,grape_2024,grape_2024,D:\CropDiseaseProject\grape_2024\leaf blight\leaf blight289.jpg,Leaf Blight,5,Leaf Blight,5,True,0.918814480304718,0.918814480304718,Black Rot,0.08071866631507874,Esca (Black Measles),0.00046162327635101974
TRACK_A_INTERNAL,Grape,grape_2024,grape_2024,D:\CropDiseaseProject\grape_2024\leaf blight\leaf blight028.jpg,Leaf Blight,5,Leaf Blight,5,True,0.9385895133018494,0.9385895133018494,Black Rot,0.06125843524932861,Esca (Black Measles),0.00014903213013894856
TRACK_A_INTERNAL,Grape,grape_2024,grape_2024,D:\CropDiseaseProject\grape_2024\leaf blight\leaf blight485.jpg,Leaf Blight,5,Esca (Black Measles),3,False,0.7784940600395203,0.22073963284492493,Leaf Blight,0.22073963284492493,Healthy Leaves,0.0004826576914638281
TRACK_A_INTERNAL,Grape,grape_2024,grape_2024,D:\CropDiseaseProject\grape_2024\leaf blight\leaf blight075.jpg,Leaf Blight,5,Leaf Blight,5,True,0.7385823130607605,0.7385823130607605,Black Rot,0.25778961181640625,Esca (Black Measles),0.0031974315643310547
TRACK_A_INTERNAL,Grape,grape_2024,grape_2024,D:\CropDiseaseProject\grape_2024\leaf blight\leaf blight517.jpg,Leaf Blight,5,Esca (Black Measles),3,False,0.5111517310142517,0.4885465204715729,Leaf Blight,0.4885465204715729,Black Rot,0.00028344907332211733
TRACK_A_INTERNAL,Grape,grape_2024,grape_2024,D:\CropDiseaseProject\grape_2024\leaf blight\leaf blight079.jpg,Leaf Blight,5,Black Rot,1,False,0.8846174478530884,0.08612067252397537,Leaf Blight,0.08612067252397537,Esca (Black Measles),0.025808755308389664
TRACK_A_INTERNAL,Grape,grape_2024,grape_2024,D:\CropDiseaseProject\grape_2024\leaf blight\leaf blight265.jpg,Leaf Blight,5,Leaf Blight,5,True,0.9162049889564514,0.9162049889564514,Black Rot,0.07937928289175034,Esca (Black Measles),0.004243544768542051
TRACK_A_INTERNAL,Grape,grape_2024,grape_2024,D:\CropDiseaseProject\grape_2024\leaf blight\leaf blight021.jpg,Leaf Blight,5,Black Rot,1,False,0.993977427482605,0.005678157322108746,Leaf Blight,0.005678157322108746,Esca (Black Measles),0.00033157484722323716
TRACK_A_INTERNAL,Grape,grape_2024,grape_2024,D:\CropDiseaseProject\grape_2024\leaf blight\leaf blight068.jpg,Leaf Blight,5,Leaf Blight,5,True,0.9844838976860046,0.9844838976860046,Black Rot,0.01346791721880436,Esca (Black Measles),0.001606127480044961
TRACK_A_INTERNAL,Grape,grape_2024,grape_2024,D:\CropDiseaseProject\grape_2024\leaf blight\leaf blight154.jpg,Leaf Blight,5,Leaf Blight,5,True,0.9863229990005493,0.9863229990005493,Black Rot,0.01180388405919075,Bacterial Leaf Spot,0.001537189120426774
TRACK_A_INTERNAL,Grape,grape_2024,grape_2024,D:\CropDiseaseProject\grape_2024\leaf blight\leaf blight164.jpg,Leaf Blight,5,Black Rot,1,False,0.765876054763794,0.22399398684501648,Leaf Blight,0.22399398684501648,Esca (Black Measles),0.009705707430839539
TRACK_A_INTERNAL,Grape,grape_2024,grape_2024,D:\CropDiseaseProject\grape_2024\leaf blight\leaf blight041.jpg,Leaf Blight,5,Leaf Blight,5,True,0.9973860383033752,0.9973860383033752,Black Rot,0.001231594942510128,Esca (Black Measles),0.0010983174433931708
TRACK_A_INTERNAL,Grape,grape_2024,grape_2024,D:\CropDiseaseProject\grape_2024\leaf blight\leaf blight395.jpg,Leaf Blight,5,Esca (Black Measles),3,False,0.8039626479148865,0.19506774842739105,Leaf Blight,0.19506774842739105,Healthy Leaves,0.00036887734313495457
TRACK_A_INTERNAL,Grape,grape_2024,grape_2024,D:\CropDiseaseProject\grape_2024\leaf blight\leaf blight468.jpg,Leaf Blight,5,Leaf Blight,5,True,0.8036407828330994,0.8036407828330994,Esca (Black Measles),0.19633416831493378,Black Rot,1.6798219803604297e-05
TRACK_A_INTERNAL,Grape,grape_2024,grape_2024,D:\CropDiseaseProject\grape_2024\leaf blight\leaf blight561.jpg,Leaf Blight,5,Esca (Black Measles),3,False,0.5585052967071533,0.4268209636211395,Leaf Blight,0.4268209636211395,Healthy Leaves,0.014364045113325119
TRACK_A_INTERNAL,Grape,grape_2024,grape_2024,D:\CropDiseaseProject\grape_2024\leaf blight\leaf blight344.jpg,Leaf Blight,5,Esca (Black Measles),3,False,0.9189756512641907,0.07984918355941772,Leaf Blight,0.07984918355941772,Black Rot,0.0010358080035075545
TRACK_A_INTERNAL,Grape,grape_2024,grape_2024,D:\CropDiseaseProject\grape_2024\leaf blight\leaf blight530.jpg,Leaf Blight,5,Esca (Black Measles),3,False,0.7116617560386658,0.19475144147872925,Leaf Blight,0.19475144147872925,Black Rot,0.08026080578565598
TRACK_A_INTERNAL,Grape,grape_2024,grape_2024,D:\CropDiseaseProject\grape_2024\leaf blight\leaf blight134.jpg,Leaf Blight,5,Black Rot,1,False,0.8874918818473816,0.11233798414468765,Leaf Blight,0.11233798414468765,Esca (Black Measles),0.0001484607346355915
TRACK_A_INTERNAL,Grape,grape_2024,grape_2024,D:\CropDiseaseProject\grape_2024\leaf blight\leaf blight577.jpg,Leaf Blight,5,Esca (Black Measles),3,False,0.6032707095146179,0.3967157304286957,Leaf Blight,0.3967157304286957,Black Rot,1.2261422853043769e-05
TRACK_A_INTERNAL,Grape,grape_2024,grape_2024,D:\CropDiseaseProject\grape_2024\leaf blight\leaf blight456.jpg,Leaf Blight,5,Esca (Black Measles),3,False,0.5898052453994751,0.41007766127586365,Leaf Blight,0.41007766127586365,Bacterial Leaf Spot,0.00011620561417657882
TRACK_A_INTERNAL,Grape,grape_2024,grape_2024,D:\CropDiseaseProject\grape_2024\leaf blight\leaf blight211.jpg,Leaf Blight,5,Leaf Blight,5,True,0.9993523955345154,0.9993523955345154,Black Rot,0.00035101629327982664,Esca (Black Measles),0.00029050809098407626
TRACK_A_INTERNAL,Chilli,chilli_cold,chilli_cold,D:\CropDiseaseProject\chilli_cold\cerocospora\IMG_4145.JPG,cerocospora,0,cerocospora,0,True,0.8997851610183716,0.8997851610183716,healthy,0.07969437539577484,murda complex,0.01559799537062645
TRACK_A_INTERNAL,Chilli,chilli_cold,chilli_cold,D:\CropDiseaseProject\chilli_cold\cerocospora\IMG_4671.JPG,cerocospora,0,cerocospora,0,True,0.5893096327781677,0.5893096327781677,murda complex,0.26038962602615356,healthy,0.11439324170351028
TRACK_A_INTERNAL,Chilli,chilli_cold,chilli_cold,D:\CropDiseaseProject\chilli_cold\cerocospora\IMG_5054.JPG,cerocospora,0,cerocospora,0,True,0.6316971778869629,0.6316971778869629,nutritional deficiency,0.18731138110160828,powdery mildew,0.12582403421401978
TRACK_A_INTERNAL,Chilli,chilli_cold,chilli_cold,D:\CropDiseaseProject\chilli_cold\cerocospora\IMG_5433.JPG,cerocospora,0,cerocospora,0,True,0.9786219000816345,0.9786219000816345,murda complex,0.0173142421990633,nutritional deficiency,0.00277851615101099
TRACK_A_INTERNAL,Chilli,chilli_cold,chilli_cold,D:\CropDiseaseProject\chilli_cold\cerocospora\IMG_4574.JPG,cerocospora,0,murda complex,2,False,0.5021301507949829,0.3021131455898285,cerocospora,0.3021131455898285,powdery mildew,0.1306389570236206
TRACK_A_INTERNAL,Chilli,chilli_cold,chilli_cold,D:\CropDiseaseProject\chilli_cold\cerocospora\IMG_4596.JPG,cerocospora,0,cerocospora,0,True,0.5317866802215576,0.5317866802215576,healthy,0.32694733142852783,murda complex,0.0978984385728836
TRACK_A_INTERNAL,Chilli,chilli_cold,chilli_cold,D:\CropDiseaseProject\chilli_cold\cerocospora\IMG_5383.JPG,cerocospora,0,cerocospora,0,True,0.8194659948348999,0.8194659948348999,nutritional deficiency,0.10701995342969894,healthy,0.04478483647108078
TRACK_A_INTERNAL,Chilli,chilli_cold,chilli_cold,D:\CropDiseaseProject\chilli_cold\cerocospora\IMG_5427.JPG,cerocospora,0,nutritional deficiency,3,False,0.38542404770851135,0.2024632841348648,powdery mildew,0.38336631655693054,cerocospora,0.2024632841348648
TRACK_A_INTERNAL,Chilli,chilli_cold,chilli_cold,D:\CropDiseaseProject\chilli_cold\cerocospora\IMG_4387.JPG,cerocospora,0,murda complex,2,False,0.6113508343696594,0.07312314212322235,healthy,0.15395858883857727,powdery mildew,0.14774350821971893
TRACK_A_INTERNAL,Chilli,chilli_cold,chilli_cold,D:\CropDiseaseProject\chilli_cold\cerocospora\IMG_4670.JPG,cerocospora,0,cerocospora,0,True,0.7638635039329529,0.7638635039329529,healthy,0.1949680745601654,murda complex,0.0391254760324955
TRACK_A_INTERNAL,Chilli,chilli_cold,chilli_cold,D:\CropDiseaseProject\chilli_cold\cerocospora\IMG_5324.JPG,cerocospora,0,cerocospora,0,True,0.9579383730888367,0.9579383730888367,nutritional deficiency,0.02321159839630127,powdery mildew,0.015387383289635181
TRACK_A_INTERNAL,Chilli,chilli_cold,chilli_cold,D:\CropDiseaseProject\chilli_cold\cerocospora\IMG_5190.JPG,cerocospora,0,cerocospora,0,True,0.942248523235321,0.942248523235321,healthy,0.0299672931432724,nutritional deficiency,0.023059038445353508
TRACK_A_INTERNAL,Chilli,chilli_cold,chilli_cold,D:\CropDiseaseProject\chilli_cold\cerocospora\IMG_5191.JPG,cerocospora,0,cerocospora,0,True,0.9908831715583801,0.9908831715583801,nutritional deficiency,0.004835807718336582,healthy,0.00400977348908782
TRACK_A_INTERNAL,Chilli,chilli_cold,chilli_cold,D:\CropDiseaseProject\chilli_cold\cerocospora\IMG_3938.JPG,cerocospora,0,healthy,1,False,0.3390633761882782,0.13729532063007355,murda complex,0.3228353261947632,nutritional deficiency,0.19129617512226105
TRACK_A_INTERNAL,Chilli,chilli_cold,chilli_cold,D:\CropDiseaseProject\chilli_cold\cerocospora\IMG_4576.JPG,cerocospora,0,cerocospora,0,True,0.9660241603851318,0.9660241603851318,murda complex,0.017659617587924004,healthy,0.009413711726665497
TRACK_A_INTERNAL,Chilli,chilli_cold,chilli_cold,D:\CropDiseaseProject\chilli_cold\cerocospora\IMG_4487.JPG,cerocospora,0,cerocospora,0,True,0.9468583464622498,0.9468583464622498,nutritional deficiency,0.035897545516490936,murda complex,0.008552879095077515
TRACK_A_INTERNAL,Chilli,chilli_cold,chilli_cold,D:\CropDiseaseProject\chilli_cold\cerocospora\IMG_4084.JPG,cerocospora,0,cerocospora,0,True,0.7823594212532043,0.7823594212532043,healthy,0.1358901858329773,murda complex,0.07162699103355408
TRACK_A_INTERNAL,Chilli,chilli_cold,chilli_cold,D:\CropDiseaseProject\chilli_cold\cerocospora\IMG_4155.JPG,cerocospora,0,cerocospora,0,True,0.9261959791183472,0.9261959791183472,healthy,0.03930004686117172,powdery mildew,0.028869295492768288
TRACK_A_INTERNAL,Chilli,chilli_cold,chilli_cold,D:\CropDiseaseProject\chilli_cold\cerocospora\IMG_3925.JPG,cerocospora,0,cerocospora,0,True,0.6773228049278259,0.6773228049278259,nutritional deficiency,0.20798012614250183,healthy,0.10093853622674942
TRACK_A_INTERNAL,Chilli,chilli_cold,chilli_cold,D:\CropDiseaseProject\chilli_cold\cerocospora\IMG_4628.JPG,cerocospora,0,healthy,1,False,0.5662756562232971,0.20030298829078674,murda complex,0.20660170912742615,cerocospora,0.20030298829078674
TRACK_A_INTERNAL,Chilli,chilli_cold,chilli_cold,D:\CropDiseaseProject\chilli_cold\cerocospora\IMG_5376.JPG,cerocospora,0,cerocospora,0,True,0.8909116983413696,0.8909116983413696,powdery mildew,0.041656605899333954,healthy,0.04088381305336952
TRACK_A_INTERNAL,Chilli,chilli_cold,chilli_cold,D:\CropDiseaseProject\chilli_cold\cerocospora\IMG_5123.JPG,cerocospora,0,cerocospora,0,True,0.47061654925346375,0.47061654925346375,healthy,0.3582472503185272,murda complex,0.14234976470470428
TRACK_A_INTERNAL,Chilli,chilli_cold,chilli_cold,D:\CropDiseaseProject\chilli_cold\cerocospora\IMG_5332.JPG,cerocospora,0,cerocospora,0,True,0.6885866522789001,0.6885866522789001,murda complex,0.1567353457212448,healthy,0.11772523820400238
TRACK_A_INTERNAL,Chilli,chilli_cold,chilli_cold,D:\CropDiseaseProject\chilli_cold\cerocospora\IMG_4776.JPG,cerocospora,0,murda complex,2,False,0.4224417209625244,0.42095887660980225,cerocospora,0.42095887660980225,nutritional deficiency,0.08848631381988525
TRACK_A_INTERNAL,Chilli,chilli_cold,chilli_cold,D:\CropDiseaseProject\chilli_cold\cerocospora\IMG_5185.JPG,cerocospora,0,cerocospora,0,True,0.8742218613624573,0.8742218613624573,nutritional deficiency,0.11909867823123932,healthy,0.0037522257771342993
TRACK_A_INTERNAL,Chilli,chilli_cold,chilli_cold,D:\CropDiseaseProject\chilli_cold\cerocospora\IMG_5364.JPG,cerocospora,0,cerocospora,0,True,0.6489556431770325,0.6489556431770325,healthy,0.3009297549724579,powdery mildew,0.02194037288427353
TRACK_A_INTERNAL,Chilli,chilli_cold,chilli_cold,D:\CropDiseaseProject\chilli_cold\cerocospora\IMG_4141.JPG,cerocospora,0,cerocospora,0,True,0.8812139630317688,0.8812139630317688,healthy,0.07294819504022598,nutritional deficiency,0.03003111481666565
TRACK_A_INTERNAL,Chilli,chilli_cold,chilli_cold,D:\CropDiseaseProject\chilli_cold\cerocospora\IMG_5151.JPG,cerocospora,0,cerocospora,0,True,0.8429703712463379,0.8429703712463379,healthy,0.07409672439098358,murda complex,0.055009935051202774
TRACK_A_INTERNAL,Chilli,chilli_cold,chilli_cold,D:\CropDiseaseProject\chilli_cold\cerocospora\IMG_4532.JPG,cerocospora,0,cerocospora,0,True,0.7817421555519104,0.7817421555519104,healthy,0.17783039808273315,nutritional deficiency,0.02867244929075241
TRACK_A_INTERNAL,Chilli,chilli_cold,chilli_cold,D:\CropDiseaseProject\chilli_cold\cerocospora\IMG_4046.JPG,cerocospora,0,cerocospora,0,True,0.9890027046203613,0.9890027046203613,healthy,0.00860215537250042,nutritional deficiency,0.0018843448488041759
TRACK_A_INTERNAL,Chilli,chilli_cold,chilli_cold,D:\CropDiseaseProject\chilli_cold\healthy\IMG_3879.JPG,healthy,1,healthy,1,True,0.7281404733657837,0.7281404733657837,murda complex,0.1288493424654007,cerocospora,0.08108974993228912
TRACK_A_INTERNAL,Chilli,chilli_cold,chilli_cold,D:\CropDiseaseProject\chilli_cold\healthy\IMG_4417.JPG,healthy,1,cerocospora,0,False,0.6994825005531311,0.05817011743783951,murda complex,0.20766131579875946,healthy,0.05817011743783951
TRACK_A_INTERNAL,Chilli,chilli_cold,chilli_cold,D:\CropDiseaseProject\chilli_cold\healthy\IMG_3880.JPG,healthy,1,murda complex,2,False,0.47286882996559143,0.32430553436279297,healthy,0.32430553436279297,powdery mildew,0.09202732890844345
TRACK_A_INTERNAL,Chilli,chilli_cold,chilli_cold,D:\CropDiseaseProject\chilli_cold\healthy\IMG_4183.JPG,healthy,1,cerocospora,0,False,0.38790956139564514,0.32201284170150757,healthy,0.32201284170150757,nutritional deficiency,0.15434962511062622
TRACK_A_INTERNAL,Chilli,chilli_cold,chilli_cold,D:\CropDiseaseProject\chilli_cold\healthy\IMG_3881.JPG,healthy,1,healthy,1,True,0.3676392138004303,0.3676392138004303,nutritional deficiency,0.2886875569820404,murda complex,0.21389098465442657
TRACK_A_INTERNAL,Chilli,chilli_cold,chilli_cold,D:\CropDiseaseProject\chilli_cold\healthy\IMG_3946.JPG,healthy,1,healthy,1,True,0.44680255651474,0.44680255651474,murda complex,0.4394897520542145,cerocospora,0.09104794263839722
TRACK_A_INTERNAL,Chilli,chilli_cold,chilli_cold,D:\CropDiseaseProject\chilli_cold\healthy\IMG_4838.JPG,healthy,1,healthy,1,True,0.6543995141983032,0.6543995141983032,cerocospora,0.24614478647708893,nutritional deficiency,0.05468994006514549
TRACK_A_INTERNAL,Chilli,chilli_cold,chilli_cold,D:\CropDiseaseProject\chilli_cold\healthy\IMG_4840.JPG,healthy,1,cerocospora,0,False,0.5491403341293335,0.17361533641815186,healthy,0.17361533641815186,murda complex,0.15078546106815338
TRACK_A_INTERNAL,Chilli,chilli_cold,chilli_cold,D:\CropDiseaseProject\chilli_cold\healthy\IMG_4431.JPG,healthy,1,healthy,1,True,0.7228356003761292,0.7228356003761292,cerocospora,0.13945914804935455,murda complex,0.09663192182779312
TRACK_A_INTERNAL,Chilli,chilli_cold,chilli_cold,D:\CropDiseaseProject\chilli_cold\healthy\IMG_4439.JPG,healthy,1,cerocospora,0,False,0.36227285861968994,0.3076570928096771,healthy,0.3076570928096771,murda complex,0.2255191206932068
TRACK_A_INTERNAL,Chilli,chilli_cold,chilli_cold,D:\CropDiseaseProject\chilli_cold\healthy\IMG_3885.JPG,healthy,1,healthy,1,True,0.35825425386428833,0.35825425386428833,murda complex,0.35025086998939514,cerocospora,0.2593863904476166
TRACK_A_INTERNAL,Chilli,chilli_cold,chilli_cold,D:\CropDiseaseProject\chilli_cold\healthy\IMG_3481.JPG,healthy,1,murda complex,2,False,0.5631323456764221,0.3894110321998596,healthy,0.3894110321998596,cerocospora,0.03760647773742676
TRACK_A_INTERNAL,Chilli,chilli_cold,chilli_cold,D:\CropDiseaseProject\chilli_cold\healthy\IMG_3908.JPG,healthy,1,cerocospora,0,False,0.6298156380653381,0.2231941968202591,healthy,0.2231941968202591,nutritional deficiency,0.13708627223968506
TRACK_A_INTERNAL,Chilli,chilli_cold,chilli_cold,D:\CropDiseaseProject\chilli_cold\healthy\IMG_5096.JPG,healthy,1,healthy,1,True,0.31563687324523926,0.31563687324523926,cerocospora,0.24634556472301483,powdery mildew,0.21138261258602142
TRACK_A_INTERNAL,Chilli,chilli_cold,chilli_cold,D:\CropDiseaseProject\chilli_cold\healthy\IMG_4827.JPG,healthy,1,healthy,1,True,0.4701860845088959,0.4701860845088959,cerocospora,0.4484400749206543,nutritional deficiency,0.07970789074897766
TRACK_A_INTERNAL,Chilli,chilli_cold,chilli_cold,D:\CropDiseaseProject\chilli_cold\healthy\IMG_3572.JPG,healthy,1,healthy,1,True,0.9100017547607422,0.9100017547607422,nutritional deficiency,0.06359768658876419,cerocospora,0.013307304121553898
TRACK_A_INTERNAL,Chilli,chilli_cold,chilli_cold,D:\CropDiseaseProject\chilli_cold\healthy\IMG_3477.JPG,healthy,1,murda complex,2,False,0.7820720672607422,0.04224243387579918,cerocospora,0.16127106547355652,healthy,0.04224243387579918
TRACK_A_INTERNAL,Chilli,chilli_cold,chilli_cold,D:\CropDiseaseProject\chilli_cold\healthy\IMG_3479.JPG,healthy,1,cerocospora,0,False,0.5888389348983765,0.07886037975549698,nutritional deficiency,0.20894227921962738,murda complex,0.10461608320474625
TRACK_A_INTERNAL,Chilli,chilli_cold,chilli_cold,D:\CropDiseaseProject\chilli_cold\healthy\IMG_3906.JPG,healthy,1,cerocospora,0,False,0.40316909551620483,0.30197465419769287,healthy,0.30197465419769287,nutritional deficiency,0.2681128680706024
TRACK_A_INTERNAL,Chilli,chilli_cold,chilli_cold,D:\CropDiseaseProject\chilli_cold\healthy\IMG_3561.JPG,healthy,1,healthy,1,True,0.9930863976478577,0.9930863976478577,cerocospora,0.006237143650650978,nutritional deficiency,0.0003024569887202233
TRACK_A_INTERNAL,Chilli,chilli_cold,chilli_cold,D:\CropDiseaseProject\chilli_cold\healthy\IMG_3918.JPG,healthy,1,cerocospora,0,False,0.36911311745643616,0.13120059669017792,murda complex,0.2671663463115692,nutritional deficiency,0.16620586812496185
TRACK_A_INTERNAL,Chilli,chilli_cold,chilli_cold,D:\CropDiseaseProject\chilli_cold\healthy\IMG_5205.JPG,healthy,1,healthy,1,True,0.7146861553192139,0.7146861553192139,cerocospora,0.24677696824073792,nutritional deficiency,0.03073013387620449
TRACK_A_INTERNAL,Chilli,chilli_cold,chilli_cold,D:\CropDiseaseProject\chilli_cold\healthy\IMG_5616.JPG,healthy,1,cerocospora,0,False,0.7599092721939087,0.030477607622742653,nutritional deficiency,0.11337374895811081,murda complex,0.05209198221564293
TRACK_A_INTERNAL,Chilli,chilli_cold,chilli_cold,D:\CropDiseaseProject\chilli_cold\healthy\IMG_4817.JPG,healthy,1,cerocospora,0,False,0.4970509707927704,0.29383307695388794,healthy,0.29383307695388794,nutritional deficiency,0.14035969972610474
TRACK_A_INTERNAL,Chilli,chilli_cold,chilli_cold,D:\CropDiseaseProject\chilli_cold\healthy\IMG_3434.JPG,healthy,1,healthy,1,True,0.4563082158565521,0.4563082158565521,cerocospora,0.35638609528541565,murda complex,0.14745375514030457
TRACK_A_INTERNAL,Chilli,chilli_cold,chilli_cold,D:\CropDiseaseProject\chilli_cold\healthy\IMG_5095.JPG,healthy,1,cerocospora,0,False,0.8478919267654419,0.08619985729455948,healthy,0.08619985729455948,murda complex,0.03110365755856037
TRACK_A_INTERNAL,Chilli,chilli_cold,chilli_cold,D:\CropDiseaseProject\chilli_cold\healthy\IMG_4193.JPG,healthy,1,healthy,1,True,0.6258062124252319,0.6258062124252319,cerocospora,0.20794014632701874,murda complex,0.15078651905059814
TRACK_A_INTERNAL,Chilli,chilli_cold,chilli_cold,D:\CropDiseaseProject\chilli_cold\healthy\IMG_3956.JPG,healthy,1,healthy,1,True,0.8763231039047241,0.8763231039047241,cerocospora,0.06793258339166641,nutritional deficiency,0.031303878873586655
TRACK_A_INTERNAL,Chilli,chilli_cold,chilli_cold,D:\CropDiseaseProject\chilli_cold\healthy\IMG_3869.JPG,healthy,1,healthy,1,True,0.768031895160675,0.768031895160675,murda complex,0.16124363243579865,cerocospora,0.0645810216665268
TRACK_A_INTERNAL,Chilli,chilli_cold,chilli_cold,D:\CropDiseaseProject\chilli_cold\healthy\IMG_4812.JPG,healthy,1,murda complex,2,False,0.42150169610977173,0.36869776248931885,healthy,0.36869776248931885,cerocospora,0.14515277743339539
TRACK_A_INTERNAL,Chilli,chilli_cold,chilli_cold,D:\CropDiseaseProject\chilli_cold\murda complex\IMG_3244.JPG,murda complex,2,murda complex,2,True,0.6866019368171692,0.6866019368171692,healthy,0.2212144285440445,cerocospora,0.08861023932695389
TRACK_A_INTERNAL,Chilli,chilli_cold,chilli_cold,D:\CropDiseaseProject\chilli_cold\murda complex\IMG_4277.JPG,murda complex,2,murda complex,2,True,0.4312508702278137,0.4312508702278137,cerocospora,0.3002163767814636,healthy,0.2502944767475128
TRACK_A_INTERNAL,Chilli,chilli_cold,chilli_cold,D:\CropDiseaseProject\chilli_cold\murda complex\IMG_4284.JPG,murda complex,2,murda complex,2,True,0.6824184060096741,0.6824184060096741,healthy,0.15611308813095093,cerocospora,0.15534880757331848
TRACK_A_INTERNAL,Chilli,chilli_cold,chilli_cold,D:\CropDiseaseProject\chilli_cold\murda complex\IMG_4220.JPG,murda complex,2,healthy,1,False,0.628335177898407,0.3353988826274872,murda complex,0.3353988826274872,cerocospora,0.02816879190504551
TRACK_A_INTERNAL,Chilli,chilli_cold,chilli_cold,D:\CropDiseaseProject\chilli_cold\murda complex\IMG_4746.JPG,murda complex,2,cerocospora,0,False,0.3581649363040924,0.31969738006591797,murda complex,0.31969738006591797,healthy,0.2956101894378662
TRACK_A_INTERNAL,Chilli,chilli_cold,chilli_cold,D:\CropDiseaseProject\chilli_cold\murda complex\IMG_3361.JPG,murda complex,2,murda complex,2,True,0.7574952244758606,0.7574952244758606,healthy,0.2041826993227005,cerocospora,0.023378677666187286
TRACK_A_INTERNAL,Chilli,chilli_cold,chilli_cold,D:\CropDiseaseProject\chilli_cold\murda complex\IMG_5099.JPG,murda complex,2,cerocospora,0,False,0.770574152469635,0.1318192481994629,murda complex,0.1318192481994629,healthy,0.09466714411973953
TRACK_A_INTERNAL,Chilli,chilli_cold,chilli_cold,D:\CropDiseaseProject\chilli_cold\murda complex\IMG_3320.JPG,murda complex,2,murda complex,2,True,0.5061554312705994,0.5061554312705994,healthy,0.29605892300605774,cerocospora,0.1954176127910614
TRACK_A_INTERNAL,Chilli,chilli_cold,chilli_cold,D:\CropDiseaseProject\chilli_cold\murda complex\IMG_3238.JPG,murda complex,2,murda complex,2,True,0.6064352989196777,0.6064352989196777,cerocospora,0.3644234240055084,nutritional deficiency,0.024242574349045753
TRACK_A_INTERNAL,Chilli,chilli_cold,chilli_cold,D:\CropDiseaseProject\chilli_cold\murda complex\IMG_5648.JPG,murda complex,2,murda complex,2,True,0.8846825957298279,0.8846825957298279,cerocospora,0.08576337993144989,powdery mildew,0.018925221636891365
TRACK_A_INTERNAL,Chilli,chilli_cold,chilli_cold,D:\CropDiseaseProject\chilli_cold\murda complex\IMG_3242.JPG,murda complex,2,murda complex,2,True,0.5997417569160461,0.5997417569160461,healthy,0.36307641863822937,cerocospora,0.02785848081111908
TRACK_A_INTERNAL,Chilli,chilli_cold,chilli_cold,D:\CropDiseaseProject\chilli_cold\murda complex\IMG_4750.JPG,murda complex,2,murda complex,2,True,0.4446916878223419,0.4446916878223419,nutritional deficiency,0.2476750761270523,cerocospora,0.22896713018417358
TRACK_A_INTERNAL,Chilli,chilli_cold,chilli_cold,D:\CropDiseaseProject\chilli_cold\murda complex\IMG_5342.JPG,murda complex,2,murda complex,2,True,0.7766901254653931,0.7766901254653931,cerocospora,0.186444953083992,nutritional deficiency,0.02085041254758835
TRACK_A_INTERNAL,Chilli,chilli_cold,chilli_cold,D:\CropDiseaseProject\chilli_cold\murda complex\IMG_3364.JPG,murda complex,2,healthy,1,False,0.45284414291381836,0.2071758359670639,cerocospora,0.3253540098667145,murda complex,0.2071758359670639
TRACK_A_INTERNAL,Chilli,chilli_cold,chilli_cold,D:\CropDiseaseProject\chilli_cold\murda complex\IMG_3257.JPG,murda complex,2,murda complex,2,True,0.3709779977798462,0.3709779977798462,healthy,0.3410576283931732,cerocospora,0.25255024433135986
TRACK_A_INTERNAL,Chilli,chilli_cold,chilli_cold,D:\CropDiseaseProject\chilli_cold\murda complex\IMG_3270.JPG,murda complex,2,cerocospora,0,False,0.4849173128604889,0.09843967109918594,healthy,0.3349468410015106,murda complex,0.09843967109918594
TRACK_A_INTERNAL,Chilli,chilli_cold,chilli_cold,D:\CropDiseaseProject\chilli_cold\murda complex\IMG_4214.JPG,murda complex,2,murda complex,2,True,0.6004574298858643,0.6004574298858643,healthy,0.345009982585907,cerocospora,0.052847109735012054
TRACK_A_INTERNAL,Chilli,chilli_cold,chilli_cold,D:\CropDiseaseProject\chilli_cold\murda complex\IMG_4248.JPG,murda complex,2,murda complex,2,True,0.4125884175300598,0.4125884175300598,cerocospora,0.40814390778541565,nutritional deficiency,0.12848012149333954
TRACK_A_INTERNAL,Chilli,chilli_cold,chilli_cold,D:\CropDiseaseProject\chilli_cold\murda complex\IMG_5100.JPG,murda complex,2,cerocospora,0,False,0.467877060174942,0.3483787775039673,murda complex,0.3483787775039673,healthy,0.14446665346622467
TRACK_A_INTERNAL,Chilli,chilli_cold,chilli_cold,D:\CropDiseaseProject\chilli_cold\murda complex\IMG_4201.JPG,murda complex,2,murda complex,2,True,0.8035674691200256,0.8035674691200256,nutritional deficiency,0.08206072449684143,cerocospora,0.07187102735042572
TRACK_A_INTERNAL,Chilli,chilli_cold,chilli_cold,D:\CropDiseaseProject\chilli_cold\murda complex\IMG_3473.JPG,murda complex,2,cerocospora,0,False,0.5992383360862732,0.2934090793132782,murda complex,0.2934090793132782,healthy,0.08049113303422928
TRACK_A_INTERNAL,Chilli,chilli_cold,chilli_cold,D:\CropDiseaseProject\chilli_cold\murda complex\IMG_5344.JPG,murda complex,2,healthy,1,False,0.46042105555534363,0.33166009187698364,murda complex,0.33166009187698364,cerocospora,0.17070089280605316
TRACK_A_INTERNAL,Chilli,chilli_cold,chilli_cold,D:\CropDiseaseProject\chilli_cold\murda complex\IMG_3237.JPG,murda complex,2,murda complex,2,True,0.5313197374343872,0.5313197374343872,healthy,0.4429450035095215,cerocospora,0.022315794602036476
TRACK_A_INTERNAL,Chilli,chilli_cold,chilli_cold,D:\CropDiseaseProject\chilli_cold\murda complex\IMG_4257.JPG,murda complex,2,healthy,1,False,0.5340480804443359,0.35615023970603943,murda complex,0.35615023970603943,cerocospora,0.10612756758928299
TRACK_A_INTERNAL,Chilli,chilli_cold,chilli_cold,D:\CropDiseaseProject\chilli_cold\murda complex\IMG_5349.JPG,murda complex,2,murda complex,2,True,0.32341843843460083,0.32341843843460083,healthy,0.31633418798446655,cerocospora,0.3121192753314972
TRACK_A_INTERNAL,Chilli,chilli_cold,chilli_cold,D:\CropDiseaseProject\chilli_cold\murda complex\IMG_3269.JPG,murda complex,2,healthy,1,False,0.49163559079170227,0.17570622265338898,cerocospora,0.21855488419532776,murda complex,0.17570622265338898
TRACK_A_INTERNAL,Chilli,chilli_cold,chilli_cold,D:\CropDiseaseProject\chilli_cold\murda complex\IMG_3253.JPG,murda complex,2,murda complex,2,True,0.6235188841819763,0.6235188841819763,healthy,0.24945195019245148,cerocospora,0.10389059782028198
TRACK_A_INTERNAL,Chilli,chilli_cold,chilli_cold,D:\CropDiseaseProject\chilli_cold\murda complex\IMG_3476.JPG,murda complex,2,cerocospora,0,False,0.6855332851409912,0.24740462005138397,murda complex,0.24740462005138397,healthy,0.04927043616771698
TRACK_A_INTERNAL,Chilli,chilli_cold,chilli_cold,D:\CropDiseaseProject\chilli_cold\murda complex\IMG_4200.JPG,murda complex,2,cerocospora,0,False,0.534254789352417,0.1136419028043747,nutritional deficiency,0.32124969363212585,murda complex,0.1136419028043747
TRACK_A_INTERNAL,Chilli,chilli_cold,chilli_cold,D:\CropDiseaseProject\chilli_cold\murda complex\IMG_4292.JPG,murda complex,2,murda complex,2,True,0.3667309582233429,0.3667309582233429,cerocospora,0.3310905694961548,healthy,0.273780882358551
TRACK_A_INTERNAL,Chilli,chilli_cold,chilli_cold,D:\CropDiseaseProject\chilli_cold\nutritional deficiency\IMG_3469.JPG,nutritional deficiency,3,cerocospora,0,False,0.39048847556114197,0.2177181839942932,healthy,0.3684212565422058,nutritional deficiency,0.2177181839942932
TRACK_A_INTERNAL,Chilli,chilli_cold,chilli_cold,D:\CropDiseaseProject\chilli_cold\nutritional deficiency\IMG_4932.JPG,nutritional deficiency,3,cerocospora,0,False,0.7410647869110107,0.14793074131011963,nutritional deficiency,0.14793074131011963,healthy,0.1005382090806961
TRACK_A_INTERNAL,Chilli,chilli_cold,chilli_cold,D:\CropDiseaseProject\chilli_cold\nutritional deficiency\IMG_3427.JPG,nutritional deficiency,3,nutritional deficiency,3,True,0.7565791010856628,0.7565791010856628,cerocospora,0.24160167574882507,murda complex,0.0016003868076950312
TRACK_A_INTERNAL,Chilli,chilli_cold,chilli_cold,D:\CropDiseaseProject\chilli_cold\nutritional deficiency\IMG_3512.JPG,nutritional deficiency,3,nutritional deficiency,3,True,0.44023820757865906,0.44023820757865906,healthy,0.3097025752067566,murda complex,0.11393342912197113
TRACK_A_INTERNAL,Chilli,chilli_cold,chilli_cold,D:\CropDiseaseProject\chilli_cold\nutritional deficiency\IMG_4933.JPG,nutritional deficiency,3,powdery mildew,4,False,0.662740170955658,0.05788267403841019,cerocospora,0.16089223325252533,healthy,0.06620113551616669
TRACK_A_INTERNAL,Chilli,chilli_cold,chilli_cold,D:\CropDiseaseProject\chilli_cold\nutritional deficiency\IMG_4931.JPG,nutritional deficiency,3,cerocospora,0,False,0.6597558259963989,0.10111257433891296,healthy,0.22565191984176636,nutritional deficiency,0.10111257433891296
TRACK_A_INTERNAL,Chilli,chilli_cold,chilli_cold,D:\CropDiseaseProject\chilli_cold\nutritional deficiency\IMG_4449.JPG,nutritional deficiency,3,cerocospora,0,False,0.9619941115379333,0.019809139892458916,nutritional deficiency,0.019809139892458916,murda complex,0.011573371477425098
TRACK_A_INTERNAL,Chilli,chilli_cold,chilli_cold,D:\CropDiseaseProject\chilli_cold\nutritional deficiency\IMG_4443.JPG,nutritional deficiency,3,cerocospora,0,False,0.251289427280426,0.2388322502374649,powdery mildew,0.2512253224849701,nutritional deficiency,0.2388322502374649
TRACK_A_INTERNAL,Chilli,chilli_cold,chilli_cold,D:\CropDiseaseProject\chilli_cold\nutritional deficiency\IMG_4877.JPG,nutritional deficiency,3,cerocospora,0,False,0.8060845136642456,0.16064783930778503,nutritional deficiency,0.16064783930778503,healthy,0.02322421222925186
TRACK_A_INTERNAL,Chilli,chilli_cold,chilli_cold,D:\CropDiseaseProject\chilli_cold\nutritional deficiency\IMG_3552.JPG,nutritional deficiency,3,powdery mildew,4,False,0.6403118968009949,0.02358546480536461,healthy,0.2733992636203766,cerocospora,0.052418727427721024
TRACK_A_INTERNAL,Chilli,chilli_cold,chilli_cold,D:\CropDiseaseProject\chilli_cold\nutritional deficiency\IMG_4871.JPG,nutritional deficiency,3,cerocospora,0,False,0.5823258757591248,0.025975964963436127,healthy,0.38113975524902344,nutritional deficiency,0.025975964963436127
TRACK_A_INTERNAL,Chilli,chilli_cold,chilli_cold,D:\CropDiseaseProject\chilli_cold\nutritional deficiency\IMG_4869.JPG,nutritional deficiency,3,cerocospora,0,False,0.9801919460296631,0.002676937961950898,healthy,0.016756772994995117,nutritional deficiency,0.002676937961950898
TRACK_A_INTERNAL,Chilli,chilli_cold,chilli_cold,D:\CropDiseaseProject\chilli_cold\nutritional deficiency\IMG_4688.JPG,nutritional deficiency,3,cerocospora,0,False,0.4855712354183197,0.17106221616268158,healthy,0.26624998450279236,nutritional deficiency,0.17106221616268158
TRACK_A_INTERNAL,Chilli,chilli_cold,chilli_cold,D:\CropDiseaseProject\chilli_cold\nutritional deficiency\IMG_3285.JPG,nutritional deficiency,3,nutritional deficiency,3,True,0.5025603771209717,0.5025603771209717,cerocospora,0.37845468521118164,healthy,0.06997665762901306
TRACK_A_INTERNAL,Chilli,chilli_cold,chilli_cold,D:\CropDiseaseProject\chilli_cold\nutritional deficiency\IMG_4444.JPG,nutritional deficiency,3,murda complex,2,False,0.6773889064788818,0.030063480138778687,cerocospora,0.22265155613422394,healthy,0.047082141041755676
TRACK_A_INTERNAL,Chilli,chilli_cold,chilli_cold,D:\CropDiseaseProject\chilli_cold\nutritional deficiency\IMG_3422.JPG,nutritional deficiency,3,nutritional deficiency,3,True,0.9508930444717407,0.9508930444717407,cerocospora,0.04215039685368538,healthy,0.005021835211664438
TRACK_A_INTERNAL,Chilli,chilli_cold,chilli_cold,D:\CropDiseaseProject\chilli_cold\nutritional deficiency\IMG_4729.JPG,nutritional deficiency,3,healthy,1,False,0.6436830759048462,0.0630292296409607,murda complex,0.15964631736278534,cerocospora,0.13213223218917847
TRACK_A_INTERNAL,Chilli,chilli_cold,chilli_cold,D:\CropDiseaseProject\chilli_cold\nutritional deficiency\IMG_3374.JPG,nutritional deficiency,3,healthy,1,False,0.4840352535247803,0.007573653478175402,murda complex,0.40668612718582153,cerocospora,0.10008639842271805
TRACK_A_INTERNAL,Chilli,chilli_cold,chilli_cold,D:\CropDiseaseProject\chilli_cold\nutritional deficiency\IMG_3367.JPG,nutritional deficiency,3,cerocospora,0,False,0.7398765683174133,0.1293201595544815,nutritional deficiency,0.1293201595544815,healthy,0.11705353856086731
TRACK_A_INTERNAL,Chilli,chilli_cold,chilli_cold,D:\CropDiseaseProject\chilli_cold\nutritional deficiency\IMG_3540.JPG,nutritional deficiency,3,cerocospora,0,False,0.7387655377388,0.06421159952878952,powdery mildew,0.0757608413696289,healthy,0.07242503017187119
TRACK_A_INTERNAL,Chilli,chilli_cold,chilli_cold,D:\CropDiseaseProject\chilli_cold\nutritional deficiency\IMG_3437.JPG,nutritional deficiency,3,cerocospora,0,False,0.5054590702056885,0.06470675021409988,murda complex,0.23285359144210815,healthy,0.1889113336801529
TRACK_A_INTERNAL,Chilli,chilli_cold,chilli_cold,D:\CropDiseaseProject\chilli_cold\nutritional deficiency\IMG_3420.JPG,nutritional deficiency,3,nutritional deficiency,3,True,0.8699759244918823,0.8699759244918823,cerocospora,0.12897047400474548,murda complex,0.0005269119865261018
TRACK_A_INTERNAL,Chilli,chilli_cold,chilli_cold,D:\CropDiseaseProject\chilli_cold\nutritional deficiency\IMG_4706.JPG,nutritional deficiency,3,cerocospora,0,False,0.6650807857513428,0.2968810200691223,nutritional deficiency,0.2968810200691223,healthy,0.02774651348590851
TRACK_A_INTERNAL,Chilli,chilli_cold,chilli_cold,D:\CropDiseaseProject\chilli_cold\nutritional deficiency\IMG_4868.JPG,nutritional deficiency,3,healthy,1,False,0.5908966660499573,0.03842230886220932,cerocospora,0.1942957639694214,murda complex,0.17508633434772491
TRACK_A_INTERNAL,Chilli,chilli_cold,chilli_cold,D:\CropDiseaseProject\chilli_cold\nutritional deficiency\IMG_4464.JPG,nutritional deficiency,3,nutritional deficiency,3,True,0.6471328139305115,0.6471328139305115,cerocospora,0.3392060101032257,healthy,0.007508482784032822
TRACK_A_INTERNAL,Chilli,chilli_cold,chilli_cold,D:\CropDiseaseProject\chilli_cold\nutritional deficiency\IMG_4446.JPG,nutritional deficiency,3,nutritional deficiency,3,True,0.39092084765434265,0.39092084765434265,cerocospora,0.3411838412284851,murda complex,0.24700570106506348
TRACK_A_INTERNAL,Chilli,chilli_cold,chilli_cold,D:\CropDiseaseProject\chilli_cold\nutritional deficiency\IMG_4875.JPG,nutritional deficiency,3,cerocospora,0,False,0.8866438269615173,0.015331617556512356,healthy,0.08878381550312042,nutritional deficiency,0.015331617556512356
TRACK_A_INTERNAL,Chilli,chilli_cold,chilli_cold,D:\CropDiseaseProject\chilli_cold\nutritional deficiency\IMG_4872.JPG,nutritional deficiency,3,cerocospora,0,False,0.75565505027771,0.021468326449394226,healthy,0.21304623782634735,nutritional deficiency,0.021468326449394226
TRACK_A_INTERNAL,Chilli,chilli_cold,chilli_cold,D:\CropDiseaseProject\chilli_cold\nutritional deficiency\IMG_3314.JPG,nutritional deficiency,3,murda complex,2,False,0.9216503500938416,0.0017416030168533325,healthy,0.06739888340234756,cerocospora,0.009198090061545372
TRACK_A_INTERNAL,Chilli,chilli_cold,chilli_cold,D:\CropDiseaseProject\chilli_cold\nutritional deficiency\IMG_3535.JPG,nutritional deficiency,3,cerocospora,0,False,0.5254664421081543,0.3282698094844818,nutritional deficiency,0.3282698094844818,healthy,0.1314997524023056
TRACK_A_INTERNAL,Chilli,chilli_cold,chilli_cold,D:\CropDiseaseProject\chilli_cold\powdery mildew\IMG_5562.JPG,powdery mildew,4,powdery mildew,4,True,0.9267668724060059,0.9267668724060059,healthy,0.05545399338006973,cerocospora,0.010287412442266941
TRACK_A_INTERNAL,Chilli,chilli_cold,chilli_cold,D:\CropDiseaseProject\chilli_cold\powdery mildew\IMG_5575.JPG,powdery mildew,4,powdery mildew,4,True,0.6821163296699524,0.6821163296699524,cerocospora,0.2233959287405014,healthy,0.0634324699640274
TRACK_A_INTERNAL,Chilli,chilli_cold,chilli_cold,D:\CropDiseaseProject\chilli_cold\powdery mildew\IMG_5609.JPG,powdery mildew,4,powdery mildew,4,True,0.2722718417644501,0.2722718417644501,healthy,0.23167471587657928,cerocospora,0.2215254008769989
TRACK_A_INTERNAL,Chilli,chilli_cold,chilli_cold,D:\CropDiseaseProject\chilli_cold\powdery mildew\IMG_5599.JPG,powdery mildew,4,powdery mildew,4,True,0.9916108250617981,0.9916108250617981,cerocospora,0.005672297906130552,healthy,0.0012867070036008954
TRACK_A_INTERNAL,Chilli,chilli_cold,chilli_cold,D:\CropDiseaseProject\chilli_cold\powdery mildew\IMG_5557.JPG,powdery mildew,4,powdery mildew,4,True,0.8924323320388794,0.8924323320388794,cerocospora,0.0773567259311676,healthy,0.024169761687517166
TRACK_A_INTERNAL,Chilli,chilli_cold,chilli_cold,D:\CropDiseaseProject\chilli_cold\powdery mildew\IMG_5493.JPG,powdery mildew,4,powdery mildew,4,True,0.9427573680877686,0.9427573680877686,cerocospora,0.03618355095386505,healthy,0.01392102986574173
TRACK_A_INTERNAL,Chilli,chilli_cold,chilli_cold,D:\CropDiseaseProject\chilli_cold\powdery mildew\IMG_5531.JPG,powdery mildew,4,powdery mildew,4,True,0.9507004618644714,0.9507004618644714,healthy,0.025692857801914215,cerocospora,0.012576580047607422
TRACK_A_INTERNAL,Chilli,chilli_cold,chilli_cold,D:\CropDiseaseProject\chilli_cold\powdery mildew\IMG_5589.JPG,powdery mildew,4,healthy,1,False,0.777297854423523,0.1309152990579605,powdery mildew,0.1309152990579605,cerocospora,0.054579392075538635
TRACK_A_INTERNAL,Chilli,chilli_cold,chilli_cold,D:\CropDiseaseProject\chilli_cold\powdery mildew\IMG_5514.JPG,powdery mildew,4,cerocospora,0,False,0.36913859844207764,0.2367580533027649,powdery mildew,0.2367580533027649,healthy,0.16746017336845398
TRACK_A_INTERNAL,Chilli,chilli_cold,chilli_cold,D:\CropDiseaseProject\chilli_cold\powdery mildew\IMG_5678.JPG,powdery mildew,4,powdery mildew,4,True,0.6532517075538635,0.6532517075538635,cerocospora,0.3171291947364807,healthy,0.01704103872179985
TRACK_A_INTERNAL,Chilli,chilli_cold,chilli_cold,D:\CropDiseaseProject\chilli_cold\powdery mildew\IMG_5673.JPG,powdery mildew,4,powdery mildew,4,True,0.6640030145645142,0.6640030145645142,cerocospora,0.2501743733882904,healthy,0.04909767583012581
TRACK_A_INTERNAL,Chilli,chilli_cold,chilli_cold,D:\CropDiseaseProject\chilli_cold\powdery mildew\IMG_5675.JPG,powdery mildew,4,powdery mildew,4,True,0.8337411880493164,0.8337411880493164,cerocospora,0.06853596121072769,nutritional deficiency,0.05023786425590515
TRACK_A_INTERNAL,Chilli,chilli_cold,chilli_cold,D:\CropDiseaseProject\chilli_cold\powdery mildew\IMG_5595.JPG,powdery mildew,4,cerocospora,0,False,0.42188000679016113,0.05326879397034645,healthy,0.3553597927093506,nutritional deficiency,0.10112112760543823
TRACK_A_INTERNAL,Chilli,chilli_cold,chilli_cold,D:\CropDiseaseProject\chilli_cold\powdery mildew\IMG_5549.JPG,powdery mildew,4,healthy,1,False,0.6657394766807556,0.22995257377624512,powdery mildew,0.22995257377624512,nutritional deficiency,0.05800941586494446
TRACK_A_INTERNAL,Chilli,chilli_cold,chilli_cold,D:\CropDiseaseProject\chilli_cold\powdery mildew\IMG_5577.JPG,powdery mildew,4,powdery mildew,4,True,0.9703946709632874,0.9703946709632874,healthy,0.012783764861524105,murda complex,0.007249443791806698
TRACK_A_INTERNAL,Chilli,chilli_cold,chilli_cold,D:\CropDiseaseProject\chilli_cold\powdery mildew\IMG_5683.JPG,powdery mildew,4,powdery mildew,4,True,0.683140754699707,0.683140754699707,cerocospora,0.258624792098999,murda complex,0.026280568912625313
TRACK_A_INTERNAL,Chilli,chilli_cold,chilli_cold,D:\CropDiseaseProject\chilli_cold\powdery mildew\IMG_5587.JPG,powdery mildew,4,powdery mildew,4,True,0.6599655151367188,0.6599655151367188,healthy,0.15709295868873596,cerocospora,0.11499744653701782
TRACK_A_INTERNAL,Chilli,chilli_cold,chilli_cold,D:\CropDiseaseProject\chilli_cold\powdery mildew\IMG_5527.JPG,powdery mildew,4,powdery mildew,4,True,0.8928707242012024,0.8928707242012024,cerocospora,0.06383636593818665,murda complex,0.018407290801405907
TRACK_A_INTERNAL,Chilli,chilli_cold,chilli_cold,D:\CropDiseaseProject\chilli_cold\powdery mildew\IMG_5606.JPG,powdery mildew,4,powdery mildew,4,True,0.5113469362258911,0.5113469362258911,murda complex,0.3072352409362793,cerocospora,0.1429893523454666
TRACK_A_INTERNAL,Chilli,chilli_cold,chilli_cold,D:\CropDiseaseProject\chilli_cold\powdery mildew\IMG_5591.JPG,powdery mildew,4,healthy,1,False,0.47912517189979553,0.14536549150943756,cerocospora,0.24475634098052979,powdery mildew,0.14536549150943756
TRACK_A_INTERNAL,Chilli,chilli_cold,chilli_cold,D:\CropDiseaseProject\chilli_cold\powdery mildew\IMG_5488.JPG,powdery mildew,4,powdery mildew,4,True,0.40727391839027405,0.40727391839027405,cerocospora,0.23827537894248962,murda complex,0.21807199716567993
TRACK_A_INTERNAL,Chilli,chilli_cold,chilli_cold,D:\CropDiseaseProject\chilli_cold\powdery mildew\IMG_5684.JPG,powdery mildew,4,cerocospora,0,False,0.5315628051757812,0.4505501687526703,powdery mildew,0.4505501687526703,healthy,0.009091300889849663
TRACK_A_INTERNAL,Chilli,chilli_cold,chilli_cold,D:\CropDiseaseProject\chilli_cold\powdery mildew\IMG_5580.JPG,powdery mildew,4,powdery mildew,4,True,0.984001636505127,0.984001636505127,cerocospora,0.008354933001101017,murda complex,0.0042104232124984264
TRACK_A_INTERNAL,Chilli,chilli_cold,chilli_cold,D:\CropDiseaseProject\chilli_cold\powdery mildew\IMG_5661.JPG,powdery mildew,4,cerocospora,0,False,0.710879921913147,0.05946319177746773,healthy,0.14466169476509094,murda complex,0.06284104287624359
TRACK_A_INTERNAL,Sugarcane,sugarcane_maharashtra,sugarcane_maharashtra,D:\CropDiseaseProject\sugarcane_maharashtra\Healthy\healthy (325).jpeg,Healthy Leaves,3,Healthy Leaves,3,True,0.9785814881324768,0.9785814881324768,Red Rot,0.019973570480942726,Mosaic / Viral Disease,0.0011568379122763872
TRACK_A_INTERNAL,Sugarcane,sugarcane_maharashtra,sugarcane_maharashtra,D:\CropDiseaseProject\sugarcane_maharashtra\Healthy\healthy (446).jpeg,Healthy Leaves,3,Healthy Leaves,3,True,0.682334303855896,0.682334303855896,Yellow Leaf Disease,0.19082331657409668,Mosaic / Viral Disease,0.12116178125143051
TRACK_A_INTERNAL,Sugarcane,sugarcane_maharashtra,sugarcane_maharashtra,D:\CropDiseaseProject\sugarcane_maharashtra\Healthy\healthy (147).jpeg,Healthy Leaves,3,Healthy Leaves,3,True,0.9343569278717041,0.9343569278717041,Yellow Leaf Disease,0.03341621905565262,Mosaic / Viral Disease,0.0320291593670845
TRACK_A_INTERNAL,Sugarcane,sugarcane_maharashtra,sugarcane_maharashtra,D:\CropDiseaseProject\sugarcane_maharashtra\Healthy\healthy (141).jpeg,Healthy Leaves,3,Healthy Leaves,3,True,0.980647087097168,0.980647087097168,Rust (Brown Rust),0.01596587896347046,Yellow Leaf Disease,0.0026418836787343025
TRACK_A_INTERNAL,Sugarcane,sugarcane_maharashtra,sugarcane_maharashtra,D:\CropDiseaseProject\sugarcane_maharashtra\Healthy\healthy (422).jpeg,Healthy Leaves,3,Healthy Leaves,3,True,0.9906821250915527,0.9906821250915527,Mosaic / Viral Disease,0.00836886651813984,Yellow Leaf Disease,0.0005076373345218599
TRACK_A_INTERNAL,Sugarcane,sugarcane_maharashtra,sugarcane_maharashtra,D:\CropDiseaseProject\sugarcane_maharashtra\Healthy\healthy (34).jpeg,Healthy Leaves,3,Healthy Leaves,3,True,0.997918426990509,0.997918426990509,Mosaic / Viral Disease,0.0016563204117119312,Red Rot,0.00021361507242545485
TRACK_A_INTERNAL,Sugarcane,sugarcane_maharashtra,sugarcane_maharashtra,D:\CropDiseaseProject\sugarcane_maharashtra\Healthy\healthy (291).jpeg,Healthy Leaves,3,Healthy Leaves,3,True,0.7827792167663574,0.7827792167663574,Mosaic / Viral Disease,0.2080494910478592,Rust (Brown Rust),0.006470062769949436
TRACK_A_INTERNAL,Sugarcane,sugarcane_maharashtra,sugarcane_maharashtra,D:\CropDiseaseProject\sugarcane_maharashtra\Healthy\healthy (394).jpeg,Healthy Leaves,3,Healthy Leaves,3,True,0.6758604049682617,0.6758604049682617,Yellow Leaf Disease,0.17960770428180695,Pokkah Boeng,0.07188534736633301
TRACK_A_INTERNAL,Sugarcane,sugarcane_maharashtra,sugarcane_maharashtra,D:\CropDiseaseProject\sugarcane_maharashtra\Healthy\healthy (451).jpeg,Healthy Leaves,3,Healthy Leaves,3,True,0.7528054714202881,0.7528054714202881,Yellow Leaf Disease,0.1933336853981018,Mosaic / Viral Disease,0.0471833236515522
TRACK_A_INTERNAL,Sugarcane,sugarcane_maharashtra,sugarcane_maharashtra,D:\CropDiseaseProject\sugarcane_maharashtra\Healthy\healthy (350).jpeg,Healthy Leaves,3,Healthy Leaves,3,True,0.8053355813026428,0.8053355813026428,Mosaic / Viral Disease,0.15814818441867828,Yellow Leaf Disease,0.02745751477777958
TRACK_A_INTERNAL,Sugarcane,sugarcane_maharashtra,sugarcane_maharashtra,D:\CropDiseaseProject\sugarcane_maharashtra\Healthy\healthy (194).jpeg,Healthy Leaves,3,Healthy Leaves,3,True,0.8645598292350769,0.8645598292350769,Rust (Brown Rust),0.1285841166973114,Yellow Leaf Disease,0.005808674264699221
TRACK_A_INTERNAL,Sugarcane,sugarcane_maharashtra,sugarcane_maharashtra,D:\CropDiseaseProject\sugarcane_maharashtra\Healthy\healthy (408).jpeg,Healthy Leaves,3,Healthy Leaves,3,True,0.9562773108482361,0.9562773108482361,Mosaic / Viral Disease,0.024239588528871536,Yellow Leaf Disease,0.017407448962330818
TRACK_A_INTERNAL,Sugarcane,sugarcane_maharashtra,sugarcane_maharashtra,D:\CropDiseaseProject\sugarcane_maharashtra\Healthy\healthy (146).jpeg,Healthy Leaves,3,Healthy Leaves,3,True,0.8485651016235352,0.8485651016235352,Mosaic / Viral Disease,0.15103544294834137,Rust (Brown Rust),0.00035012871376238763
TRACK_A_INTERNAL,Sugarcane,sugarcane_maharashtra,sugarcane_maharashtra,D:\CropDiseaseProject\sugarcane_maharashtra\Healthy\healthy (223).jpeg,Healthy Leaves,3,Yellow Leaf Disease,10,False,0.8501775860786438,0.1302926391363144,Healthy Leaves,0.1302926391363144,Mosaic / Viral Disease,0.014327187091112137
TRACK_A_INTERNAL,Sugarcane,sugarcane_maharashtra,sugarcane_maharashtra,D:\CropDiseaseProject\sugarcane_maharashtra\Healthy\healthy (365).jpeg,Healthy Leaves,3,Healthy Leaves,3,True,0.8432173728942871,0.8432173728942871,Mosaic / Viral Disease,0.14025920629501343,Red Rot,0.008740488439798355
TRACK_A_INTERNAL,Sugarcane,sugarcane_maharashtra,sugarcane_maharashtra,D:\CropDiseaseProject\sugarcane_maharashtra\Healthy\healthy (110).jpeg,Healthy Leaves,3,Healthy Leaves,3,True,0.45273905992507935,0.45273905992507935,Rust (Brown Rust),0.24288342893123627,Mosaic / Viral Disease,0.17883366346359253
TRACK_A_INTERNAL,Sugarcane,sugarcane_maharashtra,sugarcane_maharashtra,D:\CropDiseaseProject\sugarcane_maharashtra\Healthy\healthy (505).jpeg,Healthy Leaves,3,Healthy Leaves,3,True,0.9332504868507385,0.9332504868507385,Mosaic / Viral Disease,0.0636862963438034,Rust (Brown Rust),0.001337895286269486
TRACK_A_INTERNAL,Sugarcane,sugarcane_maharashtra,sugarcane_maharashtra,D:\CropDiseaseProject\sugarcane_maharashtra\Healthy\healthy (515).jpeg,Healthy Leaves,3,Healthy Leaves,3,True,0.8943076729774475,0.8943076729774475,Mosaic / Viral Disease,0.07256505638360977,Red Rot,0.022691546007990837
TRACK_A_INTERNAL,Sugarcane,sugarcane_maharashtra,sugarcane_maharashtra,D:\CropDiseaseProject\sugarcane_maharashtra\Healthy\healthy (56).jpeg,Healthy Leaves,3,Healthy Leaves,3,True,0.5259127616882324,0.5259127616882324,Mosaic / Viral Disease,0.24138808250427246,Brown Spot,0.12759307026863098
TRACK_A_INTERNAL,Sugarcane,sugarcane_maharashtra,sugarcane_maharashtra,D:\CropDiseaseProject\sugarcane_maharashtra\Healthy\healthy (57).jpeg,Healthy Leaves,3,Healthy Leaves,3,True,0.9784145355224609,0.9784145355224609,Mosaic / Viral Disease,0.01713627390563488,Yellow Leaf Disease,0.002802917966619134
TRACK_A_INTERNAL,Sugarcane,sugarcane_maharashtra,sugarcane_maharashtra,D:\CropDiseaseProject\sugarcane_maharashtra\Healthy\healthy (500).jpeg,Healthy Leaves,3,Red Rot,6,False,0.8101068735122681,0.13703355193138123,Healthy Leaves,0.13703355193138123,Mosaic / Viral Disease,0.030011732131242752
TRACK_A_INTERNAL,Sugarcane,sugarcane_maharashtra,sugarcane_maharashtra,D:\CropDiseaseProject\sugarcane_maharashtra\Healthy\healthy (188).jpeg,Healthy Leaves,3,Healthy Leaves,3,True,0.9571493268013,0.9571493268013,Rust (Brown Rust),0.041339680552482605,Yellow Leaf Disease,0.0010045662056654692
TRACK_A_INTERNAL,Sugarcane,sugarcane_maharashtra,sugarcane_maharashtra,D:\CropDiseaseProject\sugarcane_maharashtra\Healthy\healthy (516).jpeg,Healthy Leaves,3,Healthy Leaves,3,True,0.9830789566040039,0.9830789566040039,Red Rot,0.007136564701795578,Rust (Brown Rust),0.0048293545842170715
TRACK_A_INTERNAL,Sugarcane,sugarcane_maharashtra,sugarcane_maharashtra,D:\CropDiseaseProject\sugarcane_maharashtra\Healthy\healthy (306).jpeg,Healthy Leaves,3,Healthy Leaves,3,True,0.9752553105354309,0.9752553105354309,Mosaic / Viral Disease,0.02204827591776848,Yellow Leaf Disease,0.001332694897428155
TRACK_A_INTERNAL,Sugarcane,sugarcane_maharashtra,sugarcane_maharashtra,D:\CropDiseaseProject\sugarcane_maharashtra\Healthy\healthy (402).jpeg,Healthy Leaves,3,Healthy Leaves,3,True,0.9529739022254944,0.9529739022254944,Mosaic / Viral Disease,0.04370332509279251,Rust (Brown Rust),0.0018291949527338147
TRACK_A_INTERNAL,Sugarcane,sugarcane_maharashtra,sugarcane_maharashtra,D:\CropDiseaseProject\sugarcane_maharashtra\Healthy\healthy (270).jpeg,Healthy Leaves,3,Mosaic / Viral Disease,4,False,0.8025658130645752,0.17296026647090912,Healthy Leaves,0.17296026647090912,Yellow Leaf Disease,0.01640435680747032
TRACK_A_INTERNAL,Sugarcane,sugarcane_maharashtra,sugarcane_maharashtra,D:\CropDiseaseProject\sugarcane_maharashtra\Healthy\healthy (359).jpeg,Healthy Leaves,3,Healthy Leaves,3,True,0.46102094650268555,0.46102094650268555,Mosaic / Viral Disease,0.3546167314052582,Yellow Leaf Disease,0.17916034162044525
TRACK_A_INTERNAL,Sugarcane,sugarcane_maharashtra,sugarcane_maharashtra,D:\CropDiseaseProject\sugarcane_maharashtra\Healthy\healthy (333).jpeg,Healthy Leaves,3,Healthy Leaves,3,True,0.977809727191925,0.977809727191925,Mosaic / Viral Disease,0.02152981236577034,Rust (Brown Rust),0.0005880901589989662
TRACK_A_INTERNAL,Sugarcane,sugarcane_maharashtra,sugarcane_maharashtra,D:\CropDiseaseProject\sugarcane_maharashtra\Healthy\healthy (155).jpeg,Healthy Leaves,3,Healthy Leaves,3,True,0.9416579008102417,0.9416579008102417,Mosaic / Viral Disease,0.049322549253702164,Rust (Brown Rust),0.0067360978573560715
TRACK_A_INTERNAL,Sugarcane,sugarcane_maharashtra,sugarcane_maharashtra,D:\CropDiseaseProject\sugarcane_maharashtra\Healthy\healthy (80).jpeg,Healthy Leaves,3,Healthy Leaves,3,True,0.9590937495231628,0.9590937495231628,Mosaic / Viral Disease,0.025260670110583305,Yellow Leaf Disease,0.012360706925392151
TRACK_A_INTERNAL,Sugarcane,sugarcane_maharashtra,sugarcane_maharashtra,D:\CropDiseaseProject\sugarcane_maharashtra\Mosaic\mosaic (292).jpeg,Mosaic / Viral Disease,4,Mosaic / Viral Disease,4,True,0.9544591903686523,0.9544591903686523,Healthy Leaves,0.022122783586382866,Yellow Leaf Disease,0.013442224822938442
TRACK_A_INTERNAL,Sugarcane,sugarcane_maharashtra,sugarcane_maharashtra,D:\CropDiseaseProject\sugarcane_maharashtra\Mosaic\mosaic (262).jpeg,Mosaic / Viral Disease,4,Mosaic / Viral Disease,4,True,0.9501664042472839,0.9501664042472839,Yellow Leaf Disease,0.04514753818511963,Healthy Leaves,0.003969364333897829
TRACK_A_INTERNAL,Sugarcane,sugarcane_maharashtra,sugarcane_maharashtra,D:\CropDiseaseProject\sugarcane_maharashtra\Mosaic\mosaic (446).jpeg,Mosaic / Viral Disease,4,Mosaic / Viral Disease,4,True,0.8133381009101868,0.8133381009101868,Healthy Leaves,0.18269138038158417,Yellow Leaf Disease,0.0032014064490795135
TRACK_A_INTERNAL,Sugarcane,sugarcane_maharashtra,sugarcane_maharashtra,D:\CropDiseaseProject\sugarcane_maharashtra\Mosaic\mosaic (46).jpeg,Mosaic / Viral Disease,4,Mosaic / Viral Disease,4,True,0.9960675239562988,0.9960675239562988,Healthy Leaves,0.001346482546068728,Rust (Brown Rust),0.0012043988099321723
TRACK_A_INTERNAL,Sugarcane,sugarcane_maharashtra,sugarcane_maharashtra,D:\CropDiseaseProject\sugarcane_maharashtra\Mosaic\mosaic (37).jpeg,Mosaic / Viral Disease,4,Mosaic / Viral Disease,4,True,0.9403066039085388,0.9403066039085388,Yellow Leaf Disease,0.050917401909828186,Healthy Leaves,0.005252865608781576
TRACK_A_INTERNAL,Sugarcane,sugarcane_maharashtra,sugarcane_maharashtra,D:\CropDiseaseProject\sugarcane_maharashtra\Mosaic\mosaic (63).jpeg,Mosaic / Viral Disease,4,Rust (Brown Rust),7,False,0.44739285111427307,0.35579898953437805,Mosaic / Viral Disease,0.35579898953437805,Healthy Leaves,0.1113291010260582
TRACK_A_INTERNAL,Sugarcane,sugarcane_maharashtra,sugarcane_maharashtra,D:\CropDiseaseProject\sugarcane_maharashtra\Mosaic\mosaic (284).jpeg,Mosaic / Viral Disease,4,Mosaic / Viral Disease,4,True,0.989180862903595,0.989180862903595,Healthy Leaves,0.004552091006189585,Red Rot,0.0020558484829962254
TRACK_A_INTERNAL,Sugarcane,sugarcane_maharashtra,sugarcane_maharashtra,D:\CropDiseaseProject\sugarcane_maharashtra\Mosaic\mosaic (193).jpeg,Mosaic / Viral Disease,4,Healthy Leaves,3,False,0.5587432980537415,0.21676774322986603,Mosaic / Viral Disease,0.21676774322986603,Yellow Leaf Disease,0.2090015709400177
TRACK_A_INTERNAL,Sugarcane,sugarcane_maharashtra,sugarcane_maharashtra,D:\CropDiseaseProject\sugarcane_maharashtra\Mosaic\mosaic (92).jpeg,Mosaic / Viral Disease,4,Mosaic / Viral Disease,4,True,0.9571764469146729,0.9571764469146729,Rust (Brown Rust),0.0238345954567194,Healthy Leaves,0.016621625050902367
TRACK_A_INTERNAL,Sugarcane,sugarcane_maharashtra,sugarcane_maharashtra,D:\CropDiseaseProject\sugarcane_maharashtra\Mosaic\mosaic (247).jpeg,Mosaic / Viral Disease,4,Mosaic / Viral Disease,4,True,0.5153302550315857,0.5153302550315857,Healthy Leaves,0.42902472615242004,Yellow Leaf Disease,0.04948629438877106
TRACK_A_INTERNAL,Sugarcane,sugarcane_maharashtra,sugarcane_maharashtra,D:\CropDiseaseProject\sugarcane_maharashtra\Mosaic\mosaic (25).jpeg,Mosaic / Viral Disease,4,Rust (Brown Rust),7,False,0.4176802337169647,0.1574741154909134,Red Rot,0.301252543926239,Mosaic / Viral Disease,0.1574741154909134
TRACK_A_INTERNAL,Sugarcane,sugarcane_maharashtra,sugarcane_maharashtra,D:\CropDiseaseProject\sugarcane_maharashtra\Mosaic\mosaic (430).jpeg,Mosaic / Viral Disease,4,Mosaic / Viral Disease,4,True,0.7709228992462158,0.7709228992462158,Red Rot,0.1343277245759964,Healthy Leaves,0.07839181274175644
TRACK_A_INTERNAL,Sugarcane,sugarcane_maharashtra,sugarcane_maharashtra,D:\CropDiseaseProject\sugarcane_maharashtra\Mosaic\mosaic (167).jpeg,Mosaic / Viral Disease,4,Mosaic / Viral Disease,4,True,0.8872799277305603,0.8872799277305603,Yellow Leaf Disease,0.10844314843416214,Rust (Brown Rust),0.003163277404382825
TRACK_A_INTERNAL,Sugarcane,sugarcane_maharashtra,sugarcane_maharashtra,D:\CropDiseaseProject\sugarcane_maharashtra\Mosaic\mosaic (437).jpeg,Mosaic / Viral Disease,4,Mosaic / Viral Disease,4,True,0.9634807705879211,0.9634807705879211,Healthy Leaves,0.02661045826971531,Yellow Leaf Disease,0.0053323619067668915
TRACK_A_INTERNAL,Sugarcane,sugarcane_maharashtra,sugarcane_maharashtra,D:\CropDiseaseProject\sugarcane_maharashtra\Mosaic\mosaic (298).jpeg,Mosaic / Viral Disease,4,Mosaic / Viral Disease,4,True,0.8734171390533447,0.8734171390533447,Rust (Brown Rust),0.07925119996070862,Yellow Leaf Disease,0.02565847523510456
TRACK_A_INTERNAL,Sugarcane,sugarcane_maharashtra,sugarcane_maharashtra,D:\CropDiseaseProject\sugarcane_maharashtra\Mosaic\mosaic (23).jpeg,Mosaic / Viral Disease,4,Yellow Leaf Disease,10,False,0.8140138387680054,0.06202821433544159,Rust (Brown Rust),0.10719992965459824,Mosaic / Viral Disease,0.06202821433544159
TRACK_A_INTERNAL,Sugarcane,sugarcane_maharashtra,sugarcane_maharashtra,D:\CropDiseaseProject\sugarcane_maharashtra\Mosaic\mosaic (160).jpeg,Mosaic / Viral Disease,4,Yellow Leaf Disease,10,False,0.6694272756576538,0.034596215933561325,Red Rot,0.19233405590057373,Healthy Leaves,0.09963022172451019
TRACK_A_INTERNAL,Sugarcane,sugarcane_maharashtra,sugarcane_maharashtra,D:\CropDiseaseProject\sugarcane_maharashtra\Mosaic\mosaic (166).jpeg,Mosaic / Viral Disease,4,Yellow Leaf Disease,10,False,0.48148515820503235,0.4069400429725647,Mosaic / Viral Disease,0.4069400429725647,Healthy Leaves,0.07182832807302475
TRACK_A_INTERNAL,Sugarcane,sugarcane_maharashtra,sugarcane_maharashtra,D:\CropDiseaseProject\sugarcane_maharashtra\Mosaic\mosaic (423).jpeg,Mosaic / Viral Disease,4,Mosaic / Viral Disease,4,True,0.9605989456176758,0.9605989456176758,Healthy Leaves,0.026377450674772263,Yellow Leaf Disease,0.008197090588510036
TRACK_A_INTERNAL,Sugarcane,sugarcane_maharashtra,sugarcane_maharashtra,D:\CropDiseaseProject\sugarcane_maharashtra\Mosaic\mosaic (109).jpeg,Mosaic / Viral Disease,4,Mosaic / Viral Disease,4,True,0.8722735047340393,0.8722735047340393,Yellow Leaf Disease,0.06569626182317734,Healthy Leaves,0.03659902140498161
TRACK_A_INTERNAL,Sugarcane,sugarcane_maharashtra,sugarcane_maharashtra,D:\CropDiseaseProject\sugarcane_maharashtra\Mosaic\mosaic (30).jpeg,Mosaic / Viral Disease,4,Mosaic / Viral Disease,4,True,0.8745530843734741,0.8745530843734741,Yellow Leaf Disease,0.059307388961315155,Healthy Leaves,0.05421178415417671
TRACK_A_INTERNAL,Sugarcane,sugarcane_maharashtra,sugarcane_maharashtra,D:\CropDiseaseProject\sugarcane_maharashtra\Mosaic\mosaic (218).jpeg,Mosaic / Viral Disease,4,Healthy Leaves,3,False,0.43774741888046265,0.2743316888809204,Mosaic / Viral Disease,0.2743316888809204,Yellow Leaf Disease,0.25961461663246155
TRACK_A_INTERNAL,Sugarcane,sugarcane_maharashtra,sugarcane_maharashtra,D:\CropDiseaseProject\sugarcane_maharashtra\Mosaic\mosaic (184).jpeg,Mosaic / Viral Disease,4,Mosaic / Viral Disease,4,True,0.8151005506515503,0.8151005506515503,Rust (Brown Rust),0.10331963747739792,Red Rot,0.06697174906730652
TRACK_A_INTERNAL,Sugarcane,sugarcane_maharashtra,sugarcane_maharashtra,D:\CropDiseaseProject\sugarcane_maharashtra\Mosaic\mosaic (189).jpeg,Mosaic / Viral Disease,4,Mosaic / Viral Disease,4,True,0.6860783696174622,0.6860783696174622,Yellow Leaf Disease,0.20401796698570251,Healthy Leaves,0.05969154089689255
TRACK_A_INTERNAL,Sugarcane,sugarcane_maharashtra,sugarcane_maharashtra,D:\CropDiseaseProject\sugarcane_maharashtra\Mosaic\mosaic (348).jpeg,Mosaic / Viral Disease,4,Mosaic / Viral Disease,4,True,0.9229534864425659,0.9229534864425659,Rust (Brown Rust),0.04124033823609352,Yellow Leaf Disease,0.025524351745843887
TRACK_A_INTERNAL,Sugarcane,sugarcane_maharashtra,sugarcane_maharashtra,D:\CropDiseaseProject\sugarcane_maharashtra\Mosaic\mosaic (55).jpeg,Mosaic / Viral Disease,4,Healthy Leaves,3,False,0.9363861680030823,0.06224926561117172,Mosaic / Viral Disease,0.06224926561117172,Rust (Brown Rust),0.000596161000430584
TRACK_A_INTERNAL,Sugarcane,sugarcane_maharashtra,sugarcane_maharashtra,D:\CropDiseaseProject\sugarcane_maharashtra\Mosaic\mosaic (5).jpeg,Mosaic / Viral Disease,4,Yellow Leaf Disease,10,False,0.6428443193435669,0.1680092215538025,Rust (Brown Rust),0.17587564885616302,Mosaic / Viral Disease,0.1680092215538025
TRACK_A_INTERNAL,Sugarcane,sugarcane_maharashtra,sugarcane_maharashtra,D:\CropDiseaseProject\sugarcane_maharashtra\Mosaic\mosaic (235).jpeg,Mosaic / Viral Disease,4,Mosaic / Viral Disease,4,True,0.7397368550300598,0.7397368550300598,Yellow Leaf Disease,0.21419677138328552,Healthy Leaves,0.029901735484600067
TRACK_A_INTERNAL,Sugarcane,sugarcane_maharashtra,sugarcane_maharashtra,D:\CropDiseaseProject\sugarcane_maharashtra\Mosaic\mosaic (197).jpeg,Mosaic / Viral Disease,4,Mosaic / Viral Disease,4,True,0.6418460607528687,0.6418460607528687,Yellow Leaf Disease,0.3140060305595398,Rust (Brown Rust),0.02931956574320793
TRACK_A_INTERNAL,Sugarcane,sugarcane_maharashtra,sugarcane_maharashtra,D:\CropDiseaseProject\sugarcane_maharashtra\Mosaic\mosaic (174).jpeg,Mosaic / Viral Disease,4,Healthy Leaves,3,False,0.6769834160804749,0.1720040738582611,Mosaic / Viral Disease,0.1720040738582611,Rust (Brown Rust),0.12032735347747803
TRACK_A_INTERNAL,Sugarcane,sugarcane_maharashtra,sugarcane_maharashtra,D:\CropDiseaseProject\sugarcane_maharashtra\RedRot\redrot (132).jpeg,Red Rot,6,Red Rot,6,True,0.9654350280761719,0.9654350280761719,Rust (Brown Rust),0.02234969660639763,Brown Spot,0.003403307870030403
TRACK_A_INTERNAL,Sugarcane,sugarcane_maharashtra,sugarcane_maharashtra,D:\CropDiseaseProject\sugarcane_maharashtra\RedRot\redrot (74).jpeg,Red Rot,6,Red Rot,6,True,0.999492883682251,0.999492883682251,Brown Spot,0.00045431620674207807,Rust (Brown Rust),2.859321284631733e-05
TRACK_A_INTERNAL,Sugarcane,sugarcane_maharashtra,sugarcane_maharashtra,D:\CropDiseaseProject\sugarcane_maharashtra\RedRot\redrot (368).jpeg,Red Rot,6,Red Rot,6,True,0.964625358581543,0.964625358581543,Brown Spot,0.011684284545481205,Rust (Brown Rust),0.010395931079983711
TRACK_A_INTERNAL,Sugarcane,sugarcane_maharashtra,sugarcane_maharashtra,D:\CropDiseaseProject\sugarcane_maharashtra\RedRot\redrot (356).jpeg,Red Rot,6,Red Rot,6,True,0.8505913019180298,0.8505913019180298,Rust (Brown Rust),0.11969069391489029,Healthy Leaves,0.02159346453845501
TRACK_A_INTERNAL,Sugarcane,sugarcane_maharashtra,sugarcane_maharashtra,D:\CropDiseaseProject\sugarcane_maharashtra\RedRot\redrot (310).jpeg,Red Rot,6,Red Rot,6,True,0.9984264373779297,0.9984264373779297,Mosaic / Viral Disease,0.0014279151801019907,Yellow Leaf Disease,5.4864842240931466e-05
TRACK_A_INTERNAL,Sugarcane,sugarcane_maharashtra,sugarcane_maharashtra,D:\CropDiseaseProject\sugarcane_maharashtra\RedRot\redrot (365).jpeg,Red Rot,6,Red Rot,6,True,0.4879634380340576,0.4879634380340576,Brown Spot,0.47642961144447327,Healthy Leaves,0.031154604628682137
TRACK_A_INTERNAL,Sugarcane,sugarcane_maharashtra,sugarcane_maharashtra,D:\CropDiseaseProject\sugarcane_maharashtra\RedRot\redrot (48).jpeg,Red Rot,6,Red Rot,6,True,0.930588960647583,0.930588960647583,Rust (Brown Rust),0.06226930394768715,Yellow Leaf Disease,0.00683264434337616
TRACK_A_INTERNAL,Sugarcane,sugarcane_maharashtra,sugarcane_maharashtra,D:\CropDiseaseProject\sugarcane_maharashtra\RedRot\redrot (412).jpeg,Red Rot,6,Red Rot,6,True,0.9929763078689575,0.9929763078689575,Brown Spot,0.004495652858167887,Rust (Brown Rust),0.002406666288152337
TRACK_A_INTERNAL,Sugarcane,sugarcane_maharashtra,sugarcane_maharashtra,D:\CropDiseaseProject\sugarcane_maharashtra\RedRot\redrot (91).jpeg,Red Rot,6,Red Rot,6,True,0.357971727848053,0.357971727848053,Brown Spot,0.31717145442962646,Yellow Leaf Disease,0.13884185254573822
TRACK_A_INTERNAL,Sugarcane,sugarcane_maharashtra,sugarcane_maharashtra,D:\CropDiseaseProject\sugarcane_maharashtra\RedRot\redrot (13).jpeg,Red Rot,6,Red Rot,6,True,0.5289730429649353,0.5289730429649353,Brown Spot,0.34329304099082947,Yellow Leaf Disease,0.12434865534305573
TRACK_A_INTERNAL,Sugarcane,sugarcane_maharashtra,sugarcane_maharashtra,D:\CropDiseaseProject\sugarcane_maharashtra\RedRot\redrot (174).jpeg,Red Rot,6,Red Rot,6,True,0.6719568967819214,0.6719568967819214,Healthy Leaves,0.290547251701355,Mosaic / Viral Disease,0.013661005534231663
TRACK_A_INTERNAL,Sugarcane,sugarcane_maharashtra,sugarcane_maharashtra,D:\CropDiseaseProject\sugarcane_maharashtra\RedRot\redrot (394).jpeg,Red Rot,6,Rust (Brown Rust),7,False,0.8207195401191711,0.03426511213183403,Brown Spot,0.08240918070077896,Red Rot,0.03426511213183403
TRACK_A_INTERNAL,Sugarcane,sugarcane_maharashtra,sugarcane_maharashtra,D:\CropDiseaseProject\sugarcane_maharashtra\RedRot\redrot (24).jpeg,Red Rot,6,Red Rot,6,True,0.4814261496067047,0.4814261496067047,Yellow Leaf Disease,0.19510379433631897,Rust (Brown Rust),0.14858880639076233
TRACK_A_INTERNAL,Sugarcane,sugarcane_maharashtra,sugarcane_maharashtra,D:\CropDiseaseProject\sugarcane_maharashtra\RedRot\redrot (389).jpeg,Red Rot,6,Red Rot,6,True,0.9641944169998169,0.9641944169998169,Healthy Leaves,0.021488720551133156,Mosaic / Viral Disease,0.0104462169110775
TRACK_A_INTERNAL,Sugarcane,sugarcane_maharashtra,sugarcane_maharashtra,D:\CropDiseaseProject\sugarcane_maharashtra\RedRot\redrot (226).jpeg,Red Rot,6,Red Rot,6,True,0.33884522318840027,0.33884522318840027,Brown Spot,0.29904767870903015,Yellow Leaf Disease,0.14597593247890472
TRACK_A_INTERNAL,Sugarcane,sugarcane_maharashtra,sugarcane_maharashtra,D:\CropDiseaseProject\sugarcane_maharashtra\RedRot\redrot (254).jpeg,Red Rot,6,Red Rot,6,True,0.7563676238059998,0.7563676238059998,Yellow Leaf Disease,0.24345998466014862,Healthy Leaves,0.0001003903744276613
TRACK_A_INTERNAL,Sugarcane,sugarcane_maharashtra,sugarcane_maharashtra,D:\CropDiseaseProject\sugarcane_maharashtra\RedRot\redrot (362).jpeg,Red Rot,6,Red Rot,6,True,0.939651370048523,0.939651370048523,Healthy Leaves,0.03069756180047989,Mosaic / Viral Disease,0.023473503068089485
TRACK_A_INTERNAL,Sugarcane,sugarcane_maharashtra,sugarcane_maharashtra,D:\CropDiseaseProject\sugarcane_maharashtra\RedRot\redrot (373).jpeg,Red Rot,6,Red Rot,6,True,0.9996696710586548,0.9996696710586548,Rust (Brown Rust),0.00024149740056600422,Brown Spot,7.461147470166907e-05
TRACK_A_INTERNAL,Sugarcane,sugarcane_maharashtra,sugarcane_maharashtra,D:\CropDiseaseProject\sugarcane_maharashtra\RedRot\redrot (26).jpeg,Red Rot,6,Red Rot,6,True,0.9967066645622253,0.9967066645622253,Brown Spot,0.002227452117949724,Yellow Leaf Disease,0.0006276405765675008
TRACK_A_INTERNAL,Sugarcane,sugarcane_maharashtra,sugarcane_maharashtra,D:\CropDiseaseProject\sugarcane_maharashtra\RedRot\redrot (264).jpeg,Red Rot,6,Red Rot,6,True,0.9760395288467407,0.9760395288467407,Yellow Leaf Disease,0.02293921634554863,Pokkah Boeng,0.00035217395634390414
TRACK_A_INTERNAL,Sugarcane,sugarcane_maharashtra,sugarcane_maharashtra,D:\CropDiseaseProject\sugarcane_maharashtra\RedRot\redrot (423).jpeg,Red Rot,6,Red Rot,6,True,0.9977810978889465,0.9977810978889465,Rust (Brown Rust),0.0017111060442402959,Yellow Leaf Disease,0.0004423042992129922
TRACK_A_INTERNAL,Sugarcane,sugarcane_maharashtra,sugarcane_maharashtra,D:\CropDiseaseProject\sugarcane_maharashtra\RedRot\redrot (169).jpeg,Red Rot,6,Healthy Leaves,3,False,0.965873122215271,0.00672164186835289,Brown Spot,0.018593864515423775,Pokkah Boeng,0.007694055791944265
TRACK_A_INTERNAL,Sugarcane,sugarcane_maharashtra,sugarcane_maharashtra,D:\CropDiseaseProject\sugarcane_maharashtra\RedRot\redrot (110).jpeg,Red Rot,6,Red Rot,6,True,0.9853750467300415,0.9853750467300415,Rust (Brown Rust),0.009231814183294773,Brown Spot,0.00351740512996912
TRACK_A_INTERNAL,Sugarcane,sugarcane_maharashtra,sugarcane_maharashtra,D:\CropDiseaseProject\sugarcane_maharashtra\RedRot\redrot (46).jpeg,Red Rot,6,Red Rot,6,True,0.8875370621681213,0.8875370621681213,Rust (Brown Rust),0.10699304938316345,Yellow Leaf Disease,0.0031333277001976967
TRACK_A_INTERNAL,Sugarcane,sugarcane_maharashtra,sugarcane_maharashtra,D:\CropDiseaseProject\sugarcane_maharashtra\RedRot\redrot (80).jpeg,Red Rot,6,Red Rot,6,True,0.9547628164291382,0.9547628164291382,Rust (Brown Rust),0.03557506948709488,Yellow Leaf Disease,0.008378739468753338
TRACK_A_INTERNAL,Sugarcane,sugarcane_maharashtra,sugarcane_maharashtra,D:\CropDiseaseProject\sugarcane_maharashtra\RedRot\redrot (11).jpeg,Red Rot,6,Red Rot,6,True,0.998100221157074,0.998100221157074,Yellow Leaf Disease,0.0015999251045286655,Rust (Brown Rust),0.00029942530090920627
TRACK_A_INTERNAL,Sugarcane,sugarcane_maharashtra,sugarcane_maharashtra,D:\CropDiseaseProject\sugarcane_maharashtra\RedRot\redrot (361).jpeg,Red Rot,6,Red Rot,6,True,0.9970959424972534,0.9970959424972534,Healthy Leaves,0.002670626388862729,Rust (Brown Rust),0.00012033478560624644
TRACK_A_INTERNAL,Sugarcane,sugarcane_maharashtra,sugarcane_maharashtra,D:\CropDiseaseProject\sugarcane_maharashtra\RedRot\redrot (229).jpeg,Red Rot,6,Red Rot,6,True,0.9187014698982239,0.9187014698982239,Brown Spot,0.0583718866109848,Rust (Brown Rust),0.0175638347864151
TRACK_A_INTERNAL,Sugarcane,sugarcane_maharashtra,sugarcane_maharashtra,D:\CropDiseaseProject\sugarcane_maharashtra\RedRot\redrot (220).jpeg,Red Rot,6,Red Rot,6,True,0.8618335723876953,0.8618335723876953,Rust (Brown Rust),0.06942220032215118,Brown Spot,0.0619661770761013
TRACK_A_INTERNAL,Sugarcane,sugarcane_maharashtra,sugarcane_maharashtra,D:\CropDiseaseProject\sugarcane_maharashtra\RedRot\redrot (490).jpeg,Red Rot,6,Brown Spot,1,False,0.9589394927024841,0.027576293796300888,Red Rot,0.027576293796300888,Yellow Leaf Disease,0.005531716626137495
TRACK_A_INTERNAL,Sugarcane,sugarcane_maharashtra,sugarcane_maharashtra,D:\CropDiseaseProject\sugarcane_maharashtra\Rust\rust (195).jpeg,Rust (Brown Rust),7,Grassy Shoot,2,False,0.6986761093139648,0.0005314570153132081,Sett Rot,0.21030844748020172,Smut,0.08401862531900406
TRACK_A_INTERNAL,Sugarcane,sugarcane_maharashtra,sugarcane_maharashtra,D:\CropDiseaseProject\sugarcane_maharashtra\Rust\rust (272).jpeg,Rust (Brown Rust),7,Rust (Brown Rust),7,True,0.923963189125061,0.923963189125061,Red Rot,0.0752556324005127,Brown Spot,0.0004185671277809888
TRACK_A_INTERNAL,Sugarcane,sugarcane_maharashtra,sugarcane_maharashtra,D:\CropDiseaseProject\sugarcane_maharashtra\Rust\rust (331).jpeg,Rust (Brown Rust),7,Rust (Brown Rust),7,True,0.6465278267860413,0.6465278267860413,Mosaic / Viral Disease,0.1762828826904297,Brown Spot,0.10437983274459839
TRACK_A_INTERNAL,Sugarcane,sugarcane_maharashtra,sugarcane_maharashtra,D:\CropDiseaseProject\sugarcane_maharashtra\Rust\rust (94).jpeg,Rust (Brown Rust),7,Red Rot,6,False,0.9654846787452698,0.02723212167620659,Rust (Brown Rust),0.02723212167620659,Yellow Leaf Disease,0.004995618015527725
TRACK_A_INTERNAL,Sugarcane,sugarcane_maharashtra,sugarcane_maharashtra,D:\CropDiseaseProject\sugarcane_maharashtra\Rust\rust (467).jpeg,Rust (Brown Rust),7,Red Rot,6,False,0.35687074065208435,0.27909862995147705,Rust (Brown Rust),0.27909862995147705,Yellow Leaf Disease,0.21728047728538513
TRACK_A_INTERNAL,Sugarcane,sugarcane_maharashtra,sugarcane_maharashtra,D:\CropDiseaseProject\sugarcane_maharashtra\Rust\rust (487).jpeg,Rust (Brown Rust),7,Rust (Brown Rust),7,True,0.9574382901191711,0.9574382901191711,Brown Spot,0.02844279259443283,Mosaic / Viral Disease,0.012290936894714832
TRACK_A_INTERNAL,Sugarcane,sugarcane_maharashtra,sugarcane_maharashtra,D:\CropDiseaseProject\sugarcane_maharashtra\Rust\rust (64).jpeg,Rust (Brown Rust),7,Rust (Brown Rust),7,True,0.577398955821991,0.577398955821991,Red Rot,0.22572873532772064,Yellow Leaf Disease,0.07555500417947769
TRACK_A_INTERNAL,Sugarcane,sugarcane_maharashtra,sugarcane_maharashtra,D:\CropDiseaseProject\sugarcane_maharashtra\Rust\rust (259).jpeg,Rust (Brown Rust),7,Rust (Brown Rust),7,True,0.9995118379592896,0.9995118379592896,Healthy Leaves,0.00022670802718494087,Brown Spot,0.00014390319120138884
TRACK_A_INTERNAL,Sugarcane,sugarcane_maharashtra,sugarcane_maharashtra,D:\CropDiseaseProject\sugarcane_maharashtra\Rust\rust (132).jpeg,Rust (Brown Rust),7,Mosaic / Viral Disease,4,False,0.40868815779685974,0.37160465121269226,Rust (Brown Rust),0.37160465121269226,Brown Spot,0.1650136411190033
TRACK_A_INTERNAL,Sugarcane,sugarcane_maharashtra,sugarcane_maharashtra,D:\CropDiseaseProject\sugarcane_maharashtra\Rust\rust (193).jpeg,Rust (Brown Rust),7,Rust (Brown Rust),7,True,0.9272471070289612,0.9272471070289612,Brown Spot,0.03393740952014923,Red Rot,0.020064348354935646
TRACK_A_INTERNAL,Sugarcane,sugarcane_maharashtra,sugarcane_maharashtra,D:\CropDiseaseProject\sugarcane_maharashtra\Rust\rust (30).jpeg,Rust (Brown Rust),7,Rust (Brown Rust),7,True,0.8292080163955688,0.8292080163955688,Yellow Leaf Disease,0.11244837939739227,Brown Spot,0.01703987456858158
TRACK_A_INTERNAL,Sugarcane,sugarcane_maharashtra,sugarcane_maharashtra,D:\CropDiseaseProject\sugarcane_maharashtra\Rust\rust (338).jpeg,Rust (Brown Rust),7,Rust (Brown Rust),7,True,0.9998384714126587,0.9998384714126587,Healthy Leaves,0.00010013250721385702,Red Rot,3.253320392104797e-05
TRACK_A_INTERNAL,Sugarcane,sugarcane_maharashtra,sugarcane_maharashtra,D:\CropDiseaseProject\sugarcane_maharashtra\Rust\rust (404).jpeg,Rust (Brown Rust),7,Rust (Brown Rust),7,True,0.9974580407142639,0.9974580407142639,Red Rot,0.0025112128350883722,Healthy Leaves,1.667650940362364e-05
TRACK_A_INTERNAL,Sugarcane,sugarcane_maharashtra,sugarcane_maharashtra,D:\CropDiseaseProject\sugarcane_maharashtra\Rust\rust (277).jpeg,Rust (Brown Rust),7,Rust (Brown Rust),7,True,0.999450147151947,0.999450147151947,Red Rot,0.0003996431769337505,Yellow Leaf Disease,7.585901767015457e-05
TRACK_A_INTERNAL,Sugarcane,sugarcane_maharashtra,sugarcane_maharashtra,D:\CropDiseaseProject\sugarcane_maharashtra\Rust\rust (258).jpeg,Rust (Brown Rust),7,Rust (Brown Rust),7,True,0.8873199224472046,0.8873199224472046,Red Rot,0.05334728583693504,Brown Spot,0.02376113273203373
TRACK_A_INTERNAL,Sugarcane,sugarcane_maharashtra,sugarcane_maharashtra,D:\CropDiseaseProject\sugarcane_maharashtra\Rust\rust (410).jpeg,Rust (Brown Rust),7,Rust (Brown Rust),7,True,0.9840438961982727,0.9840438961982727,Red Rot,0.004578350577503443,Yellow Leaf Disease,0.003947616554796696
TRACK_A_INTERNAL,Sugarcane,sugarcane_maharashtra,sugarcane_maharashtra,D:\CropDiseaseProject\sugarcane_maharashtra\Rust\rust (437).jpeg,Rust (Brown Rust),7,Rust (Brown Rust),7,True,0.7611096501350403,0.7611096501350403,Yellow Leaf Disease,0.1641651839017868,Brown Spot,0.03319210559129715
TRACK_A_INTERNAL,Sugarcane,sugarcane_maharashtra,sugarcane_maharashtra,D:\CropDiseaseProject\sugarcane_maharashtra\Rust\rust (224).jpeg,Rust (Brown Rust),7,Rust (Brown Rust),7,True,0.9156840443611145,0.9156840443611145,Brown Spot,0.02769063413143158,Healthy Leaves,0.027080735191702843
TRACK_A_INTERNAL,Sugarcane,sugarcane_maharashtra,sugarcane_maharashtra,D:\CropDiseaseProject\sugarcane_maharashtra\Rust\rust (154).jpeg,Rust (Brown Rust),7,Rust (Brown Rust),7,True,0.9560657739639282,0.9560657739639282,Red Rot,0.030651533976197243,Brown Spot,0.0043475087732076645
TRACK_A_INTERNAL,Sugarcane,sugarcane_maharashtra,sugarcane_maharashtra,D:\CropDiseaseProject\sugarcane_maharashtra\Rust\rust (120).jpeg,Rust (Brown Rust),7,Rust (Brown Rust),7,True,0.9979836940765381,0.9979836940765381,Yellow Leaf Disease,0.0010728464694693685,Red Rot,0.0008710094261914492
TRACK_A_INTERNAL,Sugarcane,sugarcane_maharashtra,sugarcane_maharashtra,D:\CropDiseaseProject\sugarcane_maharashtra\Rust\rust (441).jpeg,Rust (Brown Rust),7,Rust (Brown Rust),7,True,0.7420920133590698,0.7420920133590698,Mosaic / Viral Disease,0.13824909925460815,Healthy Leaves,0.04260842502117157
TRACK_A_INTERNAL,Sugarcane,sugarcane_maharashtra,sugarcane_maharashtra,D:\CropDiseaseProject\sugarcane_maharashtra\Rust\rust (78).jpeg,Rust (Brown Rust),7,Rust (Brown Rust),7,True,0.8392150402069092,0.8392150402069092,Red Rot,0.1205863282084465,Yellow Leaf Disease,0.02875744178891182
TRACK_A_INTERNAL,Sugarcane,sugarcane_maharashtra,sugarcane_maharashtra,D:\CropDiseaseProject\sugarcane_maharashtra\Rust\rust (373).jpeg,Rust (Brown Rust),7,Rust (Brown Rust),7,True,0.9998168349266052,0.9998168349266052,Mosaic / Viral Disease,8.34722668514587e-05,Red Rot,2.965350722661242e-05
TRACK_A_INTERNAL,Sugarcane,sugarcane_maharashtra,sugarcane_maharashtra,D:\CropDiseaseProject\sugarcane_maharashtra\Rust\rust (278).jpeg,Rust (Brown Rust),7,Rust (Brown Rust),7,True,0.6652738451957703,0.6652738451957703,Red Rot,0.28356441855430603,Mosaic / Viral Disease,0.047088999301195145
TRACK_A_INTERNAL,Sugarcane,sugarcane_maharashtra,sugarcane_maharashtra,D:\CropDiseaseProject\sugarcane_maharashtra\Rust\rust (145).jpeg,Rust (Brown Rust),7,Rust (Brown Rust),7,True,0.972568690776825,0.972568690776825,Healthy Leaves,0.012343532405793667,Mosaic / Viral Disease,0.011885005049407482
TRACK_A_INTERNAL,Sugarcane,sugarcane_maharashtra,sugarcane_maharashtra,D:\CropDiseaseProject\sugarcane_maharashtra\Rust\rust (340).jpeg,Rust (Brown Rust),7,Rust (Brown Rust),7,True,0.991239607334137,0.991239607334137,Red Rot,0.008256356231868267,Mosaic / Viral Disease,0.00018908189667854458
TRACK_A_INTERNAL,Sugarcane,sugarcane_maharashtra,sugarcane_maharashtra,D:\CropDiseaseProject\sugarcane_maharashtra\Rust\rust (257).jpeg,Rust (Brown Rust),7,Rust (Brown Rust),7,True,0.9974580407142639,0.9974580407142639,Red Rot,0.0025112128350883722,Healthy Leaves,1.667650940362364e-05
TRACK_A_INTERNAL,Sugarcane,sugarcane_maharashtra,sugarcane_maharashtra,D:\CropDiseaseProject\sugarcane_maharashtra\Rust\rust (343).jpeg,Rust (Brown Rust),7,Rust (Brown Rust),7,True,0.9961584210395813,0.9961584210395813,Red Rot,0.0031093780416995287,Brown Spot,0.0002836189232766628
TRACK_A_INTERNAL,Sugarcane,sugarcane_maharashtra,sugarcane_maharashtra,D:\CropDiseaseProject\sugarcane_maharashtra\Rust\rust (458).jpeg,Rust (Brown Rust),7,Red Rot,6,False,0.5423918962478638,0.2804248034954071,Rust (Brown Rust),0.2804248034954071,Mosaic / Viral Disease,0.08220988512039185
TRACK_A_INTERNAL,Sugarcane,sugarcane_maharashtra,sugarcane_maharashtra,D:\CropDiseaseProject\sugarcane_maharashtra\Rust\rust (485).jpeg,Rust (Brown Rust),7,Rust (Brown Rust),7,True,0.835940420627594,0.835940420627594,Healthy Leaves,0.13564111292362213,Red Rot,0.017049215734004974
TRACK_A_INTERNAL,Sugarcane,sugarcane_maharashtra,sugarcane_maharashtra,D:\CropDiseaseProject\sugarcane_maharashtra\Yellow\yellow (319).jpeg,Yellow Leaf Disease,10,Yellow Leaf Disease,10,True,0.8376463055610657,0.8376463055610657,Mosaic / Viral Disease,0.13107122480869293,Rust (Brown Rust),0.01523098349571228
TRACK_A_INTERNAL,Sugarcane,sugarcane_maharashtra,sugarcane_maharashtra,D:\CropDiseaseProject\sugarcane_maharashtra\Yellow\yellow (207).jpeg,Yellow Leaf Disease,10,Yellow Leaf Disease,10,True,0.5859643220901489,0.5859643220901489,Mosaic / Viral Disease,0.36811593174934387,Healthy Leaves,0.030381470918655396
TRACK_A_INTERNAL,Sugarcane,sugarcane_maharashtra,sugarcane_maharashtra,D:\CropDiseaseProject\sugarcane_maharashtra\Yellow\yellow (13).jpeg,Yellow Leaf Disease,10,Yellow Leaf Disease,10,True,0.9669267535209656,0.9669267535209656,Red Rot,0.02757101319730282,Rust (Brown Rust),0.005136190447956324
TRACK_A_INTERNAL,Sugarcane,sugarcane_maharashtra,sugarcane_maharashtra,D:\CropDiseaseProject\sugarcane_maharashtra\Yellow\yellow (340).jpeg,Yellow Leaf Disease,10,Yellow Leaf Disease,10,True,0.9838716983795166,0.9838716983795166,Red Rot,0.00958316307514906,Mosaic / Viral Disease,0.0025915333535522223
TRACK_A_INTERNAL,Sugarcane,sugarcane_maharashtra,sugarcane_maharashtra,D:\CropDiseaseProject\sugarcane_maharashtra\Yellow\yellow (378).jpeg,Yellow Leaf Disease,10,Mosaic / Viral Disease,4,False,0.7036846876144409,0.1301417499780655,Healthy Leaves,0.15988357365131378,Yellow Leaf Disease,0.1301417499780655
TRACK_A_INTERNAL,Sugarcane,sugarcane_maharashtra,sugarcane_maharashtra,D:\CropDiseaseProject\sugarcane_maharashtra\Yellow\yellow (55).jpeg,Yellow Leaf Disease,10,Rust (Brown Rust),7,False,0.9423226714134216,0.05476366728544235,Yellow Leaf Disease,0.05476366728544235,Red Rot,0.0025906951632350683
TRACK_A_INTERNAL,Sugarcane,sugarcane_maharashtra,sugarcane_maharashtra,D:\CropDiseaseProject\sugarcane_maharashtra\Yellow\yellow (187).jpeg,Yellow Leaf Disease,10,Yellow Leaf Disease,10,True,0.6979019045829773,0.6979019045829773,Mosaic / Viral Disease,0.22685448825359344,Healthy Leaves,0.07272453606128693
TRACK_A_INTERNAL,Sugarcane,sugarcane_maharashtra,sugarcane_maharashtra,D:\CropDiseaseProject\sugarcane_maharashtra\Yellow\yellow (483).jpeg,Yellow Leaf Disease,10,Mosaic / Viral Disease,4,False,0.9929468035697937,0.0034682159312069416,Yellow Leaf Disease,0.0034682159312069416,Healthy Leaves,0.0032547779846936464
TRACK_A_INTERNAL,Sugarcane,sugarcane_maharashtra,sugarcane_maharashtra,D:\CropDiseaseProject\sugarcane_maharashtra\Yellow\yellow (133).jpeg,Yellow Leaf Disease,10,Brown Spot,1,False,0.8037927150726318,0.07374823838472366,Pokkah Boeng,0.10703280568122864,Yellow Leaf Disease,0.07374823838472366
TRACK_A_INTERNAL,Sugarcane,sugarcane_maharashtra,sugarcane_maharashtra,D:\CropDiseaseProject\sugarcane_maharashtra\Yellow\yellow (179).jpeg,Yellow Leaf Disease,10,Yellow Leaf Disease,10,True,0.8177949786186218,0.8177949786186218,Mosaic / Viral Disease,0.11397384852170944,Healthy Leaves,0.046615373343229294
TRACK_A_INTERNAL,Sugarcane,sugarcane_maharashtra,sugarcane_maharashtra,D:\CropDiseaseProject\sugarcane_maharashtra\Yellow\yellow (157).jpeg,Yellow Leaf Disease,10,Yellow Leaf Disease,10,True,0.9801478385925293,0.9801478385925293,Brown Spot,0.009931117296218872,Healthy Leaves,0.005794785916805267
TRACK_A_INTERNAL,Sugarcane,sugarcane_maharashtra,sugarcane_maharashtra,D:\CropDiseaseProject\sugarcane_maharashtra\Yellow\yellow (370).jpeg,Yellow Leaf Disease,10,Healthy Leaves,3,False,0.9121214747428894,0.03883034735918045,Mosaic / Viral Disease,0.04650452733039856,Yellow Leaf Disease,0.03883034735918045
TRACK_A_INTERNAL,Sugarcane,sugarcane_maharashtra,sugarcane_maharashtra,D:\CropDiseaseProject\sugarcane_maharashtra\Yellow\yellow (109).jpeg,Yellow Leaf Disease,10,Yellow Leaf Disease,10,True,0.9993277788162231,0.9993277788162231,Brown Spot,0.00022228871239349246,Healthy Leaves,0.00018660392379388213
TRACK_A_INTERNAL,Sugarcane,sugarcane_maharashtra,sugarcane_maharashtra,D:\CropDiseaseProject\sugarcane_maharashtra\Yellow\yellow (18).jpeg,Yellow Leaf Disease,10,Yellow Leaf Disease,10,True,0.8296315670013428,0.8296315670013428,Brown Spot,0.07306615263223648,Red Rot,0.049458086490631104
TRACK_A_INTERNAL,Sugarcane,sugarcane_maharashtra,sugarcane_maharashtra,D:\CropDiseaseProject\sugarcane_maharashtra\Yellow\yellow (309).jpeg,Yellow Leaf Disease,10,Yellow Leaf Disease,10,True,0.9620392322540283,0.9620392322540283,Red Rot,0.026184028014540672,Healthy Leaves,0.008982195518910885
TRACK_A_INTERNAL,Sugarcane,sugarcane_maharashtra,sugarcane_maharashtra,D:\CropDiseaseProject\sugarcane_maharashtra\Yellow\yellow (418).jpeg,Yellow Leaf Disease,10,Yellow Leaf Disease,10,True,0.5407875776290894,0.5407875776290894,Mosaic / Viral Disease,0.3246203362941742,Rust (Brown Rust),0.06448478251695633
TRACK_A_INTERNAL,Sugarcane,sugarcane_maharashtra,sugarcane_maharashtra,D:\CropDiseaseProject\sugarcane_maharashtra\Yellow\yellow (440).jpeg,Yellow Leaf Disease,10,Yellow Leaf Disease,10,True,0.93072110414505,0.93072110414505,Healthy Leaves,0.043186623603105545,Rust (Brown Rust),0.015202836133539677
TRACK_A_INTERNAL,Sugarcane,sugarcane_maharashtra,sugarcane_maharashtra,D:\CropDiseaseProject\sugarcane_maharashtra\Yellow\yellow (82).jpeg,Yellow Leaf Disease,10,Yellow Leaf Disease,10,True,0.9498762488365173,0.9498762488365173,Brown Spot,0.0248702485114336,Red Rot,0.015394086018204689
TRACK_A_INTERNAL,Sugarcane,sugarcane_maharashtra,sugarcane_maharashtra,D:\CropDiseaseProject\sugarcane_maharashtra\Yellow\yellow (200).jpeg,Yellow Leaf Disease,10,Yellow Leaf Disease,10,True,0.9564386606216431,0.9564386606216431,Healthy Leaves,0.030694274231791496,Mosaic / Viral Disease,0.006145076360553503
TRACK_A_INTERNAL,Sugarcane,sugarcane_maharashtra,sugarcane_maharashtra,D:\CropDiseaseProject\sugarcane_maharashtra\Yellow\yellow (230).jpeg,Yellow Leaf Disease,10,Yellow Leaf Disease,10,True,0.8210081458091736,0.8210081458091736,Healthy Leaves,0.09808129817247391,Mosaic / Viral Disease,0.07061482965946198
TRACK_A_INTERNAL,Sugarcane,sugarcane_maharashtra,sugarcane_maharashtra,D:\CropDiseaseProject\sugarcane_maharashtra\Yellow\yellow (444).jpeg,Yellow Leaf Disease,10,Healthy Leaves,3,False,0.6995559930801392,0.04323321208357811,Smut,0.12579657137393951,Red Rot,0.06852782517671585
TRACK_A_INTERNAL,Sugarcane,sugarcane_maharashtra,sugarcane_maharashtra,D:\CropDiseaseProject\sugarcane_maharashtra\Yellow\yellow (160).jpeg,Yellow Leaf Disease,10,Yellow Leaf Disease,10,True,0.8657594323158264,0.8657594323158264,Healthy Leaves,0.13205686211585999,Rust (Brown Rust),0.0008979300619103014
TRACK_A_INTERNAL,Sugarcane,sugarcane_maharashtra,sugarcane_maharashtra,D:\CropDiseaseProject\sugarcane_maharashtra\Yellow\yellow (72).jpeg,Yellow Leaf Disease,10,Yellow Leaf Disease,10,True,0.7555455565452576,0.7555455565452576,Red Rot,0.15525728464126587,Rust (Brown Rust),0.06130603700876236
TRACK_A_INTERNAL,Sugarcane,sugarcane_maharashtra,sugarcane_maharashtra,D:\CropDiseaseProject\sugarcane_maharashtra\Yellow\yellow (443).jpeg,Yellow Leaf Disease,10,Yellow Leaf Disease,10,True,0.7700107097625732,0.7700107097625732,Mosaic / Viral Disease,0.16317106783390045,Healthy Leaves,0.041011422872543335
TRACK_A_INTERNAL,Sugarcane,sugarcane_maharashtra,sugarcane_maharashtra,D:\CropDiseaseProject\sugarcane_maharashtra\Yellow\yellow (102).jpeg,Yellow Leaf Disease,10,Red Rot,6,False,0.3628876209259033,0.29825279116630554,Yellow Leaf Disease,0.29825279116630554,Rust (Brown Rust),0.2032758891582489
TRACK_A_INTERNAL,Sugarcane,sugarcane_maharashtra,sugarcane_maharashtra,D:\CropDiseaseProject\sugarcane_maharashtra\Yellow\yellow (239).jpeg,Yellow Leaf Disease,10,Yellow Leaf Disease,10,True,0.9959854483604431,0.9959854483604431,Red Rot,0.003428651951253414,Rust (Brown Rust),0.00030795086058788
TRACK_A_INTERNAL,Sugarcane,sugarcane_maharashtra,sugarcane_maharashtra,D:\CropDiseaseProject\sugarcane_maharashtra\Yellow\yellow (379).jpeg,Yellow Leaf Disease,10,Yellow Leaf Disease,10,True,0.42580172419548035,0.42580172419548035,Rust (Brown Rust),0.3765990436077118,Red Rot,0.19572779536247253
TRACK_A_INTERNAL,Sugarcane,sugarcane_maharashtra,sugarcane_maharashtra,D:\CropDiseaseProject\sugarcane_maharashtra\Yellow\yellow (430).jpeg,Yellow Leaf Disease,10,Mosaic / Viral Disease,4,False,0.5860059857368469,0.2960864007472992,Yellow Leaf Disease,0.2960864007472992,Healthy Leaves,0.10949442535638809
TRACK_A_INTERNAL,Sugarcane,sugarcane_maharashtra,sugarcane_maharashtra,D:\CropDiseaseProject\sugarcane_maharashtra\Yellow\yellow (376).jpeg,Yellow Leaf Disease,10,Yellow Leaf Disease,10,True,0.9949533343315125,0.9949533343315125,Healthy Leaves,0.004552481230348349,Brown Spot,0.00034734763903543353
TRACK_A_INTERNAL,Sugarcane,sugarcane_maharashtra,sugarcane_maharashtra,D:\CropDiseaseProject\sugarcane_maharashtra\Yellow\yellow (83).jpeg,Yellow Leaf Disease,10,Yellow Leaf Disease,10,True,0.8730936646461487,0.8730936646461487,Healthy Leaves,0.047645069658756256,Brown Spot,0.034042853862047195
TRACK_A_INTERNAL,Sugarcane,sugarcane_large,sugarcane_large,D:\CropDiseaseProject\sugarcane_large\Diseases\Banded Chlorosis\image021.jpg,Banded Chlorosis,0,Banded Chlorosis,0,True,0.9112885594367981,0.9112885594367981,Brown Spot,0.03218517825007439,Mosaic / Viral Disease,0.016356205567717552
TRACK_A_INTERNAL,Sugarcane,sugarcane_large,sugarcane_large,D:\CropDiseaseProject\sugarcane_large\Diseases\Banded Chlorosis\image236.jpg,Banded Chlorosis,0,Banded Chlorosis,0,True,0.38120290637016296,0.38120290637016296,Yellow Leaf Disease,0.30252042412757874,Rust (Brown Rust),0.2590923011302948
TRACK_A_INTERNAL,Sugarcane,sugarcane_large,sugarcane_large,D:\CropDiseaseProject\sugarcane_large\Diseases\Banded Chlorosis\image227.jpg,Banded Chlorosis,0,Banded Chlorosis,0,True,0.7320433259010315,0.7320433259010315,Rust (Brown Rust),0.16232015192508698,Mosaic / Viral Disease,0.05173388868570328
TRACK_A_INTERNAL,Sugarcane,sugarcane_large,sugarcane_large,D:\CropDiseaseProject\sugarcane_large\Diseases\Banded Chlorosis\image242.jpg,Banded Chlorosis,0,Rust (Brown Rust),7,False,0.5122872591018677,0.42208942770957947,Banded Chlorosis,0.42208942770957947,Yellow Leaf Disease,0.03410309553146362
TRACK_A_INTERNAL,Sugarcane,sugarcane_large,sugarcane_large,D:\CropDiseaseProject\sugarcane_large\Diseases\Banded Chlorosis\image404.jpg,Banded Chlorosis,0,Banded Chlorosis,0,True,0.7552849650382996,0.7552849650382996,Yellow Leaf Disease,0.16395634412765503,Brown Spot,0.04205071181058884
TRACK_A_INTERNAL,Sugarcane,sugarcane_large,sugarcane_large,D:\CropDiseaseProject\sugarcane_large\Diseases\Banded Chlorosis\image062.jpg,Banded Chlorosis,0,Banded Chlorosis,0,True,0.8889554738998413,0.8889554738998413,Yellow Leaf Disease,0.0892803817987442,Rust (Brown Rust),0.006751976907253265
TRACK_A_INTERNAL,Sugarcane,sugarcane_large,sugarcane_large,D:\CropDiseaseProject\sugarcane_large\Diseases\Banded Chlorosis\image202.jpg,Banded Chlorosis,0,Banded Chlorosis,0,True,0.6303558349609375,0.6303558349609375,Rust (Brown Rust),0.26005303859710693,Yellow Leaf Disease,0.05087556689977646
TRACK_A_INTERNAL,Sugarcane,sugarcane_large,sugarcane_large,D:\CropDiseaseProject\sugarcane_large\Diseases\Banded Chlorosis\image041.jpg,Banded Chlorosis,0,Banded Chlorosis,0,True,0.528832733631134,0.528832733631134,Brown Spot,0.379098117351532,Yellow Leaf Disease,0.05089585855603218
TRACK_A_INTERNAL,Sugarcane,sugarcane_large,sugarcane_large,D:\CropDiseaseProject\sugarcane_large\Diseases\Banded Chlorosis\image257.jpg,Banded Chlorosis,0,Banded Chlorosis,0,True,0.47348111867904663,0.47348111867904663,Rust (Brown Rust),0.3052722215652466,Brown Spot,0.11987226456403732
TRACK_A_INTERNAL,Sugarcane,sugarcane_large,sugarcane_large,D:\CropDiseaseProject\sugarcane_large\Diseases\Banded Chlorosis\image304.jpg,Banded Chlorosis,0,Banded Chlorosis,0,True,0.9382389783859253,0.9382389783859253,Yellow Leaf Disease,0.05629812180995941,Rust (Brown Rust),0.003371471306309104
TRACK_A_INTERNAL,Sugarcane,sugarcane_large,sugarcane_large,D:\CropDiseaseProject\sugarcane_large\Diseases\Banded Chlorosis\image314.jpg,Banded Chlorosis,0,Yellow Leaf Disease,10,False,0.8667860627174377,0.12808752059936523,Banded Chlorosis,0.12808752059936523,Brown Spot,0.0033504150342196226
TRACK_A_INTERNAL,Sugarcane,sugarcane_large,sugarcane_large,D:\CropDiseaseProject\sugarcane_large\Diseases\Banded Chlorosis\image157.jpg,Banded Chlorosis,0,Mosaic / Viral Disease,4,False,0.8682026863098145,0.053406909108161926,Rust (Brown Rust),0.056547172367572784,Banded Chlorosis,0.053406909108161926
TRACK_A_INTERNAL,Sugarcane,sugarcane_large,sugarcane_large,D:\CropDiseaseProject\sugarcane_large\Diseases\Banded Chlorosis\image264.jpg,Banded Chlorosis,0,Banded Chlorosis,0,True,0.9012809991836548,0.9012809991836548,Yellow Leaf Disease,0.04056011885404587,Rust (Brown Rust),0.03555712476372719
TRACK_A_INTERNAL,Sugarcane,sugarcane_large,sugarcane_large,D:\CropDiseaseProject\sugarcane_large\Diseases\Banded Chlorosis\image464.jpg,Banded Chlorosis,0,Banded Chlorosis,0,True,0.5271385312080383,0.5271385312080383,Yellow Leaf Disease,0.3399497866630554,Rust (Brown Rust),0.07621856033802032
TRACK_A_INTERNAL,Sugarcane,sugarcane_large,sugarcane_large,D:\CropDiseaseProject\sugarcane_large\Diseases\Banded Chlorosis\image346.jpg,Banded Chlorosis,0,Banded Chlorosis,0,True,0.9860599040985107,0.9860599040985107,Yellow Leaf Disease,0.009437860921025276,Brown Spot,0.003601036500185728
TRACK_A_INTERNAL,Sugarcane,sugarcane_large,sugarcane_large,D:\CropDiseaseProject\sugarcane_large\Diseases\Banded Chlorosis\image063.jpg,Banded Chlorosis,0,Banded Chlorosis,0,True,0.9404393434524536,0.9404393434524536,Yellow Leaf Disease,0.029701724648475647,Rust (Brown Rust),0.013868100941181183
TRACK_A_INTERNAL,Sugarcane,sugarcane_large,sugarcane_large,D:\CropDiseaseProject\sugarcane_large\Diseases\Banded Chlorosis\image329.jpg,Banded Chlorosis,0,Banded Chlorosis,0,True,0.9048789739608765,0.9048789739608765,Brown Spot,0.03298623487353325,Yellow Leaf Disease,0.02705102041363716
TRACK_A_INTERNAL,Sugarcane,sugarcane_large,sugarcane_large,D:\CropDiseaseProject\sugarcane_large\Diseases\Banded Chlorosis\image253.jpg,Banded Chlorosis,0,Banded Chlorosis,0,True,0.7274238467216492,0.7274238467216492,Rust (Brown Rust),0.14698155224323273,Yellow Leaf Disease,0.11820413917303085
TRACK_A_INTERNAL,Sugarcane,sugarcane_large,sugarcane_large,D:\CropDiseaseProject\sugarcane_large\Diseases\Banded Chlorosis\image005.jpg,Banded Chlorosis,0,Banded Chlorosis,0,True,0.3993653953075409,0.3993653953075409,Rust (Brown Rust),0.25155168771743774,Yellow Leaf Disease,0.24215345084667206
TRACK_A_INTERNAL,Sugarcane,sugarcane_large,sugarcane_large,D:\CropDiseaseProject\sugarcane_large\Diseases\Banded Chlorosis\image135.jpg,Banded Chlorosis,0,Banded Chlorosis,0,True,0.4251338243484497,0.4251338243484497,Yellow Leaf Disease,0.21799954771995544,Brown Spot,0.21698889136314392
TRACK_A_INTERNAL,Sugarcane,sugarcane_large,sugarcane_large,D:\CropDiseaseProject\sugarcane_large\Diseases\Banded Chlorosis\image340.jpg,Banded Chlorosis,0,Banded Chlorosis,0,True,0.8096251487731934,0.8096251487731934,Yellow Leaf Disease,0.13220304250717163,Brown Spot,0.037750244140625
TRACK_A_INTERNAL,Sugarcane,sugarcane_large,sugarcane_large,D:\CropDiseaseProject\sugarcane_large\Diseases\Banded Chlorosis\image189.jpg,Banded Chlorosis,0,Banded Chlorosis,0,True,0.6655399203300476,0.6655399203300476,Brown Spot,0.135551318526268,Mosaic / Viral Disease,0.10341939330101013
TRACK_A_INTERNAL,Sugarcane,sugarcane_large,sugarcane_large,D:\CropDiseaseProject\sugarcane_large\Diseases\Banded Chlorosis\image307.jpg,Banded Chlorosis,0,Banded Chlorosis,0,True,0.9413670301437378,0.9413670301437378,Yellow Leaf Disease,0.05633983016014099,Rust (Brown Rust),0.001581606105901301
TRACK_A_INTERNAL,Sugarcane,sugarcane_large,sugarcane_large,D:\CropDiseaseProject\sugarcane_large\Diseases\Banded Chlorosis\image218.jpg,Banded Chlorosis,0,Yellow Leaf Disease,10,False,0.4447456896305084,0.2793733775615692,Banded Chlorosis,0.2793733775615692,Mosaic / Viral Disease,0.1500326544046402
TRACK_A_INTERNAL,Sugarcane,sugarcane_large,sugarcane_large,D:\CropDiseaseProject\sugarcane_large\Diseases\Banded Chlorosis\image390.jpg,Banded Chlorosis,0,Banded Chlorosis,0,True,0.7216244339942932,0.7216244339942932,Brown Spot,0.21176545321941376,Healthy Leaves,0.04626776650547981
TRACK_A_INTERNAL,Sugarcane,sugarcane_large,sugarcane_large,D:\CropDiseaseProject\sugarcane_large\Diseases\Banded Chlorosis\image192.jpg,Banded Chlorosis,0,Brown Spot,1,False,0.4640079140663147,0.32809820771217346,Banded Chlorosis,0.32809820771217346,Mosaic / Viral Disease,0.19713076949119568
TRACK_A_INTERNAL,Sugarcane,sugarcane_large,sugarcane_large,D:\CropDiseaseProject\sugarcane_large\Diseases\Banded Chlorosis\image206.jpg,Banded Chlorosis,0,Rust (Brown Rust),7,False,0.5483813881874084,0.20958232879638672,Banded Chlorosis,0.20958232879638672,Mosaic / Viral Disease,0.19623689353466034
TRACK_A_INTERNAL,Sugarcane,sugarcane_large,sugarcane_large,D:\CropDiseaseProject\sugarcane_large\Diseases\Banded Chlorosis\image136.jpg,Banded Chlorosis,0,Yellow Leaf Disease,10,False,0.34785348176956177,0.19469669461250305,Brown Spot,0.301103413105011,Banded Chlorosis,0.19469669461250305
TRACK_A_INTERNAL,Sugarcane,sugarcane_large,sugarcane_large,D:\CropDiseaseProject\sugarcane_large\Diseases\Banded Chlorosis\image139.jpg,Banded Chlorosis,0,Banded Chlorosis,0,True,0.6538670659065247,0.6538670659065247,Yellow Leaf Disease,0.168814018368721,Brown Spot,0.13417142629623413
TRACK_A_INTERNAL,Sugarcane,sugarcane_large,sugarcane_large,D:\CropDiseaseProject\sugarcane_large\Diseases\Banded Chlorosis\image309.jpg,Banded Chlorosis,0,Banded Chlorosis,0,True,0.8750051856040955,0.8750051856040955,Yellow Leaf Disease,0.12214827537536621,Rust (Brown Rust),0.0014355262974277139
TRACK_A_INTERNAL,Sugarcane,sugarcane_large,sugarcane_large,D:\CropDiseaseProject\sugarcane_large\Diseases\Brown Spot\image1262.jpg,Brown Spot,1,Brown Spot,1,True,0.9171090722084045,0.9171090722084045,Healthy Leaves,0.03358566015958786,Red Rot,0.030635276809334755
TRACK_A_INTERNAL,Sugarcane,sugarcane_large,sugarcane_large,D:\CropDiseaseProject\sugarcane_large\Diseases\Brown Spot\image086.jpg,Brown Spot,1,Brown Spot,1,True,0.9966592788696289,0.9966592788696289,Yellow Leaf Disease,0.0020532850176095963,Rust (Brown Rust),0.0008005945128388703
TRACK_A_INTERNAL,Sugarcane,sugarcane_large,sugarcane_large,D:\CropDiseaseProject\sugarcane_large\Diseases\Brown Spot\image1591.jpg,Brown Spot,1,Brown Spot,1,True,0.7927327156066895,0.7927327156066895,Red Rot,0.0779382586479187,Yellow Leaf Disease,0.06894877552986145
TRACK_A_INTERNAL,Sugarcane,sugarcane_large,sugarcane_large,D:\CropDiseaseProject\sugarcane_large\Diseases\Brown Spot\image517.jpg,Brown Spot,1,Brown Spot,1,True,0.9206148982048035,0.9206148982048035,Yellow Leaf Disease,0.07844069600105286,Banded Chlorosis,0.0005149532807990909
TRACK_A_INTERNAL,Sugarcane,sugarcane_large,sugarcane_large,D:\CropDiseaseProject\sugarcane_large\Diseases\Brown Spot\image1223.jpg,Brown Spot,1,Brown Spot,1,True,0.5247123837471008,0.5247123837471008,Healthy Leaves,0.3205115795135498,Pokkah Boeng,0.06891565769910812
TRACK_A_INTERNAL,Sugarcane,sugarcane_large,sugarcane_large,D:\CropDiseaseProject\sugarcane_large\Diseases\Brown Spot\image674.jpg,Brown Spot,1,Brown Spot,1,True,0.9801238775253296,0.9801238775253296,Banded Chlorosis,0.009028006345033646,Rust (Brown Rust),0.00561866257339716
TRACK_A_INTERNAL,Sugarcane,sugarcane_large,sugarcane_large,D:\CropDiseaseProject\sugarcane_large\Diseases\Brown Spot\image324.jpg,Brown Spot,1,Brown Spot,1,True,0.9997411370277405,0.9997411370277405,Rust (Brown Rust),0.00010575312626315281,Yellow Leaf Disease,9.752000187290832e-05
TRACK_A_INTERNAL,Sugarcane,sugarcane_large,sugarcane_large,D:\CropDiseaseProject\sugarcane_large\Diseases\Brown Spot\image058.jpg,Brown Spot,1,Brown Spot,1,True,0.926257848739624,0.926257848739624,Yellow Leaf Disease,0.07298251986503601,Red Rot,0.0004156458016950637
TRACK_A_INTERNAL,Sugarcane,sugarcane_large,sugarcane_large,D:\CropDiseaseProject\sugarcane_large\Diseases\Brown Spot\image1401.jpg,Brown Spot,1,Brown Spot,1,True,0.8663053512573242,0.8663053512573242,Red Rot,0.040494926273822784,Banded Chlorosis,0.03724673390388489
TRACK_A_INTERNAL,Sugarcane,sugarcane_large,sugarcane_large,D:\CropDiseaseProject\sugarcane_large\Diseases\Brown Spot\image972.jpg,Brown Spot,1,Brown Spot,1,True,0.8772128820419312,0.8772128820419312,Yellow Leaf Disease,0.12183884531259537,Red Rot,0.0005762651562690735
TRACK_A_INTERNAL,Sugarcane,sugarcane_large,sugarcane_large,D:\CropDiseaseProject\sugarcane_large\Diseases\Brown Spot\image152.jpg,Brown Spot,1,Brown Spot,1,True,0.9915854930877686,0.9915854930877686,Banded Chlorosis,0.003875080496072769,Rust (Brown Rust),0.002181693911552429
TRACK_A_INTERNAL,Sugarcane,sugarcane_large,sugarcane_large,D:\CropDiseaseProject\sugarcane_large\Diseases\Brown Spot\image878.jpg,Brown Spot,1,Mosaic / Viral Disease,4,False,0.7350659370422363,0.19242939352989197,Brown Spot,0.19242939352989197,Yellow Leaf Disease,0.02803693525493145
TRACK_A_INTERNAL,Sugarcane,sugarcane_large,sugarcane_large,D:\CropDiseaseProject\sugarcane_large\Diseases\Brown Spot\image695.jpg,Brown Spot,1,Brown Spot,1,True,0.9649658203125,0.9649658203125,Yellow Leaf Disease,0.030751390382647514,Banded Chlorosis,0.0030822367407381535
TRACK_A_INTERNAL,Sugarcane,sugarcane_large,sugarcane_large,D:\CropDiseaseProject\sugarcane_large\Diseases\Brown Spot\image047.jpg,Brown Spot,1,Yellow Leaf Disease,10,False,0.7604958415031433,0.23637942969799042,Brown Spot,0.23637942969799042,Mosaic / Viral Disease,0.0016161289531737566
TRACK_A_INTERNAL,Sugarcane,sugarcane_large,sugarcane_large,D:\CropDiseaseProject\sugarcane_large\Diseases\Brown Spot\image516.jpg,Brown Spot,1,Brown Spot,1,True,0.8447583317756653,0.8447583317756653,Yellow Leaf Disease,0.15449205040931702,Mosaic / Viral Disease,0.0003735286300070584
TRACK_A_INTERNAL,Sugarcane,sugarcane_large,sugarcane_large,D:\CropDiseaseProject\sugarcane_large\Diseases\Brown Spot\image1195.jpg,Brown Spot,1,Brown Spot,1,True,0.9212211966514587,0.9212211966514587,Red Rot,0.05908004939556122,Yellow Leaf Disease,0.011145124211907387
TRACK_A_INTERNAL,Sugarcane,sugarcane_large,sugarcane_large,D:\CropDiseaseProject\sugarcane_large\Diseases\Brown Spot\image826.jpg,Brown Spot,1,Brown Spot,1,True,0.9997655749320984,0.9997655749320984,Yellow Leaf Disease,0.00013480361667461693,Rust (Brown Rust),6.130151450634003e-05
TRACK_A_INTERNAL,Sugarcane,sugarcane_large,sugarcane_large,D:\CropDiseaseProject\sugarcane_large\Diseases\Brown Spot\image235.jpg,Brown Spot,1,Brown Spot,1,True,0.8620457053184509,0.8620457053184509,Mosaic / Viral Disease,0.07249712198972702,Yellow Leaf Disease,0.04364123195409775
TRACK_A_INTERNAL,Sugarcane,sugarcane_large,sugarcane_large,D:\CropDiseaseProject\sugarcane_large\Diseases\Brown Spot\image147.jpg,Brown Spot,1,Brown Spot,1,True,0.9983125925064087,0.9983125925064087,Banded Chlorosis,0.000850561133120209,Mosaic / Viral Disease,0.0004857273306697607
TRACK_A_INTERNAL,Sugarcane,sugarcane_large,sugarcane_large,D:\CropDiseaseProject\sugarcane_large\Diseases\Brown Spot\image010.jpg,Brown Spot,1,Yellow Leaf Disease,10,False,0.6141431927680969,0.36110246181488037,Brown Spot,0.36110246181488037,Rust (Brown Rust),0.01371712889522314
TRACK_A_INTERNAL,Sugarcane,sugarcane_large,sugarcane_large,D:\CropDiseaseProject\sugarcane_large\Diseases\Brown Spot\image387.jpg,Brown Spot,1,Yellow Leaf Disease,10,False,0.5436872243881226,0.44564390182495117,Brown Spot,0.44564390182495117,Pokkah Boeng,0.00686397822573781
TRACK_A_INTERNAL,Sugarcane,sugarcane_large,sugarcane_large,D:\CropDiseaseProject\sugarcane_large\Diseases\Brown Spot\image659.jpg,Brown Spot,1,Brown Spot,1,True,0.9960774779319763,0.9960774779319763,Banded Chlorosis,0.0023079204838722944,Rust (Brown Rust),0.0008526769815944135
TRACK_A_INTERNAL,Sugarcane,sugarcane_large,sugarcane_large,D:\CropDiseaseProject\sugarcane_large\Diseases\Brown Spot\image796.jpg,Brown Spot,1,Brown Spot,1,True,0.9986045956611633,0.9986045956611633,Yellow Leaf Disease,0.0012139809550717473,Red Rot,7.873422873672098e-05
TRACK_A_INTERNAL,Sugarcane,sugarcane_large,sugarcane_large,D:\CropDiseaseProject\sugarcane_large\Diseases\Brown Spot\image1407.jpg,Brown Spot,1,Brown Spot,1,True,0.5256122350692749,0.5256122350692749,Healthy Leaves,0.34281378984451294,Banded Chlorosis,0.04534045234322548
TRACK_A_INTERNAL,Sugarcane,sugarcane_large,sugarcane_large,D:\CropDiseaseProject\sugarcane_large\Diseases\Brown Spot\image1040.jpg,Brown Spot,1,Brown Spot,1,True,0.9537191987037659,0.9537191987037659,Healthy Leaves,0.02603902667760849,Yellow Leaf Disease,0.01179647445678711
TRACK_A_INTERNAL,Sugarcane,sugarcane_large,sugarcane_large,D:\CropDiseaseProject\sugarcane_large\Diseases\Brown Spot\image061.jpg,Brown Spot,1,Brown Spot,1,True,0.8428085446357727,0.8428085446357727,Yellow Leaf Disease,0.15661494433879852,Red Rot,0.0004920208593830466
TRACK_A_INTERNAL,Sugarcane,sugarcane_large,sugarcane_large,D:\CropDiseaseProject\sugarcane_large\Diseases\Brown Spot\image813.jpg,Brown Spot,1,Brown Spot,1,True,0.9973486661911011,0.9973486661911011,Banded Chlorosis,0.0006842968869023025,Yellow Leaf Disease,0.0006012386875227094
TRACK_A_INTERNAL,Sugarcane,sugarcane_large,sugarcane_large,D:\CropDiseaseProject\sugarcane_large\Diseases\Brown Spot\image1310.jpg,Brown Spot,1,Brown Spot,1,True,0.440595418214798,0.440595418214798,Smut,0.2523539066314697,Healthy Leaves,0.09743601083755493
TRACK_A_INTERNAL,Sugarcane,sugarcane_large,sugarcane_large,D:\CropDiseaseProject\sugarcane_large\Diseases\Brown Spot\image306.jpg,Brown Spot,1,Brown Spot,1,True,0.9954719543457031,0.9954719543457031,Yellow Leaf Disease,0.0023917732760310173,Banded Chlorosis,0.0011013532057404518
TRACK_A_INTERNAL,Sugarcane,sugarcane_large,sugarcane_large,D:\CropDiseaseProject\sugarcane_large\Diseases\Brown Spot\image004.jpg,Brown Spot,1,Yellow Leaf Disease,10,False,0.5091205835342407,0.48194363713264465,Brown Spot,0.48194363713264465,Pokkah Boeng,0.0021234883461147547
TRACK_A_INTERNAL,Sugarcane,sugarcane_large,sugarcane_large,D:\CropDiseaseProject\sugarcane_large\Diseases\Grassy shoot\image332.jpg,Grassy Shoot,2,Grassy Shoot,2,True,0.9992087483406067,0.9992087483406067,Rust (Brown Rust),0.0004815043939743191,Smut,0.00012407157919369638
TRACK_A_INTERNAL,Sugarcane,sugarcane_large,sugarcane_large,D:\CropDiseaseProject\sugarcane_large\Diseases\Grassy shoot\image291.jpg,Grassy Shoot,2,Grassy Shoot,2,True,0.9969456791877747,0.9969456791877747,Banded Chlorosis,0.0018610844854265451,Rust (Brown Rust),0.0008795526227913797
TRACK_A_INTERNAL,Sugarcane,sugarcane_large,sugarcane_large,D:\CropDiseaseProject\sugarcane_large\Diseases\Grassy shoot\image017.jpg,Grassy Shoot,2,Grassy Shoot,2,True,0.9975008368492126,0.9975008368492126,Rust (Brown Rust),0.0013613819610327482,Brown Spot,0.0006033239769749343
TRACK_A_INTERNAL,Sugarcane,sugarcane_large,sugarcane_large,D:\CropDiseaseProject\sugarcane_large\Diseases\Grassy shoot\image122.jpg,Grassy Shoot,2,Grassy Shoot,2,True,0.996968686580658,0.996968686580658,Banded Chlorosis,0.0011821012012660503,Rust (Brown Rust),0.0007661396521143615
TRACK_A_INTERNAL,Sugarcane,sugarcane_large,sugarcane_large,D:\CropDiseaseProject\sugarcane_large\Diseases\Grassy shoot\image109.jpg,Grassy Shoot,2,Grassy Shoot,2,True,0.9990835189819336,0.9990835189819336,Yellow Leaf Disease,0.0007118784706108272,Banded Chlorosis,0.0001363733026664704
TRACK_A_INTERNAL,Sugarcane,sugarcane_large,sugarcane_large,D:\CropDiseaseProject\sugarcane_large\Diseases\Grassy shoot\image247.jpg,Grassy Shoot,2,Grassy Shoot,2,True,0.98558109998703,0.98558109998703,Rust (Brown Rust),0.008484931662678719,Smut,0.0031583907548338175
TRACK_A_INTERNAL,Sugarcane,sugarcane_large,sugarcane_large,D:\CropDiseaseProject\sugarcane_large\Diseases\Grassy shoot\image255.jpg,Grassy Shoot,2,Grassy Shoot,2,True,0.9950954914093018,0.9950954914093018,Rust (Brown Rust),0.0027636673767119646,Smut,0.0010382727487012744
TRACK_A_INTERNAL,Sugarcane,sugarcane_large,sugarcane_large,D:\CropDiseaseProject\sugarcane_large\Diseases\Grassy shoot\image119.jpg,Grassy Shoot,2,Grassy Shoot,2,True,0.994786262512207,0.994786262512207,Smut,0.0031691729091107845,Banded Chlorosis,0.0007578608929179609
TRACK_A_INTERNAL,Sugarcane,sugarcane_large,sugarcane_large,D:\CropDiseaseProject\sugarcane_large\Diseases\Grassy shoot\image211.jpg,Grassy Shoot,2,Grassy Shoot,2,True,0.995375394821167,0.995375394821167,Rust (Brown Rust),0.002777788322418928,Banded Chlorosis,0.0012868313351646066
TRACK_A_INTERNAL,Sugarcane,sugarcane_large,sugarcane_large,D:\CropDiseaseProject\sugarcane_large\Diseases\Grassy shoot\image190.jpg,Grassy Shoot,2,Grassy Shoot,2,True,0.9998171925544739,0.9998171925544739,Healthy Leaves,7.819146412657574e-05,Smut,5.9741156292147934e-05
TRACK_A_INTERNAL,Sugarcane,sugarcane_large,sugarcane_large,D:\CropDiseaseProject\sugarcane_large\Diseases\Grassy shoot\image046.jpg,Grassy Shoot,2,Grassy Shoot,2,True,0.9851030111312866,0.9851030111312866,Smut,0.014142749831080437,Yellow Leaf Disease,0.0006377366953529418
TRACK_A_INTERNAL,Sugarcane,sugarcane_large,sugarcane_large,D:\CropDiseaseProject\sugarcane_large\Diseases\Grassy shoot\image160.jpg,Grassy Shoot,2,Grassy Shoot,2,True,0.9751123785972595,0.9751123785972595,Sett Rot,0.016651662066578865,Yellow Leaf Disease,0.0033675720915198326
TRACK_A_INTERNAL,Sugarcane,sugarcane_large,sugarcane_large,D:\CropDiseaseProject\sugarcane_large\Diseases\Grassy shoot\image038.jpg,Grassy Shoot,2,Grassy Shoot,2,True,0.8661746382713318,0.8661746382713318,Yellow Leaf Disease,0.11478085070848465,Brown Spot,0.011527620255947113
TRACK_A_INTERNAL,Sugarcane,sugarcane_large,sugarcane_large,D:\CropDiseaseProject\sugarcane_large\Diseases\Grassy shoot\image060.jpg,Grassy Shoot,2,Grassy Shoot,2,True,0.9979141354560852,0.9979141354560852,Banded Chlorosis,0.001182239269837737,Smut,0.0004531139275059104
TRACK_A_INTERNAL,Sugarcane,sugarcane_large,sugarcane_large,D:\CropDiseaseProject\sugarcane_large\Diseases\Grassy shoot\image236.jpg,Grassy Shoot,2,Grassy Shoot,2,True,0.9805575609207153,0.9805575609207153,Sett Rot,0.012373238801956177,Smut,0.005504718981683254
TRACK_A_INTERNAL,Sugarcane,sugarcane_large,sugarcane_large,D:\CropDiseaseProject\sugarcane_large\Diseases\Grassy shoot\image232.jpg,Grassy Shoot,2,Sett Rot,8,False,0.6038275957107544,0.2959612011909485,Grassy Shoot,0.2959612011909485,Smut,0.09448668360710144
TRACK_A_INTERNAL,Sugarcane,sugarcane_large,sugarcane_large,D:\CropDiseaseProject\sugarcane_large\Diseases\Grassy shoot\image010.jpg,Grassy Shoot,2,Grassy Shoot,2,True,0.9912647604942322,0.9912647604942322,Rust (Brown Rust),0.00405126390978694,Smut,0.0029072966426610947
TRACK_A_INTERNAL,Sugarcane,sugarcane_large,sugarcane_large,D:\CropDiseaseProject\sugarcane_large\Diseases\Grassy shoot\image104.jpg,Grassy Shoot,2,Grassy Shoot,2,True,0.9998834133148193,0.9998834133148193,Brown Spot,4.889008050668053e-05,Smut,4.1373103158548474e-05
TRACK_A_INTERNAL,Sugarcane,sugarcane_large,sugarcane_large,D:\CropDiseaseProject\sugarcane_large\Diseases\Grassy shoot\image238.jpg,Grassy Shoot,2,Grassy Shoot,2,True,0.9257538318634033,0.9257538318634033,Smut,0.02959408238530159,Banded Chlorosis,0.01708707958459854
TRACK_A_INTERNAL,Sugarcane,sugarcane_large,sugarcane_large,D:\CropDiseaseProject\sugarcane_large\Diseases\Grassy shoot\image290.jpg,Grassy Shoot,2,Grassy Shoot,2,True,0.9969385862350464,0.9969385862350464,Rust (Brown Rust),0.0017025055130943656,Banded Chlorosis,0.0005952392239123583
TRACK_A_INTERNAL,Sugarcane,sugarcane_large,sugarcane_large,D:\CropDiseaseProject\sugarcane_large\Diseases\Grassy shoot\image130.jpg,Grassy Shoot,2,Grassy Shoot,2,True,0.9989275336265564,0.9989275336265564,Yellow Leaf Disease,0.0003611076099332422,Rust (Brown Rust),0.0003369059704709798
TRACK_A_INTERNAL,Sugarcane,sugarcane_large,sugarcane_large,D:\CropDiseaseProject\sugarcane_large\Diseases\Grassy shoot\image039.jpg,Grassy Shoot,2,Grassy Shoot,2,True,0.9788875579833984,0.9788875579833984,Yellow Leaf Disease,0.019968543201684952,Smut,0.0006908940267749131
TRACK_A_INTERNAL,Sugarcane,sugarcane_large,sugarcane_large,D:\CropDiseaseProject\sugarcane_large\Diseases\Grassy shoot\image217.jpg,Grassy Shoot,2,Grassy Shoot,2,True,0.9974568486213684,0.9974568486213684,Rust (Brown Rust),0.0012698994250968099,Sett Rot,0.000706338498275727
TRACK_A_INTERNAL,Sugarcane,sugarcane_large,sugarcane_large,D:\CropDiseaseProject\sugarcane_large\Diseases\Grassy shoot\image254.jpg,Grassy Shoot,2,Grassy Shoot,2,True,0.9793608784675598,0.9793608784675598,Healthy Leaves,0.009607279673218727,Rust (Brown Rust),0.004045251291245222
TRACK_A_INTERNAL,Sugarcane,sugarcane_large,sugarcane_large,D:\CropDiseaseProject\sugarcane_large\Diseases\Grassy shoot\image327.jpg,Grassy Shoot,2,Grassy Shoot,2,True,0.9999477863311768,0.9999477863311768,Rust (Brown Rust),2.567637238826137e-05,Smut,8.900849934434518e-06
TRACK_A_INTERNAL,Sugarcane,sugarcane_large,sugarcane_large,D:\CropDiseaseProject\sugarcane_large\Diseases\Grassy shoot\image152.jpg,Grassy Shoot,2,Grassy Shoot,2,True,0.982890784740448,0.982890784740448,Smut,0.008316723629832268,Rust (Brown Rust),0.0040623839013278484
TRACK_A_INTERNAL,Sugarcane,sugarcane_large,sugarcane_large,D:\CropDiseaseProject\sugarcane_large\Diseases\Grassy shoot\image264.jpg,Grassy Shoot,2,Grassy Shoot,2,True,0.9934831261634827,0.9934831261634827,Smut,0.005647576879709959,Rust (Brown Rust),0.00017506966833025217
TRACK_A_INTERNAL,Sugarcane,sugarcane_large,sugarcane_large,D:\CropDiseaseProject\sugarcane_large\Diseases\Grassy shoot\image328.jpg,Grassy Shoot,2,Grassy Shoot,2,True,0.9999104738235474,0.9999104738235474,Smut,3.199678030796349e-05,Rust (Brown Rust),2.9222665034467354e-05
TRACK_A_INTERNAL,Sugarcane,sugarcane_large,sugarcane_large,D:\CropDiseaseProject\sugarcane_large\Diseases\Grassy shoot\image256.jpg,Grassy Shoot,2,Grassy Shoot,2,True,0.9991752505302429,0.9991752505302429,Smut,0.000435470137745142,Rust (Brown Rust),0.00023043387045618147
TRACK_A_INTERNAL,Sugarcane,sugarcane_large,sugarcane_large,D:\CropDiseaseProject\sugarcane_large\Diseases\Grassy shoot\image079.jpg,Grassy Shoot,2,Grassy Shoot,2,True,0.9999091625213623,0.9999091625213623,Rust (Brown Rust),3.06083784380462e-05,Yellow Leaf Disease,1.600495306774974e-05
TRACK_A_INTERNAL,Sugarcane,sugarcane_large,sugarcane_large,D:\CropDiseaseProject\sugarcane_large\Healthy Leaves\image279.jpg,Healthy Leaves,3,Healthy Leaves,3,True,0.8533276319503784,0.8533276319503784,Red Rot,0.05967673659324646,Pokkah Boeng,0.053281284868717194
TRACK_A_INTERNAL,Sugarcane,sugarcane_large,sugarcane_large,D:\CropDiseaseProject\sugarcane_large\Healthy Leaves\image248.jpg,Healthy Leaves,3,Healthy Leaves,3,True,0.962687075138092,0.962687075138092,Brown Spot,0.017440199851989746,Rust (Brown Rust),0.013341777957975864
TRACK_A_INTERNAL,Sugarcane,sugarcane_large,sugarcane_large,D:\CropDiseaseProject\sugarcane_large\Healthy Leaves\image131.jpg,Healthy Leaves,3,Healthy Leaves,3,True,0.9728357791900635,0.9728357791900635,Mosaic / Viral Disease,0.0066427187994122505,Yellow Leaf Disease,0.005725418217480183
TRACK_A_INTERNAL,Sugarcane,sugarcane_large,sugarcane_large,D:\CropDiseaseProject\sugarcane_large\Healthy Leaves\image297.jpg,Healthy Leaves,3,Healthy Leaves,3,True,0.8171458840370178,0.8171458840370178,Red Rot,0.08320591598749161,Mosaic / Viral Disease,0.08053673058748245
TRACK_A_INTERNAL,Sugarcane,sugarcane_large,sugarcane_large,D:\CropDiseaseProject\sugarcane_large\Healthy Leaves\image283.jpg,Healthy Leaves,3,Healthy Leaves,3,True,0.7306681275367737,0.7306681275367737,Rust (Brown Rust),0.15662816166877747,Red Rot,0.08839533478021622
TRACK_A_INTERNAL,Sugarcane,sugarcane_large,sugarcane_large,D:\CropDiseaseProject\sugarcane_large\Healthy Leaves\image403.jpg,Healthy Leaves,3,Healthy Leaves,3,True,0.9958987832069397,0.9958987832069397,Mosaic / Viral Disease,0.0017097261734306812,Pokkah Boeng,0.001147154369391501
TRACK_A_INTERNAL,Sugarcane,sugarcane_large,sugarcane_large,D:\CropDiseaseProject\sugarcane_large\Healthy Leaves\image246.jpg,Healthy Leaves,3,Healthy Leaves,3,True,0.9515553116798401,0.9515553116798401,Brown Spot,0.02992936596274376,Rust (Brown Rust),0.008567599579691887
TRACK_A_INTERNAL,Sugarcane,sugarcane_large,sugarcane_large,D:\CropDiseaseProject\sugarcane_large\Healthy Leaves\image114.jpg,Healthy Leaves,3,Healthy Leaves,3,True,0.9337370991706848,0.9337370991706848,Rust (Brown Rust),0.026421312242746353,Brown Spot,0.01884821057319641
TRACK_A_INTERNAL,Sugarcane,sugarcane_large,sugarcane_large,D:\CropDiseaseProject\sugarcane_large\Healthy Leaves\image344.jpg,Healthy Leaves,3,Healthy Leaves,3,True,0.990763247013092,0.990763247013092,Brown Spot,0.004374851007014513,Red Rot,0.0015386146260425448
TRACK_A_INTERNAL,Sugarcane,sugarcane_large,sugarcane_large,D:\CropDiseaseProject\sugarcane_large\Healthy Leaves\image116.jpg,Healthy Leaves,3,Healthy Leaves,3,True,0.9396411776542664,0.9396411776542664,Brown Spot,0.034535616636276245,Rust (Brown Rust),0.007485679816454649
TRACK_A_INTERNAL,Sugarcane,sugarcane_large,sugarcane_large,D:\CropDiseaseProject\sugarcane_large\Healthy Leaves\image370.jpg,Healthy Leaves,3,Healthy Leaves,3,True,0.9923958778381348,0.9923958778381348,Brown Spot,0.003909510560333729,Pokkah Boeng,0.0010901133064180613
TRACK_A_INTERNAL,Sugarcane,sugarcane_large,sugarcane_large,D:\CropDiseaseProject\sugarcane_large\Healthy Leaves\image220.jpg,Healthy Leaves,3,Healthy Leaves,3,True,0.8059142231941223,0.8059142231941223,Brown Spot,0.11000402271747589,Mosaic / Viral Disease,0.03294428437948227
TRACK_A_INTERNAL,Sugarcane,sugarcane_large,sugarcane_large,D:\CropDiseaseProject\sugarcane_large\Healthy Leaves\image327.jpg,Healthy Leaves,3,Healthy Leaves,3,True,0.9583815336227417,0.9583815336227417,Mosaic / Viral Disease,0.02179121784865856,Pokkah Boeng,0.0171170923858881
TRACK_A_INTERNAL,Sugarcane,sugarcane_large,sugarcane_large,D:\CropDiseaseProject\sugarcane_large\Healthy Leaves\image384.jpg,Healthy Leaves,3,Healthy Leaves,3,True,0.9251708984375,0.9251708984375,Brown Spot,0.035321421921253204,Rust (Brown Rust),0.014605579897761345
TRACK_A_INTERNAL,Sugarcane,sugarcane_large,sugarcane_large,D:\CropDiseaseProject\sugarcane_large\Healthy Leaves\image065.jpg,Healthy Leaves,3,Healthy Leaves,3,True,0.9947233200073242,0.9947233200073242,Banded Chlorosis,0.002717192517593503,Red Rot,0.0012700532097369432
TRACK_A_INTERNAL,Sugarcane,sugarcane_large,sugarcane_large,D:\CropDiseaseProject\sugarcane_large\Healthy Leaves\image319.jpg,Healthy Leaves,3,Healthy Leaves,3,True,0.9696946144104004,0.9696946144104004,Red Rot,0.016591565683484077,Pokkah Boeng,0.006370472256094217
TRACK_A_INTERNAL,Sugarcane,sugarcane_large,sugarcane_large,D:\CropDiseaseProject\sugarcane_large\Healthy Leaves\image076.jpg,Healthy Leaves,3,Healthy Leaves,3,True,0.9999606609344482,0.9999606609344482,Mosaic / Viral Disease,1.3891201888327487e-05,Red Rot,1.2044072718708776e-05
TRACK_A_INTERNAL,Sugarcane,sugarcane_large,sugarcane_large,D:\CropDiseaseProject\sugarcane_large\Healthy Leaves\image267.jpg,Healthy Leaves,3,Healthy Leaves,3,True,0.9405733942985535,0.9405733942985535,Red Rot,0.04322858154773712,Rust (Brown Rust),0.004336561542004347
TRACK_A_INTERNAL,Sugarcane,sugarcane_large,sugarcane_large,D:\CropDiseaseProject\sugarcane_large\Healthy Leaves\image047.jpg,Healthy Leaves,3,Healthy Leaves,3,True,0.8376830220222473,0.8376830220222473,Banded Chlorosis,0.0870768204331398,Red Rot,0.02141820453107357
TRACK_A_INTERNAL,Sugarcane,sugarcane_large,sugarcane_large,D:\CropDiseaseProject\sugarcane_large\Healthy Leaves\image302.jpg,Healthy Leaves,3,Healthy Leaves,3,True,0.8700560331344604,0.8700560331344604,Brown Spot,0.07842357456684113,Rust (Brown Rust),0.03249100595712662
TRACK_A_INTERNAL,Sugarcane,sugarcane_large,sugarcane_large,D:\CropDiseaseProject\sugarcane_large\Healthy Leaves\image262.jpg,Healthy Leaves,3,Healthy Leaves,3,True,0.9990217685699463,0.9990217685699463,Red Rot,0.0005534079391509295,Yellow Leaf Disease,0.00017177924746647477
TRACK_A_INTERNAL,Sugarcane,sugarcane_large,sugarcane_large,D:\CropDiseaseProject\sugarcane_large\Healthy Leaves\image347.jpg,Healthy Leaves,3,Healthy Leaves,3,True,0.9930729269981384,0.9930729269981384,Pokkah Boeng,0.004147469066083431,Brown Spot,0.0009901360608637333
TRACK_A_INTERNAL,Sugarcane,sugarcane_large,sugarcane_large,D:\CropDiseaseProject\sugarcane_large\Healthy Leaves\image412.jpg,Healthy Leaves,3,Healthy Leaves,3,True,0.5465472340583801,0.5465472340583801,Brown Spot,0.3931041359901428,Red Rot,0.02905682846903801
TRACK_A_INTERNAL,Sugarcane,sugarcane_large,sugarcane_large,D:\CropDiseaseProject\sugarcane_large\Healthy Leaves\image164.jpg,Healthy Leaves,3,Healthy Leaves,3,True,0.8399311900138855,0.8399311900138855,Brown Spot,0.13312779366970062,Red Rot,0.018272563815116882
TRACK_A_INTERNAL,Sugarcane,sugarcane_large,sugarcane_large,D:\CropDiseaseProject\sugarcane_large\Healthy Leaves\image337.jpg,Healthy Leaves,3,Healthy Leaves,3,True,0.9988535642623901,0.9988535642623901,Brown Spot,0.0008555465028621256,Mosaic / Viral Disease,0.0002052559721050784
TRACK_A_INTERNAL,Sugarcane,sugarcane_large,sugarcane_large,D:\CropDiseaseProject\sugarcane_large\Healthy Leaves\image294.jpg,Healthy Leaves,3,Healthy Leaves,3,True,0.4646570086479187,0.4646570086479187,Red Rot,0.2556079030036926,Rust (Brown Rust),0.24605906009674072
TRACK_A_INTERNAL,Sugarcane,sugarcane_large,sugarcane_large,D:\CropDiseaseProject\sugarcane_large\Healthy Leaves\image086.jpg,Healthy Leaves,3,Brown Spot,1,False,0.5129775404930115,0.47348490357398987,Healthy Leaves,0.47348490357398987,Yellow Leaf Disease,0.0044881002977490425
TRACK_A_INTERNAL,Sugarcane,sugarcane_large,sugarcane_large,D:\CropDiseaseProject\sugarcane_large\Healthy Leaves\image314.jpg,Healthy Leaves,3,Healthy Leaves,3,True,0.992098331451416,0.992098331451416,Rust (Brown Rust),0.002865202259272337,Mosaic / Viral Disease,0.0022147728595882654
TRACK_A_INTERNAL,Sugarcane,sugarcane_large,sugarcane_large,D:\CropDiseaseProject\sugarcane_large\Healthy Leaves\image072.jpg,Healthy Leaves,3,Healthy Leaves,3,True,0.9971325397491455,0.9971325397491455,Mosaic / Viral Disease,0.0009374453802593052,Red Rot,0.0009339304524473846
TRACK_A_INTERNAL,Sugarcane,sugarcane_large,sugarcane_large,D:\CropDiseaseProject\sugarcane_large\Healthy Leaves\image154.jpg,Healthy Leaves,3,Healthy Leaves,3,True,0.9980643391609192,0.9980643391609192,Yellow Leaf Disease,0.0007802371983416378,Mosaic / Viral Disease,0.0004125223495066166
TRACK_A_INTERNAL,Sugarcane,sugarcane_large,sugarcane_large,D:\CropDiseaseProject\sugarcane_large\Diseases\Viral Disease\Viral Disease295.jpg,Mosaic / Viral Disease,4,Mosaic / Viral Disease,4,True,0.8590754270553589,0.8590754270553589,Healthy Leaves,0.08505641669034958,Brown Spot,0.0431981161236763
TRACK_A_INTERNAL,Sugarcane,sugarcane_large,sugarcane_large,D:\CropDiseaseProject\sugarcane_large\Diseases\Viral Disease\Viral Disease170.jpg,Mosaic / Viral Disease,4,Brown Spot,1,False,0.512919008731842,0.05159343406558037,Yellow Leaf Disease,0.38983216881752014,Mosaic / Viral Disease,0.05159343406558037
TRACK_A_INTERNAL,Sugarcane,sugarcane_large,sugarcane_large,D:\CropDiseaseProject\sugarcane_large\Diseases\Viral Disease\Viral Disease304.jpg,Mosaic / Viral Disease,4,Mosaic / Viral Disease,4,True,0.8990386724472046,0.8990386724472046,Healthy Leaves,0.05958443880081177,Brown Spot,0.025130728259682655
TRACK_A_INTERNAL,Sugarcane,sugarcane_large,sugarcane_large,D:\CropDiseaseProject\sugarcane_large\Diseases\Viral Disease\Viral Disease065.jpg,Mosaic / Viral Disease,4,Mosaic / Viral Disease,4,True,0.5441815853118896,0.5441815853118896,Brown Spot,0.4019663333892822,Yellow Leaf Disease,0.01670914702117443
TRACK_A_INTERNAL,Sugarcane,sugarcane_large,sugarcane_large,D:\CropDiseaseProject\sugarcane_large\Diseases\Viral Disease\Viral Disease414.jpg,Mosaic / Viral Disease,4,Mosaic / Viral Disease,4,True,0.8924412131309509,0.8924412131309509,Yellow Leaf Disease,0.04680575430393219,Rust (Brown Rust),0.026985593140125275
TRACK_A_INTERNAL,Sugarcane,sugarcane_large,sugarcane_large,D:\CropDiseaseProject\sugarcane_large\Diseases\Viral Disease\Viral Disease088.jpg,Mosaic / Viral Disease,4,Mosaic / Viral Disease,4,True,0.5579305291175842,0.5579305291175842,Rust (Brown Rust),0.3932202458381653,Brown Spot,0.01691579446196556
TRACK_A_INTERNAL,Sugarcane,sugarcane_large,sugarcane_large,D:\CropDiseaseProject\sugarcane_large\Diseases\Viral Disease\Viral Disease553.jpg,Mosaic / Viral Disease,4,Mosaic / Viral Disease,4,True,0.9918529391288757,0.9918529391288757,Healthy Leaves,0.004395933821797371,Brown Spot,0.0016249004984274507
TRACK_A_INTERNAL,Sugarcane,sugarcane_large,sugarcane_large,D:\CropDiseaseProject\sugarcane_large\Diseases\Viral Disease\Viral Disease445.jpg,Mosaic / Viral Disease,4,Mosaic / Viral Disease,4,True,0.7828381061553955,0.7828381061553955,Rust (Brown Rust),0.13855019211769104,Banded Chlorosis,0.0340021476149559
TRACK_A_INTERNAL,Sugarcane,sugarcane_large,sugarcane_large,D:\CropDiseaseProject\sugarcane_large\Diseases\Viral Disease\Viral Disease135.jpg,Mosaic / Viral Disease,4,Brown Spot,1,False,0.4947311580181122,0.4655609428882599,Mosaic / Viral Disease,0.4655609428882599,Yellow Leaf Disease,0.015065588988363743
TRACK_A_INTERNAL,Sugarcane,sugarcane_large,sugarcane_large,D:\CropDiseaseProject\sugarcane_large\Diseases\Viral Disease\Viral Disease551.jpg,Mosaic / Viral Disease,4,Mosaic / Viral Disease,4,True,0.9945584535598755,0.9945584535598755,Healthy Leaves,0.0026029336731880903,Brown Spot,0.0008819823269732296
TRACK_A_INTERNAL,Sugarcane,sugarcane_large,sugarcane_large,D:\CropDiseaseProject\sugarcane_large\Diseases\Viral Disease\Viral Disease452.jpg,Mosaic / Viral Disease,4,Brown Spot,1,False,0.7852223515510559,0.20358708500862122,Mosaic / Viral Disease,0.20358708500862122,Healthy Leaves,0.005108934361487627
TRACK_A_INTERNAL,Sugarcane,sugarcane_large,sugarcane_large,D:\CropDiseaseProject\sugarcane_large\Diseases\Viral Disease\Viral Disease628.jpg,Mosaic / Viral Disease,4,Mosaic / Viral Disease,4,True,0.6502485275268555,0.6502485275268555,Brown Spot,0.16648560762405396,Yellow Leaf Disease,0.14831943809986115
TRACK_A_INTERNAL,Sugarcane,sugarcane_large,sugarcane_large,D:\CropDiseaseProject\sugarcane_large\Diseases\Viral Disease\Viral Disease614.jpg,Mosaic / Viral Disease,4,Mosaic / Viral Disease,4,True,0.7000126242637634,0.7000126242637634,Brown Spot,0.09729789942502975,Yellow Leaf Disease,0.09051134437322617
TRACK_A_INTERNAL,Sugarcane,sugarcane_large,sugarcane_large,D:\CropDiseaseProject\sugarcane_large\Diseases\Viral Disease\Viral Disease404.jpg,Mosaic / Viral Disease,4,Mosaic / Viral Disease,4,True,0.9962634444236755,0.9962634444236755,Rust (Brown Rust),0.001863402547314763,Yellow Leaf Disease,0.0015294637996703386
TRACK_A_INTERNAL,Sugarcane,sugarcane_large,sugarcane_large,D:\CropDiseaseProject\sugarcane_large\Diseases\Viral Disease\Viral Disease642.jpg,Mosaic / Viral Disease,4,Mosaic / Viral Disease,4,True,0.9747741222381592,0.9747741222381592,Yellow Leaf Disease,0.019049735739827156,Brown Spot,0.0045713502913713455
TRACK_A_INTERNAL,Sugarcane,sugarcane_large,sugarcane_large,D:\CropDiseaseProject\sugarcane_large\Diseases\Viral Disease\Viral Disease634.jpg,Mosaic / Viral Disease,4,Mosaic / Viral Disease,4,True,0.9897595643997192,0.9897595643997192,Yellow Leaf Disease,0.006079562474042177,Healthy Leaves,0.001718411105684936
TRACK_A_INTERNAL,Sugarcane,sugarcane_large,sugarcane_large,D:\CropDiseaseProject\sugarcane_large\Diseases\Viral Disease\Viral Disease082.jpg,Mosaic / Viral Disease,4,Mosaic / Viral Disease,4,True,0.9716245532035828,0.9716245532035828,Rust (Brown Rust),0.009606917388737202,Banded Chlorosis,0.00785032007843256
TRACK_A_INTERNAL,Sugarcane,sugarcane_large,sugarcane_large,D:\CropDiseaseProject\sugarcane_large\Diseases\Viral Disease\Viral Disease212.jpg,Mosaic / Viral Disease,4,Mosaic / Viral Disease,4,True,0.9857034087181091,0.9857034087181091,Banded Chlorosis,0.007281048689037561,Rust (Brown Rust),0.0035837774630635977
TRACK_A_INTERNAL,Sugarcane,sugarcane_large,sugarcane_large,D:\CropDiseaseProject\sugarcane_large\Diseases\Viral Disease\Viral Disease092.jpg,Mosaic / Viral Disease,4,Mosaic / Viral Disease,4,True,0.7940763235092163,0.7940763235092163,Brown Spot,0.1220131516456604,Rust (Brown Rust),0.07278554141521454
TRACK_A_INTERNAL,Sugarcane,sugarcane_large,sugarcane_large,D:\CropDiseaseProject\sugarcane_large\Diseases\Viral Disease\Viral Disease061.jpg,Mosaic / Viral Disease,4,Healthy Leaves,3,False,0.7725604176521301,0.000516274303663522,Rust (Brown Rust),0.21753911674022675,Yellow Leaf Disease,0.005977962631732225
TRACK_A_INTERNAL,Sugarcane,sugarcane_large,sugarcane_large,D:\CropDiseaseProject\sugarcane_large\Diseases\Viral Disease\Viral Disease468.jpg,Mosaic / Viral Disease,4,Mosaic / Viral Disease,4,True,0.8758818507194519,0.8758818507194519,Rust (Brown Rust),0.0743412971496582,Banded Chlorosis,0.03454452380537987
TRACK_A_INTERNAL,Sugarcane,sugarcane_large,sugarcane_large,D:\CropDiseaseProject\sugarcane_large\Diseases\Viral Disease\Viral Disease137.jpg,Mosaic / Viral Disease,4,Mosaic / Viral Disease,4,True,0.8521867990493774,0.8521867990493774,Brown Spot,0.11151602119207382,Healthy Leaves,0.02619774453341961
TRACK_A_INTERNAL,Sugarcane,sugarcane_large,sugarcane_large,D:\CropDiseaseProject\sugarcane_large\Diseases\Viral Disease\Viral Disease003.jpg,Mosaic / Viral Disease,4,Mosaic / Viral Disease,4,True,0.5261691808700562,0.5261691808700562,Smut,0.4278724789619446,Banded Chlorosis,0.023110872134566307
TRACK_A_INTERNAL,Sugarcane,sugarcane_large,sugarcane_large,D:\CropDiseaseProject\sugarcane_large\Diseases\Viral Disease\Viral Disease439.jpg,Mosaic / Viral Disease,4,Rust (Brown Rust),7,False,0.36144426465034485,0.18675030767917633,Banded Chlorosis,0.20278048515319824,Yellow Leaf Disease,0.19719545543193817
TRACK_A_INTERNAL,Sugarcane,sugarcane_large,sugarcane_large,D:\CropDiseaseProject\sugarcane_large\Diseases\Viral Disease\Viral Disease219.jpg,Mosaic / Viral Disease,4,Mosaic / Viral Disease,4,True,0.9620559215545654,0.9620559215545654,Rust (Brown Rust),0.015357100404798985,Brown Spot,0.013691695407032967
TRACK_A_INTERNAL,Sugarcane,sugarcane_large,sugarcane_large,D:\CropDiseaseProject\sugarcane_large\Diseases\Viral Disease\Viral Disease341.jpg,Mosaic / Viral Disease,4,Mosaic / Viral Disease,4,True,0.9920839071273804,0.9920839071273804,Yellow Leaf Disease,0.0028785259928554296,Healthy Leaves,0.002146196784451604
TRACK_A_INTERNAL,Sugarcane,sugarcane_large,sugarcane_large,D:\CropDiseaseProject\sugarcane_large\Diseases\Viral Disease\Viral Disease023.jpg,Mosaic / Viral Disease,4,Mosaic / Viral Disease,4,True,0.7033459544181824,0.7033459544181824,Smut,0.1878250688314438,Banded Chlorosis,0.04177645966410637
TRACK_A_INTERNAL,Sugarcane,sugarcane_large,sugarcane_large,D:\CropDiseaseProject\sugarcane_large\Diseases\Viral Disease\Viral Disease234.jpg,Mosaic / Viral Disease,4,Mosaic / Viral Disease,4,True,0.7077234983444214,0.7077234983444214,Banded Chlorosis,0.16115495562553406,Rust (Brown Rust),0.07908647507429123
TRACK_A_INTERNAL,Sugarcane,sugarcane_large,sugarcane_large,D:\CropDiseaseProject\sugarcane_large\Diseases\Viral Disease\Viral Disease109.jpg,Mosaic / Viral Disease,4,Rust (Brown Rust),7,False,0.8304747343063354,0.04098978638648987,Banded Chlorosis,0.12266500294208527,Mosaic / Viral Disease,0.04098978638648987
TRACK_A_INTERNAL,Sugarcane,sugarcane_large,sugarcane_large,D:\CropDiseaseProject\sugarcane_large\Diseases\Viral Disease\Viral Disease412.jpg,Mosaic / Viral Disease,4,Mosaic / Viral Disease,4,True,0.9619010090827942,0.9619010090827942,Rust (Brown Rust),0.020326098427176476,Yellow Leaf Disease,0.010527871549129486
TRACK_A_INTERNAL,Sugarcane,sugarcane_large,sugarcane_large,D:\CropDiseaseProject\sugarcane_large\Diseases\Pokkah Boeng\Pokkah Boeng028.jpg,Pokkah Boeng,5,Smut,9,False,0.64101642370224,0.2855943441390991,Pokkah Boeng,0.2855943441390991,Mosaic / Viral Disease,0.03491417318582535
TRACK_A_INTERNAL,Sugarcane,sugarcane_large,sugarcane_large,D:\CropDiseaseProject\sugarcane_large\Diseases\Pokkah Boeng\Pokkah Boeng163.jpg,Pokkah Boeng,5,Pokkah Boeng,5,True,0.7718617916107178,0.7718617916107178,Brown Spot,0.22186285257339478,Healthy Leaves,0.0017721171025186777
TRACK_A_INTERNAL,Sugarcane,sugarcane_large,sugarcane_large,D:\CropDiseaseProject\sugarcane_large\Diseases\Pokkah Boeng\Pokkah Boeng105.jpg,Pokkah Boeng,5,Smut,9,False,0.699906051158905,0.2995699942111969,Pokkah Boeng,0.2995699942111969,Yellow Leaf Disease,0.0002269287797389552
TRACK_A_INTERNAL,Sugarcane,sugarcane_large,sugarcane_large,D:\CropDiseaseProject\sugarcane_large\Diseases\Pokkah Boeng\Pokkah Boeng056.jpg,Pokkah Boeng,5,Smut,9,False,0.9295373558998108,0.06775147467851639,Pokkah Boeng,0.06775147467851639,Brown Spot,0.0016125354450196028
TRACK_A_INTERNAL,Sugarcane,sugarcane_large,sugarcane_large,D:\CropDiseaseProject\sugarcane_large\Diseases\Pokkah Boeng\Pokkah Boeng166.jpg,Pokkah Boeng,5,Pokkah Boeng,5,True,0.839087188243866,0.839087188243866,Healthy Leaves,0.094169981777668,Smut,0.02815580554306507
TRACK_A_INTERNAL,Sugarcane,sugarcane_large,sugarcane_large,D:\CropDiseaseProject\sugarcane_large\Diseases\Pokkah Boeng\Pokkah Boeng155.jpg,Pokkah Boeng,5,Pokkah Boeng,5,True,0.869709849357605,0.869709849357605,Brown Spot,0.1232619509100914,Healthy Leaves,0.006411920301616192
TRACK_A_INTERNAL,Sugarcane,sugarcane_large,sugarcane_large,D:\CropDiseaseProject\sugarcane_large\Diseases\Pokkah Boeng\Pokkah Boeng263.jpg,Pokkah Boeng,5,Pokkah Boeng,5,True,0.9337168335914612,0.9337168335914612,Brown Spot,0.04180394113063812,Healthy Leaves,0.007903565652668476
TRACK_A_INTERNAL,Sugarcane,sugarcane_large,sugarcane_large,D:\CropDiseaseProject\sugarcane_large\Diseases\Pokkah Boeng\Pokkah Boeng285.jpg,Pokkah Boeng,5,Pokkah Boeng,5,True,0.9975437521934509,0.9975437521934509,Smut,0.0008155675022862852,Brown Spot,0.0006004537572152913
TRACK_A_INTERNAL,Sugarcane,sugarcane_large,sugarcane_large,D:\CropDiseaseProject\sugarcane_large\Diseases\Pokkah Boeng\Pokkah Boeng064.jpg,Pokkah Boeng,5,Smut,9,False,0.6068176031112671,0.3165324330329895,Pokkah Boeng,0.3165324330329895,Brown Spot,0.06847330182790756
TRACK_A_INTERNAL,Sugarcane,sugarcane_large,sugarcane_large,D:\CropDiseaseProject\sugarcane_large\Diseases\Pokkah Boeng\Pokkah Boeng127.jpg,Pokkah Boeng,5,Pokkah Boeng,5,True,0.9777582883834839,0.9777582883834839,Brown Spot,0.019289351999759674,Healthy Leaves,0.001478066318668425
TRACK_A_INTERNAL,Sugarcane,sugarcane_large,sugarcane_large,D:\CropDiseaseProject\sugarcane_large\Diseases\Pokkah Boeng\Pokkah Boeng195.jpg,Pokkah Boeng,5,Pokkah Boeng,5,True,0.9734079837799072,0.9734079837799072,Smut,0.009335648268461227,Brown Spot,0.008395534940063953
TRACK_A_INTERNAL,Sugarcane,sugarcane_large,sugarcane_large,D:\CropDiseaseProject\sugarcane_large\Diseases\Pokkah Boeng\Pokkah Boeng065.jpg,Pokkah Boeng,5,Smut,9,False,0.7445517778396606,0.2538219094276428,Pokkah Boeng,0.2538219094276428,Brown Spot,0.0010241394629701972
TRACK_A_INTERNAL,Sugarcane,sugarcane_large,sugarcane_large,D:\CropDiseaseProject\sugarcane_large\Diseases\Pokkah Boeng\Pokkah Boeng167.jpg,Pokkah Boeng,5,Pokkah Boeng,5,True,0.930224597454071,0.930224597454071,Smut,0.02588009089231491,Banded Chlorosis,0.012213457375764847
TRACK_A_INTERNAL,Sugarcane,sugarcane_large,sugarcane_large,D:\CropDiseaseProject\sugarcane_large\Diseases\Pokkah Boeng\Pokkah Boeng272.jpg,Pokkah Boeng,5,Pokkah Boeng,5,True,0.9970476031303406,0.9970476031303406,Healthy Leaves,0.0015098410658538342,Brown Spot,0.0011817974736914039
TRACK_A_INTERNAL,Sugarcane,sugarcane_large,sugarcane_large,D:\CropDiseaseProject\sugarcane_large\Diseases\Pokkah Boeng\Pokkah Boeng081.jpg,Pokkah Boeng,5,Pokkah Boeng,5,True,0.5831137299537659,0.5831137299537659,Smut,0.40806567668914795,Brown Spot,0.004499087575823069
TRACK_A_INTERNAL,Sugarcane,sugarcane_large,sugarcane_large,D:\CropDiseaseProject\sugarcane_large\Diseases\Pokkah Boeng\Pokkah Boeng220.jpg,Pokkah Boeng,5,Pokkah Boeng,5,True,0.9763910174369812,0.9763910174369812,Smut,0.011908980086445808,Brown Spot,0.00445213820785284
TRACK_A_INTERNAL,Sugarcane,sugarcane_large,sugarcane_large,D:\CropDiseaseProject\sugarcane_large\Diseases\Pokkah Boeng\Pokkah Boeng193.jpg,Pokkah Boeng,5,Pokkah Boeng,5,True,0.9819946885108948,0.9819946885108948,Brown Spot,0.009379297494888306,Smut,0.00534137012436986
TRACK_A_INTERNAL,Sugarcane,sugarcane_large,sugarcane_large,D:\CropDiseaseProject\sugarcane_large\Diseases\Pokkah Boeng\Pokkah Boeng049.jpg,Pokkah Boeng,5,Smut,9,False,0.6186114549636841,0.3798675835132599,Pokkah Boeng,0.3798675835132599,Mosaic / Viral Disease,0.0007638238021172583
TRACK_A_INTERNAL,Sugarcane,sugarcane_large,sugarcane_large,D:\CropDiseaseProject\sugarcane_large\Diseases\Pokkah Boeng\Pokkah Boeng002.jpg,Pokkah Boeng,5,Smut,9,False,0.7142220735549927,0.13414543867111206,Pokkah Boeng,0.13414543867111206,Mosaic / Viral Disease,0.12549453973770142
TRACK_A_INTERNAL,Sugarcane,sugarcane_large,sugarcane_large,D:\CropDiseaseProject\sugarcane_large\Diseases\Pokkah Boeng\Pokkah Boeng204.jpg,Pokkah Boeng,5,Pokkah Boeng,5,True,0.8584445714950562,0.8584445714950562,Brown Spot,0.12403448671102524,Smut,0.008306269533932209
TRACK_A_INTERNAL,Sugarcane,sugarcane_large,sugarcane_large,D:\CropDiseaseProject\sugarcane_large\Diseases\Pokkah Boeng\Pokkah Boeng276.jpg,Pokkah Boeng,5,Pokkah Boeng,5,True,0.9657056331634521,0.9657056331634521,Healthy Leaves,0.024796493351459503,Brown Spot,0.005023774690926075
TRACK_A_INTERNAL,Sugarcane,sugarcane_large,sugarcane_large,D:\CropDiseaseProject\sugarcane_large\Diseases\Pokkah Boeng\Pokkah Boeng172.jpg,Pokkah Boeng,5,Pokkah Boeng,5,True,0.8405600190162659,0.8405600190162659,Healthy Leaves,0.06993072479963303,Yellow Leaf Disease,0.03711714595556259
TRACK_A_INTERNAL,Sugarcane,sugarcane_large,sugarcane_large,D:\CropDiseaseProject\sugarcane_large\Diseases\Pokkah Boeng\Pokkah Boeng188.jpg,Pokkah Boeng,5,Pokkah Boeng,5,True,0.9679043292999268,0.9679043292999268,Brown Spot,0.025299057364463806,Banded Chlorosis,0.003610072424635291
TRACK_A_INTERNAL,Sugarcane,sugarcane_large,sugarcane_large,D:\CropDiseaseProject\sugarcane_large\Diseases\Pokkah Boeng\Pokkah Boeng161.jpg,Pokkah Boeng,5,Pokkah Boeng,5,True,0.9345949292182922,0.9345949292182922,Brown Spot,0.04959183558821678,Yellow Leaf Disease,0.00822316762059927
TRACK_A_INTERNAL,Sugarcane,sugarcane_large,sugarcane_large,D:\CropDiseaseProject\sugarcane_large\Diseases\Pokkah Boeng\Pokkah Boeng019.jpg,Pokkah Boeng,5,Smut,9,False,0.9029396176338196,0.09395863115787506,Pokkah Boeng,0.09395863115787506,Yellow Leaf Disease,0.0018951999954879284
TRACK_A_INTERNAL,Sugarcane,sugarcane_large,sugarcane_large,D:\CropDiseaseProject\sugarcane_large\Diseases\Pokkah Boeng\Pokkah Boeng034.jpg,Pokkah Boeng,5,Smut,9,False,0.5654420256614685,0.3900270164012909,Pokkah Boeng,0.3900270164012909,Mosaic / Viral Disease,0.031546372920274734
TRACK_A_INTERNAL,Sugarcane,sugarcane_large,sugarcane_large,D:\CropDiseaseProject\sugarcane_large\Diseases\Pokkah Boeng\Pokkah Boeng048.jpg,Pokkah Boeng,5,Pokkah Boeng,5,True,0.5442337989807129,0.5442337989807129,Smut,0.45434463024139404,Mosaic / Viral Disease,0.0006131315603852272
TRACK_A_INTERNAL,Sugarcane,sugarcane_large,sugarcane_large,D:\CropDiseaseProject\sugarcane_large\Diseases\Pokkah Boeng\Pokkah Boeng261.jpg,Pokkah Boeng,5,Pokkah Boeng,5,True,0.9494417905807495,0.9494417905807495,Brown Spot,0.03182036057114601,Healthy Leaves,0.007275818847119808
TRACK_A_INTERNAL,Sugarcane,sugarcane_large,sugarcane_large,D:\CropDiseaseProject\sugarcane_large\Diseases\Pokkah Boeng\Pokkah Boeng156.jpg,Pokkah Boeng,5,Pokkah Boeng,5,True,0.9802805781364441,0.9802805781364441,Brown Spot,0.01804295927286148,Yellow Leaf Disease,0.0010168293956667185
TRACK_A_INTERNAL,Sugarcane,sugarcane_large,sugarcane_large,D:\CropDiseaseProject\sugarcane_large\Diseases\Pokkah Boeng\Pokkah Boeng057.jpg,Pokkah Boeng,5,Smut,9,False,0.9210538864135742,0.07347670197486877,Pokkah Boeng,0.07347670197486877,Brown Spot,0.0019234095234423876
TRACK_A_INTERNAL,Sugarcane,sugarcane_large,sugarcane_large,D:\CropDiseaseProject\sugarcane_large\Diseases\BrownRust\image298.jpg,Rust (Brown Rust),7,Rust (Brown Rust),7,True,0.8653849959373474,0.8653849959373474,Yellow Leaf Disease,0.10335446894168854,Smut,0.012304645031690598
TRACK_A_INTERNAL,Sugarcane,sugarcane_large,sugarcane_large,D:\CropDiseaseProject\sugarcane_large\Diseases\BrownRust\image175.jpg,Rust (Brown Rust),7,Brown Spot,1,False,0.508601725101471,0.4529312551021576,Rust (Brown Rust),0.4529312551021576,Banded Chlorosis,0.0263715498149395
TRACK_A_INTERNAL,Sugarcane,sugarcane_large,sugarcane_large,D:\CropDiseaseProject\sugarcane_large\Diseases\BrownRust\image005.jpg,Rust (Brown Rust),7,Yellow Leaf Disease,10,False,0.3229752480983734,0.07729682326316833,Banded Chlorosis,0.30487221479415894,Mosaic / Viral Disease,0.26041871309280396
TRACK_A_INTERNAL,Sugarcane,sugarcane_large,sugarcane_large,D:\CropDiseaseProject\sugarcane_large\Diseases\BrownRust\image267.jpg,Rust (Brown Rust),7,Rust (Brown Rust),7,True,0.881420910358429,0.881420910358429,Brown Spot,0.08023393154144287,Yellow Leaf Disease,0.01543403696268797
TRACK_A_INTERNAL,Sugarcane,sugarcane_large,sugarcane_large,D:\CropDiseaseProject\sugarcane_large\Diseases\BrownRust\image169.jpg,Rust (Brown Rust),7,Rust (Brown Rust),7,True,0.47894489765167236,0.47894489765167236,Brown Spot,0.4746549427509308,Mosaic / Viral Disease,0.021072112023830414
TRACK_A_INTERNAL,Sugarcane,sugarcane_large,sugarcane_large,D:\CropDiseaseProject\sugarcane_large\Diseases\BrownRust\image131.jpg,Rust (Brown Rust),7,Mosaic / Viral Disease,4,False,0.4766910672187805,0.37884241342544556,Rust (Brown Rust),0.37884241342544556,Yellow Leaf Disease,0.08056151121854782
TRACK_A_INTERNAL,Sugarcane,sugarcane_large,sugarcane_large,D:\CropDiseaseProject\sugarcane_large\Diseases\BrownRust\image295.jpg,Rust (Brown Rust),7,Rust (Brown Rust),7,True,0.8330987691879272,0.8330987691879272,Yellow Leaf Disease,0.05534614250063896,Grassy Shoot,0.038406725972890854
TRACK_A_INTERNAL,Sugarcane,sugarcane_large,sugarcane_large,D:\CropDiseaseProject\sugarcane_large\Diseases\BrownRust\image300.jpg,Rust (Brown Rust),7,Rust (Brown Rust),7,True,0.9513069987297058,0.9513069987297058,Yellow Leaf Disease,0.036986250430345535,Grassy Shoot,0.009944618679583073
TRACK_A_INTERNAL,Sugarcane,sugarcane_large,sugarcane_large,D:\CropDiseaseProject\sugarcane_large\Diseases\BrownRust\image226.jpg,Rust (Brown Rust),7,Rust (Brown Rust),7,True,0.7354860305786133,0.7354860305786133,Red Rot,0.11980390548706055,Brown Spot,0.049624573439359665
TRACK_A_INTERNAL,Sugarcane,sugarcane_large,sugarcane_large,D:\CropDiseaseProject\sugarcane_large\Diseases\BrownRust\image009.jpg,Rust (Brown Rust),7,Rust (Brown Rust),7,True,0.37923839688301086,0.37923839688301086,Banded Chlorosis,0.2593615651130676,Yellow Leaf Disease,0.16212880611419678
TRACK_A_INTERNAL,Sugarcane,sugarcane_large,sugarcane_large,D:\CropDiseaseProject\sugarcane_large\Diseases\BrownRust\image027.jpg,Rust (Brown Rust),7,Brown Spot,1,False,0.4849988520145416,0.2545599043369293,Rust (Brown Rust),0.2545599043369293,Banded Chlorosis,0.14985796809196472
TRACK_A_INTERNAL,Sugarcane,sugarcane_large,sugarcane_large,D:\CropDiseaseProject\sugarcane_large\Diseases\BrownRust\image277.jpg,Rust (Brown Rust),7,Rust (Brown Rust),7,True,0.9675631523132324,0.9675631523132324,Banded Chlorosis,0.014917303808033466,Brown Spot,0.006178087089210749
TRACK_A_INTERNAL,Sugarcane,sugarcane_large,sugarcane_large,D:\CropDiseaseProject\sugarcane_large\Diseases\BrownRust\image011.jpg,Rust (Brown Rust),7,Rust (Brown Rust),7,True,0.4893620014190674,0.4893620014190674,Banded Chlorosis,0.42963024973869324,Yellow Leaf Disease,0.06240132451057434
TRACK_A_INTERNAL,Sugarcane,sugarcane_large,sugarcane_large,D:\CropDiseaseProject\sugarcane_large\Diseases\BrownRust\image077.jpg,Rust (Brown Rust),7,Brown Spot,1,False,0.2975947856903076,0.16963164508342743,Mosaic / Viral Disease,0.25748002529144287,Banded Chlorosis,0.2419230192899704
TRACK_A_INTERNAL,Sugarcane,sugarcane_large,sugarcane_large,D:\CropDiseaseProject\sugarcane_large\Diseases\BrownRust\image294.jpg,Rust (Brown Rust),7,Rust (Brown Rust),7,True,0.6353298425674438,0.6353298425674438,Red Rot,0.1726401448249817,Brown Spot,0.10433783382177353
TRACK_A_INTERNAL,Sugarcane,sugarcane_large,sugarcane_large,D:\CropDiseaseProject\sugarcane_large\Diseases\BrownRust\image085.jpg,Rust (Brown Rust),7,Banded Chlorosis,0,False,0.3848469853401184,0.3680904507637024,Rust (Brown Rust),0.3680904507637024,Mosaic / Viral Disease,0.18443846702575684
TRACK_A_INTERNAL,Sugarcane,sugarcane_large,sugarcane_large,D:\CropDiseaseProject\sugarcane_large\Diseases\BrownRust\image287.jpg,Rust (Brown Rust),7,Rust (Brown Rust),7,True,0.9156445264816284,0.9156445264816284,Brown Spot,0.032911837100982666,Red Rot,0.015149565413594246
TRACK_A_INTERNAL,Sugarcane,sugarcane_large,sugarcane_large,D:\CropDiseaseProject\sugarcane_large\Diseases\BrownRust\image167.jpg,Rust (Brown Rust),7,Rust (Brown Rust),7,True,0.35594192147254944,0.35594192147254944,Mosaic / Viral Disease,0.2859322428703308,Brown Spot,0.27941185235977173
TRACK_A_INTERNAL,Sugarcane,sugarcane_large,sugarcane_large,D:\CropDiseaseProject\sugarcane_large\Diseases\BrownRust\image254.jpg,Rust (Brown Rust),7,Rust (Brown Rust),7,True,0.7077498435974121,0.7077498435974121,Brown Spot,0.15760156512260437,Yellow Leaf Disease,0.10748171806335449
TRACK_A_INTERNAL,Sugarcane,sugarcane_large,sugarcane_large,D:\CropDiseaseProject\sugarcane_large\Diseases\BrownRust\image118.jpg,Rust (Brown Rust),7,Rust (Brown Rust),7,True,0.45080676674842834,0.45080676674842834,Brown Spot,0.28779441118240356,Mosaic / Viral Disease,0.19448645412921906
TRACK_A_INTERNAL,Sugarcane,sugarcane_large,sugarcane_large,D:\CropDiseaseProject\sugarcane_large\Diseases\BrownRust\image072.jpg,Rust (Brown Rust),7,Banded Chlorosis,0,False,0.7485431432723999,0.022968683391809464,Brown Spot,0.15024340152740479,Mosaic / Viral Disease,0.06156443804502487
TRACK_A_INTERNAL,Sugarcane,sugarcane_large,sugarcane_large,D:\CropDiseaseProject\sugarcane_large\Diseases\BrownRust\image172.jpg,Rust (Brown Rust),7,Brown Spot,1,False,0.7847765684127808,0.18250413239002228,Rust (Brown Rust),0.18250413239002228,Banded Chlorosis,0.015495589934289455
TRACK_A_INTERNAL,Sugarcane,sugarcane_large,sugarcane_large,D:\CropDiseaseProject\sugarcane_large\Diseases\BrownRust\image161.jpg,Rust (Brown Rust),7,Rust (Brown Rust),7,True,0.845811665058136,0.845811665058136,Banded Chlorosis,0.11488856375217438,Mosaic / Viral Disease,0.023620236665010452
TRACK_A_INTERNAL,Sugarcane,sugarcane_large,sugarcane_large,D:\CropDiseaseProject\sugarcane_large\Diseases\BrownRust\image136.jpg,Rust (Brown Rust),7,Yellow Leaf Disease,10,False,0.49365323781967163,0.13393114507198334,Brown Spot,0.2522099018096924,Rust (Brown Rust),0.13393114507198334
TRACK_A_INTERNAL,Sugarcane,sugarcane_large,sugarcane_large,D:\CropDiseaseProject\sugarcane_large\Diseases\BrownRust\image102.jpg,Rust (Brown Rust),7,Rust (Brown Rust),7,True,0.7143569588661194,0.7143569588661194,Banded Chlorosis,0.11225263774394989,Mosaic / Viral Disease,0.1027100682258606
TRACK_A_INTERNAL,Sugarcane,sugarcane_large,sugarcane_large,D:\CropDiseaseProject\sugarcane_large\Diseases\BrownRust\image238.jpg,Rust (Brown Rust),7,Rust (Brown Rust),7,True,0.963430643081665,0.963430643081665,Brown Spot,0.022332727909088135,Yellow Leaf Disease,0.006232744548469782
TRACK_A_INTERNAL,Sugarcane,sugarcane_large,sugarcane_large,D:\CropDiseaseProject\sugarcane_large\Diseases\BrownRust\image078.jpg,Rust (Brown Rust),7,Banded Chlorosis,0,False,0.4812837839126587,0.22787754237651825,Rust (Brown Rust),0.22787754237651825,Mosaic / Viral Disease,0.17714790999889374
TRACK_A_INTERNAL,Sugarcane,sugarcane_large,sugarcane_large,D:\CropDiseaseProject\sugarcane_large\Diseases\BrownRust\image218.jpg,Rust (Brown Rust),7,Yellow Leaf Disease,10,False,0.6839940547943115,0.049008965492248535,Banded Chlorosis,0.16175761818885803,Brown Spot,0.05769429728388786
TRACK_A_INTERNAL,Sugarcane,sugarcane_large,sugarcane_large,D:\CropDiseaseProject\sugarcane_large\Diseases\BrownRust\image119.jpg,Rust (Brown Rust),7,Rust (Brown Rust),7,True,0.36791089177131653,0.36791089177131653,Brown Spot,0.308864027261734,Mosaic / Viral Disease,0.17621158063411713
TRACK_A_INTERNAL,Sugarcane,sugarcane_large,sugarcane_large,D:\CropDiseaseProject\sugarcane_large\Diseases\BrownRust\image108.jpg,Rust (Brown Rust),7,Rust (Brown Rust),7,True,0.3291737139225006,0.3291737139225006,Mosaic / Viral Disease,0.22985059022903442,Yellow Leaf Disease,0.1841084212064743
TRACK_A_INTERNAL,Sugarcane,sugarcane_large,sugarcane_large,D:\CropDiseaseProject\sugarcane_large\Diseases\Sett Rot\Sett Rot222.jpg,Sett Rot,8,Sett Rot,8,True,0.9998990297317505,0.9998990297317505,Rust (Brown Rust),6.796047819079831e-05,Grassy Shoot,2.906488225562498e-05
TRACK_A_INTERNAL,Sugarcane,sugarcane_large,sugarcane_large,D:\CropDiseaseProject\sugarcane_large\Diseases\Sett Rot\Sett Rot502.jpg,Sett Rot,8,Sett Rot,8,True,0.9999998807907104,0.9999998807907104,Smut,1.6088833376670664e-07,Grassy Shoot,1.2656179437797732e-09
TRACK_A_INTERNAL,Sugarcane,sugarcane_large,sugarcane_large,D:\CropDiseaseProject\sugarcane_large\Diseases\Sett Rot\Sett Rot354.jpg,Sett Rot,8,Sett Rot,8,True,0.9999990463256836,0.9999990463256836,Rust (Brown Rust),7.067410479066893e-07,Yellow Leaf Disease,2.6977306788467104e-07
TRACK_A_INTERNAL,Sugarcane,sugarcane_large,sugarcane_large,D:\CropDiseaseProject\sugarcane_large\Diseases\Sett Rot\Sett Rot227.jpg,Sett Rot,8,Sett Rot,8,True,0.9997914433479309,0.9997914433479309,Rust (Brown Rust),0.00015046882617753,Grassy Shoot,4.5899236283730716e-05
TRACK_A_INTERNAL,Sugarcane,sugarcane_large,sugarcane_large,D:\CropDiseaseProject\sugarcane_large\Diseases\Sett Rot\Sett Rot612.jpg,Sett Rot,8,Sett Rot,8,True,1.0,1.0,Rust (Brown Rust),3.554183081178053e-08,Smut,1.7298783516750404e-09
TRACK_A_INTERNAL,Sugarcane,sugarcane_large,sugarcane_large,D:\CropDiseaseProject\sugarcane_large\Diseases\Sett Rot\Sett Rot387.jpg,Sett Rot,8,Sett Rot,8,True,0.9999936819076538,0.9999936819076538,Rust (Brown Rust),4.8619340304867364e-06,Yellow Leaf Disease,8.978213941190916e-07
TRACK_A_INTERNAL,Sugarcane,sugarcane_large,sugarcane_large,D:\CropDiseaseProject\sugarcane_large\Diseases\Sett Rot\Sett Rot218.jpg,Sett Rot,8,Sett Rot,8,True,0.999805748462677,0.999805748462677,Grassy Shoot,9.861653961706907e-05,Rust (Brown Rust),8.991709182737395e-05
TRACK_A_INTERNAL,Sugarcane,sugarcane_large,sugarcane_large,D:\CropDiseaseProject\sugarcane_large\Diseases\Sett Rot\Sett Rot577.jpg,Sett Rot,8,Sett Rot,8,True,0.9999977350234985,0.9999977350234985,Smut,2.148514568034443e-06,Rust (Brown Rust),6.968672039420198e-08
TRACK_A_INTERNAL,Sugarcane,sugarcane_large,sugarcane_large,D:\CropDiseaseProject\sugarcane_large\Diseases\Sett Rot\Sett Rot134.jpg,Sett Rot,8,Sett Rot,8,True,0.9999995231628418,0.9999995231628418,Smut,2.681273088001035e-07,Rust (Brown Rust),2.0299968639392318e-07
TRACK_A_INTERNAL,Sugarcane,sugarcane_large,sugarcane_large,D:\CropDiseaseProject\sugarcane_large\Diseases\Sett Rot\Sett Rot074.jpg,Sett Rot,8,Sett Rot,8,True,0.9999321699142456,0.9999321699142456,Smut,6.457080598920584e-05,Grassy Shoot,2.859512733266456e-06
TRACK_A_INTERNAL,Sugarcane,sugarcane_large,sugarcane_large,D:\CropDiseaseProject\sugarcane_large\Diseases\Sett Rot\Sett Rot075.jpg,Sett Rot,8,Sett Rot,8,True,0.99998939037323,0.99998939037323,Smut,1.0432267117721494e-05,Grassy Shoot,9.381660248664048e-08
TRACK_A_INTERNAL,Sugarcane,sugarcane_large,sugarcane_large,D:\CropDiseaseProject\sugarcane_large\Diseases\Sett Rot\Sett Rot496.jpg,Sett Rot,8,Sett Rot,8,True,0.9999995231628418,0.9999995231628418,Smut,4.165950713286293e-07,Yellow Leaf Disease,5.226127441915196e-08
TRACK_A_INTERNAL,Sugarcane,sugarcane_large,sugarcane_large,D:\CropDiseaseProject\sugarcane_large\Diseases\Sett Rot\Sett Rot546.jpg,Sett Rot,8,Sett Rot,8,True,0.9999991655349731,0.9999991655349731,Smut,8.152612736012088e-07,Rust (Brown Rust),3.28496696511138e-08
TRACK_A_INTERNAL,Sugarcane,sugarcane_large,sugarcane_large,D:\CropDiseaseProject\sugarcane_large\Diseases\Sett Rot\Sett Rot564.jpg,Sett Rot,8,Sett Rot,8,True,0.9999991655349731,0.9999991655349731,Smut,7.810306215105811e-07,Rust (Brown Rust),2.860503478530063e-08
TRACK_A_INTERNAL,Sugarcane,sugarcane_large,sugarcane_large,D:\CropDiseaseProject\sugarcane_large\Diseases\Sett Rot\Sett Rot532.jpg,Sett Rot,8,Sett Rot,8,True,1.0,1.0,Smut,2.948689958870432e-09,Yellow Leaf Disease,1.5697029787098415e-10
TRACK_A_INTERNAL,Sugarcane,sugarcane_large,sugarcane_large,D:\CropDiseaseProject\sugarcane_large\Diseases\Sett Rot\Sett Rot293.jpg,Sett Rot,8,Sett Rot,8,True,0.9988406300544739,0.9988406300544739,Grassy Shoot,0.001036114408634603,Smut,0.000112938265374396
TRACK_A_INTERNAL,Sugarcane,sugarcane_large,sugarcane_large,D:\CropDiseaseProject\sugarcane_large\Diseases\Sett Rot\Sett Rot046.jpg,Sett Rot,8,Sett Rot,8,True,0.9999570846557617,0.9999570846557617,Rust (Brown Rust),3.71728056052234e-05,Yellow Leaf Disease,4.290173819754273e-06
TRACK_A_INTERNAL,Sugarcane,sugarcane_large,sugarcane_large,D:\CropDiseaseProject\sugarcane_large\Diseases\Sett Rot\Sett Rot010.jpg,Sett Rot,8,Sett Rot,8,True,0.9939820170402527,0.9939820170402527,Yellow Leaf Disease,0.004239927977323532,Rust (Brown Rust),0.0016407477669417858
TRACK_A_INTERNAL,Sugarcane,sugarcane_large,sugarcane_large,D:\CropDiseaseProject\sugarcane_large\Diseases\Sett Rot\Sett Rot066.jpg,Sett Rot,8,Sett Rot,8,True,0.9998843669891357,0.9998843669891357,Smut,0.00011532042117323726,Yellow Leaf Disease,1.8515693511744757e-07
TRACK_A_INTERNAL,Sugarcane,sugarcane_large,sugarcane_large,D:\CropDiseaseProject\sugarcane_large\Diseases\Sett Rot\Sett Rot044.jpg,Sett Rot,8,Sett Rot,8,True,0.9950966238975525,0.9950966238975525,Rust (Brown Rust),0.004208514466881752,Yellow Leaf Disease,0.0004767275240737945
TRACK_A_INTERNAL,Sugarcane,sugarcane_large,sugarcane_large,D:\CropDiseaseProject\sugarcane_large\Diseases\Sett Rot\Sett Rot235.jpg,Sett Rot,8,Sett Rot,8,True,0.9999676942825317,0.9999676942825317,Smut,2.9459080906235613e-05,Yellow Leaf Disease,2.4894757189031225e-06
TRACK_A_INTERNAL,Sugarcane,sugarcane_large,sugarcane_large,D:\CropDiseaseProject\sugarcane_large\Diseases\Sett Rot\Sett Rot231.jpg,Sett Rot,8,Sett Rot,8,True,0.9999997615814209,0.9999997615814209,Grassy Shoot,1.5341369419274997e-07,Yellow Leaf Disease,4.5542517312924247e-08
TRACK_A_INTERNAL,Sugarcane,sugarcane_large,sugarcane_large,D:\CropDiseaseProject\sugarcane_large\Diseases\Sett Rot\Sett Rot566.jpg,Sett Rot,8,Sett Rot,8,True,1.0,1.0,Smut,2.110108976438596e-09,Yellow Leaf Disease,8.771659787409902e-11
TRACK_A_INTERNAL,Sugarcane,sugarcane_large,sugarcane_large,D:\CropDiseaseProject\sugarcane_large\Diseases\Sett Rot\Sett Rot054.jpg,Sett Rot,8,Sett Rot,8,True,0.9994158744812012,0.9994158744812012,Rust (Brown Rust),0.00042277126340195537,Grassy Shoot,8.998194971354678e-05
TRACK_A_INTERNAL,Sugarcane,sugarcane_large,sugarcane_large,D:\CropDiseaseProject\sugarcane_large\Diseases\Sett Rot\Sett Rot236.jpg,Sett Rot,8,Sett Rot,8,True,0.9999921321868896,0.9999921321868896,Smut,7.044292033242527e-06,Yellow Leaf Disease,8.133513915709045e-07
TRACK_A_INTERNAL,Sugarcane,sugarcane_large,sugarcane_large,D:\CropDiseaseProject\sugarcane_large\Diseases\Sett Rot\Sett Rot055.jpg,Sett Rot,8,Sett Rot,8,True,0.9986497759819031,0.9986497759819031,Rust (Brown Rust),0.0011844197288155556,Yellow Leaf Disease,0.000121091325127054
TRACK_A_INTERNAL,Sugarcane,sugarcane_large,sugarcane_large,D:\CropDiseaseProject\sugarcane_large\Diseases\Sett Rot\Sett Rot111.jpg,Sett Rot,8,Sett Rot,8,True,0.9997727274894714,0.9997727274894714,Grassy Shoot,0.00016441059415228665,Yellow Leaf Disease,3.317739174235612e-05
TRACK_A_INTERNAL,Sugarcane,sugarcane_large,sugarcane_large,D:\CropDiseaseProject\sugarcane_large\Diseases\Sett Rot\Sett Rot030.jpg,Sett Rot,8,Sett Rot,8,True,0.9995300769805908,0.9995300769805908,Rust (Brown Rust),0.00033471392816863954,Yellow Leaf Disease,0.00013228972966317087
TRACK_A_INTERNAL,Sugarcane,sugarcane_large,sugarcane_large,D:\CropDiseaseProject\sugarcane_large\Diseases\Sett Rot\Sett Rot390.jpg,Sett Rot,8,Sett Rot,8,True,0.9999877214431763,0.9999877214431763,Rust (Brown Rust),1.1914776223420631e-05,Healthy Leaves,1.2243663150002249e-07
TRACK_A_INTERNAL,Sugarcane,sugarcane_large,sugarcane_large,D:\CropDiseaseProject\sugarcane_large\Diseases\Sett Rot\Sett Rot118.jpg,Sett Rot,8,Sett Rot,8,True,0.9999991655349731,0.9999991655349731,Smut,5.244121439318405e-07,Grassy Shoot,2.582693525710056e-07
TRACK_A_INTERNAL,Sugarcane,sugarcane_large,sugarcane_large,D:\CropDiseaseProject\sugarcane_large\Diseases\smut\Smut306.jpg,Smut,9,Smut,9,True,0.9490180611610413,0.9490180611610413,Brown Spot,0.03621262311935425,Healthy Leaves,0.005318581126630306
TRACK_A_INTERNAL,Sugarcane,sugarcane_large,sugarcane_large,D:\CropDiseaseProject\sugarcane_large\Diseases\smut\Smut080.jpg,Smut,9,Smut,9,True,0.5663540363311768,0.5663540363311768,Pokkah Boeng,0.4165208339691162,Brown Spot,0.014654042199254036
TRACK_A_INTERNAL,Sugarcane,sugarcane_large,sugarcane_large,D:\CropDiseaseProject\sugarcane_large\Diseases\smut\Smut261.jpg,Smut,9,Smut,9,True,0.9721025228500366,0.9721025228500366,Banded Chlorosis,0.006918634288012981,Mosaic / Viral Disease,0.006897512823343277
TRACK_A_INTERNAL,Sugarcane,sugarcane_large,sugarcane_large,D:\CropDiseaseProject\sugarcane_large\Diseases\smut\Smut087.jpg,Smut,9,Pokkah Boeng,5,False,0.6099002957344055,0.3830708861351013,Smut,0.3830708861351013,Yellow Leaf Disease,0.004089681431651115
TRACK_A_INTERNAL,Sugarcane,sugarcane_large,sugarcane_large,D:\CropDiseaseProject\sugarcane_large\Diseases\smut\Smut012.jpg,Smut,9,Smut,9,True,0.7142220735549927,0.7142220735549927,Pokkah Boeng,0.13414543867111206,Mosaic / Viral Disease,0.12549453973770142
TRACK_A_INTERNAL,Sugarcane,sugarcane_large,sugarcane_large,D:\CropDiseaseProject\sugarcane_large\Diseases\smut\Smut146.jpg,Smut,9,Mosaic / Viral Disease,4,False,0.7927435040473938,0.16165760159492493,Smut,0.16165760159492493,Banded Chlorosis,0.032687924802303314
TRACK_A_INTERNAL,Sugarcane,sugarcane_large,sugarcane_large,D:\CropDiseaseProject\sugarcane_large\Diseases\smut\Smut043.jpg,Smut,9,Smut,9,True,0.5721176266670227,0.5721176266670227,Pokkah Boeng,0.3458705246448517,Mosaic / Viral Disease,0.0621177963912487
TRACK_A_INTERNAL,Sugarcane,sugarcane_large,sugarcane_large,D:\CropDiseaseProject\sugarcane_large\Diseases\smut\Smut249.jpg,Smut,9,Smut,9,True,0.9986730813980103,0.9986730813980103,Grassy Shoot,0.0009417273686267436,Rust (Brown Rust),0.0002020964166149497
TRACK_A_INTERNAL,Sugarcane,sugarcane_large,sugarcane_large,D:\CropDiseaseProject\sugarcane_large\Diseases\smut\Smut065.jpg,Smut,9,Smut,9,True,0.9078386425971985,0.9078386425971985,Pokkah Boeng,0.0884687528014183,Grassy Shoot,0.0014709173701703548
TRACK_A_INTERNAL,Sugarcane,sugarcane_large,sugarcane_large,D:\CropDiseaseProject\sugarcane_large\Diseases\smut\Smut266.jpg,Smut,9,Smut,9,True,0.9685710668563843,0.9685710668563843,Banded Chlorosis,0.018553534522652626,Rust (Brown Rust),0.006004100199788809
TRACK_A_INTERNAL,Sugarcane,sugarcane_large,sugarcane_large,D:\CropDiseaseProject\sugarcane_large\Diseases\smut\Smut311.jpg,Smut,9,Smut,9,True,0.9999020099639893,0.9999020099639893,Grassy Shoot,4.896775135421194e-05,Sett Rot,1.4955999176891055e-05
TRACK_A_INTERNAL,Sugarcane,sugarcane_large,sugarcane_large,D:\CropDiseaseProject\sugarcane_large\Diseases\smut\Smut240.jpg,Smut,9,Smut,9,True,0.9936961531639099,0.9936961531639099,Pokkah Boeng,0.0030537245329469442,Healthy Leaves,0.002045409521088004
TRACK_A_INTERNAL,Sugarcane,sugarcane_large,sugarcane_large,D:\CropDiseaseProject\sugarcane_large\Diseases\smut\Smut183.jpg,Smut,9,Smut,9,True,0.9813321828842163,0.9813321828842163,Yellow Leaf Disease,0.009893528185784817,Grassy Shoot,0.007779398933053017
TRACK_A_INTERNAL,Sugarcane,sugarcane_large,sugarcane_large,D:\CropDiseaseProject\sugarcane_large\Diseases\smut\Smut187.jpg,Smut,9,Smut,9,True,0.6771018505096436,0.6771018505096436,Yellow Leaf Disease,0.24088086187839508,Brown Spot,0.03968138247728348
TRACK_A_INTERNAL,Sugarcane,sugarcane_large,sugarcane_large,D:\CropDiseaseProject\sugarcane_large\Diseases\smut\Smut045.jpg,Smut,9,Pokkah Boeng,5,False,0.5311437249183655,0.42836135625839233,Smut,0.42836135625839233,Mosaic / Viral Disease,0.02707039751112461
TRACK_A_INTERNAL,Sugarcane,sugarcane_large,sugarcane_large,D:\CropDiseaseProject\sugarcane_large\Diseases\smut\Smut160.jpg,Smut,9,Smut,9,True,0.7493264079093933,0.7493264079093933,Yellow Leaf Disease,0.17501144111156464,Banded Chlorosis,0.0708824098110199
TRACK_A_INTERNAL,Sugarcane,sugarcane_large,sugarcane_large,D:\CropDiseaseProject\sugarcane_large\Diseases\smut\Smut292.jpg,Smut,9,Smut,9,True,0.9974965453147888,0.9974965453147888,Grassy Shoot,0.0015305823180824518,Brown Spot,0.0004609863681253046
TRACK_A_INTERNAL,Sugarcane,sugarcane_large,sugarcane_large,D:\CropDiseaseProject\sugarcane_large\Diseases\smut\Smut127.jpg,Smut,9,Smut,9,True,0.6554047465324402,0.6554047465324402,Mosaic / Viral Disease,0.2881677746772766,Rust (Brown Rust),0.03684999793767929
TRACK_A_INTERNAL,Sugarcane,sugarcane_large,sugarcane_large,D:\CropDiseaseProject\sugarcane_large\Diseases\smut\Smut114.jpg,Smut,9,Pokkah Boeng,5,False,0.647650420665741,0.34975308179855347,Smut,0.34975308179855347,Yellow Leaf Disease,0.0010545694967731833
TRACK_A_INTERNAL,Sugarcane,sugarcane_large,sugarcane_large,D:\CropDiseaseProject\sugarcane_large\Diseases\smut\Smut064.jpg,Smut,9,Smut,9,True,0.9386603832244873,0.9386603832244873,Pokkah Boeng,0.05581824854016304,Brown Spot,0.004900467582046986
TRACK_A_INTERNAL,Sugarcane,sugarcane_large,sugarcane_large,D:\CropDiseaseProject\sugarcane_large\Diseases\smut\Smut214.jpg,Smut,9,Smut,9,True,0.5106331706047058,0.5106331706047058,Yellow Leaf Disease,0.36451566219329834,Rust (Brown Rust),0.11307217180728912
TRACK_A_INTERNAL,Sugarcane,sugarcane_large,sugarcane_large,D:\CropDiseaseProject\sugarcane_large\Diseases\smut\Smut018.jpg,Smut,9,Smut,9,True,0.7638719081878662,0.7638719081878662,Pokkah Boeng,0.2175290286540985,Mosaic / Viral Disease,0.013907207176089287
TRACK_A_INTERNAL,Sugarcane,sugarcane_large,sugarcane_large,D:\CropDiseaseProject\sugarcane_large\Diseases\smut\Smut016.jpg,Smut,9,Smut,9,True,0.8314172625541687,0.8314172625541687,Pokkah Boeng,0.10639339685440063,Mosaic / Viral Disease,0.05565669760107994
TRACK_A_INTERNAL,Sugarcane,sugarcane_large,sugarcane_large,D:\CropDiseaseProject\sugarcane_large\Diseases\smut\Smut014.jpg,Smut,9,Smut,9,True,0.8920325636863708,0.8920325636863708,Pokkah Boeng,0.057577911764383316,Mosaic / Viral Disease,0.04154033213853836
TRACK_A_INTERNAL,Sugarcane,sugarcane_large,sugarcane_large,D:\CropDiseaseProject\sugarcane_large\Diseases\smut\Smut068.jpg,Smut,9,Smut,9,True,0.8800565004348755,0.8800565004348755,Pokkah Boeng,0.11028368771076202,Brown Spot,0.005009896121919155
TRACK_A_INTERNAL,Sugarcane,sugarcane_large,sugarcane_large,D:\CropDiseaseProject\sugarcane_large\Diseases\smut\Smut028.jpg,Smut,9,Smut,9,True,0.7158506512641907,0.7158506512641907,Pokkah Boeng,0.2760158181190491,Yellow Leaf Disease,0.003655241336673498
TRACK_A_INTERNAL,Sugarcane,sugarcane_large,sugarcane_large,D:\CropDiseaseProject\sugarcane_large\Diseases\smut\Smut118.jpg,Smut,9,Pokkah Boeng,5,False,0.5109387040138245,0.4884532690048218,Smut,0.4884532690048218,Mosaic / Viral Disease,0.0002742790093179792
TRACK_A_INTERNAL,Sugarcane,sugarcane_large,sugarcane_large,D:\CropDiseaseProject\sugarcane_large\Diseases\smut\Smut151.jpg,Smut,9,Smut,9,True,0.5416826009750366,0.5416826009750366,Yellow Leaf Disease,0.42393502593040466,Banded Chlorosis,0.023787206038832664
TRACK_A_INTERNAL,Sugarcane,sugarcane_large,sugarcane_large,D:\CropDiseaseProject\sugarcane_large\Diseases\smut\Smut126.jpg,Smut,9,Smut,9,True,0.6122375726699829,0.6122375726699829,Mosaic / Viral Disease,0.34305328130722046,Rust (Brown Rust),0.021560685709118843
TRACK_A_INTERNAL,Sugarcane,sugarcane_large,sugarcane_large,D:\CropDiseaseProject\sugarcane_large\Diseases\smut\Smut025.jpg,Smut,9,Smut,9,True,0.891495943069458,0.891495943069458,Pokkah Boeng,0.1066395491361618,Yellow Leaf Disease,0.0014086929149925709
TRACK_A_INTERNAL,Sugarcane,sugarcane_large,sugarcane_large,D:\CropDiseaseProject\sugarcane_large\Diseases\Yellow Leaf\Yellow Leaf1130.jpg,Yellow Leaf Disease,10,Yellow Leaf Disease,10,True,0.5292322635650635,0.5292322635650635,Brown Spot,0.23572184145450592,Rust (Brown Rust),0.16284790635108948
TRACK_A_INTERNAL,Sugarcane,sugarcane_large,sugarcane_large,D:\CropDiseaseProject\sugarcane_large\Diseases\Yellow Leaf\Yellow Leaf992.jpg,Yellow Leaf Disease,10,Mosaic / Viral Disease,4,False,0.7860691547393799,0.0388823077082634,Smut,0.053426388651132584,Rust (Brown Rust),0.04407332465052605
TRACK_A_INTERNAL,Sugarcane,sugarcane_large,sugarcane_large,D:\CropDiseaseProject\sugarcane_large\Diseases\Yellow Leaf\Yellow Leaf519.jpg,Yellow Leaf Disease,10,Yellow Leaf Disease,10,True,0.9501487612724304,0.9501487612724304,Mosaic / Viral Disease,0.01569780893623829,Brown Spot,0.014211980625987053
TRACK_A_INTERNAL,Sugarcane,sugarcane_large,sugarcane_large,D:\CropDiseaseProject\sugarcane_large\Diseases\Yellow Leaf\Yellow Leaf006.jpg,Yellow Leaf Disease,10,Yellow Leaf Disease,10,True,0.9913640022277832,0.9913640022277832,Smut,0.0028294394724071026,Brown Spot,0.0028272103518247604
TRACK_A_INTERNAL,Sugarcane,sugarcane_large,sugarcane_large,D:\CropDiseaseProject\sugarcane_large\Diseases\Yellow Leaf\Yellow Leaf738.jpg,Yellow Leaf Disease,10,Yellow Leaf Disease,10,True,0.9288095831871033,0.9288095831871033,Brown Spot,0.06986170262098312,Banded Chlorosis,0.0006072457181289792
TRACK_A_INTERNAL,Sugarcane,sugarcane_large,sugarcane_large,D:\CropDiseaseProject\sugarcane_large\Diseases\Yellow Leaf\Yellow Leaf942.jpg,Yellow Leaf Disease,10,Brown Spot,1,False,0.5824664235115051,0.4018205404281616,Yellow Leaf Disease,0.4018205404281616,Mosaic / Viral Disease,0.00894585158675909
TRACK_A_INTERNAL,Sugarcane,sugarcane_large,sugarcane_large,D:\CropDiseaseProject\sugarcane_large\Diseases\Yellow Leaf\Yellow Leaf927.jpg,Yellow Leaf Disease,10,Yellow Leaf Disease,10,True,0.5897925496101379,0.5897925496101379,Brown Spot,0.40214723348617554,Mosaic / Viral Disease,0.004208269063383341
TRACK_A_INTERNAL,Sugarcane,sugarcane_large,sugarcane_large,D:\CropDiseaseProject\sugarcane_large\Diseases\Yellow Leaf\Yellow Leaf1123.jpg,Yellow Leaf Disease,10,Rust (Brown Rust),7,False,0.454399973154068,0.2253853678703308,Yellow Leaf Disease,0.2253853678703308,Brown Spot,0.2040320634841919
TRACK_A_INTERNAL,Sugarcane,sugarcane_large,sugarcane_large,D:\CropDiseaseProject\sugarcane_large\Diseases\Yellow Leaf\Yellow Leaf813.jpg,Yellow Leaf Disease,10,Yellow Leaf Disease,10,True,0.998664379119873,0.998664379119873,Brown Spot,0.0012639056658372283,Red Rot,2.927062269009184e-05
TRACK_A_INTERNAL,Sugarcane,sugarcane_large,sugarcane_large,D:\CropDiseaseProject\sugarcane_large\Diseases\Yellow Leaf\Yellow Leaf867.jpg,Yellow Leaf Disease,10,Yellow Leaf Disease,10,True,0.6996715664863586,0.6996715664863586,Banded Chlorosis,0.23999041318893433,Rust (Brown Rust),0.022023269906640053
TRACK_A_INTERNAL,Sugarcane,sugarcane_large,sugarcane_large,D:\CropDiseaseProject\sugarcane_large\Diseases\Yellow Leaf\Yellow Leaf384.jpg,Yellow Leaf Disease,10,Yellow Leaf Disease,10,True,0.9872881174087524,0.9872881174087524,Brown Spot,0.012175519950687885,Banded Chlorosis,0.0001834548165788874
TRACK_A_INTERNAL,Sugarcane,sugarcane_large,sugarcane_large,D:\CropDiseaseProject\sugarcane_large\Diseases\Yellow Leaf\Yellow Leaf976.jpg,Yellow Leaf Disease,10,Yellow Leaf Disease,10,True,0.9764317274093628,0.9764317274093628,Banded Chlorosis,0.01581237092614174,Brown Spot,0.004815306514501572
TRACK_A_INTERNAL,Sugarcane,sugarcane_large,sugarcane_large,D:\CropDiseaseProject\sugarcane_large\Diseases\Yellow Leaf\Yellow Leaf1018.jpg,Yellow Leaf Disease,10,Yellow Leaf Disease,10,True,0.5874015092849731,0.5874015092849731,Rust (Brown Rust),0.3711349368095398,Brown Spot,0.016349297016859055
TRACK_A_INTERNAL,Sugarcane,sugarcane_large,sugarcane_large,D:\CropDiseaseProject\sugarcane_large\Diseases\Yellow Leaf\Yellow Leaf743.jpg,Yellow Leaf Disease,10,Yellow Leaf Disease,10,True,0.916623592376709,0.916623592376709,Brown Spot,0.08227647840976715,Rust (Brown Rust),0.000491945305839181
TRACK_A_INTERNAL,Sugarcane,sugarcane_large,sugarcane_large,D:\CropDiseaseProject\sugarcane_large\Diseases\Yellow Leaf\Yellow Leaf661.jpg,Yellow Leaf Disease,10,Yellow Leaf Disease,10,True,0.976902961730957,0.976902961730957,Brown Spot,0.016337959095835686,Banded Chlorosis,0.005122533533722162
TRACK_A_INTERNAL,Sugarcane,sugarcane_large,sugarcane_large,D:\CropDiseaseProject\sugarcane_large\Diseases\Yellow Leaf\Yellow Leaf915.jpg,Yellow Leaf Disease,10,Yellow Leaf Disease,10,True,0.9522780776023865,0.9522780776023865,Banded Chlorosis,0.02101021632552147,Brown Spot,0.015565946698188782
TRACK_A_INTERNAL,Sugarcane,sugarcane_large,sugarcane_large,D:\CropDiseaseProject\sugarcane_large\Diseases\Yellow Leaf\Yellow Leaf411.jpg,Yellow Leaf Disease,10,Yellow Leaf Disease,10,True,0.9919130802154541,0.9919130802154541,Healthy Leaves,0.003455049591138959,Brown Spot,0.0029291603714227676
TRACK_A_INTERNAL,Sugarcane,sugarcane_large,sugarcane_large,D:\CropDiseaseProject\sugarcane_large\Diseases\Yellow Leaf\Yellow Leaf786.jpg,Yellow Leaf Disease,10,Yellow Leaf Disease,10,True,0.9894746541976929,0.9894746541976929,Brown Spot,0.008394819684326649,Banded Chlorosis,0.0012970630777999759
TRACK_A_INTERNAL,Sugarcane,sugarcane_large,sugarcane_large,D:\CropDiseaseProject\sugarcane_large\Diseases\Yellow Leaf\Yellow Leaf013.jpg,Yellow Leaf Disease,10,Mosaic / Viral Disease,4,False,0.6608720421791077,0.20753468573093414,Yellow Leaf Disease,0.20753468573093414,Banded Chlorosis,0.06235148012638092
TRACK_A_INTERNAL,Sugarcane,sugarcane_large,sugarcane_large,D:\CropDiseaseProject\sugarcane_large\Diseases\Yellow Leaf\Yellow Leaf775.jpg,Yellow Leaf Disease,10,Yellow Leaf Disease,10,True,0.5325470566749573,0.5325470566749573,Brown Spot,0.16945959627628326,Rust (Brown Rust),0.14197611808776855
TRACK_A_INTERNAL,Sugarcane,sugarcane_large,sugarcane_large,D:\CropDiseaseProject\sugarcane_large\Diseases\Yellow Leaf\Yellow Leaf048.jpg,Yellow Leaf Disease,10,Yellow Leaf Disease,10,True,0.900134801864624,0.900134801864624,Brown Spot,0.07352142781019211,Banded Chlorosis,0.01912780851125717
TRACK_A_INTERNAL,Sugarcane,sugarcane_large,sugarcane_large,D:\CropDiseaseProject\sugarcane_large\Diseases\Yellow Leaf\Yellow Leaf1170.jpg,Yellow Leaf Disease,10,Yellow Leaf Disease,10,True,0.9242227673530579,0.9242227673530579,Sett Rot,0.04292578622698784,Healthy Leaves,0.014818613417446613
TRACK_A_INTERNAL,Sugarcane,sugarcane_large,sugarcane_large,D:\CropDiseaseProject\sugarcane_large\Diseases\Yellow Leaf\Yellow Leaf796.jpg,Yellow Leaf Disease,10,Yellow Leaf Disease,10,True,0.9939661622047424,0.9939661622047424,Brown Spot,0.004595903214067221,Smut,0.0007732007070444524
TRACK_A_INTERNAL,Sugarcane,sugarcane_large,sugarcane_large,D:\CropDiseaseProject\sugarcane_large\Diseases\Yellow Leaf\Yellow Leaf1129.jpg,Yellow Leaf Disease,10,Brown Spot,1,False,0.5612416863441467,0.03736743703484535,Red Rot,0.382080078125,Yellow Leaf Disease,0.03736743703484535
TRACK_A_INTERNAL,Sugarcane,sugarcane_large,sugarcane_large,D:\CropDiseaseProject\sugarcane_large\Diseases\Yellow Leaf\Yellow Leaf607.jpg,Yellow Leaf Disease,10,Yellow Leaf Disease,10,True,0.9671363234519958,0.9671363234519958,Banded Chlorosis,0.023630008101463318,Brown Spot,0.004512354731559753
TRACK_A_INTERNAL,Sugarcane,sugarcane_large,sugarcane_large,D:\CropDiseaseProject\sugarcane_large\Diseases\Yellow Leaf\Yellow Leaf1000.jpg,Yellow Leaf Disease,10,Mosaic / Viral Disease,4,False,0.42310386896133423,0.3966977298259735,Yellow Leaf Disease,0.3966977298259735,Rust (Brown Rust),0.07136982679367065
TRACK_A_INTERNAL,Sugarcane,sugarcane_large,sugarcane_large,D:\CropDiseaseProject\sugarcane_large\Diseases\Yellow Leaf\Yellow Leaf176.jpg,Yellow Leaf Disease,10,Yellow Leaf Disease,10,True,0.5342827439308167,0.5342827439308167,Brown Spot,0.4624914526939392,Smut,0.0012499706353992224
TRACK_A_INTERNAL,Sugarcane,sugarcane_large,sugarcane_large,D:\CropDiseaseProject\sugarcane_large\Diseases\Yellow Leaf\Yellow Leaf861.jpg,Yellow Leaf Disease,10,Yellow Leaf Disease,10,True,0.9637071490287781,0.9637071490287781,Banded Chlorosis,0.014655597507953644,Mosaic / Viral Disease,0.011467083357274532
TRACK_A_INTERNAL,Sugarcane,sugarcane_large,sugarcane_large,D:\CropDiseaseProject\sugarcane_large\Diseases\Yellow Leaf\Yellow Leaf896.jpg,Yellow Leaf Disease,10,Yellow Leaf Disease,10,True,0.8953429460525513,0.8953429460525513,Rust (Brown Rust),0.051108211278915405,Banded Chlorosis,0.024828430265188217
TRACK_A_INTERNAL,Sugarcane,sugarcane_large,sugarcane_large,D:\CropDiseaseProject\sugarcane_large\Diseases\Yellow Leaf\Yellow Leaf910.jpg,Yellow Leaf Disease,10,Yellow Leaf Disease,10,True,0.954165518283844,0.954165518283844,Brown Spot,0.02464647963643074,Banded Chlorosis,0.013596585020422935
