file_path,class_label,class_index
D:\CropDiseaseProject\sugarcane_maharashtra\Yellow\yellow (231).jpeg,Yellow Leaf Disease,10
D:\CropDiseaseProject\sugarcane_maharashtra\Healthy\healthy (443).jpeg,Healthy Leaves,3
D:\CropDiseaseProject\sugarcane_maharashtra\RedRot\redrot (452).jpeg,Red Rot,6
D:\CropDiseaseProject\sugarcane_maharashtra\RedRot\redrot (188).jpeg,Red Rot,6
D:\CropDiseaseProject\sugarcane_large\Diseases\Yellow Leaf\Yellow Leaf948.jpg,Yellow Leaf Disease,10
D:\CropDiseaseProject\sugarcane_large\Diseases\Brown Spot\image1209.jpg,Brown Spot,1
D:\CropDiseaseProject\sugarcane_maharashtra\Rust\rust (283).jpeg,Rust (Brown Rust),7
D:\CropDiseaseProject\sugarcane_large\Diseases\Yellow Leaf\Yellow Leaf295.jpg,Yellow Leaf Disease,10
D:\CropDiseaseProject\sugarcane_large\Diseases\Brown Spot\image079.jpg,Brown Spot,1
D:\CropDiseaseProject\sugarcane_large\Diseases\Banded Chlorosis\image219.jpg,Banded Chlorosis,0
D:\CropDiseaseProject\sugarcane_large\Diseases\Sett Rot\Sett Rot392.jpg,Sett Rot,8
D:\CropDiseaseProject\sugarcane_large\Diseases\Yellow Leaf\Yellow Leaf014.jpg,Yellow Leaf Disease,10
D:\CropDiseaseProject\sugarcane_large\Diseases\Sett Rot\Sett Rot559.jpg,Sett Rot,8
D:\CropDiseaseProject\sugarcane_large\Diseases\Viral Disease\Viral Disease654.jpg,Mosaic / Viral Disease,4
D:\CropDiseaseProject\sugarcane_large\Diseases\Viral Disease\Viral Disease430.jpg,Mosaic / Viral Disease,4
D:\CropDiseaseProject\sugarcane_maharashtra\Healthy\healthy (495).jpeg,Healthy Leaves,3
D:\CropDiseaseProject\sugarcane_large\Diseases\Brown Spot\image1159.jpg,Brown Spot,1
D:\CropDiseaseProject\sugarcane_maharashtra\RedRot\redrot (406).jpeg,Red Rot,6
D:\CropDiseaseProject\sugarcane_large\Diseases\Viral Disease\Viral Disease097.jpg,Mosaic / Viral Disease,4
D:\CropDiseaseProject\sugarcane_large\Diseases\Viral Disease\Viral Disease040.jpg,Mosaic / Viral Disease,4
D:\CropDiseaseProject\sugarcane_large\Healthy Leaves\image124.jpg,Healthy Leaves,3
D:\CropDiseaseProject\sugarcane_large\Diseases\Grassy shoot\image057.jpg,Grassy Shoot,2
D:\CropDiseaseProject\sugarcane_large\Diseases\Yellow Leaf\Yellow Leaf079.jpg,Yellow Leaf Disease,10
D:\CropDiseaseProject\sugarcane_large\Diseases\Yellow Leaf\Yellow Leaf612.jpg,Yellow Leaf Disease,10
D:\CropDiseaseProject\sugarcane_maharashtra\Yellow\yellow (242).jpeg,Yellow Leaf Disease,10
D:\CropDiseaseProject\sugarcane_large\Healthy Leaves\image158.jpg,Healthy Leaves,3
D:\CropDiseaseProject\sugarcane_maharashtra\RedRot\redrot (401).jpeg,Red Rot,6
D:\CropDiseaseProject\sugarcane_large\Diseases\Brown Spot\image812.jpg,Brown Spot,1
D:\CropDiseaseProject\sugarcane_large\Diseases\Grassy shoot\image215.jpg,Grassy Shoot,2
D:\CropDiseaseProject\sugarcane_large\Diseases\Brown Spot\image1435.jpg,Brown Spot,1
D:\CropDiseaseProject\sugarcane_maharashtra\Yellow\yellow (318).jpeg,Yellow Leaf Disease,10
D:\CropDiseaseProject\sugarcane_large\Diseases\Banded Chlorosis\image076.jpg,Banded Chlorosis,0
D:\CropDiseaseProject\sugarcane_large\Diseases\Brown Spot\image1528.jpg,Brown Spot,1
D:\CropDiseaseProject\sugarcane_maharashtra\RedRot\redrot (345).jpeg,Red Rot,6
D:\CropDiseaseProject\sugarcane_large\Diseases\Grassy shoot\image271.jpg,Grassy Shoot,2
D:\CropDiseaseProject\sugarcane_large\Diseases\Sett Rot\Sett Rot519.jpg,Sett Rot,8
D:\CropDiseaseProject\sugarcane_large\Diseases\BrownRust\image178.jpg,Rust (Brown Rust),7
D:\CropDiseaseProject\sugarcane_large\Diseases\Viral Disease\Viral Disease446.jpg,Mosaic / Viral Disease,4
D:\CropDiseaseProject\sugarcane_maharashtra\Healthy\healthy (391).jpeg,Healthy Leaves,3
D:\CropDiseaseProject\sugarcane_maharashtra\Rust\rust (299).jpeg,Rust (Brown Rust),7
D:\CropDiseaseProject\sugarcane_large\Diseases\Brown Spot\image636.jpg,Brown Spot,1
D:\CropDiseaseProject\sugarcane_large\Diseases\Grassy shoot\image260.jpg,Grassy Shoot,2
D:\CropDiseaseProject\sugarcane_large\Diseases\Sett Rot\Sett Rot037.jpg,Sett Rot,8
D:\CropDiseaseProject\sugarcane_large\Diseases\Sett Rot\Sett Rot159.jpg,Sett Rot,8
D:\CropDiseaseProject\sugarcane_large\Diseases\Brown Spot\image258.jpg,Brown Spot,1
D:\CropDiseaseProject\sugarcane_large\Diseases\Viral Disease\Viral Disease580.jpg,Mosaic / Viral Disease,4
D:\CropDiseaseProject\sugarcane_large\Diseases\Sett Rot\Sett Rot191.jpg,Sett Rot,8
D:\CropDiseaseProject\sugarcane_large\Diseases\Viral Disease\Viral Disease362.jpg,Mosaic / Viral Disease,4
D:\CropDiseaseProject\sugarcane_maharashtra\Mosaic\mosaic (270).jpeg,Mosaic / Viral Disease,4
D:\CropDiseaseProject\sugarcane_large\Diseases\Brown Spot\image349.jpg,Brown Spot,1
D:\CropDiseaseProject\sugarcane_large\Diseases\Viral Disease\Viral Disease267.jpg,Mosaic / Viral Disease,4
D:\CropDiseaseProject\sugarcane_maharashtra\Rust\rust (33).jpeg,Rust (Brown Rust),7
D:\CropDiseaseProject\sugarcane_maharashtra\Mosaic\mosaic (4).jpeg,Mosaic / Viral Disease,4
D:\CropDiseaseProject\sugarcane_large\Diseases\Banded Chlorosis\image043.jpg,Banded Chlorosis,0
D:\CropDiseaseProject\sugarcane_maharashtra\Healthy\healthy (7).jpeg,Healthy Leaves,3
D:\CropDiseaseProject\sugarcane_large\Diseases\Yellow Leaf\Yellow Leaf1149.jpg,Yellow Leaf Disease,10
D:\CropDiseaseProject\sugarcane_maharashtra\RedRot\redrot (56).jpeg,Red Rot,6
D:\CropDiseaseProject\sugarcane_large\Diseases\Sett Rot\Sett Rot448.jpg,Sett Rot,8
D:\CropDiseaseProject\sugarcane_large\Diseases\Yellow Leaf\Yellow Leaf1060.jpg,Yellow Leaf Disease,10
D:\CropDiseaseProject\sugarcane_large\Diseases\Yellow Leaf\Yellow Leaf426.jpg,Yellow Leaf Disease,10
D:\CropDiseaseProject\sugarcane_large\Diseases\Banded Chlorosis\image042.jpg,Banded Chlorosis,0
D:\CropDiseaseProject\sugarcane_large\Diseases\Viral Disease\Viral Disease347.jpg,Mosaic / Viral Disease,4
D:\CropDiseaseProject\sugarcane_large\Diseases\smut\Smut308.jpg,Smut,9
D:\CropDiseaseProject\sugarcane_large\Diseases\Brown Spot\image1715.jpg,Brown Spot,1
D:\CropDiseaseProject\sugarcane_large\Diseases\Brown Spot\image1064.jpg,Brown Spot,1
D:\CropDiseaseProject\sugarcane_large\Diseases\Grassy shoot\image246.jpg,Grassy Shoot,2
D:\CropDiseaseProject\sugarcane_large\Diseases\smut\Smut176.jpg,Smut,9
D:\CropDiseaseProject\sugarcane_maharashtra\Rust\rust (349).jpeg,Rust (Brown Rust),7
D:\CropDiseaseProject\sugarcane_large\Diseases\Pokkah Boeng\Pokkah Boeng014.jpg,Pokkah Boeng,5
D:\CropDiseaseProject\sugarcane_maharashtra\Rust\rust (104).jpeg,Rust (Brown Rust),7
D:\CropDiseaseProject\sugarcane_large\Diseases\Banded Chlorosis\image120.jpg,Banded Chlorosis,0
D:\CropDiseaseProject\sugarcane_maharashtra\RedRot\redrot (85).jpeg,Red Rot,6
D:\CropDiseaseProject\sugarcane_large\Diseases\Brown Spot\image1099.jpg,Brown Spot,1
D:\CropDiseaseProject\sugarcane_large\Diseases\Brown Spot\image167.jpg,Brown Spot,1
D:\CropDiseaseProject\sugarcane_large\Diseases\Sett Rot\Sett Rot040.jpg,Sett Rot,8
D:\CropDiseaseProject\sugarcane_large\Healthy Leaves\image326.jpg,Healthy Leaves,3
D:\CropDiseaseProject\sugarcane_large\Diseases\Sett Rot\Sett Rot449.jpg,Sett Rot,8
D:\CropDiseaseProject\sugarcane_maharashtra\Rust\rust (81).jpeg,Rust (Brown Rust),7
D:\CropDiseaseProject\sugarcane_large\Diseases\Pokkah Boeng\Pokkah Boeng106.jpg,Pokkah Boeng,5
D:\CropDiseaseProject\sugarcane_maharashtra\RedRot\redrot (115).jpeg,Red Rot,6
D:\CropDiseaseProject\sugarcane_large\Diseases\Brown Spot\image1028.jpg,Brown Spot,1
D:\CropDiseaseProject\sugarcane_maharashtra\Rust\rust (460).jpeg,Rust (Brown Rust),7
D:\CropDiseaseProject\sugarcane_large\Diseases\Sett Rot\Sett Rot482.jpg,Sett Rot,8
D:\CropDiseaseProject\sugarcane_maharashtra\Rust\rust (225).jpeg,Rust (Brown Rust),7
D:\CropDiseaseProject\sugarcane_large\Diseases\Sett Rot\Sett Rot410.jpg,Sett Rot,8
D:\CropDiseaseProject\sugarcane_large\Diseases\Viral Disease\Viral Disease461.jpg,Mosaic / Viral Disease,4
D:\CropDiseaseProject\sugarcane_large\Diseases\Viral Disease\Viral Disease531.jpg,Mosaic / Viral Disease,4
D:\CropDiseaseProject\sugarcane_large\Diseases\Yellow Leaf\Yellow Leaf950.jpg,Yellow Leaf Disease,10
D:\CropDiseaseProject\sugarcane_large\Diseases\Viral Disease\Viral Disease612.jpg,Mosaic / Viral Disease,4
D:\CropDiseaseProject\sugarcane_large\Diseases\BrownRust\image091.jpg,Rust (Brown Rust),7
D:\CropDiseaseProject\sugarcane_maharashtra\Healthy\healthy (202).jpeg,Healthy Leaves,3
D:\CropDiseaseProject\sugarcane_maharashtra\RedRot\redrot (279).jpeg,Red Rot,6
D:\CropDiseaseProject\sugarcane_maharashtra\Rust\rust (194).jpeg,Rust (Brown Rust),7
D:\CropDiseaseProject\sugarcane_large\Diseases\Sett Rot\Sett Rot457.jpg,Sett Rot,8
D:\CropDiseaseProject\sugarcane_maharashtra\Mosaic\mosaic (394).jpeg,Mosaic / Viral Disease,4
D:\CropDiseaseProject\sugarcane_large\Diseases\Brown Spot\image687.jpg,Brown Spot,1
D:\CropDiseaseProject\sugarcane_maharashtra\Healthy\healthy (390).jpeg,Healthy Leaves,3
D:\CropDiseaseProject\sugarcane_large\Diseases\Brown Spot\image1010.jpg,Brown Spot,1
D:\CropDiseaseProject\sugarcane_large\Diseases\Banded Chlorosis\image354.jpg,Banded Chlorosis,0
D:\CropDiseaseProject\sugarcane_large\Diseases\Banded Chlorosis\image159.jpg,Banded Chlorosis,0
D:\CropDiseaseProject\sugarcane_large\Diseases\Grassy shoot\image096.jpg,Grassy Shoot,2
D:\CropDiseaseProject\sugarcane_large\Diseases\Viral Disease\Viral Disease035.jpg,Mosaic / Viral Disease,4
D:\CropDiseaseProject\sugarcane_large\Diseases\Pokkah Boeng\Pokkah Boeng072.jpg,Pokkah Boeng,5
D:\CropDiseaseProject\sugarcane_large\Diseases\Grassy shoot\image188.jpg,Grassy Shoot,2
D:\CropDiseaseProject\sugarcane_large\Diseases\Brown Spot\image307.jpg,Brown Spot,1
D:\CropDiseaseProject\sugarcane_maharashtra\Rust\rust (371).jpeg,Rust (Brown Rust),7
D:\CropDiseaseProject\sugarcane_large\Diseases\Viral Disease\Viral Disease550.jpg,Mosaic / Viral Disease,4
D:\CropDiseaseProject\sugarcane_large\Diseases\Yellow Leaf\Yellow Leaf724.jpg,Yellow Leaf Disease,10
D:\CropDiseaseProject\sugarcane_maharashtra\Yellow\yellow (273).jpeg,Yellow Leaf Disease,10
D:\CropDiseaseProject\sugarcane_large\Diseases\Brown Spot\image779.jpg,Brown Spot,1
D:\CropDiseaseProject\sugarcane_maharashtra\Rust\rust (260).jpeg,Rust (Brown Rust),7
D:\CropDiseaseProject\sugarcane_large\Diseases\Sett Rot\Sett Rot535.jpg,Sett Rot,8
D:\CropDiseaseProject\sugarcane_maharashtra\Yellow\yellow (480).jpeg,Yellow Leaf Disease,10
D:\CropDiseaseProject\sugarcane_maharashtra\Mosaic\mosaic (288).jpeg,Mosaic / Viral Disease,4
D:\CropDiseaseProject\sugarcane_large\Diseases\Yellow Leaf\Yellow Leaf760.jpg,Yellow Leaf Disease,10
D:\CropDiseaseProject\sugarcane_large\Diseases\Brown Spot\image561.jpg,Brown Spot,1
D:\CropDiseaseProject\sugarcane_large\Diseases\Brown Spot\image013.jpg,Brown Spot,1
D:\CropDiseaseProject\sugarcane_large\Diseases\Brown Spot\image1070.jpg,Brown Spot,1
D:\CropDiseaseProject\sugarcane_large\Healthy Leaves\image376.jpg,Healthy Leaves,3
D:\CropDiseaseProject\sugarcane_large\Diseases\Brown Spot\image364.jpg,Brown Spot,1
D:\CropDiseaseProject\sugarcane_large\Diseases\BrownRust\image086.jpg,Rust (Brown Rust),7
D:\CropDiseaseProject\sugarcane_maharashtra\RedRot\redrot (350).jpeg,Red Rot,6
D:\CropDiseaseProject\sugarcane_large\Diseases\Yellow Leaf\Yellow Leaf1012.jpg,Yellow Leaf Disease,10
D:\CropDiseaseProject\sugarcane_maharashtra\RedRot\redrot (6).jpeg,Red Rot,6
D:\CropDiseaseProject\sugarcane_large\Diseases\Grassy shoot\image230.jpg,Grassy Shoot,2
D:\CropDiseaseProject\sugarcane_large\Diseases\Yellow Leaf\Yellow Leaf334.jpg,Yellow Leaf Disease,10
D:\CropDiseaseProject\sugarcane_large\Diseases\Brown Spot\image1465.jpg,Brown Spot,1
D:\CropDiseaseProject\sugarcane_large\Diseases\Viral Disease\Viral Disease373.jpg,Mosaic / Viral Disease,4
D:\CropDiseaseProject\sugarcane_large\Healthy Leaves\image338.jpg,Healthy Leaves,3
D:\CropDiseaseProject\sugarcane_large\Healthy Leaves\image110.jpg,Healthy Leaves,3
D:\CropDiseaseProject\sugarcane_large\Diseases\Yellow Leaf\Yellow Leaf1022.jpg,Yellow Leaf Disease,10
D:\CropDiseaseProject\sugarcane_large\Diseases\Viral Disease\Viral Disease459.jpg,Mosaic / Viral Disease,4
D:\CropDiseaseProject\sugarcane_maharashtra\Healthy\healthy (175).jpeg,Healthy Leaves,3
D:\CropDiseaseProject\sugarcane_large\Diseases\Viral Disease\Viral Disease334.jpg,Mosaic / Viral Disease,4
D:\CropDiseaseProject\sugarcane_large\Diseases\smut\Smut091.jpg,Smut,9
D:\CropDiseaseProject\sugarcane_maharashtra\Yellow\yellow (235).jpeg,Yellow Leaf Disease,10
D:\CropDiseaseProject\sugarcane_large\Diseases\Brown Spot\image542.jpg,Brown Spot,1
D:\CropDiseaseProject\sugarcane_large\Diseases\Brown Spot\image741.jpg,Brown Spot,1
D:\CropDiseaseProject\sugarcane_large\Diseases\Brown Spot\image1380.jpg,Brown Spot,1
D:\CropDiseaseProject\sugarcane_large\Diseases\Brown Spot\image896.jpg,Brown Spot,1
D:\CropDiseaseProject\sugarcane_large\Diseases\Pokkah Boeng\Pokkah Boeng032.jpg,Pokkah Boeng,5
D:\CropDiseaseProject\sugarcane_large\Diseases\Banded Chlorosis\image126.jpg,Banded Chlorosis,0
D:\CropDiseaseProject\sugarcane_maharashtra\Healthy\healthy (361).jpeg,Healthy Leaves,3
D:\CropDiseaseProject\sugarcane_large\Diseases\Yellow Leaf\Yellow Leaf376.jpg,Yellow Leaf Disease,10
D:\CropDiseaseProject\sugarcane_large\Diseases\Viral Disease\Viral Disease594.jpg,Mosaic / Viral Disease,4
D:\CropDiseaseProject\sugarcane_maharashtra\Mosaic\mosaic (99).jpeg,Mosaic / Viral Disease,4
D:\CropDiseaseProject\sugarcane_large\Diseases\Yellow Leaf\Yellow Leaf323.jpg,Yellow Leaf Disease,10
D:\CropDiseaseProject\sugarcane_large\Diseases\Yellow Leaf\Yellow Leaf486.jpg,Yellow Leaf Disease,10
D:\CropDiseaseProject\sugarcane_large\Healthy Leaves\image064.jpg,Healthy Leaves,3
D:\CropDiseaseProject\sugarcane_maharashtra\RedRot\redrot (143).jpeg,Red Rot,6
D:\CropDiseaseProject\sugarcane_large\Diseases\Banded Chlorosis\image400.jpg,Banded Chlorosis,0
D:\CropDiseaseProject\sugarcane_large\Diseases\Sett Rot\Sett Rot195.jpg,Sett Rot,8
D:\CropDiseaseProject\sugarcane_maharashtra\Mosaic\mosaic (222).jpeg,Mosaic / Viral Disease,4
D:\CropDiseaseProject\sugarcane_large\Diseases\Yellow Leaf\Yellow Leaf778.jpg,Yellow Leaf Disease,10
D:\CropDiseaseProject\sugarcane_large\Diseases\BrownRust\image265.jpg,Rust (Brown Rust),7
D:\CropDiseaseProject\sugarcane_maharashtra\Healthy\healthy (442).jpeg,Healthy Leaves,3
D:\CropDiseaseProject\sugarcane_large\Diseases\BrownRust\image248.jpg,Rust (Brown Rust),7
D:\CropDiseaseProject\sugarcane_maharashtra\RedRot\redrot (52).jpeg,Red Rot,6
D:\CropDiseaseProject\sugarcane_large\Diseases\Sett Rot\Sett Rot551.jpg,Sett Rot,8
D:\CropDiseaseProject\sugarcane_large\Diseases\smut\Smut185.jpg,Smut,9
D:\CropDiseaseProject\sugarcane_large\Diseases\Viral Disease\Viral Disease278.jpg,Mosaic / Viral Disease,4
D:\CropDiseaseProject\sugarcane_large\Diseases\Yellow Leaf\Yellow Leaf808.jpg,Yellow Leaf Disease,10
D:\CropDiseaseProject\sugarcane_large\Diseases\Brown Spot\image181.jpg,Brown Spot,1
D:\CropDiseaseProject\sugarcane_maharashtra\Rust\rust (62).jpeg,Rust (Brown Rust),7
D:\CropDiseaseProject\sugarcane_large\Diseases\BrownRust\image022.jpg,Rust (Brown Rust),7
D:\CropDiseaseProject\sugarcane_large\Diseases\BrownRust\image299.jpg,Rust (Brown Rust),7
D:\CropDiseaseProject\sugarcane_large\Diseases\Brown Spot\image889.jpg,Brown Spot,1
D:\CropDiseaseProject\sugarcane_large\Healthy Leaves\image139.jpg,Healthy Leaves,3
D:\CropDiseaseProject\sugarcane_maharashtra\RedRot\redrot (471).jpeg,Red Rot,6
D:\CropDiseaseProject\sugarcane_large\Diseases\Pokkah Boeng\Pokkah Boeng246.jpg,Pokkah Boeng,5
D:\CropDiseaseProject\sugarcane_large\Diseases\BrownRust\image159.jpg,Rust (Brown Rust),7
D:\CropDiseaseProject\sugarcane_large\Diseases\Banded Chlorosis\image057.jpg,Banded Chlorosis,0
D:\CropDiseaseProject\sugarcane_large\Diseases\Brown Spot\image219.jpg,Brown Spot,1
D:\CropDiseaseProject\sugarcane_large\Diseases\Viral Disease\Viral Disease660.jpg,Mosaic / Viral Disease,4
D:\CropDiseaseProject\sugarcane_large\Diseases\Grassy shoot\image341.jpg,Grassy Shoot,2
D:\CropDiseaseProject\sugarcane_large\Diseases\Brown Spot\image722.jpg,Brown Spot,1
D:\CropDiseaseProject\sugarcane_large\Healthy Leaves\image272.jpg,Healthy Leaves,3
D:\CropDiseaseProject\sugarcane_large\Healthy Leaves\image067.jpg,Healthy Leaves,3
D:\CropDiseaseProject\sugarcane_maharashtra\Yellow\yellow (20).jpeg,Yellow Leaf Disease,10
D:\CropDiseaseProject\sugarcane_maharashtra\RedRot\redrot (116).jpeg,Red Rot,6
D:\CropDiseaseProject\sugarcane_maharashtra\Healthy\healthy (183).jpeg,Healthy Leaves,3
D:\CropDiseaseProject\sugarcane_large\Diseases\Pokkah Boeng\Pokkah Boeng180.jpg,Pokkah Boeng,5
D:\CropDiseaseProject\sugarcane_large\Diseases\Sett Rot\Sett Rot526.jpg,Sett Rot,8
D:\CropDiseaseProject\sugarcane_large\Diseases\Yellow Leaf\Yellow Leaf288.jpg,Yellow Leaf Disease,10
D:\CropDiseaseProject\sugarcane_large\Diseases\Brown Spot\image122.jpg,Brown Spot,1
D:\CropDiseaseProject\sugarcane_large\Diseases\BrownRust\image207.jpg,Rust (Brown Rust),7
D:\CropDiseaseProject\sugarcane_large\Diseases\Grassy shoot\image044.jpg,Grassy Shoot,2
D:\CropDiseaseProject\sugarcane_large\Diseases\Yellow Leaf\Yellow Leaf497.jpg,Yellow Leaf Disease,10
D:\CropDiseaseProject\sugarcane_large\Diseases\Brown Spot\image816.jpg,Brown Spot,1
D:\CropDiseaseProject\sugarcane_large\Healthy Leaves\image407.jpg,Healthy Leaves,3
D:\CropDiseaseProject\sugarcane_maharashtra\Yellow\yellow (263).jpeg,Yellow Leaf Disease,10
D:\CropDiseaseProject\sugarcane_large\Diseases\Grassy shoot\image084.jpg,Grassy Shoot,2
D:\CropDiseaseProject\sugarcane_large\Diseases\Viral Disease\Viral Disease034.jpg,Mosaic / Viral Disease,4
D:\CropDiseaseProject\sugarcane_maharashtra\Mosaic\mosaic (312).jpeg,Mosaic / Viral Disease,4
D:\CropDiseaseProject\sugarcane_maharashtra\Rust\rust (347).jpeg,Rust (Brown Rust),7
D:\CropDiseaseProject\sugarcane_maharashtra\Yellow\yellow (21).jpeg,Yellow Leaf Disease,10
D:\CropDiseaseProject\sugarcane_large\Diseases\Banded Chlorosis\image366.jpg,Banded Chlorosis,0
D:\CropDiseaseProject\sugarcane_maharashtra\Healthy\healthy (450).jpeg,Healthy Leaves,3
D:\CropDiseaseProject\sugarcane_large\Diseases\Sett Rot\Sett Rot238.jpg,Sett Rot,8
D:\CropDiseaseProject\sugarcane_maharashtra\Healthy\healthy (133).jpeg,Healthy Leaves,3
D:\CropDiseaseProject\sugarcane_large\Diseases\Brown Spot\image220.jpg,Brown Spot,1
D:\CropDiseaseProject\sugarcane_large\Diseases\Yellow Leaf\Yellow Leaf509.jpg,Yellow Leaf Disease,10
D:\CropDiseaseProject\sugarcane_large\Diseases\Yellow Leaf\Yellow Leaf1172.jpg,Yellow Leaf Disease,10
D:\CropDiseaseProject\sugarcane_maharashtra\Rust\rust (142).jpeg,Rust (Brown Rust),7
D:\CropDiseaseProject\sugarcane_maharashtra\Yellow\yellow (445).jpeg,Yellow Leaf Disease,10
D:\CropDiseaseProject\sugarcane_maharashtra\Rust\rust (119).jpeg,Rust (Brown Rust),7
D:\CropDiseaseProject\sugarcane_large\Diseases\Yellow Leaf\Yellow Leaf866.jpg,Yellow Leaf Disease,10
D:\CropDiseaseProject\sugarcane_large\Diseases\Sett Rot\Sett Rot587.jpg,Sett Rot,8
D:\CropDiseaseProject\sugarcane_maharashtra\Healthy\healthy (47).jpeg,Healthy Leaves,3
D:\CropDiseaseProject\sugarcane_large\Diseases\Viral Disease\Viral Disease182.jpg,Mosaic / Viral Disease,4
D:\CropDiseaseProject\sugarcane_maharashtra\Healthy\healthy (130).jpeg,Healthy Leaves,3
D:\CropDiseaseProject\sugarcane_large\Diseases\Yellow Leaf\Yellow Leaf858.jpg,Yellow Leaf Disease,10
D:\CropDiseaseProject\sugarcane_large\Healthy Leaves\image300.jpg,Healthy Leaves,3
D:\CropDiseaseProject\sugarcane_large\Diseases\Viral Disease\Viral Disease060.jpg,Mosaic / Viral Disease,4
D:\CropDiseaseProject\sugarcane_large\Diseases\smut\Smut024.jpg,Smut,9
D:\CropDiseaseProject\sugarcane_large\Diseases\Yellow Leaf\Yellow Leaf067.jpg,Yellow Leaf Disease,10
D:\CropDiseaseProject\sugarcane_large\Diseases\Grassy shoot\image323.jpg,Grassy Shoot,2
D:\CropDiseaseProject\sugarcane_large\Diseases\smut\Smut234.jpg,Smut,9
D:\CropDiseaseProject\sugarcane_large\Diseases\Banded Chlorosis\image086.jpg,Banded Chlorosis,0
D:\CropDiseaseProject\sugarcane_maharashtra\RedRot\redrot (324).jpeg,Red Rot,6
D:\CropDiseaseProject\sugarcane_large\Healthy Leaves\image205.jpg,Healthy Leaves,3
D:\CropDiseaseProject\sugarcane_maharashtra\Healthy\healthy (230).jpeg,Healthy Leaves,3
D:\CropDiseaseProject\sugarcane_large\Diseases\Brown Spot\image1403.jpg,Brown Spot,1
D:\CropDiseaseProject\sugarcane_large\Diseases\Yellow Leaf\Yellow Leaf347.jpg,Yellow Leaf Disease,10
D:\CropDiseaseProject\sugarcane_maharashtra\Mosaic\mosaic (285).jpeg,Mosaic / Viral Disease,4
D:\CropDiseaseProject\sugarcane_large\Diseases\Pokkah Boeng\Pokkah Boeng112.jpg,Pokkah Boeng,5
D:\CropDiseaseProject\sugarcane_large\Diseases\Brown Spot\image589.jpg,Brown Spot,1
D:\CropDiseaseProject\sugarcane_large\Diseases\Brown Spot\image229.jpg,Brown Spot,1
D:\CropDiseaseProject\sugarcane_large\Diseases\Yellow Leaf\Yellow Leaf1126.jpg,Yellow Leaf Disease,10
D:\CropDiseaseProject\sugarcane_maharashtra\Yellow\yellow (442).jpeg,Yellow Leaf Disease,10
D:\CropDiseaseProject\sugarcane_large\Diseases\Grassy shoot\image125.jpg,Grassy Shoot,2
D:\CropDiseaseProject\sugarcane_large\Diseases\Sett Rot\Sett Rot099.jpg,Sett Rot,8
D:\CropDiseaseProject\sugarcane_large\Healthy Leaves\image374.jpg,Healthy Leaves,3
D:\CropDiseaseProject\sugarcane_large\Diseases\Brown Spot\image817.jpg,Brown Spot,1
D:\CropDiseaseProject\sugarcane_maharashtra\Yellow\yellow (416).jpeg,Yellow Leaf Disease,10
D:\CropDiseaseProject\sugarcane_maharashtra\Rust\rust (177).jpeg,Rust (Brown Rust),7
D:\CropDiseaseProject\sugarcane_maharashtra\Yellow\yellow (16).jpeg,Yellow Leaf Disease,10
D:\CropDiseaseProject\sugarcane_large\Diseases\Viral Disease\Viral Disease191.jpg,Mosaic / Viral Disease,4
D:\CropDiseaseProject\sugarcane_maharashtra\Healthy\healthy (119).jpeg,Healthy Leaves,3
D:\CropDiseaseProject\sugarcane_large\Diseases\Brown Spot\image1244.jpg,Brown Spot,1
D:\CropDiseaseProject\sugarcane_large\Diseases\Viral Disease\Viral Disease241.jpg,Mosaic / Viral Disease,4
D:\CropDiseaseProject\sugarcane_large\Diseases\Brown Spot\image472.jpg,Brown Spot,1
D:\CropDiseaseProject\sugarcane_maharashtra\Rust\rust (276).jpeg,Rust (Brown Rust),7
D:\CropDiseaseProject\sugarcane_large\Diseases\Viral Disease\Viral Disease624.jpg,Mosaic / Viral Disease,4
D:\CropDiseaseProject\sugarcane_maharashtra\Healthy\healthy (520).jpeg,Healthy Leaves,3
D:\CropDiseaseProject\sugarcane_large\Diseases\Banded Chlorosis\image203.jpg,Banded Chlorosis,0
D:\CropDiseaseProject\sugarcane_large\Healthy Leaves\image352.jpg,Healthy Leaves,3
D:\CropDiseaseProject\sugarcane_maharashtra\Rust\rust (284).jpeg,Rust (Brown Rust),7
D:\CropDiseaseProject\sugarcane_large\Diseases\Yellow Leaf\Yellow Leaf365.jpg,Yellow Leaf Disease,10
D:\CropDiseaseProject\sugarcane_large\Diseases\Brown Spot\image151.jpg,Brown Spot,1
D:\CropDiseaseProject\sugarcane_maharashtra\Healthy\healthy (447).jpeg,Healthy Leaves,3
D:\CropDiseaseProject\sugarcane_large\Healthy Leaves\image018.jpg,Healthy Leaves,3
D:\CropDiseaseProject\sugarcane_large\Diseases\Brown Spot\image832.jpg,Brown Spot,1
D:\CropDiseaseProject\sugarcane_large\Diseases\Sett Rot\Sett Rot262.jpg,Sett Rot,8
D:\CropDiseaseProject\sugarcane_large\Diseases\Sett Rot\Sett Rot190.jpg,Sett Rot,8
D:\CropDiseaseProject\sugarcane_large\Diseases\Brown Spot\image614.jpg,Brown Spot,1
D:\CropDiseaseProject\sugarcane_maharashtra\Yellow\yellow (262).jpeg,Yellow Leaf Disease,10
D:\CropDiseaseProject\sugarcane_large\Diseases\Yellow Leaf\Yellow Leaf1187.jpg,Yellow Leaf Disease,10
D:\CropDiseaseProject\sugarcane_large\Diseases\smut\Smut010.jpg,Smut,9
D:\CropDiseaseProject\sugarcane_large\Diseases\Sett Rot\Sett Rot395.jpg,Sett Rot,8
D:\CropDiseaseProject\sugarcane_large\Diseases\Yellow Leaf\Yellow Leaf027.jpg,Yellow Leaf Disease,10
D:\CropDiseaseProject\sugarcane_large\Diseases\Brown Spot\image831.jpg,Brown Spot,1
D:\CropDiseaseProject\sugarcane_large\Diseases\Pokkah Boeng\Pokkah Boeng164.jpg,Pokkah Boeng,5
D:\CropDiseaseProject\sugarcane_large\Diseases\Viral Disease\Viral Disease406.jpg,Mosaic / Viral Disease,4
D:\CropDiseaseProject\sugarcane_large\Diseases\Brown Spot\image1097.jpg,Brown Spot,1
D:\CropDiseaseProject\sugarcane_maharashtra\Rust\rust (474).jpeg,Rust (Brown Rust),7
D:\CropDiseaseProject\sugarcane_large\Healthy Leaves\image080.jpg,Healthy Leaves,3
D:\CropDiseaseProject\sugarcane_large\Healthy Leaves\image245.jpg,Healthy Leaves,3
D:\CropDiseaseProject\sugarcane_maharashtra\Rust\rust (182).jpeg,Rust (Brown Rust),7
D:\CropDiseaseProject\sugarcane_large\Diseases\Sett Rot\Sett Rot578.jpg,Sett Rot,8
D:\CropDiseaseProject\sugarcane_maharashtra\Healthy\healthy (31).jpeg,Healthy Leaves,3
D:\CropDiseaseProject\sugarcane_maharashtra\Healthy\healthy (125).jpeg,Healthy Leaves,3
D:\CropDiseaseProject\sugarcane_large\Diseases\Pokkah Boeng\Pokkah Boeng020.jpg,Pokkah Boeng,5
D:\CropDiseaseProject\sugarcane_large\Diseases\smut\Smut298.jpg,Smut,9
D:\CropDiseaseProject\sugarcane_large\Diseases\Sett Rot\Sett Rot639.jpg,Sett Rot,8
D:\CropDiseaseProject\sugarcane_maharashtra\RedRot\redrot (32).jpeg,Red Rot,6
D:\CropDiseaseProject\sugarcane_maharashtra\Rust\rust (114).jpeg,Rust (Brown Rust),7
D:\CropDiseaseProject\sugarcane_large\Diseases\Brown Spot\image287.jpg,Brown Spot,1
D:\CropDiseaseProject\sugarcane_large\Diseases\Yellow Leaf\Yellow Leaf828.jpg,Yellow Leaf Disease,10
D:\CropDiseaseProject\sugarcane_maharashtra\Healthy\healthy (193).jpeg,Healthy Leaves,3
D:\CropDiseaseProject\sugarcane_large\Diseases\Brown Spot\image1427.jpg,Brown Spot,1
D:\CropDiseaseProject\sugarcane_maharashtra\Rust\rust (447).jpeg,Rust (Brown Rust),7
D:\CropDiseaseProject\sugarcane_large\Diseases\Yellow Leaf\Yellow Leaf644.jpg,Yellow Leaf Disease,10
D:\CropDiseaseProject\sugarcane_large\Diseases\Viral Disease\Viral Disease080.jpg,Mosaic / Viral Disease,4
D:\CropDiseaseProject\sugarcane_large\Diseases\Yellow Leaf\Yellow Leaf1052.jpg,Yellow Leaf Disease,10
D:\CropDiseaseProject\sugarcane_maharashtra\Yellow\yellow (267).jpeg,Yellow Leaf Disease,10
D:\CropDiseaseProject\sugarcane_large\Diseases\Yellow Leaf\Yellow Leaf146.jpg,Yellow Leaf Disease,10
D:\CropDiseaseProject\sugarcane_large\Diseases\Yellow Leaf\Yellow Leaf230.jpg,Yellow Leaf Disease,10
D:\CropDiseaseProject\sugarcane_large\Diseases\smut\Smut062.jpg,Smut,9
D:\CropDiseaseProject\sugarcane_large\Diseases\Yellow Leaf\Yellow Leaf514.jpg,Yellow Leaf Disease,10
D:\CropDiseaseProject\sugarcane_large\Diseases\Brown Spot\image823.jpg,Brown Spot,1
D:\CropDiseaseProject\sugarcane_large\Diseases\smut\Smut271.jpg,Smut,9
D:\CropDiseaseProject\sugarcane_maharashtra\Yellow\yellow (23).jpeg,Yellow Leaf Disease,10
D:\CropDiseaseProject\sugarcane_large\Diseases\Brown Spot\image024.jpg,Brown Spot,1
D:\CropDiseaseProject\sugarcane_large\Diseases\Brown Spot\image1056.jpg,Brown Spot,1
D:\CropDiseaseProject\sugarcane_large\Diseases\Brown Spot\image1351.jpg,Brown Spot,1
D:\CropDiseaseProject\sugarcane_maharashtra\Healthy\healthy (379).jpeg,Healthy Leaves,3
D:\CropDiseaseProject\sugarcane_maharashtra\Rust\rust (384).jpeg,Rust (Brown Rust),7
D:\CropDiseaseProject\sugarcane_large\Diseases\BrownRust\image270.jpg,Rust (Brown Rust),7
D:\CropDiseaseProject\sugarcane_large\Diseases\Pokkah Boeng\Pokkah Boeng137.jpg,Pokkah Boeng,5
D:\CropDiseaseProject\sugarcane_large\Diseases\Grassy shoot\image146.jpg,Grassy Shoot,2
D:\CropDiseaseProject\sugarcane_maharashtra\RedRot\redrot (516).jpeg,Red Rot,6
D:\CropDiseaseProject\sugarcane_large\Diseases\Brown Spot\image1267.jpg,Brown Spot,1
D:\CropDiseaseProject\sugarcane_large\Diseases\Yellow Leaf\Yellow Leaf791.jpg,Yellow Leaf Disease,10
D:\CropDiseaseProject\sugarcane_large\Diseases\smut\Smut243.jpg,Smut,9
D:\CropDiseaseProject\sugarcane_large\Diseases\BrownRust\image252.jpg,Rust (Brown Rust),7
D:\CropDiseaseProject\sugarcane_large\Diseases\Sett Rot\Sett Rot176.jpg,Sett Rot,8
D:\CropDiseaseProject\sugarcane_large\Diseases\Yellow Leaf\Yellow Leaf662.jpg,Yellow Leaf Disease,10
D:\CropDiseaseProject\sugarcane_large\Diseases\Sett Rot\Sett Rot371.jpg,Sett Rot,8
D:\CropDiseaseProject\sugarcane_large\Healthy Leaves\image051.jpg,Healthy Leaves,3
D:\CropDiseaseProject\sugarcane_maharashtra\Rust\rust (466).jpeg,Rust (Brown Rust),7
D:\CropDiseaseProject\sugarcane_large\Diseases\Sett Rot\Sett Rot443.jpg,Sett Rot,8
D:\CropDiseaseProject\sugarcane_large\Diseases\Viral Disease\Viral Disease286.jpg,Mosaic / Viral Disease,4
D:\CropDiseaseProject\sugarcane_maharashtra\Yellow\yellow (338).jpeg,Yellow Leaf Disease,10
D:\CropDiseaseProject\sugarcane_maharashtra\Mosaic\mosaic (309).jpeg,Mosaic / Viral Disease,4
D:\CropDiseaseProject\sugarcane_large\Diseases\Viral Disease\Viral Disease515.jpg,Mosaic / Viral Disease,4
D:\CropDiseaseProject\sugarcane_maharashtra\Mosaic\mosaic (421).jpeg,Mosaic / Viral Disease,4
D:\CropDiseaseProject\sugarcane_large\Diseases\BrownRust\image280.jpg,Rust (Brown Rust),7
D:\CropDiseaseProject\sugarcane_large\Diseases\Viral Disease\Viral Disease118.jpg,Mosaic / Viral Disease,4
D:\CropDiseaseProject\sugarcane_large\Diseases\Pokkah Boeng\Pokkah Boeng035.jpg,Pokkah Boeng,5
D:\CropDiseaseProject\sugarcane_maharashtra\Healthy\healthy (198).jpeg,Healthy Leaves,3
D:\CropDiseaseProject\sugarcane_maharashtra\Healthy\healthy (360).jpeg,Healthy Leaves,3
D:\CropDiseaseProject\sugarcane_maharashtra\Yellow\yellow (438).jpeg,Yellow Leaf Disease,10
D:\CropDiseaseProject\sugarcane_large\Diseases\Brown Spot\image268.jpg,Brown Spot,1
D:\CropDiseaseProject\sugarcane_large\Diseases\Viral Disease\Viral Disease506.jpg,Mosaic / Viral Disease,4
D:\CropDiseaseProject\sugarcane_maharashtra\Yellow\yellow (139).jpeg,Yellow Leaf Disease,10
D:\CropDiseaseProject\sugarcane_maharashtra\Healthy\healthy (355).jpeg,Healthy Leaves,3
D:\CropDiseaseProject\sugarcane_maharashtra\Mosaic\mosaic (419).jpeg,Mosaic / Viral Disease,4
D:\CropDiseaseProject\sugarcane_large\Diseases\Viral Disease\Viral Disease195.jpg,Mosaic / Viral Disease,4
D:\CropDiseaseProject\sugarcane_maharashtra\Healthy\healthy (248).jpeg,Healthy Leaves,3
D:\CropDiseaseProject\sugarcane_maharashtra\Rust\rust (125).jpeg,Rust (Brown Rust),7
D:\CropDiseaseProject\sugarcane_maharashtra\Healthy\healthy (430).jpeg,Healthy Leaves,3
D:\CropDiseaseProject\sugarcane_large\Diseases\Brown Spot\image1237.jpg,Brown Spot,1
D:\CropDiseaseProject\sugarcane_maharashtra\Yellow\yellow (177).jpeg,Yellow Leaf Disease,10
D:\CropDiseaseProject\sugarcane_large\Diseases\Viral Disease\Viral Disease555.jpg,Mosaic / Viral Disease,4
D:\CropDiseaseProject\sugarcane_large\Diseases\Viral Disease\Viral Disease156.jpg,Mosaic / Viral Disease,4
D:\CropDiseaseProject\sugarcane_large\Diseases\Yellow Leaf\Yellow Leaf029.jpg,Yellow Leaf Disease,10
D:\CropDiseaseProject\sugarcane_large\Diseases\Brown Spot\image1353.jpg,Brown Spot,1
D:\CropDiseaseProject\sugarcane_large\Diseases\Banded Chlorosis\image273.jpg,Banded Chlorosis,0
D:\CropDiseaseProject\sugarcane_maharashtra\Yellow\yellow (228).jpeg,Yellow Leaf Disease,10
D:\CropDiseaseProject\sugarcane_large\Diseases\BrownRust\image128.jpg,Rust (Brown Rust),7
D:\CropDiseaseProject\sugarcane_maharashtra\Yellow\yellow (184).jpeg,Yellow Leaf Disease,10
D:\CropDiseaseProject\sugarcane_large\Diseases\Brown Spot\image1579.jpg,Brown Spot,1
D:\CropDiseaseProject\sugarcane_maharashtra\Healthy\healthy (413).jpeg,Healthy Leaves,3
D:\CropDiseaseProject\sugarcane_maharashtra\Healthy\healthy (176).jpeg,Healthy Leaves,3
D:\CropDiseaseProject\sugarcane_large\Diseases\Yellow Leaf\Yellow Leaf885.jpg,Yellow Leaf Disease,10
D:\CropDiseaseProject\sugarcane_maharashtra\Rust\rust (51).jpeg,Rust (Brown Rust),7
D:\CropDiseaseProject\sugarcane_large\Diseases\Grassy shoot\image282.jpg,Grassy Shoot,2
D:\CropDiseaseProject\sugarcane_large\Diseases\Yellow Leaf\Yellow Leaf684.jpg,Yellow Leaf Disease,10
D:\CropDiseaseProject\sugarcane_maharashtra\Yellow\yellow (325).jpeg,Yellow Leaf Disease,10
D:\CropDiseaseProject\sugarcane_maharashtra\RedRot\redrot (367).jpeg,Red Rot,6
D:\CropDiseaseProject\sugarcane_large\Diseases\Banded Chlorosis\image132.jpg,Banded Chlorosis,0
D:\CropDiseaseProject\sugarcane_maharashtra\Yellow\yellow (486).jpeg,Yellow Leaf Disease,10
D:\CropDiseaseProject\sugarcane_large\Diseases\Banded Chlorosis\image073.jpg,Banded Chlorosis,0
D:\CropDiseaseProject\sugarcane_maharashtra\Healthy\healthy (250).jpeg,Healthy Leaves,3
D:\CropDiseaseProject\sugarcane_maharashtra\Healthy\healthy (67).jpeg,Healthy Leaves,3
D:\CropDiseaseProject\sugarcane_large\Diseases\smut\Smut235.jpg,Smut,9
D:\CropDiseaseProject\sugarcane_large\Diseases\BrownRust\image020.jpg,Rust (Brown Rust),7
D:\CropDiseaseProject\sugarcane_large\Diseases\Brown Spot\image588.jpg,Brown Spot,1
D:\CropDiseaseProject\sugarcane_large\Diseases\Yellow Leaf\Yellow Leaf1096.jpg,Yellow Leaf Disease,10
D:\CropDiseaseProject\sugarcane_maharashtra\RedRot\redrot (190).jpeg,Red Rot,6
D:\CropDiseaseProject\sugarcane_large\Diseases\Banded Chlorosis\image068.jpg,Banded Chlorosis,0
D:\CropDiseaseProject\sugarcane_maharashtra\Rust\rust (489).jpeg,Rust (Brown Rust),7
D:\CropDiseaseProject\sugarcane_large\Diseases\Banded Chlorosis\image318.jpg,Banded Chlorosis,0
D:\CropDiseaseProject\sugarcane_large\Diseases\smut\Smut097.jpg,Smut,9
D:\CropDiseaseProject\sugarcane_large\Diseases\Yellow Leaf\Yellow Leaf759.jpg,Yellow Leaf Disease,10
D:\CropDiseaseProject\sugarcane_large\Diseases\BrownRust\image115.jpg,Rust (Brown Rust),7
D:\CropDiseaseProject\sugarcane_large\Diseases\Viral Disease\Viral Disease194.jpg,Mosaic / Viral Disease,4
D:\CropDiseaseProject\sugarcane_maharashtra\Mosaic\mosaic (70).jpeg,Mosaic / Viral Disease,4
D:\CropDiseaseProject\sugarcane_large\Diseases\Grassy shoot\image053.jpg,Grassy Shoot,2
D:\CropDiseaseProject\sugarcane_large\Diseases\smut\Smut217.jpg,Smut,9
D:\CropDiseaseProject\sugarcane_large\Diseases\BrownRust\image041.jpg,Rust (Brown Rust),7
D:\CropDiseaseProject\sugarcane_maharashtra\Healthy\healthy (405).jpeg,Healthy Leaves,3
D:\CropDiseaseProject\sugarcane_maharashtra\Mosaic\mosaic (301).jpeg,Mosaic / Viral Disease,4
D:\CropDiseaseProject\sugarcane_large\Diseases\Grassy shoot\image115.jpg,Grassy Shoot,2
D:\CropDiseaseProject\sugarcane_maharashtra\Healthy\healthy (66).jpeg,Healthy Leaves,3
D:\CropDiseaseProject\sugarcane_maharashtra\Mosaic\mosaic (156).jpeg,Mosaic / Viral Disease,4
D:\CropDiseaseProject\sugarcane_maharashtra\Healthy\healthy (417).jpeg,Healthy Leaves,3
D:\CropDiseaseProject\sugarcane_large\Diseases\BrownRust\image063.jpg,Rust (Brown Rust),7
D:\CropDiseaseProject\sugarcane_large\Diseases\Viral Disease\Viral Disease568.jpg,Mosaic / Viral Disease,4
D:\CropDiseaseProject\sugarcane_maharashtra\Mosaic\mosaic (384).jpeg,Mosaic / Viral Disease,4
D:\CropDiseaseProject\sugarcane_large\Healthy Leaves\image322.jpg,Healthy Leaves,3
D:\CropDiseaseProject\sugarcane_large\Diseases\Viral Disease\Viral Disease381.jpg,Mosaic / Viral Disease,4
D:\CropDiseaseProject\sugarcane_maharashtra\Healthy\healthy (241).jpeg,Healthy Leaves,3
D:\CropDiseaseProject\sugarcane_large\Diseases\Yellow Leaf\Yellow Leaf1105.jpg,Yellow Leaf Disease,10
D:\CropDiseaseProject\sugarcane_large\Diseases\Pokkah Boeng\Pokkah Boeng203.jpg,Pokkah Boeng,5
D:\CropDiseaseProject\sugarcane_large\Diseases\Viral Disease\Viral Disease527.jpg,Mosaic / Viral Disease,4
D:\CropDiseaseProject\sugarcane_large\Diseases\Yellow Leaf\Yellow Leaf204.jpg,Yellow Leaf Disease,10
D:\CropDiseaseProject\sugarcane_large\Diseases\Yellow Leaf\Yellow Leaf078.jpg,Yellow Leaf Disease,10
D:\CropDiseaseProject\sugarcane_maharashtra\Rust\rust (123).jpeg,Rust (Brown Rust),7
D:\CropDiseaseProject\sugarcane_large\Diseases\Yellow Leaf\Yellow Leaf088.jpg,Yellow Leaf Disease,10
D:\CropDiseaseProject\sugarcane_large\Diseases\Sett Rot\Sett Rot604.jpg,Sett Rot,8
D:\CropDiseaseProject\sugarcane_maharashtra\Rust\rust (502).jpeg,Rust (Brown Rust),7
D:\CropDiseaseProject\sugarcane_large\Diseases\Viral Disease\Viral Disease274.jpg,Mosaic / Viral Disease,4
D:\CropDiseaseProject\sugarcane_large\Diseases\Brown Spot\image1305.jpg,Brown Spot,1
D:\CropDiseaseProject\sugarcane_large\Diseases\Brown Spot\image283.jpg,Brown Spot,1
D:\CropDiseaseProject\sugarcane_large\Diseases\Viral Disease\Viral Disease349.jpg,Mosaic / Viral Disease,4
D:\CropDiseaseProject\sugarcane_large\Diseases\smut\Smut302.jpg,Smut,9
D:\CropDiseaseProject\sugarcane_large\Diseases\Brown Spot\image1653.jpg,Brown Spot,1
D:\CropDiseaseProject\sugarcane_large\Diseases\Yellow Leaf\Yellow Leaf216.jpg,Yellow Leaf Disease,10
D:\CropDiseaseProject\sugarcane_maharashtra\Rust\rust (22).jpeg,Rust (Brown Rust),7
D:\CropDiseaseProject\sugarcane_maharashtra\Healthy\healthy (101).jpeg,Healthy Leaves,3
D:\CropDiseaseProject\sugarcane_large\Diseases\Brown Spot\image1721.jpg,Brown Spot,1
D:\CropDiseaseProject\sugarcane_maharashtra\Mosaic\mosaic (372).jpeg,Mosaic / Viral Disease,4
D:\CropDiseaseProject\sugarcane_large\Diseases\Yellow Leaf\Yellow Leaf065.jpg,Yellow Leaf Disease,10
D:\CropDiseaseProject\sugarcane_large\Diseases\Brown Spot\image1442.jpg,Brown Spot,1
D:\CropDiseaseProject\sugarcane_large\Diseases\Sett Rot\Sett Rot479.jpg,Sett Rot,8
D:\CropDiseaseProject\sugarcane_large\Diseases\Yellow Leaf\Yellow Leaf1064.jpg,Yellow Leaf Disease,10
D:\CropDiseaseProject\sugarcane_large\Diseases\BrownRust\image203.jpg,Rust (Brown Rust),7
D:\CropDiseaseProject\sugarcane_maharashtra\Mosaic\mosaic (14).jpeg,Mosaic / Viral Disease,4
D:\CropDiseaseProject\sugarcane_large\Diseases\Pokkah Boeng\Pokkah Boeng287.jpg,Pokkah Boeng,5
D:\CropDiseaseProject\sugarcane_maharashtra\Rust\rust (432).jpeg,Rust (Brown Rust),7
D:\CropDiseaseProject\sugarcane_large\Diseases\Brown Spot\image625.jpg,Brown Spot,1
D:\CropDiseaseProject\sugarcane_maharashtra\RedRot\redrot (244).jpeg,Red Rot,6
D:\CropDiseaseProject\sugarcane_large\Diseases\Viral Disease\Viral Disease270.jpg,Mosaic / Viral Disease,4
D:\CropDiseaseProject\sugarcane_maharashtra\Rust\rust (290).jpeg,Rust (Brown Rust),7
D:\CropDiseaseProject\sugarcane_large\Diseases\Banded Chlorosis\image178.jpg,Banded Chlorosis,0
D:\CropDiseaseProject\sugarcane_maharashtra\RedRot\redrot (22).jpeg,Red Rot,6
D:\CropDiseaseProject\sugarcane_maharashtra\RedRot\redrot (265).jpeg,Red Rot,6
D:\CropDiseaseProject\sugarcane_large\Diseases\Yellow Leaf\Yellow Leaf534.jpg,Yellow Leaf Disease,10
D:\CropDiseaseProject\sugarcane_large\Diseases\Banded Chlorosis\image183.jpg,Banded Chlorosis,0
D:\CropDiseaseProject\sugarcane_large\Diseases\Viral Disease\Viral Disease360.jpg,Mosaic / Viral Disease,4
D:\CropDiseaseProject\sugarcane_large\Diseases\Yellow Leaf\Yellow Leaf761.jpg,Yellow Leaf Disease,10
D:\CropDiseaseProject\sugarcane_large\Diseases\smut\Smut228.jpg,Smut,9
D:\CropDiseaseProject\sugarcane_large\Healthy Leaves\image315.jpg,Healthy Leaves,3
D:\CropDiseaseProject\sugarcane_large\Healthy Leaves\image313.jpg,Healthy Leaves,3
D:\CropDiseaseProject\sugarcane_large\Diseases\Yellow Leaf\Yellow Leaf380.jpg,Yellow Leaf Disease,10
D:\CropDiseaseProject\sugarcane_maharashtra\Yellow\yellow (99).jpeg,Yellow Leaf Disease,10
D:\CropDiseaseProject\sugarcane_large\Diseases\Sett Rot\Sett Rot193.jpg,Sett Rot,8
D:\CropDiseaseProject\sugarcane_large\Diseases\Brown Spot\image210.jpg,Brown Spot,1
D:\CropDiseaseProject\sugarcane_large\Diseases\Brown Spot\image1612.jpg,Brown Spot,1
D:\CropDiseaseProject\sugarcane_maharashtra\RedRot\redrot (164).jpeg,Red Rot,6
D:\CropDiseaseProject\sugarcane_large\Diseases\Grassy shoot\image161.jpg,Grassy Shoot,2
D:\CropDiseaseProject\sugarcane_large\Diseases\Sett Rot\Sett Rot342.jpg,Sett Rot,8
D:\CropDiseaseProject\sugarcane_large\Diseases\Viral Disease\Viral Disease456.jpg,Mosaic / Viral Disease,4
D:\CropDiseaseProject\sugarcane_large\Diseases\Brown Spot\image1413.jpg,Brown Spot,1
D:\CropDiseaseProject\sugarcane_large\Diseases\Yellow Leaf\Yellow Leaf1119.jpg,Yellow Leaf Disease,10
D:\CropDiseaseProject\sugarcane_large\Diseases\Banded Chlorosis\image154.jpg,Banded Chlorosis,0
D:\CropDiseaseProject\sugarcane_maharashtra\Rust\rust (162).jpeg,Rust (Brown Rust),7
D:\CropDiseaseProject\sugarcane_large\Diseases\Brown Spot\image1053.jpg,Brown Spot,1
D:\CropDiseaseProject\sugarcane_large\Diseases\Brown Spot\image1062.jpg,Brown Spot,1
D:\CropDiseaseProject\sugarcane_maharashtra\RedRot\redrot (355).jpeg,Red Rot,6
D:\CropDiseaseProject\sugarcane_large\Diseases\Banded Chlorosis\image262.jpg,Banded Chlorosis,0
D:\CropDiseaseProject\sugarcane_large\Diseases\Banded Chlorosis\image064.jpg,Banded Chlorosis,0
D:\CropDiseaseProject\sugarcane_large\Diseases\Yellow Leaf\Yellow Leaf208.jpg,Yellow Leaf Disease,10
D:\CropDiseaseProject\sugarcane_large\Diseases\Sett Rot\Sett Rot331.jpg,Sett Rot,8
D:\CropDiseaseProject\sugarcane_large\Diseases\Pokkah Boeng\Pokkah Boeng215.jpg,Pokkah Boeng,5
D:\CropDiseaseProject\sugarcane_large\Diseases\BrownRust\image037.jpg,Rust (Brown Rust),7
D:\CropDiseaseProject\sugarcane_large\Diseases\Brown Spot\image942.jpg,Brown Spot,1
D:\CropDiseaseProject\sugarcane_maharashtra\Healthy\healthy (237).jpeg,Healthy Leaves,3
D:\CropDiseaseProject\sugarcane_large\Diseases\Brown Spot\image018.jpg,Brown Spot,1
D:\CropDiseaseProject\sugarcane_maharashtra\Healthy\healthy (46).jpeg,Healthy Leaves,3
D:\CropDiseaseProject\sugarcane_large\Diseases\Viral Disease\Viral Disease239.jpg,Mosaic / Viral Disease,4
D:\CropDiseaseProject\sugarcane_large\Diseases\Viral Disease\Viral Disease243.jpg,Mosaic / Viral Disease,4
D:\CropDiseaseProject\sugarcane_maharashtra\Mosaic\mosaic (57).jpeg,Mosaic / Viral Disease,4
D:\CropDiseaseProject\sugarcane_large\Diseases\Yellow Leaf\Yellow Leaf972.jpg,Yellow Leaf Disease,10
D:\CropDiseaseProject\sugarcane_large\Diseases\Sett Rot\Sett Rot115.jpg,Sett Rot,8
D:\CropDiseaseProject\sugarcane_large\Diseases\Brown Spot\image1695.jpg,Brown Spot,1
D:\CropDiseaseProject\sugarcane_large\Diseases\Brown Spot\image136.jpg,Brown Spot,1
D:\CropDiseaseProject\sugarcane_large\Diseases\Brown Spot\image1345.jpg,Brown Spot,1
D:\CropDiseaseProject\sugarcane_large\Diseases\Grassy shoot\image092.jpg,Grassy Shoot,2
D:\CropDiseaseProject\sugarcane_large\Diseases\Sett Rot\Sett Rot500.jpg,Sett Rot,8
D:\CropDiseaseProject\sugarcane_large\Healthy Leaves\image184.jpg,Healthy Leaves,3
D:\CropDiseaseProject\sugarcane_large\Diseases\Brown Spot\image031.jpg,Brown Spot,1
D:\CropDiseaseProject\sugarcane_large\Diseases\smut\Smut210.jpg,Smut,9
D:\CropDiseaseProject\sugarcane_maharashtra\Healthy\healthy (231).jpeg,Healthy Leaves,3
D:\CropDiseaseProject\sugarcane_maharashtra\Yellow\yellow (323).jpeg,Yellow Leaf Disease,10
D:\CropDiseaseProject\sugarcane_large\Diseases\Brown Spot\image947.jpg,Brown Spot,1
D:\CropDiseaseProject\sugarcane_large\Diseases\BrownRust\image228.jpg,Rust (Brown Rust),7
D:\CropDiseaseProject\sugarcane_large\Diseases\Viral Disease\Viral Disease540.jpg,Mosaic / Viral Disease,4
D:\CropDiseaseProject\sugarcane_large\Diseases\Yellow Leaf\Yellow Leaf765.jpg,Yellow Leaf Disease,10
D:\CropDiseaseProject\sugarcane_large\Diseases\Sett Rot\Sett Rot404.jpg,Sett Rot,8
D:\CropDiseaseProject\sugarcane_large\Diseases\Sett Rot\Sett Rot207.jpg,Sett Rot,8
D:\CropDiseaseProject\sugarcane_large\Diseases\Brown Spot\image331.jpg,Brown Spot,1
D:\CropDiseaseProject\sugarcane_maharashtra\Rust\rust (401).jpeg,Rust (Brown Rust),7
D:\CropDiseaseProject\sugarcane_large\Healthy Leaves\image282.jpg,Healthy Leaves,3
D:\CropDiseaseProject\sugarcane_maharashtra\RedRot\redrot (378).jpeg,Red Rot,6
D:\CropDiseaseProject\sugarcane_large\Diseases\Viral Disease\Viral Disease155.jpg,Mosaic / Viral Disease,4
D:\CropDiseaseProject\sugarcane_large\Diseases\Brown Spot\image610.jpg,Brown Spot,1
D:\CropDiseaseProject\sugarcane_large\Diseases\smut\Smut236.jpg,Smut,9
D:\CropDiseaseProject\sugarcane_large\Diseases\Viral Disease\Viral Disease488.jpg,Mosaic / Viral Disease,4
D:\CropDiseaseProject\sugarcane_large\Diseases\Sett Rot\Sett Rot305.jpg,Sett Rot,8
D:\CropDiseaseProject\sugarcane_large\Diseases\Pokkah Boeng\Pokkah Boeng088.jpg,Pokkah Boeng,5
D:\CropDiseaseProject\sugarcane_large\Diseases\Brown Spot\image789.jpg,Brown Spot,1
D:\CropDiseaseProject\sugarcane_large\Diseases\BrownRust\image001.jpg,Rust (Brown Rust),7
D:\CropDiseaseProject\sugarcane_maharashtra\Yellow\yellow (163).jpeg,Yellow Leaf Disease,10
D:\CropDiseaseProject\sugarcane_large\Diseases\Viral Disease\Viral Disease112.jpg,Mosaic / Viral Disease,4
D:\CropDiseaseProject\sugarcane_large\Diseases\Pokkah Boeng\Pokkah Boeng043.jpg,Pokkah Boeng,5
D:\CropDiseaseProject\sugarcane_maharashtra\RedRot\redrot (29).jpeg,Red Rot,6
D:\CropDiseaseProject\sugarcane_large\Diseases\Sett Rot\Sett Rot538.jpg,Sett Rot,8
D:\CropDiseaseProject\sugarcane_large\Diseases\Grassy shoot\image062.jpg,Grassy Shoot,2
D:\CropDiseaseProject\sugarcane_large\Diseases\Sett Rot\Sett Rot146.jpg,Sett Rot,8
D:\CropDiseaseProject\sugarcane_maharashtra\Healthy\healthy (305).jpeg,Healthy Leaves,3
D:\CropDiseaseProject\sugarcane_maharashtra\Healthy\healthy (114).jpeg,Healthy Leaves,3
D:\CropDiseaseProject\sugarcane_maharashtra\Yellow\yellow (225).jpeg,Yellow Leaf Disease,10
D:\CropDiseaseProject\sugarcane_large\Diseases\Sett Rot\Sett Rot025.jpg,Sett Rot,8
D:\CropDiseaseProject\sugarcane_maharashtra\RedRot\redrot (302).jpeg,Red Rot,6
D:\CropDiseaseProject\sugarcane_maharashtra\RedRot\redrot (312).jpeg,Red Rot,6
D:\CropDiseaseProject\sugarcane_maharashtra\Yellow\yellow (269).jpeg,Yellow Leaf Disease,10
D:\CropDiseaseProject\sugarcane_large\Diseases\Brown Spot\image439.jpg,Brown Spot,1
D:\CropDiseaseProject\sugarcane_large\Healthy Leaves\image100.jpg,Healthy Leaves,3
D:\CropDiseaseProject\sugarcane_maharashtra\Rust\rust (20).jpeg,Rust (Brown Rust),7
D:\CropDiseaseProject\sugarcane_large\Diseases\Sett Rot\Sett Rot129.jpg,Sett Rot,8
D:\CropDiseaseProject\sugarcane_large\Diseases\Brown Spot\image734.jpg,Brown Spot,1
D:\CropDiseaseProject\sugarcane_large\Diseases\Yellow Leaf\Yellow Leaf328.jpg,Yellow Leaf Disease,10
D:\CropDiseaseProject\sugarcane_large\Diseases\Brown Spot\image1688.jpg,Brown Spot,1
D:\CropDiseaseProject\sugarcane_large\Healthy Leaves\image090.jpg,Healthy Leaves,3
D:\CropDiseaseProject\sugarcane_large\Diseases\Brown Spot\image1430.jpg,Brown Spot,1
D:\CropDiseaseProject\sugarcane_large\Diseases\Yellow Leaf\Yellow Leaf024.jpg,Yellow Leaf Disease,10
D:\CropDiseaseProject\sugarcane_maharashtra\Mosaic\mosaic (412).jpeg,Mosaic / Viral Disease,4
D:\CropDiseaseProject\sugarcane_maharashtra\Rust\rust (263).jpeg,Rust (Brown Rust),7
D:\CropDiseaseProject\sugarcane_large\Diseases\Yellow Leaf\Yellow Leaf764.jpg,Yellow Leaf Disease,10
D:\CropDiseaseProject\sugarcane_large\Diseases\Yellow Leaf\Yellow Leaf805.jpg,Yellow Leaf Disease,10
D:\CropDiseaseProject\sugarcane_maharashtra\Yellow\yellow (305).jpeg,Yellow Leaf Disease,10
D:\CropDiseaseProject\sugarcane_maharashtra\RedRot\redrot (30).jpeg,Red Rot,6
D:\CropDiseaseProject\sugarcane_large\Diseases\Brown Spot\image1232.jpg,Brown Spot,1
D:\CropDiseaseProject\sugarcane_large\Diseases\Brown Spot\image1440.jpg,Brown Spot,1
D:\CropDiseaseProject\sugarcane_large\Diseases\Brown Spot\image490.jpg,Brown Spot,1
D:\CropDiseaseProject\sugarcane_large\Diseases\Sett Rot\Sett Rot434.jpg,Sett Rot,8
D:\CropDiseaseProject\sugarcane_large\Healthy Leaves\image091.jpg,Healthy Leaves,3
D:\CropDiseaseProject\sugarcane_large\Diseases\Pokkah Boeng\Pokkah Boeng159.jpg,Pokkah Boeng,5
D:\CropDiseaseProject\sugarcane_large\Diseases\Sett Rot\Sett Rot348.jpg,Sett Rot,8
D:\CropDiseaseProject\sugarcane_large\Diseases\Brown Spot\image1438.jpg,Brown Spot,1
D:\CropDiseaseProject\sugarcane_large\Diseases\Yellow Leaf\Yellow Leaf460.jpg,Yellow Leaf Disease,10
D:\CropDiseaseProject\sugarcane_large\Diseases\Brown Spot\image408.jpg,Brown Spot,1
D:\CropDiseaseProject\sugarcane_maharashtra\Rust\rust (238).jpeg,Rust (Brown Rust),7
D:\CropDiseaseProject\sugarcane_maharashtra\Rust\rust (269).jpeg,Rust (Brown Rust),7
D:\CropDiseaseProject\sugarcane_maharashtra\Yellow\yellow (274).jpeg,Yellow Leaf Disease,10
D:\CropDiseaseProject\sugarcane_large\Diseases\Yellow Leaf\Yellow Leaf200.jpg,Yellow Leaf Disease,10
D:\CropDiseaseProject\sugarcane_large\Diseases\Brown Spot\image961.jpg,Brown Spot,1
D:\CropDiseaseProject\sugarcane_maharashtra\Yellow\yellow (406).jpeg,Yellow Leaf Disease,10
D:\CropDiseaseProject\sugarcane_large\Diseases\Banded Chlorosis\image075.jpg,Banded Chlorosis,0
D:\CropDiseaseProject\sugarcane_maharashtra\Rust\rust (494).jpeg,Rust (Brown Rust),7
D:\CropDiseaseProject\sugarcane_large\Diseases\Viral Disease\Viral Disease206.jpg,Mosaic / Viral Disease,4
D:\CropDiseaseProject\sugarcane_maharashtra\Healthy\healthy (21).jpeg,Healthy Leaves,3
D:\CropDiseaseProject\sugarcane_large\Diseases\Banded Chlorosis\image158.jpg,Banded Chlorosis,0
D:\CropDiseaseProject\sugarcane_large\Diseases\smut\Smut259.jpg,Smut,9
D:\CropDiseaseProject\sugarcane_maharashtra\Healthy\healthy (298).jpeg,Healthy Leaves,3
D:\CropDiseaseProject\sugarcane_large\Diseases\Pokkah Boeng\Pokkah Boeng095.jpg,Pokkah Boeng,5
D:\CropDiseaseProject\sugarcane_large\Diseases\Sett Rot\Sett Rot491.jpg,Sett Rot,8
D:\CropDiseaseProject\sugarcane_large\Diseases\Banded Chlorosis\image377.jpg,Banded Chlorosis,0
D:\CropDiseaseProject\sugarcane_large\Diseases\Banded Chlorosis\image337.jpg,Banded Chlorosis,0
D:\CropDiseaseProject\sugarcane_large\Diseases\Banded Chlorosis\image080.jpg,Banded Chlorosis,0
D:\CropDiseaseProject\sugarcane_large\Diseases\Viral Disease\Viral Disease557.jpg,Mosaic / Viral Disease,4
D:\CropDiseaseProject\sugarcane_large\Diseases\Viral Disease\Viral Disease340.jpg,Mosaic / Viral Disease,4
D:\CropDiseaseProject\sugarcane_large\Diseases\Yellow Leaf\Yellow Leaf037.jpg,Yellow Leaf Disease,10
D:\CropDiseaseProject\sugarcane_large\Diseases\Brown Spot\image719.jpg,Brown Spot,1
D:\CropDiseaseProject\sugarcane_maharashtra\Mosaic\mosaic (204).jpeg,Mosaic / Viral Disease,4
D:\CropDiseaseProject\sugarcane_large\Diseases\Brown Spot\image1611.jpg,Brown Spot,1
D:\CropDiseaseProject\sugarcane_large\Diseases\BrownRust\image255.jpg,Rust (Brown Rust),7
D:\CropDiseaseProject\sugarcane_large\Diseases\Grassy shoot\image128.jpg,Grassy Shoot,2
D:\CropDiseaseProject\sugarcane_large\Diseases\Yellow Leaf\Yellow Leaf464.jpg,Yellow Leaf Disease,10
D:\CropDiseaseProject\sugarcane_large\Diseases\Brown Spot\image1467.jpg,Brown Spot,1
D:\CropDiseaseProject\sugarcane_large\Diseases\Yellow Leaf\Yellow Leaf140.jpg,Yellow Leaf Disease,10
D:\CropDiseaseProject\sugarcane_large\Diseases\Brown Spot\image118.jpg,Brown Spot,1
D:\CropDiseaseProject\sugarcane_large\Diseases\smut\Smut161.jpg,Smut,9
D:\CropDiseaseProject\sugarcane_large\Diseases\Brown Spot\image919.jpg,Brown Spot,1
D:\CropDiseaseProject\sugarcane_large\Diseases\Viral Disease\Viral Disease042.jpg,Mosaic / Viral Disease,4
D:\CropDiseaseProject\sugarcane_large\Healthy Leaves\image413.jpg,Healthy Leaves,3
D:\CropDiseaseProject\sugarcane_maharashtra\Rust\rust (181).jpeg,Rust (Brown Rust),7
D:\CropDiseaseProject\sugarcane_large\Diseases\Pokkah Boeng\Pokkah Boeng277.jpg,Pokkah Boeng,5
D:\CropDiseaseProject\sugarcane_maharashtra\Yellow\yellow (299).jpeg,Yellow Leaf Disease,10
D:\CropDiseaseProject\sugarcane_maharashtra\Mosaic\mosaic (277).jpeg,Mosaic / Viral Disease,4
D:\CropDiseaseProject\sugarcane_large\Diseases\Viral Disease\Viral Disease418.jpg,Mosaic / Viral Disease,4
D:\CropDiseaseProject\sugarcane_maharashtra\Healthy\healthy (190).jpeg,Healthy Leaves,3
D:\CropDiseaseProject\sugarcane_maharashtra\RedRot\redrot (237).jpeg,Red Rot,6
D:\CropDiseaseProject\sugarcane_large\Diseases\smut\Smut009.jpg,Smut,9
D:\CropDiseaseProject\sugarcane_maharashtra\Healthy\healthy (174).jpeg,Healthy Leaves,3
D:\CropDiseaseProject\sugarcane_maharashtra\Mosaic\mosaic (332).jpeg,Mosaic / Viral Disease,4
D:\CropDiseaseProject\sugarcane_large\Diseases\Yellow Leaf\Yellow Leaf908.jpg,Yellow Leaf Disease,10
D:\CropDiseaseProject\sugarcane_large\Diseases\Pokkah Boeng\Pokkah Boeng147.jpg,Pokkah Boeng,5
D:\CropDiseaseProject\sugarcane_maharashtra\Mosaic\mosaic (269).jpeg,Mosaic / Viral Disease,4
D:\CropDiseaseProject\sugarcane_large\Diseases\smut\Smut032.jpg,Smut,9
D:\CropDiseaseProject\sugarcane_large\Diseases\Banded Chlorosis\image151.jpg,Banded Chlorosis,0
D:\CropDiseaseProject\sugarcane_large\Diseases\Sett Rot\Sett Rot492.jpg,Sett Rot,8
D:\CropDiseaseProject\sugarcane_maharashtra\Healthy\healthy (265).jpeg,Healthy Leaves,3
D:\CropDiseaseProject\sugarcane_large\Diseases\Banded Chlorosis\image186.jpg,Banded Chlorosis,0
D:\CropDiseaseProject\sugarcane_maharashtra\Yellow\yellow (411).jpeg,Yellow Leaf Disease,10
D:\CropDiseaseProject\sugarcane_large\Diseases\Sett Rot\Sett Rot608.jpg,Sett Rot,8
D:\CropDiseaseProject\sugarcane_maharashtra\Mosaic\mosaic (213).jpeg,Mosaic / Viral Disease,4
D:\CropDiseaseProject\sugarcane_large\Diseases\Brown Spot\image587.jpg,Brown Spot,1
D:\CropDiseaseProject\sugarcane_large\Diseases\Viral Disease\Viral Disease647.jpg,Mosaic / Viral Disease,4
D:\CropDiseaseProject\sugarcane_maharashtra\RedRot\redrot (178).jpeg,Red Rot,6
D:\CropDiseaseProject\sugarcane_large\Diseases\Banded Chlorosis\image084.jpg,Banded Chlorosis,0
D:\CropDiseaseProject\sugarcane_large\Diseases\BrownRust\image062.jpg,Rust (Brown Rust),7
D:\CropDiseaseProject\sugarcane_large\Diseases\Yellow Leaf\Yellow Leaf446.jpg,Yellow Leaf Disease,10
D:\CropDiseaseProject\sugarcane_large\Diseases\Yellow Leaf\Yellow Leaf843.jpg,Yellow Leaf Disease,10
D:\CropDiseaseProject\sugarcane_large\Diseases\smut\Smut020.jpg,Smut,9
D:\CropDiseaseProject\sugarcane_large\Diseases\Yellow Leaf\Yellow Leaf981.jpg,Yellow Leaf Disease,10
D:\CropDiseaseProject\sugarcane_large\Diseases\Grassy shoot\image170.jpg,Grassy Shoot,2
D:\CropDiseaseProject\sugarcane_maharashtra\Yellow\yellow (382).jpeg,Yellow Leaf Disease,10
D:\CropDiseaseProject\sugarcane_large\Healthy Leaves\image367.jpg,Healthy Leaves,3
D:\CropDiseaseProject\sugarcane_large\Diseases\Brown Spot\image388.jpg,Brown Spot,1
D:\CropDiseaseProject\sugarcane_large\Diseases\Yellow Leaf\Yellow Leaf553.jpg,Yellow Leaf Disease,10
D:\CropDiseaseProject\sugarcane_large\Diseases\Brown Spot\image395.jpg,Brown Spot,1
D:\CropDiseaseProject\sugarcane_maharashtra\RedRot\redrot (196).jpeg,Red Rot,6
D:\CropDiseaseProject\sugarcane_large\Diseases\Yellow Leaf\Yellow Leaf1101.jpg,Yellow Leaf Disease,10
D:\CropDiseaseProject\sugarcane_large\Diseases\Brown Spot\image1339.jpg,Brown Spot,1
D:\CropDiseaseProject\sugarcane_large\Diseases\smut\Smut124.jpg,Smut,9
D:\CropDiseaseProject\sugarcane_large\Diseases\Banded Chlorosis\image069.jpg,Banded Chlorosis,0
D:\CropDiseaseProject\sugarcane_large\Diseases\Yellow Leaf\Yellow Leaf580.jpg,Yellow Leaf Disease,10
D:\CropDiseaseProject\sugarcane_large\Diseases\Brown Spot\image897.jpg,Brown Spot,1
D:\CropDiseaseProject\sugarcane_large\Diseases\Brown Spot\image123.jpg,Brown Spot,1
D:\CropDiseaseProject\sugarcane_large\Diseases\BrownRust\image113.jpg,Rust (Brown Rust),7
D:\CropDiseaseProject\sugarcane_maharashtra\Mosaic\mosaic (116).jpeg,Mosaic / Viral Disease,4
D:\CropDiseaseProject\sugarcane_maharashtra\Mosaic\mosaic (81).jpeg,Mosaic / Viral Disease,4
D:\CropDiseaseProject\sugarcane_large\Diseases\Brown Spot\image1201.jpg,Brown Spot,1
D:\CropDiseaseProject\sugarcane_large\Diseases\Viral Disease\Viral Disease220.jpg,Mosaic / Viral Disease,4
D:\CropDiseaseProject\sugarcane_maharashtra\Yellow\yellow (161).jpeg,Yellow Leaf Disease,10
D:\CropDiseaseProject\sugarcane_large\Diseases\Banded Chlorosis\image355.jpg,Banded Chlorosis,0
D:\CropDiseaseProject\sugarcane_large\Diseases\Sett Rot\Sett Rot541.jpg,Sett Rot,8
D:\CropDiseaseProject\sugarcane_large\Diseases\Viral Disease\Viral Disease572.jpg,Mosaic / Viral Disease,4
D:\CropDiseaseProject\sugarcane_large\Diseases\BrownRust\image233.jpg,Rust (Brown Rust),7
D:\CropDiseaseProject\sugarcane_large\Diseases\Grassy shoot\image100.jpg,Grassy Shoot,2
D:\CropDiseaseProject\sugarcane_maharashtra\Rust\rust (1).jpeg,Rust (Brown Rust),7
D:\CropDiseaseProject\sugarcane_maharashtra\Mosaic\mosaic (159).jpeg,Mosaic / Viral Disease,4
D:\CropDiseaseProject\sugarcane_maharashtra\Mosaic\mosaic (192).jpeg,Mosaic / Viral Disease,4
D:\CropDiseaseProject\sugarcane_large\Diseases\Viral Disease\Viral Disease383.jpg,Mosaic / Viral Disease,4
D:\CropDiseaseProject\sugarcane_large\Diseases\Sett Rot\Sett Rot341.jpg,Sett Rot,8
D:\CropDiseaseProject\sugarcane_large\Diseases\Yellow Leaf\Yellow Leaf059.jpg,Yellow Leaf Disease,10
D:\CropDiseaseProject\sugarcane_large\Diseases\Brown Spot\image1393.jpg,Brown Spot,1
D:\CropDiseaseProject\sugarcane_large\Diseases\Viral Disease\Viral Disease663.jpg,Mosaic / Viral Disease,4
D:\CropDiseaseProject\sugarcane_large\Diseases\Brown Spot\image938.jpg,Brown Spot,1
D:\CropDiseaseProject\sugarcane_large\Diseases\Yellow Leaf\Yellow Leaf408.jpg,Yellow Leaf Disease,10
D:\CropDiseaseProject\sugarcane_large\Diseases\Grassy shoot\image177.jpg,Grassy Shoot,2
D:\CropDiseaseProject\sugarcane_maharashtra\Mosaic\mosaic (144).jpeg,Mosaic / Viral Disease,4
D:\CropDiseaseProject\sugarcane_large\Diseases\Brown Spot\image1632.jpg,Brown Spot,1
D:\CropDiseaseProject\sugarcane_large\Diseases\Brown Spot\image1332.jpg,Brown Spot,1
D:\CropDiseaseProject\sugarcane_maharashtra\RedRot\redrot (112).jpeg,Red Rot,6
D:\CropDiseaseProject\sugarcane_large\Diseases\Yellow Leaf\Yellow Leaf982.jpg,Yellow Leaf Disease,10
D:\CropDiseaseProject\sugarcane_maharashtra\Mosaic\mosaic (389).jpeg,Mosaic / Viral Disease,4
D:\CropDiseaseProject\sugarcane_large\Diseases\Viral Disease\Viral Disease441.jpg,Mosaic / Viral Disease,4
D:\CropDiseaseProject\sugarcane_large\Healthy Leaves\image386.jpg,Healthy Leaves,3
D:\CropDiseaseProject\sugarcane_large\Diseases\Sett Rot\Sett Rot202.jpg,Sett Rot,8
D:\CropDiseaseProject\sugarcane_large\Diseases\Viral Disease\Viral Disease491.jpg,Mosaic / Viral Disease,4
D:\CropDiseaseProject\sugarcane_maharashtra\Mosaic\mosaic (169).jpeg,Mosaic / Viral Disease,4
D:\CropDiseaseProject\sugarcane_maharashtra\Healthy\healthy (99).jpeg,Healthy Leaves,3
D:\CropDiseaseProject\sugarcane_large\Diseases\Brown Spot\image1148.jpg,Brown Spot,1
D:\CropDiseaseProject\sugarcane_large\Diseases\Banded Chlorosis\image145.jpg,Banded Chlorosis,0
D:\CropDiseaseProject\sugarcane_large\Diseases\Sett Rot\Sett Rot164.jpg,Sett Rot,8
D:\CropDiseaseProject\sugarcane_large\Diseases\Sett Rot\Sett Rot435.jpg,Sett Rot,8
D:\CropDiseaseProject\sugarcane_large\Diseases\Viral Disease\Viral Disease072.jpg,Mosaic / Viral Disease,4
D:\CropDiseaseProject\sugarcane_large\Diseases\Yellow Leaf\Yellow Leaf864.jpg,Yellow Leaf Disease,10
D:\CropDiseaseProject\sugarcane_large\Diseases\Brown Spot\image290.jpg,Brown Spot,1
D:\CropDiseaseProject\sugarcane_maharashtra\Rust\rust (436).jpeg,Rust (Brown Rust),7
D:\CropDiseaseProject\sugarcane_large\Diseases\Grassy shoot\image283.jpg,Grassy Shoot,2
D:\CropDiseaseProject\sugarcane_large\Diseases\Brown Spot\image1534.jpg,Brown Spot,1
D:\CropDiseaseProject\sugarcane_maharashtra\Yellow\yellow (33).jpeg,Yellow Leaf Disease,10
D:\CropDiseaseProject\sugarcane_large\Diseases\Grassy shoot\image201.jpg,Grassy Shoot,2
D:\CropDiseaseProject\sugarcane_large\Diseases\Brown Spot\image1587.jpg,Brown Spot,1
D:\CropDiseaseProject\sugarcane_large\Diseases\Sett Rot\Sett Rot505.jpg,Sett Rot,8
D:\CropDiseaseProject\sugarcane_large\Diseases\Yellow Leaf\Yellow Leaf770.jpg,Yellow Leaf Disease,10
D:\CropDiseaseProject\sugarcane_large\Diseases\Brown Spot\image811.jpg,Brown Spot,1
D:\CropDiseaseProject\sugarcane_large\Diseases\Pokkah Boeng\Pokkah Boeng018.jpg,Pokkah Boeng,5
D:\CropDiseaseProject\sugarcane_maharashtra\Mosaic\mosaic (191).jpeg,Mosaic / Viral Disease,4
D:\CropDiseaseProject\sugarcane_large\Diseases\Brown Spot\image1278.jpg,Brown Spot,1
D:\CropDiseaseProject\sugarcane_large\Diseases\Sett Rot\Sett Rot363.jpg,Sett Rot,8
D:\CropDiseaseProject\sugarcane_large\Diseases\Yellow Leaf\Yellow Leaf068.jpg,Yellow Leaf Disease,10
D:\CropDiseaseProject\sugarcane_large\Diseases\Brown Spot\image1104.jpg,Brown Spot,1
D:\CropDiseaseProject\sugarcane_large\Diseases\Yellow Leaf\Yellow Leaf604.jpg,Yellow Leaf Disease,10
D:\CropDiseaseProject\sugarcane_large\Diseases\Yellow Leaf\Yellow Leaf082.jpg,Yellow Leaf Disease,10
D:\CropDiseaseProject\sugarcane_large\Diseases\BrownRust\image029.jpg,Rust (Brown Rust),7
D:\CropDiseaseProject\sugarcane_large\Diseases\Brown Spot\image084.jpg,Brown Spot,1
D:\CropDiseaseProject\sugarcane_large\Healthy Leaves\image010.jpg,Healthy Leaves,3
D:\CropDiseaseProject\sugarcane_large\Diseases\Banded Chlorosis\image313.jpg,Banded Chlorosis,0
D:\CropDiseaseProject\sugarcane_large\Diseases\Brown Spot\image1416.jpg,Brown Spot,1
D:\CropDiseaseProject\sugarcane_large\Diseases\Banded Chlorosis\image164.jpg,Banded Chlorosis,0
D:\CropDiseaseProject\sugarcane_maharashtra\Yellow\yellow (56).jpeg,Yellow Leaf Disease,10
D:\CropDiseaseProject\sugarcane_maharashtra\Rust\rust (351).jpeg,Rust (Brown Rust),7
D:\CropDiseaseProject\sugarcane_large\Diseases\Brown Spot\image1084.jpg,Brown Spot,1
D:\CropDiseaseProject\sugarcane_maharashtra\Rust\rust (359).jpeg,Rust (Brown Rust),7
D:\CropDiseaseProject\sugarcane_maharashtra\RedRot\redrot (332).jpeg,Red Rot,6
D:\CropDiseaseProject\sugarcane_large\Diseases\Yellow Leaf\Yellow Leaf187.jpg,Yellow Leaf Disease,10
D:\CropDiseaseProject\sugarcane_large\Diseases\Brown Spot\image405.jpg,Brown Spot,1
D:\CropDiseaseProject\sugarcane_large\Diseases\Brown Spot\image994.jpg,Brown Spot,1
D:\CropDiseaseProject\sugarcane_large\Diseases\Brown Spot\image1279.jpg,Brown Spot,1
D:\CropDiseaseProject\sugarcane_large\Diseases\Banded Chlorosis\image285.jpg,Banded Chlorosis,0
D:\CropDiseaseProject\sugarcane_large\Diseases\BrownRust\image155.jpg,Rust (Brown Rust),7
D:\CropDiseaseProject\sugarcane_large\Diseases\Banded Chlorosis\image223.jpg,Banded Chlorosis,0
D:\CropDiseaseProject\sugarcane_large\Diseases\Grassy shoot\image249.jpg,Grassy Shoot,2
D:\CropDiseaseProject\sugarcane_large\Diseases\Viral Disease\Viral Disease375.jpg,Mosaic / Viral Disease,4
D:\CropDiseaseProject\sugarcane_large\Diseases\Banded Chlorosis\image212.jpg,Banded Chlorosis,0
D:\CropDiseaseProject\sugarcane_maharashtra\Mosaic\mosaic (83).jpeg,Mosaic / Viral Disease,4
D:\CropDiseaseProject\sugarcane_large\Diseases\Brown Spot\image477.jpg,Brown Spot,1
D:\CropDiseaseProject\sugarcane_large\Diseases\Brown Spot\image321.jpg,Brown Spot,1
D:\CropDiseaseProject\sugarcane_large\Diseases\Grassy shoot\image274.jpg,Grassy Shoot,2
D:\CropDiseaseProject\sugarcane_large\Diseases\Yellow Leaf\Yellow Leaf783.jpg,Yellow Leaf Disease,10
D:\CropDiseaseProject\sugarcane_maharashtra\RedRot\redrot (292).jpeg,Red Rot,6
D:\CropDiseaseProject\sugarcane_large\Diseases\Sett Rot\Sett Rot084.jpg,Sett Rot,8
D:\CropDiseaseProject\sugarcane_large\Diseases\Brown Spot\image1257.jpg,Brown Spot,1
D:\CropDiseaseProject\sugarcane_maharashtra\Healthy\healthy (139).jpeg,Healthy Leaves,3
D:\CropDiseaseProject\sugarcane_large\Diseases\Brown Spot\image987.jpg,Brown Spot,1
D:\CropDiseaseProject\sugarcane_maharashtra\RedRot\redrot (320).jpeg,Red Rot,6
D:\CropDiseaseProject\sugarcane_large\Diseases\Brown Spot\image1069.jpg,Brown Spot,1
D:\CropDiseaseProject\sugarcane_maharashtra\Yellow\yellow (101).jpeg,Yellow Leaf Disease,10
D:\CropDiseaseProject\sugarcane_large\Diseases\smut\Smut172.jpg,Smut,9
D:\CropDiseaseProject\sugarcane_large\Diseases\Yellow Leaf\Yellow Leaf659.jpg,Yellow Leaf Disease,10
D:\CropDiseaseProject\sugarcane_large\Diseases\BrownRust\image024.jpg,Rust (Brown Rust),7
D:\CropDiseaseProject\sugarcane_large\Healthy Leaves\image391.jpg,Healthy Leaves,3
D:\CropDiseaseProject\sugarcane_large\Healthy Leaves\image003.jpg,Healthy Leaves,3
D:\CropDiseaseProject\sugarcane_maharashtra\Healthy\healthy (260).jpeg,Healthy Leaves,3
D:\CropDiseaseProject\sugarcane_large\Diseases\Brown Spot\image252.jpg,Brown Spot,1
D:\CropDiseaseProject\sugarcane_large\Diseases\Yellow Leaf\Yellow Leaf139.jpg,Yellow Leaf Disease,10
D:\CropDiseaseProject\sugarcane_large\Diseases\Viral Disease\Viral Disease120.jpg,Mosaic / Viral Disease,4
D:\CropDiseaseProject\sugarcane_large\Diseases\BrownRust\image236.jpg,Rust (Brown Rust),7
D:\CropDiseaseProject\sugarcane_large\Diseases\Yellow Leaf\Yellow Leaf051.jpg,Yellow Leaf Disease,10
D:\CropDiseaseProject\sugarcane_large\Diseases\Brown Spot\image1306.jpg,Brown Spot,1
D:\CropDiseaseProject\sugarcane_large\Diseases\Sett Rot\Sett Rot307.jpg,Sett Rot,8
D:\CropDiseaseProject\sugarcane_large\Diseases\Brown Spot\image1211.jpg,Brown Spot,1
D:\CropDiseaseProject\sugarcane_maharashtra\RedRot\redrot (7).jpeg,Red Rot,6
D:\CropDiseaseProject\sugarcane_maharashtra\Mosaic\mosaic (8).jpeg,Mosaic / Viral Disease,4
D:\CropDiseaseProject\sugarcane_large\Diseases\Banded Chlorosis\image291.jpg,Banded Chlorosis,0
D:\CropDiseaseProject\sugarcane_large\Diseases\Yellow Leaf\Yellow Leaf343.jpg,Yellow Leaf Disease,10
D:\CropDiseaseProject\sugarcane_large\Diseases\Viral Disease\Viral Disease470.jpg,Mosaic / Viral Disease,4
D:\CropDiseaseProject\sugarcane_maharashtra\Yellow\yellow (490).jpeg,Yellow Leaf Disease,10
D:\CropDiseaseProject\sugarcane_large\Healthy Leaves\image150.jpg,Healthy Leaves,3
D:\CropDiseaseProject\sugarcane_maharashtra\Yellow\yellow (377).jpeg,Yellow Leaf Disease,10
D:\CropDiseaseProject\sugarcane_large\Diseases\Viral Disease\Viral Disease372.jpg,Mosaic / Viral Disease,4
D:\CropDiseaseProject\sugarcane_large\Diseases\Grassy shoot\image082.jpg,Grassy Shoot,2
D:\CropDiseaseProject\sugarcane_maharashtra\RedRot\redrot (504).jpeg,Red Rot,6
D:\CropDiseaseProject\sugarcane_large\Diseases\Viral Disease\Viral Disease448.jpg,Mosaic / Viral Disease,4
D:\CropDiseaseProject\sugarcane_maharashtra\Yellow\yellow (134).jpeg,Yellow Leaf Disease,10
D:\CropDiseaseProject\sugarcane_maharashtra\Mosaic\mosaic (173).jpeg,Mosaic / Viral Disease,4
D:\CropDiseaseProject\sugarcane_maharashtra\Mosaic\mosaic (351).jpeg,Mosaic / Viral Disease,4
D:\CropDiseaseProject\sugarcane_large\Diseases\Yellow Leaf\Yellow Leaf403.jpg,Yellow Leaf Disease,10
D:\CropDiseaseProject\sugarcane_large\Diseases\Brown Spot\image073.jpg,Brown Spot,1
D:\CropDiseaseProject\sugarcane_maharashtra\Rust\rust (511).jpeg,Rust (Brown Rust),7
D:\CropDiseaseProject\sugarcane_maharashtra\Healthy\healthy (53).jpeg,Healthy Leaves,3
D:\CropDiseaseProject\sugarcane_large\Diseases\Brown Spot\image215.jpg,Brown Spot,1
D:\CropDiseaseProject\sugarcane_large\Diseases\Brown Spot\image1026.jpg,Brown Spot,1
D:\CropDiseaseProject\sugarcane_maharashtra\Yellow\yellow (65).jpeg,Yellow Leaf Disease,10
D:\CropDiseaseProject\sugarcane_large\Diseases\Pokkah Boeng\Pokkah Boeng190.jpg,Pokkah Boeng,5
D:\CropDiseaseProject\sugarcane_maharashtra\Yellow\yellow (248).jpeg,Yellow Leaf Disease,10
D:\CropDiseaseProject\sugarcane_large\Diseases\Yellow Leaf\Yellow Leaf329.jpg,Yellow Leaf Disease,10
D:\CropDiseaseProject\sugarcane_large\Diseases\Brown Spot\image1701.jpg,Brown Spot,1
D:\CropDiseaseProject\sugarcane_large\Healthy Leaves\image175.jpg,Healthy Leaves,3
D:\CropDiseaseProject\sugarcane_large\Diseases\Brown Spot\image714.jpg,Brown Spot,1
D:\CropDiseaseProject\sugarcane_maharashtra\Yellow\yellow (503).jpeg,Yellow Leaf Disease,10
D:\CropDiseaseProject\sugarcane_large\Diseases\Brown Spot\image593.jpg,Brown Spot,1
D:\CropDiseaseProject\sugarcane_large\Healthy Leaves\image181.jpg,Healthy Leaves,3
D:\CropDiseaseProject\sugarcane_large\Diseases\Yellow Leaf\Yellow Leaf1024.jpg,Yellow Leaf Disease,10
D:\CropDiseaseProject\sugarcane_large\Diseases\smut\Smut159.jpg,Smut,9
D:\CropDiseaseProject\sugarcane_maharashtra\Healthy\healthy (382).jpeg,Healthy Leaves,3
D:\CropDiseaseProject\sugarcane_maharashtra\Rust\rust (86).jpeg,Rust (Brown Rust),7
D:\CropDiseaseProject\sugarcane_large\Diseases\BrownRust\image165.jpg,Rust (Brown Rust),7
D:\CropDiseaseProject\sugarcane_large\Healthy Leaves\image299.jpg,Healthy Leaves,3
D:\CropDiseaseProject\sugarcane_large\Diseases\Brown Spot\image1616.jpg,Brown Spot,1
D:\CropDiseaseProject\sugarcane_large\Diseases\Sett Rot\Sett Rot161.jpg,Sett Rot,8
D:\CropDiseaseProject\sugarcane_large\Diseases\Sett Rot\Sett Rot021.jpg,Sett Rot,8
D:\CropDiseaseProject\sugarcane_maharashtra\Healthy\healthy (275).jpeg,Healthy Leaves,3
D:\CropDiseaseProject\sugarcane_large\Diseases\Pokkah Boeng\Pokkah Boeng070.jpg,Pokkah Boeng,5
D:\CropDiseaseProject\sugarcane_large\Diseases\Yellow Leaf\Yellow Leaf194.jpg,Yellow Leaf Disease,10
D:\CropDiseaseProject\sugarcane_large\Diseases\BrownRust\image064.jpg,Rust (Brown Rust),7
D:\CropDiseaseProject\sugarcane_large\Diseases\Viral Disease\Viral Disease160.jpg,Mosaic / Viral Disease,4
D:\CropDiseaseProject\sugarcane_large\Diseases\BrownRust\image080.jpg,Rust (Brown Rust),7
D:\CropDiseaseProject\sugarcane_large\Diseases\Banded Chlorosis\image317.jpg,Banded Chlorosis,0
D:\CropDiseaseProject\sugarcane_maharashtra\RedRot\redrot (455).jpeg,Red Rot,6
D:\CropDiseaseProject\sugarcane_maharashtra\Mosaic\mosaic (231).jpeg,Mosaic / Viral Disease,4
D:\CropDiseaseProject\sugarcane_large\Diseases\Yellow Leaf\Yellow Leaf585.jpg,Yellow Leaf Disease,10
D:\CropDiseaseProject\sugarcane_maharashtra\Yellow\yellow (439).jpeg,Yellow Leaf Disease,10
D:\CropDiseaseProject\sugarcane_large\Diseases\Grassy shoot\image167.jpg,Grassy Shoot,2
D:\CropDiseaseProject\sugarcane_large\Healthy Leaves\image095.jpg,Healthy Leaves,3
D:\CropDiseaseProject\sugarcane_maharashtra\Rust\rust (243).jpeg,Rust (Brown Rust),7
D:\CropDiseaseProject\sugarcane_large\Diseases\Viral Disease\Viral Disease332.jpg,Mosaic / Viral Disease,4
D:\CropDiseaseProject\sugarcane_maharashtra\RedRot\redrot (28).jpeg,Red Rot,6
D:\CropDiseaseProject\sugarcane_large\Diseases\BrownRust\image279.jpg,Rust (Brown Rust),7
D:\CropDiseaseProject\sugarcane_maharashtra\Healthy\healthy (439).jpeg,Healthy Leaves,3
D:\CropDiseaseProject\sugarcane_large\Diseases\Banded Chlorosis\image174.jpg,Banded Chlorosis,0
D:\CropDiseaseProject\sugarcane_large\Diseases\Pokkah Boeng\Pokkah Boeng192.jpg,Pokkah Boeng,5
D:\CropDiseaseProject\sugarcane_maharashtra\Mosaic\mosaic (224).jpeg,Mosaic / Viral Disease,4
D:\CropDiseaseProject\sugarcane_maharashtra\Healthy\healthy (403).jpeg,Healthy Leaves,3
D:\CropDiseaseProject\sugarcane_large\Diseases\Pokkah Boeng\Pokkah Boeng141.jpg,Pokkah Boeng,5
D:\CropDiseaseProject\sugarcane_large\Diseases\Brown Spot\image1110.jpg,Brown Spot,1
D:\CropDiseaseProject\sugarcane_large\Diseases\Brown Spot\image1659.jpg,Brown Spot,1
D:\CropDiseaseProject\sugarcane_maharashtra\Rust\rust (504).jpeg,Rust (Brown Rust),7
D:\CropDiseaseProject\sugarcane_large\Diseases\Grassy shoot\image245.jpg,Grassy Shoot,2
D:\CropDiseaseProject\sugarcane_large\Diseases\Brown Spot\image1609.jpg,Brown Spot,1
D:\CropDiseaseProject\sugarcane_maharashtra\Healthy\healthy (247).jpeg,Healthy Leaves,3
D:\CropDiseaseProject\sugarcane_large\Diseases\Sett Rot\Sett Rot113.jpg,Sett Rot,8
D:\CropDiseaseProject\sugarcane_maharashtra\Rust\rust (110).jpeg,Rust (Brown Rust),7
D:\CropDiseaseProject\sugarcane_large\Diseases\Yellow Leaf\Yellow Leaf721.jpg,Yellow Leaf Disease,10
D:\CropDiseaseProject\sugarcane_large\Diseases\Brown Spot\image1037.jpg,Brown Spot,1
D:\CropDiseaseProject\sugarcane_large\Diseases\Grassy shoot\image345.jpg,Grassy Shoot,2
D:\CropDiseaseProject\sugarcane_maharashtra\Yellow\yellow (106).jpeg,Yellow Leaf Disease,10
D:\CropDiseaseProject\sugarcane_large\Diseases\Banded Chlorosis\image325.jpg,Banded Chlorosis,0
D:\CropDiseaseProject\sugarcane_large\Diseases\Brown Spot\image440.jpg,Brown Spot,1
D:\CropDiseaseProject\sugarcane_large\Diseases\Brown Spot\image1604.jpg,Brown Spot,1
D:\CropDiseaseProject\sugarcane_large\Diseases\Banded Chlorosis\image066.jpg,Banded Chlorosis,0
D:\CropDiseaseProject\sugarcane_maharashtra\Mosaic\mosaic (425).jpeg,Mosaic / Viral Disease,4
D:\CropDiseaseProject\sugarcane_large\Diseases\Grassy shoot\image337.jpg,Grassy Shoot,2
D:\CropDiseaseProject\sugarcane_large\Healthy Leaves\image075.jpg,Healthy Leaves,3
D:\CropDiseaseProject\sugarcane_large\Diseases\Brown Spot\image522.jpg,Brown Spot,1
D:\CropDiseaseProject\sugarcane_large\Diseases\Grassy shoot\image159.jpg,Grassy Shoot,2
D:\CropDiseaseProject\sugarcane_large\Diseases\Brown Spot\image810.jpg,Brown Spot,1
D:\CropDiseaseProject\sugarcane_maharashtra\Yellow\yellow (68).jpeg,Yellow Leaf Disease,10
D:\CropDiseaseProject\sugarcane_large\Diseases\Brown Spot\image911.jpg,Brown Spot,1
D:\CropDiseaseProject\sugarcane_maharashtra\Healthy\healthy (132).jpeg,Healthy Leaves,3
D:\CropDiseaseProject\sugarcane_maharashtra\Rust\rust (296).jpeg,Rust (Brown Rust),7
D:\CropDiseaseProject\sugarcane_large\Diseases\Brown Spot\image1288.jpg,Brown Spot,1
D:\CropDiseaseProject\sugarcane_large\Diseases\Banded Chlorosis\image091.jpg,Banded Chlorosis,0
D:\CropDiseaseProject\sugarcane_large\Diseases\Yellow Leaf\Yellow Leaf443.jpg,Yellow Leaf Disease,10
D:\CropDiseaseProject\sugarcane_large\Diseases\Yellow Leaf\Yellow Leaf547.jpg,Yellow Leaf Disease,10
D:\CropDiseaseProject\sugarcane_large\Diseases\Sett Rot\Sett Rot110.jpg,Sett Rot,8
D:\CropDiseaseProject\sugarcane_maharashtra\RedRot\redrot (182).jpeg,Red Rot,6
D:\CropDiseaseProject\sugarcane_large\Diseases\Viral Disease\Viral Disease482.jpg,Mosaic / Viral Disease,4
D:\CropDiseaseProject\sugarcane_large\Diseases\Sett Rot\Sett Rot267.jpg,Sett Rot,8
D:\CropDiseaseProject\sugarcane_large\Diseases\Brown Spot\image345.jpg,Brown Spot,1
D:\CropDiseaseProject\sugarcane_large\Healthy Leaves\image024.jpg,Healthy Leaves,3
D:\CropDiseaseProject\sugarcane_large\Diseases\BrownRust\image053.jpg,Rust (Brown Rust),7
D:\CropDiseaseProject\sugarcane_large\Healthy Leaves\image156.jpg,Healthy Leaves,3
D:\CropDiseaseProject\sugarcane_maharashtra\Yellow\yellow (387).jpeg,Yellow Leaf Disease,10
D:\CropDiseaseProject\sugarcane_large\Diseases\Yellow Leaf\Yellow Leaf714.jpg,Yellow Leaf Disease,10
D:\CropDiseaseProject\sugarcane_large\Diseases\Grassy shoot\image116.jpg,Grassy Shoot,2
D:\CropDiseaseProject\sugarcane_large\Diseases\Brown Spot\image720.jpg,Brown Spot,1
D:\CropDiseaseProject\sugarcane_large\Diseases\Brown Spot\image1192.jpg,Brown Spot,1
D:\CropDiseaseProject\sugarcane_large\Diseases\Yellow Leaf\Yellow Leaf138.jpg,Yellow Leaf Disease,10
D:\CropDiseaseProject\sugarcane_maharashtra\Healthy\healthy (76).jpeg,Healthy Leaves,3
D:\CropDiseaseProject\sugarcane_large\Diseases\smut\Smut224.jpg,Smut,9
D:\CropDiseaseProject\sugarcane_maharashtra\Rust\rust (360).jpeg,Rust (Brown Rust),7
D:\CropDiseaseProject\sugarcane_large\Diseases\Brown Spot\image1506.jpg,Brown Spot,1
D:\CropDiseaseProject\sugarcane_large\Diseases\Banded Chlorosis\image125.jpg,Banded Chlorosis,0
D:\CropDiseaseProject\sugarcane_large\Diseases\smut\Smut262.jpg,Smut,9
D:\CropDiseaseProject\sugarcane_maharashtra\Mosaic\mosaic (276).jpeg,Mosaic / Viral Disease,4
D:\CropDiseaseProject\sugarcane_maharashtra\Yellow\yellow (174).jpeg,Yellow Leaf Disease,10
D:\CropDiseaseProject\sugarcane_large\Diseases\Sett Rot\Sett Rot045.jpg,Sett Rot,8
D:\CropDiseaseProject\sugarcane_large\Diseases\Sett Rot\Sett Rot185.jpg,Sett Rot,8
D:\CropDiseaseProject\sugarcane_large\Diseases\Yellow Leaf\Yellow Leaf115.jpg,Yellow Leaf Disease,10
D:\CropDiseaseProject\sugarcane_large\Diseases\Sett Rot\Sett Rot179.jpg,Sett Rot,8
D:\CropDiseaseProject\sugarcane_large\Diseases\Yellow Leaf\Yellow Leaf903.jpg,Yellow Leaf Disease,10
D:\CropDiseaseProject\sugarcane_maharashtra\RedRot\redrot (426).jpeg,Red Rot,6
D:\CropDiseaseProject\sugarcane_large\Diseases\Brown Spot\image691.jpg,Brown Spot,1
D:\CropDiseaseProject\sugarcane_large\Diseases\Yellow Leaf\Yellow Leaf313.jpg,Yellow Leaf Disease,10
D:\CropDiseaseProject\sugarcane_large\Diseases\Yellow Leaf\Yellow Leaf1007.jpg,Yellow Leaf Disease,10
D:\CropDiseaseProject\sugarcane_large\Diseases\Yellow Leaf\Yellow Leaf395.jpg,Yellow Leaf Disease,10
D:\CropDiseaseProject\sugarcane_maharashtra\Rust\rust (208).jpeg,Rust (Brown Rust),7
D:\CropDiseaseProject\sugarcane_maharashtra\Rust\rust (63).jpeg,Rust (Brown Rust),7
D:\CropDiseaseProject\sugarcane_maharashtra\Mosaic\mosaic (452).jpeg,Mosaic / Viral Disease,4
D:\CropDiseaseProject\sugarcane_maharashtra\RedRot\redrot (15).jpeg,Red Rot,6
D:\CropDiseaseProject\sugarcane_large\Diseases\Brown Spot\image1299.jpg,Brown Spot,1
D:\CropDiseaseProject\sugarcane_large\Diseases\Brown Spot\image1133.jpg,Brown Spot,1
D:\CropDiseaseProject\sugarcane_maharashtra\Rust\rust (99).jpeg,Rust (Brown Rust),7
D:\CropDiseaseProject\sugarcane_large\Healthy Leaves\image160.jpg,Healthy Leaves,3
D:\CropDiseaseProject\sugarcane_maharashtra\Rust\rust (294).jpeg,Rust (Brown Rust),7
D:\CropDiseaseProject\sugarcane_large\Diseases\Brown Spot\image1623.jpg,Brown Spot,1
D:\CropDiseaseProject\sugarcane_large\Diseases\Grassy shoot\image265.jpg,Grassy Shoot,2
D:\CropDiseaseProject\sugarcane_maharashtra\Healthy\healthy (322).jpeg,Healthy Leaves,3
D:\CropDiseaseProject\sugarcane_large\Diseases\Sett Rot\Sett Rot524.jpg,Sett Rot,8
D:\CropDiseaseProject\sugarcane_large\Diseases\Grassy shoot\image052.jpg,Grassy Shoot,2
D:\CropDiseaseProject\sugarcane_large\Diseases\Brown Spot\image072.jpg,Brown Spot,1
D:\CropDiseaseProject\sugarcane_large\Diseases\Sett Rot\Sett Rot361.jpg,Sett Rot,8
D:\CropDiseaseProject\sugarcane_large\Diseases\Banded Chlorosis\image071.jpg,Banded Chlorosis,0
D:\CropDiseaseProject\sugarcane_large\Diseases\BrownRust\image093.jpg,Rust (Brown Rust),7
D:\CropDiseaseProject\sugarcane_large\Diseases\Brown Spot\image982.jpg,Brown Spot,1
D:\CropDiseaseProject\sugarcane_large\Diseases\Yellow Leaf\Yellow Leaf356.jpg,Yellow Leaf Disease,10
D:\CropDiseaseProject\sugarcane_large\Diseases\Brown Spot\image431.jpg,Brown Spot,1
D:\CropDiseaseProject\sugarcane_large\Diseases\Yellow Leaf\Yellow Leaf250.jpg,Yellow Leaf Disease,10
D:\CropDiseaseProject\sugarcane_large\Diseases\Sett Rot\Sett Rot514.jpg,Sett Rot,8
D:\CropDiseaseProject\sugarcane_maharashtra\RedRot\redrot (203).jpeg,Red Rot,6
D:\CropDiseaseProject\sugarcane_large\Diseases\Yellow Leaf\Yellow Leaf272.jpg,Yellow Leaf Disease,10
D:\CropDiseaseProject\sugarcane_large\Diseases\Grassy shoot\image095.jpg,Grassy Shoot,2
D:\CropDiseaseProject\sugarcane_large\Diseases\Yellow Leaf\Yellow Leaf643.jpg,Yellow Leaf Disease,10
D:\CropDiseaseProject\sugarcane_maharashtra\Yellow\yellow (202).jpeg,Yellow Leaf Disease,10
D:\CropDiseaseProject\sugarcane_maharashtra\Yellow\yellow (432).jpeg,Yellow Leaf Disease,10
D:\CropDiseaseProject\sugarcane_large\Healthy Leaves\image189.jpg,Healthy Leaves,3
D:\CropDiseaseProject\sugarcane_large\Diseases\Grassy shoot\image319.jpg,Grassy Shoot,2
D:\CropDiseaseProject\sugarcane_large\Diseases\Brown Spot\image1615.jpg,Brown Spot,1
D:\CropDiseaseProject\sugarcane_maharashtra\RedRot\redrot (271).jpeg,Red Rot,6
D:\CropDiseaseProject\sugarcane_large\Healthy Leaves\image071.jpg,Healthy Leaves,3
D:\CropDiseaseProject\sugarcane_large\Diseases\BrownRust\image190.jpg,Rust (Brown Rust),7
D:\CropDiseaseProject\sugarcane_large\Diseases\BrownRust\image291.jpg,Rust (Brown Rust),7
D:\CropDiseaseProject\sugarcane_maharashtra\RedRot\redrot (428).jpeg,Red Rot,6
D:\CropDiseaseProject\sugarcane_maharashtra\Yellow\yellow (289).jpeg,Yellow Leaf Disease,10
D:\CropDiseaseProject\sugarcane_large\Diseases\Brown Spot\image510.jpg,Brown Spot,1
D:\CropDiseaseProject\sugarcane_maharashtra\Mosaic\mosaic (264).jpeg,Mosaic / Viral Disease,4
D:\CropDiseaseProject\sugarcane_large\Diseases\Brown Spot\image1406.jpg,Brown Spot,1
D:\CropDiseaseProject\sugarcane_large\Diseases\Banded Chlorosis\image443.jpg,Banded Chlorosis,0
D:\CropDiseaseProject\sugarcane_large\Diseases\Brown Spot\image1626.jpg,Brown Spot,1
D:\CropDiseaseProject\sugarcane_large\Diseases\Brown Spot\image441.jpg,Brown Spot,1
D:\CropDiseaseProject\sugarcane_large\Diseases\BrownRust\image205.jpg,Rust (Brown Rust),7
D:\CropDiseaseProject\sugarcane_maharashtra\RedRot\redrot (280).jpeg,Red Rot,6
D:\CropDiseaseProject\sugarcane_maharashtra\RedRot\redrot (299).jpeg,Red Rot,6
D:\CropDiseaseProject\sugarcane_large\Diseases\Sett Rot\Sett Rot234.jpg,Sett Rot,8
D:\CropDiseaseProject\sugarcane_maharashtra\Mosaic\mosaic (355).jpeg,Mosaic / Viral Disease,4
D:\CropDiseaseProject\sugarcane_large\Diseases\Yellow Leaf\Yellow Leaf1037.jpg,Yellow Leaf Disease,10
D:\CropDiseaseProject\sugarcane_large\Diseases\Yellow Leaf\Yellow Leaf1001.jpg,Yellow Leaf Disease,10
D:\CropDiseaseProject\sugarcane_large\Diseases\Brown Spot\image958.jpg,Brown Spot,1
D:\CropDiseaseProject\sugarcane_large\Diseases\Sett Rot\Sett Rot553.jpg,Sett Rot,8
D:\CropDiseaseProject\sugarcane_maharashtra\Mosaic\mosaic (101).jpeg,Mosaic / Viral Disease,4
D:\CropDiseaseProject\sugarcane_large\Diseases\Viral Disease\Viral Disease086.jpg,Mosaic / Viral Disease,4
D:\CropDiseaseProject\sugarcane_large\Diseases\Brown Spot\image114.jpg,Brown Spot,1
D:\CropDiseaseProject\sugarcane_maharashtra\Mosaic\mosaic (286).jpeg,Mosaic / Viral Disease,4
D:\CropDiseaseProject\sugarcane_large\Diseases\Brown Spot\image021.jpg,Brown Spot,1
D:\CropDiseaseProject\sugarcane_maharashtra\RedRot\redrot (37).jpeg,Red Rot,6
D:\CropDiseaseProject\sugarcane_maharashtra\RedRot\redrot (54).jpeg,Red Rot,6
D:\CropDiseaseProject\sugarcane_large\Healthy Leaves\image199.jpg,Healthy Leaves,3
D:\CropDiseaseProject\sugarcane_large\Diseases\Sett Rot\Sett Rot498.jpg,Sett Rot,8
D:\CropDiseaseProject\sugarcane_large\Diseases\Brown Spot\image653.jpg,Brown Spot,1
D:\CropDiseaseProject\sugarcane_large\Diseases\Grassy shoot\image281.jpg,Grassy Shoot,2
D:\CropDiseaseProject\sugarcane_large\Diseases\Banded Chlorosis\image319.jpg,Banded Chlorosis,0
D:\CropDiseaseProject\sugarcane_maharashtra\Healthy\healthy (228).jpeg,Healthy Leaves,3
D:\CropDiseaseProject\sugarcane_large\Diseases\BrownRust\image179.jpg,Rust (Brown Rust),7
D:\CropDiseaseProject\sugarcane_large\Diseases\Yellow Leaf\Yellow Leaf331.jpg,Yellow Leaf Disease,10
D:\CropDiseaseProject\sugarcane_maharashtra\RedRot\redrot (473).jpeg,Red Rot,6
D:\CropDiseaseProject\sugarcane_maharashtra\Mosaic\mosaic (398).jpeg,Mosaic / Viral Disease,4
D:\CropDiseaseProject\sugarcane_maharashtra\Rust\rust (429).jpeg,Rust (Brown Rust),7
D:\CropDiseaseProject\sugarcane_large\Diseases\Brown Spot\image1285.jpg,Brown Spot,1
D:\CropDiseaseProject\sugarcane_large\Diseases\Yellow Leaf\Yellow Leaf292.jpg,Yellow Leaf Disease,10
D:\CropDiseaseProject\sugarcane_large\Diseases\Yellow Leaf\Yellow Leaf1038.jpg,Yellow Leaf Disease,10
D:\CropDiseaseProject\sugarcane_maharashtra\Rust\rust (241).jpeg,Rust (Brown Rust),7
D:\CropDiseaseProject\sugarcane_large\Diseases\Pokkah Boeng\Pokkah Boeng284.jpg,Pokkah Boeng,5
D:\CropDiseaseProject\sugarcane_large\Diseases\Viral Disease\Viral Disease330.jpg,Mosaic / Viral Disease,4
D:\CropDiseaseProject\sugarcane_maharashtra\Yellow\yellow (154).jpeg,Yellow Leaf Disease,10
D:\CropDiseaseProject\sugarcane_large\Diseases\Banded Chlorosis\image267.jpg,Banded Chlorosis,0
D:\CropDiseaseProject\sugarcane_large\Diseases\Brown Spot\image482.jpg,Brown Spot,1
D:\CropDiseaseProject\sugarcane_maharashtra\RedRot\redrot (488).jpeg,Red Rot,6
D:\CropDiseaseProject\sugarcane_large\Diseases\Grassy shoot\image262.jpg,Grassy Shoot,2
D:\CropDiseaseProject\sugarcane_maharashtra\Yellow\yellow (412).jpeg,Yellow Leaf Disease,10
D:\CropDiseaseProject\sugarcane_maharashtra\Yellow\yellow (488).jpeg,Yellow Leaf Disease,10
D:\CropDiseaseProject\sugarcane_maharashtra\Rust\rust (139).jpeg,Rust (Brown Rust),7
D:\CropDiseaseProject\sugarcane_large\Diseases\Brown Spot\image002.jpg,Brown Spot,1
D:\CropDiseaseProject\sugarcane_large\Diseases\Banded Chlorosis\image123.jpg,Banded Chlorosis,0
D:\CropDiseaseProject\sugarcane_large\Diseases\Banded Chlorosis\image104.jpg,Banded Chlorosis,0
D:\CropDiseaseProject\sugarcane_large\Diseases\smut\Smut178.jpg,Smut,9
D:\CropDiseaseProject\sugarcane_maharashtra\Healthy\healthy (376).jpeg,Healthy Leaves,3
D:\CropDiseaseProject\sugarcane_large\Diseases\Viral Disease\Viral Disease517.jpg,Mosaic / Viral Disease,4
D:\CropDiseaseProject\sugarcane_large\Diseases\Sett Rot\Sett Rot549.jpg,Sett Rot,8
D:\CropDiseaseProject\sugarcane_large\Diseases\Viral Disease\Viral Disease128.jpg,Mosaic / Viral Disease,4
D:\CropDiseaseProject\sugarcane_large\Diseases\Grassy shoot\image068.jpg,Grassy Shoot,2
D:\CropDiseaseProject\sugarcane_large\Healthy Leaves\image077.jpg,Healthy Leaves,3
D:\CropDiseaseProject\sugarcane_maharashtra\Rust\rust (448).jpeg,Rust (Brown Rust),7
D:\CropDiseaseProject\sugarcane_large\Diseases\BrownRust\image174.jpg,Rust (Brown Rust),7
D:\CropDiseaseProject\sugarcane_maharashtra\RedRot\redrot (418).jpeg,Red Rot,6
D:\CropDiseaseProject\sugarcane_large\Diseases\Brown Spot\image1020.jpg,Brown Spot,1
D:\CropDiseaseProject\sugarcane_large\Healthy Leaves\image288.jpg,Healthy Leaves,3
D:\CropDiseaseProject\sugarcane_maharashtra\RedRot\redrot (245).jpeg,Red Rot,6
D:\CropDiseaseProject\sugarcane_large\Diseases\Brown Spot\image1497.jpg,Brown Spot,1
D:\CropDiseaseProject\sugarcane_large\Diseases\Yellow Leaf\Yellow Leaf988.jpg,Yellow Leaf Disease,10
D:\CropDiseaseProject\sugarcane_large\Diseases\Yellow Leaf\Yellow Leaf457.jpg,Yellow Leaf Disease,10
D:\CropDiseaseProject\sugarcane_large\Diseases\Banded Chlorosis\image347.jpg,Banded Chlorosis,0
D:\CropDiseaseProject\sugarcane_large\Diseases\Pokkah Boeng\Pokkah Boeng016.jpg,Pokkah Boeng,5
D:\CropDiseaseProject\sugarcane_large\Diseases\Brown Spot\image1520.jpg,Brown Spot,1
D:\CropDiseaseProject\sugarcane_maharashtra\Rust\rust (353).jpeg,Rust (Brown Rust),7
D:\CropDiseaseProject\sugarcane_maharashtra\Mosaic\mosaic (253).jpeg,Mosaic / Viral Disease,4
D:\CropDiseaseProject\sugarcane_large\Diseases\Yellow Leaf\Yellow Leaf477.jpg,Yellow Leaf Disease,10
D:\CropDiseaseProject\sugarcane_large\Diseases\BrownRust\image181.jpg,Rust (Brown Rust),7
D:\CropDiseaseProject\sugarcane_large\Diseases\Brown Spot\image888.jpg,Brown Spot,1
D:\CropDiseaseProject\sugarcane_maharashtra\Yellow\yellow (186).jpeg,Yellow Leaf Disease,10
D:\CropDiseaseProject\sugarcane_maharashtra\Healthy\healthy (262).jpeg,Healthy Leaves,3
D:\CropDiseaseProject\sugarcane_large\Diseases\Yellow Leaf\Yellow Leaf1045.jpg,Yellow Leaf Disease,10
D:\CropDiseaseProject\sugarcane_large\Diseases\Banded Chlorosis\image348.jpg,Banded Chlorosis,0
D:\CropDiseaseProject\sugarcane_maharashtra\Yellow\yellow (301).jpeg,Yellow Leaf Disease,10
D:\CropDiseaseProject\sugarcane_large\Diseases\Yellow Leaf\Yellow Leaf105.jpg,Yellow Leaf Disease,10
D:\CropDiseaseProject\sugarcane_maharashtra\RedRot\redrot (109).jpeg,Red Rot,6
D:\CropDiseaseProject\sugarcane_maharashtra\Healthy\healthy (206).jpeg,Healthy Leaves,3
D:\CropDiseaseProject\sugarcane_maharashtra\RedRot\redrot (189).jpeg,Red Rot,6
D:\CropDiseaseProject\sugarcane_large\Diseases\Banded Chlorosis\image074.jpg,Banded Chlorosis,0
D:\CropDiseaseProject\sugarcane_maharashtra\RedRot\redrot (349).jpeg,Red Rot,6
D:\CropDiseaseProject\sugarcane_large\Diseases\Viral Disease\Viral Disease333.jpg,Mosaic / Viral Disease,4
D:\CropDiseaseProject\sugarcane_large\Diseases\Brown Spot\image1161.jpg,Brown Spot,1
D:\CropDiseaseProject\sugarcane_large\Diseases\Yellow Leaf\Yellow Leaf1148.jpg,Yellow Leaf Disease,10
D:\CropDiseaseProject\sugarcane_maharashtra\Healthy\healthy (463).jpeg,Healthy Leaves,3
D:\CropDiseaseProject\sugarcane_maharashtra\Mosaic\mosaic (190).jpeg,Mosaic / Viral Disease,4
D:\CropDiseaseProject\sugarcane_large\Diseases\Yellow Leaf\Yellow Leaf148.jpg,Yellow Leaf Disease,10
D:\CropDiseaseProject\sugarcane_large\Diseases\Banded Chlorosis\image300.jpg,Banded Chlorosis,0
D:\CropDiseaseProject\sugarcane_maharashtra\RedRot\redrot (12).jpeg,Red Rot,6
D:\CropDiseaseProject\sugarcane_large\Diseases\Viral Disease\Viral Disease342.jpg,Mosaic / Viral Disease,4
D:\CropDiseaseProject\sugarcane_large\Diseases\Pokkah Boeng\Pokkah Boeng110.jpg,Pokkah Boeng,5
D:\CropDiseaseProject\sugarcane_large\Diseases\Yellow Leaf\Yellow Leaf876.jpg,Yellow Leaf Disease,10
D:\CropDiseaseProject\sugarcane_large\Diseases\Yellow Leaf\Yellow Leaf017.jpg,Yellow Leaf Disease,10
D:\CropDiseaseProject\sugarcane_maharashtra\Rust\rust (281).jpeg,Rust (Brown Rust),7
D:\CropDiseaseProject\sugarcane_large\Diseases\Pokkah Boeng\Pokkah Boeng189.jpg,Pokkah Boeng,5
D:\CropDiseaseProject\sugarcane_large\Diseases\Brown Spot\image1140.jpg,Brown Spot,1
D:\CropDiseaseProject\sugarcane_large\Diseases\Viral Disease\Viral Disease407.jpg,Mosaic / Viral Disease,4
D:\CropDiseaseProject\sugarcane_maharashtra\Healthy\healthy (169).jpeg,Healthy Leaves,3
D:\CropDiseaseProject\sugarcane_large\Diseases\Brown Spot\image568.jpg,Brown Spot,1
D:\CropDiseaseProject\sugarcane_maharashtra\RedRot\redrot (307).jpeg,Red Rot,6
D:\CropDiseaseProject\sugarcane_large\Diseases\Pokkah Boeng\Pokkah Boeng097.jpg,Pokkah Boeng,5
D:\CropDiseaseProject\sugarcane_large\Diseases\Yellow Leaf\Yellow Leaf214.jpg,Yellow Leaf Disease,10
D:\CropDiseaseProject\sugarcane_large\Diseases\Grassy shoot\image324.jpg,Grassy Shoot,2
D:\CropDiseaseProject\sugarcane_large\Diseases\Brown Spot\image474.jpg,Brown Spot,1
D:\CropDiseaseProject\sugarcane_large\Healthy Leaves\image133.jpg,Healthy Leaves,3
D:\CropDiseaseProject\sugarcane_large\Diseases\Yellow Leaf\Yellow Leaf199.jpg,Yellow Leaf Disease,10
D:\CropDiseaseProject\sugarcane_large\Diseases\BrownRust\image144.jpg,Rust (Brown Rust),7
D:\CropDiseaseProject\sugarcane_large\Diseases\Yellow Leaf\Yellow Leaf388.jpg,Yellow Leaf Disease,10
D:\CropDiseaseProject\sugarcane_maharashtra\Healthy\healthy (173).jpeg,Healthy Leaves,3
D:\CropDiseaseProject\sugarcane_large\Diseases\Brown Spot\image1593.jpg,Brown Spot,1
D:\CropDiseaseProject\sugarcane_large\Diseases\Sett Rot\Sett Rot034.jpg,Sett Rot,8
D:\CropDiseaseProject\sugarcane_large\Diseases\Sett Rot\Sett Rot414.jpg,Sett Rot,8
D:\CropDiseaseProject\sugarcane_large\Healthy Leaves\image295.jpg,Healthy Leaves,3
D:\CropDiseaseProject\sugarcane_large\Diseases\Yellow Leaf\Yellow Leaf1051.jpg,Yellow Leaf Disease,10
D:\CropDiseaseProject\sugarcane_large\Diseases\Brown Spot\image712.jpg,Brown Spot,1
D:\CropDiseaseProject\sugarcane_maharashtra\Healthy\healthy (126).jpeg,Healthy Leaves,3
D:\CropDiseaseProject\sugarcane_large\Diseases\Viral Disease\Viral Disease463.jpg,Mosaic / Viral Disease,4
D:\CropDiseaseProject\sugarcane_large\Diseases\Yellow Leaf\Yellow Leaf1014.jpg,Yellow Leaf Disease,10
D:\CropDiseaseProject\sugarcane_large\Diseases\Viral Disease\Viral Disease544.jpg,Mosaic / Viral Disease,4
D:\CropDiseaseProject\sugarcane_maharashtra\Healthy\healthy (384).jpeg,Healthy Leaves,3
D:\CropDiseaseProject\sugarcane_maharashtra\Rust\rust (305).jpeg,Rust (Brown Rust),7
D:\CropDiseaseProject\sugarcane_large\Diseases\Brown Spot\image1042.jpg,Brown Spot,1
D:\CropDiseaseProject\sugarcane_large\Diseases\Yellow Leaf\Yellow Leaf706.jpg,Yellow Leaf Disease,10
D:\CropDiseaseProject\sugarcane_large\Diseases\Banded Chlorosis\image324.jpg,Banded Chlorosis,0
D:\CropDiseaseProject\sugarcane_large\Diseases\Brown Spot\image1419.jpg,Brown Spot,1
D:\CropDiseaseProject\sugarcane_large\Diseases\Sett Rot\Sett Rot588.jpg,Sett Rot,8
D:\CropDiseaseProject\sugarcane_large\Diseases\Viral Disease\Viral Disease478.jpg,Mosaic / Viral Disease,4
D:\CropDiseaseProject\sugarcane_maharashtra\Healthy\healthy (1).jpeg,Healthy Leaves,3
D:\CropDiseaseProject\sugarcane_maharashtra\Yellow\yellow (326).jpeg,Yellow Leaf Disease,10
D:\CropDiseaseProject\sugarcane_large\Diseases\Brown Spot\image1092.jpg,Brown Spot,1
D:\CropDiseaseProject\sugarcane_maharashtra\Healthy\healthy (168).jpeg,Healthy Leaves,3
D:\CropDiseaseProject\sugarcane_large\Diseases\Brown Spot\image397.jpg,Brown Spot,1
D:\CropDiseaseProject\sugarcane_large\Diseases\Grassy shoot\image275.jpg,Grassy Shoot,2
D:\CropDiseaseProject\sugarcane_maharashtra\Rust\rust (68).jpeg,Rust (Brown Rust),7
D:\CropDiseaseProject\sugarcane_maharashtra\Yellow\yellow (291).jpeg,Yellow Leaf Disease,10
D:\CropDiseaseProject\sugarcane_maharashtra\Yellow\yellow (346).jpeg,Yellow Leaf Disease,10
D:\CropDiseaseProject\sugarcane_large\Diseases\Grassy shoot\image288.jpg,Grassy Shoot,2
D:\CropDiseaseProject\sugarcane_large\Diseases\Yellow Leaf\Yellow Leaf109.jpg,Yellow Leaf Disease,10
D:\CropDiseaseProject\sugarcane_large\Diseases\Viral Disease\Viral Disease645.jpg,Mosaic / Viral Disease,4
D:\CropDiseaseProject\sugarcane_large\Diseases\Brown Spot\image428.jpg,Brown Spot,1
D:\CropDiseaseProject\sugarcane_maharashtra\Mosaic\mosaic (32).jpeg,Mosaic / Viral Disease,4
D:\CropDiseaseProject\sugarcane_maharashtra\Yellow\yellow (456).jpeg,Yellow Leaf Disease,10
D:\CropDiseaseProject\sugarcane_large\Diseases\Yellow Leaf\Yellow Leaf202.jpg,Yellow Leaf Disease,10
D:\CropDiseaseProject\sugarcane_maharashtra\Healthy\healthy (308).jpeg,Healthy Leaves,3
D:\CropDiseaseProject\sugarcane_large\Diseases\Sett Rot\Sett Rot537.jpg,Sett Rot,8
D:\CropDiseaseProject\sugarcane_large\Diseases\Pokkah Boeng\Pokkah Boeng044.jpg,Pokkah Boeng,5
D:\CropDiseaseProject\sugarcane_large\Diseases\Yellow Leaf\Yellow Leaf502.jpg,Yellow Leaf Disease,10
D:\CropDiseaseProject\sugarcane_large\Diseases\Brown Spot\image1493.jpg,Brown Spot,1
D:\CropDiseaseProject\sugarcane_maharashtra\RedRot\redrot (205).jpeg,Red Rot,6
D:\CropDiseaseProject\sugarcane_large\Diseases\Yellow Leaf\Yellow Leaf734.jpg,Yellow Leaf Disease,10
D:\CropDiseaseProject\sugarcane_large\Diseases\Sett Rot\Sett Rot216.jpg,Sett Rot,8
D:\CropDiseaseProject\sugarcane_maharashtra\Healthy\healthy (197).jpeg,Healthy Leaves,3
D:\CropDiseaseProject\sugarcane_maharashtra\Rust\rust (168).jpeg,Rust (Brown Rust),7
D:\CropDiseaseProject\sugarcane_large\Diseases\Pokkah Boeng\Pokkah Boeng080.jpg,Pokkah Boeng,5
D:\CropDiseaseProject\sugarcane_maharashtra\RedRot\redrot (106).jpeg,Red Rot,6
D:\CropDiseaseProject\sugarcane_maharashtra\Healthy\healthy (323).jpeg,Healthy Leaves,3
D:\CropDiseaseProject\sugarcane_large\Diseases\Yellow Leaf\Yellow Leaf589.jpg,Yellow Leaf Disease,10
D:\CropDiseaseProject\sugarcane_maharashtra\Rust\rust (175).jpeg,Rust (Brown Rust),7
D:\CropDiseaseProject\sugarcane_large\Diseases\smut\Smut063.jpg,Smut,9
D:\CropDiseaseProject\sugarcane_large\Diseases\smut\Smut027.jpg,Smut,9
D:\CropDiseaseProject\sugarcane_large\Diseases\Viral Disease\Viral Disease657.jpg,Mosaic / Viral Disease,4
D:\CropDiseaseProject\sugarcane_large\Diseases\Viral Disease\Viral Disease653.jpg,Mosaic / Viral Disease,4
D:\CropDiseaseProject\sugarcane_large\Diseases\Grassy shoot\image237.jpg,Grassy Shoot,2
D:\CropDiseaseProject\sugarcane_large\Diseases\Brown Spot\image511.jpg,Brown Spot,1
D:\CropDiseaseProject\sugarcane_large\Diseases\Brown Spot\image1055.jpg,Brown Spot,1
D:\CropDiseaseProject\sugarcane_large\Diseases\Brown Spot\image774.jpg,Brown Spot,1
D:\CropDiseaseProject\sugarcane_large\Diseases\Banded Chlorosis\image012.jpg,Banded Chlorosis,0
D:\CropDiseaseProject\sugarcane_large\Diseases\Pokkah Boeng\Pokkah Boeng169.jpg,Pokkah Boeng,5
D:\CropDiseaseProject\sugarcane_large\Diseases\Viral Disease\Viral Disease328.jpg,Mosaic / Viral Disease,4
D:\CropDiseaseProject\sugarcane_large\Diseases\Grassy shoot\image016.jpg,Grassy Shoot,2
D:\CropDiseaseProject\sugarcane_large\Diseases\Yellow Leaf\Yellow Leaf447.jpg,Yellow Leaf Disease,10
D:\CropDiseaseProject\sugarcane_large\Diseases\Sett Rot\Sett Rot381.jpg,Sett Rot,8
D:\CropDiseaseProject\sugarcane_large\Diseases\Viral Disease\Viral Disease435.jpg,Mosaic / Viral Disease,4
D:\CropDiseaseProject\sugarcane_large\Diseases\smut\Smut089.jpg,Smut,9
D:\CropDiseaseProject\sugarcane_maharashtra\Healthy\healthy (81).jpeg,Healthy Leaves,3
D:\CropDiseaseProject\sugarcane_large\Diseases\Brown Spot\image042.jpg,Brown Spot,1
D:\CropDiseaseProject\sugarcane_maharashtra\RedRot\redrot (374).jpeg,Red Rot,6
D:\CropDiseaseProject\sugarcane_large\Diseases\Pokkah Boeng\Pokkah Boeng031.jpg,Pokkah Boeng,5
D:\CropDiseaseProject\sugarcane_large\Diseases\smut\Smut270.jpg,Smut,9
D:\CropDiseaseProject\sugarcane_large\Diseases\Yellow Leaf\Yellow Leaf975.jpg,Yellow Leaf Disease,10
D:\CropDiseaseProject\sugarcane_large\Diseases\Brown Spot\image489.jpg,Brown Spot,1
D:\CropDiseaseProject\sugarcane_large\Diseases\BrownRust\image209.jpg,Rust (Brown Rust),7
D:\CropDiseaseProject\sugarcane_maharashtra\Healthy\healthy (63).jpeg,Healthy Leaves,3
D:\CropDiseaseProject\sugarcane_large\Diseases\Brown Spot\image417.jpg,Brown Spot,1
D:\CropDiseaseProject\sugarcane_large\Diseases\Sett Rot\Sett Rot377.jpg,Sett Rot,8
D:\CropDiseaseProject\sugarcane_large\Diseases\smut\Smut015.jpg,Smut,9
D:\CropDiseaseProject\sugarcane_large\Diseases\Yellow Leaf\Yellow Leaf456.jpg,Yellow Leaf Disease,10
D:\CropDiseaseProject\sugarcane_large\Diseases\Sett Rot\Sett Rot286.jpg,Sett Rot,8
D:\CropDiseaseProject\sugarcane_large\Diseases\Brown Spot\image1404.jpg,Brown Spot,1
D:\CropDiseaseProject\sugarcane_maharashtra\Healthy\healthy (39).jpeg,Healthy Leaves,3
D:\CropDiseaseProject\sugarcane_large\Diseases\BrownRust\image151.jpg,Rust (Brown Rust),7
D:\CropDiseaseProject\sugarcane_large\Diseases\Brown Spot\image1059.jpg,Brown Spot,1
D:\CropDiseaseProject\sugarcane_maharashtra\RedRot\redrot (477).jpeg,Red Rot,6
D:\CropDiseaseProject\sugarcane_large\Diseases\Yellow Leaf\Yellow Leaf410.jpg,Yellow Leaf Disease,10
D:\CropDiseaseProject\sugarcane_maharashtra\Mosaic\mosaic (61).jpeg,Mosaic / Viral Disease,4
D:\CropDiseaseProject\sugarcane_maharashtra\Mosaic\mosaic (195).jpeg,Mosaic / Viral Disease,4
D:\CropDiseaseProject\sugarcane_large\Diseases\Pokkah Boeng\Pokkah Boeng098.jpg,Pokkah Boeng,5
D:\CropDiseaseProject\sugarcane_large\Diseases\Banded Chlorosis\image284.jpg,Banded Chlorosis,0
D:\CropDiseaseProject\sugarcane_maharashtra\RedRot\redrot (319).jpeg,Red Rot,6
D:\CropDiseaseProject\sugarcane_large\Diseases\Viral Disease\Viral Disease114.jpg,Mosaic / Viral Disease,4
D:\CropDiseaseProject\sugarcane_large\Diseases\Brown Spot\image584.jpg,Brown Spot,1
D:\CropDiseaseProject\sugarcane_large\Diseases\Pokkah Boeng\Pokkah Boeng045.jpg,Pokkah Boeng,5
D:\CropDiseaseProject\sugarcane_large\Diseases\Viral Disease\Viral Disease658.jpg,Mosaic / Viral Disease,4
D:\CropDiseaseProject\sugarcane_large\Diseases\smut\Smut002.jpg,Smut,9
D:\CropDiseaseProject\sugarcane_large\Diseases\Yellow Leaf\Yellow Leaf167.jpg,Yellow Leaf Disease,10
D:\CropDiseaseProject\sugarcane_large\Diseases\Yellow Leaf\Yellow Leaf093.jpg,Yellow Leaf Disease,10
D:\CropDiseaseProject\sugarcane_maharashtra\Yellow\yellow (237).jpeg,Yellow Leaf Disease,10
D:\CropDiseaseProject\sugarcane_large\Healthy Leaves\image021.jpg,Healthy Leaves,3
D:\CropDiseaseProject\sugarcane_maharashtra\Yellow\yellow (270).jpeg,Yellow Leaf Disease,10
D:\CropDiseaseProject\sugarcane_large\Healthy Leaves\image266.jpg,Healthy Leaves,3
D:\CropDiseaseProject\sugarcane_large\Diseases\Brown Spot\image615.jpg,Brown Spot,1
D:\CropDiseaseProject\sugarcane_large\Diseases\Brown Spot\image480.jpg,Brown Spot,1
D:\CropDiseaseProject\sugarcane_large\Diseases\Brown Spot\image1271.jpg,Brown Spot,1
D:\CropDiseaseProject\sugarcane_large\Diseases\Grassy shoot\image293.jpg,Grassy Shoot,2
D:\CropDiseaseProject\sugarcane_maharashtra\Rust\rust (379).jpeg,Rust (Brown Rust),7
D:\CropDiseaseProject\sugarcane_maharashtra\Rust\rust (235).jpeg,Rust (Brown Rust),7
D:\CropDiseaseProject\sugarcane_maharashtra\Mosaic\mosaic (363).jpeg,Mosaic / Viral Disease,4
D:\CropDiseaseProject\sugarcane_large\Diseases\Yellow Leaf\Yellow Leaf740.jpg,Yellow Leaf Disease,10
D:\CropDiseaseProject\sugarcane_large\Diseases\Brown Spot\image948.jpg,Brown Spot,1
D:\CropDiseaseProject\sugarcane_maharashtra\Mosaic\mosaic (306).jpeg,Mosaic / Viral Disease,4
D:\CropDiseaseProject\sugarcane_maharashtra\RedRot\redrot (436).jpeg,Red Rot,6
D:\CropDiseaseProject\sugarcane_large\Diseases\Yellow Leaf\Yellow Leaf689.jpg,Yellow Leaf Disease,10
D:\CropDiseaseProject\sugarcane_large\Diseases\Yellow Leaf\Yellow Leaf1151.jpg,Yellow Leaf Disease,10
D:\CropDiseaseProject\sugarcane_large\Diseases\Yellow Leaf\Yellow Leaf128.jpg,Yellow Leaf Disease,10
D:\CropDiseaseProject\sugarcane_maharashtra\Yellow\yellow (281).jpeg,Yellow Leaf Disease,10
D:\CropDiseaseProject\sugarcane_large\Diseases\Sett Rot\Sett Rot592.jpg,Sett Rot,8
D:\CropDiseaseProject\sugarcane_large\Diseases\Brown Spot\image1563.jpg,Brown Spot,1
D:\CropDiseaseProject\sugarcane_large\Diseases\Brown Spot\image276.jpg,Brown Spot,1
D:\CropDiseaseProject\sugarcane_large\Diseases\Yellow Leaf\Yellow Leaf592.jpg,Yellow Leaf Disease,10
D:\CropDiseaseProject\sugarcane_large\Diseases\Brown Spot\image1381.jpg,Brown Spot,1
D:\CropDiseaseProject\sugarcane_large\Diseases\Banded Chlorosis\image429.jpg,Banded Chlorosis,0
D:\CropDiseaseProject\sugarcane_large\Healthy Leaves\image301.jpg,Healthy Leaves,3
D:\CropDiseaseProject\sugarcane_large\Diseases\Sett Rot\Sett Rot192.jpg,Sett Rot,8
D:\CropDiseaseProject\sugarcane_large\Diseases\smut\Smut138.jpg,Smut,9
D:\CropDiseaseProject\sugarcane_maharashtra\Rust\rust (245).jpeg,Rust (Brown Rust),7
D:\CropDiseaseProject\sugarcane_large\Diseases\Brown Spot\image520.jpg,Brown Spot,1
D:\CropDiseaseProject\sugarcane_large\Diseases\BrownRust\image245.jpg,Rust (Brown Rust),7
D:\CropDiseaseProject\sugarcane_maharashtra\Mosaic\mosaic (454).jpeg,Mosaic / Viral Disease,4
D:\CropDiseaseProject\sugarcane_maharashtra\Rust\rust (82).jpeg,Rust (Brown Rust),7
D:\CropDiseaseProject\sugarcane_large\Diseases\Yellow Leaf\Yellow Leaf1111.jpg,Yellow Leaf Disease,10
D:\CropDiseaseProject\sugarcane_maharashtra\RedRot\redrot (134).jpeg,Red Rot,6
D:\CropDiseaseProject\sugarcane_maharashtra\Healthy\healthy (347).jpeg,Healthy Leaves,3
D:\CropDiseaseProject\sugarcane_large\Diseases\Brown Spot\image112.jpg,Brown Spot,1
D:\CropDiseaseProject\sugarcane_maharashtra\Mosaic\mosaic (183).jpeg,Mosaic / Viral Disease,4
D:\CropDiseaseProject\sugarcane_maharashtra\Mosaic\mosaic (431).jpeg,Mosaic / Viral Disease,4
D:\CropDiseaseProject\sugarcane_maharashtra\Rust\rust (31).jpeg,Rust (Brown Rust),7
D:\CropDiseaseProject\sugarcane_large\Diseases\Brown Spot\image526.jpg,Brown Spot,1
D:\CropDiseaseProject\sugarcane_large\Diseases\Yellow Leaf\Yellow Leaf240.jpg,Yellow Leaf Disease,10
D:\CropDiseaseProject\sugarcane_large\Diseases\Yellow Leaf\Yellow Leaf899.jpg,Yellow Leaf Disease,10
D:\CropDiseaseProject\sugarcane_large\Diseases\Yellow Leaf\Yellow Leaf294.jpg,Yellow Leaf Disease,10
D:\CropDiseaseProject\sugarcane_large\Diseases\Brown Spot\image1303.jpg,Brown Spot,1
D:\CropDiseaseProject\sugarcane_maharashtra\Yellow\yellow (92).jpeg,Yellow Leaf Disease,10
D:\CropDiseaseProject\sugarcane_maharashtra\Yellow\yellow (497).jpeg,Yellow Leaf Disease,10
D:\CropDiseaseProject\sugarcane_large\Diseases\Viral Disease\Viral Disease150.jpg,Mosaic / Viral Disease,4
D:\CropDiseaseProject\sugarcane_maharashtra\Healthy\healthy (267).jpeg,Healthy Leaves,3
D:\CropDiseaseProject\sugarcane_large\Diseases\Viral Disease\Viral Disease423.jpg,Mosaic / Viral Disease,4
D:\CropDiseaseProject\sugarcane_maharashtra\Rust\rust (496).jpeg,Rust (Brown Rust),7
D:\CropDiseaseProject\sugarcane_large\Diseases\Sett Rot\Sett Rot411.jpg,Sett Rot,8
D:\CropDiseaseProject\sugarcane_large\Diseases\Yellow Leaf\Yellow Leaf279.jpg,Yellow Leaf Disease,10
D:\CropDiseaseProject\sugarcane_large\Diseases\Yellow Leaf\Yellow Leaf944.jpg,Yellow Leaf Disease,10
D:\CropDiseaseProject\sugarcane_large\Diseases\Grassy shoot\image024.jpg,Grassy Shoot,2
D:\CropDiseaseProject\sugarcane_large\Diseases\Pokkah Boeng\Pokkah Boeng022.jpg,Pokkah Boeng,5
D:\CropDiseaseProject\sugarcane_large\Diseases\Brown Spot\image071.jpg,Brown Spot,1
D:\CropDiseaseProject\sugarcane_maharashtra\RedRot\redrot (149).jpeg,Red Rot,6
D:\CropDiseaseProject\sugarcane_large\Diseases\Brown Spot\image900.jpg,Brown Spot,1
D:\CropDiseaseProject\sugarcane_large\Diseases\Brown Spot\image837.jpg,Brown Spot,1
D:\CropDiseaseProject\sugarcane_large\Diseases\Yellow Leaf\Yellow Leaf1145.jpg,Yellow Leaf Disease,10
D:\CropDiseaseProject\sugarcane_large\Diseases\Brown Spot\image132.jpg,Brown Spot,1
D:\CropDiseaseProject\sugarcane_maharashtra\Mosaic\mosaic (279).jpeg,Mosaic / Viral Disease,4
D:\CropDiseaseProject\sugarcane_large\Diseases\Pokkah Boeng\Pokkah Boeng046.jpg,Pokkah Boeng,5
D:\CropDiseaseProject\sugarcane_large\Diseases\Sett Rot\Sett Rot288.jpg,Sett Rot,8
D:\CropDiseaseProject\sugarcane_large\Diseases\Viral Disease\Viral Disease198.jpg,Mosaic / Viral Disease,4
D:\CropDiseaseProject\sugarcane_maharashtra\Rust\rust (101).jpeg,Rust (Brown Rust),7
D:\CropDiseaseProject\sugarcane_large\Diseases\Viral Disease\Viral Disease316.jpg,Mosaic / Viral Disease,4
D:\CropDiseaseProject\sugarcane_large\Diseases\Sett Rot\Sett Rot131.jpg,Sett Rot,8
D:\CropDiseaseProject\sugarcane_large\Diseases\Brown Spot\image992.jpg,Brown Spot,1
D:\CropDiseaseProject\sugarcane_large\Healthy Leaves\image171.jpg,Healthy Leaves,3
D:\CropDiseaseProject\sugarcane_maharashtra\Mosaic\mosaic (426).jpeg,Mosaic / Viral Disease,4
D:\CropDiseaseProject\sugarcane_maharashtra\Mosaic\mosaic (358).jpeg,Mosaic / Viral Disease,4
D:\CropDiseaseProject\sugarcane_maharashtra\Yellow\yellow (414).jpeg,Yellow Leaf Disease,10
D:\CropDiseaseProject\sugarcane_large\Diseases\Viral Disease\Viral Disease526.jpg,Mosaic / Viral Disease,4
D:\CropDiseaseProject\sugarcane_large\Diseases\Banded Chlorosis\image153.jpg,Banded Chlorosis,0
D:\CropDiseaseProject\sugarcane_large\Diseases\Sett Rot\Sett Rot279.jpg,Sett Rot,8
D:\CropDiseaseProject\sugarcane_large\Diseases\Sett Rot\Sett Rot109.jpg,Sett Rot,8
D:\CropDiseaseProject\sugarcane_large\Diseases\Viral Disease\Viral Disease049.jpg,Mosaic / Viral Disease,4
D:\CropDiseaseProject\sugarcane_large\Diseases\Yellow Leaf\Yellow Leaf933.jpg,Yellow Leaf Disease,10
D:\CropDiseaseProject\sugarcane_maharashtra\Mosaic\mosaic (265).jpeg,Mosaic / Viral Disease,4
D:\CropDiseaseProject\sugarcane_maharashtra\Rust\rust (223).jpeg,Rust (Brown Rust),7
D:\CropDiseaseProject\sugarcane_maharashtra\RedRot\redrot (81).jpeg,Red Rot,6
D:\CropDiseaseProject\sugarcane_large\Diseases\smut\Smut252.jpg,Smut,9
D:\CropDiseaseProject\sugarcane_maharashtra\RedRot\redrot (260).jpeg,Red Rot,6
D:\CropDiseaseProject\sugarcane_maharashtra\Healthy\healthy (464).jpeg,Healthy Leaves,3
D:\CropDiseaseProject\sugarcane_large\Diseases\Brown Spot\image055.jpg,Brown Spot,1
D:\CropDiseaseProject\sugarcane_large\Diseases\Banded Chlorosis\image226.jpg,Banded Chlorosis,0
D:\CropDiseaseProject\sugarcane_large\Diseases\Yellow Leaf\Yellow Leaf946.jpg,Yellow Leaf Disease,10
D:\CropDiseaseProject\sugarcane_large\Diseases\Banded Chlorosis\image298.jpg,Banded Chlorosis,0
D:\CropDiseaseProject\sugarcane_large\Diseases\Sett Rot\Sett Rot529.jpg,Sett Rot,8
D:\CropDiseaseProject\sugarcane_maharashtra\RedRot\redrot (202).jpeg,Red Rot,6
D:\CropDiseaseProject\sugarcane_large\Diseases\BrownRust\image253.jpg,Rust (Brown Rust),7
D:\CropDiseaseProject\sugarcane_large\Diseases\Brown Spot\image1452.jpg,Brown Spot,1
D:\CropDiseaseProject\sugarcane_large\Diseases\Brown Spot\image1302.jpg,Brown Spot,1
D:\CropDiseaseProject\sugarcane_large\Diseases\Viral Disease\Viral Disease588.jpg,Mosaic / Viral Disease,4
D:\CropDiseaseProject\sugarcane_large\Diseases\Yellow Leaf\Yellow Leaf1069.jpg,Yellow Leaf Disease,10
D:\CropDiseaseProject\sugarcane_large\Diseases\Brown Spot\image1366.jpg,Brown Spot,1
D:\CropDiseaseProject\sugarcane_maharashtra\RedRot\redrot (127).jpeg,Red Rot,6
D:\CropDiseaseProject\sugarcane_large\Diseases\smut\Smut145.jpg,Smut,9
D:\CropDiseaseProject\sugarcane_maharashtra\Healthy\healthy (186).jpeg,Healthy Leaves,3
D:\CropDiseaseProject\sugarcane_large\Diseases\BrownRust\image197.jpg,Rust (Brown Rust),7
D:\CropDiseaseProject\sugarcane_large\Diseases\Banded Chlorosis\image381.jpg,Banded Chlorosis,0
D:\CropDiseaseProject\sugarcane_maharashtra\Mosaic\mosaic (459).jpeg,Mosaic / Viral Disease,4
D:\CropDiseaseProject\sugarcane_large\Diseases\Viral Disease\Viral Disease433.jpg,Mosaic / Viral Disease,4
D:\CropDiseaseProject\sugarcane_large\Diseases\Yellow Leaf\Yellow Leaf1143.jpg,Yellow Leaf Disease,10
D:\CropDiseaseProject\sugarcane_maharashtra\Mosaic\mosaic (12).jpeg,Mosaic / Viral Disease,4
D:\CropDiseaseProject\sugarcane_large\Diseases\Yellow Leaf\Yellow Leaf710.jpg,Yellow Leaf Disease,10
D:\CropDiseaseProject\sugarcane_maharashtra\RedRot\redrot (181).jpeg,Red Rot,6
D:\CropDiseaseProject\sugarcane_maharashtra\Yellow\yellow (9).jpeg,Yellow Leaf Disease,10
D:\CropDiseaseProject\sugarcane_large\Diseases\Brown Spot\image536.jpg,Brown Spot,1
D:\CropDiseaseProject\sugarcane_large\Diseases\Brown Spot\image470.jpg,Brown Spot,1
D:\CropDiseaseProject\sugarcane_maharashtra\Mosaic\mosaic (291).jpeg,Mosaic / Viral Disease,4
D:\CropDiseaseProject\sugarcane_large\Diseases\Grassy shoot\image134.jpg,Grassy Shoot,2
D:\CropDiseaseProject\sugarcane_maharashtra\Yellow\yellow (472).jpeg,Yellow Leaf Disease,10
D:\CropDiseaseProject\sugarcane_large\Diseases\Banded Chlorosis\image102.jpg,Banded Chlorosis,0
D:\CropDiseaseProject\sugarcane_maharashtra\Mosaic\mosaic (72).jpeg,Mosaic / Viral Disease,4
D:\CropDiseaseProject\sugarcane_maharashtra\RedRot\redrot (55).jpeg,Red Rot,6
D:\CropDiseaseProject\sugarcane_maharashtra\Rust\rust (500).jpeg,Rust (Brown Rust),7
D:\CropDiseaseProject\sugarcane_large\Diseases\Brown Spot\image142.jpg,Brown Spot,1
D:\CropDiseaseProject\sugarcane_maharashtra\Healthy\healthy (368).jpeg,Healthy Leaves,3
D:\CropDiseaseProject\sugarcane_large\Diseases\Sett Rot\Sett Rot493.jpg,Sett Rot,8
D:\CropDiseaseProject\sugarcane_large\Diseases\Brown Spot\image160.jpg,Brown Spot,1
D:\CropDiseaseProject\sugarcane_large\Diseases\Brown Spot\image1330.jpg,Brown Spot,1
D:\CropDiseaseProject\sugarcane_maharashtra\Rust\rust (303).jpeg,Rust (Brown Rust),7
D:\CropDiseaseProject\sugarcane_large\Diseases\Brown Spot\image581.jpg,Brown Spot,1
D:\CropDiseaseProject\sugarcane_large\Diseases\Grassy shoot\image131.jpg,Grassy Shoot,2
D:\CropDiseaseProject\sugarcane_large\Diseases\Brown Spot\image1308.jpg,Brown Spot,1
D:\CropDiseaseProject\sugarcane_large\Diseases\Yellow Leaf\Yellow Leaf971.jpg,Yellow Leaf Disease,10
D:\CropDiseaseProject\sugarcane_maharashtra\Yellow\yellow (62).jpeg,Yellow Leaf Disease,10
D:\CropDiseaseProject\sugarcane_large\Diseases\Yellow Leaf\Yellow Leaf874.jpg,Yellow Leaf Disease,10
D:\CropDiseaseProject\sugarcane_large\Diseases\Pokkah Boeng\Pokkah Boeng140.jpg,Pokkah Boeng,5
D:\CropDiseaseProject\sugarcane_large\Diseases\Pokkah Boeng\Pokkah Boeng290.jpg,Pokkah Boeng,5
D:\CropDiseaseProject\sugarcane_large\Diseases\Yellow Leaf\Yellow Leaf432.jpg,Yellow Leaf Disease,10
D:\CropDiseaseProject\sugarcane_large\Diseases\Banded Chlorosis\image426.jpg,Banded Chlorosis,0
D:\CropDiseaseProject\sugarcane_maharashtra\Mosaic\mosaic (122).jpeg,Mosaic / Viral Disease,4
D:\CropDiseaseProject\sugarcane_large\Diseases\Brown Spot\image708.jpg,Brown Spot,1
D:\CropDiseaseProject\sugarcane_maharashtra\Rust\rust (55).jpeg,Rust (Brown Rust),7
D:\CropDiseaseProject\sugarcane_large\Diseases\Yellow Leaf\Yellow Leaf412.jpg,Yellow Leaf Disease,10
D:\CropDiseaseProject\sugarcane_large\Diseases\Yellow Leaf\Yellow Leaf583.jpg,Yellow Leaf Disease,10
D:\CropDiseaseProject\sugarcane_large\Diseases\Yellow Leaf\Yellow Leaf602.jpg,Yellow Leaf Disease,10
D:\CropDiseaseProject\sugarcane_large\Diseases\Yellow Leaf\Yellow Leaf1063.jpg,Yellow Leaf Disease,10
D:\CropDiseaseProject\sugarcane_large\Diseases\Brown Spot\image1500.jpg,Brown Spot,1
D:\CropDiseaseProject\sugarcane_maharashtra\RedRot\redrot (301).jpeg,Red Rot,6
D:\CropDiseaseProject\sugarcane_large\Diseases\Viral Disease\Viral Disease119.jpg,Mosaic / Viral Disease,4
D:\CropDiseaseProject\sugarcane_large\Diseases\Brown Spot\image724.jpg,Brown Spot,1
D:\CropDiseaseProject\sugarcane_large\Diseases\Sett Rot\Sett Rot056.jpg,Sett Rot,8
D:\CropDiseaseProject\sugarcane_maharashtra\Yellow\yellow (12).jpeg,Yellow Leaf Disease,10
D:\CropDiseaseProject\sugarcane_maharashtra\Mosaic\mosaic (323).jpeg,Mosaic / Viral Disease,4
D:\CropDiseaseProject\sugarcane_large\Diseases\Brown Spot\image1377.jpg,Brown Spot,1
D:\CropDiseaseProject\sugarcane_large\Healthy Leaves\image141.jpg,Healthy Leaves,3
D:\CropDiseaseProject\sugarcane_large\Diseases\Brown Spot\image1218.jpg,Brown Spot,1
D:\CropDiseaseProject\sugarcane_large\Diseases\Sett Rot\Sett Rot282.jpg,Sett Rot,8
D:\CropDiseaseProject\sugarcane_large\Diseases\smut\Smut013.jpg,Smut,9
D:\CropDiseaseProject\sugarcane_maharashtra\Mosaic\mosaic (168).jpeg,Mosaic / Viral Disease,4
D:\CropDiseaseProject\sugarcane_large\Diseases\Viral Disease\Viral Disease106.jpg,Mosaic / Viral Disease,4
D:\CropDiseaseProject\sugarcane_large\Diseases\Yellow Leaf\Yellow Leaf820.jpg,Yellow Leaf Disease,10
D:\CropDiseaseProject\sugarcane_maharashtra\Rust\rust (67).jpeg,Rust (Brown Rust),7
D:\CropDiseaseProject\sugarcane_large\Diseases\Brown Spot\image1047.jpg,Brown Spot,1
D:\CropDiseaseProject\sugarcane_large\Diseases\Yellow Leaf\Yellow Leaf811.jpg,Yellow Leaf Disease,10
D:\CropDiseaseProject\sugarcane_large\Diseases\Yellow Leaf\Yellow Leaf548.jpg,Yellow Leaf Disease,10
D:\CropDiseaseProject\sugarcane_maharashtra\Rust\rust (498).jpeg,Rust (Brown Rust),7
D:\CropDiseaseProject\sugarcane_maharashtra\RedRot\redrot (14).jpeg,Red Rot,6
D:\CropDiseaseProject\sugarcane_large\Diseases\Sett Rot\Sett Rot212.jpg,Sett Rot,8
D:\CropDiseaseProject\sugarcane_maharashtra\Healthy\healthy (444).jpeg,Healthy Leaves,3
D:\CropDiseaseProject\sugarcane_large\Diseases\Brown Spot\image1457.jpg,Brown Spot,1
D:\CropDiseaseProject\sugarcane_maharashtra\Rust\rust (54).jpeg,Rust (Brown Rust),7
D:\CropDiseaseProject\sugarcane_large\Diseases\Yellow Leaf\Yellow Leaf382.jpg,Yellow Leaf Disease,10
D:\CropDiseaseProject\sugarcane_large\Diseases\Sett Rot\Sett Rot278.jpg,Sett Rot,8
D:\CropDiseaseProject\sugarcane_large\Diseases\Sett Rot\Sett Rot362.jpg,Sett Rot,8
D:\CropDiseaseProject\sugarcane_large\Healthy Leaves\image387.jpg,Healthy Leaves,3
D:\CropDiseaseProject\sugarcane_maharashtra\Healthy\healthy (437).jpeg,Healthy Leaves,3
D:\CropDiseaseProject\sugarcane_maharashtra\Rust\rust (36).jpeg,Rust (Brown Rust),7
D:\CropDiseaseProject\sugarcane_large\Healthy Leaves\image427.jpg,Healthy Leaves,3
D:\CropDiseaseProject\sugarcane_large\Diseases\Brown Spot\image1550.jpg,Brown Spot,1
D:\CropDiseaseProject\sugarcane_large\Diseases\Grassy shoot\image206.jpg,Grassy Shoot,2
D:\CropDiseaseProject\sugarcane_maharashtra\Rust\rust (43).jpeg,Rust (Brown Rust),7
D:\CropDiseaseProject\sugarcane_maharashtra\Rust\rust (115).jpeg,Rust (Brown Rust),7
D:\CropDiseaseProject\sugarcane_maharashtra\RedRot\redrot (105).jpeg,Red Rot,6
D:\CropDiseaseProject\sugarcane_large\Healthy Leaves\image191.jpg,Healthy Leaves,3
D:\CropDiseaseProject\sugarcane_large\Healthy Leaves\image334.jpg,Healthy Leaves,3
D:\CropDiseaseProject\sugarcane_maharashtra\Healthy\healthy (192).jpeg,Healthy Leaves,3
D:\CropDiseaseProject\sugarcane_large\Diseases\Sett Rot\Sett Rot480.jpg,Sett Rot,8
D:\CropDiseaseProject\sugarcane_maharashtra\Rust\rust (47).jpeg,Rust (Brown Rust),7
D:\CropDiseaseProject\sugarcane_maharashtra\RedRot\redrot (240).jpeg,Red Rot,6
D:\CropDiseaseProject\sugarcane_large\Healthy Leaves\image135.jpg,Healthy Leaves,3
D:\CropDiseaseProject\sugarcane_maharashtra\Healthy\healthy (472).jpeg,Healthy Leaves,3
D:\CropDiseaseProject\sugarcane_large\Diseases\Viral Disease\Viral Disease116.jpg,Mosaic / Viral Disease,4
D:\CropDiseaseProject\sugarcane_large\Diseases\Brown Spot\image003.jpg,Brown Spot,1
D:\CropDiseaseProject\sugarcane_large\Diseases\Viral Disease\Viral Disease393.jpg,Mosaic / Viral Disease,4
D:\CropDiseaseProject\sugarcane_large\Diseases\Yellow Leaf\Yellow Leaf141.jpg,Yellow Leaf Disease,10
D:\CropDiseaseProject\sugarcane_large\Diseases\Yellow Leaf\Yellow Leaf1135.jpg,Yellow Leaf Disease,10
D:\CropDiseaseProject\sugarcane_large\Diseases\Viral Disease\Viral Disease589.jpg,Mosaic / Viral Disease,4
D:\CropDiseaseProject\sugarcane_large\Diseases\Sett Rot\Sett Rot485.jpg,Sett Rot,8
D:\CropDiseaseProject\sugarcane_large\Diseases\BrownRust\image283.jpg,Rust (Brown Rust),7
D:\CropDiseaseProject\sugarcane_large\Diseases\Brown Spot\image921.jpg,Brown Spot,1
D:\CropDiseaseProject\sugarcane_large\Diseases\Brown Spot\image1268.jpg,Brown Spot,1
D:\CropDiseaseProject\sugarcane_maharashtra\Mosaic\mosaic (20).jpeg,Mosaic / Viral Disease,4
D:\CropDiseaseProject\sugarcane_large\Diseases\Brown Spot\image1220.jpg,Brown Spot,1
D:\CropDiseaseProject\sugarcane_large\Diseases\Yellow Leaf\Yellow Leaf823.jpg,Yellow Leaf Disease,10
D:\CropDiseaseProject\sugarcane_maharashtra\Yellow\yellow (300).jpeg,Yellow Leaf Disease,10
D:\CropDiseaseProject\sugarcane_large\Diseases\Brown Spot\image579.jpg,Brown Spot,1
D:\CropDiseaseProject\sugarcane_large\Diseases\Banded Chlorosis\image332.jpg,Banded Chlorosis,0
D:\CropDiseaseProject\sugarcane_large\Diseases\Yellow Leaf\Yellow Leaf445.jpg,Yellow Leaf Disease,10
D:\CropDiseaseProject\sugarcane_maharashtra\RedRot\redrot (213).jpeg,Red Rot,6
D:\CropDiseaseProject\sugarcane_maharashtra\Mosaic\mosaic (175).jpeg,Mosaic / Viral Disease,4
D:\CropDiseaseProject\sugarcane_large\Diseases\Brown Spot\image1530.jpg,Brown Spot,1
D:\CropDiseaseProject\sugarcane_maharashtra\RedRot\redrot (93).jpeg,Red Rot,6
D:\CropDiseaseProject\sugarcane_maharashtra\Rust\rust (419).jpeg,Rust (Brown Rust),7
D:\CropDiseaseProject\sugarcane_maharashtra\Healthy\healthy (467).jpeg,Healthy Leaves,3
D:\CropDiseaseProject\sugarcane_large\Diseases\Brown Spot\image544.jpg,Brown Spot,1
D:\CropDiseaseProject\sugarcane_maharashtra\Yellow\yellow (120).jpeg,Yellow Leaf Disease,10
D:\CropDiseaseProject\sugarcane_large\Diseases\Sett Rot\Sett Rot497.jpg,Sett Rot,8
D:\CropDiseaseProject\sugarcane_large\Diseases\Yellow Leaf\Yellow Leaf1160.jpg,Yellow Leaf Disease,10
D:\CropDiseaseProject\sugarcane_large\Diseases\Brown Spot\image1350.jpg,Brown Spot,1
D:\CropDiseaseProject\sugarcane_large\Diseases\Grassy shoot\image308.jpg,Grassy Shoot,2
D:\CropDiseaseProject\sugarcane_large\Diseases\Yellow Leaf\Yellow Leaf098.jpg,Yellow Leaf Disease,10
D:\CropDiseaseProject\sugarcane_large\Diseases\Banded Chlorosis\image037.jpg,Banded Chlorosis,0
D:\CropDiseaseProject\sugarcane_large\Diseases\Banded Chlorosis\image259.jpg,Banded Chlorosis,0
D:\CropDiseaseProject\sugarcane_large\Diseases\Brown Spot\image402.jpg,Brown Spot,1
D:\CropDiseaseProject\sugarcane_large\Diseases\Yellow Leaf\Yellow Leaf697.jpg,Yellow Leaf Disease,10
D:\CropDiseaseProject\sugarcane_large\Diseases\Yellow Leaf\Yellow Leaf261.jpg,Yellow Leaf Disease,10
D:\CropDiseaseProject\sugarcane_large\Diseases\Grassy shoot\image076.jpg,Grassy Shoot,2
D:\CropDiseaseProject\sugarcane_maharashtra\Rust\rust (326).jpeg,Rust (Brown Rust),7
D:\CropDiseaseProject\sugarcane_large\Diseases\Banded Chlorosis\image434.jpg,Banded Chlorosis,0
D:\CropDiseaseProject\sugarcane_maharashtra\Yellow\yellow (447).jpeg,Yellow Leaf Disease,10
D:\CropDiseaseProject\sugarcane_large\Diseases\Brown Spot\image558.jpg,Brown Spot,1
D:\CropDiseaseProject\sugarcane_maharashtra\Mosaic\mosaic (365).jpeg,Mosaic / Viral Disease,4
D:\CropDiseaseProject\sugarcane_large\Diseases\Sett Rot\Sett Rot167.jpg,Sett Rot,8
D:\CropDiseaseProject\sugarcane_maharashtra\RedRot\redrot (225).jpeg,Red Rot,6
D:\CropDiseaseProject\sugarcane_large\Diseases\Viral Disease\Viral Disease144.jpg,Mosaic / Viral Disease,4
D:\CropDiseaseProject\sugarcane_maharashtra\RedRot\redrot (397).jpeg,Red Rot,6
D:\CropDiseaseProject\sugarcane_large\Diseases\Viral Disease\Viral Disease386.jpg,Mosaic / Viral Disease,4
D:\CropDiseaseProject\sugarcane_large\Diseases\Brown Spot\image1433.jpg,Brown Spot,1
D:\CropDiseaseProject\sugarcane_large\Diseases\Yellow Leaf\Yellow Leaf458.jpg,Yellow Leaf Disease,10
D:\CropDiseaseProject\sugarcane_large\Diseases\Brown Spot\image032.jpg,Brown Spot,1
D:\CropDiseaseProject\sugarcane_large\Diseases\Viral Disease\Viral Disease454.jpg,Mosaic / Viral Disease,4
D:\CropDiseaseProject\sugarcane_maharashtra\Healthy\healthy (461).jpeg,Healthy Leaves,3
D:\CropDiseaseProject\sugarcane_large\Diseases\Sett Rot\Sett Rot641.jpg,Sett Rot,8
D:\CropDiseaseProject\sugarcane_maharashtra\Healthy\healthy (185).jpeg,Healthy Leaves,3
D:\CropDiseaseProject\sugarcane_large\Healthy Leaves\image230.jpg,Healthy Leaves,3
D:\CropDiseaseProject\sugarcane_maharashtra\Mosaic\mosaic (137).jpeg,Mosaic / Viral Disease,4
D:\CropDiseaseProject\sugarcane_large\Diseases\Brown Spot\image322.jpg,Brown Spot,1
D:\CropDiseaseProject\sugarcane_large\Diseases\Pokkah Boeng\Pokkah Boeng232.jpg,Pokkah Boeng,5
D:\CropDiseaseProject\sugarcane_large\Diseases\Yellow Leaf\Yellow Leaf487.jpg,Yellow Leaf Disease,10
D:\CropDiseaseProject\sugarcane_large\Diseases\Viral Disease\Viral Disease629.jpg,Mosaic / Viral Disease,4
D:\CropDiseaseProject\sugarcane_large\Diseases\Viral Disease\Viral Disease321.jpg,Mosaic / Viral Disease,4
D:\CropDiseaseProject\sugarcane_maharashtra\RedRot\redrot (101).jpeg,Red Rot,6
D:\CropDiseaseProject\sugarcane_large\Healthy Leaves\image359.jpg,Healthy Leaves,3
D:\CropDiseaseProject\sugarcane_large\Diseases\BrownRust\image269.jpg,Rust (Brown Rust),7
D:\CropDiseaseProject\sugarcane_large\Diseases\Viral Disease\Viral Disease094.jpg,Mosaic / Viral Disease,4
D:\CropDiseaseProject\sugarcane_large\Diseases\BrownRust\image095.jpg,Rust (Brown Rust),7
D:\CropDiseaseProject\sugarcane_large\Diseases\Brown Spot\image1153.jpg,Brown Spot,1
D:\CropDiseaseProject\sugarcane_large\Diseases\Yellow Leaf\Yellow Leaf1019.jpg,Yellow Leaf Disease,10
D:\CropDiseaseProject\sugarcane_maharashtra\Rust\rust (318).jpeg,Rust (Brown Rust),7
D:\CropDiseaseProject\sugarcane_large\Diseases\Brown Spot\image655.jpg,Brown Spot,1
D:\CropDiseaseProject\sugarcane_maharashtra\Healthy\healthy (415).jpeg,Healthy Leaves,3
D:\CropDiseaseProject\sugarcane_large\Diseases\Yellow Leaf\Yellow Leaf680.jpg,Yellow Leaf Disease,10
D:\CropDiseaseProject\sugarcane_maharashtra\Yellow\yellow (147).jpeg,Yellow Leaf Disease,10
D:\CropDiseaseProject\sugarcane_large\Diseases\Banded Chlorosis\image235.jpg,Banded Chlorosis,0
D:\CropDiseaseProject\sugarcane_large\Diseases\Yellow Leaf\Yellow Leaf302.jpg,Yellow Leaf Disease,10
D:\CropDiseaseProject\sugarcane_maharashtra\Healthy\healthy (296).jpeg,Healthy Leaves,3
D:\CropDiseaseProject\sugarcane_large\Diseases\smut\Smut078.jpg,Smut,9
D:\CropDiseaseProject\sugarcane_large\Diseases\Sett Rot\Sett Rot122.jpg,Sett Rot,8
D:\CropDiseaseProject\sugarcane_large\Diseases\Pokkah Boeng\Pokkah Boeng085.jpg,Pokkah Boeng,5
D:\CropDiseaseProject\sugarcane_large\Diseases\Viral Disease\Viral Disease136.jpg,Mosaic / Viral Disease,4
D:\CropDiseaseProject\sugarcane_large\Diseases\Brown Spot\image1182.jpg,Brown Spot,1
D:\CropDiseaseProject\sugarcane_large\Diseases\smut\Smut158.jpg,Smut,9
D:\CropDiseaseProject\sugarcane_large\Diseases\smut\Smut250.jpg,Smut,9
D:\CropDiseaseProject\sugarcane_large\Diseases\Viral Disease\Viral Disease113.jpg,Mosaic / Viral Disease,4
D:\CropDiseaseProject\sugarcane_maharashtra\Mosaic\mosaic (448).jpeg,Mosaic / Viral Disease,4
D:\CropDiseaseProject\sugarcane_large\Diseases\Pokkah Boeng\Pokkah Boeng024.jpg,Pokkah Boeng,5
D:\CropDiseaseProject\sugarcane_large\Diseases\Yellow Leaf\Yellow Leaf683.jpg,Yellow Leaf Disease,10
D:\CropDiseaseProject\sugarcane_maharashtra\RedRot\redrot (272).jpeg,Red Rot,6
D:\CropDiseaseProject\sugarcane_maharashtra\Yellow\yellow (392).jpeg,Yellow Leaf Disease,10
D:\CropDiseaseProject\sugarcane_large\Diseases\Brown Spot\image182.jpg,Brown Spot,1
D:\CropDiseaseProject\sugarcane_large\Diseases\Brown Spot\image733.jpg,Brown Spot,1
D:\CropDiseaseProject\sugarcane_maharashtra\Mosaic\mosaic (26).jpeg,Mosaic / Viral Disease,4
D:\CropDiseaseProject\sugarcane_maharashtra\Healthy\healthy (74).jpeg,Healthy Leaves,3
D:\CropDiseaseProject\sugarcane_large\Diseases\Pokkah Boeng\Pokkah Boeng061.jpg,Pokkah Boeng,5
D:\CropDiseaseProject\sugarcane_large\Diseases\Brown Spot\image057.jpg,Brown Spot,1
D:\CropDiseaseProject\sugarcane_large\Diseases\Brown Spot\image486.jpg,Brown Spot,1
D:\CropDiseaseProject\sugarcane_maharashtra\RedRot\redrot (438).jpeg,Red Rot,6
D:\CropDiseaseProject\sugarcane_maharashtra\RedRot\redrot (163).jpeg,Red Rot,6
D:\CropDiseaseProject\sugarcane_large\Diseases\Viral Disease\Viral Disease524.jpg,Mosaic / Viral Disease,4
D:\CropDiseaseProject\sugarcane_maharashtra\Yellow\yellow (86).jpeg,Yellow Leaf Disease,10
D:\CropDiseaseProject\sugarcane_large\Diseases\Yellow Leaf\Yellow Leaf1040.jpg,Yellow Leaf Disease,10
D:\CropDiseaseProject\sugarcane_maharashtra\RedRot\redrot (379).jpeg,Red Rot,6
D:\CropDiseaseProject\sugarcane_large\Diseases\Brown Spot\image532.jpg,Brown Spot,1
D:\CropDiseaseProject\sugarcane_large\Diseases\Sett Rot\Sett Rot509.jpg,Sett Rot,8
D:\CropDiseaseProject\sugarcane_large\Diseases\Viral Disease\Viral Disease089.jpg,Mosaic / Viral Disease,4
D:\CropDiseaseProject\sugarcane_large\Diseases\Brown Spot\image803.jpg,Brown Spot,1
D:\CropDiseaseProject\sugarcane_maharashtra\RedRot\redrot (263).jpeg,Red Rot,6
D:\CropDiseaseProject\sugarcane_large\Diseases\Viral Disease\Viral Disease620.jpg,Mosaic / Viral Disease,4
D:\CropDiseaseProject\sugarcane_large\Diseases\Yellow Leaf\Yellow Leaf287.jpg,Yellow Leaf Disease,10
D:\CropDiseaseProject\sugarcane_maharashtra\Healthy\healthy (399).jpeg,Healthy Leaves,3
D:\CropDiseaseProject\sugarcane_large\Diseases\smut\Smut282.jpg,Smut,9
D:\CropDiseaseProject\sugarcane_large\Healthy Leaves\image149.jpg,Healthy Leaves,3
D:\CropDiseaseProject\sugarcane_maharashtra\Yellow\yellow (487).jpeg,Yellow Leaf Disease,10
D:\CropDiseaseProject\sugarcane_large\Diseases\Brown Spot\image1145.jpg,Brown Spot,1
D:\CropDiseaseProject\sugarcane_large\Diseases\Yellow Leaf\Yellow Leaf1164.jpg,Yellow Leaf Disease,10
D:\CropDiseaseProject\sugarcane_large\Diseases\Grassy shoot\image212.jpg,Grassy Shoot,2
D:\CropDiseaseProject\sugarcane_maharashtra\RedRot\redrot (147).jpeg,Red Rot,6
D:\CropDiseaseProject\sugarcane_large\Diseases\Yellow Leaf\Yellow Leaf282.jpg,Yellow Leaf Disease,10
D:\CropDiseaseProject\sugarcane_maharashtra\Yellow\yellow (348).jpeg,Yellow Leaf Disease,10
D:\CropDiseaseProject\sugarcane_large\Diseases\Brown Spot\image648.jpg,Brown Spot,1
D:\CropDiseaseProject\sugarcane_large\Diseases\Brown Spot\image1343.jpg,Brown Spot,1
D:\CropDiseaseProject\sugarcane_large\Diseases\Yellow Leaf\Yellow Leaf1103.jpg,Yellow Leaf Disease,10
D:\CropDiseaseProject\sugarcane_large\Diseases\Brown Spot\image1572.jpg,Brown Spot,1
D:\CropDiseaseProject\sugarcane_maharashtra\Healthy\healthy (303).jpeg,Healthy Leaves,3
D:\CropDiseaseProject\sugarcane_maharashtra\Rust\rust (391).jpeg,Rust (Brown Rust),7
D:\CropDiseaseProject\sugarcane_large\Diseases\Viral Disease\Viral Disease520.jpg,Mosaic / Viral Disease,4
D:\CropDiseaseProject\sugarcane_large\Diseases\Yellow Leaf\Yellow Leaf032.jpg,Yellow Leaf Disease,10
D:\CropDiseaseProject\sugarcane_large\Diseases\Sett Rot\Sett Rot572.jpg,Sett Rot,8
D:\CropDiseaseProject\sugarcane_large\Healthy Leaves\image153.jpg,Healthy Leaves,3
D:\CropDiseaseProject\sugarcane_maharashtra\Yellow\yellow (369).jpeg,Yellow Leaf Disease,10
D:\CropDiseaseProject\sugarcane_maharashtra\Mosaic\mosaic (176).jpeg,Mosaic / Viral Disease,4
D:\CropDiseaseProject\sugarcane_large\Healthy Leaves\image379.jpg,Healthy Leaves,3
D:\CropDiseaseProject\sugarcane_large\Healthy Leaves\image351.jpg,Healthy Leaves,3
D:\CropDiseaseProject\sugarcane_large\Diseases\smut\Smut278.jpg,Smut,9
D:\CropDiseaseProject\sugarcane_large\Diseases\Brown Spot\image893.jpg,Brown Spot,1
D:\CropDiseaseProject\sugarcane_large\Diseases\Banded Chlorosis\image210.jpg,Banded Chlorosis,0
D:\CropDiseaseProject\sugarcane_large\Diseases\Yellow Leaf\Yellow Leaf929.jpg,Yellow Leaf Disease,10
D:\CropDiseaseProject\sugarcane_large\Diseases\Brown Spot\image117.jpg,Brown Spot,1
D:\CropDiseaseProject\sugarcane_large\Diseases\Yellow Leaf\Yellow Leaf324.jpg,Yellow Leaf Disease,10
D:\CropDiseaseProject\sugarcane_maharashtra\Yellow\yellow (496).jpeg,Yellow Leaf Disease,10
D:\CropDiseaseProject\sugarcane_large\Diseases\Pokkah Boeng\Pokkah Boeng267.jpg,Pokkah Boeng,5
D:\CropDiseaseProject\sugarcane_maharashtra\Rust\rust (112).jpeg,Rust (Brown Rust),7
D:\CropDiseaseProject\sugarcane_large\Diseases\Sett Rot\Sett Rot503.jpg,Sett Rot,8
D:\CropDiseaseProject\sugarcane_maharashtra\Rust\rust (350).jpeg,Rust (Brown Rust),7
D:\CropDiseaseProject\sugarcane_large\Diseases\Banded Chlorosis\image335.jpg,Banded Chlorosis,0
D:\CropDiseaseProject\sugarcane_large\Diseases\Brown Spot\image085.jpg,Brown Spot,1
D:\CropDiseaseProject\sugarcane_large\Diseases\Viral Disease\Viral Disease467.jpg,Mosaic / Viral Disease,4
D:\CropDiseaseProject\sugarcane_maharashtra\Mosaic\mosaic (17).jpeg,Mosaic / Viral Disease,4
D:\CropDiseaseProject\sugarcane_large\Diseases\Brown Spot\image686.jpg,Brown Spot,1
D:\CropDiseaseProject\sugarcane_large\Diseases\Viral Disease\Viral Disease505.jpg,Mosaic / Viral Disease,4
D:\CropDiseaseProject\sugarcane_large\Diseases\Yellow Leaf\Yellow Leaf1150.jpg,Yellow Leaf Disease,10
D:\CropDiseaseProject\sugarcane_large\Diseases\Brown Spot\image432.jpg,Brown Spot,1
D:\CropDiseaseProject\sugarcane_large\Diseases\Sett Rot\Sett Rot335.jpg,Sett Rot,8
D:\CropDiseaseProject\sugarcane_maharashtra\Yellow\yellow (149).jpeg,Yellow Leaf Disease,10
D:\CropDiseaseProject\sugarcane_large\Diseases\Yellow Leaf\Yellow Leaf969.jpg,Yellow Leaf Disease,10
D:\CropDiseaseProject\sugarcane_large\Diseases\Brown Spot\image1243.jpg,Brown Spot,1
D:\CropDiseaseProject\sugarcane_large\Diseases\Pokkah Boeng\Pokkah Boeng090.jpg,Pokkah Boeng,5
D:\CropDiseaseProject\sugarcane_large\Diseases\Viral Disease\Viral Disease074.jpg,Mosaic / Viral Disease,4
D:\CropDiseaseProject\sugarcane_large\Diseases\Viral Disease\Viral Disease099.jpg,Mosaic / Viral Disease,4
D:\CropDiseaseProject\sugarcane_large\Diseases\Yellow Leaf\Yellow Leaf054.jpg,Yellow Leaf Disease,10
D:\CropDiseaseProject\sugarcane_large\Diseases\Brown Spot\image790.jpg,Brown Spot,1
D:\CropDiseaseProject\sugarcane_large\Diseases\Sett Rot\Sett Rot360.jpg,Sett Rot,8
D:\CropDiseaseProject\sugarcane_maharashtra\RedRot\redrot (444).jpeg,Red Rot,6
D:\CropDiseaseProject\sugarcane_maharashtra\Yellow\yellow (218).jpeg,Yellow Leaf Disease,10
D:\CropDiseaseProject\sugarcane_large\Diseases\BrownRust\image012.jpg,Rust (Brown Rust),7
D:\CropDiseaseProject\sugarcane_large\Diseases\Grassy shoot\image204.jpg,Grassy Shoot,2
D:\CropDiseaseProject\sugarcane_large\Diseases\Banded Chlorosis\image322.jpg,Banded Chlorosis,0
D:\CropDiseaseProject\sugarcane_maharashtra\Healthy\healthy (14).jpeg,Healthy Leaves,3
D:\CropDiseaseProject\sugarcane_large\Diseases\Pokkah Boeng\Pokkah Boeng005.jpg,Pokkah Boeng,5
D:\CropDiseaseProject\sugarcane_maharashtra\RedRot\redrot (157).jpeg,Red Rot,6
D:\CropDiseaseProject\sugarcane_large\Diseases\Sett Rot\Sett Rot246.jpg,Sett Rot,8
D:\CropDiseaseProject\sugarcane_large\Diseases\Yellow Leaf\Yellow Leaf835.jpg,Yellow Leaf Disease,10
D:\CropDiseaseProject\sugarcane_large\Diseases\Yellow Leaf\Yellow Leaf248.jpg,Yellow Leaf Disease,10
D:\CropDiseaseProject\sugarcane_large\Diseases\Yellow Leaf\Yellow Leaf578.jpg,Yellow Leaf Disease,10
D:\CropDiseaseProject\sugarcane_maharashtra\Rust\rust (493).jpeg,Rust (Brown Rust),7
D:\CropDiseaseProject\sugarcane_large\Diseases\Pokkah Boeng\Pokkah Boeng170.jpg,Pokkah Boeng,5
D:\CropDiseaseProject\sugarcane_large\Diseases\Pokkah Boeng\Pokkah Boeng067.jpg,Pokkah Boeng,5
D:\CropDiseaseProject\sugarcane_large\Diseases\Banded Chlorosis\image470.jpg,Banded Chlorosis,0
D:\CropDiseaseProject\sugarcane_large\Diseases\Viral Disease\Viral Disease639.jpg,Mosaic / Viral Disease,4
D:\CropDiseaseProject\sugarcane_large\Diseases\Yellow Leaf\Yellow Leaf267.jpg,Yellow Leaf Disease,10
D:\CropDiseaseProject\sugarcane_large\Diseases\Viral Disease\Viral Disease533.jpg,Mosaic / Viral Disease,4
D:\CropDiseaseProject\sugarcane_large\Diseases\Brown Spot\image1208.jpg,Brown Spot,1
D:\CropDiseaseProject\sugarcane_large\Diseases\Brown Spot\image1461.jpg,Brown Spot,1
D:\CropDiseaseProject\sugarcane_large\Diseases\Brown Spot\image1336.jpg,Brown Spot,1
D:\CropDiseaseProject\sugarcane_large\Diseases\Brown Spot\image1453.jpg,Brown Spot,1
D:\CropDiseaseProject\sugarcane_large\Diseases\Yellow Leaf\Yellow Leaf966.jpg,Yellow Leaf Disease,10
D:\CropDiseaseProject\sugarcane_large\Diseases\Brown Spot\image660.jpg,Brown Spot,1
D:\CropDiseaseProject\sugarcane_large\Diseases\Brown Spot\image382.jpg,Brown Spot,1
D:\CropDiseaseProject\sugarcane_maharashtra\RedRot\redrot (404).jpeg,Red Rot,6
D:\CropDiseaseProject\sugarcane_large\Diseases\Yellow Leaf\Yellow Leaf125.jpg,Yellow Leaf Disease,10
D:\CropDiseaseProject\sugarcane_large\Diseases\Brown Spot\image199.jpg,Brown Spot,1
D:\CropDiseaseProject\sugarcane_maharashtra\RedRot\redrot (283).jpeg,Red Rot,6
D:\CropDiseaseProject\sugarcane_large\Diseases\Banded Chlorosis\image362.jpg,Banded Chlorosis,0
D:\CropDiseaseProject\sugarcane_large\Diseases\Yellow Leaf\Yellow Leaf673.jpg,Yellow Leaf Disease,10
D:\CropDiseaseProject\sugarcane_large\Diseases\Viral Disease\Viral Disease231.jpg,Mosaic / Viral Disease,4
D:\CropDiseaseProject\sugarcane_large\Diseases\Viral Disease\Viral Disease644.jpg,Mosaic / Viral Disease,4
D:\CropDiseaseProject\sugarcane_large\Diseases\smut\Smut102.jpg,Smut,9
D:\CropDiseaseProject\sugarcane_large\Diseases\Sett Rot\Sett Rot545.jpg,Sett Rot,8
D:\CropDiseaseProject\sugarcane_large\Diseases\Brown Spot\image415.jpg,Brown Spot,1
D:\CropDiseaseProject\sugarcane_maharashtra\Healthy\healthy (104).jpeg,Healthy Leaves,3
D:\CropDiseaseProject\sugarcane_maharashtra\Rust\rust (19).jpeg,Rust (Brown Rust),7
D:\CropDiseaseProject\sugarcane_large\Diseases\Banded Chlorosis\image281.jpg,Banded Chlorosis,0
D:\CropDiseaseProject\sugarcane_large\Diseases\Viral Disease\Viral Disease656.jpg,Mosaic / Viral Disease,4
D:\CropDiseaseProject\sugarcane_maharashtra\Yellow\yellow (477).jpeg,Yellow Leaf Disease,10
D:\CropDiseaseProject\sugarcane_maharashtra\Rust\rust (409).jpeg,Rust (Brown Rust),7
D:\CropDiseaseProject\sugarcane_large\Diseases\Brown Spot\image1517.jpg,Brown Spot,1
D:\CropDiseaseProject\sugarcane_large\Diseases\Brown Spot\image1690.jpg,Brown Spot,1
D:\CropDiseaseProject\sugarcane_maharashtra\Rust\rust (508).jpeg,Rust (Brown Rust),7
D:\CropDiseaseProject\sugarcane_large\Diseases\Yellow Leaf\Yellow Leaf1002.jpg,Yellow Leaf Disease,10
D:\CropDiseaseProject\sugarcane_maharashtra\Mosaic\mosaic (357).jpeg,Mosaic / Viral Disease,4
D:\CropDiseaseProject\sugarcane_maharashtra\RedRot\redrot (493).jpeg,Red Rot,6
D:\CropDiseaseProject\sugarcane_large\Diseases\Banded Chlorosis\image197.jpg,Banded Chlorosis,0
D:\CropDiseaseProject\sugarcane_large\Diseases\Viral Disease\Viral Disease405.jpg,Mosaic / Viral Disease,4
D:\CropDiseaseProject\sugarcane_maharashtra\RedRot\redrot (10).jpeg,Red Rot,6
D:\CropDiseaseProject\sugarcane_large\Diseases\Viral Disease\Viral Disease659.jpg,Mosaic / Viral Disease,4
D:\CropDiseaseProject\sugarcane_large\Diseases\Banded Chlorosis\image016.jpg,Banded Chlorosis,0
D:\CropDiseaseProject\sugarcane_large\Healthy Leaves\image142.jpg,Healthy Leaves,3
D:\CropDiseaseProject\sugarcane_maharashtra\Yellow\yellow (238).jpeg,Yellow Leaf Disease,10
D:\CropDiseaseProject\sugarcane_large\Diseases\BrownRust\image261.jpg,Rust (Brown Rust),7
D:\CropDiseaseProject\sugarcane_large\Diseases\Pokkah Boeng\Pokkah Boeng187.jpg,Pokkah Boeng,5
D:\CropDiseaseProject\sugarcane_maharashtra\Yellow\yellow (29).jpeg,Yellow Leaf Disease,10
D:\CropDiseaseProject\sugarcane_maharashtra\Mosaic\mosaic (314).jpeg,Mosaic / Viral Disease,4
D:\CropDiseaseProject\sugarcane_large\Diseases\Grassy shoot\image197.jpg,Grassy Shoot,2
D:\CropDiseaseProject\sugarcane_large\Healthy Leaves\image166.jpg,Healthy Leaves,3
D:\CropDiseaseProject\sugarcane_large\Diseases\Yellow Leaf\Yellow Leaf225.jpg,Yellow Leaf Disease,10
D:\CropDiseaseProject\sugarcane_maharashtra\Healthy\healthy (315).jpeg,Healthy Leaves,3
D:\CropDiseaseProject\sugarcane_maharashtra\Healthy\healthy (367).jpeg,Healthy Leaves,3
D:\CropDiseaseProject\sugarcane_large\Diseases\Yellow Leaf\Yellow Leaf649.jpg,Yellow Leaf Disease,10
D:\CropDiseaseProject\sugarcane_large\Diseases\Brown Spot\image1348.jpg,Brown Spot,1
D:\CropDiseaseProject\sugarcane_large\Diseases\Yellow Leaf\Yellow Leaf888.jpg,Yellow Leaf Disease,10
D:\CropDiseaseProject\sugarcane_maharashtra\Mosaic\mosaic (155).jpeg,Mosaic / Viral Disease,4
D:\CropDiseaseProject\sugarcane_large\Diseases\Brown Spot\image755.jpg,Brown Spot,1
D:\CropDiseaseProject\sugarcane_large\Diseases\Brown Spot\image1035.jpg,Brown Spot,1
D:\CropDiseaseProject\sugarcane_large\Diseases\Grassy shoot\image086.jpg,Grassy Shoot,2
D:\CropDiseaseProject\sugarcane_large\Diseases\Sett Rot\Sett Rot145.jpg,Sett Rot,8
D:\CropDiseaseProject\sugarcane_large\Diseases\Pokkah Boeng\Pokkah Boeng058.jpg,Pokkah Boeng,5
D:\CropDiseaseProject\sugarcane_large\Diseases\Banded Chlorosis\image243.jpg,Banded Chlorosis,0
D:\CropDiseaseProject\sugarcane_large\Diseases\Brown Spot\image1189.jpg,Brown Spot,1
D:\CropDiseaseProject\sugarcane_large\Diseases\Banded Chlorosis\image383.jpg,Banded Chlorosis,0
D:\CropDiseaseProject\sugarcane_large\Healthy Leaves\image419.jpg,Healthy Leaves,3
D:\CropDiseaseProject\sugarcane_maharashtra\Healthy\healthy (152).jpeg,Healthy Leaves,3
D:\CropDiseaseProject\sugarcane_maharashtra\Rust\rust (217).jpeg,Rust (Brown Rust),7
D:\CropDiseaseProject\sugarcane_large\Diseases\Yellow Leaf\Yellow Leaf785.jpg,Yellow Leaf Disease,10
D:\CropDiseaseProject\sugarcane_large\Diseases\Pokkah Boeng\Pokkah Boeng264.jpg,Pokkah Boeng,5
D:\CropDiseaseProject\sugarcane_large\Diseases\Sett Rot\Sett Rot144.jpg,Sett Rot,8
D:\CropDiseaseProject\sugarcane_large\Diseases\Yellow Leaf\Yellow Leaf873.jpg,Yellow Leaf Disease,10
D:\CropDiseaseProject\sugarcane_large\Diseases\Banded Chlorosis\image447.jpg,Banded Chlorosis,0
D:\CropDiseaseProject\sugarcane_large\Diseases\BrownRust\image296.jpg,Rust (Brown Rust),7
D:\CropDiseaseProject\sugarcane_large\Diseases\Brown Spot\image1024.jpg,Brown Spot,1
D:\CropDiseaseProject\sugarcane_maharashtra\Rust\rust (289).jpeg,Rust (Brown Rust),7
D:\CropDiseaseProject\sugarcane_maharashtra\Rust\rust (506).jpeg,Rust (Brown Rust),7
D:\CropDiseaseProject\sugarcane_large\Diseases\smut\Smut257.jpg,Smut,9
D:\CropDiseaseProject\sugarcane_large\Healthy Leaves\image281.jpg,Healthy Leaves,3
D:\CropDiseaseProject\sugarcane_large\Diseases\Banded Chlorosis\image441.jpg,Banded Chlorosis,0
D:\CropDiseaseProject\sugarcane_maharashtra\RedRot\redrot (135).jpeg,Red Rot,6
D:\CropDiseaseProject\sugarcane_large\Diseases\Viral Disease\Viral Disease519.jpg,Mosaic / Viral Disease,4
D:\CropDiseaseProject\sugarcane_maharashtra\Mosaic\mosaic (290).jpeg,Mosaic / Viral Disease,4
D:\CropDiseaseProject\sugarcane_maharashtra\Healthy\healthy (61).jpeg,Healthy Leaves,3
D:\CropDiseaseProject\sugarcane_maharashtra\Yellow\yellow (34).jpeg,Yellow Leaf Disease,10
D:\CropDiseaseProject\sugarcane_large\Diseases\Yellow Leaf\Yellow Leaf427.jpg,Yellow Leaf Disease,10
D:\CropDiseaseProject\sugarcane_large\Diseases\Viral Disease\Viral Disease532.jpg,Mosaic / Viral Disease,4
D:\CropDiseaseProject\sugarcane_large\Diseases\Yellow Leaf\Yellow Leaf902.jpg,Yellow Leaf Disease,10
D:\CropDiseaseProject\sugarcane_large\Diseases\Yellow Leaf\Yellow Leaf515.jpg,Yellow Leaf Disease,10
D:\CropDiseaseProject\sugarcane_large\Diseases\Grassy shoot\image171.jpg,Grassy Shoot,2
D:\CropDiseaseProject\sugarcane_large\Diseases\Yellow Leaf\Yellow Leaf1140.jpg,Yellow Leaf Disease,10
D:\CropDiseaseProject\sugarcane_maharashtra\Healthy\healthy (473).jpeg,Healthy Leaves,3
D:\CropDiseaseProject\sugarcane_large\Diseases\Banded Chlorosis\image408.jpg,Banded Chlorosis,0
D:\CropDiseaseProject\sugarcane_large\Diseases\Brown Spot\image1643.jpg,Brown Spot,1
D:\CropDiseaseProject\sugarcane_maharashtra\Mosaic\mosaic (198).jpeg,Mosaic / Viral Disease,4
D:\CropDiseaseProject\sugarcane_maharashtra\Yellow\yellow (224).jpeg,Yellow Leaf Disease,10
D:\CropDiseaseProject\sugarcane_large\Diseases\Yellow Leaf\Yellow Leaf1174.jpg,Yellow Leaf Disease,10
D:\CropDiseaseProject\sugarcane_large\Diseases\Brown Spot\image139.jpg,Brown Spot,1
D:\CropDiseaseProject\sugarcane_maharashtra\RedRot\redrot (435).jpeg,Red Rot,6
D:\CropDiseaseProject\sugarcane_large\Diseases\Viral Disease\Viral Disease358.jpg,Mosaic / Viral Disease,4
D:\CropDiseaseProject\sugarcane_large\Diseases\Grassy shoot\image074.jpg,Grassy Shoot,2
D:\CropDiseaseProject\sugarcane_large\Diseases\Sett Rot\Sett Rot169.jpg,Sett Rot,8
D:\CropDiseaseProject\sugarcane_maharashtra\Rust\rust (95).jpeg,Rust (Brown Rust),7
D:\CropDiseaseProject\sugarcane_large\Diseases\Yellow Leaf\Yellow Leaf494.jpg,Yellow Leaf Disease,10
D:\CropDiseaseProject\sugarcane_large\Diseases\Brown Spot\image1396.jpg,Brown Spot,1
D:\CropDiseaseProject\sugarcane_large\Healthy Leaves\image318.jpg,Healthy Leaves,3
D:\CropDiseaseProject\sugarcane_large\Diseases\Yellow Leaf\Yellow Leaf312.jpg,Yellow Leaf Disease,10
D:\CropDiseaseProject\sugarcane_large\Diseases\Brown Spot\image1138.jpg,Brown Spot,1
D:\CropDiseaseProject\sugarcane_large\Diseases\Viral Disease\Viral Disease067.jpg,Mosaic / Viral Disease,4
D:\CropDiseaseProject\sugarcane_maharashtra\Healthy\healthy (38).jpeg,Healthy Leaves,3
D:\CropDiseaseProject\sugarcane_maharashtra\Mosaic\mosaic (324).jpeg,Mosaic / Viral Disease,4
D:\CropDiseaseProject\sugarcane_maharashtra\Rust\rust (27).jpeg,Rust (Brown Rust),7
D:\CropDiseaseProject\sugarcane_large\Diseases\Yellow Leaf\Yellow Leaf1089.jpg,Yellow Leaf Disease,10
D:\CropDiseaseProject\sugarcane_maharashtra\Healthy\healthy (465).jpeg,Healthy Leaves,3
D:\CropDiseaseProject\sugarcane_maharashtra\RedRot\redrot (467).jpeg,Red Rot,6
D:\CropDiseaseProject\sugarcane_large\Diseases\Brown Spot\image1051.jpg,Brown Spot,1
D:\CropDiseaseProject\sugarcane_large\Diseases\Brown Spot\image240.jpg,Brown Spot,1
D:\CropDiseaseProject\sugarcane_large\Diseases\Sett Rot\Sett Rot019.jpg,Sett Rot,8
D:\CropDiseaseProject\sugarcane_large\Diseases\Viral Disease\Viral Disease272.jpg,Mosaic / Viral Disease,4
D:\CropDiseaseProject\sugarcane_large\Healthy Leaves\image195.jpg,Healthy Leaves,3
D:\CropDiseaseProject\sugarcane_large\Diseases\Viral Disease\Viral Disease359.jpg,Mosaic / Viral Disease,4
D:\CropDiseaseProject\sugarcane_large\Diseases\Yellow Leaf\Yellow Leaf952.jpg,Yellow Leaf Disease,10
D:\CropDiseaseProject\sugarcane_large\Diseases\Brown Spot\image108.jpg,Brown Spot,1
D:\CropDiseaseProject\sugarcane_large\Diseases\Viral Disease\Viral Disease529.jpg,Mosaic / Viral Disease,4
D:\CropDiseaseProject\sugarcane_large\Diseases\Viral Disease\Viral Disease549.jpg,Mosaic / Viral Disease,4
D:\CropDiseaseProject\sugarcane_maharashtra\Mosaic\mosaic (297).jpeg,Mosaic / Viral Disease,4
D:\CropDiseaseProject\sugarcane_large\Healthy Leaves\image185.jpg,Healthy Leaves,3
D:\CropDiseaseProject\sugarcane_large\Diseases\Pokkah Boeng\Pokkah Boeng008.jpg,Pokkah Boeng,5
D:\CropDiseaseProject\sugarcane_large\Diseases\Yellow Leaf\Yellow Leaf1023.jpg,Yellow Leaf Disease,10
D:\CropDiseaseProject\sugarcane_large\Diseases\Yellow Leaf\Yellow Leaf850.jpg,Yellow Leaf Disease,10
D:\CropDiseaseProject\sugarcane_large\Diseases\Banded Chlorosis\image278.jpg,Banded Chlorosis,0
D:\CropDiseaseProject\sugarcane_maharashtra\Yellow\yellow (375).jpeg,Yellow Leaf Disease,10
D:\CropDiseaseProject\sugarcane_large\Healthy Leaves\image162.jpg,Healthy Leaves,3
D:\CropDiseaseProject\sugarcane_large\Diseases\BrownRust\image133.jpg,Rust (Brown Rust),7
D:\CropDiseaseProject\sugarcane_maharashtra\Healthy\healthy (213).jpeg,Healthy Leaves,3
D:\CropDiseaseProject\sugarcane_large\Diseases\Banded Chlorosis\image394.jpg,Banded Chlorosis,0
D:\CropDiseaseProject\sugarcane_large\Diseases\Brown Spot\image404.jpg,Brown Spot,1
D:\CropDiseaseProject\sugarcane_maharashtra\Rust\rust (24).jpeg,Rust (Brown Rust),7
D:\CropDiseaseProject\sugarcane_large\Diseases\Banded Chlorosis\image096.jpg,Banded Chlorosis,0
D:\CropDiseaseProject\sugarcane_large\Diseases\Yellow Leaf\Yellow Leaf431.jpg,Yellow Leaf Disease,10
D:\CropDiseaseProject\sugarcane_large\Diseases\Grassy shoot\image154.jpg,Grassy Shoot,2
D:\CropDiseaseProject\sugarcane_large\Healthy Leaves\image054.jpg,Healthy Leaves,3
D:\CropDiseaseProject\sugarcane_large\Diseases\Viral Disease\Viral Disease649.jpg,Mosaic / Viral Disease,4
D:\CropDiseaseProject\sugarcane_maharashtra\Mosaic\mosaic (239).jpeg,Mosaic / Viral Disease,4
D:\CropDiseaseProject\sugarcane_large\Diseases\Yellow Leaf\Yellow Leaf884.jpg,Yellow Leaf Disease,10
D:\CropDiseaseProject\sugarcane_large\Diseases\Yellow Leaf\Yellow Leaf114.jpg,Yellow Leaf Disease,10
D:\CropDiseaseProject\sugarcane_large\Diseases\Yellow Leaf\Yellow Leaf1061.jpg,Yellow Leaf Disease,10
D:\CropDiseaseProject\sugarcane_large\Diseases\Yellow Leaf\Yellow Leaf562.jpg,Yellow Leaf Disease,10
D:\CropDiseaseProject\sugarcane_large\Diseases\Grassy shoot\image295.jpg,Grassy Shoot,2
D:\CropDiseaseProject\sugarcane_large\Diseases\Viral Disease\Viral Disease416.jpg,Mosaic / Viral Disease,4
D:\CropDiseaseProject\sugarcane_large\Diseases\Brown Spot\image449.jpg,Brown Spot,1
D:\CropDiseaseProject\sugarcane_maharashtra\Healthy\healthy (239).jpeg,Healthy Leaves,3
D:\CropDiseaseProject\sugarcane_large\Diseases\Brown Spot\image933.jpg,Brown Spot,1
D:\CropDiseaseProject\sugarcane_maharashtra\Healthy\healthy (481).jpeg,Healthy Leaves,3
D:\CropDiseaseProject\sugarcane_large\Diseases\Yellow Leaf\Yellow Leaf144.jpg,Yellow Leaf Disease,10
D:\CropDiseaseProject\sugarcane_large\Healthy Leaves\image226.jpg,Healthy Leaves,3
D:\CropDiseaseProject\sugarcane_large\Diseases\Brown Spot\image507.jpg,Brown Spot,1
D:\CropDiseaseProject\sugarcane_maharashtra\RedRot\redrot (82).jpeg,Red Rot,6
D:\CropDiseaseProject\sugarcane_large\Diseases\Brown Spot\image314.jpg,Brown Spot,1
D:\CropDiseaseProject\sugarcane_maharashtra\Yellow\yellow (422).jpeg,Yellow Leaf Disease,10
D:\CropDiseaseProject\sugarcane_maharashtra\Rust\rust (393).jpeg,Rust (Brown Rust),7
D:\CropDiseaseProject\sugarcane_maharashtra\Healthy\healthy (72).jpeg,Healthy Leaves,3
D:\CropDiseaseProject\sugarcane_large\Diseases\Sett Rot\Sett Rot130.jpg,Sett Rot,8
D:\CropDiseaseProject\sugarcane_maharashtra\RedRot\redrot (206).jpeg,Red Rot,6
D:\CropDiseaseProject\sugarcane_large\Diseases\Banded Chlorosis\image315.jpg,Banded Chlorosis,0
D:\CropDiseaseProject\sugarcane_maharashtra\Rust\rust (136).jpeg,Rust (Brown Rust),7
D:\CropDiseaseProject\sugarcane_large\Diseases\Brown Spot\image1468.jpg,Brown Spot,1
D:\CropDiseaseProject\sugarcane_large\Diseases\Yellow Leaf\Yellow Leaf1066.jpg,Yellow Leaf Disease,10
D:\CropDiseaseProject\sugarcane_large\Diseases\Yellow Leaf\Yellow Leaf853.jpg,Yellow Leaf Disease,10
D:\CropDiseaseProject\sugarcane_large\Diseases\Yellow Leaf\Yellow Leaf434.jpg,Yellow Leaf Disease,10
D:\CropDiseaseProject\sugarcane_large\Diseases\Viral Disease\Viral Disease453.jpg,Mosaic / Viral Disease,4
D:\CropDiseaseProject\sugarcane_maharashtra\Yellow\yellow (140).jpeg,Yellow Leaf Disease,10
D:\CropDiseaseProject\sugarcane_maharashtra\Healthy\healthy (261).jpeg,Healthy Leaves,3
D:\CropDiseaseProject\sugarcane_maharashtra\RedRot\redrot (502).jpeg,Red Rot,6
D:\CropDiseaseProject\sugarcane_large\Diseases\Yellow Leaf\Yellow Leaf857.jpg,Yellow Leaf Disease,10
D:\CropDiseaseProject\sugarcane_large\Diseases\Banded Chlorosis\image272.jpg,Banded Chlorosis,0
D:\CropDiseaseProject\sugarcane_large\Diseases\Banded Chlorosis\image247.jpg,Banded Chlorosis,0
D:\CropDiseaseProject\sugarcane_large\Diseases\BrownRust\image153.jpg,Rust (Brown Rust),7
D:\CropDiseaseProject\sugarcane_large\Diseases\Banded Chlorosis\image083.jpg,Banded Chlorosis,0
D:\CropDiseaseProject\sugarcane_large\Diseases\Yellow Leaf\Yellow Leaf771.jpg,Yellow Leaf Disease,10
D:\CropDiseaseProject\sugarcane_large\Diseases\Brown Spot\image1221.jpg,Brown Spot,1
D:\CropDiseaseProject\sugarcane_large\Diseases\Sett Rot\Sett Rot194.jpg,Sett Rot,8
D:\CropDiseaseProject\sugarcane_large\Diseases\Sett Rot\Sett Rot520.jpg,Sett Rot,8
D:\CropDiseaseProject\sugarcane_large\Diseases\Brown Spot\image983.jpg,Brown Spot,1
D:\CropDiseaseProject\sugarcane_large\Diseases\Sett Rot\Sett Rot582.jpg,Sett Rot,8
D:\CropDiseaseProject\sugarcane_large\Diseases\Viral Disease\Viral Disease633.jpg,Mosaic / Viral Disease,4
D:\CropDiseaseProject\sugarcane_maharashtra\Yellow\yellow (481).jpeg,Yellow Leaf Disease,10
D:\CropDiseaseProject\sugarcane_maharashtra\Mosaic\mosaic (364).jpeg,Mosaic / Viral Disease,4
D:\CropDiseaseProject\sugarcane_large\Diseases\Brown Spot\image873.jpg,Brown Spot,1
D:\CropDiseaseProject\sugarcane_large\Diseases\Viral Disease\Viral Disease263.jpg,Mosaic / Viral Disease,4
D:\CropDiseaseProject\sugarcane_large\Diseases\Viral Disease\Viral Disease282.jpg,Mosaic / Viral Disease,4
D:\CropDiseaseProject\sugarcane_large\Healthy Leaves\image409.jpg,Healthy Leaves,3
D:\CropDiseaseProject\sugarcane_large\Diseases\Yellow Leaf\Yellow Leaf080.jpg,Yellow Leaf Disease,10
D:\CropDiseaseProject\sugarcane_large\Diseases\Brown Spot\image259.jpg,Brown Spot,1
D:\CropDiseaseProject\sugarcane_large\Healthy Leaves\image120.jpg,Healthy Leaves,3
D:\CropDiseaseProject\sugarcane_large\Healthy Leaves\image200.jpg,Healthy Leaves,3
D:\CropDiseaseProject\sugarcane_large\Diseases\Brown Spot\image1439.jpg,Brown Spot,1
D:\CropDiseaseProject\sugarcane_maharashtra\Rust\rust (127).jpeg,Rust (Brown Rust),7
D:\CropDiseaseProject\sugarcane_maharashtra\RedRot\redrot (193).jpeg,Red Rot,6
D:\CropDiseaseProject\sugarcane_large\Diseases\Yellow Leaf\Yellow Leaf653.jpg,Yellow Leaf Disease,10
D:\CropDiseaseProject\sugarcane_maharashtra\Rust\rust (146).jpeg,Rust (Brown Rust),7
D:\CropDiseaseProject\sugarcane_large\Diseases\Viral Disease\Viral Disease376.jpg,Mosaic / Viral Disease,4
D:\CropDiseaseProject\sugarcane_maharashtra\Mosaic\mosaic (126).jpeg,Mosaic / Viral Disease,4
D:\CropDiseaseProject\sugarcane_maharashtra\Rust\rust (297).jpeg,Rust (Brown Rust),7
D:\CropDiseaseProject\sugarcane_large\Diseases\Sett Rot\Sett Rot058.jpg,Sett Rot,8
D:\CropDiseaseProject\sugarcane_large\Diseases\Brown Spot\image049.jpg,Brown Spot,1
D:\CropDiseaseProject\sugarcane_large\Diseases\Yellow Leaf\Yellow Leaf089.jpg,Yellow Leaf Disease,10
D:\CropDiseaseProject\sugarcane_large\Diseases\Viral Disease\Viral Disease253.jpg,Mosaic / Viral Disease,4
D:\CropDiseaseProject\sugarcane_maharashtra\RedRot\redrot (47).jpeg,Red Rot,6
D:\CropDiseaseProject\sugarcane_large\Diseases\Sett Rot\Sett Rot415.jpg,Sett Rot,8
D:\CropDiseaseProject\sugarcane_large\Diseases\Banded Chlorosis\image295.jpg,Banded Chlorosis,0
D:\CropDiseaseProject\sugarcane_large\Diseases\Banded Chlorosis\image032.jpg,Banded Chlorosis,0
D:\CropDiseaseProject\sugarcane_large\Diseases\Brown Spot\image1408.jpg,Brown Spot,1
D:\CropDiseaseProject\sugarcane_large\Diseases\Yellow Leaf\Yellow Leaf780.jpg,Yellow Leaf Disease,10
D:\CropDiseaseProject\sugarcane_large\Diseases\Brown Spot\image099.jpg,Brown Spot,1
D:\CropDiseaseProject\sugarcane_large\Diseases\Pokkah Boeng\Pokkah Boeng074.jpg,Pokkah Boeng,5
D:\CropDiseaseProject\sugarcane_large\Diseases\Yellow Leaf\Yellow Leaf983.jpg,Yellow Leaf Disease,10
D:\CropDiseaseProject\sugarcane_large\Diseases\Grassy shoot\image318.jpg,Grassy Shoot,2
D:\CropDiseaseProject\sugarcane_large\Diseases\Yellow Leaf\Yellow Leaf551.jpg,Yellow Leaf Disease,10
D:\CropDiseaseProject\sugarcane_large\Diseases\Yellow Leaf\Yellow Leaf275.jpg,Yellow Leaf Disease,10
D:\CropDiseaseProject\sugarcane_maharashtra\Healthy\healthy (210).jpeg,Healthy Leaves,3
D:\CropDiseaseProject\sugarcane_large\Diseases\Brown Spot\image1478.jpg,Brown Spot,1
D:\CropDiseaseProject\sugarcane_large\Diseases\Brown Spot\image1428.jpg,Brown Spot,1
D:\CropDiseaseProject\sugarcane_large\Diseases\Brown Spot\image416.jpg,Brown Spot,1
D:\CropDiseaseProject\sugarcane_maharashtra\RedRot\redrot (480).jpeg,Red Rot,6
D:\CropDiseaseProject\sugarcane_large\Diseases\Brown Spot\image154.jpg,Brown Spot,1
D:\CropDiseaseProject\sugarcane_large\Diseases\Brown Spot\image1012.jpg,Brown Spot,1
D:\CropDiseaseProject\sugarcane_large\Diseases\Yellow Leaf\Yellow Leaf798.jpg,Yellow Leaf Disease,10
D:\CropDiseaseProject\sugarcane_large\Diseases\Brown Spot\image1635.jpg,Brown Spot,1
D:\CropDiseaseProject\sugarcane_large\Diseases\BrownRust\image074.jpg,Rust (Brown Rust),7
D:\CropDiseaseProject\sugarcane_maharashtra\Healthy\healthy (156).jpeg,Healthy Leaves,3
D:\CropDiseaseProject\sugarcane_maharashtra\RedRot\redrot (100).jpeg,Red Rot,6
D:\CropDiseaseProject\sugarcane_large\Diseases\Brown Spot\image1703.jpg,Brown Spot,1
D:\CropDiseaseProject\sugarcane_large\Diseases\Viral Disease\Viral Disease221.jpg,Mosaic / Viral Disease,4
D:\CropDiseaseProject\sugarcane_large\Diseases\Viral Disease\Viral Disease525.jpg,Mosaic / Viral Disease,4
D:\CropDiseaseProject\sugarcane_large\Diseases\Yellow Leaf\Yellow Leaf752.jpg,Yellow Leaf Disease,10
D:\CropDiseaseProject\sugarcane_large\Diseases\smut\Smut112.jpg,Smut,9
D:\CropDiseaseProject\sugarcane_maharashtra\Rust\rust (418).jpeg,Rust (Brown Rust),7
D:\CropDiseaseProject\sugarcane_large\Diseases\smut\Smut255.jpg,Smut,9
D:\CropDiseaseProject\sugarcane_large\Healthy Leaves\image157.jpg,Healthy Leaves,3
D:\CropDiseaseProject\sugarcane_large\Diseases\Grassy shoot\image268.jpg,Grassy Shoot,2
D:\CropDiseaseProject\sugarcane_large\Diseases\Brown Spot\image323.jpg,Brown Spot,1
D:\CropDiseaseProject\sugarcane_large\Diseases\Yellow Leaf\Yellow Leaf1068.jpg,Yellow Leaf Disease,10
D:\CropDiseaseProject\sugarcane_maharashtra\Healthy\healthy (425).jpeg,Healthy Leaves,3
D:\CropDiseaseProject\sugarcane_large\Diseases\Yellow Leaf\Yellow Leaf1053.jpg,Yellow Leaf Disease,10
D:\CropDiseaseProject\sugarcane_large\Diseases\Pokkah Boeng\Pokkah Boeng083.jpg,Pokkah Boeng,5
D:\CropDiseaseProject\sugarcane_large\Diseases\Yellow Leaf\Yellow Leaf281.jpg,Yellow Leaf Disease,10
D:\CropDiseaseProject\sugarcane_maharashtra\Yellow\yellow (260).jpeg,Yellow Leaf Disease,10
D:\CropDiseaseProject\sugarcane_large\Diseases\BrownRust\image090.jpg,Rust (Brown Rust),7
D:\CropDiseaseProject\sugarcane_large\Diseases\Brown Spot\image871.jpg,Brown Spot,1
D:\CropDiseaseProject\sugarcane_large\Diseases\Viral Disease\Viral Disease368.jpg,Mosaic / Viral Disease,4
D:\CropDiseaseProject\sugarcane_maharashtra\Rust\rust (205).jpeg,Rust (Brown Rust),7
D:\CropDiseaseProject\sugarcane_maharashtra\Rust\rust (48).jpeg,Rust (Brown Rust),7
D:\CropDiseaseProject\sugarcane_large\Diseases\Grassy shoot\image273.jpg,Grassy Shoot,2
D:\CropDiseaseProject\sugarcane_large\Diseases\Viral Disease\Viral Disease593.jpg,Mosaic / Viral Disease,4
D:\CropDiseaseProject\sugarcane_large\Diseases\Banded Chlorosis\image246.jpg,Banded Chlorosis,0
D:\CropDiseaseProject\sugarcane_maharashtra\Healthy\healthy (8).jpeg,Healthy Leaves,3
D:\CropDiseaseProject\sugarcane_large\Diseases\Brown Spot\image044.jpg,Brown Spot,1
D:\CropDiseaseProject\sugarcane_large\Diseases\Viral Disease\Viral Disease302.jpg,Mosaic / Viral Disease,4
D:\CropDiseaseProject\sugarcane_large\Diseases\smut\Smut207.jpg,Smut,9
D:\CropDiseaseProject\sugarcane_large\Diseases\Banded Chlorosis\image026.jpg,Banded Chlorosis,0
D:\CropDiseaseProject\sugarcane_large\Diseases\Brown Spot\image1096.jpg,Brown Spot,1
D:\CropDiseaseProject\sugarcane_large\Healthy Leaves\image202.jpg,Healthy Leaves,3
D:\CropDiseaseProject\sugarcane_maharashtra\RedRot\redrot (491).jpeg,Red Rot,6
D:\CropDiseaseProject\sugarcane_maharashtra\Rust\rust (375).jpeg,Rust (Brown Rust),7
D:\CropDiseaseProject\sugarcane_maharashtra\Yellow\yellow (66).jpeg,Yellow Leaf Disease,10
D:\CropDiseaseProject\sugarcane_large\Diseases\Brown Spot\image675.jpg,Brown Spot,1
D:\CropDiseaseProject\sugarcane_large\Diseases\Brown Spot\image1573.jpg,Brown Spot,1
D:\CropDiseaseProject\sugarcane_large\Diseases\Brown Spot\image020.jpg,Brown Spot,1
D:\CropDiseaseProject\sugarcane_maharashtra\Yellow\yellow (110).jpeg,Yellow Leaf Disease,10
D:\CropDiseaseProject\sugarcane_large\Diseases\Sett Rot\Sett Rot225.jpg,Sett Rot,8
D:\CropDiseaseProject\sugarcane_maharashtra\RedRot\redrot (5).jpeg,Red Rot,6
D:\CropDiseaseProject\sugarcane_large\Diseases\Sett Rot\Sett Rot206.jpg,Sett Rot,8
D:\CropDiseaseProject\sugarcane_maharashtra\Yellow\yellow (114).jpeg,Yellow Leaf Disease,10
D:\CropDiseaseProject\sugarcane_large\Diseases\Brown Spot\image1091.jpg,Brown Spot,1
D:\CropDiseaseProject\sugarcane_maharashtra\Yellow\yellow (288).jpeg,Yellow Leaf Disease,10
D:\CropDiseaseProject\sugarcane_maharashtra\Rust\rust (249).jpeg,Rust (Brown Rust),7
D:\CropDiseaseProject\sugarcane_maharashtra\Rust\rust (14).jpeg,Rust (Brown Rust),7
D:\CropDiseaseProject\sugarcane_large\Diseases\Yellow Leaf\Yellow Leaf1146.jpg,Yellow Leaf Disease,10
D:\CropDiseaseProject\sugarcane_maharashtra\Healthy\healthy (263).jpeg,Healthy Leaves,3
D:\CropDiseaseProject\sugarcane_maharashtra\Mosaic\mosaic (342).jpeg,Mosaic / Viral Disease,4
D:\CropDiseaseProject\sugarcane_large\Diseases\Brown Spot\image726.jpg,Brown Spot,1
D:\CropDiseaseProject\sugarcane_large\Diseases\Viral Disease\Viral Disease543.jpg,Mosaic / Viral Disease,4
D:\CropDiseaseProject\sugarcane_large\Diseases\Brown Spot\image1420.jpg,Brown Spot,1
D:\CropDiseaseProject\sugarcane_large\Diseases\Yellow Leaf\Yellow Leaf307.jpg,Yellow Leaf Disease,10
D:\CropDiseaseProject\sugarcane_large\Healthy Leaves\image123.jpg,Healthy Leaves,3
D:\CropDiseaseProject\sugarcane_large\Diseases\Sett Rot\Sett Rot245.jpg,Sett Rot,8
D:\CropDiseaseProject\sugarcane_large\Diseases\Brown Spot\image769.jpg,Brown Spot,1
D:\CropDiseaseProject\sugarcane_maharashtra\Yellow\yellow (365).jpeg,Yellow Leaf Disease,10
D:\CropDiseaseProject\sugarcane_large\Diseases\Brown Spot\image1266.jpg,Brown Spot,1
D:\CropDiseaseProject\sugarcane_large\Diseases\Grassy shoot\image102.jpg,Grassy Shoot,2
D:\CropDiseaseProject\sugarcane_large\Diseases\Banded Chlorosis\image380.jpg,Banded Chlorosis,0
D:\CropDiseaseProject\sugarcane_maharashtra\Mosaic\mosaic (105).jpeg,Mosaic / Viral Disease,4
D:\CropDiseaseProject\sugarcane_large\Diseases\BrownRust\image199.jpg,Rust (Brown Rust),7
D:\CropDiseaseProject\sugarcane_large\Diseases\Brown Spot\image1584.jpg,Brown Spot,1
D:\CropDiseaseProject\sugarcane_maharashtra\Mosaic\mosaic (268).jpeg,Mosaic / Viral Disease,4
D:\CropDiseaseProject\sugarcane_maharashtra\Mosaic\mosaic (33).jpeg,Mosaic / Viral Disease,4
D:\CropDiseaseProject\sugarcane_large\Diseases\Sett Rot\Sett Rot515.jpg,Sett Rot,8
D:\CropDiseaseProject\sugarcane_large\Diseases\Grassy shoot\image132.jpg,Grassy Shoot,2
D:\CropDiseaseProject\sugarcane_maharashtra\Yellow\yellow (398).jpeg,Yellow Leaf Disease,10
D:\CropDiseaseProject\sugarcane_large\Diseases\Brown Spot\image1508.jpg,Brown Spot,1
D:\CropDiseaseProject\sugarcane_maharashtra\Yellow\yellow (450).jpeg,Yellow Leaf Disease,10
D:\CropDiseaseProject\sugarcane_maharashtra\Rust\rust (17).jpeg,Rust (Brown Rust),7
D:\CropDiseaseProject\sugarcane_large\Diseases\Yellow Leaf\Yellow Leaf856.jpg,Yellow Leaf Disease,10
D:\CropDiseaseProject\sugarcane_large\Diseases\Yellow Leaf\Yellow Leaf739.jpg,Yellow Leaf Disease,10
D:\CropDiseaseProject\sugarcane_large\Healthy Leaves\image194.jpg,Healthy Leaves,3
D:\CropDiseaseProject\sugarcane_large\Diseases\BrownRust\image021.jpg,Rust (Brown Rust),7
D:\CropDiseaseProject\sugarcane_maharashtra\RedRot\redrot (69).jpeg,Red Rot,6
D:\CropDiseaseProject\sugarcane_maharashtra\Mosaic\mosaic (236).jpeg,Mosaic / Viral Disease,4
D:\CropDiseaseProject\sugarcane_large\Diseases\Banded Chlorosis\image374.jpg,Banded Chlorosis,0
D:\CropDiseaseProject\sugarcane_maharashtra\Yellow\yellow (421).jpeg,Yellow Leaf Disease,10
D:\CropDiseaseProject\sugarcane_large\Diseases\BrownRust\image302.jpg,Rust (Brown Rust),7
D:\CropDiseaseProject\sugarcane_large\Diseases\Viral Disease\Viral Disease036.jpg,Mosaic / Viral Disease,4
D:\CropDiseaseProject\sugarcane_large\Diseases\Brown Spot\image1327.jpg,Brown Spot,1
D:\CropDiseaseProject\sugarcane_maharashtra\Rust\rust (486).jpeg,Rust (Brown Rust),7
D:\CropDiseaseProject\sugarcane_maharashtra\RedRot\redrot (242).jpeg,Red Rot,6
D:\CropDiseaseProject\sugarcane_large\Diseases\Yellow Leaf\Yellow Leaf099.jpg,Yellow Leaf Disease,10
D:\CropDiseaseProject\sugarcane_large\Diseases\Pokkah Boeng\Pokkah Boeng265.jpg,Pokkah Boeng,5
D:\CropDiseaseProject\sugarcane_large\Diseases\Brown Spot\image997.jpg,Brown Spot,1
D:\CropDiseaseProject\sugarcane_large\Diseases\Viral Disease\Viral Disease621.jpg,Mosaic / Viral Disease,4
D:\CropDiseaseProject\sugarcane_large\Diseases\Yellow Leaf\Yellow Leaf022.jpg,Yellow Leaf Disease,10
D:\CropDiseaseProject\sugarcane_large\Diseases\Grassy shoot\image330.jpg,Grassy Shoot,2
D:\CropDiseaseProject\sugarcane_large\Diseases\Brown Spot\image1190.jpg,Brown Spot,1
D:\CropDiseaseProject\sugarcane_large\Diseases\Brown Spot\image1637.jpg,Brown Spot,1
D:\CropDiseaseProject\sugarcane_large\Diseases\Sett Rot\Sett Rot308.jpg,Sett Rot,8
D:\CropDiseaseProject\sugarcane_maharashtra\RedRot\redrot (410).jpeg,Red Rot,6
D:\CropDiseaseProject\sugarcane_maharashtra\Rust\rust (167).jpeg,Rust (Brown Rust),7
D:\CropDiseaseProject\sugarcane_large\Diseases\Brown Spot\image821.jpg,Brown Spot,1
D:\CropDiseaseProject\sugarcane_large\Diseases\Brown Spot\image1098.jpg,Brown Spot,1
D:\CropDiseaseProject\sugarcane_large\Diseases\smut\Smut156.jpg,Smut,9
D:\CropDiseaseProject\sugarcane_large\Diseases\Viral Disease\Viral Disease130.jpg,Mosaic / Viral Disease,4
D:\CropDiseaseProject\sugarcane_maharashtra\Yellow\yellow (463).jpeg,Yellow Leaf Disease,10
D:\CropDiseaseProject\sugarcane_large\Diseases\Brown Spot\image1375.jpg,Brown Spot,1
D:\CropDiseaseProject\sugarcane_maharashtra\Yellow\yellow (59).jpeg,Yellow Leaf Disease,10
D:\CropDiseaseProject\sugarcane_maharashtra\Mosaic\mosaic (223).jpeg,Mosaic / Viral Disease,4
D:\CropDiseaseProject\sugarcane_large\Diseases\Grassy shoot\image292.jpg,Grassy Shoot,2
D:\CropDiseaseProject\sugarcane_large\Diseases\Sett Rot\Sett Rot223.jpg,Sett Rot,8
D:\CropDiseaseProject\sugarcane_large\Diseases\Yellow Leaf\Yellow Leaf938.jpg,Yellow Leaf Disease,10
D:\CropDiseaseProject\sugarcane_large\Healthy Leaves\image033.jpg,Healthy Leaves,3
D:\CropDiseaseProject\sugarcane_large\Diseases\BrownRust\image142.jpg,Rust (Brown Rust),7
D:\CropDiseaseProject\sugarcane_maharashtra\Rust\rust (352).jpeg,Rust (Brown Rust),7
D:\CropDiseaseProject\sugarcane_large\Diseases\Yellow Leaf\Yellow Leaf754.jpg,Yellow Leaf Disease,10
D:\CropDiseaseProject\sugarcane_maharashtra\RedRot\redrot (175).jpeg,Red Rot,6
D:\CropDiseaseProject\sugarcane_maharashtra\Yellow\yellow (170).jpeg,Yellow Leaf Disease,10
D:\CropDiseaseProject\sugarcane_large\Diseases\Sett Rot\Sett Rot486.jpg,Sett Rot,8
D:\CropDiseaseProject\sugarcane_large\Diseases\Yellow Leaf\Yellow Leaf1192.jpg,Yellow Leaf Disease,10
D:\CropDiseaseProject\sugarcane_large\Diseases\Sett Rot\Sett Rot068.jpg,Sett Rot,8
D:\CropDiseaseProject\sugarcane_maharashtra\Yellow\yellow (126).jpeg,Yellow Leaf Disease,10
D:\CropDiseaseProject\sugarcane_maharashtra\Mosaic\mosaic (335).jpeg,Mosaic / Viral Disease,4
D:\CropDiseaseProject\sugarcane_large\Diseases\Pokkah Boeng\Pokkah Boeng102.jpg,Pokkah Boeng,5
D:\CropDiseaseProject\sugarcane_large\Diseases\Pokkah Boeng\Pokkah Boeng197.jpg,Pokkah Boeng,5
D:\CropDiseaseProject\sugarcane_large\Diseases\Brown Spot\image279.jpg,Brown Spot,1
D:\CropDiseaseProject\sugarcane_large\Diseases\Yellow Leaf\Yellow Leaf1144.jpg,Yellow Leaf Disease,10
D:\CropDiseaseProject\sugarcane_large\Diseases\Banded Chlorosis\image376.jpg,Banded Chlorosis,0
D:\CropDiseaseProject\sugarcane_maharashtra\RedRot\redrot (276).jpeg,Red Rot,6
D:\CropDiseaseProject\sugarcane_maharashtra\RedRot\redrot (296).jpeg,Red Rot,6
D:\CropDiseaseProject\sugarcane_large\Diseases\Brown Spot\image1471.jpg,Brown Spot,1
D:\CropDiseaseProject\sugarcane_large\Diseases\Sett Rot\Sett Rot501.jpg,Sett Rot,8
D:\CropDiseaseProject\sugarcane_large\Diseases\Viral Disease\Viral Disease457.jpg,Mosaic / Viral Disease,4
D:\CropDiseaseProject\sugarcane_large\Diseases\Sett Rot\Sett Rot125.jpg,Sett Rot,8
D:\CropDiseaseProject\sugarcane_large\Diseases\Brown Spot\image845.jpg,Brown Spot,1
D:\CropDiseaseProject\sugarcane_maharashtra\Healthy\healthy (161).jpeg,Healthy Leaves,3
D:\CropDiseaseProject\sugarcane_maharashtra\Mosaic\mosaic (98).jpeg,Mosaic / Viral Disease,4
D:\CropDiseaseProject\sugarcane_large\Diseases\Sett Rot\Sett Rot311.jpg,Sett Rot,8
D:\CropDiseaseProject\sugarcane_large\Healthy Leaves\image333.jpg,Healthy Leaves,3
D:\CropDiseaseProject\sugarcane_large\Diseases\Viral Disease\Viral Disease015.jpg,Mosaic / Viral Disease,4
D:\CropDiseaseProject\sugarcane_maharashtra\RedRot\redrot (366).jpeg,Red Rot,6
D:\CropDiseaseProject\sugarcane_large\Diseases\Brown Spot\image385.jpg,Brown Spot,1
D:\CropDiseaseProject\sugarcane_maharashtra\RedRot\redrot (370).jpeg,Red Rot,6
D:\CropDiseaseProject\sugarcane_large\Diseases\Banded Chlorosis\image378.jpg,Banded Chlorosis,0
D:\CropDiseaseProject\sugarcane_large\Diseases\Brown Spot\image1474.jpg,Brown Spot,1
D:\CropDiseaseProject\sugarcane_large\Diseases\Yellow Leaf\Yellow Leaf793.jpg,Yellow Leaf Disease,10
D:\CropDiseaseProject\sugarcane_large\Diseases\Yellow Leaf\Yellow Leaf340.jpg,Yellow Leaf Disease,10
D:\CropDiseaseProject\sugarcane_large\Diseases\Banded Chlorosis\image171.jpg,Banded Chlorosis,0
D:\CropDiseaseProject\sugarcane_large\Diseases\BrownRust\image304.jpg,Rust (Brown Rust),7
D:\CropDiseaseProject\sugarcane_large\Diseases\Yellow Leaf\Yellow Leaf1142.jpg,Yellow Leaf Disease,10
D:\CropDiseaseProject\sugarcane_large\Diseases\Sett Rot\Sett Rot388.jpg,Sett Rot,8
D:\CropDiseaseProject\sugarcane_large\Healthy Leaves\image261.jpg,Healthy Leaves,3
D:\CropDiseaseProject\sugarcane_large\Diseases\smut\Smut149.jpg,Smut,9
D:\CropDiseaseProject\sugarcane_large\Diseases\Viral Disease\Viral Disease496.jpg,Mosaic / Viral Disease,4
D:\CropDiseaseProject\sugarcane_maharashtra\RedRot\redrot (235).jpeg,Red Rot,6
D:\CropDiseaseProject\sugarcane_large\Diseases\BrownRust\image275.jpg,Rust (Brown Rust),7
D:\CropDiseaseProject\sugarcane_large\Diseases\Pokkah Boeng\Pokkah Boeng053.jpg,Pokkah Boeng,5
D:\CropDiseaseProject\sugarcane_large\Diseases\BrownRust\image098.jpg,Rust (Brown Rust),7
D:\CropDiseaseProject\sugarcane_large\Diseases\smut\Smut202.jpg,Smut,9
D:\CropDiseaseProject\sugarcane_large\Diseases\Yellow Leaf\Yellow Leaf616.jpg,Yellow Leaf Disease,10
D:\CropDiseaseProject\sugarcane_large\Diseases\Sett Rot\Sett Rot383.jpg,Sett Rot,8
D:\CropDiseaseProject\sugarcane_maharashtra\Rust\rust (431).jpeg,Rust (Brown Rust),7
D:\CropDiseaseProject\sugarcane_large\Diseases\Grassy shoot\image305.jpg,Grassy Shoot,2
D:\CropDiseaseProject\sugarcane_large\Diseases\Banded Chlorosis\image451.jpg,Banded Chlorosis,0
D:\CropDiseaseProject\sugarcane_maharashtra\Yellow\yellow (458).jpeg,Yellow Leaf Disease,10
D:\CropDiseaseProject\sugarcane_large\Diseases\Yellow Leaf\Yellow Leaf606.jpg,Yellow Leaf Disease,10
D:\CropDiseaseProject\sugarcane_large\Diseases\Brown Spot\image1039.jpg,Brown Spot,1
D:\CropDiseaseProject\sugarcane_large\Diseases\Brown Spot\image1367.jpg,Brown Spot,1
D:\CropDiseaseProject\sugarcane_large\Diseases\Brown Spot\image1588.jpg,Brown Spot,1
D:\CropDiseaseProject\sugarcane_large\Diseases\Yellow Leaf\Yellow Leaf1141.jpg,Yellow Leaf Disease,10
D:\CropDiseaseProject\sugarcane_large\Diseases\BrownRust\image054.jpg,Rust (Brown Rust),7
D:\CropDiseaseProject\sugarcane_large\Diseases\Brown Spot\image927.jpg,Brown Spot,1
D:\CropDiseaseProject\sugarcane_maharashtra\Yellow\yellow (343).jpeg,Yellow Leaf Disease,10
D:\CropDiseaseProject\sugarcane_large\Diseases\Pokkah Boeng\Pokkah Boeng066.jpg,Pokkah Boeng,5
D:\CropDiseaseProject\sugarcane_maharashtra\Healthy\healthy (301).jpeg,Healthy Leaves,3
D:\CropDiseaseProject\sugarcane_large\Diseases\Yellow Leaf\Yellow Leaf044.jpg,Yellow Leaf Disease,10
D:\CropDiseaseProject\sugarcane_large\Diseases\smut\Smut247.jpg,Smut,9
D:\CropDiseaseProject\sugarcane_large\Diseases\Viral Disease\Viral Disease078.jpg,Mosaic / Viral Disease,4
D:\CropDiseaseProject\sugarcane_large\Diseases\Yellow Leaf\Yellow Leaf934.jpg,Yellow Leaf Disease,10
D:\CropDiseaseProject\sugarcane_maharashtra\Rust\rust (306).jpeg,Rust (Brown Rust),7
D:\CropDiseaseProject\sugarcane_large\Diseases\smut\Smut169.jpg,Smut,9
D:\CropDiseaseProject\sugarcane_large\Diseases\smut\Smut083.jpg,Smut,9
D:\CropDiseaseProject\sugarcane_maharashtra\RedRot\redrot (95).jpeg,Red Rot,6
D:\CropDiseaseProject\sugarcane_maharashtra\RedRot\redrot (391).jpeg,Red Rot,6
D:\CropDiseaseProject\sugarcane_large\Diseases\Brown Spot\image412.jpg,Brown Spot,1
D:\CropDiseaseProject\sugarcane_maharashtra\Healthy\healthy (242).jpeg,Healthy Leaves,3
D:\CropDiseaseProject\sugarcane_large\Diseases\Viral Disease\Viral Disease122.jpg,Mosaic / Viral Disease,4
D:\CropDiseaseProject\sugarcane_large\Diseases\Yellow Leaf\Yellow Leaf699.jpg,Yellow Leaf Disease,10
D:\CropDiseaseProject\sugarcane_large\Diseases\Banded Chlorosis\image371.jpg,Banded Chlorosis,0
D:\CropDiseaseProject\sugarcane_large\Diseases\Viral Disease\Viral Disease057.jpg,Mosaic / Viral Disease,4
D:\CropDiseaseProject\sugarcane_maharashtra\Yellow\yellow (194).jpeg,Yellow Leaf Disease,10
D:\CropDiseaseProject\sugarcane_maharashtra\Rust\rust (192).jpeg,Rust (Brown Rust),7
D:\CropDiseaseProject\sugarcane_large\Diseases\Banded Chlorosis\image003.jpg,Banded Chlorosis,0
D:\CropDiseaseProject\sugarcane_maharashtra\RedRot\redrot (120).jpeg,Red Rot,6
D:\CropDiseaseProject\sugarcane_large\Diseases\Brown Spot\image952.jpg,Brown Spot,1
D:\CropDiseaseProject\sugarcane_large\Healthy Leaves\image350.jpg,Healthy Leaves,3
D:\CropDiseaseProject\sugarcane_maharashtra\Rust\rust (312).jpeg,Rust (Brown Rust),7
D:\CropDiseaseProject\sugarcane_maharashtra\Mosaic\mosaic (350).jpeg,Mosaic / Viral Disease,4
D:\CropDiseaseProject\sugarcane_large\Diseases\Yellow Leaf\Yellow Leaf549.jpg,Yellow Leaf Disease,10
D:\CropDiseaseProject\sugarcane_large\Diseases\Brown Spot\image1513.jpg,Brown Spot,1
D:\CropDiseaseProject\sugarcane_large\Diseases\Brown Spot\image399.jpg,Brown Spot,1
D:\CropDiseaseProject\sugarcane_large\Diseases\Grassy shoot\image027.jpg,Grassy Shoot,2
D:\CropDiseaseProject\sugarcane_large\Diseases\Grassy shoot\image234.jpg,Grassy Shoot,2
D:\CropDiseaseProject\sugarcane_large\Diseases\Grassy shoot\image030.jpg,Grassy Shoot,2
D:\CropDiseaseProject\sugarcane_large\Diseases\smut\Smut196.jpg,Smut,9
D:\CropDiseaseProject\sugarcane_maharashtra\Healthy\healthy (424).jpeg,Healthy Leaves,3
D:\CropDiseaseProject\sugarcane_large\Diseases\Sett Rot\Sett Rot085.jpg,Sett Rot,8
D:\CropDiseaseProject\sugarcane_large\Diseases\Yellow Leaf\Yellow Leaf768.jpg,Yellow Leaf Disease,10
D:\CropDiseaseProject\sugarcane_large\Diseases\Yellow Leaf\Yellow Leaf611.jpg,Yellow Leaf Disease,10
D:\CropDiseaseProject\sugarcane_large\Diseases\Brown Spot\image1359.jpg,Brown Spot,1
D:\CropDiseaseProject\sugarcane_maharashtra\Rust\rust (314).jpeg,Rust (Brown Rust),7
D:\CropDiseaseProject\sugarcane_maharashtra\Rust\rust (490).jpeg,Rust (Brown Rust),7
D:\CropDiseaseProject\sugarcane_large\Diseases\Yellow Leaf\Yellow Leaf1159.jpg,Yellow Leaf Disease,10
D:\CropDiseaseProject\sugarcane_large\Diseases\Brown Spot\image559.jpg,Brown Spot,1
D:\CropDiseaseProject\sugarcane_large\Diseases\Sett Rot\Sett Rot418.jpg,Sett Rot,8
D:\CropDiseaseProject\sugarcane_maharashtra\Yellow\yellow (335).jpeg,Yellow Leaf Disease,10
D:\CropDiseaseProject\sugarcane_large\Diseases\Brown Spot\image1414.jpg,Brown Spot,1
D:\CropDiseaseProject\sugarcane_large\Diseases\Brown Spot\image991.jpg,Brown Spot,1
D:\CropDiseaseProject\sugarcane_large\Diseases\Yellow Leaf\Yellow Leaf422.jpg,Yellow Leaf Disease,10
D:\CropDiseaseProject\sugarcane_maharashtra\Rust\rust (32).jpeg,Rust (Brown Rust),7
D:\CropDiseaseProject\sugarcane_maharashtra\RedRot\redrot (393).jpeg,Red Rot,6
D:\CropDiseaseProject\sugarcane_large\Healthy Leaves\image311.jpg,Healthy Leaves,3
D:\CropDiseaseProject\sugarcane_large\Diseases\Viral Disease\Viral Disease070.jpg,Mosaic / Viral Disease,4
D:\CropDiseaseProject\sugarcane_large\Healthy Leaves\image276.jpg,Healthy Leaves,3
D:\CropDiseaseProject\sugarcane_large\Diseases\Sett Rot\Sett Rot365.jpg,Sett Rot,8
D:\CropDiseaseProject\sugarcane_large\Diseases\Yellow Leaf\Yellow Leaf1110.jpg,Yellow Leaf Disease,10
D:\CropDiseaseProject\sugarcane_large\Diseases\Brown Spot\image1410.jpg,Brown Spot,1
D:\CropDiseaseProject\sugarcane_maharashtra\Healthy\healthy (321).jpeg,Healthy Leaves,3
D:\CropDiseaseProject\sugarcane_large\Diseases\Brown Spot\image180.jpg,Brown Spot,1
D:\CropDiseaseProject\sugarcane_maharashtra\Rust\rust (465).jpeg,Rust (Brown Rust),7
D:\CropDiseaseProject\sugarcane_large\Diseases\Grassy shoot\image047.jpg,Grassy Shoot,2
D:\CropDiseaseProject\sugarcane_large\Diseases\Grassy shoot\image198.jpg,Grassy Shoot,2
D:\CropDiseaseProject\sugarcane_large\Diseases\Banded Chlorosis\image411.jpg,Banded Chlorosis,0
D:\CropDiseaseProject\sugarcane_large\Diseases\Banded Chlorosis\image196.jpg,Banded Chlorosis,0
D:\CropDiseaseProject\sugarcane_maharashtra\RedRot\redrot (369).jpeg,Red Rot,6
D:\CropDiseaseProject\sugarcane_large\Diseases\Yellow Leaf\Yellow Leaf1043.jpg,Yellow Leaf Disease,10
D:\CropDiseaseProject\sugarcane_large\Diseases\Brown Spot\image690.jpg,Brown Spot,1
D:\CropDiseaseProject\sugarcane_large\Diseases\Banded Chlorosis\image029.jpg,Banded Chlorosis,0
D:\CropDiseaseProject\sugarcane_maharashtra\Mosaic\mosaic (171).jpeg,Mosaic / Viral Disease,4
D:\CropDiseaseProject\sugarcane_large\Diseases\Yellow Leaf\Yellow Leaf725.jpg,Yellow Leaf Disease,10
D:\CropDiseaseProject\sugarcane_maharashtra\Mosaic\mosaic (125).jpeg,Mosaic / Viral Disease,4
D:\CropDiseaseProject\sugarcane_maharashtra\Yellow\yellow (407).jpeg,Yellow Leaf Disease,10
D:\CropDiseaseProject\sugarcane_maharashtra\Yellow\yellow (329).jpeg,Yellow Leaf Disease,10
D:\CropDiseaseProject\sugarcane_large\Diseases\Yellow Leaf\Yellow Leaf537.jpg,Yellow Leaf Disease,10
D:\CropDiseaseProject\sugarcane_large\Diseases\Brown Spot\image451.jpg,Brown Spot,1
D:\CropDiseaseProject\sugarcane_maharashtra\Healthy\healthy (470).jpeg,Healthy Leaves,3
D:\CropDiseaseProject\sugarcane_large\Diseases\Brown Spot\image1287.jpg,Brown Spot,1
D:\CropDiseaseProject\sugarcane_large\Diseases\Yellow Leaf\Yellow Leaf390.jpg,Yellow Leaf Disease,10
D:\CropDiseaseProject\sugarcane_maharashtra\Healthy\healthy (485).jpeg,Healthy Leaves,3
D:\CropDiseaseProject\sugarcane_large\Diseases\Brown Spot\image692.jpg,Brown Spot,1
D:\CropDiseaseProject\sugarcane_large\Diseases\Brown Spot\image1071.jpg,Brown Spot,1
D:\CropDiseaseProject\sugarcane_maharashtra\RedRot\redrot (338).jpeg,Red Rot,6
D:\CropDiseaseProject\sugarcane_large\Diseases\smut\Smut246.jpg,Smut,9
D:\CropDiseaseProject\sugarcane_large\Diseases\Banded Chlorosis\image469.jpg,Banded Chlorosis,0
D:\CropDiseaseProject\sugarcane_large\Diseases\Brown Spot\image1444.jpg,Brown Spot,1
D:\CropDiseaseProject\sugarcane_large\Diseases\Sett Rot\Sett Rot240.jpg,Sett Rot,8
D:\CropDiseaseProject\sugarcane_maharashtra\Healthy\healthy (222).jpeg,Healthy Leaves,3
D:\CropDiseaseProject\sugarcane_large\Diseases\Banded Chlorosis\image195.jpg,Banded Chlorosis,0
D:\CropDiseaseProject\sugarcane_large\Diseases\Sett Rot\Sett Rot270.jpg,Sett Rot,8
D:\CropDiseaseProject\sugarcane_large\Healthy Leaves\image401.jpg,Healthy Leaves,3
D:\CropDiseaseProject\sugarcane_maharashtra\Rust\rust (422).jpeg,Rust (Brown Rust),7
D:\CropDiseaseProject\sugarcane_maharashtra\Healthy\healthy (356).jpeg,Healthy Leaves,3
D:\CropDiseaseProject\sugarcane_large\Diseases\Yellow Leaf\Yellow Leaf700.jpg,Yellow Leaf Disease,10
D:\CropDiseaseProject\sugarcane_large\Healthy Leaves\image244.jpg,Healthy Leaves,3
D:\CropDiseaseProject\sugarcane_large\Diseases\BrownRust\image223.jpg,Rust (Brown Rust),7
D:\CropDiseaseProject\sugarcane_large\Diseases\Brown Spot\image667.jpg,Brown Spot,1
D:\CropDiseaseProject\sugarcane_maharashtra\Rust\rust (323).jpeg,Rust (Brown Rust),7
D:\CropDiseaseProject\sugarcane_large\Diseases\Yellow Leaf\Yellow Leaf815.jpg,Yellow Leaf Disease,10
D:\CropDiseaseProject\sugarcane_maharashtra\RedRot\redrot (197).jpeg,Red Rot,6
D:\CropDiseaseProject\sugarcane_large\Diseases\Sett Rot\Sett Rot299.jpg,Sett Rot,8
D:\CropDiseaseProject\sugarcane_large\Diseases\Brown Spot\image1275.jpg,Brown Spot,1
D:\CropDiseaseProject\sugarcane_large\Diseases\Brown Spot\image1469.jpg,Brown Spot,1
D:\CropDiseaseProject\sugarcane_large\Diseases\Viral Disease\Viral Disease189.jpg,Mosaic / Viral Disease,4
D:\CropDiseaseProject\sugarcane_large\Diseases\Brown Spot\image1325.jpg,Brown Spot,1
D:\CropDiseaseProject\sugarcane_large\Diseases\Viral Disease\Viral Disease132.jpg,Mosaic / Viral Disease,4
D:\CropDiseaseProject\sugarcane_large\Diseases\Banded Chlorosis\image039.jpg,Banded Chlorosis,0
D:\CropDiseaseProject\sugarcane_large\Diseases\Sett Rot\Sett Rot328.jpg,Sett Rot,8
D:\CropDiseaseProject\sugarcane_maharashtra\Healthy\healthy (416).jpeg,Healthy Leaves,3
D:\CropDiseaseProject\sugarcane_large\Diseases\Brown Spot\image269.jpg,Brown Spot,1
D:\CropDiseaseProject\sugarcane_large\Diseases\smut\Smut136.jpg,Smut,9
D:\CropDiseaseProject\sugarcane_large\Diseases\Sett Rot\Sett Rot454.jpg,Sett Rot,8
D:\CropDiseaseProject\sugarcane_large\Healthy Leaves\image274.jpg,Healthy Leaves,3
D:\CropDiseaseProject\sugarcane_large\Diseases\Viral Disease\Viral Disease179.jpg,Mosaic / Viral Disease,4
D:\CropDiseaseProject\sugarcane_large\Diseases\Pokkah Boeng\Pokkah Boeng036.jpg,Pokkah Boeng,5
D:\CropDiseaseProject\sugarcane_large\Diseases\Brown Spot\image739.jpg,Brown Spot,1
D:\CropDiseaseProject\sugarcane_large\Diseases\Yellow Leaf\Yellow Leaf851.jpg,Yellow Leaf Disease,10
D:\CropDiseaseProject\sugarcane_large\Diseases\Yellow Leaf\Yellow Leaf945.jpg,Yellow Leaf Disease,10
D:\CropDiseaseProject\sugarcane_maharashtra\Yellow\yellow (156).jpeg,Yellow Leaf Disease,10
D:\CropDiseaseProject\sugarcane_maharashtra\Rust\rust (348).jpeg,Rust (Brown Rust),7
D:\CropDiseaseProject\sugarcane_maharashtra\Yellow\yellow (334).jpeg,Yellow Leaf Disease,10
D:\CropDiseaseProject\sugarcane_large\Diseases\Brown Spot\image1392.jpg,Brown Spot,1
D:\CropDiseaseProject\sugarcane_maharashtra\Yellow\yellow (332).jpeg,Yellow Leaf Disease,10
D:\CropDiseaseProject\sugarcane_large\Diseases\Pokkah Boeng\Pokkah Boeng275.jpg,Pokkah Boeng,5
D:\CropDiseaseProject\sugarcane_large\Diseases\Yellow Leaf\Yellow Leaf437.jpg,Yellow Leaf Disease,10
D:\CropDiseaseProject\sugarcane_maharashtra\Yellow\yellow (130).jpeg,Yellow Leaf Disease,10
D:\CropDiseaseProject\sugarcane_large\Diseases\Grassy shoot\image302.jpg,Grassy Shoot,2
D:\CropDiseaseProject\sugarcane_large\Diseases\Brown Spot\image1479.jpg,Brown Spot,1
D:\CropDiseaseProject\sugarcane_large\Diseases\Viral Disease\Viral Disease105.jpg,Mosaic / Viral Disease,4
D:\CropDiseaseProject\sugarcane_maharashtra\RedRot\redrot (348).jpeg,Red Rot,6
D:\CropDiseaseProject\sugarcane_maharashtra\Yellow\yellow (426).jpeg,Yellow Leaf Disease,10
D:\CropDiseaseProject\sugarcane_maharashtra\RedRot\redrot (375).jpeg,Red Rot,6
D:\CropDiseaseProject\sugarcane_large\Diseases\Brown Spot\image1127.jpg,Brown Spot,1
D:\CropDiseaseProject\sugarcane_maharashtra\Rust\rust (166).jpeg,Rust (Brown Rust),7
D:\CropDiseaseProject\sugarcane_large\Healthy Leaves\image172.jpg,Healthy Leaves,3
D:\CropDiseaseProject\sugarcane_maharashtra\Yellow\yellow (201).jpeg,Yellow Leaf Disease,10
D:\CropDiseaseProject\sugarcane_maharashtra\RedRot\redrot (53).jpeg,Red Rot,6
D:\CropDiseaseProject\sugarcane_large\Diseases\Brown Spot\image1264.jpg,Brown Spot,1
D:\CropDiseaseProject\sugarcane_maharashtra\RedRot\redrot (33).jpeg,Red Rot,6
D:\CropDiseaseProject\sugarcane_large\Healthy Leaves\image323.jpg,Healthy Leaves,3
D:\CropDiseaseProject\sugarcane_large\Diseases\Grassy shoot\image331.jpg,Grassy Shoot,2
D:\CropDiseaseProject\sugarcane_large\Diseases\Yellow Leaf\Yellow Leaf127.jpg,Yellow Leaf Disease,10
D:\CropDiseaseProject\sugarcane_maharashtra\Rust\rust (233).jpeg,Rust (Brown Rust),7
D:\CropDiseaseProject\sugarcane_large\Diseases\Sett Rot\Sett Rot310.jpg,Sett Rot,8
D:\CropDiseaseProject\sugarcane_large\Diseases\smut\Smut211.jpg,Smut,9
D:\CropDiseaseProject\sugarcane_large\Diseases\Sett Rot\Sett Rot439.jpg,Sett Rot,8
D:\CropDiseaseProject\sugarcane_large\Diseases\Brown Spot\image1272.jpg,Brown Spot,1
D:\CropDiseaseProject\sugarcane_large\Diseases\Yellow Leaf\Yellow Leaf810.jpg,Yellow Leaf Disease,10
D:\CropDiseaseProject\sugarcane_maharashtra\RedRot\redrot (103).jpeg,Red Rot,6
D:\CropDiseaseProject\sugarcane_maharashtra\Healthy\healthy (392).jpeg,Healthy Leaves,3
D:\CropDiseaseProject\sugarcane_large\Diseases\smut\Smut225.jpg,Smut,9
D:\CropDiseaseProject\sugarcane_large\Healthy Leaves\image286.jpg,Healthy Leaves,3
D:\CropDiseaseProject\sugarcane_maharashtra\Rust\rust (227).jpeg,Rust (Brown Rust),7
D:\CropDiseaseProject\sugarcane_large\Diseases\Brown Spot\image325.jpg,Brown Spot,1
D:\CropDiseaseProject\sugarcane_maharashtra\Rust\rust (248).jpeg,Rust (Brown Rust),7
D:\CropDiseaseProject\sugarcane_large\Diseases\Sett Rot\Sett Rot285.jpg,Sett Rot,8
D:\CropDiseaseProject\sugarcane_large\Diseases\Yellow Leaf\Yellow Leaf077.jpg,Yellow Leaf Disease,10
D:\CropDiseaseProject\sugarcane_large\Diseases\Yellow Leaf\Yellow Leaf496.jpg,Yellow Leaf Disease,10
D:\CropDiseaseProject\sugarcane_maharashtra\Rust\rust (189).jpeg,Rust (Brown Rust),7
D:\CropDiseaseProject\sugarcane_maharashtra\Mosaic\mosaic (422).jpeg,Mosaic / Viral Disease,4
D:\CropDiseaseProject\sugarcane_large\Diseases\Yellow Leaf\Yellow Leaf421.jpg,Yellow Leaf Disease,10
D:\CropDiseaseProject\sugarcane_large\Diseases\Brown Spot\image856.jpg,Brown Spot,1
D:\CropDiseaseProject\sugarcane_maharashtra\Rust\rust (178).jpeg,Rust (Brown Rust),7
D:\CropDiseaseProject\sugarcane_large\Diseases\Brown Spot\image545.jpg,Brown Spot,1
D:\CropDiseaseProject\sugarcane_large\Diseases\smut\Smut104.jpg,Smut,9
D:\CropDiseaseProject\sugarcane_large\Diseases\Brown Spot\image639.jpg,Brown Spot,1
D:\CropDiseaseProject\sugarcane_large\Diseases\Yellow Leaf\Yellow Leaf608.jpg,Yellow Leaf Disease,10
D:\CropDiseaseProject\sugarcane_large\Diseases\Yellow Leaf\Yellow Leaf162.jpg,Yellow Leaf Disease,10
D:\CropDiseaseProject\sugarcane_large\Diseases\Brown Spot\image979.jpg,Brown Spot,1
D:\CropDiseaseProject\sugarcane_maharashtra\Healthy\healthy (456).jpeg,Healthy Leaves,3
D:\CropDiseaseProject\sugarcane_large\Diseases\Grassy shoot\image263.jpg,Grassy Shoot,2
D:\CropDiseaseProject\sugarcane_large\Diseases\Brown Spot\image509.jpg,Brown Spot,1
D:\CropDiseaseProject\sugarcane_large\Healthy Leaves\image240.jpg,Healthy Leaves,3
D:\CropDiseaseProject\sugarcane_maharashtra\Yellow\yellow (183).jpeg,Yellow Leaf Disease,10
D:\CropDiseaseProject\sugarcane_large\Diseases\Yellow Leaf\Yellow Leaf100.jpg,Yellow Leaf Disease,10
D:\CropDiseaseProject\sugarcane_large\Diseases\Sett Rot\Sett Rot217.jpg,Sett Rot,8
D:\CropDiseaseProject\sugarcane_maharashtra\Healthy\healthy (254).jpeg,Healthy Leaves,3
D:\CropDiseaseProject\sugarcane_large\Diseases\Brown Spot\image1654.jpg,Brown Spot,1
D:\CropDiseaseProject\sugarcane_large\Diseases\Grassy shoot\image241.jpg,Grassy Shoot,2
D:\CropDiseaseProject\sugarcane_large\Diseases\Viral Disease\Viral Disease627.jpg,Mosaic / Viral Disease,4
D:\CropDiseaseProject\sugarcane_large\Diseases\Yellow Leaf\Yellow Leaf1020.jpg,Yellow Leaf Disease,10
D:\CropDiseaseProject\sugarcane_large\Diseases\smut\Smut123.jpg,Smut,9
D:\CropDiseaseProject\sugarcane_large\Diseases\BrownRust\image079.jpg,Rust (Brown Rust),7
D:\CropDiseaseProject\sugarcane_maharashtra\Yellow\yellow (350).jpeg,Yellow Leaf Disease,10
D:\CropDiseaseProject\sugarcane_large\Diseases\Brown Spot\image130.jpg,Brown Spot,1
D:\CropDiseaseProject\sugarcane_large\Diseases\Sett Rot\Sett Rot269.jpg,Sett Rot,8
D:\CropDiseaseProject\sugarcane_large\Diseases\Brown Spot\image834.jpg,Brown Spot,1
D:\CropDiseaseProject\sugarcane_large\Diseases\Pokkah Boeng\Pokkah Boeng128.jpg,Pokkah Boeng,5
D:\CropDiseaseProject\sugarcane_large\Diseases\Sett Rot\Sett Rot394.jpg,Sett Rot,8
D:\CropDiseaseProject\sugarcane_large\Diseases\Sett Rot\Sett Rot334.jpg,Sett Rot,8
D:\CropDiseaseProject\sugarcane_maharashtra\RedRot\redrot (413).jpeg,Red Rot,6
D:\CropDiseaseProject\sugarcane_large\Healthy Leaves\image223.jpg,Healthy Leaves,3
D:\CropDiseaseProject\sugarcane_large\Diseases\Yellow Leaf\Yellow Leaf726.jpg,Yellow Leaf Disease,10
D:\CropDiseaseProject\sugarcane_large\Diseases\Banded Chlorosis\image008.jpg,Banded Chlorosis,0
D:\CropDiseaseProject\sugarcane_large\Diseases\Yellow Leaf\Yellow Leaf681.jpg,Yellow Leaf Disease,10
D:\CropDiseaseProject\sugarcane_large\Diseases\Banded Chlorosis\image370.jpg,Banded Chlorosis,0
D:\CropDiseaseProject\sugarcane_maharashtra\Mosaic\mosaic (241).jpeg,Mosaic / Viral Disease,4
D:\CropDiseaseProject\sugarcane_large\Diseases\BrownRust\image191.jpg,Rust (Brown Rust),7
D:\CropDiseaseProject\sugarcane_maharashtra\Rust\rust (416).jpeg,Rust (Brown Rust),7
D:\CropDiseaseProject\sugarcane_large\Diseases\Viral Disease\Viral Disease638.jpg,Mosaic / Viral Disease,4
D:\CropDiseaseProject\sugarcane_maharashtra\Rust\rust (480).jpeg,Rust (Brown Rust),7
D:\CropDiseaseProject\sugarcane_large\Diseases\Viral Disease\Viral Disease380.jpg,Mosaic / Viral Disease,4
D:\CropDiseaseProject\sugarcane_maharashtra\Mosaic\mosaic (196).jpeg,Mosaic / Viral Disease,4
D:\CropDiseaseProject\sugarcane_maharashtra\Rust\rust (137).jpeg,Rust (Brown Rust),7
D:\CropDiseaseProject\sugarcane_large\Diseases\Brown Spot\image033.jpg,Brown Spot,1
D:\CropDiseaseProject\sugarcane_large\Diseases\Pokkah Boeng\Pokkah Boeng010.jpg,Pokkah Boeng,5
D:\CropDiseaseProject\sugarcane_large\Diseases\Banded Chlorosis\image128.jpg,Banded Chlorosis,0
D:\CropDiseaseProject\sugarcane_large\Diseases\Brown Spot\image1698.jpg,Brown Spot,1
D:\CropDiseaseProject\sugarcane_large\Healthy Leaves\image415.jpg,Healthy Leaves,3
D:\CropDiseaseProject\sugarcane_large\Diseases\Yellow Leaf\Yellow Leaf560.jpg,Yellow Leaf Disease,10
D:\CropDiseaseProject\sugarcane_maharashtra\Yellow\yellow (141).jpeg,Yellow Leaf Disease,10
D:\CropDiseaseProject\sugarcane_large\Diseases\Brown Spot\image767.jpg,Brown Spot,1
D:\CropDiseaseProject\sugarcane_large\Diseases\Yellow Leaf\Yellow Leaf463.jpg,Yellow Leaf Disease,10
D:\CropDiseaseProject\sugarcane_maharashtra\Healthy\healthy (462).jpeg,Healthy Leaves,3
D:\CropDiseaseProject\sugarcane_large\Diseases\Brown Spot\image300.jpg,Brown Spot,1
D:\CropDiseaseProject\sugarcane_large\Diseases\Yellow Leaf\Yellow Leaf875.jpg,Yellow Leaf Disease,10
D:\CropDiseaseProject\sugarcane_maharashtra\RedRot\redrot (39).jpeg,Red Rot,6
D:\CropDiseaseProject\sugarcane_large\Diseases\Viral Disease\Viral Disease249.jpg,Mosaic / Viral Disease,4
D:\CropDiseaseProject\sugarcane_large\Diseases\Yellow Leaf\Yellow Leaf346.jpg,Yellow Leaf Disease,10
D:\CropDiseaseProject\sugarcane_maharashtra\Yellow\yellow (489).jpeg,Yellow Leaf Disease,10
D:\CropDiseaseProject\sugarcane_maharashtra\RedRot\redrot (285).jpeg,Red Rot,6
D:\CropDiseaseProject\sugarcane_large\Diseases\Sett Rot\Sett Rot571.jpg,Sett Rot,8
D:\CropDiseaseProject\sugarcane_large\Diseases\Brown Spot\image618.jpg,Brown Spot,1
D:\CropDiseaseProject\sugarcane_maharashtra\Mosaic\mosaic (215).jpeg,Mosaic / Viral Disease,4
D:\CropDiseaseProject\sugarcane_large\Diseases\Sett Rot\Sett Rot124.jpg,Sett Rot,8
D:\CropDiseaseProject\sugarcane_maharashtra\Rust\rust (117).jpeg,Rust (Brown Rust),7
D:\CropDiseaseProject\sugarcane_large\Diseases\Brown Spot\image1613.jpg,Brown Spot,1
D:\CropDiseaseProject\sugarcane_maharashtra\Yellow\yellow (223).jpeg,Yellow Leaf Disease,10
D:\CropDiseaseProject\sugarcane_large\Diseases\Brown Spot\image257.jpg,Brown Spot,1
D:\CropDiseaseProject\sugarcane_large\Diseases\Brown Spot\image629.jpg,Brown Spot,1
D:\CropDiseaseProject\sugarcane_large\Diseases\BrownRust\image187.jpg,Rust (Brown Rust),7
D:\CropDiseaseProject\sugarcane_large\Diseases\Viral Disease\Viral Disease513.jpg,Mosaic / Viral Disease,4
D:\CropDiseaseProject\sugarcane_maharashtra\Rust\rust (382).jpeg,Rust (Brown Rust),7
D:\CropDiseaseProject\sugarcane_maharashtra\Rust\rust (358).jpeg,Rust (Brown Rust),7
D:\CropDiseaseProject\sugarcane_large\Diseases\Yellow Leaf\Yellow Leaf959.jpg,Yellow Leaf Disease,10
D:\CropDiseaseProject\sugarcane_maharashtra\Mosaic\mosaic (303).jpeg,Mosaic / Viral Disease,4
D:\CropDiseaseProject\sugarcane_large\Diseases\Brown Spot\image1552.jpg,Brown Spot,1
D:\CropDiseaseProject\sugarcane_maharashtra\RedRot\redrot (89).jpeg,Red Rot,6
D:\CropDiseaseProject\sugarcane_large\Diseases\Brown Spot\image1167.jpg,Brown Spot,1
D:\CropDiseaseProject\sugarcane_large\Diseases\Brown Spot\image746.jpg,Brown Spot,1
D:\CropDiseaseProject\sugarcane_large\Diseases\smut\Smut060.jpg,Smut,9
D:\CropDiseaseProject\sugarcane_large\Diseases\Viral Disease\Viral Disease410.jpg,Mosaic / Viral Disease,4
D:\CropDiseaseProject\sugarcane_large\Diseases\Grassy shoot\image185.jpg,Grassy Shoot,2
D:\CropDiseaseProject\sugarcane_large\Diseases\Yellow Leaf\Yellow Leaf763.jpg,Yellow Leaf Disease,10
D:\CropDiseaseProject\sugarcane_large\Diseases\Brown Spot\image389.jpg,Brown Spot,1
D:\CropDiseaseProject\sugarcane_maharashtra\Yellow\yellow (313).jpeg,Yellow Leaf Disease,10
D:\CropDiseaseProject\sugarcane_large\Diseases\Viral Disease\Viral Disease564.jpg,Mosaic / Viral Disease,4
D:\CropDiseaseProject\sugarcane_large\Diseases\Pokkah Boeng\Pokkah Boeng133.jpg,Pokkah Boeng,5
D:\CropDiseaseProject\sugarcane_large\Diseases\Yellow Leaf\Yellow Leaf362.jpg,Yellow Leaf Disease,10
D:\CropDiseaseProject\sugarcane_maharashtra\Healthy\healthy (288).jpeg,Healthy Leaves,3
D:\CropDiseaseProject\sugarcane_large\Diseases\Yellow Leaf\Yellow Leaf719.jpg,Yellow Leaf Disease,10
D:\CropDiseaseProject\sugarcane_large\Healthy Leaves\image332.jpg,Healthy Leaves,3
D:\CropDiseaseProject\sugarcane_maharashtra\Rust\rust (356).jpeg,Rust (Brown Rust),7
D:\CropDiseaseProject\sugarcane_large\Diseases\Brown Spot\image1022.jpg,Brown Spot,1
D:\CropDiseaseProject\sugarcane_large\Diseases\Brown Spot\image204.jpg,Brown Spot,1
D:\CropDiseaseProject\sugarcane_large\Diseases\Brown Spot\image1640.jpg,Brown Spot,1
D:\CropDiseaseProject\sugarcane_maharashtra\RedRot\redrot (392).jpeg,Red Rot,6
D:\CropDiseaseProject\sugarcane_large\Diseases\BrownRust\image314.jpg,Rust (Brown Rust),7
D:\CropDiseaseProject\sugarcane_maharashtra\Yellow\yellow (108).jpeg,Yellow Leaf Disease,10
D:\CropDiseaseProject\sugarcane_large\Diseases\Banded Chlorosis\image387.jpg,Banded Chlorosis,0
D:\CropDiseaseProject\sugarcane_large\Diseases\Viral Disease\Viral Disease138.jpg,Mosaic / Viral Disease,4
D:\CropDiseaseProject\sugarcane_large\Diseases\Yellow Leaf\Yellow Leaf610.jpg,Yellow Leaf Disease,10
D:\CropDiseaseProject\sugarcane_large\Diseases\Yellow Leaf\Yellow Leaf854.jpg,Yellow Leaf Disease,10
D:\CropDiseaseProject\sugarcane_large\Diseases\Grassy shoot\image108.jpg,Grassy Shoot,2
D:\CropDiseaseProject\sugarcane_maharashtra\Rust\rust (183).jpeg,Rust (Brown Rust),7
D:\CropDiseaseProject\sugarcane_large\Diseases\Yellow Leaf\Yellow Leaf881.jpg,Yellow Leaf Disease,10
D:\CropDiseaseProject\sugarcane_large\Diseases\Viral Disease\Viral Disease001.jpg,Mosaic / Viral Disease,4
D:\CropDiseaseProject\sugarcane_large\Diseases\Yellow Leaf\Yellow Leaf732.jpg,Yellow Leaf Disease,10
D:\CropDiseaseProject\sugarcane_maharashtra\Healthy\healthy (17).jpeg,Healthy Leaves,3
D:\CropDiseaseProject\sugarcane_maharashtra\Healthy\healthy (287).jpeg,Healthy Leaves,3
D:\CropDiseaseProject\sugarcane_large\Diseases\Banded Chlorosis\image082.jpg,Banded Chlorosis,0
D:\CropDiseaseProject\sugarcane_large\Diseases\Yellow Leaf\Yellow Leaf877.jpg,Yellow Leaf Disease,10
D:\CropDiseaseProject\sugarcane_large\Diseases\smut\Smut184.jpg,Smut,9
D:\CropDiseaseProject\sugarcane_large\Diseases\Sett Rot\Sett Rot094.jpg,Sett Rot,8
D:\CropDiseaseProject\sugarcane_large\Diseases\smut\Smut103.jpg,Smut,9
D:\CropDiseaseProject\sugarcane_large\Diseases\Banded Chlorosis\image020.jpg,Banded Chlorosis,0
D:\CropDiseaseProject\sugarcane_maharashtra\Rust\rust (73).jpeg,Rust (Brown Rust),7
D:\CropDiseaseProject\sugarcane_maharashtra\Yellow\yellow (351).jpeg,Yellow Leaf Disease,10
D:\CropDiseaseProject\sugarcane_maharashtra\RedRot\redrot (270).jpeg,Red Rot,6
D:\CropDiseaseProject\sugarcane_large\Diseases\Brown Spot\image312.jpg,Brown Spot,1
D:\CropDiseaseProject\sugarcane_large\Diseases\Yellow Leaf\Yellow Leaf1186.jpg,Yellow Leaf Disease,10
D:\CropDiseaseProject\sugarcane_large\Diseases\Banded Chlorosis\image095.jpg,Banded Chlorosis,0
D:\CropDiseaseProject\sugarcane_large\Diseases\Viral Disease\Viral Disease530.jpg,Mosaic / Viral Disease,4
D:\CropDiseaseProject\sugarcane_large\Diseases\Banded Chlorosis\image240.jpg,Banded Chlorosis,0
D:\CropDiseaseProject\sugarcane_maharashtra\RedRot\redrot (484).jpeg,Red Rot,6
D:\CropDiseaseProject\sugarcane_large\Diseases\Yellow Leaf\Yellow Leaf462.jpg,Yellow Leaf Disease,10
D:\CropDiseaseProject\sugarcane_maharashtra\Healthy\healthy (140).jpeg,Healthy Leaves,3
D:\CropDiseaseProject\sugarcane_maharashtra\RedRot\redrot (414).jpeg,Red Rot,6
D:\CropDiseaseProject\sugarcane_maharashtra\RedRot\redrot (402).jpeg,Red Rot,6
D:\CropDiseaseProject\sugarcane_large\Diseases\Brown Spot\image270.jpg,Brown Spot,1
D:\CropDiseaseProject\sugarcane_large\Diseases\Yellow Leaf\Yellow Leaf038.jpg,Yellow Leaf Disease,10
D:\CropDiseaseProject\sugarcane_large\Diseases\Brown Spot\image702.jpg,Brown Spot,1
D:\CropDiseaseProject\sugarcane_large\Diseases\Sett Rot\Sett Rot504.jpg,Sett Rot,8
D:\CropDiseaseProject\sugarcane_maharashtra\Mosaic\mosaic (203).jpeg,Mosaic / Viral Disease,4
D:\CropDiseaseProject\sugarcane_large\Diseases\Pokkah Boeng\Pokkah Boeng233.jpg,Pokkah Boeng,5
D:\CropDiseaseProject\sugarcane_large\Diseases\Grassy shoot\image059.jpg,Grassy Shoot,2
D:\CropDiseaseProject\sugarcane_large\Diseases\Yellow Leaf\Yellow Leaf986.jpg,Yellow Leaf Disease,10
D:\CropDiseaseProject\sugarcane_large\Diseases\Viral Disease\Viral Disease662.jpg,Mosaic / Viral Disease,4
D:\CropDiseaseProject\sugarcane_large\Healthy Leaves\image298.jpg,Healthy Leaves,3
D:\CropDiseaseProject\sugarcane_large\Diseases\Banded Chlorosis\image229.jpg,Banded Chlorosis,0
D:\CropDiseaseProject\sugarcane_large\Diseases\Sett Rot\Sett Rot420.jpg,Sett Rot,8
D:\CropDiseaseProject\sugarcane_large\Diseases\Sett Rot\Sett Rot349.jpg,Sett Rot,8
D:\CropDiseaseProject\sugarcane_maharashtra\RedRot\redrot (31).jpeg,Red Rot,6
D:\CropDiseaseProject\sugarcane_large\Healthy Leaves\image428.jpg,Healthy Leaves,3
D:\CropDiseaseProject\sugarcane_maharashtra\Healthy\healthy (3).jpeg,Healthy Leaves,3
D:\CropDiseaseProject\sugarcane_large\Diseases\Sett Rot\Sett Rot095.jpg,Sett Rot,8
D:\CropDiseaseProject\sugarcane_maharashtra\Yellow\yellow (298).jpeg,Yellow Leaf Disease,10
D:\CropDiseaseProject\sugarcane_large\Diseases\Yellow Leaf\Yellow Leaf1027.jpg,Yellow Leaf Disease,10
D:\CropDiseaseProject\sugarcane_large\Diseases\smut\Smut157.jpg,Smut,9
D:\CropDiseaseProject\sugarcane_large\Diseases\Brown Spot\image1583.jpg,Brown Spot,1
D:\CropDiseaseProject\sugarcane_maharashtra\Yellow\yellow (25).jpeg,Yellow Leaf Disease,10
D:\CropDiseaseProject\sugarcane_maharashtra\RedRot\redrot (269).jpeg,Red Rot,6
D:\CropDiseaseProject\sugarcane_large\Diseases\Yellow Leaf\Yellow Leaf260.jpg,Yellow Leaf Disease,10
D:\CropDiseaseProject\sugarcane_maharashtra\Healthy\healthy (85).jpeg,Healthy Leaves,3
D:\CropDiseaseProject\sugarcane_maharashtra\RedRot\redrot (513).jpeg,Red Rot,6
D:\CropDiseaseProject\sugarcane_large\Diseases\Brown Spot\image1554.jpg,Brown Spot,1
D:\CropDiseaseProject\sugarcane_large\Diseases\Viral Disease\Viral Disease427.jpg,Mosaic / Viral Disease,4
D:\CropDiseaseProject\sugarcane_maharashtra\RedRot\redrot (282).jpeg,Red Rot,6
D:\CropDiseaseProject\sugarcane_maharashtra\Healthy\healthy (289).jpeg,Healthy Leaves,3
D:\CropDiseaseProject\sugarcane_large\Diseases\Brown Spot\image1548.jpg,Brown Spot,1
D:\CropDiseaseProject\sugarcane_large\Diseases\Brown Spot\image1518.jpg,Brown Spot,1
D:\CropDiseaseProject\sugarcane_large\Diseases\smut\Smut244.jpg,Smut,9
D:\CropDiseaseProject\sugarcane_large\Diseases\BrownRust\image273.jpg,Rust (Brown Rust),7
D:\CropDiseaseProject\sugarcane_large\Diseases\Brown Spot\image455.jpg,Brown Spot,1
D:\CropDiseaseProject\sugarcane_large\Healthy Leaves\image430.jpg,Healthy Leaves,3
D:\CropDiseaseProject\sugarcane_large\Diseases\Banded Chlorosis\image401.jpg,Banded Chlorosis,0
D:\CropDiseaseProject\sugarcane_large\Diseases\Brown Spot\image1441.jpg,Brown Spot,1
D:\CropDiseaseProject\sugarcane_maharashtra\RedRot\redrot (322).jpeg,Red Rot,6
D:\CropDiseaseProject\sugarcane_large\Diseases\Sett Rot\Sett Rot002.jpg,Sett Rot,8
D:\CropDiseaseProject\sugarcane_large\Diseases\Grassy shoot\image287.jpg,Grassy Shoot,2
D:\CropDiseaseProject\sugarcane_large\Diseases\Brown Spot\image1119.jpg,Brown Spot,1
D:\CropDiseaseProject\sugarcane_maharashtra\Mosaic\mosaic (278).jpeg,Mosaic / Viral Disease,4
D:\CropDiseaseProject\sugarcane_large\Diseases\Sett Rot\Sett Rot586.jpg,Sett Rot,8
D:\CropDiseaseProject\sugarcane_large\Diseases\Yellow Leaf\Yellow Leaf953.jpg,Yellow Leaf Disease,10
D:\CropDiseaseProject\sugarcane_large\Diseases\Sett Rot\Sett Rot469.jpg,Sett Rot,8
D:\CropDiseaseProject\sugarcane_large\Diseases\Yellow Leaf\Yellow Leaf920.jpg,Yellow Leaf Disease,10
D:\CropDiseaseProject\sugarcane_large\Diseases\Viral Disease\Viral Disease064.jpg,Mosaic / Viral Disease,4
D:\CropDiseaseProject\sugarcane_maharashtra\Rust\rust (342).jpeg,Rust (Brown Rust),7
D:\CropDiseaseProject\sugarcane_large\Diseases\Yellow Leaf\Yellow Leaf001.jpg,Yellow Leaf Disease,10
D:\CropDiseaseProject\sugarcane_large\Diseases\BrownRust\image180.jpg,Rust (Brown Rust),7
D:\CropDiseaseProject\sugarcane_large\Diseases\Sett Rot\Sett Rot247.jpg,Sett Rot,8
D:\CropDiseaseProject\sugarcane_large\Healthy Leaves\image410.jpg,Healthy Leaves,3
D:\CropDiseaseProject\sugarcane_large\Diseases\Sett Rot\Sett Rot201.jpg,Sett Rot,8
D:\CropDiseaseProject\sugarcane_maharashtra\Yellow\yellow (302).jpeg,Yellow Leaf Disease,10
D:\CropDiseaseProject\sugarcane_maharashtra\Rust\rust (469).jpeg,Rust (Brown Rust),7
D:\CropDiseaseProject\sugarcane_large\Diseases\Viral Disease\Viral Disease126.jpg,Mosaic / Viral Disease,4
D:\CropDiseaseProject\sugarcane_maharashtra\Rust\rust (232).jpeg,Rust (Brown Rust),7
D:\CropDiseaseProject\sugarcane_large\Diseases\Brown Spot\image077.jpg,Brown Spot,1
D:\CropDiseaseProject\sugarcane_large\Diseases\Grassy shoot\image326.jpg,Grassy Shoot,2
D:\CropDiseaseProject\sugarcane_large\Healthy Leaves\image029.jpg,Healthy Leaves,3
D:\CropDiseaseProject\sugarcane_maharashtra\Rust\rust (15).jpeg,Rust (Brown Rust),7
D:\CropDiseaseProject\sugarcane_large\Diseases\Brown Spot\image965.jpg,Brown Spot,1
D:\CropDiseaseProject\sugarcane_large\Diseases\Grassy shoot\image209.jpg,Grassy Shoot,2
D:\CropDiseaseProject\sugarcane_large\Diseases\Brown Spot\image398.jpg,Brown Spot,1
D:\CropDiseaseProject\sugarcane_large\Diseases\BrownRust\image015.jpg,Rust (Brown Rust),7
D:\CropDiseaseProject\sugarcane_maharashtra\Healthy\healthy (364).jpeg,Healthy Leaves,3
D:\CropDiseaseProject\sugarcane_large\Diseases\Brown Spot\image461.jpg,Brown Spot,1
D:\CropDiseaseProject\sugarcane_maharashtra\Yellow\yellow (317).jpeg,Yellow Leaf Disease,10
D:\CropDiseaseProject\sugarcane_large\Diseases\Sett Rot\Sett Rot344.jpg,Sett Rot,8
D:\CropDiseaseProject\sugarcane_maharashtra\RedRot\redrot (430).jpeg,Red Rot,6
D:\CropDiseaseProject\sugarcane_large\Diseases\Yellow Leaf\Yellow Leaf218.jpg,Yellow Leaf Disease,10
D:\CropDiseaseProject\sugarcane_large\Diseases\Yellow Leaf\Yellow Leaf967.jpg,Yellow Leaf Disease,10
D:\CropDiseaseProject\sugarcane_maharashtra\Healthy\healthy (479).jpeg,Healthy Leaves,3
D:\CropDiseaseProject\sugarcane_large\Diseases\Banded Chlorosis\image321.jpg,Banded Chlorosis,0
D:\CropDiseaseProject\sugarcane_maharashtra\Mosaic\mosaic (214).jpeg,Mosaic / Viral Disease,4
D:\CropDiseaseProject\sugarcane_large\Diseases\BrownRust\image127.jpg,Rust (Brown Rust),7
D:\CropDiseaseProject\sugarcane_large\Diseases\Sett Rot\Sett Rot407.jpg,Sett Rot,8
D:\CropDiseaseProject\sugarcane_large\Healthy Leaves\image250.jpg,Healthy Leaves,3
D:\CropDiseaseProject\sugarcane_maharashtra\Rust\rust (325).jpeg,Rust (Brown Rust),7
D:\CropDiseaseProject\sugarcane_large\Diseases\Banded Chlorosis\image361.jpg,Banded Chlorosis,0
D:\CropDiseaseProject\sugarcane_large\Diseases\Grassy shoot\image339.jpg,Grassy Shoot,2
D:\CropDiseaseProject\sugarcane_maharashtra\RedRot\redrot (113).jpeg,Red Rot,6
D:\CropDiseaseProject\sugarcane_maharashtra\Yellow\yellow (209).jpeg,Yellow Leaf Disease,10
D:\CropDiseaseProject\sugarcane_large\Diseases\Brown Spot\image672.jpg,Brown Spot,1
D:\CropDiseaseProject\sugarcane_large\Diseases\Brown Spot\image284.jpg,Brown Spot,1
D:\CropDiseaseProject\sugarcane_maharashtra\RedRot\redrot (297).jpeg,Red Rot,6
D:\CropDiseaseProject\sugarcane_large\Diseases\Brown Spot\image632.jpg,Brown Spot,1
D:\CropDiseaseProject\sugarcane_large\Diseases\Sett Rot\Sett Rot128.jpg,Sett Rot,8
D:\CropDiseaseProject\sugarcane_maharashtra\Rust\rust (403).jpeg,Rust (Brown Rust),7
D:\CropDiseaseProject\sugarcane_large\Diseases\Yellow Leaf\Yellow Leaf529.jpg,Yellow Leaf Disease,10
D:\CropDiseaseProject\sugarcane_maharashtra\Healthy\healthy (83).jpeg,Healthy Leaves,3
D:\CropDiseaseProject\sugarcane_large\Diseases\Viral Disease\Viral Disease190.jpg,Mosaic / Viral Disease,4
D:\CropDiseaseProject\sugarcane_large\Diseases\Grassy shoot\image296.jpg,Grassy Shoot,2
D:\CropDiseaseProject\sugarcane_large\Diseases\Yellow Leaf\Yellow Leaf153.jpg,Yellow Leaf Disease,10
D:\CropDiseaseProject\sugarcane_large\Diseases\Brown Spot\image608.jpg,Brown Spot,1
D:\CropDiseaseProject\sugarcane_maharashtra\Mosaic\mosaic (209).jpeg,Mosaic / Viral Disease,4
D:\CropDiseaseProject\sugarcane_maharashtra\Rust\rust (91).jpeg,Rust (Brown Rust),7
D:\CropDiseaseProject\sugarcane_maharashtra\Yellow\yellow (191).jpeg,Yellow Leaf Disease,10
D:\CropDiseaseProject\sugarcane_large\Diseases\Sett Rot\Sett Rot038.jpg,Sett Rot,8
D:\CropDiseaseProject\sugarcane_large\Diseases\Banded Chlorosis\image430.jpg,Banded Chlorosis,0
D:\CropDiseaseProject\sugarcane_large\Diseases\Brown Spot\image1346.jpg,Brown Spot,1
D:\CropDiseaseProject\sugarcane_large\Diseases\Viral Disease\Viral Disease172.jpg,Mosaic / Viral Disease,4
D:\CropDiseaseProject\sugarcane_large\Diseases\Yellow Leaf\Yellow Leaf821.jpg,Yellow Leaf Disease,10
D:\CropDiseaseProject\sugarcane_large\Diseases\Sett Rot\Sett Rot521.jpg,Sett Rot,8
D:\CropDiseaseProject\sugarcane_large\Healthy Leaves\image349.jpg,Healthy Leaves,3
D:\CropDiseaseProject\sugarcane_maharashtra\Rust\rust (254).jpeg,Rust (Brown Rust),7
D:\CropDiseaseProject\sugarcane_large\Diseases\Viral Disease\Viral Disease300.jpg,Mosaic / Viral Disease,4
D:\CropDiseaseProject\sugarcane_large\Diseases\Yellow Leaf\Yellow Leaf841.jpg,Yellow Leaf Disease,10
D:\CropDiseaseProject\sugarcane_large\Diseases\Brown Spot\image105.jpg,Brown Spot,1
D:\CropDiseaseProject\sugarcane_large\Diseases\smut\Smut208.jpg,Smut,9
D:\CropDiseaseProject\sugarcane_large\Diseases\smut\Smut047.jpg,Smut,9
D:\CropDiseaseProject\sugarcane_maharashtra\Healthy\healthy (264).jpeg,Healthy Leaves,3
D:\CropDiseaseProject\sugarcane_large\Diseases\Sett Rot\Sett Rot494.jpg,Sett Rot,8
D:\CropDiseaseProject\sugarcane_maharashtra\Mosaic\mosaic (341).jpeg,Mosaic / Viral Disease,4
D:\CropDiseaseProject\sugarcane_large\Diseases\Brown Spot\image633.jpg,Brown Spot,1
D:\CropDiseaseProject\sugarcane_large\Diseases\Viral Disease\Viral Disease235.jpg,Mosaic / Viral Disease,4
D:\CropDiseaseProject\sugarcane_large\Diseases\Pokkah Boeng\Pokkah Boeng239.jpg,Pokkah Boeng,5
D:\CropDiseaseProject\sugarcane_maharashtra\Healthy\healthy (518).jpeg,Healthy Leaves,3
D:\CropDiseaseProject\sugarcane_large\Diseases\Yellow Leaf\Yellow Leaf695.jpg,Yellow Leaf Disease,10
D:\CropDiseaseProject\sugarcane_large\Diseases\Brown Spot\image1172.jpg,Brown Spot,1
D:\CropDiseaseProject\sugarcane_maharashtra\Yellow\yellow (296).jpeg,Yellow Leaf Disease,10
D:\CropDiseaseProject\sugarcane_large\Diseases\Yellow Leaf\Yellow Leaf960.jpg,Yellow Leaf Disease,10
D:\CropDiseaseProject\sugarcane_large\Diseases\Brown Spot\image131.jpg,Brown Spot,1
D:\CropDiseaseProject\sugarcane_large\Diseases\Sett Rot\Sett Rot048.jpg,Sett Rot,8
D:\CropDiseaseProject\sugarcane_large\Diseases\Grassy shoot\image196.jpg,Grassy Shoot,2
D:\CropDiseaseProject\sugarcane_large\Diseases\Brown Spot\image743.jpg,Brown Spot,1
D:\CropDiseaseProject\sugarcane_large\Healthy Leaves\image342.jpg,Healthy Leaves,3
D:\CropDiseaseProject\sugarcane_large\Diseases\Brown Spot\image1073.jpg,Brown Spot,1
D:\CropDiseaseProject\sugarcane_large\Diseases\Grassy shoot\image034.jpg,Grassy Shoot,2
D:\CropDiseaseProject\sugarcane_maharashtra\Healthy\healthy (274).jpeg,Healthy Leaves,3
D:\CropDiseaseProject\sugarcane_large\Diseases\Brown Spot\image1557.jpg,Brown Spot,1
D:\CropDiseaseProject\sugarcane_large\Diseases\Pokkah Boeng\Pokkah Boeng199.jpg,Pokkah Boeng,5
D:\CropDiseaseProject\sugarcane_large\Diseases\smut\Smut209.jpg,Smut,9
D:\CropDiseaseProject\sugarcane_maharashtra\Healthy\healthy (475).jpeg,Healthy Leaves,3
D:\CropDiseaseProject\sugarcane_maharashtra\Yellow\yellow (78).jpeg,Yellow Leaf Disease,10
D:\CropDiseaseProject\sugarcane_maharashtra\Healthy\healthy (299).jpeg,Healthy Leaves,3
D:\CropDiseaseProject\sugarcane_large\Diseases\Viral Disease\Viral Disease051.jpg,Mosaic / Viral Disease,4
D:\CropDiseaseProject\sugarcane_large\Diseases\Brown Spot\image1157.jpg,Brown Spot,1
D:\CropDiseaseProject\sugarcane_large\Diseases\Brown Spot\image1312.jpg,Brown Spot,1
D:\CropDiseaseProject\sugarcane_large\Diseases\Sett Rot\Sett Rot158.jpg,Sett Rot,8
D:\CropDiseaseProject\sugarcane_maharashtra\Rust\rust (191).jpeg,Rust (Brown Rust),7
D:\CropDiseaseProject\sugarcane_large\Diseases\Viral Disease\Viral Disease606.jpg,Mosaic / Viral Disease,4
D:\CropDiseaseProject\sugarcane_large\Diseases\Brown Spot\image425.jpg,Brown Spot,1
D:\CropDiseaseProject\sugarcane_large\Diseases\Brown Spot\image1472.jpg,Brown Spot,1
D:\CropDiseaseProject\sugarcane_maharashtra\Mosaic\mosaic (371).jpeg,Mosaic / Viral Disease,4
D:\CropDiseaseProject\sugarcane_large\Diseases\Brown Spot\image016.jpg,Brown Spot,1
D:\CropDiseaseProject\sugarcane_large\Diseases\Banded Chlorosis\image463.jpg,Banded Chlorosis,0
D:\CropDiseaseProject\sugarcane_maharashtra\Rust\rust (355).jpeg,Rust (Brown Rust),7
D:\CropDiseaseProject\sugarcane_maharashtra\Yellow\yellow (244).jpeg,Yellow Leaf Disease,10
D:\CropDiseaseProject\sugarcane_large\Diseases\Yellow Leaf\Yellow Leaf381.jpg,Yellow Leaf Disease,10
D:\CropDiseaseProject\sugarcane_maharashtra\Mosaic\mosaic (230).jpeg,Mosaic / Viral Disease,4
D:\CropDiseaseProject\sugarcane_large\Diseases\Yellow Leaf\Yellow Leaf634.jpg,Yellow Leaf Disease,10
D:\CropDiseaseProject\sugarcane_large\Diseases\Brown Spot\image193.jpg,Brown Spot,1
D:\CropDiseaseProject\sugarcane_large\Diseases\Viral Disease\Viral Disease487.jpg,Mosaic / Viral Disease,4
D:\CropDiseaseProject\sugarcane_large\Diseases\Viral Disease\Viral Disease110.jpg,Mosaic / Viral Disease,4
D:\CropDiseaseProject\sugarcane_large\Healthy Leaves\image212.jpg,Healthy Leaves,3
D:\CropDiseaseProject\sugarcane_large\Diseases\Viral Disease\Viral Disease224.jpg,Mosaic / Viral Disease,4
D:\CropDiseaseProject\sugarcane_large\Healthy Leaves\image377.jpg,Healthy Leaves,3
D:\CropDiseaseProject\sugarcane_large\Diseases\smut\Smut109.jpg,Smut,9
D:\CropDiseaseProject\sugarcane_large\Diseases\Brown Spot\image750.jpg,Brown Spot,1
D:\CropDiseaseProject\sugarcane_large\Diseases\Yellow Leaf\Yellow Leaf482.jpg,Yellow Leaf Disease,10
D:\CropDiseaseProject\sugarcane_maharashtra\RedRot\redrot (261).jpeg,Red Rot,6
D:\CropDiseaseProject\sugarcane_large\Diseases\Viral Disease\Viral Disease356.jpg,Mosaic / Viral Disease,4
D:\CropDiseaseProject\sugarcane_large\Diseases\Viral Disease\Viral Disease591.jpg,Mosaic / Viral Disease,4
D:\CropDiseaseProject\sugarcane_large\Diseases\Yellow Leaf\Yellow Leaf1095.jpg,Yellow Leaf Disease,10
D:\CropDiseaseProject\sugarcane_maharashtra\Healthy\healthy (352).jpeg,Healthy Leaves,3
D:\CropDiseaseProject\sugarcane_maharashtra\Yellow\yellow (328).jpeg,Yellow Leaf Disease,10
D:\CropDiseaseProject\sugarcane_maharashtra\Healthy\healthy (184).jpeg,Healthy Leaves,3
D:\CropDiseaseProject\sugarcane_maharashtra\RedRot\redrot (321).jpeg,Red Rot,6
D:\CropDiseaseProject\sugarcane_maharashtra\Healthy\healthy (478).jpeg,Healthy Leaves,3
D:\CropDiseaseProject\sugarcane_maharashtra\RedRot\redrot (340).jpeg,Red Rot,6
D:\CropDiseaseProject\sugarcane_large\Diseases\Yellow Leaf\Yellow Leaf085.jpg,Yellow Leaf Disease,10
D:\CropDiseaseProject\sugarcane_large\Diseases\Brown Spot\image1029.jpg,Brown Spot,1
D:\CropDiseaseProject\sugarcane_large\Diseases\smut\Smut191.jpg,Smut,9
D:\CropDiseaseProject\sugarcane_large\Diseases\Sett Rot\Sett Rot400.jpg,Sett Rot,8
D:\CropDiseaseProject\sugarcane_maharashtra\Yellow\yellow (287).jpeg,Yellow Leaf Disease,10
D:\CropDiseaseProject\sugarcane_maharashtra\Mosaic\mosaic (424).jpeg,Mosaic / Viral Disease,4
D:\CropDiseaseProject\sugarcane_large\Diseases\Pokkah Boeng\Pokkah Boeng185.jpg,Pokkah Boeng,5
D:\CropDiseaseProject\sugarcane_large\Diseases\Brown Spot\image918.jpg,Brown Spot,1
D:\CropDiseaseProject\sugarcane_large\Diseases\smut\Smut122.jpg,Smut,9
D:\CropDiseaseProject\sugarcane_large\Diseases\Pokkah Boeng\Pokkah Boeng280.jpg,Pokkah Boeng,5
D:\CropDiseaseProject\sugarcane_large\Diseases\Banded Chlorosis\image030.jpg,Banded Chlorosis,0
D:\CropDiseaseProject\sugarcane_maharashtra\Rust\rust (262).jpeg,Rust (Brown Rust),7
D:\CropDiseaseProject\sugarcane_maharashtra\Yellow\yellow (137).jpeg,Yellow Leaf Disease,10
D:\CropDiseaseProject\sugarcane_large\Diseases\Viral Disease\Viral Disease297.jpg,Mosaic / Viral Disease,4
D:\CropDiseaseProject\sugarcane_large\Diseases\Viral Disease\Viral Disease565.jpg,Mosaic / Viral Disease,4
D:\CropDiseaseProject\sugarcane_large\Diseases\Pokkah Boeng\Pokkah Boeng130.jpg,Pokkah Boeng,5
D:\CropDiseaseProject\sugarcane_large\Diseases\Sett Rot\Sett Rot646.jpg,Sett Rot,8
D:\CropDiseaseProject\sugarcane_maharashtra\Yellow\yellow (482).jpeg,Yellow Leaf Disease,10
D:\CropDiseaseProject\sugarcane_large\Diseases\Brown Spot\image129.jpg,Brown Spot,1
D:\CropDiseaseProject\sugarcane_large\Diseases\Viral Disease\Viral Disease608.jpg,Mosaic / Viral Disease,4
D:\CropDiseaseProject\sugarcane_maharashtra\RedRot\redrot (308).jpeg,Red Rot,6
D:\CropDiseaseProject\sugarcane_maharashtra\RedRot\redrot (441).jpeg,Red Rot,6
D:\CropDiseaseProject\sugarcane_large\Healthy Leaves\image393.jpg,Healthy Leaves,3
D:\CropDiseaseProject\sugarcane_large\Diseases\Brown Spot\image1449.jpg,Brown Spot,1
D:\CropDiseaseProject\sugarcane_large\Diseases\Viral Disease\Viral Disease563.jpg,Mosaic / Viral Disease,4
D:\CropDiseaseProject\sugarcane_maharashtra\Mosaic\mosaic (194).jpeg,Mosaic / Viral Disease,4
D:\CropDiseaseProject\sugarcane_maharashtra\RedRot\redrot (144).jpeg,Red Rot,6
D:\CropDiseaseProject\sugarcane_large\Diseases\Pokkah Boeng\Pokkah Boeng079.jpg,Pokkah Boeng,5
D:\CropDiseaseProject\sugarcane_maharashtra\Mosaic\mosaic (396).jpeg,Mosaic / Viral Disease,4
D:\CropDiseaseProject\sugarcane_large\Diseases\Yellow Leaf\Yellow Leaf1121.jpg,Yellow Leaf Disease,10
D:\CropDiseaseProject\sugarcane_large\Diseases\Brown Spot\image1499.jpg,Brown Spot,1
D:\CropDiseaseProject\sugarcane_large\Healthy Leaves\image375.jpg,Healthy Leaves,3
D:\CropDiseaseProject\sugarcane_large\Diseases\Brown Spot\image971.jpg,Brown Spot,1
D:\CropDiseaseProject\sugarcane_large\Diseases\Brown Spot\image1512.jpg,Brown Spot,1
D:\CropDiseaseProject\sugarcane_maharashtra\RedRot\redrot (195).jpeg,Red Rot,6
D:\CropDiseaseProject\sugarcane_large\Diseases\Brown Spot\image1185.jpg,Brown Spot,1
D:\CropDiseaseProject\sugarcane_large\Diseases\Sett Rot\Sett Rot232.jpg,Sett Rot,8
D:\CropDiseaseProject\sugarcane_large\Diseases\BrownRust\image104.jpg,Rust (Brown Rust),7
D:\CropDiseaseProject\sugarcane_large\Diseases\BrownRust\image301.jpg,Rust (Brown Rust),7
D:\CropDiseaseProject\sugarcane_maharashtra\Rust\rust (204).jpeg,Rust (Brown Rust),7
D:\CropDiseaseProject\sugarcane_maharashtra\Rust\rust (462).jpeg,Rust (Brown Rust),7
D:\CropDiseaseProject\sugarcane_maharashtra\Healthy\healthy (257).jpeg,Healthy Leaves,3
D:\CropDiseaseProject\sugarcane_large\Diseases\Sett Rot\Sett Rot320.jpg,Sett Rot,8
D:\CropDiseaseProject\sugarcane_maharashtra\Healthy\healthy (411).jpeg,Healthy Leaves,3
D:\CropDiseaseProject\sugarcane_large\Diseases\Yellow Leaf\Yellow Leaf490.jpg,Yellow Leaf Disease,10
D:\CropDiseaseProject\sugarcane_large\Diseases\Brown Spot\image605.jpg,Brown Spot,1
D:\CropDiseaseProject\sugarcane_maharashtra\Mosaic\mosaic (439).jpeg,Mosaic / Viral Disease,4
D:\CropDiseaseProject\sugarcane_large\Diseases\Viral Disease\Viral Disease308.jpg,Mosaic / Viral Disease,4
D:\CropDiseaseProject\sugarcane_maharashtra\Healthy\healthy (88).jpeg,Healthy Leaves,3
D:\CropDiseaseProject\sugarcane_large\Healthy Leaves\image027.jpg,Healthy Leaves,3
D:\CropDiseaseProject\sugarcane_large\Diseases\Brown Spot\image548.jpg,Brown Spot,1
D:\CropDiseaseProject\sugarcane_large\Diseases\Brown Spot\image377.jpg,Brown Spot,1
D:\CropDiseaseProject\sugarcane_large\Diseases\Banded Chlorosis\image269.jpg,Banded Chlorosis,0
D:\CropDiseaseProject\sugarcane_large\Diseases\Brown Spot\image1230.jpg,Brown Spot,1
D:\CropDiseaseProject\sugarcane_large\Diseases\Yellow Leaf\Yellow Leaf438.jpg,Yellow Leaf Disease,10
D:\CropDiseaseProject\sugarcane_large\Diseases\Brown Spot\image264.jpg,Brown Spot,1
D:\CropDiseaseProject\sugarcane_large\Diseases\BrownRust\image056.jpg,Rust (Brown Rust),7
D:\CropDiseaseProject\sugarcane_large\Diseases\Brown Spot\image005.jpg,Brown Spot,1
D:\CropDiseaseProject\sugarcane_maharashtra\RedRot\redrot (246).jpeg,Red Rot,6
D:\CropDiseaseProject\sugarcane_maharashtra\RedRot\redrot (61).jpeg,Red Rot,6
D:\CropDiseaseProject\sugarcane_large\Diseases\smut\Smut300.jpg,Smut,9
D:\CropDiseaseProject\sugarcane_large\Diseases\BrownRust\image014.jpg,Rust (Brown Rust),7
D:\CropDiseaseProject\sugarcane_large\Diseases\Brown Spot\image748.jpg,Brown Spot,1
D:\CropDiseaseProject\sugarcane_maharashtra\Healthy\healthy (498).jpeg,Healthy Leaves,3
D:\CropDiseaseProject\sugarcane_maharashtra\Healthy\healthy (469).jpeg,Healthy Leaves,3
D:\CropDiseaseProject\sugarcane_large\Diseases\Yellow Leaf\Yellow Leaf345.jpg,Yellow Leaf Disease,10
D:\CropDiseaseProject\sugarcane_large\Diseases\Brown Spot\image1665.jpg,Brown Spot,1
D:\CropDiseaseProject\sugarcane_large\Diseases\Brown Spot\image1052.jpg,Brown Spot,1
D:\CropDiseaseProject\sugarcane_large\Diseases\Yellow Leaf\Yellow Leaf623.jpg,Yellow Leaf Disease,10
D:\CropDiseaseProject\sugarcane_maharashtra\Yellow\yellow (10).jpeg,Yellow Leaf Disease,10
D:\CropDiseaseProject\sugarcane_large\Diseases\smut\Smut248.jpg,Smut,9
D:\CropDiseaseProject\sugarcane_maharashtra\Healthy\healthy (109).jpeg,Healthy Leaves,3
D:\CropDiseaseProject\sugarcane_large\Diseases\Sett Rot\Sett Rot200.jpg,Sett Rot,8
D:\CropDiseaseProject\sugarcane_large\Diseases\Brown Spot\image1509.jpg,Brown Spot,1
D:\CropDiseaseProject\sugarcane_large\Healthy Leaves\image265.jpg,Healthy Leaves,3
D:\CropDiseaseProject\sugarcane_large\Diseases\Brown Spot\image1256.jpg,Brown Spot,1
D:\CropDiseaseProject\sugarcane_large\Diseases\Brown Spot\image766.jpg,Brown Spot,1
D:\CropDiseaseProject\sugarcane_large\Diseases\smut\Smut213.jpg,Smut,9
D:\CropDiseaseProject\sugarcane_large\Diseases\Brown Spot\image1165.jpg,Brown Spot,1
D:\CropDiseaseProject\sugarcane_large\Diseases\Brown Spot\image303.jpg,Brown Spot,1
D:\CropDiseaseProject\sugarcane_large\Diseases\Pokkah Boeng\Pokkah Boeng078.jpg,Pokkah Boeng,5
D:\CropDiseaseProject\sugarcane_large\Diseases\Viral Disease\Viral Disease626.jpg,Mosaic / Viral Disease,4
D:\CropDiseaseProject\sugarcane_maharashtra\Yellow\yellow (175).jpeg,Yellow Leaf Disease,10
D:\CropDiseaseProject\sugarcane_large\Diseases\Brown Spot\image1311.jpg,Brown Spot,1
D:\CropDiseaseProject\sugarcane_large\Diseases\smut\Smut040.jpg,Smut,9
D:\CropDiseaseProject\sugarcane_large\Diseases\Brown Spot\image194.jpg,Brown Spot,1
D:\CropDiseaseProject\sugarcane_large\Diseases\Sett Rot\Sett Rot554.jpg,Sett Rot,8
D:\CropDiseaseProject\sugarcane_maharashtra\Yellow\yellow (469).jpeg,Yellow Leaf Disease,10
D:\CropDiseaseProject\sugarcane_large\Diseases\Yellow Leaf\Yellow Leaf591.jpg,Yellow Leaf Disease,10
D:\CropDiseaseProject\sugarcane_large\Diseases\Brown Spot\image1014.jpg,Brown Spot,1
D:\CropDiseaseProject\sugarcane_large\Diseases\Brown Spot\image567.jpg,Brown Spot,1
D:\CropDiseaseProject\sugarcane_large\Diseases\Yellow Leaf\Yellow Leaf698.jpg,Yellow Leaf Disease,10
D:\CropDiseaseProject\sugarcane_large\Diseases\smut\Smut086.jpg,Smut,9
D:\CropDiseaseProject\sugarcane_large\Diseases\Viral Disease\Viral Disease107.jpg,Mosaic / Viral Disease,4
D:\CropDiseaseProject\sugarcane_large\Diseases\Brown Spot\image1676.jpg,Brown Spot,1
D:\CropDiseaseProject\sugarcane_maharashtra\Healthy\healthy (314).jpeg,Healthy Leaves,3
D:\CropDiseaseProject\sugarcane_maharashtra\Yellow\yellow (492).jpeg,Yellow Leaf Disease,10
D:\CropDiseaseProject\sugarcane_maharashtra\RedRot\redrot (137).jpeg,Red Rot,6
D:\CropDiseaseProject\sugarcane_large\Diseases\Brown Spot\image410.jpg,Brown Spot,1
D:\CropDiseaseProject\sugarcane_large\Diseases\Yellow Leaf\Yellow Leaf158.jpg,Yellow Leaf Disease,10
D:\CropDiseaseProject\sugarcane_maharashtra\Rust\rust (455).jpeg,Rust (Brown Rust),7
D:\CropDiseaseProject\sugarcane_large\Diseases\Yellow Leaf\Yellow Leaf046.jpg,Yellow Leaf Disease,10
D:\CropDiseaseProject\sugarcane_large\Diseases\Yellow Leaf\Yellow Leaf895.jpg,Yellow Leaf Disease,10
D:\CropDiseaseProject\sugarcane_large\Diseases\Pokkah Boeng\Pokkah Boeng138.jpg,Pokkah Boeng,5
D:\CropDiseaseProject\sugarcane_large\Diseases\BrownRust\image035.jpg,Rust (Brown Rust),7
D:\CropDiseaseProject\sugarcane_large\Diseases\Yellow Leaf\Yellow Leaf233.jpg,Yellow Leaf Disease,10
D:\CropDiseaseProject\sugarcane_large\Diseases\Yellow Leaf\Yellow Leaf1059.jpg,Yellow Leaf Disease,10
D:\CropDiseaseProject\sugarcane_large\Diseases\Viral Disease\Viral Disease598.jpg,Mosaic / Viral Disease,4
D:\CropDiseaseProject\sugarcane_maharashtra\RedRot\redrot (3).jpeg,Red Rot,6
D:\CropDiseaseProject\sugarcane_large\Diseases\Brown Spot\image1176.jpg,Brown Spot,1
D:\CropDiseaseProject\sugarcane_large\Diseases\Brown Spot\image814.jpg,Brown Spot,1
D:\CropDiseaseProject\sugarcane_large\Diseases\Pokkah Boeng\Pokkah Boeng241.jpg,Pokkah Boeng,5
D:\CropDiseaseProject\sugarcane_large\Diseases\Banded Chlorosis\image093.jpg,Banded Chlorosis,0
D:\CropDiseaseProject\sugarcane_large\Diseases\Brown Spot\image1357.jpg,Brown Spot,1
D:\CropDiseaseProject\sugarcane_maharashtra\Mosaic\mosaic (377).jpeg,Mosaic / Viral Disease,4
D:\CropDiseaseProject\sugarcane_large\Diseases\Yellow Leaf\Yellow Leaf615.jpg,Yellow Leaf Disease,10
D:\CropDiseaseProject\sugarcane_large\Diseases\Yellow Leaf\Yellow Leaf241.jpg,Yellow Leaf Disease,10
D:\CropDiseaseProject\sugarcane_large\Diseases\Brown Spot\image705.jpg,Brown Spot,1
D:\CropDiseaseProject\sugarcane_large\Diseases\Viral Disease\Viral Disease158.jpg,Mosaic / Viral Disease,4
D:\CropDiseaseProject\sugarcane_maharashtra\Mosaic\mosaic (84).jpeg,Mosaic / Viral Disease,4
D:\CropDiseaseProject\sugarcane_large\Diseases\Pokkah Boeng\Pokkah Boeng026.jpg,Pokkah Boeng,5
D:\CropDiseaseProject\sugarcane_large\Diseases\Yellow Leaf\Yellow Leaf071.jpg,Yellow Leaf Disease,10
D:\CropDiseaseProject\sugarcane_large\Diseases\Sett Rot\Sett Rot490.jpg,Sett Rot,8
D:\CropDiseaseProject\sugarcane_maharashtra\Healthy\healthy (297).jpeg,Healthy Leaves,3
D:\CropDiseaseProject\sugarcane_large\Diseases\Pokkah Boeng\Pokkah Boeng103.jpg,Pokkah Boeng,5
D:\CropDiseaseProject\sugarcane_large\Diseases\Banded Chlorosis\image445.jpg,Banded Chlorosis,0
D:\CropDiseaseProject\sugarcane_large\Diseases\Brown Spot\image1454.jpg,Brown Spot,1
D:\CropDiseaseProject\sugarcane_large\Diseases\Brown Spot\image902.jpg,Brown Spot,1
D:\CropDiseaseProject\sugarcane_large\Diseases\Brown Spot\image556.jpg,Brown Spot,1
D:\CropDiseaseProject\sugarcane_large\Diseases\Grassy shoot\image309.jpg,Grassy Shoot,2
D:\CropDiseaseProject\sugarcane_maharashtra\Mosaic\mosaic (48).jpeg,Mosaic / Viral Disease,4
D:\CropDiseaseProject\sugarcane_large\Diseases\Yellow Leaf\Yellow Leaf436.jpg,Yellow Leaf Disease,10
D:\CropDiseaseProject\sugarcane_large\Diseases\smut\Smut052.jpg,Smut,9
D:\CropDiseaseProject\sugarcane_large\Diseases\Banded Chlorosis\image375.jpg,Banded Chlorosis,0
D:\CropDiseaseProject\sugarcane_maharashtra\Rust\rust (211).jpeg,Rust (Brown Rust),7
D:\CropDiseaseProject\sugarcane_large\Diseases\BrownRust\image173.jpg,Rust (Brown Rust),7
D:\CropDiseaseProject\sugarcane_large\Diseases\Pokkah Boeng\Pokkah Boeng125.jpg,Pokkah Boeng,5
D:\CropDiseaseProject\sugarcane_large\Healthy Leaves\image013.jpg,Healthy Leaves,3
D:\CropDiseaseProject\sugarcane_large\Diseases\Viral Disease\Viral Disease353.jpg,Mosaic / Viral Disease,4
D:\CropDiseaseProject\sugarcane_maharashtra\Healthy\healthy (4).jpeg,Healthy Leaves,3
D:\CropDiseaseProject\sugarcane_maharashtra\Healthy\healthy (490).jpeg,Healthy Leaves,3
D:\CropDiseaseProject\sugarcane_large\Diseases\smut\Smut008.jpg,Smut,9
D:\CropDiseaseProject\sugarcane_large\Diseases\Viral Disease\Viral Disease124.jpg,Mosaic / Viral Disease,4
D:\CropDiseaseProject\sugarcane_large\Diseases\BrownRust\image225.jpg,Rust (Brown Rust),7
D:\CropDiseaseProject\sugarcane_large\Diseases\Banded Chlorosis\image115.jpg,Banded Chlorosis,0
D:\CropDiseaseProject\sugarcane_maharashtra\Mosaic\mosaic (233).jpeg,Mosaic / Viral Disease,4
D:\CropDiseaseProject\sugarcane_large\Diseases\Sett Rot\Sett Rot619.jpg,Sett Rot,8
D:\CropDiseaseProject\sugarcane_large\Diseases\Banded Chlorosis\image442.jpg,Banded Chlorosis,0
D:\CropDiseaseProject\sugarcane_maharashtra\RedRot\redrot (252).jpeg,Red Rot,6
D:\CropDiseaseProject\sugarcane_maharashtra\Mosaic\mosaic (127).jpeg,Mosaic / Viral Disease,4
D:\CropDiseaseProject\sugarcane_large\Diseases\Yellow Leaf\Yellow Leaf829.jpg,Yellow Leaf Disease,10
D:\CropDiseaseProject\sugarcane_large\Diseases\smut\Smut267.jpg,Smut,9
D:\CropDiseaseProject\sugarcane_large\Diseases\Brown Spot\image1424.jpg,Brown Spot,1
D:\CropDiseaseProject\sugarcane_large\Diseases\Brown Spot\image040.jpg,Brown Spot,1
D:\CropDiseaseProject\sugarcane_large\Diseases\Brown Spot\image730.jpg,Brown Spot,1
D:\CropDiseaseProject\sugarcane_large\Diseases\Viral Disease\Viral Disease165.jpg,Mosaic / Viral Disease,4
D:\CropDiseaseProject\sugarcane_maharashtra\RedRot\redrot (76).jpeg,Red Rot,6
D:\CropDiseaseProject\sugarcane_maharashtra\Yellow\yellow (451).jpeg,Yellow Leaf Disease,10
D:\CropDiseaseProject\sugarcane_large\Diseases\Viral Disease\Viral Disease499.jpg,Mosaic / Viral Disease,4
D:\CropDiseaseProject\sugarcane_large\Diseases\Brown Spot\image111.jpg,Brown Spot,1
D:\CropDiseaseProject\sugarcane_large\Diseases\Yellow Leaf\Yellow Leaf1062.jpg,Yellow Leaf Disease,10
D:\CropDiseaseProject\sugarcane_large\Diseases\Yellow Leaf\Yellow Leaf236.jpg,Yellow Leaf Disease,10
D:\CropDiseaseProject\sugarcane_large\Diseases\Yellow Leaf\Yellow Leaf781.jpg,Yellow Leaf Disease,10
D:\CropDiseaseProject\sugarcane_large\Diseases\Viral Disease\Viral Disease643.jpg,Mosaic / Viral Disease,4
D:\CropDiseaseProject\sugarcane_large\Diseases\Sett Rot\Sett Rot369.jpg,Sett Rot,8
D:\CropDiseaseProject\sugarcane_large\Diseases\Banded Chlorosis\image176.jpg,Banded Chlorosis,0
D:\CropDiseaseProject\sugarcane_large\Diseases\Banded Chlorosis\image457.jpg,Banded Chlorosis,0
D:\CropDiseaseProject\sugarcane_large\Diseases\Sett Rot\Sett Rot433.jpg,Sett Rot,8
D:\CropDiseaseProject\sugarcane_large\Diseases\Brown Spot\image092.jpg,Brown Spot,1
D:\CropDiseaseProject\sugarcane_large\Diseases\Viral Disease\Viral Disease577.jpg,Mosaic / Viral Disease,4
D:\CropDiseaseProject\sugarcane_large\Diseases\Sett Rot\Sett Rot416.jpg,Sett Rot,8
D:\CropDiseaseProject\sugarcane_large\Diseases\Viral Disease\Viral Disease174.jpg,Mosaic / Viral Disease,4
D:\CropDiseaseProject\sugarcane_large\Diseases\Brown Spot\image1491.jpg,Brown Spot,1
D:\CropDiseaseProject\sugarcane_large\Diseases\Yellow Leaf\Yellow Leaf257.jpg,Yellow Leaf Disease,10
D:\CropDiseaseProject\sugarcane_large\Diseases\Yellow Leaf\Yellow Leaf273.jpg,Yellow Leaf Disease,10
D:\CropDiseaseProject\sugarcane_large\Diseases\Yellow Leaf\Yellow Leaf620.jpg,Yellow Leaf Disease,10
D:\CropDiseaseProject\sugarcane_large\Diseases\Sett Rot\Sett Rot026.jpg,Sett Rot,8
D:\CropDiseaseProject\sugarcane_large\Diseases\Viral Disease\Viral Disease473.jpg,Mosaic / Viral Disease,4
D:\CropDiseaseProject\sugarcane_maharashtra\Yellow\yellow (112).jpeg,Yellow Leaf Disease,10
D:\CropDiseaseProject\sugarcane_maharashtra\Rust\rust (13).jpeg,Rust (Brown Rust),7
D:\CropDiseaseProject\sugarcane_large\Diseases\Brown Spot\image124.jpg,Brown Spot,1
D:\CropDiseaseProject\sugarcane_large\Diseases\Pokkah Boeng\Pokkah Boeng269.jpg,Pokkah Boeng,5
D:\CropDiseaseProject\sugarcane_maharashtra\RedRot\redrot (347).jpeg,Red Rot,6
D:\CropDiseaseProject\sugarcane_large\Diseases\Brown Spot\image1113.jpg,Brown Spot,1
D:\CropDiseaseProject\sugarcane_maharashtra\Rust\rust (377).jpeg,Rust (Brown Rust),7
D:\CropDiseaseProject\sugarcane_large\Diseases\Brown Spot\image563.jpg,Brown Spot,1
D:\CropDiseaseProject\sugarcane_large\Diseases\Banded Chlorosis\image047.jpg,Banded Chlorosis,0
D:\CropDiseaseProject\sugarcane_large\Diseases\smut\Smut239.jpg,Smut,9
D:\CropDiseaseProject\sugarcane_maharashtra\Healthy\healthy (335).jpeg,Healthy Leaves,3
D:\CropDiseaseProject\sugarcane_maharashtra\RedRot\redrot (266).jpeg,Red Rot,6
D:\CropDiseaseProject\sugarcane_large\Diseases\Yellow Leaf\Yellow Leaf453.jpg,Yellow Leaf Disease,10
D:\CropDiseaseProject\sugarcane_maharashtra\Mosaic\mosaic (338).jpeg,Mosaic / Viral Disease,4
D:\CropDiseaseProject\sugarcane_large\Diseases\Banded Chlorosis\image286.jpg,Banded Chlorosis,0
D:\CropDiseaseProject\sugarcane_maharashtra\Rust\rust (222).jpeg,Rust (Brown Rust),7
D:\CropDiseaseProject\sugarcane_large\Diseases\Pokkah Boeng\Pokkah Boeng129.jpg,Pokkah Boeng,5
D:\CropDiseaseProject\sugarcane_large\Diseases\Yellow Leaf\Yellow Leaf704.jpg,Yellow Leaf Disease,10
D:\CropDiseaseProject\sugarcane_maharashtra\Mosaic\mosaic (41).jpeg,Mosaic / Viral Disease,4
D:\CropDiseaseProject\sugarcane_large\Diseases\Brown Spot\image1663.jpg,Brown Spot,1
D:\CropDiseaseProject\sugarcane_large\Diseases\Yellow Leaf\Yellow Leaf478.jpg,Yellow Leaf Disease,10
D:\CropDiseaseProject\sugarcane_large\Diseases\Banded Chlorosis\image149.jpg,Banded Chlorosis,0
D:\CropDiseaseProject\sugarcane_large\Diseases\Brown Spot\image954.jpg,Brown Spot,1
D:\CropDiseaseProject\sugarcane_large\Diseases\Brown Spot\image1398.jpg,Brown Spot,1
D:\CropDiseaseProject\sugarcane_large\Diseases\Brown Spot\image920.jpg,Brown Spot,1
D:\CropDiseaseProject\sugarcane_large\Healthy Leaves\image180.jpg,Healthy Leaves,3
D:\CropDiseaseProject\sugarcane_large\Diseases\Banded Chlorosis\image110.jpg,Banded Chlorosis,0
D:\CropDiseaseProject\sugarcane_large\Diseases\Viral Disease\Viral Disease210.jpg,Mosaic / Viral Disease,4
D:\CropDiseaseProject\sugarcane_maharashtra\RedRot\redrot (287).jpeg,Red Rot,6
D:\CropDiseaseProject\sugarcane_large\Diseases\Brown Spot\image1681.jpg,Brown Spot,1
D:\CropDiseaseProject\sugarcane_large\Diseases\Banded Chlorosis\image138.jpg,Banded Chlorosis,0
D:\CropDiseaseProject\sugarcane_large\Diseases\Brown Spot\image485.jpg,Brown Spot,1
D:\CropDiseaseProject\sugarcane_large\Diseases\Sett Rot\Sett Rot139.jpg,Sett Rot,8
D:\CropDiseaseProject\sugarcane_maharashtra\Yellow\yellow (166).jpeg,Yellow Leaf Disease,10
D:\CropDiseaseProject\sugarcane_maharashtra\Yellow\yellow (70).jpeg,Yellow Leaf Disease,10
D:\CropDiseaseProject\sugarcane_maharashtra\RedRot\redrot (78).jpeg,Red Rot,6
D:\CropDiseaseProject\sugarcane_large\Diseases\Yellow Leaf\Yellow Leaf757.jpg,Yellow Leaf Disease,10
D:\CropDiseaseProject\sugarcane_large\Diseases\Yellow Leaf\Yellow Leaf220.jpg,Yellow Leaf Disease,10
D:\CropDiseaseProject\sugarcane_large\Diseases\BrownRust\image306.jpg,Rust (Brown Rust),7
D:\CropDiseaseProject\sugarcane_maharashtra\Mosaic\mosaic (428).jpeg,Mosaic / Viral Disease,4
D:\CropDiseaseProject\sugarcane_large\Diseases\smut\Smut219.jpg,Smut,9
D:\CropDiseaseProject\sugarcane_large\Healthy Leaves\image233.jpg,Healthy Leaves,3
D:\CropDiseaseProject\sugarcane_large\Diseases\Brown Spot\image403.jpg,Brown Spot,1
D:\CropDiseaseProject\sugarcane_large\Diseases\Yellow Leaf\Yellow Leaf693.jpg,Yellow Leaf Disease,10
D:\CropDiseaseProject\sugarcane_maharashtra\Mosaic\mosaic (318).jpeg,Mosaic / Viral Disease,4
D:\CropDiseaseProject\sugarcane_large\Diseases\Brown Spot\image538.jpg,Brown Spot,1
D:\CropDiseaseProject\sugarcane_maharashtra\Yellow\yellow (330).jpeg,Yellow Leaf Disease,10
D:\CropDiseaseProject\sugarcane_large\Diseases\Grassy shoot\image147.jpg,Grassy Shoot,2
D:\CropDiseaseProject\sugarcane_large\Diseases\Banded Chlorosis\image308.jpg,Banded Chlorosis,0
D:\CropDiseaseProject\sugarcane_large\Healthy Leaves\image060.jpg,Healthy Leaves,3
D:\CropDiseaseProject\sugarcane_maharashtra\Yellow\yellow (193).jpeg,Yellow Leaf Disease,10
D:\CropDiseaseProject\sugarcane_maharashtra\Healthy\healthy (513).jpeg,Healthy Leaves,3
D:\CropDiseaseProject\sugarcane_large\Diseases\Sett Rot\Sett Rot292.jpg,Sett Rot,8
D:\CropDiseaseProject\sugarcane_large\Diseases\Sett Rot\Sett Rot114.jpg,Sett Rot,8
D:\CropDiseaseProject\sugarcane_maharashtra\Rust\rust (374).jpeg,Rust (Brown Rust),7
D:\CropDiseaseProject\sugarcane_large\Healthy Leaves\image252.jpg,Healthy Leaves,3
D:\CropDiseaseProject\sugarcane_large\Diseases\Sett Rot\Sett Rot301.jpg,Sett Rot,8
D:\CropDiseaseProject\sugarcane_large\Diseases\Yellow Leaf\Yellow Leaf1065.jpg,Yellow Leaf Disease,10
D:\CropDiseaseProject\sugarcane_maharashtra\RedRot\redrot (328).jpeg,Red Rot,6
D:\CropDiseaseProject\sugarcane_large\Diseases\Pokkah Boeng\Pokkah Boeng017.jpg,Pokkah Boeng,5
D:\CropDiseaseProject\sugarcane_large\Healthy Leaves\image211.jpg,Healthy Leaves,3
D:\CropDiseaseProject\sugarcane_large\Diseases\Brown Spot\image600.jpg,Brown Spot,1
D:\CropDiseaseProject\sugarcane_large\Diseases\Brown Spot\image125.jpg,Brown Spot,1
D:\CropDiseaseProject\sugarcane_large\Diseases\Banded Chlorosis\image023.jpg,Banded Chlorosis,0
D:\CropDiseaseProject\sugarcane_maharashtra\Mosaic\mosaic (7).jpeg,Mosaic / Viral Disease,4
D:\CropDiseaseProject\sugarcane_large\Healthy Leaves\image258.jpg,Healthy Leaves,3
D:\CropDiseaseProject\sugarcane_large\Diseases\Yellow Leaf\Yellow Leaf155.jpg,Yellow Leaf Disease,10
D:\CropDiseaseProject\sugarcane_maharashtra\Mosaic\mosaic (147).jpeg,Mosaic / Viral Disease,4
D:\CropDiseaseProject\sugarcane_maharashtra\Rust\rust (381).jpeg,Rust (Brown Rust),7
D:\CropDiseaseProject\sugarcane_large\Diseases\Brown Spot\image1503.jpg,Brown Spot,1
D:\CropDiseaseProject\sugarcane_large\Diseases\Banded Chlorosis\image379.jpg,Banded Chlorosis,0
D:\CropDiseaseProject\sugarcane_large\Diseases\Yellow Leaf\Yellow Leaf151.jpg,Yellow Leaf Disease,10
D:\CropDiseaseProject\sugarcane_large\Diseases\Brown Spot\image1482.jpg,Brown Spot,1
D:\CropDiseaseProject\sugarcane_maharashtra\RedRot\redrot (166).jpeg,Red Rot,6
D:\CropDiseaseProject\sugarcane_large\Diseases\smut\Smut105.jpg,Smut,9
D:\CropDiseaseProject\sugarcane_large\Diseases\Brown Spot\image1409.jpg,Brown Spot,1
D:\CropDiseaseProject\sugarcane_large\Diseases\Yellow Leaf\Yellow Leaf1070.jpg,Yellow Leaf Disease,10
D:\CropDiseaseProject\sugarcane_large\Diseases\Brown Spot\image693.jpg,Brown Spot,1
D:\CropDiseaseProject\sugarcane_large\Diseases\Banded Chlorosis\image222.jpg,Banded Chlorosis,0
D:\CropDiseaseProject\sugarcane_large\Diseases\Grassy shoot\image186.jpg,Grassy Shoot,2
D:\CropDiseaseProject\sugarcane_large\Diseases\Yellow Leaf\Yellow Leaf997.jpg,Yellow Leaf Disease,10
D:\CropDiseaseProject\sugarcane_large\Diseases\Brown Spot\image1078.jpg,Brown Spot,1
D:\CropDiseaseProject\sugarcane_large\Diseases\Sett Rot\Sett Rot630.jpg,Sett Rot,8
D:\CropDiseaseProject\sugarcane_large\Diseases\Brown Spot\image195.jpg,Brown Spot,1
D:\CropDiseaseProject\sugarcane_maharashtra\Rust\rust (327).jpeg,Rust (Brown Rust),7
D:\CropDiseaseProject\sugarcane_large\Diseases\Yellow Leaf\Yellow Leaf879.jpg,Yellow Leaf Disease,10
D:\CropDiseaseProject\sugarcane_large\Diseases\Yellow Leaf\Yellow Leaf577.jpg,Yellow Leaf Disease,10
D:\CropDiseaseProject\sugarcane_maharashtra\RedRot\redrot (50).jpeg,Red Rot,6
D:\CropDiseaseProject\sugarcane_large\Diseases\Banded Chlorosis\image004.jpg,Banded Chlorosis,0
D:\CropDiseaseProject\sugarcane_large\Diseases\Pokkah Boeng\Pokkah Boeng059.jpg,Pokkah Boeng,5
D:\CropDiseaseProject\sugarcane_large\Healthy Leaves\image209.jpg,Healthy Leaves,3
D:\CropDiseaseProject\sugarcane_large\Diseases\Sett Rot\Sett Rot593.jpg,Sett Rot,8
D:\CropDiseaseProject\sugarcane_large\Diseases\Sett Rot\Sett Rot357.jpg,Sett Rot,8
D:\CropDiseaseProject\sugarcane_large\Diseases\Brown Spot\image458.jpg,Brown Spot,1
D:\CropDiseaseProject\sugarcane_large\Diseases\Viral Disease\Viral Disease055.jpg,Mosaic / Viral Disease,4
D:\CropDiseaseProject\sugarcane_maharashtra\Rust\rust (40).jpeg,Rust (Brown Rust),7
D:\CropDiseaseProject\sugarcane_large\Diseases\Brown Spot\image990.jpg,Brown Spot,1
D:\CropDiseaseProject\sugarcane_large\Diseases\Sett Rot\Sett Rot489.jpg,Sett Rot,8
D:\CropDiseaseProject\sugarcane_large\Diseases\Brown Spot\image737.jpg,Brown Spot,1
D:\CropDiseaseProject\sugarcane_maharashtra\Healthy\healthy (12).jpeg,Healthy Leaves,3
D:\CropDiseaseProject\sugarcane_large\Diseases\Yellow Leaf\Yellow Leaf314.jpg,Yellow Leaf Disease,10
D:\CropDiseaseProject\sugarcane_large\Diseases\Pokkah Boeng\Pokkah Boeng006.jpg,Pokkah Boeng,5
D:\CropDiseaseProject\sugarcane_maharashtra\Rust\rust (288).jpeg,Rust (Brown Rust),7
D:\CropDiseaseProject\sugarcane_large\Diseases\Grassy shoot\image118.jpg,Grassy Shoot,2
D:\CropDiseaseProject\sugarcane_large\Healthy Leaves\image241.jpg,Healthy Leaves,3
D:\CropDiseaseProject\sugarcane_large\Diseases\Viral Disease\Viral Disease268.jpg,Mosaic / Viral Disease,4
D:\CropDiseaseProject\sugarcane_large\Diseases\Brown Spot\image1179.jpg,Brown Spot,1
D:\CropDiseaseProject\sugarcane_maharashtra\Rust\rust (239).jpeg,Rust (Brown Rust),7
D:\CropDiseaseProject\sugarcane_maharashtra\Yellow\yellow (453).jpeg,Yellow Leaf Disease,10
D:\CropDiseaseProject\sugarcane_maharashtra\Rust\rust (477).jpeg,Rust (Brown Rust),7
D:\CropDiseaseProject\sugarcane_large\Diseases\Viral Disease\Viral Disease232.jpg,Mosaic / Viral Disease,4
D:\CropDiseaseProject\sugarcane_maharashtra\Healthy\healthy (320).jpeg,Healthy Leaves,3
D:\CropDiseaseProject\sugarcane_large\Diseases\Banded Chlorosis\image248.jpg,Banded Chlorosis,0
D:\CropDiseaseProject\sugarcane_large\Diseases\Sett Rot\Sett Rot264.jpg,Sett Rot,8
D:\CropDiseaseProject\sugarcane_large\Diseases\Viral Disease\Viral Disease255.jpg,Mosaic / Viral Disease,4
D:\CropDiseaseProject\sugarcane_large\Diseases\Brown Spot\image801.jpg,Brown Spot,1
D:\CropDiseaseProject\sugarcane_large\Diseases\Brown Spot\image1085.jpg,Brown Spot,1
D:\CropDiseaseProject\sugarcane_large\Diseases\Brown Spot\image696.jpg,Brown Spot,1
D:\CropDiseaseProject\sugarcane_maharashtra\Yellow\yellow (77).jpeg,Yellow Leaf Disease,10
D:\CropDiseaseProject\sugarcane_large\Diseases\Yellow Leaf\Yellow Leaf161.jpg,Yellow Leaf Disease,10
D:\CropDiseaseProject\sugarcane_large\Diseases\Grassy shoot\image294.jpg,Grassy Shoot,2
D:\CropDiseaseProject\sugarcane_large\Diseases\Brown Spot\image192.jpg,Brown Spot,1
D:\CropDiseaseProject\sugarcane_maharashtra\Healthy\healthy (389).jpeg,Healthy Leaves,3
D:\CropDiseaseProject\sugarcane_maharashtra\RedRot\redrot (234).jpeg,Red Rot,6
D:\CropDiseaseProject\sugarcane_large\Diseases\Brown Spot\image368.jpg,Brown Spot,1
D:\CropDiseaseProject\sugarcane_maharashtra\Healthy\healthy (166).jpeg,Healthy Leaves,3
D:\CropDiseaseProject\sugarcane_large\Diseases\Sett Rot\Sett Rot542.jpg,Sett Rot,8
D:\CropDiseaseProject\sugarcane_large\Diseases\BrownRust\image259.jpg,Rust (Brown Rust),7
D:\CropDiseaseProject\sugarcane_large\Diseases\Brown Spot\image087.jpg,Brown Spot,1
D:\CropDiseaseProject\sugarcane_large\Diseases\Grassy shoot\image150.jpg,Grassy Shoot,2
D:\CropDiseaseProject\sugarcane_maharashtra\RedRot\redrot (421).jpeg,Red Rot,6
D:\CropDiseaseProject\sugarcane_large\Diseases\Brown Spot\image1565.jpg,Brown Spot,1
D:\CropDiseaseProject\sugarcane_maharashtra\Yellow\yellow (165).jpeg,Yellow Leaf Disease,10
D:\CropDiseaseProject\sugarcane_maharashtra\Mosaic\mosaic (97).jpeg,Mosaic / Viral Disease,4
D:\CropDiseaseProject\sugarcane_large\Diseases\Brown Spot\image217.jpg,Brown Spot,1
D:\CropDiseaseProject\sugarcane_maharashtra\Mosaic\mosaic (287).jpeg,Mosaic / Viral Disease,4
D:\CropDiseaseProject\sugarcane_maharashtra\Yellow\yellow (283).jpeg,Yellow Leaf Disease,10
D:\CropDiseaseProject\sugarcane_large\Diseases\Yellow Leaf\Yellow Leaf624.jpg,Yellow Leaf Disease,10
D:\CropDiseaseProject\sugarcane_maharashtra\Rust\rust (96).jpeg,Rust (Brown Rust),7
D:\CropDiseaseProject\sugarcane_large\Diseases\Yellow Leaf\Yellow Leaf890.jpg,Yellow Leaf Disease,10
D:\CropDiseaseProject\sugarcane_large\Diseases\Yellow Leaf\Yellow Leaf336.jpg,Yellow Leaf Disease,10
D:\CropDiseaseProject\sugarcane_large\Diseases\Yellow Leaf\Yellow Leaf341.jpg,Yellow Leaf Disease,10
D:\CropDiseaseProject\sugarcane_large\Diseases\Yellow Leaf\Yellow Leaf318.jpg,Yellow Leaf Disease,10
D:\CropDiseaseProject\sugarcane_large\Diseases\Yellow Leaf\Yellow Leaf047.jpg,Yellow Leaf Disease,10
D:\CropDiseaseProject\sugarcane_large\Diseases\Pokkah Boeng\Pokkah Boeng150.jpg,Pokkah Boeng,5
D:\CropDiseaseProject\sugarcane_large\Diseases\Viral Disease\Viral Disease501.jpg,Mosaic / Viral Disease,4
D:\CropDiseaseProject\sugarcane_large\Diseases\Viral Disease\Viral Disease313.jpg,Mosaic / Viral Disease,4
D:\CropDiseaseProject\sugarcane_large\Diseases\Sett Rot\Sett Rot598.jpg,Sett Rot,8
D:\CropDiseaseProject\sugarcane_large\Diseases\Banded Chlorosis\image287.jpg,Banded Chlorosis,0
D:\CropDiseaseProject\sugarcane_large\Diseases\Grassy shoot\image253.jpg,Grassy Shoot,2
D:\CropDiseaseProject\sugarcane_large\Diseases\Brown Spot\image296.jpg,Brown Spot,1
D:\CropDiseaseProject\sugarcane_large\Diseases\Yellow Leaf\Yellow Leaf1134.jpg,Yellow Leaf Disease,10
D:\CropDiseaseProject\sugarcane_large\Diseases\Grassy shoot\image075.jpg,Grassy Shoot,2
D:\CropDiseaseProject\sugarcane_large\Diseases\Banded Chlorosis\image130.jpg,Banded Chlorosis,0
D:\CropDiseaseProject\sugarcane_large\Diseases\Banded Chlorosis\image452.jpg,Banded Chlorosis,0
D:\CropDiseaseProject\sugarcane_large\Diseases\Brown Spot\image1036.jpg,Brown Spot,1
D:\CropDiseaseProject\sugarcane_maharashtra\Healthy\healthy (331).jpeg,Healthy Leaves,3
D:\CropDiseaseProject\sugarcane_large\Diseases\Grassy shoot\image229.jpg,Grassy Shoot,2
D:\CropDiseaseProject\sugarcane_maharashtra\RedRot\redrot (250).jpeg,Red Rot,6
D:\CropDiseaseProject\sugarcane_large\Diseases\Yellow Leaf\Yellow Leaf1021.jpg,Yellow Leaf Disease,10
D:\CropDiseaseProject\sugarcane_large\Diseases\Yellow Leaf\Yellow Leaf360.jpg,Yellow Leaf Disease,10
D:\CropDiseaseProject\sugarcane_maharashtra\Mosaic\mosaic (52).jpeg,Mosaic / Viral Disease,4
D:\CropDiseaseProject\sugarcane_large\Healthy Leaves\image348.jpg,Healthy Leaves,3
D:\CropDiseaseProject\sugarcane_maharashtra\Rust\rust (454).jpeg,Rust (Brown Rust),7
D:\CropDiseaseProject\sugarcane_large\Diseases\Brown Spot\image1231.jpg,Brown Spot,1
D:\CropDiseaseProject\sugarcane_large\Diseases\Yellow Leaf\Yellow Leaf936.jpg,Yellow Leaf Disease,10
D:\CropDiseaseProject\sugarcane_large\Diseases\Banded Chlorosis\image334.jpg,Banded Chlorosis,0
D:\CropDiseaseProject\sugarcane_large\Diseases\Brown Spot\image1652.jpg,Brown Spot,1
D:\CropDiseaseProject\sugarcane_maharashtra\Yellow\yellow (90).jpeg,Yellow Leaf Disease,10
D:\CropDiseaseProject\sugarcane_large\Diseases\Banded Chlorosis\image142.jpg,Banded Chlorosis,0
D:\CropDiseaseProject\sugarcane_maharashtra\Healthy\healthy (353).jpeg,Healthy Leaves,3
D:\CropDiseaseProject\sugarcane_large\Diseases\smut\Smut053.jpg,Smut,9
D:\CropDiseaseProject\sugarcane_large\Diseases\Viral Disease\Viral Disease365.jpg,Mosaic / Viral Disease,4
D:\CropDiseaseProject\sugarcane_large\Diseases\Grassy shoot\image257.jpg,Grassy Shoot,2
D:\CropDiseaseProject\sugarcane_large\Diseases\Viral Disease\Viral Disease018.jpg,Mosaic / Viral Disease,4
D:\CropDiseaseProject\sugarcane_maharashtra\RedRot\redrot (108).jpeg,Red Rot,6
D:\CropDiseaseProject\sugarcane_maharashtra\Mosaic\mosaic (138).jpeg,Mosaic / Viral Disease,4
D:\CropDiseaseProject\sugarcane_large\Diseases\Yellow Leaf\Yellow Leaf1093.jpg,Yellow Leaf Disease,10
D:\CropDiseaseProject\sugarcane_large\Diseases\smut\Smut107.jpg,Smut,9
D:\CropDiseaseProject\sugarcane_large\Diseases\Brown Spot\image1661.jpg,Brown Spot,1
D:\CropDiseaseProject\sugarcane_large\Diseases\Yellow Leaf\Yellow Leaf807.jpg,Yellow Leaf Disease,10
D:\CropDiseaseProject\sugarcane_maharashtra\Mosaic\mosaic (443).jpeg,Mosaic / Viral Disease,4
D:\CropDiseaseProject\sugarcane_maharashtra\Healthy\healthy (374).jpeg,Healthy Leaves,3
D:\CropDiseaseProject\sugarcane_large\Diseases\Brown Spot\image179.jpg,Brown Spot,1
D:\CropDiseaseProject\sugarcane_maharashtra\Mosaic\mosaic (226).jpeg,Mosaic / Viral Disease,4
D:\CropDiseaseProject\sugarcane_large\Diseases\Brown Spot\image652.jpg,Brown Spot,1
D:\CropDiseaseProject\sugarcane_maharashtra\RedRot\redrot (295).jpeg,Red Rot,6
D:\CropDiseaseProject\sugarcane_large\Diseases\Yellow Leaf\Yellow Leaf152.jpg,Yellow Leaf Disease,10
D:\CropDiseaseProject\sugarcane_large\Diseases\Sett Rot\Sett Rot596.jpg,Sett Rot,8
D:\CropDiseaseProject\sugarcane_large\Diseases\Sett Rot\Sett Rot121.jpg,Sett Rot,8
D:\CropDiseaseProject\sugarcane_maharashtra\Healthy\healthy (160).jpeg,Healthy Leaves,3
D:\CropDiseaseProject\sugarcane_large\Diseases\Yellow Leaf\Yellow Leaf521.jpg,Yellow Leaf Disease,10
D:\CropDiseaseProject\sugarcane_maharashtra\RedRot\redrot (64).jpeg,Red Rot,6
D:\CropDiseaseProject\sugarcane_large\Diseases\Sett Rot\Sett Rot112.jpg,Sett Rot,8
D:\CropDiseaseProject\sugarcane_large\Diseases\Banded Chlorosis\image058.jpg,Banded Chlorosis,0
D:\CropDiseaseProject\sugarcane_large\Diseases\Pokkah Boeng\Pokkah Boeng283.jpg,Pokkah Boeng,5
D:\CropDiseaseProject\sugarcane_large\Diseases\Yellow Leaf\Yellow Leaf628.jpg,Yellow Leaf Disease,10
D:\CropDiseaseProject\sugarcane_maharashtra\Yellow\yellow (19).jpeg,Yellow Leaf Disease,10
D:\CropDiseaseProject\sugarcane_large\Diseases\Brown Spot\image998.jpg,Brown Spot,1
D:\CropDiseaseProject\sugarcane_large\Diseases\BrownRust\image193.jpg,Rust (Brown Rust),7
D:\CropDiseaseProject\sugarcane_maharashtra\Mosaic\mosaic (162).jpeg,Mosaic / Viral Disease,4
D:\CropDiseaseProject\sugarcane_large\Diseases\Brown Spot\image1490.jpg,Brown Spot,1
D:\CropDiseaseProject\sugarcane_large\Diseases\Yellow Leaf\Yellow Leaf872.jpg,Yellow Leaf Disease,10
D:\CropDiseaseProject\sugarcane_maharashtra\RedRot\redrot (124).jpeg,Red Rot,6
D:\CropDiseaseProject\sugarcane_maharashtra\Rust\rust (190).jpeg,Rust (Brown Rust),7
D:\CropDiseaseProject\sugarcane_maharashtra\Yellow\yellow (144).jpeg,Yellow Leaf Disease,10
D:\CropDiseaseProject\sugarcane_large\Diseases\Brown Spot\image1255.jpg,Brown Spot,1
D:\CropDiseaseProject\sugarcane_large\Diseases\Banded Chlorosis\image034.jpg,Banded Chlorosis,0
D:\CropDiseaseProject\sugarcane_large\Diseases\Brown Spot\image924.jpg,Brown Spot,1
D:\CropDiseaseProject\sugarcane_large\Diseases\Pokkah Boeng\Pokkah Boeng096.jpg,Pokkah Boeng,5
D:\CropDiseaseProject\sugarcane_large\Diseases\Yellow Leaf\Yellow Leaf539.jpg,Yellow Leaf Disease,10
D:\CropDiseaseProject\sugarcane_large\Diseases\Banded Chlorosis\image220.jpg,Banded Chlorosis,0
D:\CropDiseaseProject\sugarcane_large\Diseases\Yellow Leaf\Yellow Leaf207.jpg,Yellow Leaf Disease,10
D:\CropDiseaseProject\sugarcane_maharashtra\Healthy\healthy (225).jpeg,Healthy Leaves,3
D:\CropDiseaseProject\sugarcane_large\Diseases\Brown Spot\image840.jpg,Brown Spot,1
D:\CropDiseaseProject\sugarcane_large\Healthy Leaves\image056.jpg,Healthy Leaves,3
D:\CropDiseaseProject\sugarcane_maharashtra\Mosaic\mosaic (140).jpeg,Mosaic / Viral Disease,4
D:\CropDiseaseProject\sugarcane_large\Diseases\Brown Spot\image1489.jpg,Brown Spot,1
D:\CropDiseaseProject\sugarcane_maharashtra\Yellow\yellow (42).jpeg,Yellow Leaf Disease,10
D:\CropDiseaseProject\sugarcane_large\Diseases\Sett Rot\Sett Rot073.jpg,Sett Rot,8
D:\CropDiseaseProject\sugarcane_maharashtra\RedRot\redrot (431).jpeg,Red Rot,6
D:\CropDiseaseProject\sugarcane_maharashtra\RedRot\redrot (40).jpeg,Red Rot,6
D:\CropDiseaseProject\sugarcane_large\Diseases\Viral Disease\Viral Disease464.jpg,Mosaic / Viral Disease,4
D:\CropDiseaseProject\sugarcane_large\Diseases\Sett Rot\Sett Rot062.jpg,Sett Rot,8
D:\CropDiseaseProject\sugarcane_large\Diseases\Yellow Leaf\Yellow Leaf129.jpg,Yellow Leaf Disease,10
D:\CropDiseaseProject\sugarcane_large\Diseases\BrownRust\image210.jpg,Rust (Brown Rust),7
D:\CropDiseaseProject\sugarcane_large\Diseases\Brown Spot\image970.jpg,Brown Spot,1
D:\CropDiseaseProject\sugarcane_large\Diseases\smut\Smut272.jpg,Smut,9
D:\CropDiseaseProject\sugarcane_large\Diseases\Sett Rot\Sett Rot284.jpg,Sett Rot,8
D:\CropDiseaseProject\sugarcane_maharashtra\RedRot\redrot (198).jpeg,Red Rot,6
D:\CropDiseaseProject\sugarcane_maharashtra\Mosaic\mosaic (143).jpeg,Mosaic / Viral Disease,4
D:\CropDiseaseProject\sugarcane_large\Diseases\Yellow Leaf\Yellow Leaf511.jpg,Yellow Leaf Disease,10
D:\CropDiseaseProject\sugarcane_large\Diseases\smut\Smut005.jpg,Smut,9
D:\CropDiseaseProject\sugarcane_large\Diseases\Brown Spot\image409.jpg,Brown Spot,1
D:\CropDiseaseProject\sugarcane_large\Diseases\Viral Disease\Viral Disease142.jpg,Mosaic / Viral Disease,4
D:\CropDiseaseProject\sugarcane_large\Diseases\Viral Disease\Viral Disease259.jpg,Mosaic / Viral Disease,4
D:\CropDiseaseProject\sugarcane_maharashtra\Healthy\healthy (436).jpeg,Healthy Leaves,3
D:\CropDiseaseProject\sugarcane_large\Diseases\Yellow Leaf\Yellow Leaf012.jpg,Yellow Leaf Disease,10
D:\CropDiseaseProject\sugarcane_maharashtra\Rust\rust (287).jpeg,Rust (Brown Rust),7
D:\CropDiseaseProject\sugarcane_large\Diseases\Brown Spot\image1282.jpg,Brown Spot,1
D:\CropDiseaseProject\sugarcane_large\Diseases\Yellow Leaf\Yellow Leaf174.jpg,Yellow Leaf Disease,10
D:\CropDiseaseProject\sugarcane_maharashtra\Yellow\yellow (178).jpeg,Yellow Leaf Disease,10
D:\CropDiseaseProject\sugarcane_large\Diseases\Yellow Leaf\Yellow Leaf023.jpg,Yellow Leaf Disease,10
D:\CropDiseaseProject\sugarcane_large\Diseases\Brown Spot\image436.jpg,Brown Spot,1
D:\CropDiseaseProject\sugarcane_large\Diseases\Viral Disease\Viral Disease247.jpg,Mosaic / Viral Disease,4
D:\CropDiseaseProject\sugarcane_large\Diseases\Yellow Leaf\Yellow Leaf633.jpg,Yellow Leaf Disease,10
D:\CropDiseaseProject\sugarcane_maharashtra\Yellow\yellow (385).jpeg,Yellow Leaf Disease,10
D:\CropDiseaseProject\sugarcane_large\Diseases\Grassy shoot\image022.jpg,Grassy Shoot,2
D:\CropDiseaseProject\sugarcane_maharashtra\Mosaic\mosaic (100).jpeg,Mosaic / Viral Disease,4
D:\CropDiseaseProject\sugarcane_maharashtra\RedRot\redrot (62).jpeg,Red Rot,6
D:\CropDiseaseProject\sugarcane_maharashtra\Mosaic\mosaic (274).jpeg,Mosaic / Viral Disease,4
D:\CropDiseaseProject\sugarcane_large\Diseases\Viral Disease\Viral Disease141.jpg,Mosaic / Viral Disease,4
D:\CropDiseaseProject\sugarcane_large\Diseases\Brown Spot\image1361.jpg,Brown Spot,1
D:\CropDiseaseProject\sugarcane_maharashtra\Rust\rust (316).jpeg,Rust (Brown Rust),7
D:\CropDiseaseProject\sugarcane_large\Diseases\Sett Rot\Sett Rot312.jpg,Sett Rot,8
D:\CropDiseaseProject\sugarcane_large\Diseases\Yellow Leaf\Yellow Leaf524.jpg,Yellow Leaf Disease,10
D:\CropDiseaseProject\sugarcane_maharashtra\Yellow\yellow (50).jpeg,Yellow Leaf Disease,10
D:\CropDiseaseProject\sugarcane_large\Diseases\Yellow Leaf\Yellow Leaf397.jpg,Yellow Leaf Disease,10
D:\CropDiseaseProject\sugarcane_large\Diseases\Brown Spot\image378.jpg,Brown Spot,1
D:\CropDiseaseProject\sugarcane_large\Diseases\smut\Smut273.jpg,Smut,9
D:\CropDiseaseProject\sugarcane_large\Diseases\Grassy shoot\image041.jpg,Grassy Shoot,2
D:\CropDiseaseProject\sugarcane_large\Diseases\Pokkah Boeng\Pokkah Boeng132.jpg,Pokkah Boeng,5
D:\CropDiseaseProject\sugarcane_maharashtra\Rust\rust (215).jpeg,Rust (Brown Rust),7
D:\CropDiseaseProject\sugarcane_maharashtra\Rust\rust (203).jpeg,Rust (Brown Rust),7
D:\CropDiseaseProject\sugarcane_large\Diseases\Yellow Leaf\Yellow Leaf788.jpg,Yellow Leaf Disease,10
D:\CropDiseaseProject\sugarcane_large\Diseases\Yellow Leaf\Yellow Leaf428.jpg,Yellow Leaf Disease,10
D:\CropDiseaseProject\sugarcane_large\Diseases\Brown Spot\image1718.jpg,Brown Spot,1
D:\CropDiseaseProject\sugarcane_maharashtra\Healthy\healthy (96).jpeg,Healthy Leaves,3
D:\CropDiseaseProject\sugarcane_large\Diseases\BrownRust\image092.jpg,Rust (Brown Rust),7
D:\CropDiseaseProject\sugarcane_large\Diseases\Banded Chlorosis\image137.jpg,Banded Chlorosis,0
D:\CropDiseaseProject\sugarcane_maharashtra\Mosaic\mosaic (117).jpeg,Mosaic / Viral Disease,4
D:\CropDiseaseProject\sugarcane_maharashtra\Mosaic\mosaic (379).jpeg,Mosaic / Viral Disease,4
D:\CropDiseaseProject\sugarcane_maharashtra\Healthy\healthy (167).jpeg,Healthy Leaves,3
D:\CropDiseaseProject\sugarcane_large\Diseases\Brown Spot\image301.jpg,Brown Spot,1
D:\CropDiseaseProject\sugarcane_maharashtra\Rust\rust (368).jpeg,Rust (Brown Rust),7
D:\CropDiseaseProject\sugarcane_large\Diseases\Banded Chlorosis\image458.jpg,Banded Chlorosis,0
D:\CropDiseaseProject\sugarcane_maharashtra\Yellow\yellow (199).jpeg,Yellow Leaf Disease,10
D:\CropDiseaseProject\sugarcane_large\Diseases\Viral Disease\Viral Disease056.jpg,Mosaic / Viral Disease,4
D:\CropDiseaseProject\sugarcane_large\Diseases\BrownRust\image156.jpg,Rust (Brown Rust),7
D:\CropDiseaseProject\sugarcane_large\Diseases\Yellow Leaf\Yellow Leaf401.jpg,Yellow Leaf Disease,10
D:\CropDiseaseProject\sugarcane_maharashtra\Rust\rust (196).jpeg,Rust (Brown Rust),7
D:\CropDiseaseProject\sugarcane_large\Diseases\Brown Spot\image1057.jpg,Brown Spot,1
D:\CropDiseaseProject\sugarcane_large\Diseases\Sett Rot\Sett Rot090.jpg,Sett Rot,8
D:\CropDiseaseProject\sugarcane_large\Diseases\Yellow Leaf\Yellow Leaf008.jpg,Yellow Leaf Disease,10
D:\CropDiseaseProject\sugarcane_maharashtra\Mosaic\mosaic (153).jpeg,Mosaic / Viral Disease,4
D:\CropDiseaseProject\sugarcane_large\Diseases\Brown Spot\image1415.jpg,Brown Spot,1
D:\CropDiseaseProject\sugarcane_large\Diseases\Brown Spot\image1031.jpg,Brown Spot,1
D:\CropDiseaseProject\sugarcane_large\Diseases\Sett Rot\Sett Rot396.jpg,Sett Rot,8
D:\CropDiseaseProject\sugarcane_large\Diseases\Brown Spot\image291.jpg,Brown Spot,1
D:\CropDiseaseProject\sugarcane_large\Diseases\Brown Spot\image644.jpg,Brown Spot,1
D:\CropDiseaseProject\sugarcane_maharashtra\RedRot\redrot (83).jpeg,Red Rot,6
D:\CropDiseaseProject\sugarcane_large\Diseases\Yellow Leaf\Yellow Leaf132.jpg,Yellow Leaf Disease,10
D:\CropDiseaseProject\sugarcane_large\Diseases\Viral Disease\Viral Disease306.jpg,Mosaic / Viral Disease,4
D:\CropDiseaseProject\sugarcane_large\Diseases\Brown Spot\image184.jpg,Brown Spot,1
D:\CropDiseaseProject\sugarcane_large\Diseases\Brown Spot\image1678.jpg,Brown Spot,1
D:\CropDiseaseProject\sugarcane_maharashtra\Mosaic\mosaic (85).jpeg,Mosaic / Viral Disease,4
D:\CropDiseaseProject\sugarcane_large\Diseases\Banded Chlorosis\image108.jpg,Banded Chlorosis,0
D:\CropDiseaseProject\sugarcane_large\Healthy Leaves\image108.jpg,Healthy Leaves,3
D:\CropDiseaseProject\sugarcane_large\Diseases\Brown Spot\image681.jpg,Brown Spot,1
D:\CropDiseaseProject\sugarcane_large\Diseases\Brown Spot\image1207.jpg,Brown Spot,1
D:\CropDiseaseProject\sugarcane_large\Diseases\Brown Spot\image430.jpg,Brown Spot,1
D:\CropDiseaseProject\sugarcane_large\Diseases\Viral Disease\Viral Disease168.jpg,Mosaic / Viral Disease,4
D:\CropDiseaseProject\sugarcane_large\Diseases\Yellow Leaf\Yellow Leaf846.jpg,Yellow Leaf Disease,10
D:\CropDiseaseProject\sugarcane_large\Diseases\Sett Rot\Sett Rot203.jpg,Sett Rot,8
D:\CropDiseaseProject\sugarcane_large\Diseases\Brown Spot\image884.jpg,Brown Spot,1
D:\CropDiseaseProject\sugarcane_maharashtra\Rust\rust (126).jpeg,Rust (Brown Rust),7
D:\CropDiseaseProject\sugarcane_large\Healthy Leaves\image237.jpg,Healthy Leaves,3
D:\CropDiseaseProject\sugarcane_maharashtra\RedRot\redrot (508).jpeg,Red Rot,6
D:\CropDiseaseProject\sugarcane_large\Diseases\Brown Spot\image191.jpg,Brown Spot,1
D:\CropDiseaseProject\sugarcane_large\Diseases\smut\Smut007.jpg,Smut,9
D:\CropDiseaseProject\sugarcane_large\Diseases\BrownRust\image094.jpg,Rust (Brown Rust),7
D:\CropDiseaseProject\sugarcane_large\Diseases\Yellow Leaf\Yellow Leaf378.jpg,Yellow Leaf Disease,10
D:\CropDiseaseProject\sugarcane_large\Diseases\BrownRust\image066.jpg,Rust (Brown Rust),7
D:\CropDiseaseProject\sugarcane_large\Healthy Leaves\image343.jpg,Healthy Leaves,3
D:\CropDiseaseProject\sugarcane_large\Diseases\Yellow Leaf\Yellow Leaf587.jpg,Yellow Leaf Disease,10
D:\CropDiseaseProject\sugarcane_maharashtra\Healthy\healthy (474).jpeg,Healthy Leaves,3
D:\CropDiseaseProject\sugarcane_large\Diseases\Yellow Leaf\Yellow Leaf1030.jpg,Yellow Leaf Disease,10
D:\CropDiseaseProject\sugarcane_large\Diseases\Grassy shoot\image064.jpg,Grassy Shoot,2
D:\CropDiseaseProject\sugarcane_large\Diseases\Yellow Leaf\Yellow Leaf377.jpg,Yellow Leaf Disease,10
D:\CropDiseaseProject\sugarcane_large\Diseases\Sett Rot\Sett Rot399.jpg,Sett Rot,8
D:\CropDiseaseProject\sugarcane_large\Diseases\Brown Spot\image1238.jpg,Brown Spot,1
D:\CropDiseaseProject\sugarcane_large\Diseases\Sett Rot\Sett Rot463.jpg,Sett Rot,8
D:\CropDiseaseProject\sugarcane_maharashtra\Yellow\yellow (75).jpeg,Yellow Leaf Disease,10
D:\CropDiseaseProject\sugarcane_large\Diseases\Sett Rot\Sett Rot315.jpg,Sett Rot,8
D:\CropDiseaseProject\sugarcane_large\Diseases\Sett Rot\Sett Rot333.jpg,Sett Rot,8
D:\CropDiseaseProject\sugarcane_large\Diseases\Sett Rot\Sett Rot402.jpg,Sett Rot,8
D:\CropDiseaseProject\sugarcane_maharashtra\Rust\rust (174).jpeg,Rust (Brown Rust),7
D:\CropDiseaseProject\sugarcane_maharashtra\Rust\rust (363).jpeg,Rust (Brown Rust),7
D:\CropDiseaseProject\sugarcane_large\Diseases\Sett Rot\Sett Rot601.jpg,Sett Rot,8
D:\CropDiseaseProject\sugarcane_large\Diseases\Pokkah Boeng\Pokkah Boeng281.jpg,Pokkah Boeng,5
D:\CropDiseaseProject\sugarcane_maharashtra\Yellow\yellow (125).jpeg,Yellow Leaf Disease,10
D:\CropDiseaseProject\sugarcane_large\Healthy Leaves\image193.jpg,Healthy Leaves,3
D:\CropDiseaseProject\sugarcane_large\Diseases\smut\Smut256.jpg,Smut,9
D:\CropDiseaseProject\sugarcane_maharashtra\Rust\rust (372).jpeg,Rust (Brown Rust),7
D:\CropDiseaseProject\sugarcane_large\Diseases\BrownRust\image268.jpg,Rust (Brown Rust),7
D:\CropDiseaseProject\sugarcane_large\Diseases\smut\Smut036.jpg,Smut,9
D:\CropDiseaseProject\sugarcane_large\Diseases\Yellow Leaf\Yellow Leaf1025.jpg,Yellow Leaf Disease,10
D:\CropDiseaseProject\sugarcane_large\Diseases\Brown Spot\image950.jpg,Brown Spot,1
D:\CropDiseaseProject\sugarcane_maharashtra\Yellow\yellow (103).jpeg,Yellow Leaf Disease,10
D:\CropDiseaseProject\sugarcane_large\Diseases\Viral Disease\Viral Disease216.jpg,Mosaic / Viral Disease,4
D:\CropDiseaseProject\sugarcane_large\Diseases\Banded Chlorosis\image160.jpg,Banded Chlorosis,0
D:\CropDiseaseProject\sugarcane_large\Diseases\Banded Chlorosis\image415.jpg,Banded Chlorosis,0
D:\CropDiseaseProject\sugarcane_large\Diseases\Brown Spot\image760.jpg,Brown Spot,1
D:\CropDiseaseProject\sugarcane_large\Diseases\Grassy shoot\image103.jpg,Grassy Shoot,2
D:\CropDiseaseProject\sugarcane_large\Diseases\Yellow Leaf\Yellow Leaf333.jpg,Yellow Leaf Disease,10
D:\CropDiseaseProject\sugarcane_large\Diseases\Banded Chlorosis\image221.jpg,Banded Chlorosis,0
D:\CropDiseaseProject\sugarcane_maharashtra\Healthy\healthy (177).jpeg,Healthy Leaves,3
D:\CropDiseaseProject\sugarcane_large\Diseases\Brown Spot\image1556.jpg,Brown Spot,1
D:\CropDiseaseProject\sugarcane_large\Healthy Leaves\image084.jpg,Healthy Leaves,3
D:\CropDiseaseProject\sugarcane_large\Diseases\Banded Chlorosis\image133.jpg,Banded Chlorosis,0
D:\CropDiseaseProject\sugarcane_maharashtra\Rust\rust (335).jpeg,Rust (Brown Rust),7
D:\CropDiseaseProject\sugarcane_large\Diseases\smut\Smut119.jpg,Smut,9
D:\CropDiseaseProject\sugarcane_large\Diseases\Yellow Leaf\Yellow Leaf354.jpg,Yellow Leaf Disease,10
D:\CropDiseaseProject\sugarcane_large\Diseases\Brown Spot\image1125.jpg,Brown Spot,1
D:\CropDiseaseProject\sugarcane_maharashtra\Healthy\healthy (510).jpeg,Healthy Leaves,3
D:\CropDiseaseProject\sugarcane_large\Diseases\Yellow Leaf\Yellow Leaf819.jpg,Yellow Leaf Disease,10
D:\CropDiseaseProject\sugarcane_large\Diseases\Brown Spot\image1585.jpg,Brown Spot,1
D:\CropDiseaseProject\sugarcane_large\Diseases\Viral Disease\Viral Disease600.jpg,Mosaic / Viral Disease,4
D:\CropDiseaseProject\sugarcane_large\Diseases\Yellow Leaf\Yellow Leaf645.jpg,Yellow Leaf Disease,10
D:\CropDiseaseProject\sugarcane_large\Diseases\Brown Spot\image100.jpg,Brown Spot,1
D:\CropDiseaseProject\sugarcane_large\Diseases\Brown Spot\image221.jpg,Brown Spot,1
D:\CropDiseaseProject\sugarcane_large\Diseases\Yellow Leaf\Yellow Leaf296.jpg,Yellow Leaf Disease,10
D:\CropDiseaseProject\sugarcane_maharashtra\Yellow\yellow (8).jpeg,Yellow Leaf Disease,10
D:\CropDiseaseProject\sugarcane_large\Diseases\Yellow Leaf\Yellow Leaf149.jpg,Yellow Leaf Disease,10
D:\CropDiseaseProject\sugarcane_maharashtra\Mosaic\mosaic (121).jpeg,Mosaic / Viral Disease,4
D:\CropDiseaseProject\sugarcane_large\Diseases\Sett Rot\Sett Rot273.jpg,Sett Rot,8
D:\CropDiseaseProject\sugarcane_maharashtra\Mosaic\mosaic (80).jpeg,Mosaic / Viral Disease,4
D:\CropDiseaseProject\sugarcane_maharashtra\Mosaic\mosaic (415).jpeg,Mosaic / Viral Disease,4
D:\CropDiseaseProject\sugarcane_maharashtra\Mosaic\mosaic (238).jpeg,Mosaic / Viral Disease,4
D:\CropDiseaseProject\sugarcane_maharashtra\Healthy\healthy (58).jpeg,Healthy Leaves,3
D:\CropDiseaseProject\sugarcane_maharashtra\Rust\rust (291).jpeg,Rust (Brown Rust),7
D:\CropDiseaseProject\sugarcane_maharashtra\Yellow\yellow (502).jpeg,Yellow Leaf Disease,10
D:\CropDiseaseProject\sugarcane_maharashtra\Yellow\yellow (468).jpeg,Yellow Leaf Disease,10
D:\CropDiseaseProject\sugarcane_maharashtra\RedRot\redrot (104).jpeg,Red Rot,6
D:\CropDiseaseProject\sugarcane_maharashtra\Rust\rust (261).jpeg,Rust (Brown Rust),7
D:\CropDiseaseProject\sugarcane_large\Diseases\Brown Spot\image1417.jpg,Brown Spot,1
D:\CropDiseaseProject\sugarcane_maharashtra\Rust\rust (244).jpeg,Rust (Brown Rust),7
D:\CropDiseaseProject\sugarcane_large\Diseases\Sett Rot\Sett Rot547.jpg,Sett Rot,8
D:\CropDiseaseProject\sugarcane_large\Diseases\Brown Spot\image1025.jpg,Brown Spot,1
D:\CropDiseaseProject\sugarcane_large\Diseases\Brown Spot\image916.jpg,Brown Spot,1
D:\CropDiseaseProject\sugarcane_large\Diseases\Brown Spot\image143.jpg,Brown Spot,1
D:\CropDiseaseProject\sugarcane_large\Diseases\Viral Disease\Viral Disease537.jpg,Mosaic / Viral Disease,4
D:\CropDiseaseProject\sugarcane_maharashtra\Yellow\yellow (425).jpeg,Yellow Leaf Disease,10
D:\CropDiseaseProject\sugarcane_large\Diseases\Sett Rot\Sett Rot047.jpg,Sett Rot,8
D:\CropDiseaseProject\sugarcane_large\Diseases\Yellow Leaf\Yellow Leaf708.jpg,Yellow Leaf Disease,10
D:\CropDiseaseProject\sugarcane_large\Diseases\Yellow Leaf\Yellow Leaf123.jpg,Yellow Leaf Disease,10
D:\CropDiseaseProject\sugarcane_large\Diseases\Yellow Leaf\Yellow Leaf483.jpg,Yellow Leaf Disease,10
D:\CropDiseaseProject\sugarcane_large\Diseases\Pokkah Boeng\Pokkah Boeng111.jpg,Pokkah Boeng,5
D:\CropDiseaseProject\sugarcane_large\Diseases\smut\Smut221.jpg,Smut,9
D:\CropDiseaseProject\sugarcane_large\Diseases\smut\Smut290.jpg,Smut,9
D:\CropDiseaseProject\sugarcane_large\Diseases\Brown Spot\image1564.jpg,Brown Spot,1
D:\CropDiseaseProject\sugarcane_large\Diseases\Viral Disease\Viral Disease229.jpg,Mosaic / Viral Disease,4
D:\CropDiseaseProject\sugarcane_large\Diseases\Grassy shoot\image244.jpg,Grassy Shoot,2
D:\CropDiseaseProject\sugarcane_large\Diseases\Brown Spot\image809.jpg,Brown Spot,1
D:\CropDiseaseProject\sugarcane_large\Diseases\Pokkah Boeng\Pokkah Boeng013.jpg,Pokkah Boeng,5
D:\CropDiseaseProject\sugarcane_maharashtra\Mosaic\mosaic (78).jpeg,Mosaic / Viral Disease,4
D:\CropDiseaseProject\sugarcane_maharashtra\Yellow\yellow (52).jpeg,Yellow Leaf Disease,10
D:\CropDiseaseProject\sugarcane_maharashtra\Rust\rust (415).jpeg,Rust (Brown Rust),7
D:\CropDiseaseProject\sugarcane_large\Diseases\Sett Rot\Sett Rot243.jpg,Sett Rot,8
D:\CropDiseaseProject\sugarcane_large\Diseases\Yellow Leaf\Yellow Leaf319.jpg,Yellow Leaf Disease,10
D:\CropDiseaseProject\sugarcane_large\Diseases\Sett Rot\Sett Rot180.jpg,Sett Rot,8
D:\CropDiseaseProject\sugarcane_maharashtra\Healthy\healthy (421).jpeg,Healthy Leaves,3
D:\CropDiseaseProject\sugarcane_large\Diseases\Pokkah Boeng\Pokkah Boeng252.jpg,Pokkah Boeng,5
D:\CropDiseaseProject\sugarcane_large\Healthy Leaves\image239.jpg,Healthy Leaves,3
D:\CropDiseaseProject\sugarcane_large\Healthy Leaves\image285.jpg,Healthy Leaves,3
D:\CropDiseaseProject\sugarcane_large\Diseases\Yellow Leaf\Yellow Leaf094.jpg,Yellow Leaf Disease,10
D:\CropDiseaseProject\sugarcane_large\Diseases\Yellow Leaf\Yellow Leaf321.jpg,Yellow Leaf Disease,10
D:\CropDiseaseProject\sugarcane_large\Diseases\Brown Spot\image537.jpg,Brown Spot,1
D:\CropDiseaseProject\sugarcane_large\Diseases\BrownRust\image135.jpg,Rust (Brown Rust),7
D:\CropDiseaseProject\sugarcane_large\Healthy Leaves\image073.jpg,Healthy Leaves,3
D:\CropDiseaseProject\sugarcane_large\Diseases\Banded Chlorosis\image225.jpg,Banded Chlorosis,0
D:\CropDiseaseProject\sugarcane_large\Diseases\BrownRust\image140.jpg,Rust (Brown Rust),7
D:\CropDiseaseProject\sugarcane_maharashtra\Rust\rust (216).jpeg,Rust (Brown Rust),7
D:\CropDiseaseProject\sugarcane_large\Diseases\Brown Spot\image839.jpg,Brown Spot,1
D:\CropDiseaseProject\sugarcane_large\Diseases\Pokkah Boeng\Pokkah Boeng291.jpg,Pokkah Boeng,5
D:\CropDiseaseProject\sugarcane_large\Diseases\smut\Smut189.jpg,Smut,9
D:\CropDiseaseProject\sugarcane_large\Diseases\Grassy shoot\image334.jpg,Grassy Shoot,2
D:\CropDiseaseProject\sugarcane_maharashtra\Rust\rust (80).jpeg,Rust (Brown Rust),7
D:\CropDiseaseProject\sugarcane_large\Diseases\Viral Disease\Viral Disease484.jpg,Mosaic / Viral Disease,4
D:\CropDiseaseProject\sugarcane_large\Healthy Leaves\image102.jpg,Healthy Leaves,3
D:\CropDiseaseProject\sugarcane_large\Diseases\Sett Rot\Sett Rot239.jpg,Sett Rot,8
D:\CropDiseaseProject\sugarcane_maharashtra\Mosaic\mosaic (128).jpeg,Mosaic / Viral Disease,4
D:\CropDiseaseProject\sugarcane_large\Diseases\BrownRust\image003.jpg,Rust (Brown Rust),7
D:\CropDiseaseProject\sugarcane_large\Diseases\Brown Spot\image1481.jpg,Brown Spot,1
D:\CropDiseaseProject\sugarcane_maharashtra\Rust\rust (138).jpeg,Rust (Brown Rust),7
D:\CropDiseaseProject\sugarcane_maharashtra\Rust\rust (89).jpeg,Rust (Brown Rust),7
D:\CropDiseaseProject\sugarcane_large\Diseases\Pokkah Boeng\Pokkah Boeng186.jpg,Pokkah Boeng,5
D:\CropDiseaseProject\sugarcane_large\Diseases\smut\Smut263.jpg,Smut,9
D:\CropDiseaseProject\sugarcane_large\Diseases\Grassy shoot\image035.jpg,Grassy Shoot,2
D:\CropDiseaseProject\sugarcane_large\Diseases\Brown Spot\image1533.jpg,Brown Spot,1
D:\CropDiseaseProject\sugarcane_maharashtra\Healthy\healthy (205).jpeg,Healthy Leaves,3
D:\CropDiseaseProject\sugarcane_large\Diseases\Brown Spot\image1213.jpg,Brown Spot,1
D:\CropDiseaseProject\sugarcane_large\Diseases\Banded Chlorosis\image097.jpg,Banded Chlorosis,0
D:\CropDiseaseProject\sugarcane_large\Diseases\Brown Spot\image442.jpg,Brown Spot,1
D:\CropDiseaseProject\sugarcane_maharashtra\Yellow\yellow (232).jpeg,Yellow Leaf Disease,10
D:\CropDiseaseProject\sugarcane_large\Diseases\Pokkah Boeng\Pokkah Boeng247.jpg,Pokkah Boeng,5
D:\CropDiseaseProject\sugarcane_large\Diseases\Sett Rot\Sett Rot093.jpg,Sett Rot,8
D:\CropDiseaseProject\sugarcane_large\Diseases\Yellow Leaf\Yellow Leaf576.jpg,Yellow Leaf Disease,10
D:\CropDiseaseProject\sugarcane_large\Healthy Leaves\image096.jpg,Healthy Leaves,3
D:\CropDiseaseProject\sugarcane_large\Diseases\BrownRust\image222.jpg,Rust (Brown Rust),7
D:\CropDiseaseProject\sugarcane_large\Diseases\Yellow Leaf\Yellow Leaf564.jpg,Yellow Leaf Disease,10
D:\CropDiseaseProject\sugarcane_maharashtra\Healthy\healthy (116).jpeg,Healthy Leaves,3
D:\CropDiseaseProject\sugarcane_large\Diseases\smut\Smut135.jpg,Smut,9
D:\CropDiseaseProject\sugarcane_large\Diseases\Yellow Leaf\Yellow Leaf552.jpg,Yellow Leaf Disease,10
D:\CropDiseaseProject\sugarcane_large\Diseases\Sett Rot\Sett Rot082.jpg,Sett Rot,8
D:\CropDiseaseProject\sugarcane_large\Diseases\Yellow Leaf\Yellow Leaf235.jpg,Yellow Leaf Disease,10
D:\CropDiseaseProject\sugarcane_large\Healthy Leaves\image037.jpg,Healthy Leaves,3
D:\CropDiseaseProject\sugarcane_large\Diseases\Yellow Leaf\Yellow Leaf1168.jpg,Yellow Leaf Disease,10
D:\CropDiseaseProject\sugarcane_large\Diseases\Yellow Leaf\Yellow Leaf113.jpg,Yellow Leaf Disease,10
D:\CropDiseaseProject\sugarcane_large\Diseases\Grassy shoot\image081.jpg,Grassy Shoot,2
D:\CropDiseaseProject\sugarcane_large\Diseases\Brown Spot\image637.jpg,Brown Spot,1
D:\CropDiseaseProject\sugarcane_maharashtra\Yellow\yellow (148).jpeg,Yellow Leaf Disease,10
D:\CropDiseaseProject\sugarcane_large\Diseases\Grassy shoot\image025.jpg,Grassy Shoot,2
D:\CropDiseaseProject\sugarcane_maharashtra\Rust\rust (514).jpeg,Rust (Brown Rust),7
D:\CropDiseaseProject\sugarcane_large\Diseases\Viral Disease\Viral Disease432.jpg,Mosaic / Viral Disease,4
D:\CropDiseaseProject\sugarcane_large\Diseases\Yellow Leaf\Yellow Leaf859.jpg,Yellow Leaf Disease,10
D:\CropDiseaseProject\sugarcane_large\Diseases\smut\Smut182.jpg,Smut,9
D:\CropDiseaseProject\sugarcane_large\Diseases\Brown Spot\image253.jpg,Brown Spot,1
D:\CropDiseaseProject\sugarcane_large\Diseases\Viral Disease\Viral Disease024.jpg,Mosaic / Viral Disease,4
D:\CropDiseaseProject\sugarcane_large\Diseases\Viral Disease\Viral Disease511.jpg,Mosaic / Viral Disease,4
D:\CropDiseaseProject\sugarcane_large\Diseases\Banded Chlorosis\image245.jpg,Banded Chlorosis,0
D:\CropDiseaseProject\sugarcane_large\Diseases\Brown Spot\image504.jpg,Brown Spot,1
D:\CropDiseaseProject\sugarcane_large\Diseases\Banded Chlorosis\image403.jpg,Banded Chlorosis,0
D:\CropDiseaseProject\sugarcane_maharashtra\Yellow\yellow (39).jpeg,Yellow Leaf Disease,10
D:\CropDiseaseProject\sugarcane_large\Diseases\Brown Spot\image281.jpg,Brown Spot,1
D:\CropDiseaseProject\sugarcane_large\Diseases\Brown Spot\image305.jpg,Brown Spot,1
D:\CropDiseaseProject\sugarcane_large\Diseases\Sett Rot\Sett Rot076.jpg,Sett Rot,8
D:\CropDiseaseProject\sugarcane_maharashtra\Yellow\yellow (219).jpeg,Yellow Leaf Disease,10
D:\CropDiseaseProject\sugarcane_large\Diseases\Brown Spot\image565.jpg,Brown Spot,1
D:\CropDiseaseProject\sugarcane_large\Diseases\Brown Spot\image1570.jpg,Brown Spot,1
D:\CropDiseaseProject\sugarcane_large\Diseases\Banded Chlorosis\image087.jpg,Banded Chlorosis,0
D:\CropDiseaseProject\sugarcane_large\Diseases\smut\Smut130.jpg,Smut,9
D:\CropDiseaseProject\sugarcane_large\Diseases\Brown Spot\image858.jpg,Brown Spot,1
D:\CropDiseaseProject\sugarcane_large\Diseases\Yellow Leaf\Yellow Leaf958.jpg,Yellow Leaf Disease,10
D:\CropDiseaseProject\sugarcane_large\Diseases\Brown Spot\image1364.jpg,Brown Spot,1
D:\CropDiseaseProject\sugarcane_large\Healthy Leaves\image145.jpg,Healthy Leaves,3
D:\CropDiseaseProject\sugarcane_large\Diseases\Brown Spot\image1204.jpg,Brown Spot,1
D:\CropDiseaseProject\sugarcane_maharashtra\Yellow\yellow (245).jpeg,Yellow Leaf Disease,10
D:\CropDiseaseProject\sugarcane_maharashtra\Yellow\yellow (189).jpeg,Yellow Leaf Disease,10
D:\CropDiseaseProject\sugarcane_large\Diseases\Banded Chlorosis\image416.jpg,Banded Chlorosis,0
D:\CropDiseaseProject\sugarcane_large\Diseases\Brown Spot\image978.jpg,Brown Spot,1
D:\CropDiseaseProject\sugarcane_large\Diseases\smut\Smut110.jpg,Smut,9
D:\CropDiseaseProject\sugarcane_large\Diseases\Brown Spot\image571.jpg,Brown Spot,1
D:\CropDiseaseProject\sugarcane_maharashtra\Healthy\healthy (23).jpeg,Healthy Leaves,3
D:\CropDiseaseProject\sugarcane_large\Diseases\Yellow Leaf\Yellow Leaf259.jpg,Yellow Leaf Disease,10
D:\CropDiseaseProject\sugarcane_maharashtra\Mosaic\mosaic (64).jpeg,Mosaic / Viral Disease,4
D:\CropDiseaseProject\sugarcane_maharashtra\RedRot\redrot (469).jpeg,Red Rot,6
D:\CropDiseaseProject\sugarcane_maharashtra\Rust\rust (173).jpeg,Rust (Brown Rust),7
D:\CropDiseaseProject\sugarcane_large\Diseases\Yellow Leaf\Yellow Leaf799.jpg,Yellow Leaf Disease,10
D:\CropDiseaseProject\sugarcane_large\Diseases\Brown Spot\image172.jpg,Brown Spot,1
D:\CropDiseaseProject\sugarcane_large\Diseases\Sett Rot\Sett Rot297.jpg,Sett Rot,8
D:\CropDiseaseProject\sugarcane_large\Diseases\Brown Spot\image1484.jpg,Brown Spot,1
D:\CropDiseaseProject\sugarcane_large\Diseases\Yellow Leaf\Yellow Leaf309.jpg,Yellow Leaf Disease,10
D:\CropDiseaseProject\sugarcane_maharashtra\Healthy\healthy (400).jpeg,Healthy Leaves,3
D:\CropDiseaseProject\sugarcane_maharashtra\RedRot\redrot (342).jpeg,Red Rot,6
D:\CropDiseaseProject\sugarcane_large\Diseases\smut\Smut276.jpg,Smut,9
D:\CropDiseaseProject\sugarcane_large\Healthy Leaves\image078.jpg,Healthy Leaves,3
D:\CropDiseaseProject\sugarcane_large\Healthy Leaves\image353.jpg,Healthy Leaves,3
D:\CropDiseaseProject\sugarcane_maharashtra\Healthy\healthy (354).jpeg,Healthy Leaves,3
D:\CropDiseaseProject\sugarcane_maharashtra\RedRot\redrot (273).jpeg,Red Rot,6
D:\CropDiseaseProject\sugarcane_maharashtra\RedRot\redrot (21).jpeg,Red Rot,6
D:\CropDiseaseProject\sugarcane_large\Diseases\Yellow Leaf\Yellow Leaf322.jpg,Yellow Leaf Disease,10
D:\CropDiseaseProject\sugarcane_large\Diseases\Viral Disease\Viral Disease193.jpg,Mosaic / Viral Disease,4
D:\CropDiseaseProject\sugarcane_large\Diseases\Sett Rot\Sett Rot413.jpg,Sett Rot,8
D:\CropDiseaseProject\sugarcane_large\Diseases\Yellow Leaf\Yellow Leaf523.jpg,Yellow Leaf Disease,10
D:\CropDiseaseProject\sugarcane_maharashtra\Rust\rust (407).jpeg,Rust (Brown Rust),7
D:\CropDiseaseProject\sugarcane_large\Diseases\Brown Spot\image367.jpg,Brown Spot,1
D:\CropDiseaseProject\sugarcane_large\Diseases\Brown Spot\image1412.jpg,Brown Spot,1
D:\CropDiseaseProject\sugarcane_maharashtra\Rust\rust (53).jpeg,Rust (Brown Rust),7
D:\CropDiseaseProject\sugarcane_maharashtra\Mosaic\mosaic (376).jpeg,Mosaic / Viral Disease,4
D:\CropDiseaseProject\sugarcane_maharashtra\Yellow\yellow (402).jpeg,Yellow Leaf Disease,10
D:\CropDiseaseProject\sugarcane_large\Diseases\Viral Disease\Viral Disease536.jpg,Mosaic / Viral Disease,4
D:\CropDiseaseProject\sugarcane_large\Diseases\Banded Chlorosis\image326.jpg,Banded Chlorosis,0
D:\CropDiseaseProject\sugarcane_large\Diseases\Yellow Leaf\Yellow Leaf400.jpg,Yellow Leaf Disease,10
D:\CropDiseaseProject\sugarcane_large\Diseases\Brown Spot\image381.jpg,Brown Spot,1
D:\CropDiseaseProject\sugarcane_large\Healthy Leaves\image173.jpg,Healthy Leaves,3
D:\CropDiseaseProject\sugarcane_large\Diseases\Yellow Leaf\Yellow Leaf782.jpg,Yellow Leaf Disease,10
D:\CropDiseaseProject\sugarcane_maharashtra\Mosaic\mosaic (77).jpeg,Mosaic / Viral Disease,4
D:\CropDiseaseProject\sugarcane_large\Diseases\Sett Rot\Sett Rot330.jpg,Sett Rot,8
D:\CropDiseaseProject\sugarcane_large\Healthy Leaves\image103.jpg,Healthy Leaves,3
D:\CropDiseaseProject\sugarcane_large\Diseases\Yellow Leaf\Yellow Leaf905.jpg,Yellow Leaf Disease,10
D:\CropDiseaseProject\sugarcane_maharashtra\Healthy\healthy (108).jpeg,Healthy Leaves,3
D:\CropDiseaseProject\sugarcane_large\Healthy Leaves\image038.jpg,Healthy Leaves,3
D:\CropDiseaseProject\sugarcane_large\Diseases\Brown Spot\image986.jpg,Brown Spot,1
D:\CropDiseaseProject\sugarcane_large\Diseases\Yellow Leaf\Yellow Leaf648.jpg,Yellow Leaf Disease,10
D:\CropDiseaseProject\sugarcane_large\Diseases\Banded Chlorosis\image421.jpg,Banded Chlorosis,0
D:\CropDiseaseProject\sugarcane_large\Diseases\Yellow Leaf\Yellow Leaf870.jpg,Yellow Leaf Disease,10
D:\CropDiseaseProject\sugarcane_large\Diseases\Brown Spot\image358.jpg,Brown Spot,1
D:\CropDiseaseProject\sugarcane_large\Diseases\Yellow Leaf\Yellow Leaf923.jpg,Yellow Leaf Disease,10
D:\CropDiseaseProject\sugarcane_large\Diseases\Brown Spot\image867.jpg,Brown Spot,1
D:\CropDiseaseProject\sugarcane_large\Diseases\Grassy shoot\image088.jpg,Grassy Shoot,2
D:\CropDiseaseProject\sugarcane_large\Diseases\Pokkah Boeng\Pokkah Boeng230.jpg,Pokkah Boeng,5
D:\CropDiseaseProject\sugarcane_large\Diseases\Viral Disease\Viral Disease450.jpg,Mosaic / Viral Disease,4
D:\CropDiseaseProject\sugarcane_large\Diseases\Pokkah Boeng\Pokkah Boeng091.jpg,Pokkah Boeng,5
D:\CropDiseaseProject\sugarcane_large\Diseases\Grassy shoot\image218.jpg,Grassy Shoot,2
D:\CropDiseaseProject\sugarcane_large\Diseases\Yellow Leaf\Yellow Leaf470.jpg,Yellow Leaf Disease,10
D:\CropDiseaseProject\sugarcane_maharashtra\Rust\rust (5).jpeg,Rust (Brown Rust),7
D:\CropDiseaseProject\sugarcane_large\Diseases\Grassy shoot\image157.jpg,Grassy Shoot,2
D:\CropDiseaseProject\sugarcane_large\Diseases\Brown Spot\image205.jpg,Brown Spot,1
D:\CropDiseaseProject\sugarcane_maharashtra\Healthy\healthy (131).jpeg,Healthy Leaves,3
D:\CropDiseaseProject\sugarcane_maharashtra\Healthy\healthy (232).jpeg,Healthy Leaves,3
D:\CropDiseaseProject\sugarcane_maharashtra\Yellow\yellow (280).jpeg,Yellow Leaf Disease,10
D:\CropDiseaseProject\sugarcane_large\Diseases\Brown Spot\image787.jpg,Brown Spot,1
D:\CropDiseaseProject\sugarcane_large\Diseases\Sett Rot\Sett Rot366.jpg,Sett Rot,8
D:\CropDiseaseProject\sugarcane_large\Diseases\Yellow Leaf\Yellow Leaf503.jpg,Yellow Leaf Disease,10
D:\CropDiseaseProject\sugarcane_large\Diseases\Yellow Leaf\Yellow Leaf545.jpg,Yellow Leaf Disease,10
D:\CropDiseaseProject\sugarcane_large\Diseases\Yellow Leaf\Yellow Leaf1118.jpg,Yellow Leaf Disease,10
D:\CropDiseaseProject\sugarcane_large\Diseases\Brown Spot\image641.jpg,Brown Spot,1
D:\CropDiseaseProject\sugarcane_large\Diseases\Yellow Leaf\Yellow Leaf217.jpg,Yellow Leaf Disease,10
D:\CropDiseaseProject\sugarcane_large\Diseases\BrownRust\image288.jpg,Rust (Brown Rust),7
D:\CropDiseaseProject\sugarcane_large\Diseases\Viral Disease\Viral Disease351.jpg,Mosaic / Viral Disease,4
D:\CropDiseaseProject\sugarcane_large\Diseases\Brown Spot\image580.jpg,Brown Spot,1
D:\CropDiseaseProject\sugarcane_large\Healthy Leaves\image328.jpg,Healthy Leaves,3
D:\CropDiseaseProject\sugarcane_maharashtra\Yellow\yellow (152).jpeg,Yellow Leaf Disease,10
D:\CropDiseaseProject\sugarcane_maharashtra\Healthy\healthy (258).jpeg,Healthy Leaves,3
D:\CropDiseaseProject\sugarcane_large\Diseases\Pokkah Boeng\Pokkah Boeng288.jpg,Pokkah Boeng,5
D:\CropDiseaseProject\sugarcane_maharashtra\Healthy\healthy (282).jpeg,Healthy Leaves,3
D:\CropDiseaseProject\sugarcane_large\Diseases\smut\Smut030.jpg,Smut,9
D:\CropDiseaseProject\sugarcane_large\Diseases\Brown Spot\image850.jpg,Brown Spot,1
D:\CropDiseaseProject\sugarcane_large\Diseases\Sett Rot\Sett Rot548.jpg,Sett Rot,8
D:\CropDiseaseProject\sugarcane_large\Diseases\Sett Rot\Sett Rot214.jpg,Sett Rot,8
D:\CropDiseaseProject\sugarcane_maharashtra\RedRot\redrot (494).jpeg,Red Rot,6
D:\CropDiseaseProject\sugarcane_large\Diseases\Brown Spot\image1007.jpg,Brown Spot,1
D:\CropDiseaseProject\sugarcane_large\Diseases\Banded Chlorosis\image031.jpg,Banded Chlorosis,0
D:\CropDiseaseProject\sugarcane_large\Diseases\Sett Rot\Sett Rot622.jpg,Sett Rot,8
D:\CropDiseaseProject\sugarcane_large\Diseases\Pokkah Boeng\Pokkah Boeng168.jpg,Pokkah Boeng,5
D:\CropDiseaseProject\sugarcane_large\Diseases\Brown Spot\image337.jpg,Brown Spot,1
D:\CropDiseaseProject\sugarcane_large\Diseases\smut\Smut200.jpg,Smut,9
D:\CropDiseaseProject\sugarcane_maharashtra\Healthy\healthy (35).jpeg,Healthy Leaves,3
D:\CropDiseaseProject\sugarcane_maharashtra\Yellow\yellow (127).jpeg,Yellow Leaf Disease,10
D:\CropDiseaseProject\sugarcane_large\Diseases\Sett Rot\Sett Rot064.jpg,Sett Rot,8
D:\CropDiseaseProject\sugarcane_large\Diseases\Banded Chlorosis\image407.jpg,Banded Chlorosis,0
D:\CropDiseaseProject\sugarcane_large\Diseases\Yellow Leaf\Yellow Leaf609.jpg,Yellow Leaf Disease,10
D:\CropDiseaseProject\sugarcane_large\Diseases\Brown Spot\image1194.jpg,Brown Spot,1
D:\CropDiseaseProject\sugarcane_large\Diseases\BrownRust\image034.jpg,Rust (Brown Rust),7
D:\CropDiseaseProject\sugarcane_large\Diseases\Brown Spot\image060.jpg,Brown Spot,1
D:\CropDiseaseProject\sugarcane_large\Healthy Leaves\image400.jpg,Healthy Leaves,3
D:\CropDiseaseProject\sugarcane_large\Diseases\Sett Rot\Sett Rot296.jpg,Sett Rot,8
D:\CropDiseaseProject\sugarcane_large\Diseases\Grassy shoot\image107.jpg,Grassy Shoot,2
D:\CropDiseaseProject\sugarcane_large\Healthy Leaves\image132.jpg,Healthy Leaves,3
D:\CropDiseaseProject\sugarcane_large\Diseases\Viral Disease\Viral Disease485.jpg,Mosaic / Viral Disease,4
D:\CropDiseaseProject\sugarcane_large\Diseases\Brown Spot\image866.jpg,Brown Spot,1
D:\CropDiseaseProject\sugarcane_large\Diseases\Yellow Leaf\Yellow Leaf614.jpg,Yellow Leaf Disease,10
D:\CropDiseaseProject\sugarcane_large\Diseases\BrownRust\image212.jpg,Rust (Brown Rust),7
D:\CropDiseaseProject\sugarcane_large\Healthy Leaves\image253.jpg,Healthy Leaves,3
D:\CropDiseaseProject\sugarcane_maharashtra\Yellow\yellow (312).jpeg,Yellow Leaf Disease,10
D:\CropDiseaseProject\sugarcane_maharashtra\Mosaic\mosaic (135).jpeg,Mosaic / Viral Disease,4
D:\CropDiseaseProject\sugarcane_maharashtra\Rust\rust (49).jpeg,Rust (Brown Rust),7
D:\CropDiseaseProject\sugarcane_large\Diseases\Brown Spot\image1369.jpg,Brown Spot,1
D:\CropDiseaseProject\sugarcane_maharashtra\Yellow\yellow (142).jpeg,Yellow Leaf Disease,10
D:\CropDiseaseProject\sugarcane_large\Diseases\Yellow Leaf\Yellow Leaf746.jpg,Yellow Leaf Disease,10
D:\CropDiseaseProject\sugarcane_large\Diseases\Viral Disease\Viral Disease184.jpg,Mosaic / Viral Disease,4
D:\CropDiseaseProject\sugarcane_maharashtra\Healthy\healthy (64).jpeg,Healthy Leaves,3
D:\CropDiseaseProject\sugarcane_large\Diseases\Banded Chlorosis\image276.jpg,Banded Chlorosis,0
D:\CropDiseaseProject\sugarcane_large\Diseases\Yellow Leaf\Yellow Leaf1181.jpg,Yellow Leaf Disease,10
D:\CropDiseaseProject\sugarcane_large\Diseases\Brown Spot\image1386.jpg,Brown Spot,1
D:\CropDiseaseProject\sugarcane_large\Diseases\smut\Smut229.jpg,Smut,9
D:\CropDiseaseProject\sugarcane_large\Diseases\BrownRust\image018.jpg,Rust (Brown Rust),7
D:\CropDiseaseProject\sugarcane_maharashtra\Rust\rust (484).jpeg,Rust (Brown Rust),7
D:\CropDiseaseProject\sugarcane_large\Diseases\Sett Rot\Sett Rot370.jpg,Sett Rot,8
D:\CropDiseaseProject\sugarcane_large\Healthy Leaves\image306.jpg,Healthy Leaves,3
D:\CropDiseaseProject\sugarcane_large\Healthy Leaves\image392.jpg,Healthy Leaves,3
D:\CropDiseaseProject\sugarcane_maharashtra\Mosaic\mosaic (281).jpeg,Mosaic / Viral Disease,4
D:\CropDiseaseProject\sugarcane_large\Diseases\Brown Spot\image1709.jpg,Brown Spot,1
D:\CropDiseaseProject\sugarcane_maharashtra\RedRot\redrot (334).jpeg,Red Rot,6
D:\CropDiseaseProject\sugarcane_large\Diseases\smut\Smut128.jpg,Smut,9
D:\CropDiseaseProject\sugarcane_large\Diseases\Viral Disease\Viral Disease033.jpg,Mosaic / Viral Disease,4
D:\CropDiseaseProject\sugarcane_large\Diseases\Sett Rot\Sett Rot605.jpg,Sett Rot,8
D:\CropDiseaseProject\sugarcane_maharashtra\Healthy\healthy (508).jpeg,Healthy Leaves,3
D:\CropDiseaseProject\sugarcane_large\Diseases\Brown Spot\image1668.jpg,Brown Spot,1
D:\CropDiseaseProject\sugarcane_maharashtra\Rust\rust (406).jpeg,Rust (Brown Rust),7
D:\CropDiseaseProject\sugarcane_large\Diseases\Yellow Leaf\Yellow Leaf1147.jpg,Yellow Leaf Disease,10
D:\CropDiseaseProject\sugarcane_large\Diseases\Sett Rot\Sett Rot631.jpg,Sett Rot,8
D:\CropDiseaseProject\sugarcane_large\Diseases\Brown Spot\image435.jpg,Brown Spot,1
D:\CropDiseaseProject\sugarcane_large\Diseases\Brown Spot\image1154.jpg,Brown Spot,1
D:\CropDiseaseProject\sugarcane_large\Diseases\Yellow Leaf\Yellow Leaf804.jpg,Yellow Leaf Disease,10
D:\CropDiseaseProject\sugarcane_maharashtra\Yellow\yellow (424).jpeg,Yellow Leaf Disease,10
D:\CropDiseaseProject\sugarcane_large\Diseases\Yellow Leaf\Yellow Leaf084.jpg,Yellow Leaf Disease,10
D:\CropDiseaseProject\sugarcane_large\Diseases\Brown Spot\image599.jpg,Brown Spot,1
D:\CropDiseaseProject\sugarcane_large\Diseases\Yellow Leaf\Yellow Leaf1113.jpg,Yellow Leaf Disease,10
D:\CropDiseaseProject\sugarcane_large\Diseases\Sett Rot\Sett Rot229.jpg,Sett Rot,8
D:\CropDiseaseProject\sugarcane_maharashtra\Yellow\yellow (64).jpeg,Yellow Leaf Disease,10
D:\CropDiseaseProject\sugarcane_large\Diseases\Yellow Leaf\Yellow Leaf118.jpg,Yellow Leaf Disease,10
D:\CropDiseaseProject\sugarcane_maharashtra\Rust\rust (444).jpeg,Rust (Brown Rust),7
D:\CropDiseaseProject\sugarcane_maharashtra\RedRot\redrot (288).jpeg,Red Rot,6
D:\CropDiseaseProject\sugarcane_large\Diseases\Banded Chlorosis\image392.jpg,Banded Chlorosis,0
D:\CropDiseaseProject\sugarcane_maharashtra\Healthy\healthy (87).jpeg,Healthy Leaves,3
D:\CropDiseaseProject\sugarcane_large\Diseases\Yellow Leaf\Yellow Leaf350.jpg,Yellow Leaf Disease,10
D:\CropDiseaseProject\sugarcane_maharashtra\Rust\rust (169).jpeg,Rust (Brown Rust),7
D:\CropDiseaseProject\sugarcane_maharashtra\Healthy\healthy (121).jpeg,Healthy Leaves,3
D:\CropDiseaseProject\sugarcane_large\Diseases\Yellow Leaf\Yellow Leaf449.jpg,Yellow Leaf Disease,10
D:\CropDiseaseProject\sugarcane_large\Diseases\Brown Spot\image1716.jpg,Brown Spot,1
D:\CropDiseaseProject\sugarcane_large\Diseases\Pokkah Boeng\Pokkah Boeng108.jpg,Pokkah Boeng,5
D:\CropDiseaseProject\sugarcane_large\Diseases\Grassy shoot\image121.jpg,Grassy Shoot,2
D:\CropDiseaseProject\sugarcane_maharashtra\Rust\rust (160).jpeg,Rust (Brown Rust),7
D:\CropDiseaseProject\sugarcane_maharashtra\Mosaic\mosaic (134).jpeg,Mosaic / Viral Disease,4
D:\CropDiseaseProject\sugarcane_large\Diseases\Brown Spot\image146.jpg,Brown Spot,1
D:\CropDiseaseProject\sugarcane_large\Diseases\Sett Rot\Sett Rot039.jpg,Sett Rot,8
D:\CropDiseaseProject\sugarcane_large\Diseases\Yellow Leaf\Yellow Leaf280.jpg,Yellow Leaf Disease,10
D:\CropDiseaseProject\sugarcane_large\Diseases\Brown Spot\image356.jpg,Brown Spot,1
D:\CropDiseaseProject\sugarcane_large\Diseases\Brown Spot\image917.jpg,Brown Spot,1
D:\CropDiseaseProject\sugarcane_large\Diseases\Brown Spot\image1105.jpg,Brown Spot,1
D:\CropDiseaseProject\sugarcane_large\Diseases\smut\Smut264.jpg,Smut,9
D:\CropDiseaseProject\sugarcane_large\Diseases\Brown Spot\image975.jpg,Brown Spot,1
D:\CropDiseaseProject\sugarcane_large\Diseases\Pokkah Boeng\Pokkah Boeng217.jpg,Pokkah Boeng,5
D:\CropDiseaseProject\sugarcane_maharashtra\Mosaic\mosaic (414).jpeg,Mosaic / Viral Disease,4
D:\CropDiseaseProject\sugarcane_large\Diseases\Sett Rot\Sett Rot386.jpg,Sett Rot,8
D:\CropDiseaseProject\sugarcane_large\Diseases\BrownRust\image101.jpg,Rust (Brown Rust),7
D:\CropDiseaseProject\sugarcane_large\Diseases\Sett Rot\Sett Rot594.jpg,Sett Rot,8
D:\CropDiseaseProject\sugarcane_large\Diseases\Yellow Leaf\Yellow Leaf618.jpg,Yellow Leaf Disease,10
D:\CropDiseaseProject\sugarcane_large\Diseases\Viral Disease\Viral Disease171.jpg,Mosaic / Viral Disease,4
D:\CropDiseaseProject\sugarcane_large\Diseases\Grassy shoot\image098.jpg,Grassy Shoot,2
D:\CropDiseaseProject\sugarcane_maharashtra\Yellow\yellow (308).jpeg,Yellow Leaf Disease,10
D:\CropDiseaseProject\sugarcane_maharashtra\Healthy\healthy (369).jpeg,Healthy Leaves,3
D:\CropDiseaseProject\sugarcane_large\Diseases\Yellow Leaf\Yellow Leaf1016.jpg,Yellow Leaf Disease,10
D:\CropDiseaseProject\sugarcane_large\Diseases\Yellow Leaf\Yellow Leaf402.jpg,Yellow Leaf Disease,10
D:\CropDiseaseProject\sugarcane_maharashtra\Healthy\healthy (507).jpeg,Healthy Leaves,3
D:\CropDiseaseProject\sugarcane_large\Diseases\BrownRust\image217.jpg,Rust (Brown Rust),7
D:\CropDiseaseProject\sugarcane_maharashtra\Rust\rust (479).jpeg,Rust (Brown Rust),7
D:\CropDiseaseProject\sugarcane_large\Diseases\Brown Spot\image155.jpg,Brown Spot,1
D:\CropDiseaseProject\sugarcane_large\Diseases\Yellow Leaf\Yellow Leaf168.jpg,Yellow Leaf Disease,10
D:\CropDiseaseProject\sugarcane_large\Diseases\Brown Spot\image120.jpg,Brown Spot,1
D:\CropDiseaseProject\sugarcane_large\Diseases\Brown Spot\image1522.jpg,Brown Spot,1
D:\CropDiseaseProject\sugarcane_large\Diseases\Viral Disease\Viral Disease391.jpg,Mosaic / Viral Disease,4
D:\CropDiseaseProject\sugarcane_large\Diseases\Viral Disease\Viral Disease475.jpg,Mosaic / Viral Disease,4
D:\CropDiseaseProject\sugarcane_maharashtra\Healthy\healthy (149).jpeg,Healthy Leaves,3
D:\CropDiseaseProject\sugarcane_large\Healthy Leaves\image360.jpg,Healthy Leaves,3
D:\CropDiseaseProject\sugarcane_large\Diseases\Brown Spot\image1235.jpg,Brown Spot,1
D:\CropDiseaseProject\sugarcane_maharashtra\Yellow\yellow (448).jpeg,Yellow Leaf Disease,10
D:\CropDiseaseProject\sugarcane_large\Diseases\Grassy shoot\image050.jpg,Grassy Shoot,2
D:\CropDiseaseProject\sugarcane_large\Diseases\Brown Spot\image1319.jpg,Brown Spot,1
D:\CropDiseaseProject\sugarcane_large\Diseases\Brown Spot\image1597.jpg,Brown Spot,1
D:\CropDiseaseProject\sugarcane_maharashtra\RedRot\redrot (248).jpeg,Red Rot,6
D:\CropDiseaseProject\sugarcane_large\Diseases\Viral Disease\Viral Disease186.jpg,Mosaic / Viral Disease,4
D:\CropDiseaseProject\sugarcane_large\Diseases\Brown Spot\image1124.jpg,Brown Spot,1
D:\CropDiseaseProject\sugarcane_large\Diseases\Banded Chlorosis\image144.jpg,Banded Chlorosis,0
D:\CropDiseaseProject\sugarcane_large\Healthy Leaves\image148.jpg,Healthy Leaves,3
D:\CropDiseaseProject\sugarcane_large\Diseases\Brown Spot\image830.jpg,Brown Spot,1
D:\CropDiseaseProject\sugarcane_large\Diseases\Brown Spot\image683.jpg,Brown Spot,1
D:\CropDiseaseProject\sugarcane_maharashtra\Mosaic\mosaic (118).jpeg,Mosaic / Viral Disease,4
D:\CropDiseaseProject\sugarcane_large\Diseases\Yellow Leaf\Yellow Leaf670.jpg,Yellow Leaf Disease,10
D:\CropDiseaseProject\sugarcane_large\Diseases\Brown Spot\image616.jpg,Brown Spot,1
D:\CropDiseaseProject\sugarcane_maharashtra\RedRot\redrot (517).jpeg,Red Rot,6
D:\CropDiseaseProject\sugarcane_maharashtra\Mosaic\mosaic (71).jpeg,Mosaic / Viral Disease,4
D:\CropDiseaseProject\sugarcane_large\Diseases\BrownRust\image006.jpg,Rust (Brown Rust),7
D:\CropDiseaseProject\sugarcane_maharashtra\RedRot\redrot (214).jpeg,Red Rot,6
D:\CropDiseaseProject\sugarcane_large\Diseases\Brown Spot\image768.jpg,Brown Spot,1
D:\CropDiseaseProject\sugarcane_large\Diseases\Brown Spot\image128.jpg,Brown Spot,1
D:\CropDiseaseProject\sugarcane_large\Diseases\Yellow Leaf\Yellow Leaf104.jpg,Yellow Leaf Disease,10
D:\CropDiseaseProject\sugarcane_maharashtra\RedRot\redrot (498).jpeg,Red Rot,6
D:\CropDiseaseProject\sugarcane_large\Diseases\Banded Chlorosis\image358.jpg,Banded Chlorosis,0
D:\CropDiseaseProject\sugarcane_large\Diseases\BrownRust\image285.jpg,Rust (Brown Rust),7
D:\CropDiseaseProject\sugarcane_large\Diseases\Brown Spot\image406.jpg,Brown Spot,1
D:\CropDiseaseProject\sugarcane_large\Diseases\BrownRust\image046.jpg,Rust (Brown Rust),7
D:\CropDiseaseProject\sugarcane_large\Diseases\BrownRust\image166.jpg,Rust (Brown Rust),7
D:\CropDiseaseProject\sugarcane_large\Diseases\Brown Spot\image1321.jpg,Brown Spot,1
D:\CropDiseaseProject\sugarcane_maharashtra\Yellow\yellow (386).jpeg,Yellow Leaf Disease,10
D:\CropDiseaseProject\sugarcane_maharashtra\Yellow\yellow (61).jpeg,Yellow Leaf Disease,10
D:\CropDiseaseProject\sugarcane_maharashtra\Healthy\healthy (127).jpeg,Healthy Leaves,3
D:\CropDiseaseProject\sugarcane_large\Diseases\Pokkah Boeng\Pokkah Boeng087.jpg,Pokkah Boeng,5
D:\CropDiseaseProject\sugarcane_large\Diseases\Grassy shoot\image304.jpg,Grassy Shoot,2
D:\CropDiseaseProject\sugarcane_large\Diseases\Brown Spot\image1370.jpg,Brown Spot,1
D:\CropDiseaseProject\sugarcane_large\Healthy Leaves\image406.jpg,Healthy Leaves,3
D:\CropDiseaseProject\sugarcane_large\Diseases\Brown Spot\image798.jpg,Brown Spot,1
D:\CropDiseaseProject\sugarcane_large\Diseases\Pokkah Boeng\Pokkah Boeng135.jpg,Pokkah Boeng,5
D:\CropDiseaseProject\sugarcane_large\Diseases\Brown Spot\image905.jpg,Brown Spot,1
D:\CropDiseaseProject\sugarcane_large\Diseases\Viral Disease\Viral Disease599.jpg,Mosaic / Viral Disease,4
D:\CropDiseaseProject\sugarcane_large\Diseases\Brown Spot\image271.jpg,Brown Spot,1
D:\CropDiseaseProject\sugarcane_large\Diseases\Yellow Leaf\Yellow Leaf1158.jpg,Yellow Leaf Disease,10
D:\CropDiseaseProject\sugarcane_large\Healthy Leaves\image255.jpg,Healthy Leaves,3
D:\CropDiseaseProject\sugarcane_large\Diseases\Brown Spot\image533.jpg,Brown Spot,1
D:\CropDiseaseProject\sugarcane_maharashtra\Mosaic\mosaic (307).jpeg,Mosaic / Viral Disease,4
D:\CropDiseaseProject\sugarcane_maharashtra\Mosaic\mosaic (295).jpeg,Mosaic / Viral Disease,4
D:\CropDiseaseProject\sugarcane_large\Healthy Leaves\image163.jpg,Healthy Leaves,3
D:\CropDiseaseProject\sugarcane_large\Healthy Leaves\image398.jpg,Healthy Leaves,3
D:\CropDiseaseProject\sugarcane_maharashtra\Mosaic\mosaic (242).jpeg,Mosaic / Viral Disease,4
D:\CropDiseaseProject\sugarcane_large\Diseases\Yellow Leaf\Yellow Leaf510.jpg,Yellow Leaf Disease,10
D:\CropDiseaseProject\sugarcane_large\Diseases\Yellow Leaf\Yellow Leaf987.jpg,Yellow Leaf Disease,10
D:\CropDiseaseProject\sugarcane_maharashtra\RedRot\redrot (70).jpeg,Red Rot,6
D:\CropDiseaseProject\sugarcane_maharashtra\Mosaic\mosaic (49).jpeg,Mosaic / Viral Disease,4
D:\CropDiseaseProject\sugarcane_large\Diseases\Yellow Leaf\Yellow Leaf1049.jpg,Yellow Leaf Disease,10
D:\CropDiseaseProject\sugarcane_large\Diseases\Brown Spot\image329.jpg,Brown Spot,1
D:\CropDiseaseProject\sugarcane_large\Diseases\Viral Disease\Viral Disease290.jpg,Mosaic / Viral Disease,4
D:\CropDiseaseProject\sugarcane_large\Diseases\Sett Rot\Sett Rot168.jpg,Sett Rot,8
D:\CropDiseaseProject\sugarcane_maharashtra\Healthy\healthy (150).jpeg,Healthy Leaves,3
D:\CropDiseaseProject\sugarcane_large\Diseases\smut\Smut100.jpg,Smut,9
D:\CropDiseaseProject\sugarcane_maharashtra\Mosaic\mosaic (256).jpeg,Mosaic / Viral Disease,4
D:\CropDiseaseProject\sugarcane_large\Diseases\Yellow Leaf\Yellow Leaf1090.jpg,Yellow Leaf Disease,10
D:\CropDiseaseProject\sugarcane_large\Healthy Leaves\image203.jpg,Healthy Leaves,3
D:\CropDiseaseProject\sugarcane_large\Diseases\smut\Smut167.jpg,Smut,9
D:\CropDiseaseProject\sugarcane_maharashtra\RedRot\redrot (162).jpeg,Red Rot,6
D:\CropDiseaseProject\sugarcane_large\Diseases\smut\Smut162.jpg,Smut,9
D:\CropDiseaseProject\sugarcane_large\Diseases\Brown Spot\image250.jpg,Brown Spot,1
D:\CropDiseaseProject\sugarcane_large\Diseases\Yellow Leaf\Yellow Leaf809.jpg,Yellow Leaf Disease,10
D:\CropDiseaseProject\sugarcane_large\Healthy Leaves\image134.jpg,Healthy Leaves,3
D:\CropDiseaseProject\sugarcane_large\Diseases\Brown Spot\image454.jpg,Brown Spot,1
D:\CropDiseaseProject\sugarcane_large\Diseases\smut\Smut106.jpg,Smut,9
D:\CropDiseaseProject\sugarcane_large\Diseases\Pokkah Boeng\Pokkah Boeng144.jpg,Pokkah Boeng,5
D:\CropDiseaseProject\sugarcane_maharashtra\RedRot\redrot (289).jpeg,Red Rot,6
D:\CropDiseaseProject\sugarcane_large\Diseases\Brown Spot\image238.jpg,Brown Spot,1
D:\CropDiseaseProject\sugarcane_large\Diseases\Viral Disease\Viral Disease143.jpg,Mosaic / Viral Disease,4
D:\CropDiseaseProject\sugarcane_large\Diseases\Yellow Leaf\Yellow Leaf016.jpg,Yellow Leaf Disease,10
D:\CropDiseaseProject\sugarcane_maharashtra\Yellow\yellow (361).jpeg,Yellow Leaf Disease,10
D:\CropDiseaseProject\sugarcane_large\Diseases\Brown Spot\image1246.jpg,Brown Spot,1
D:\CropDiseaseProject\sugarcane_maharashtra\Yellow\yellow (208).jpeg,Yellow Leaf Disease,10
D:\CropDiseaseProject\sugarcane_large\Diseases\Sett Rot\Sett Rot476.jpg,Sett Rot,8
D:\CropDiseaseProject\sugarcane_large\Diseases\Yellow Leaf\Yellow Leaf774.jpg,Yellow Leaf Disease,10
D:\CropDiseaseProject\sugarcane_maharashtra\Healthy\healthy (482).jpeg,Healthy Leaves,3
D:\CropDiseaseProject\sugarcane_maharashtra\Yellow\yellow (320).jpeg,Yellow Leaf Disease,10
D:\CropDiseaseProject\sugarcane_large\Diseases\BrownRust\image132.jpg,Rust (Brown Rust),7
D:\CropDiseaseProject\sugarcane_maharashtra\Mosaic\mosaic (24).jpeg,Mosaic / Viral Disease,4
D:\CropDiseaseProject\sugarcane_large\Diseases\Yellow Leaf\Yellow Leaf735.jpg,Yellow Leaf Disease,10
D:\CropDiseaseProject\sugarcane_large\Diseases\Sett Rot\Sett Rot478.jpg,Sett Rot,8
D:\CropDiseaseProject\sugarcane_large\Diseases\Yellow Leaf\Yellow Leaf666.jpg,Yellow Leaf Disease,10
D:\CropDiseaseProject\sugarcane_maharashtra\Healthy\healthy (42).jpeg,Healthy Leaves,3
D:\CropDiseaseProject\sugarcane_large\Diseases\Brown Spot\image1451.jpg,Brown Spot,1
D:\CropDiseaseProject\sugarcane_large\Diseases\Banded Chlorosis\image148.jpg,Banded Chlorosis,0
D:\CropDiseaseProject\sugarcane_large\Diseases\Viral Disease\Viral Disease382.jpg,Mosaic / Viral Disease,4
D:\CropDiseaseProject\sugarcane_large\Diseases\Yellow Leaf\Yellow Leaf520.jpg,Yellow Leaf Disease,10
D:\CropDiseaseProject\sugarcane_maharashtra\Rust\rust (270).jpeg,Rust (Brown Rust),7
D:\CropDiseaseProject\sugarcane_large\Diseases\Banded Chlorosis\image413.jpg,Banded Chlorosis,0
D:\CropDiseaseProject\sugarcane_large\Diseases\Brown Spot\image263.jpg,Brown Spot,1
D:\CropDiseaseProject\sugarcane_large\Diseases\Yellow Leaf\Yellow Leaf201.jpg,Yellow Leaf Disease,10
D:\CropDiseaseProject\sugarcane_large\Diseases\Brown Spot\image645.jpg,Brown Spot,1
D:\CropDiseaseProject\sugarcane_maharashtra\Rust\rust (337).jpeg,Rust (Brown Rust),7
D:\CropDiseaseProject\sugarcane_maharashtra\Healthy\healthy (134).jpeg,Healthy Leaves,3
D:\CropDiseaseProject\sugarcane_large\Diseases\Viral Disease\Viral Disease538.jpg,Mosaic / Viral Disease,4
D:\CropDiseaseProject\sugarcane_maharashtra\Rust\rust (159).jpeg,Rust (Brown Rust),7
D:\CropDiseaseProject\sugarcane_large\Diseases\BrownRust\image206.jpg,Rust (Brown Rust),7
D:\CropDiseaseProject\sugarcane_large\Diseases\Sett Rot\Sett Rot116.jpg,Sett Rot,8
D:\CropDiseaseProject\sugarcane_maharashtra\Mosaic\mosaic (177).jpeg,Mosaic / Viral Disease,4
D:\CropDiseaseProject\sugarcane_large\Diseases\Grassy shoot\image272.jpg,Grassy Shoot,2
D:\CropDiseaseProject\sugarcane_large\Diseases\Viral Disease\Viral Disease028.jpg,Mosaic / Viral Disease,4
D:\CropDiseaseProject\sugarcane_large\Diseases\Grassy shoot\image054.jpg,Grassy Shoot,2
D:\CropDiseaseProject\sugarcane_large\Diseases\Brown Spot\image383.jpg,Brown Spot,1
D:\CropDiseaseProject\sugarcane_large\Diseases\Brown Spot\image932.jpg,Brown Spot,1
D:\CropDiseaseProject\sugarcane_large\Diseases\Brown Spot\image875.jpg,Brown Spot,1
D:\CropDiseaseProject\sugarcane_maharashtra\Healthy\healthy (29).jpeg,Healthy Leaves,3
D:\CropDiseaseProject\sugarcane_large\Diseases\Pokkah Boeng\Pokkah Boeng209.jpg,Pokkah Boeng,5
D:\CropDiseaseProject\sugarcane_maharashtra\RedRot\redrot (151).jpeg,Red Rot,6
D:\CropDiseaseProject\sugarcane_large\Diseases\Viral Disease\Viral Disease075.jpg,Mosaic / Viral Disease,4
D:\CropDiseaseProject\sugarcane_maharashtra\Yellow\yellow (222).jpeg,Yellow Leaf Disease,10
D:\CropDiseaseProject\sugarcane_large\Diseases\Pokkah Boeng\Pokkah Boeng142.jpg,Pokkah Boeng,5
D:\CropDiseaseProject\sugarcane_large\Diseases\Brown Spot\image1015.jpg,Brown Spot,1
D:\CropDiseaseProject\sugarcane_maharashtra\Yellow\yellow (32).jpeg,Yellow Leaf Disease,10
D:\CropDiseaseProject\sugarcane_large\Diseases\Sett Rot\Sett Rot213.jpg,Sett Rot,8
D:\CropDiseaseProject\sugarcane_large\Diseases\Pokkah Boeng\Pokkah Boeng134.jpg,Pokkah Boeng,5
D:\CropDiseaseProject\sugarcane_large\Diseases\Brown Spot\image014.jpg,Brown Spot,1
D:\CropDiseaseProject\sugarcane_large\Diseases\Sett Rot\Sett Rot374.jpg,Sett Rot,8
D:\CropDiseaseProject\sugarcane_maharashtra\RedRot\redrot (249).jpeg,Red Rot,6
D:\CropDiseaseProject\sugarcane_large\Diseases\Sett Rot\Sett Rot072.jpg,Sett Rot,8
D:\CropDiseaseProject\sugarcane_large\Diseases\Grassy shoot\image322.jpg,Grassy Shoot,2
D:\CropDiseaseProject\sugarcane_large\Diseases\Yellow Leaf\Yellow Leaf352.jpg,Yellow Leaf Disease,10
D:\CropDiseaseProject\sugarcane_maharashtra\Yellow\yellow (341).jpeg,Yellow Leaf Disease,10
D:\CropDiseaseProject\sugarcane_large\Diseases\Brown Spot\image1546.jpg,Brown Spot,1
D:\CropDiseaseProject\sugarcane_large\Diseases\Viral Disease\Viral Disease395.jpg,Mosaic / Viral Disease,4
D:\CropDiseaseProject\sugarcane_large\Diseases\Sett Rot\Sett Rot637.jpg,Sett Rot,8
D:\CropDiseaseProject\sugarcane_large\Diseases\Brown Spot\image338.jpg,Brown Spot,1
D:\CropDiseaseProject\sugarcane_maharashtra\Healthy\healthy (165).jpeg,Healthy Leaves,3
D:\CropDiseaseProject\sugarcane_maharashtra\Yellow\yellow (28).jpeg,Yellow Leaf Disease,10
D:\CropDiseaseProject\sugarcane_large\Diseases\smut\Smut132.jpg,Smut,9
D:\CropDiseaseProject\sugarcane_large\Diseases\Grassy shoot\image312.jpg,Grassy Shoot,2
D:\CropDiseaseProject\sugarcane_large\Diseases\Brown Spot\image861.jpg,Brown Spot,1
D:\CropDiseaseProject\sugarcane_large\Diseases\Yellow Leaf\Yellow Leaf742.jpg,Yellow Leaf Disease,10
D:\CropDiseaseProject\sugarcane_large\Diseases\BrownRust\image235.jpg,Rust (Brown Rust),7
D:\CropDiseaseProject\sugarcane_large\Diseases\Viral Disease\Viral Disease545.jpg,Mosaic / Viral Disease,4
D:\CropDiseaseProject\sugarcane_large\Diseases\Brown Spot\image1448.jpg,Brown Spot,1
D:\CropDiseaseProject\sugarcane_large\Diseases\Sett Rot\Sett Rot063.jpg,Sett Rot,8
D:\CropDiseaseProject\sugarcane_large\Diseases\Viral Disease\Viral Disease534.jpg,Mosaic / Viral Disease,4
D:\CropDiseaseProject\sugarcane_large\Diseases\Viral Disease\Viral Disease486.jpg,Mosaic / Viral Disease,4
D:\CropDiseaseProject\sugarcane_large\Diseases\BrownRust\image052.jpg,Rust (Brown Rust),7
D:\CropDiseaseProject\sugarcane_large\Diseases\BrownRust\image250.jpg,Rust (Brown Rust),7
D:\CropDiseaseProject\sugarcane_maharashtra\Rust\rust (207).jpeg,Rust (Brown Rust),7
D:\CropDiseaseProject\sugarcane_large\Diseases\Yellow Leaf\Yellow Leaf157.jpg,Yellow Leaf Disease,10
D:\CropDiseaseProject\sugarcane_large\Diseases\Viral Disease\Viral Disease016.jpg,Mosaic / Viral Disease,4
D:\CropDiseaseProject\sugarcane_large\Diseases\Brown Spot\image1250.jpg,Brown Spot,1
D:\CropDiseaseProject\sugarcane_large\Diseases\Sett Rot\Sett Rot220.jpg,Sett Rot,8
D:\CropDiseaseProject\sugarcane_maharashtra\Mosaic\mosaic (66).jpeg,Mosaic / Viral Disease,4
D:\CropDiseaseProject\sugarcane_large\Diseases\Viral Disease\Viral Disease177.jpg,Mosaic / Viral Disease,4
D:\CropDiseaseProject\sugarcane_large\Diseases\BrownRust\image309.jpg,Rust (Brown Rust),7
D:\CropDiseaseProject\sugarcane_large\Diseases\Brown Spot\image209.jpg,Brown Spot,1
D:\CropDiseaseProject\sugarcane_large\Diseases\Viral Disease\Viral Disease354.jpg,Mosaic / Viral Disease,4
D:\CropDiseaseProject\sugarcane_large\Diseases\smut\Smut194.jpg,Smut,9
D:\CropDiseaseProject\sugarcane_maharashtra\Healthy\healthy (371).jpeg,Healthy Leaves,3
D:\CropDiseaseProject\sugarcane_large\Diseases\Brown Spot\image788.jpg,Brown Spot,1
D:\CropDiseaseProject\sugarcane_large\Diseases\Banded Chlorosis\image282.jpg,Banded Chlorosis,0
D:\CropDiseaseProject\sugarcane_large\Diseases\Banded Chlorosis\image184.jpg,Banded Chlorosis,0
D:\CropDiseaseProject\sugarcane_large\Diseases\Sett Rot\Sett Rot005.jpg,Sett Rot,8
D:\CropDiseaseProject\sugarcane_maharashtra\Mosaic\mosaic (178).jpeg,Mosaic / Viral Disease,4
D:\CropDiseaseProject\sugarcane_large\Diseases\Brown Spot\image1033.jpg,Brown Spot,1
D:\CropDiseaseProject\sugarcane_large\Diseases\Brown Spot\image1134.jpg,Brown Spot,1
D:\CropDiseaseProject\sugarcane_large\Diseases\Brown Spot\image782.jpg,Brown Spot,1
D:\CropDiseaseProject\sugarcane_large\Diseases\Brown Spot\image638.jpg,Brown Spot,1
D:\CropDiseaseProject\sugarcane_large\Diseases\Brown Spot\image394.jpg,Brown Spot,1
D:\CropDiseaseProject\sugarcane_large\Diseases\Brown Spot\image761.jpg,Brown Spot,1
D:\CropDiseaseProject\sugarcane_maharashtra\RedRot\redrot (2).jpeg,Red Rot,6
D:\CropDiseaseProject\sugarcane_large\Diseases\Brown Spot\image1139.jpg,Brown Spot,1
D:\CropDiseaseProject\sugarcane_large\Diseases\Viral Disease\Viral Disease180.jpg,Mosaic / Viral Disease,4
D:\CropDiseaseProject\sugarcane_large\Diseases\Viral Disease\Viral Disease261.jpg,Mosaic / Viral Disease,4
D:\CropDiseaseProject\sugarcane_maharashtra\Rust\rust (456).jpeg,Rust (Brown Rust),7
D:\CropDiseaseProject\sugarcane_maharashtra\RedRot\redrot (384).jpeg,Red Rot,6
D:\CropDiseaseProject\sugarcane_maharashtra\Healthy\healthy (277).jpeg,Healthy Leaves,3
D:\CropDiseaseProject\sugarcane_large\Diseases\Brown Spot\image1492.jpg,Brown Spot,1
D:\CropDiseaseProject\sugarcane_large\Diseases\Brown Spot\image765.jpg,Brown Spot,1
D:\CropDiseaseProject\sugarcane_large\Diseases\Brown Spot\image1088.jpg,Brown Spot,1
D:\CropDiseaseProject\sugarcane_large\Diseases\smut\Smut101.jpg,Smut,9
D:\CropDiseaseProject\sugarcane_maharashtra\Rust\rust (28).jpeg,Rust (Brown Rust),7
D:\CropDiseaseProject\sugarcane_large\Diseases\Brown Spot\image1205.jpg,Brown Spot,1
D:\CropDiseaseProject\sugarcane_large\Diseases\Yellow Leaf\Yellow Leaf1097.jpg,Yellow Leaf Disease,10
D:\CropDiseaseProject\sugarcane_large\Diseases\Banded Chlorosis\image140.jpg,Banded Chlorosis,0
D:\CropDiseaseProject\sugarcane_large\Diseases\smut\Smut049.jpg,Smut,9
D:\CropDiseaseProject\sugarcane_large\Healthy Leaves\image106.jpg,Healthy Leaves,3
D:\CropDiseaseProject\sugarcane_maharashtra\Mosaic\mosaic (442).jpeg,Mosaic / Viral Disease,4
D:\CropDiseaseProject\sugarcane_maharashtra\Rust\rust (366).jpeg,Rust (Brown Rust),7
D:\CropDiseaseProject\sugarcane_maharashtra\Healthy\healthy (476).jpeg,Healthy Leaves,3
D:\CropDiseaseProject\sugarcane_large\Diseases\Brown Spot\image1149.jpg,Brown Spot,1
D:\CropDiseaseProject\sugarcane_large\Diseases\Brown Spot\image1525.jpg,Brown Spot,1
D:\CropDiseaseProject\sugarcane_maharashtra\Yellow\yellow (17).jpeg,Yellow Leaf Disease,10
D:\CropDiseaseProject\sugarcane_large\Diseases\Yellow Leaf\Yellow Leaf940.jpg,Yellow Leaf Disease,10
D:\CropDiseaseProject\sugarcane_large\Diseases\Brown Spot\image1183.jpg,Brown Spot,1
D:\CropDiseaseProject\sugarcane_maharashtra\Mosaic\mosaic (9).jpeg,Mosaic / Viral Disease,4
D:\CropDiseaseProject\sugarcane_maharashtra\Rust\rust (150).jpeg,Rust (Brown Rust),7
D:\CropDiseaseProject\sugarcane_large\Diseases\Brown Spot\image657.jpg,Brown Spot,1
D:\CropDiseaseProject\sugarcane_large\Diseases\Grassy shoot\image338.jpg,Grassy Shoot,2
D:\CropDiseaseProject\sugarcane_large\Diseases\Viral Disease\Viral Disease399.jpg,Mosaic / Viral Disease,4
D:\CropDiseaseProject\sugarcane_large\Diseases\Brown Spot\image1242.jpg,Brown Spot,1
D:\CropDiseaseProject\sugarcane_maharashtra\RedRot\redrot (216).jpeg,Red Rot,6
D:\CropDiseaseProject\sugarcane_large\Diseases\Viral Disease\Viral Disease246.jpg,Mosaic / Viral Disease,4
D:\CropDiseaseProject\sugarcane_large\Diseases\Viral Disease\Viral Disease183.jpg,Mosaic / Viral Disease,4
D:\CropDiseaseProject\sugarcane_large\Diseases\Yellow Leaf\Yellow Leaf409.jpg,Yellow Leaf Disease,10
D:\CropDiseaseProject\sugarcane_large\Diseases\Brown Spot\image1555.jpg,Brown Spot,1
D:\CropDiseaseProject\sugarcane_large\Diseases\Viral Disease\Viral Disease571.jpg,Mosaic / Viral Disease,4
D:\CropDiseaseProject\sugarcane_large\Healthy Leaves\image280.jpg,Healthy Leaves,3
D:\CropDiseaseProject\sugarcane_large\Diseases\BrownRust\image031.jpg,Rust (Brown Rust),7
D:\CropDiseaseProject\sugarcane_large\Diseases\Brown Spot\image1178.jpg,Brown Spot,1
D:\CropDiseaseProject\sugarcane_large\Diseases\Viral Disease\Viral Disease317.jpg,Mosaic / Viral Disease,4
D:\CropDiseaseProject\sugarcane_large\Diseases\Yellow Leaf\Yellow Leaf102.jpg,Yellow Leaf Disease,10
D:\CropDiseaseProject\sugarcane_large\Diseases\Sett Rot\Sett Rot152.jpg,Sett Rot,8
D:\CropDiseaseProject\sugarcane_large\Diseases\Sett Rot\Sett Rot106.jpg,Sett Rot,8
D:\CropDiseaseProject\sugarcane_large\Diseases\Yellow Leaf\Yellow Leaf009.jpg,Yellow Leaf Disease,10
D:\CropDiseaseProject\sugarcane_maharashtra\Yellow\yellow (111).jpeg,Yellow Leaf Disease,10
D:\CropDiseaseProject\sugarcane_large\Diseases\smut\Smut251.jpg,Smut,9
D:\CropDiseaseProject\sugarcane_large\Diseases\smut\Smut307.jpg,Smut,9
D:\CropDiseaseProject\sugarcane_maharashtra\Mosaic\mosaic (368).jpeg,Mosaic / Viral Disease,4
D:\CropDiseaseProject\sugarcane_large\Diseases\Pokkah Boeng\Pokkah Boeng158.jpg,Pokkah Boeng,5
D:\CropDiseaseProject\sugarcane_large\Diseases\Pokkah Boeng\Pokkah Boeng273.jpg,Pokkah Boeng,5
D:\CropDiseaseProject\sugarcane_large\Diseases\Pokkah Boeng\Pokkah Boeng279.jpg,Pokkah Boeng,5
D:\CropDiseaseProject\sugarcane_large\Diseases\Yellow Leaf\Yellow Leaf1092.jpg,Yellow Leaf Disease,10
D:\CropDiseaseProject\sugarcane_large\Diseases\Brown Spot\image350.jpg,Brown Spot,1
D:\CropDiseaseProject\sugarcane_large\Diseases\Brown Spot\image1058.jpg,Brown Spot,1
D:\CropDiseaseProject\sugarcane_maharashtra\Rust\rust (264).jpeg,Rust (Brown Rust),7
D:\CropDiseaseProject\sugarcane_large\Diseases\Banded Chlorosis\image224.jpg,Banded Chlorosis,0
D:\CropDiseaseProject\sugarcane_maharashtra\Healthy\healthy (136).jpeg,Healthy Leaves,3
D:\CropDiseaseProject\sugarcane_large\Diseases\Grassy shoot\image013.jpg,Grassy Shoot,2
D:\CropDiseaseProject\sugarcane_maharashtra\Yellow\yellow (315).jpeg,Yellow Leaf Disease,10
D:\CropDiseaseProject\sugarcane_large\Diseases\Viral Disease\Viral Disease625.jpg,Mosaic / Viral Disease,4
D:\CropDiseaseProject\sugarcane_large\Diseases\Viral Disease\Viral Disease428.jpg,Mosaic / Viral Disease,4
D:\CropDiseaseProject\sugarcane_maharashtra\Yellow\yellow (2).jpeg,Yellow Leaf Disease,10
D:\CropDiseaseProject\sugarcane_large\Diseases\Brown Spot\image163.jpg,Brown Spot,1
D:\CropDiseaseProject\sugarcane_large\Diseases\Viral Disease\Viral Disease429.jpg,Mosaic / Viral Disease,4
D:\CropDiseaseProject\sugarcane_large\Diseases\Brown Spot\image894.jpg,Brown Spot,1
D:\CropDiseaseProject\sugarcane_large\Diseases\Yellow Leaf\Yellow Leaf801.jpg,Yellow Leaf Disease,10
D:\CropDiseaseProject\sugarcane_large\Diseases\Sett Rot\Sett Rot289.jpg,Sett Rot,8
D:\CropDiseaseProject\sugarcane_large\Diseases\Brown Spot\image870.jpg,Brown Spot,1
D:\CropDiseaseProject\sugarcane_maharashtra\Mosaic\mosaic (108).jpeg,Mosaic / Viral Disease,4
D:\CropDiseaseProject\sugarcane_maharashtra\Yellow\yellow (433).jpeg,Yellow Leaf Disease,10
D:\CropDiseaseProject\sugarcane_large\Diseases\Viral Disease\Viral Disease181.jpg,Mosaic / Viral Disease,4
D:\CropDiseaseProject\sugarcane_large\Diseases\Grassy shoot\image208.jpg,Grassy Shoot,2
D:\CropDiseaseProject\sugarcane_maharashtra\Yellow\yellow (266).jpeg,Yellow Leaf Disease,10
D:\CropDiseaseProject\sugarcane_maharashtra\Yellow\yellow (349).jpeg,Yellow Leaf Disease,10
D:\CropDiseaseProject\sugarcane_large\Diseases\Brown Spot\image1102.jpg,Brown Spot,1
D:\CropDiseaseProject\sugarcane_large\Diseases\Brown Spot\image915.jpg,Brown Spot,1
D:\CropDiseaseProject\sugarcane_maharashtra\Rust\rust (180).jpeg,Rust (Brown Rust),7
D:\CropDiseaseProject\sugarcane_large\Diseases\BrownRust\image055.jpg,Rust (Brown Rust),7
D:\CropDiseaseProject\sugarcane_maharashtra\Yellow\yellow (276).jpeg,Yellow Leaf Disease,10
D:\CropDiseaseProject\sugarcane_large\Diseases\Banded Chlorosis\image333.jpg,Banded Chlorosis,0
D:\CropDiseaseProject\sugarcane_large\Diseases\Brown Spot\image501.jpg,Brown Spot,1
D:\CropDiseaseProject\sugarcane_maharashtra\RedRot\redrot (343).jpeg,Red Rot,6
D:\CropDiseaseProject\sugarcane_large\Diseases\Grassy shoot\image137.jpg,Grassy Shoot,2
D:\CropDiseaseProject\sugarcane_large\Diseases\Yellow Leaf\Yellow Leaf646.jpg,Yellow Leaf Disease,10
D:\CropDiseaseProject\sugarcane_large\Diseases\BrownRust\image122.jpg,Rust (Brown Rust),7
D:\CropDiseaseProject\sugarcane_large\Diseases\Viral Disease\Viral Disease307.jpg,Mosaic / Viral Disease,4
D:\CropDiseaseProject\sugarcane_large\Diseases\Sett Rot\Sett Rot199.jpg,Sett Rot,8
D:\CropDiseaseProject\sugarcane_maharashtra\RedRot\redrot (335).jpeg,Red Rot,6
D:\CropDiseaseProject\sugarcane_maharashtra\Yellow\yellow (15).jpeg,Yellow Leaf Disease,10
D:\CropDiseaseProject\sugarcane_large\Diseases\Yellow Leaf\Yellow Leaf516.jpg,Yellow Leaf Disease,10
D:\CropDiseaseProject\sugarcane_large\Diseases\Grassy shoot\image004.jpg,Grassy Shoot,2
D:\CropDiseaseProject\sugarcane_large\Diseases\Brown Spot\image747.jpg,Brown Spot,1
D:\CropDiseaseProject\sugarcane_large\Diseases\Brown Spot\image336.jpg,Brown Spot,1
D:\CropDiseaseProject\sugarcane_maharashtra\Rust\rust (210).jpeg,Rust (Brown Rust),7
D:\CropDiseaseProject\sugarcane_large\Diseases\smut\Smut143.jpg,Smut,9
D:\CropDiseaseProject\sugarcane_maharashtra\Yellow\yellow (123).jpeg,Yellow Leaf Disease,10
D:\CropDiseaseProject\sugarcane_large\Diseases\Yellow Leaf\Yellow Leaf937.jpg,Yellow Leaf Disease,10
D:\CropDiseaseProject\sugarcane_large\Diseases\Pokkah Boeng\Pokkah Boeng055.jpg,Pokkah Boeng,5
D:\CropDiseaseProject\sugarcane_large\Diseases\Brown Spot\image1005.jpg,Brown Spot,1
D:\CropDiseaseProject\sugarcane_large\Diseases\Sett Rot\Sett Rot103.jpg,Sett Rot,8
D:\CropDiseaseProject\sugarcane_maharashtra\Healthy\healthy (455).jpeg,Healthy Leaves,3
D:\CropDiseaseProject\sugarcane_large\Diseases\Brown Spot\image1297.jpg,Brown Spot,1
D:\CropDiseaseProject\sugarcane_large\Diseases\Banded Chlorosis\image185.jpg,Banded Chlorosis,0
D:\CropDiseaseProject\sugarcane_maharashtra\Healthy\healthy (319).jpeg,Healthy Leaves,3
D:\CropDiseaseProject\sugarcane_maharashtra\RedRot\redrot (71).jpeg,Red Rot,6
D:\CropDiseaseProject\sugarcane_large\Diseases\Pokkah Boeng\Pokkah Boeng274.jpg,Pokkah Boeng,5
D:\CropDiseaseProject\sugarcane_large\Diseases\Sett Rot\Sett Rot647.jpg,Sett Rot,8
D:\CropDiseaseProject\sugarcane_large\Diseases\Yellow Leaf\Yellow Leaf1122.jpg,Yellow Leaf Disease,10
D:\CropDiseaseProject\sugarcane_large\Diseases\Yellow Leaf\Yellow Leaf372.jpg,Yellow Leaf Disease,10
D:\CropDiseaseProject\sugarcane_maharashtra\Healthy\healthy (145).jpeg,Healthy Leaves,3
D:\CropDiseaseProject\sugarcane_large\Diseases\Banded Chlorosis\image418.jpg,Banded Chlorosis,0
D:\CropDiseaseProject\sugarcane_large\Diseases\Grassy shoot\image056.jpg,Grassy Shoot,2
D:\CropDiseaseProject\sugarcane_maharashtra\RedRot\redrot (447).jpeg,Red Rot,6
D:\CropDiseaseProject\sugarcane_large\Diseases\Yellow Leaf\Yellow Leaf729.jpg,Yellow Leaf Disease,10
D:\CropDiseaseProject\sugarcane_large\Diseases\Brown Spot\image595.jpg,Brown Spot,1
D:\CropDiseaseProject\sugarcane_large\Diseases\Viral Disease\Viral Disease228.jpg,Mosaic / Viral Disease,4
D:\CropDiseaseProject\sugarcane_large\Diseases\Viral Disease\Viral Disease465.jpg,Mosaic / Viral Disease,4
D:\CropDiseaseProject\sugarcane_large\Diseases\Sett Rot\Sett Rot309.jpg,Sett Rot,8
D:\CropDiseaseProject\sugarcane_large\Diseases\Viral Disease\Viral Disease273.jpg,Mosaic / Viral Disease,4
D:\CropDiseaseProject\sugarcane_maharashtra\Rust\rust (111).jpeg,Rust (Brown Rust),7
D:\CropDiseaseProject\sugarcane_large\Diseases\Yellow Leaf\Yellow Leaf450.jpg,Yellow Leaf Disease,10
D:\CropDiseaseProject\sugarcane_maharashtra\Rust\rust (369).jpeg,Rust (Brown Rust),7
D:\CropDiseaseProject\sugarcane_large\Diseases\Brown Spot\image277.jpg,Brown Spot,1
D:\CropDiseaseProject\sugarcane_large\Diseases\Sett Rot\Sett Rot077.jpg,Sett Rot,8
D:\CropDiseaseProject\sugarcane_maharashtra\RedRot\redrot (168).jpeg,Red Rot,6
D:\CropDiseaseProject\sugarcane_large\Diseases\Viral Disease\Viral Disease337.jpg,Mosaic / Viral Disease,4
D:\CropDiseaseProject\sugarcane_large\Healthy Leaves\image127.jpg,Healthy Leaves,3
D:\CropDiseaseProject\sugarcane_large\Diseases\Brown Spot\image1617.jpg,Brown Spot,1
D:\CropDiseaseProject\sugarcane_large\Diseases\Brown Spot\image1694.jpg,Brown Spot,1
D:\CropDiseaseProject\sugarcane_large\Diseases\Grassy shoot\image036.jpg,Grassy Shoot,2
D:\CropDiseaseProject\sugarcane_large\Healthy Leaves\image190.jpg,Healthy Leaves,3
D:\CropDiseaseProject\sugarcane_large\Diseases\Viral Disease\Viral Disease327.jpg,Mosaic / Viral Disease,4
D:\CropDiseaseProject\sugarcane_maharashtra\Mosaic\mosaic (390).jpeg,Mosaic / Viral Disease,4
D:\CropDiseaseProject\sugarcane_maharashtra\Yellow\yellow (353).jpeg,Yellow Leaf Disease,10
D:\CropDiseaseProject\sugarcane_maharashtra\Healthy\healthy (25).jpeg,Healthy Leaves,3
D:\CropDiseaseProject\sugarcane_large\Diseases\Yellow Leaf\Yellow Leaf423.jpg,Yellow Leaf Disease,10
D:\CropDiseaseProject\sugarcane_maharashtra\Yellow\yellow (428).jpeg,Yellow Leaf Disease,10
D:\CropDiseaseProject\sugarcane_maharashtra\Mosaic\mosaic (445).jpeg,Mosaic / Viral Disease,4
D:\CropDiseaseProject\sugarcane_maharashtra\Mosaic\mosaic (151).jpeg,Mosaic / Viral Disease,4
D:\CropDiseaseProject\sugarcane_large\Diseases\Yellow Leaf\Yellow Leaf344.jpg,Yellow Leaf Disease,10
D:\CropDiseaseProject\sugarcane_maharashtra\Rust\rust (307).jpeg,Rust (Brown Rust),7
D:\CropDiseaseProject\sugarcane_maharashtra\Yellow\yellow (331).jpeg,Yellow Leaf Disease,10
D:\CropDiseaseProject\sugarcane_large\Diseases\Yellow Leaf\Yellow Leaf674.jpg,Yellow Leaf Disease,10
D:\CropDiseaseProject\sugarcane_large\Healthy Leaves\image113.jpg,Healthy Leaves,3
D:\CropDiseaseProject\sugarcane_maharashtra\Mosaic\mosaic (402).jpeg,Mosaic / Viral Disease,4
D:\CropDiseaseProject\sugarcane_large\Healthy Leaves\image088.jpg,Healthy Leaves,3
D:\CropDiseaseProject\sugarcane_large\Diseases\Sett Rot\Sett Rot219.jpg,Sett Rot,8
D:\CropDiseaseProject\sugarcane_large\Diseases\Brown Spot\image527.jpg,Brown Spot,1
D:\CropDiseaseProject\sugarcane_large\Diseases\Yellow Leaf\Yellow Leaf209.jpg,Yellow Leaf Disease,10
D:\CropDiseaseProject\sugarcane_large\Diseases\Yellow Leaf\Yellow Leaf283.jpg,Yellow Leaf Disease,10
D:\CropDiseaseProject\sugarcane_maharashtra\Yellow\yellow (493).jpeg,Yellow Leaf Disease,10
D:\CropDiseaseProject\sugarcane_large\Diseases\Brown Spot\image1175.jpg,Brown Spot,1
D:\CropDiseaseProject\sugarcane_large\Diseases\Banded Chlorosis\image398.jpg,Banded Chlorosis,0
D:\CropDiseaseProject\sugarcane_large\Diseases\Yellow Leaf\Yellow Leaf513.jpg,Yellow Leaf Disease,10
D:\CropDiseaseProject\sugarcane_large\Diseases\Viral Disease\Viral Disease175.jpg,Mosaic / Viral Disease,4
D:\CropDiseaseProject\sugarcane_maharashtra\Healthy\healthy (309).jpeg,Healthy Leaves,3
D:\CropDiseaseProject\sugarcane_maharashtra\Rust\rust (84).jpeg,Rust (Brown Rust),7
D:\CropDiseaseProject\sugarcane_large\Diseases\Banded Chlorosis\image279.jpg,Banded Chlorosis,0
D:\CropDiseaseProject\sugarcane_maharashtra\Healthy\healthy (453).jpeg,Healthy Leaves,3
D:\CropDiseaseProject\sugarcane_maharashtra\Healthy\healthy (522).jpeg,Healthy Leaves,3
D:\CropDiseaseProject\sugarcane_large\Diseases\BrownRust\image185.jpg,Rust (Brown Rust),7
D:\CropDiseaseProject\sugarcane_large\Healthy Leaves\image036.jpg,Healthy Leaves,3
D:\CropDiseaseProject\sugarcane_large\Diseases\Brown Spot\image328.jpg,Brown Spot,1
D:\CropDiseaseProject\sugarcane_large\Diseases\smut\Smut096.jpg,Smut,9
D:\CropDiseaseProject\sugarcane_large\Diseases\Banded Chlorosis\image249.jpg,Banded Chlorosis,0
D:\CropDiseaseProject\sugarcane_large\Diseases\Brown Spot\image951.jpg,Brown Spot,1
D:\CropDiseaseProject\sugarcane_maharashtra\Healthy\healthy (431).jpeg,Healthy Leaves,3
D:\CropDiseaseProject\sugarcane_large\Diseases\smut\Smut165.jpg,Smut,9
D:\CropDiseaseProject\sugarcane_maharashtra\Mosaic\mosaic (163).jpeg,Mosaic / Viral Disease,4
D:\CropDiseaseProject\sugarcane_large\Diseases\Yellow Leaf\Yellow Leaf103.jpg,Yellow Leaf Disease,10
D:\CropDiseaseProject\sugarcane_large\Diseases\Brown Spot\image898.jpg,Brown Spot,1
D:\CropDiseaseProject\sugarcane_large\Diseases\Yellow Leaf\Yellow Leaf122.jpg,Yellow Leaf Disease,10
D:\CropDiseaseProject\sugarcane_large\Diseases\Brown Spot\image1132.jpg,Brown Spot,1
D:\CropDiseaseProject\sugarcane_large\Diseases\Sett Rot\Sett Rot345.jpg,Sett Rot,8
D:\CropDiseaseProject\sugarcane_large\Diseases\Brown Spot\image153.jpg,Brown Spot,1
D:\CropDiseaseProject\sugarcane_large\Diseases\Sett Rot\Sett Rot316.jpg,Sett Rot,8
D:\CropDiseaseProject\sugarcane_large\Diseases\BrownRust\image112.jpg,Rust (Brown Rust),7
D:\CropDiseaseProject\sugarcane_large\Diseases\Brown Spot\image1274.jpg,Brown Spot,1
D:\CropDiseaseProject\sugarcane_large\Diseases\Yellow Leaf\Yellow Leaf266.jpg,Yellow Leaf Disease,10
D:\CropDiseaseProject\sugarcane_large\Healthy Leaves\image372.jpg,Healthy Leaves,3
D:\CropDiseaseProject\sugarcane_large\Diseases\Grassy shoot\image289.jpg,Grassy Shoot,2
D:\CropDiseaseProject\sugarcane_large\Diseases\Brown Spot\image1473.jpg,Brown Spot,1
D:\CropDiseaseProject\sugarcane_maharashtra\RedRot\redrot (146).jpeg,Red Rot,6
D:\CropDiseaseProject\sugarcane_maharashtra\Mosaic\mosaic (202).jpeg,Mosaic / Viral Disease,4
D:\CropDiseaseProject\sugarcane_large\Diseases\Sett Rot\Sett Rot041.jpg,Sett Rot,8
D:\CropDiseaseProject\sugarcane_maharashtra\RedRot\redrot (239).jpeg,Red Rot,6
D:\CropDiseaseProject\sugarcane_large\Diseases\Viral Disease\Viral Disease062.jpg,Mosaic / Viral Disease,4
D:\CropDiseaseProject\sugarcane_large\Diseases\smut\Smut022.jpg,Smut,9
D:\CropDiseaseProject\sugarcane_large\Diseases\Brown Spot\image698.jpg,Brown Spot,1
D:\CropDiseaseProject\sugarcane_large\Diseases\Viral Disease\Viral Disease652.jpg,Mosaic / Viral Disease,4
D:\CropDiseaseProject\sugarcane_large\Diseases\Sett Rot\Sett Rot132.jpg,Sett Rot,8
D:\CropDiseaseProject\sugarcane_maharashtra\Mosaic\mosaic (378).jpeg,Mosaic / Viral Disease,4
D:\CropDiseaseProject\sugarcane_large\Diseases\Yellow Leaf\Yellow Leaf727.jpg,Yellow Leaf Disease,10
D:\CropDiseaseProject\sugarcane_large\Diseases\Brown Spot\image1156.jpg,Brown Spot,1
D:\CropDiseaseProject\sugarcane_large\Diseases\Banded Chlorosis\image305.jpg,Banded Chlorosis,0
D:\CropDiseaseProject\sugarcane_maharashtra\RedRot\redrot (268).jpeg,Red Rot,6
D:\CropDiseaseProject\sugarcane_large\Diseases\BrownRust\image313.jpg,Rust (Brown Rust),7
D:\CropDiseaseProject\sugarcane_large\Diseases\Viral Disease\Viral Disease397.jpg,Mosaic / Viral Disease,4
D:\CropDiseaseProject\sugarcane_large\Diseases\Sett Rot\Sett Rot242.jpg,Sett Rot,8
D:\CropDiseaseProject\sugarcane_large\Diseases\Banded Chlorosis\image342.jpg,Banded Chlorosis,0
D:\CropDiseaseProject\sugarcane_large\Diseases\Sett Rot\Sett Rot314.jpg,Sett Rot,8
D:\CropDiseaseProject\sugarcane_large\Diseases\Brown Spot\image1344.jpg,Brown Spot,1
D:\CropDiseaseProject\sugarcane_large\Diseases\Yellow Leaf\Yellow Leaf159.jpg,Yellow Leaf Disease,10
D:\CropDiseaseProject\sugarcane_maharashtra\Rust\rust (461).jpeg,Rust (Brown Rust),7
D:\CropDiseaseProject\sugarcane_large\Diseases\Pokkah Boeng\Pokkah Boeng238.jpg,Pokkah Boeng,5
D:\CropDiseaseProject\sugarcane_large\Diseases\Brown Spot\image1115.jpg,Brown Spot,1
D:\CropDiseaseProject\sugarcane_large\Diseases\Yellow Leaf\Yellow Leaf491.jpg,Yellow Leaf Disease,10
D:\CropDiseaseProject\sugarcane_maharashtra\RedRot\redrot (417).jpeg,Red Rot,6
D:\CropDiseaseProject\sugarcane_large\Healthy Leaves\image105.jpg,Healthy Leaves,3
D:\CropDiseaseProject\sugarcane_large\Diseases\Brown Spot\image1216.jpg,Brown Spot,1
D:\CropDiseaseProject\sugarcane_large\Diseases\Brown Spot\image1455.jpg,Brown Spot,1
D:\CropDiseaseProject\sugarcane_large\Diseases\Viral Disease\Viral Disease417.jpg,Mosaic / Viral Disease,4
D:\CropDiseaseProject\sugarcane_large\Diseases\Brown Spot\image362.jpg,Brown Spot,1
D:\CropDiseaseProject\sugarcane_maharashtra\Rust\rust (282).jpeg,Rust (Brown Rust),7
D:\CropDiseaseProject\sugarcane_maharashtra\Yellow\yellow (54).jpeg,Yellow Leaf Disease,10
D:\CropDiseaseProject\sugarcane_large\Diseases\Brown Spot\image1498.jpg,Brown Spot,1
D:\CropDiseaseProject\sugarcane_large\Diseases\Brown Spot\image265.jpg,Brown Spot,1
D:\CropDiseaseProject\sugarcane_large\Diseases\Pokkah Boeng\Pokkah Boeng037.jpg,Pokkah Boeng,5
D:\CropDiseaseProject\sugarcane_large\Diseases\Yellow Leaf\Yellow Leaf701.jpg,Yellow Leaf Disease,10
D:\CropDiseaseProject\sugarcane_maharashtra\Rust\rust (452).jpeg,Rust (Brown Rust),7
D:\CropDiseaseProject\sugarcane_large\Diseases\BrownRust\image048.jpg,Rust (Brown Rust),7
D:\CropDiseaseProject\sugarcane_maharashtra\Yellow\yellow (81).jpeg,Yellow Leaf Disease,10
D:\CropDiseaseProject\sugarcane_large\Diseases\Brown Spot\image1436.jpg,Brown Spot,1
D:\CropDiseaseProject\sugarcane_maharashtra\RedRot\redrot (211).jpeg,Red Rot,6
D:\CropDiseaseProject\sugarcane_maharashtra\Rust\rust (26).jpeg,Rust (Brown Rust),7
D:\CropDiseaseProject\sugarcane_maharashtra\Rust\rust (25).jpeg,Rust (Brown Rust),7
D:\CropDiseaseProject\sugarcane_large\Diseases\smut\Smut164.jpg,Smut,9
D:\CropDiseaseProject\sugarcane_large\Diseases\Brown Spot\image473.jpg,Brown Spot,1
D:\CropDiseaseProject\sugarcane_large\Diseases\Sett Rot\Sett Rot265.jpg,Sett Rot,8
D:\CropDiseaseProject\sugarcane_maharashtra\Rust\rust (470).jpeg,Rust (Brown Rust),7
D:\CropDiseaseProject\sugarcane_maharashtra\RedRot\redrot (172).jpeg,Red Rot,6
D:\CropDiseaseProject\sugarcane_large\Diseases\Yellow Leaf\Yellow Leaf019.jpg,Yellow Leaf Disease,10
D:\CropDiseaseProject\sugarcane_large\Diseases\BrownRust\image096.jpg,Rust (Brown Rust),7
D:\CropDiseaseProject\sugarcane_large\Diseases\Viral Disease\Viral Disease378.jpg,Mosaic / Viral Disease,4
D:\CropDiseaseProject\sugarcane_maharashtra\Yellow\yellow (467).jpeg,Yellow Leaf Disease,10
D:\CropDiseaseProject\sugarcane_large\Healthy Leaves\image165.jpg,Healthy Leaves,3
D:\CropDiseaseProject\sugarcane_large\Diseases\Yellow Leaf\Yellow Leaf366.jpg,Yellow Leaf Disease,10
D:\CropDiseaseProject\sugarcane_large\Diseases\Sett Rot\Sett Rot624.jpg,Sett Rot,8
D:\CropDiseaseProject\sugarcane_large\Diseases\Sett Rot\Sett Rot266.jpg,Sett Rot,8
D:\CropDiseaseProject\sugarcane_maharashtra\RedRot\redrot (274).jpeg,Red Rot,6
D:\CropDiseaseProject\sugarcane_maharashtra\Mosaic\mosaic (399).jpeg,Mosaic / Viral Disease,4
D:\CropDiseaseProject\sugarcane_maharashtra\Rust\rust (12).jpeg,Rust (Brown Rust),7
D:\CropDiseaseProject\sugarcane_large\Diseases\Banded Chlorosis\image396.jpg,Banded Chlorosis,0
D:\CropDiseaseProject\sugarcane_large\Diseases\Brown Spot\image1197.jpg,Brown Spot,1
D:\CropDiseaseProject\sugarcane_maharashtra\Yellow\yellow (98).jpeg,Yellow Leaf Disease,10
D:\CropDiseaseProject\sugarcane_large\Diseases\Banded Chlorosis\image356.jpg,Banded Chlorosis,0
D:\CropDiseaseProject\sugarcane_large\Diseases\Viral Disease\Viral Disease014.jpg,Mosaic / Viral Disease,4
D:\CropDiseaseProject\sugarcane_large\Healthy Leaves\image183.jpg,Healthy Leaves,3
D:\CropDiseaseProject\sugarcane_large\Diseases\smut\Smut226.jpg,Smut,9
D:\CropDiseaseProject\sugarcane_large\Healthy Leaves\image346.jpg,Healthy Leaves,3
D:\CropDiseaseProject\sugarcane_large\Healthy Leaves\image278.jpg,Healthy Leaves,3
D:\CropDiseaseProject\sugarcane_large\Diseases\Brown Spot\image224.jpg,Brown Spot,1
D:\CropDiseaseProject\sugarcane_large\Diseases\Banded Chlorosis\image323.jpg,Banded Chlorosis,0
D:\CropDiseaseProject\sugarcane_large\Diseases\Yellow Leaf\Yellow Leaf015.jpg,Yellow Leaf Disease,10
D:\CropDiseaseProject\sugarcane_large\Diseases\Brown Spot\image369.jpg,Brown Spot,1
D:\CropDiseaseProject\sugarcane_large\Diseases\Brown Spot\image980.jpg,Brown Spot,1
D:\CropDiseaseProject\sugarcane_large\Diseases\Yellow Leaf\Yellow Leaf399.jpg,Yellow Leaf Disease,10
D:\CropDiseaseProject\sugarcane_large\Diseases\Brown Spot\image272.jpg,Brown Spot,1
D:\CropDiseaseProject\sugarcane_maharashtra\RedRot\redrot (474).jpeg,Red Rot,6
D:\CropDiseaseProject\sugarcane_large\Diseases\Brown Spot\image1559.jpg,Brown Spot,1
D:\CropDiseaseProject\sugarcane_maharashtra\Rust\rust (376).jpeg,Rust (Brown Rust),7
D:\CropDiseaseProject\sugarcane_large\Diseases\Yellow Leaf\Yellow Leaf1085.jpg,Yellow Leaf Disease,10
D:\CropDiseaseProject\sugarcane_large\Diseases\Grassy shoot\image182.jpg,Grassy Shoot,2
D:\CropDiseaseProject\sugarcane_maharashtra\RedRot\redrot (59).jpeg,Red Rot,6
D:\CropDiseaseProject\sugarcane_large\Diseases\Brown Spot\image941.jpg,Brown Spot,1
D:\CropDiseaseProject\sugarcane_large\Diseases\Brown Spot\image1147.jpg,Brown Spot,1
D:\CropDiseaseProject\sugarcane_large\Diseases\Brown Spot\image503.jpg,Brown Spot,1
D:\CropDiseaseProject\sugarcane_large\Diseases\Brown Spot\image1689.jpg,Brown Spot,1
D:\CropDiseaseProject\sugarcane_large\Diseases\Viral Disease\Viral Disease289.jpg,Mosaic / Viral Disease,4
D:\CropDiseaseProject\sugarcane_large\Diseases\smut\Smut048.jpg,Smut,9
D:\CropDiseaseProject\sugarcane_large\Diseases\Sett Rot\Sett Rot584.jpg,Sett Rot,8
D:\CropDiseaseProject\sugarcane_large\Diseases\Viral Disease\Viral Disease251.jpg,Mosaic / Viral Disease,4
D:\CropDiseaseProject\sugarcane_large\Diseases\Viral Disease\Viral Disease605.jpg,Mosaic / Viral Disease,4
D:\CropDiseaseProject\sugarcane_large\Diseases\Sett Rot\Sett Rot616.jpg,Sett Rot,8
D:\CropDiseaseProject\sugarcane_maharashtra\Rust\rust (268).jpeg,Rust (Brown Rust),7
D:\CropDiseaseProject\sugarcane_large\Diseases\Sett Rot\Sett Rot042.jpg,Sett Rot,8
D:\CropDiseaseProject\sugarcane_maharashtra\Yellow\yellow (437).jpeg,Yellow Leaf Disease,10
D:\CropDiseaseProject\sugarcane_large\Diseases\BrownRust\image297.jpg,Rust (Brown Rust),7
D:\CropDiseaseProject\sugarcane_maharashtra\Yellow\yellow (124).jpeg,Yellow Leaf Disease,10
D:\CropDiseaseProject\sugarcane_maharashtra\Rust\rust (433).jpeg,Rust (Brown Rust),7
D:\CropDiseaseProject\sugarcane_large\Diseases\Banded Chlorosis\image018.jpg,Banded Chlorosis,0
D:\CropDiseaseProject\sugarcane_large\Diseases\BrownRust\image213.jpg,Rust (Brown Rust),7
D:\CropDiseaseProject\sugarcane_large\Diseases\Pokkah Boeng\Pokkah Boeng208.jpg,Pokkah Boeng,5
D:\CropDiseaseProject\sugarcane_large\Diseases\Brown Spot\image1545.jpg,Brown Spot,1
D:\CropDiseaseProject\sugarcane_large\Diseases\Yellow Leaf\Yellow Leaf647.jpg,Yellow Leaf Disease,10
D:\CropDiseaseProject\sugarcane_large\Diseases\Yellow Leaf\Yellow Leaf707.jpg,Yellow Leaf Disease,10
D:\CropDiseaseProject\sugarcane_large\Diseases\Brown Spot\image962.jpg,Brown Spot,1
D:\CropDiseaseProject\sugarcane_maharashtra\Yellow\yellow (292).jpeg,Yellow Leaf Disease,10
D:\CropDiseaseProject\sugarcane_maharashtra\RedRot\redrot (145).jpeg,Red Rot,6
D:\CropDiseaseProject\sugarcane_large\Diseases\Brown Spot\image842.jpg,Brown Spot,1
D:\CropDiseaseProject\sugarcane_large\Diseases\Brown Spot\image1679.jpg,Brown Spot,1
D:\CropDiseaseProject\sugarcane_large\Diseases\Brown Spot\image984.jpg,Brown Spot,1
D:\CropDiseaseProject\sugarcane_large\Diseases\smut\Smut198.jpg,Smut,9
D:\CropDiseaseProject\sugarcane_large\Diseases\Viral Disease\Viral Disease396.jpg,Mosaic / Viral Disease,4
D:\CropDiseaseProject\sugarcane_large\Diseases\Brown Spot\image1186.jpg,Brown Spot,1
D:\CropDiseaseProject\sugarcane_maharashtra\Healthy\healthy (95).jpeg,Healthy Leaves,3
D:\CropDiseaseProject\sugarcane_large\Diseases\Brown Spot\image1329.jpg,Brown Spot,1
D:\CropDiseaseProject\sugarcane_maharashtra\Rust\rust (72).jpeg,Rust (Brown Rust),7
D:\CropDiseaseProject\sugarcane_large\Diseases\Yellow Leaf\Yellow Leaf253.jpg,Yellow Leaf Disease,10
D:\CropDiseaseProject\sugarcane_large\Diseases\Pokkah Boeng\Pokkah Boeng226.jpg,Pokkah Boeng,5
D:\CropDiseaseProject\sugarcane_large\Diseases\Viral Disease\Viral Disease279.jpg,Mosaic / Viral Disease,4
D:\CropDiseaseProject\sugarcane_large\Diseases\Brown Spot\image591.jpg,Brown Spot,1
D:\CropDiseaseProject\sugarcane_maharashtra\Healthy\healthy (73).jpeg,Healthy Leaves,3
D:\CropDiseaseProject\sugarcane_large\Diseases\Brown Spot\image460.jpg,Brown Spot,1
D:\CropDiseaseProject\sugarcane_large\Diseases\Yellow Leaf\Yellow Leaf1048.jpg,Yellow Leaf Disease,10
D:\CropDiseaseProject\sugarcane_large\Diseases\Brown Spot\image1155.jpg,Brown Spot,1
D:\CropDiseaseProject\sugarcane_maharashtra\Mosaic\mosaic (110).jpeg,Mosaic / Viral Disease,4
D:\CropDiseaseProject\sugarcane_large\Healthy Leaves\image309.jpg,Healthy Leaves,3
D:\CropDiseaseProject\sugarcane_large\Diseases\Grassy shoot\image067.jpg,Grassy Shoot,2
D:\CropDiseaseProject\sugarcane_maharashtra\RedRot\redrot (500).jpeg,Red Rot,6
D:\CropDiseaseProject\sugarcane_large\Diseases\Viral Disease\Viral Disease336.jpg,Mosaic / Viral Disease,4
D:\CropDiseaseProject\sugarcane_large\Diseases\Yellow Leaf\Yellow Leaf131.jpg,Yellow Leaf Disease,10
D:\CropDiseaseProject\sugarcane_large\Diseases\Banded Chlorosis\image439.jpg,Banded Chlorosis,0
D:\CropDiseaseProject\sugarcane_large\Diseases\Yellow Leaf\Yellow Leaf792.jpg,Yellow Leaf Disease,10
D:\CropDiseaseProject\sugarcane_large\Diseases\Grassy shoot\image191.jpg,Grassy Shoot,2
D:\CropDiseaseProject\sugarcane_maharashtra\RedRot\redrot (87).jpeg,Red Rot,6
D:\CropDiseaseProject\sugarcane_maharashtra\RedRot\redrot (161).jpeg,Red Rot,6
D:\CropDiseaseProject\sugarcane_maharashtra\RedRot\redrot (200).jpeg,Red Rot,6
D:\CropDiseaseProject\sugarcane_large\Diseases\Yellow Leaf\Yellow Leaf228.jpg,Yellow Leaf Disease,10
D:\CropDiseaseProject\sugarcane_maharashtra\Healthy\healthy (351).jpeg,Healthy Leaves,3
D:\CropDiseaseProject\sugarcane_large\Diseases\Brown Spot\image266.jpg,Brown Spot,1
D:\CropDiseaseProject\sugarcane_large\Diseases\Grassy shoot\image055.jpg,Grassy Shoot,2
D:\CropDiseaseProject\sugarcane_maharashtra\Rust\rust (152).jpeg,Rust (Brown Rust),7
D:\CropDiseaseProject\sugarcane_large\Diseases\smut\Smut140.jpg,Smut,9
D:\CropDiseaseProject\sugarcane_large\Diseases\Sett Rot\Sett Rot516.jpg,Sett Rot,8
D:\CropDiseaseProject\sugarcane_large\Healthy Leaves\image228.jpg,Healthy Leaves,3
D:\CropDiseaseProject\sugarcane_large\Diseases\Viral Disease\Viral Disease226.jpg,Mosaic / Viral Disease,4
D:\CropDiseaseProject\sugarcane_large\Diseases\Yellow Leaf\Yellow Leaf979.jpg,Yellow Leaf Disease,10
D:\CropDiseaseProject\sugarcane_large\Diseases\BrownRust\image276.jpg,Rust (Brown Rust),7
D:\CropDiseaseProject\sugarcane_maharashtra\RedRot\redrot (165).jpeg,Red Rot,6
D:\CropDiseaseProject\sugarcane_maharashtra\Healthy\healthy (82).jpeg,Healthy Leaves,3
D:\CropDiseaseProject\sugarcane_large\Diseases\Brown Spot\image1460.jpg,Brown Spot,1
D:\CropDiseaseProject\sugarcane_large\Diseases\Brown Spot\image929.jpg,Brown Spot,1
D:\CropDiseaseProject\sugarcane_maharashtra\Mosaic\mosaic (416).jpeg,Mosaic / Viral Disease,4
D:\CropDiseaseProject\sugarcane_large\Diseases\Yellow Leaf\Yellow Leaf671.jpg,Yellow Leaf Disease,10
D:\CropDiseaseProject\sugarcane_maharashtra\Mosaic\mosaic (2).jpeg,Mosaic / Viral Disease,4
D:\CropDiseaseProject\sugarcane_maharashtra\Healthy\healthy (103).jpeg,Healthy Leaves,3
D:\CropDiseaseProject\sugarcane_maharashtra\Yellow\yellow (473).jpeg,Yellow Leaf Disease,10
D:\CropDiseaseProject\sugarcane_maharashtra\Healthy\healthy (30).jpeg,Healthy Leaves,3
D:\CropDiseaseProject\sugarcane_maharashtra\Healthy\healthy (182).jpeg,Healthy Leaves,3
D:\CropDiseaseProject\sugarcane_maharashtra\Mosaic\mosaic (300).jpeg,Mosaic / Viral Disease,4
D:\CropDiseaseProject\sugarcane_large\Diseases\Yellow Leaf\Yellow Leaf685.jpg,Yellow Leaf Disease,10
D:\CropDiseaseProject\sugarcane_large\Diseases\Yellow Leaf\Yellow Leaf1117.jpg,Yellow Leaf Disease,10
D:\CropDiseaseProject\sugarcane_large\Diseases\Grassy shoot\image207.jpg,Grassy Shoot,2
D:\CropDiseaseProject\sugarcane_large\Diseases\Yellow Leaf\Yellow Leaf186.jpg,Yellow Leaf Disease,10
D:\CropDiseaseProject\sugarcane_large\Diseases\BrownRust\image137.jpg,Rust (Brown Rust),7
D:\CropDiseaseProject\sugarcane_large\Diseases\Viral Disease\Viral Disease384.jpg,Mosaic / Viral Disease,4
D:\CropDiseaseProject\sugarcane_maharashtra\Healthy\healthy (159).jpeg,Healthy Leaves,3
D:\CropDiseaseProject\sugarcane_large\Diseases\Sett Rot\Sett Rot237.jpg,Sett Rot,8
D:\CropDiseaseProject\sugarcane_large\Diseases\Grassy shoot\image163.jpg,Grassy Shoot,2
D:\CropDiseaseProject\sugarcane_large\Diseases\Brown Spot\image1693.jpg,Brown Spot,1
D:\CropDiseaseProject\sugarcane_large\Diseases\BrownRust\image116.jpg,Rust (Brown Rust),7
D:\CropDiseaseProject\sugarcane_large\Diseases\Brown Spot\image414.jpg,Brown Spot,1
D:\CropDiseaseProject\sugarcane_large\Diseases\Banded Chlorosis\image194.jpg,Banded Chlorosis,0
D:\CropDiseaseProject\sugarcane_large\Diseases\Viral Disease\Viral Disease197.jpg,Mosaic / Viral Disease,4
D:\CropDiseaseProject\sugarcane_large\Diseases\Yellow Leaf\Yellow Leaf002.jpg,Yellow Leaf Disease,10
D:\CropDiseaseProject\sugarcane_large\Diseases\Grassy shoot\image071.jpg,Grassy Shoot,2
D:\CropDiseaseProject\sugarcane_maharashtra\Mosaic\mosaic (315).jpeg,Mosaic / Viral Disease,4
D:\CropDiseaseProject\sugarcane_large\Diseases\Brown Spot\image868.jpg,Brown Spot,1
D:\CropDiseaseProject\sugarcane_large\Healthy Leaves\image235.jpg,Healthy Leaves,3
D:\CropDiseaseProject\sugarcane_large\Diseases\Yellow Leaf\Yellow Leaf086.jpg,Yellow Leaf Disease,10
D:\CropDiseaseProject\sugarcane_large\Diseases\Brown Spot\image1080.jpg,Brown Spot,1
D:\CropDiseaseProject\sugarcane_large\Diseases\Yellow Leaf\Yellow Leaf814.jpg,Yellow Leaf Disease,10
D:\CropDiseaseProject\sugarcane_large\Diseases\Brown Spot\image282.jpg,Brown Spot,1
D:\CropDiseaseProject\sugarcane_large\Diseases\Sett Rot\Sett Rot464.jpg,Sett Rot,8
D:\CropDiseaseProject\sugarcane_large\Diseases\Brown Spot\image735.jpg,Brown Spot,1
D:\CropDiseaseProject\sugarcane_large\Diseases\Grassy shoot\image033.jpg,Grassy Shoot,2
D:\CropDiseaseProject\sugarcane_large\Diseases\Sett Rot\Sett Rot406.jpg,Sett Rot,8
D:\CropDiseaseProject\sugarcane_maharashtra\Healthy\healthy (278).jpeg,Healthy Leaves,3
D:\CropDiseaseProject\sugarcane_maharashtra\Mosaic\mosaic (22).jpeg,Mosaic / Viral Disease,4
D:\CropDiseaseProject\sugarcane_maharashtra\RedRot\redrot (51).jpeg,Red Rot,6
D:\CropDiseaseProject\sugarcane_large\Diseases\Viral Disease\Viral Disease238.jpg,Mosaic / Viral Disease,4
D:\CropDiseaseProject\sugarcane_large\Diseases\smut\Smut081.jpg,Smut,9
D:\CropDiseaseProject\sugarcane_large\Healthy Leaves\image312.jpg,Healthy Leaves,3
D:\CropDiseaseProject\sugarcane_large\Diseases\Viral Disease\Viral Disease192.jpg,Mosaic / Viral Disease,4
D:\CropDiseaseProject\sugarcane_large\Healthy Leaves\image355.jpg,Healthy Leaves,3
D:\CropDiseaseProject\sugarcane_large\Diseases\Banded Chlorosis\image254.jpg,Banded Chlorosis,0
D:\CropDiseaseProject\sugarcane_large\Diseases\Grassy shoot\image065.jpg,Grassy Shoot,2
D:\CropDiseaseProject\sugarcane_large\Diseases\BrownRust\image308.jpg,Rust (Brown Rust),7
D:\CropDiseaseProject\sugarcane_maharashtra\RedRot\redrot (346).jpeg,Red Rot,6
D:\CropDiseaseProject\sugarcane_large\Diseases\Sett Rot\Sett Rot226.jpg,Sett Rot,8
D:\CropDiseaseProject\sugarcane_large\Diseases\BrownRust\image171.jpg,Rust (Brown Rust),7
D:\CropDiseaseProject\sugarcane_maharashtra\Healthy\healthy (36).jpeg,Healthy Leaves,3
D:\CropDiseaseProject\sugarcane_maharashtra\Yellow\yellow (158).jpeg,Yellow Leaf Disease,10
D:\CropDiseaseProject\sugarcane_large\Diseases\Yellow Leaf\Yellow Leaf285.jpg,Yellow Leaf Disease,10
D:\CropDiseaseProject\sugarcane_large\Healthy Leaves\image414.jpg,Healthy Leaves,3
D:\CropDiseaseProject\sugarcane_large\Diseases\Banded Chlorosis\image207.jpg,Banded Chlorosis,0
D:\CropDiseaseProject\sugarcane_large\Diseases\Yellow Leaf\Yellow Leaf407.jpg,Yellow Leaf Disease,10
D:\CropDiseaseProject\sugarcane_maharashtra\Healthy\healthy (438).jpeg,Healthy Leaves,3
D:\CropDiseaseProject\sugarcane_large\Diseases\Sett Rot\Sett Rot487.jpg,Sett Rot,8
D:\CropDiseaseProject\sugarcane_large\Diseases\Grassy shoot\image106.jpg,Grassy Shoot,2
D:\CropDiseaseProject\sugarcane_maharashtra\Healthy\healthy (207).jpeg,Healthy Leaves,3
D:\CropDiseaseProject\sugarcane_maharashtra\RedRot\redrot (481).jpeg,Red Rot,6
D:\CropDiseaseProject\sugarcane_large\Diseases\Banded Chlorosis\image357.jpg,Banded Chlorosis,0
D:\CropDiseaseProject\sugarcane_maharashtra\Rust\rust (411).jpeg,Rust (Brown Rust),7
D:\CropDiseaseProject\sugarcane_large\Diseases\Banded Chlorosis\image466.jpg,Banded Chlorosis,0
D:\CropDiseaseProject\sugarcane_large\Diseases\Pokkah Boeng\Pokkah Boeng012.jpg,Pokkah Boeng,5
D:\CropDiseaseProject\sugarcane_large\Diseases\Grassy shoot\image073.jpg,Grassy Shoot,2
D:\CropDiseaseProject\sugarcane_large\Diseases\Brown Spot\image288.jpg,Brown Spot,1
D:\CropDiseaseProject\sugarcane_large\Diseases\Viral Disease\Viral Disease400.jpg,Mosaic / Viral Disease,4
D:\CropDiseaseProject\sugarcane_large\Diseases\Pokkah Boeng\Pokkah Boeng021.jpg,Pokkah Boeng,5
D:\CropDiseaseProject\sugarcane_large\Diseases\Brown Spot\image233.jpg,Brown Spot,1
D:\CropDiseaseProject\sugarcane_maharashtra\Yellow\yellow (476).jpeg,Yellow Leaf Disease,10
D:\CropDiseaseProject\sugarcane_maharashtra\Rust\rust (58).jpeg,Rust (Brown Rust),7
D:\CropDiseaseProject\sugarcane_large\Diseases\Brown Spot\image1576.jpg,Brown Spot,1
D:\CropDiseaseProject\sugarcane_large\Diseases\smut\Smut031.jpg,Smut,9
D:\CropDiseaseProject\sugarcane_large\Diseases\Sett Rot\Sett Rot579.jpg,Sett Rot,8
D:\CropDiseaseProject\sugarcane_large\Diseases\Sett Rot\Sett Rot539.jpg,Sett Rot,8
D:\CropDiseaseProject\sugarcane_maharashtra\Mosaic\mosaic (123).jpeg,Mosaic / Viral Disease,4
D:\CropDiseaseProject\sugarcane_large\Diseases\Banded Chlorosis\image198.jpg,Banded Chlorosis,0
D:\CropDiseaseProject\sugarcane_large\Diseases\Sett Rot\Sett Rot472.jpg,Sett Rot,8
D:\CropDiseaseProject\sugarcane_large\Diseases\smut\Smut144.jpg,Smut,9
D:\CropDiseaseProject\sugarcane_large\Diseases\Yellow Leaf\Yellow Leaf991.jpg,Yellow Leaf Disease,10
D:\CropDiseaseProject\sugarcane_large\Healthy Leaves\image361.jpg,Healthy Leaves,3
D:\CropDiseaseProject\sugarcane_maharashtra\RedRot\redrot (408).jpeg,Red Rot,6
D:\CropDiseaseProject\sugarcane_maharashtra\Yellow\yellow (213).jpeg,Yellow Leaf Disease,10
D:\CropDiseaseProject\sugarcane_large\Healthy Leaves\image188.jpg,Healthy Leaves,3
D:\CropDiseaseProject\sugarcane_large\Diseases\Yellow Leaf\Yellow Leaf394.jpg,Yellow Leaf Disease,10
D:\CropDiseaseProject\sugarcane_large\Diseases\Brown Spot\image1549.jpg,Brown Spot,1
D:\CropDiseaseProject\sugarcane_large\Diseases\Yellow Leaf\Yellow Leaf232.jpg,Yellow Leaf Disease,10
D:\CropDiseaseProject\sugarcane_maharashtra\Healthy\healthy (158).jpeg,Healthy Leaves,3
D:\CropDiseaseProject\sugarcane_large\Diseases\Pokkah Boeng\Pokkah Boeng243.jpg,Pokkah Boeng,5
D:\CropDiseaseProject\sugarcane_large\Diseases\smut\Smut201.jpg,Smut,9
D:\CropDiseaseProject\sugarcane_maharashtra\Yellow\yellow (63).jpeg,Yellow Leaf Disease,10
D:\CropDiseaseProject\sugarcane_large\Diseases\Viral Disease\Viral Disease579.jpg,Mosaic / Viral Disease,4
D:\CropDiseaseProject\sugarcane_large\Healthy Leaves\image006.jpg,Healthy Leaves,3
D:\CropDiseaseProject\sugarcane_large\Diseases\Yellow Leaf\Yellow Leaf1163.jpg,Yellow Leaf Disease,10
D:\CropDiseaseProject\sugarcane_maharashtra\RedRot\redrot (278).jpeg,Red Rot,6
D:\CropDiseaseProject\sugarcane_large\Diseases\Banded Chlorosis\image098.jpg,Banded Chlorosis,0
D:\CropDiseaseProject\sugarcane_large\Diseases\Sett Rot\Sett Rot425.jpg,Sett Rot,8
D:\CropDiseaseProject\sugarcane_maharashtra\Rust\rust (213).jpeg,Rust (Brown Rust),7
D:\CropDiseaseProject\sugarcane_large\Diseases\Yellow Leaf\Yellow Leaf1041.jpg,Yellow Leaf Disease,10
D:\CropDiseaseProject\sugarcane_large\Diseases\Pokkah Boeng\Pokkah Boeng154.jpg,Pokkah Boeng,5
D:\CropDiseaseProject\sugarcane_maharashtra\Healthy\healthy (15).jpeg,Healthy Leaves,3
D:\CropDiseaseProject\sugarcane_large\Diseases\Yellow Leaf\Yellow Leaf1128.jpg,Yellow Leaf Disease,10
D:\CropDiseaseProject\sugarcane_large\Diseases\Yellow Leaf\Yellow Leaf374.jpg,Yellow Leaf Disease,10
D:\CropDiseaseProject\sugarcane_large\Diseases\Brown Spot\image213.jpg,Brown Spot,1
D:\CropDiseaseProject\sugarcane_large\Diseases\Yellow Leaf\Yellow Leaf907.jpg,Yellow Leaf Disease,10
D:\CropDiseaseProject\sugarcane_large\Diseases\Brown Spot\image488.jpg,Brown Spot,1
D:\CropDiseaseProject\sugarcane_large\Diseases\Yellow Leaf\Yellow Leaf1071.jpg,Yellow Leaf Disease,10
D:\CropDiseaseProject\sugarcane_large\Diseases\Brown Spot\image1173.jpg,Brown Spot,1
D:\CropDiseaseProject\sugarcane_maharashtra\Mosaic\mosaic (65).jpeg,Mosaic / Viral Disease,4
D:\CropDiseaseProject\sugarcane_large\Healthy Leaves\image126.jpg,Healthy Leaves,3
D:\CropDiseaseProject\sugarcane_maharashtra\Rust\rust (113).jpeg,Rust (Brown Rust),7
D:\CropDiseaseProject\sugarcane_large\Diseases\Grassy shoot\image083.jpg,Grassy Shoot,2
D:\CropDiseaseProject\sugarcane_large\Diseases\Brown Spot\image022.jpg,Brown Spot,1
D:\CropDiseaseProject\sugarcane_large\Diseases\Brown Spot\image353.jpg,Brown Spot,1
D:\CropDiseaseProject\sugarcane_large\Diseases\Brown Spot\image1704.jpg,Brown Spot,1
D:\CropDiseaseProject\sugarcane_large\Diseases\Sett Rot\Sett Rot423.jpg,Sett Rot,8
D:\CropDiseaseProject\sugarcane_large\Diseases\Viral Disease\Viral Disease578.jpg,Mosaic / Viral Disease,4
D:\CropDiseaseProject\sugarcane_maharashtra\Healthy\healthy (124).jpeg,Healthy Leaves,3
D:\CropDiseaseProject\sugarcane_large\Diseases\Banded Chlorosis\image239.jpg,Banded Chlorosis,0
D:\CropDiseaseProject\sugarcane_maharashtra\Healthy\healthy (255).jpeg,Healthy Leaves,3
D:\CropDiseaseProject\sugarcane_large\Diseases\Yellow Leaf\Yellow Leaf834.jpg,Yellow Leaf Disease,10
D:\CropDiseaseProject\sugarcane_maharashtra\Mosaic\mosaic (21).jpeg,Mosaic / Viral Disease,4
D:\CropDiseaseProject\sugarcane_large\Diseases\Brown Spot\image576.jpg,Brown Spot,1
D:\CropDiseaseProject\sugarcane_large\Diseases\Banded Chlorosis\image435.jpg,Banded Chlorosis,0
D:\CropDiseaseProject\sugarcane_large\Diseases\Brown Spot\image311.jpg,Brown Spot,1
D:\CropDiseaseProject\sugarcane_maharashtra\Rust\rust (172).jpeg,Rust (Brown Rust),7
D:\CropDiseaseProject\sugarcane_large\Diseases\Yellow Leaf\Yellow Leaf753.jpg,Yellow Leaf Disease,10
D:\CropDiseaseProject\sugarcane_large\Diseases\Brown Spot\image1065.jpg,Brown Spot,1
D:\CropDiseaseProject\sugarcane_large\Diseases\Grassy shoot\image310.jpg,Grassy Shoot,2
D:\CropDiseaseProject\sugarcane_large\Diseases\Brown Spot\image068.jpg,Brown Spot,1
D:\CropDiseaseProject\sugarcane_maharashtra\Mosaic\mosaic (343).jpeg,Mosaic / Viral Disease,4
D:\CropDiseaseProject\sugarcane_maharashtra\Mosaic\mosaic (74).jpeg,Mosaic / Viral Disease,4
D:\CropDiseaseProject\sugarcane_maharashtra\Yellow\yellow (466).jpeg,Yellow Leaf Disease,10
D:\CropDiseaseProject\sugarcane_maharashtra\Mosaic\mosaic (461).jpeg,Mosaic / Viral Disease,4
D:\CropDiseaseProject\sugarcane_large\Diseases\Viral Disease\Viral Disease002.jpg,Mosaic / Viral Disease,4
D:\CropDiseaseProject\sugarcane_large\Diseases\Banded Chlorosis\image352.jpg,Banded Chlorosis,0
D:\CropDiseaseProject\sugarcane_large\Diseases\Viral Disease\Viral Disease173.jpg,Mosaic / Viral Disease,4
D:\CropDiseaseProject\sugarcane_maharashtra\Mosaic\mosaic (340).jpeg,Mosaic / Viral Disease,4
D:\CropDiseaseProject\sugarcane_large\Diseases\Brown Spot\image246.jpg,Brown Spot,1
D:\CropDiseaseProject\sugarcane_maharashtra\Rust\rust (446).jpeg,Rust (Brown Rust),7
D:\CropDiseaseProject\sugarcane_maharashtra\Healthy\healthy (40).jpeg,Healthy Leaves,3
D:\CropDiseaseProject\sugarcane_large\Diseases\Brown Spot\image1144.jpg,Brown Spot,1
D:\CropDiseaseProject\sugarcane_large\Diseases\Yellow Leaf\Yellow Leaf542.jpg,Yellow Leaf Disease,10
D:\CropDiseaseProject\sugarcane_large\Diseases\Sett Rot\Sett Rot253.jpg,Sett Rot,8
D:\CropDiseaseProject\sugarcane_large\Diseases\Grassy shoot\image225.jpg,Grassy Shoot,2
D:\CropDiseaseProject\sugarcane_large\Diseases\Pokkah Boeng\Pokkah Boeng077.jpg,Pokkah Boeng,5
D:\CropDiseaseProject\sugarcane_maharashtra\Yellow\yellow (460).jpeg,Yellow Leaf Disease,10
D:\CropDiseaseProject\sugarcane_maharashtra\RedRot\redrot (212).jpeg,Red Rot,6
D:\CropDiseaseProject\sugarcane_large\Diseases\BrownRust\image028.jpg,Rust (Brown Rust),7
D:\CropDiseaseProject\sugarcane_maharashtra\Healthy\healthy (129).jpeg,Healthy Leaves,3
D:\CropDiseaseProject\sugarcane_large\Diseases\Sett Rot\Sett Rot475.jpg,Sett Rot,8
D:\CropDiseaseProject\sugarcane_large\Diseases\Yellow Leaf\Yellow Leaf043.jpg,Yellow Leaf Disease,10
D:\CropDiseaseProject\sugarcane_large\Diseases\BrownRust\image272.jpg,Rust (Brown Rust),7
D:\CropDiseaseProject\sugarcane_large\Diseases\Brown Spot\image749.jpg,Brown Spot,1
D:\CropDiseaseProject\sugarcane_maharashtra\RedRot\redrot (470).jpeg,Red Rot,6
D:\CropDiseaseProject\sugarcane_large\Diseases\Yellow Leaf\Yellow Leaf1182.jpg,Yellow Leaf Disease,10
D:\CropDiseaseProject\sugarcane_large\Diseases\Banded Chlorosis\image288.jpg,Banded Chlorosis,0
D:\CropDiseaseProject\sugarcane_large\Diseases\Brown Spot\image621.jpg,Brown Spot,1
D:\CropDiseaseProject\sugarcane_large\Diseases\Sett Rot\Sett Rot155.jpg,Sett Rot,8
D:\CropDiseaseProject\sugarcane_large\Diseases\BrownRust\image088.jpg,Rust (Brown Rust),7
D:\CropDiseaseProject\sugarcane_large\Diseases\Viral Disease\Viral Disease587.jpg,Mosaic / Viral Disease,4
D:\CropDiseaseProject\sugarcane_large\Diseases\Viral Disease\Viral Disease575.jpg,Mosaic / Viral Disease,4
D:\CropDiseaseProject\sugarcane_large\Diseases\Sett Rot\Sett Rot468.jpg,Sett Rot,8
D:\CropDiseaseProject\sugarcane_large\Diseases\Yellow Leaf\Yellow Leaf392.jpg,Yellow Leaf Disease,10
D:\CropDiseaseProject\sugarcane_large\Healthy Leaves\image207.jpg,Healthy Leaves,3
D:\CropDiseaseProject\sugarcane_large\Diseases\Banded Chlorosis\image419.jpg,Banded Chlorosis,0
D:\CropDiseaseProject\sugarcane_large\Diseases\Banded Chlorosis\image193.jpg,Banded Chlorosis,0
D:\CropDiseaseProject\sugarcane_large\Diseases\Banded Chlorosis\image275.jpg,Banded Chlorosis,0
D:\CropDiseaseProject\sugarcane_maharashtra\RedRot\redrot (329).jpeg,Red Rot,6
D:\CropDiseaseProject\sugarcane_large\Diseases\Brown Spot\image1464.jpg,Brown Spot,1
D:\CropDiseaseProject\sugarcane_large\Diseases\Banded Chlorosis\image330.jpg,Banded Chlorosis,0
D:\CropDiseaseProject\sugarcane_large\Diseases\Yellow Leaf\Yellow Leaf489.jpg,Yellow Leaf Disease,10
D:\CropDiseaseProject\sugarcane_large\Healthy Leaves\image390.jpg,Healthy Leaves,3
D:\CropDiseaseProject\sugarcane_large\Healthy Leaves\image206.jpg,Healthy Leaves,3
D:\CropDiseaseProject\sugarcane_large\Diseases\Grassy shoot\image168.jpg,Grassy Shoot,2
D:\CropDiseaseProject\sugarcane_large\Diseases\Sett Rot\Sett Rot097.jpg,Sett Rot,8
D:\CropDiseaseProject\sugarcane_large\Diseases\Sett Rot\Sett Rot585.jpg,Sett Rot,8
D:\CropDiseaseProject\sugarcane_maharashtra\RedRot\redrot (457).jpeg,Red Rot,6
D:\CropDiseaseProject\sugarcane_large\Healthy Leaves\image035.jpg,Healthy Leaves,3
D:\CropDiseaseProject\sugarcane_large\Healthy Leaves\image304.jpg,Healthy Leaves,3
D:\CropDiseaseProject\sugarcane_large\Diseases\Yellow Leaf\Yellow Leaf849.jpg,Yellow Leaf Disease,10
D:\CropDiseaseProject\sugarcane_maharashtra\Mosaic\mosaic (330).jpeg,Mosaic / Viral Disease,4
D:\CropDiseaseProject\sugarcane_large\Diseases\Yellow Leaf\Yellow Leaf213.jpg,Yellow Leaf Disease,10
D:\CropDiseaseProject\sugarcane_large\Diseases\Brown Spot\image957.jpg,Brown Spot,1
D:\CropDiseaseProject\sugarcane_large\Diseases\BrownRust\image043.jpg,Rust (Brown Rust),7
D:\CropDiseaseProject\sugarcane_large\Diseases\Sett Rot\Sett Rot461.jpg,Sett Rot,8
D:\CropDiseaseProject\sugarcane_large\Diseases\Yellow Leaf\Yellow Leaf310.jpg,Yellow Leaf Disease,10
D:\CropDiseaseProject\sugarcane_large\Diseases\Viral Disease\Viral Disease011.jpg,Mosaic / Viral Disease,4
D:\CropDiseaseProject\sugarcane_large\Diseases\Banded Chlorosis\image001.jpg,Banded Chlorosis,0
D:\CropDiseaseProject\sugarcane_large\Diseases\Brown Spot\image573.jpg,Brown Spot,1
D:\CropDiseaseProject\sugarcane_maharashtra\Mosaic\mosaic (199).jpeg,Mosaic / Viral Disease,4
D:\CropDiseaseProject\sugarcane_maharashtra\Yellow\yellow (494).jpeg,Yellow Leaf Disease,10
D:\CropDiseaseProject\sugarcane_large\Diseases\Brown Spot\image162.jpg,Brown Spot,1
D:\CropDiseaseProject\sugarcane_large\Diseases\Pokkah Boeng\Pokkah Boeng278.jpg,Pokkah Boeng,5
D:\CropDiseaseProject\sugarcane_large\Diseases\Viral Disease\Viral Disease004.jpg,Mosaic / Viral Disease,4
D:\CropDiseaseProject\sugarcane_large\Diseases\Viral Disease\Viral Disease522.jpg,Mosaic / Viral Disease,4
D:\CropDiseaseProject\sugarcane_maharashtra\Yellow\yellow (446).jpeg,Yellow Leaf Disease,10
D:\CropDiseaseProject\sugarcane_maharashtra\Mosaic\mosaic (93).jpeg,Mosaic / Viral Disease,4
D:\CropDiseaseProject\sugarcane_maharashtra\Rust\rust (130).jpeg,Rust (Brown Rust),7
D:\CropDiseaseProject\sugarcane_large\Diseases\smut\Smut289.jpg,Smut,9
D:\CropDiseaseProject\sugarcane_large\Diseases\Brown Spot\image1696.jpg,Brown Spot,1
D:\CropDiseaseProject\sugarcane_large\Diseases\smut\Smut275.jpg,Smut,9
D:\CropDiseaseProject\sugarcane_large\Diseases\Brown Spot\image116.jpg,Brown Spot,1
D:\CropDiseaseProject\sugarcane_large\Diseases\Banded Chlorosis\image211.jpg,Banded Chlorosis,0
D:\CropDiseaseProject\sugarcane_large\Diseases\smut\Smut242.jpg,Smut,9
D:\CropDiseaseProject\sugarcane_large\Diseases\Brown Spot\image1425.jpg,Brown Spot,1
D:\CropDiseaseProject\sugarcane_maharashtra\Mosaic\mosaic (212).jpeg,Mosaic / Viral Disease,4
D:\CropDiseaseProject\sugarcane_large\Diseases\Sett Rot\Sett Rot327.jpg,Sett Rot,8
D:\CropDiseaseProject\sugarcane_large\Diseases\Viral Disease\Viral Disease104.jpg,Mosaic / Viral Disease,4
D:\CropDiseaseProject\sugarcane_maharashtra\Yellow\yellow (22).jpeg,Yellow Leaf Disease,10
D:\CropDiseaseProject\sugarcane_large\Diseases\Viral Disease\Viral Disease415.jpg,Mosaic / Viral Disease,4
D:\CropDiseaseProject\sugarcane_maharashtra\Yellow\yellow (153).jpeg,Yellow Leaf Disease,10
D:\CropDiseaseProject\sugarcane_large\Diseases\Pokkah Boeng\Pokkah Boeng236.jpg,Pokkah Boeng,5
D:\CropDiseaseProject\sugarcane_large\Diseases\Brown Spot\image1129.jpg,Brown Spot,1
D:\CropDiseaseProject\sugarcane_large\Healthy Leaves\image224.jpg,Healthy Leaves,3
D:\CropDiseaseProject\sugarcane_maharashtra\Yellow\yellow (84).jpeg,Yellow Leaf Disease,10
D:\CropDiseaseProject\sugarcane_large\Diseases\Yellow Leaf\Yellow Leaf332.jpg,Yellow Leaf Disease,10
D:\CropDiseaseProject\sugarcane_large\Diseases\smut\Smut057.jpg,Smut,9
D:\CropDiseaseProject\sugarcane_maharashtra\Mosaic\mosaic (321).jpeg,Mosaic / Viral Disease,4
D:\CropDiseaseProject\sugarcane_maharashtra\Healthy\healthy (180).jpeg,Healthy Leaves,3
D:\CropDiseaseProject\sugarcane_maharashtra\Rust\rust (144).jpeg,Rust (Brown Rust),7
D:\CropDiseaseProject\sugarcane_large\Diseases\Pokkah Boeng\Pokkah Boeng071.jpg,Pokkah Boeng,5
D:\CropDiseaseProject\sugarcane_large\Diseases\Viral Disease\Viral Disease157.jpg,Mosaic / Viral Disease,4
D:\CropDiseaseProject\sugarcane_maharashtra\Yellow\yellow (97).jpeg,Yellow Leaf Disease,10
D:\CropDiseaseProject\sugarcane_large\Healthy Leaves\image082.jpg,Healthy Leaves,3
D:\CropDiseaseProject\sugarcane_large\Diseases\Pokkah Boeng\Pokkah Boeng234.jpg,Pokkah Boeng,5
D:\CropDiseaseProject\sugarcane_large\Diseases\Banded Chlorosis\image339.jpg,Banded Chlorosis,0
D:\CropDiseaseProject\sugarcane_large\Diseases\Banded Chlorosis\image019.jpg,Banded Chlorosis,0
D:\CropDiseaseProject\sugarcane_maharashtra\Yellow\yellow (435).jpeg,Yellow Leaf Disease,10
D:\CropDiseaseProject\sugarcane_large\Diseases\BrownRust\image184.jpg,Rust (Brown Rust),7
D:\CropDiseaseProject\sugarcane_large\Diseases\BrownRust\image040.jpg,Rust (Brown Rust),7
D:\CropDiseaseProject\sugarcane_large\Diseases\Banded Chlorosis\image250.jpg,Banded Chlorosis,0
D:\CropDiseaseProject\sugarcane_large\Diseases\Brown Spot\image333.jpg,Brown Spot,1
D:\CropDiseaseProject\sugarcane_large\Diseases\Sett Rot\Sett Rot248.jpg,Sett Rot,8
D:\CropDiseaseProject\sugarcane_maharashtra\Mosaic\mosaic (395).jpeg,Mosaic / Viral Disease,4
D:\CropDiseaseProject\sugarcane_large\Diseases\Yellow Leaf\Yellow Leaf1088.jpg,Yellow Leaf Disease,10
D:\CropDiseaseProject\sugarcane_large\Diseases\Yellow Leaf\Yellow Leaf359.jpg,Yellow Leaf Disease,10
D:\CropDiseaseProject\sugarcane_maharashtra\RedRot\redrot (138).jpeg,Red Rot,6
D:\CropDiseaseProject\sugarcane_large\Diseases\Brown Spot\image1170.jpg,Brown Spot,1
D:\CropDiseaseProject\sugarcane_large\Diseases\Sett Rot\Sett Rot070.jpg,Sett Rot,8
D:\CropDiseaseProject\sugarcane_large\Diseases\Brown Spot\image550.jpg,Brown Spot,1
D:\CropDiseaseProject\sugarcane_large\Diseases\smut\Smut113.jpg,Smut,9
D:\CropDiseaseProject\sugarcane_large\Diseases\Brown Spot\image1316.jpg,Brown Spot,1
D:\CropDiseaseProject\sugarcane_large\Diseases\Banded Chlorosis\image180.jpg,Banded Chlorosis,0
D:\CropDiseaseProject\sugarcane_large\Diseases\Sett Rot\Sett Rot079.jpg,Sett Rot,8
D:\CropDiseaseProject\sugarcane_large\Diseases\Grassy shoot\image123.jpg,Grassy Shoot,2
D:\CropDiseaseProject\sugarcane_large\Diseases\smut\Smut218.jpg,Smut,9
D:\CropDiseaseProject\sugarcane_large\Diseases\Banded Chlorosis\image384.jpg,Banded Chlorosis,0
D:\CropDiseaseProject\sugarcane_large\Healthy Leaves\image251.jpg,Healthy Leaves,3
D:\CropDiseaseProject\sugarcane_large\Diseases\Viral Disease\Viral Disease019.jpg,Mosaic / Viral Disease,4
D:\CropDiseaseProject\sugarcane_maharashtra\Healthy\healthy (454).jpeg,Healthy Leaves,3
D:\CropDiseaseProject\sugarcane_maharashtra\RedRot\redrot (153).jpeg,Red Rot,6
D:\CropDiseaseProject\sugarcane_large\Diseases\Brown Spot\image1431.jpg,Brown Spot,1
D:\CropDiseaseProject\sugarcane_large\Healthy Leaves\image179.jpg,Healthy Leaves,3
D:\CropDiseaseProject\sugarcane_large\Diseases\Viral Disease\Viral Disease374.jpg,Mosaic / Viral Disease,4
D:\CropDiseaseProject\sugarcane_large\Diseases\Brown Spot\image150.jpg,Brown Spot,1
D:\CropDiseaseProject\sugarcane_large\Diseases\Brown Spot\image1137.jpg,Brown Spot,1
D:\CropDiseaseProject\sugarcane_maharashtra\RedRot\redrot (180).jpeg,Red Rot,6
D:\CropDiseaseProject\sugarcane_maharashtra\RedRot\redrot (357).jpeg,Red Rot,6
D:\CropDiseaseProject\sugarcane_maharashtra\Healthy\healthy (380).jpeg,Healthy Leaves,3
D:\CropDiseaseProject\sugarcane_maharashtra\Healthy\healthy (226).jpeg,Healthy Leaves,3
D:\CropDiseaseProject\sugarcane_maharashtra\Mosaic\mosaic (375).jpeg,Mosaic / Viral Disease,4
D:\CropDiseaseProject\sugarcane_large\Diseases\Brown Spot\image1650.jpg,Brown Spot,1
D:\CropDiseaseProject\sugarcane_maharashtra\Rust\rust (280).jpeg,Rust (Brown Rust),7
D:\CropDiseaseProject\sugarcane_large\Diseases\Pokkah Boeng\Pokkah Boeng295.jpg,Pokkah Boeng,5
D:\CropDiseaseProject\sugarcane_large\Diseases\Brown Spot\image1046.jpg,Brown Spot,1
D:\CropDiseaseProject\sugarcane_maharashtra\RedRot\redrot (463).jpeg,Red Rot,6
D:\CropDiseaseProject\sugarcane_large\Diseases\smut\Smut166.jpg,Smut,9
D:\CropDiseaseProject\sugarcane_maharashtra\Mosaic\mosaic (113).jpeg,Mosaic / Viral Disease,4
D:\CropDiseaseProject\sugarcane_large\Diseases\Brown Spot\image922.jpg,Brown Spot,1
D:\CropDiseaseProject\sugarcane_large\Diseases\Viral Disease\Viral Disease561.jpg,Mosaic / Viral Disease,4
D:\CropDiseaseProject\sugarcane_large\Healthy Leaves\image256.jpg,Healthy Leaves,3
D:\CropDiseaseProject\sugarcane_large\Diseases\Brown Spot\image1009.jpg,Brown Spot,1
D:\CropDiseaseProject\sugarcane_maharashtra\Healthy\healthy (112).jpeg,Healthy Leaves,3
D:\CropDiseaseProject\sugarcane_large\Diseases\Brown Spot\image1298.jpg,Brown Spot,1
D:\CropDiseaseProject\sugarcane_large\Diseases\Grassy shoot\image210.jpg,Grassy Shoot,2
D:\CropDiseaseProject\sugarcane_large\Diseases\Brown Spot\image332.jpg,Brown Spot,1
D:\CropDiseaseProject\sugarcane_large\Diseases\Brown Spot\image841.jpg,Brown Spot,1
D:\CropDiseaseProject\sugarcane_maharashtra\Mosaic\mosaic (186).jpeg,Mosaic / Viral Disease,4
D:\CropDiseaseProject\sugarcane_large\Diseases\Brown Spot\image1648.jpg,Brown Spot,1
D:\CropDiseaseProject\sugarcane_large\Diseases\Brown Spot\image931.jpg,Brown Spot,1
D:\CropDiseaseProject\sugarcane_maharashtra\Healthy\healthy (300).jpeg,Healthy Leaves,3
D:\CropDiseaseProject\sugarcane_maharashtra\Yellow\yellow (85).jpeg,Yellow Leaf Disease,10
D:\CropDiseaseProject\sugarcane_large\Diseases\Brown Spot\image1421.jpg,Brown Spot,1
D:\CropDiseaseProject\sugarcane_large\Diseases\Brown Spot\image967.jpg,Brown Spot,1
D:\CropDiseaseProject\sugarcane_large\Diseases\Viral Disease\Viral Disease217.jpg,Mosaic / Viral Disease,4
D:\CropDiseaseProject\sugarcane_large\Diseases\Yellow Leaf\Yellow Leaf451.jpg,Yellow Leaf Disease,10
D:\CropDiseaseProject\sugarcane_large\Diseases\BrownRust\image310.jpg,Rust (Brown Rust),7
D:\CropDiseaseProject\sugarcane_large\Diseases\Sett Rot\Sett Rot367.jpg,Sett Rot,8
D:\CropDiseaseProject\sugarcane_large\Diseases\Viral Disease\Viral Disease472.jpg,Mosaic / Viral Disease,4
D:\CropDiseaseProject\sugarcane_large\Diseases\Yellow Leaf\Yellow Leaf722.jpg,Yellow Leaf Disease,10
D:\CropDiseaseProject\sugarcane_maharashtra\Yellow\yellow (254).jpeg,Yellow Leaf Disease,10
D:\CropDiseaseProject\sugarcane_large\Diseases\Viral Disease\Viral Disease497.jpg,Mosaic / Viral Disease,4
D:\CropDiseaseProject\sugarcane_large\Diseases\Yellow Leaf\Yellow Leaf575.jpg,Yellow Leaf Disease,10
D:\CropDiseaseProject\sugarcane_maharashtra\Rust\rust (256).jpeg,Rust (Brown Rust),7
D:\CropDiseaseProject\sugarcane_large\Diseases\Brown Spot\image126.jpg,Brown Spot,1
D:\CropDiseaseProject\sugarcane_large\Diseases\Grassy shoot\image156.jpg,Grassy Shoot,2
D:\CropDiseaseProject\sugarcane_large\Diseases\Viral Disease\Viral Disease498.jpg,Mosaic / Viral Disease,4
D:\CropDiseaseProject\sugarcane_large\Diseases\Banded Chlorosis\image077.jpg,Banded Chlorosis,0
D:\CropDiseaseProject\sugarcane_large\Diseases\Sett Rot\Sett Rot271.jpg,Sett Rot,8
D:\CropDiseaseProject\sugarcane_maharashtra\Healthy\healthy (412).jpeg,Healthy Leaves,3
D:\CropDiseaseProject\sugarcane_large\Diseases\Sett Rot\Sett Rot257.jpg,Sett Rot,8
D:\CropDiseaseProject\sugarcane_large\Diseases\BrownRust\image139.jpg,Rust (Brown Rust),7
D:\CropDiseaseProject\sugarcane_maharashtra\Mosaic\mosaic (310).jpeg,Mosaic / Viral Disease,4
D:\CropDiseaseProject\sugarcane_large\Diseases\Banded Chlorosis\image013.jpg,Banded Chlorosis,0
D:\CropDiseaseProject\sugarcane_large\Diseases\Brown Spot\image046.jpg,Brown Spot,1
D:\CropDiseaseProject\sugarcane_large\Diseases\Yellow Leaf\Yellow Leaf499.jpg,Yellow Leaf Disease,10
D:\CropDiseaseProject\sugarcane_large\Healthy Leaves\image034.jpg,Healthy Leaves,3
D:\CropDiseaseProject\sugarcane_large\Diseases\BrownRust\image215.jpg,Rust (Brown Rust),7
D:\CropDiseaseProject\sugarcane_large\Diseases\Yellow Leaf\Yellow Leaf417.jpg,Yellow Leaf Disease,10
D:\CropDiseaseProject\sugarcane_large\Diseases\Viral Disease\Viral Disease227.jpg,Mosaic / Viral Disease,4
D:\CropDiseaseProject\sugarcane_large\Diseases\Brown Spot\image585.jpg,Brown Spot,1
D:\CropDiseaseProject\sugarcane_large\Diseases\Brown Spot\image582.jpg,Brown Spot,1
D:\CropDiseaseProject\sugarcane_large\Diseases\Brown Spot\image393.jpg,Brown Spot,1
D:\CropDiseaseProject\sugarcane_maharashtra\Yellow\yellow (393).jpeg,Yellow Leaf Disease,10
D:\CropDiseaseProject\sugarcane_maharashtra\RedRot\redrot (34).jpeg,Red Rot,6
D:\CropDiseaseProject\sugarcane_large\Diseases\Yellow Leaf\Yellow Leaf852.jpg,Yellow Leaf Disease,10
D:\CropDiseaseProject\sugarcane_large\Diseases\Viral Disease\Viral Disease162.jpg,Mosaic / Viral Disease,4
D:\CropDiseaseProject\sugarcane_large\Diseases\BrownRust\image057.jpg,Rust (Brown Rust),7
D:\CropDiseaseProject\sugarcane_maharashtra\Mosaic\mosaic (179).jpeg,Mosaic / Viral Disease,4
D:\CropDiseaseProject\sugarcane_large\Diseases\Yellow Leaf\Yellow Leaf327.jpg,Yellow Leaf Disease,10
D:\CropDiseaseProject\sugarcane_large\Diseases\Brown Spot\image731.jpg,Brown Spot,1
D:\CropDiseaseProject\sugarcane_large\Diseases\Banded Chlorosis\image067.jpg,Banded Chlorosis,0
D:\CropDiseaseProject\sugarcane_large\Diseases\Brown Spot\image1101.jpg,Brown Spot,1
D:\CropDiseaseProject\sugarcane_large\Diseases\Viral Disease\Viral Disease305.jpg,Mosaic / Viral Disease,4
D:\CropDiseaseProject\sugarcane_large\Diseases\Pokkah Boeng\Pokkah Boeng212.jpg,Pokkah Boeng,5
D:\CropDiseaseProject\sugarcane_large\Diseases\Pokkah Boeng\Pokkah Boeng009.jpg,Pokkah Boeng,5
D:\CropDiseaseProject\sugarcane_maharashtra\Rust\rust (463).jpeg,Rust (Brown Rust),7
D:\CropDiseaseProject\sugarcane_large\Diseases\Sett Rot\Sett Rot552.jpg,Sett Rot,8
D:\CropDiseaseProject\sugarcane_large\Diseases\Viral Disease\Viral Disease052.jpg,Mosaic / Viral Disease,4
D:\CropDiseaseProject\sugarcane_large\Diseases\Grassy shoot\image091.jpg,Grassy Shoot,2
D:\CropDiseaseProject\sugarcane_maharashtra\Healthy\healthy (503).jpeg,Healthy Leaves,3
D:\CropDiseaseProject\sugarcane_large\Diseases\Viral Disease\Viral Disease469.jpg,Mosaic / Viral Disease,4
D:\CropDiseaseProject\sugarcane_large\Diseases\Yellow Leaf\Yellow Leaf691.jpg,Yellow Leaf Disease,10
D:\CropDiseaseProject\sugarcane_large\Diseases\Brown Spot\image1692.jpg,Brown Spot,1
D:\CropDiseaseProject\sugarcane_maharashtra\Healthy\healthy (432).jpeg,Healthy Leaves,3
D:\CropDiseaseProject\sugarcane_large\Diseases\Viral Disease\Viral Disease539.jpg,Mosaic / Viral Disease,4
D:\CropDiseaseProject\sugarcane_maharashtra\Mosaic\mosaic (360).jpeg,Mosaic / Viral Disease,4
D:\CropDiseaseProject\sugarcane_large\Healthy Leaves\image381.jpg,Healthy Leaves,3
D:\CropDiseaseProject\sugarcane_large\Diseases\smut\Smut084.jpg,Smut,9
D:\CropDiseaseProject\sugarcane_large\Diseases\Banded Chlorosis\image105.jpg,Banded Chlorosis,0
D:\CropDiseaseProject\sugarcane_maharashtra\Yellow\yellow (94).jpeg,Yellow Leaf Disease,10
D:\CropDiseaseProject\sugarcane_large\Diseases\Sett Rot\Sett Rot350.jpg,Sett Rot,8
D:\CropDiseaseProject\sugarcane_large\Diseases\Banded Chlorosis\image350.jpg,Banded Chlorosis,0
D:\CropDiseaseProject\sugarcane_large\Diseases\Pokkah Boeng\Pokkah Boeng254.jpg,Pokkah Boeng,5
D:\CropDiseaseProject\sugarcane_maharashtra\Yellow\yellow (71).jpeg,Yellow Leaf Disease,10
D:\CropDiseaseProject\sugarcane_large\Diseases\Yellow Leaf\Yellow Leaf500.jpg,Yellow Leaf Disease,10
D:\CropDiseaseProject\sugarcane_large\Diseases\Brown Spot\image1226.jpg,Brown Spot,1
D:\CropDiseaseProject\sugarcane_maharashtra\Rust\rust (121).jpeg,Rust (Brown Rust),7
D:\CropDiseaseProject\sugarcane_large\Diseases\Sett Rot\Sett Rot611.jpg,Sett Rot,8
D:\CropDiseaseProject\sugarcane_maharashtra\Yellow\yellow (268).jpeg,Yellow Leaf Disease,10
D:\CropDiseaseProject\sugarcane_maharashtra\Healthy\healthy (501).jpeg,Healthy Leaves,3
D:\CropDiseaseProject\sugarcane_large\Diseases\Viral Disease\Viral Disease233.jpg,Mosaic / Viral Disease,4
D:\CropDiseaseProject\sugarcane_maharashtra\Yellow\yellow (252).jpeg,Yellow Leaf Disease,10
D:\CropDiseaseProject\sugarcane_large\Diseases\BrownRust\image249.jpg,Rust (Brown Rust),7
D:\CropDiseaseProject\sugarcane_large\Diseases\Brown Spot\image945.jpg,Brown Spot,1
D:\CropDiseaseProject\sugarcane_large\Healthy Leaves\image201.jpg,Healthy Leaves,3
D:\CropDiseaseProject\sugarcane_large\Diseases\Brown Spot\image1384.jpg,Brown Spot,1
D:\CropDiseaseProject\sugarcane_large\Diseases\Brown Spot\image541.jpg,Brown Spot,1
D:\CropDiseaseProject\sugarcane_large\Diseases\Grassy shoot\image144.jpg,Grassy Shoot,2
D:\CropDiseaseProject\sugarcane_large\Diseases\Sett Rot\Sett Rot255.jpg,Sett Rot,8
D:\CropDiseaseProject\sugarcane_large\Diseases\Brown Spot\image869.jpg,Brown Spot,1
D:\CropDiseaseProject\sugarcane_large\Diseases\Yellow Leaf\Yellow Leaf190.jpg,Yellow Leaf Disease,10
D:\CropDiseaseProject\sugarcane_large\Diseases\Sett Rot\Sett Rot422.jpg,Sett Rot,8
D:\CropDiseaseProject\sugarcane_maharashtra\Rust\rust (472).jpeg,Rust (Brown Rust),7
D:\CropDiseaseProject\sugarcane_maharashtra\Rust\rust (478).jpeg,Rust (Brown Rust),7
D:\CropDiseaseProject\sugarcane_large\Diseases\Brown Spot\image1376.jpg,Brown Spot,1
D:\CropDiseaseProject\sugarcane_large\Diseases\Brown Spot\image1075.jpg,Brown Spot,1
D:\CropDiseaseProject\sugarcane_large\Diseases\Grassy shoot\image117.jpg,Grassy Shoot,2
D:\CropDiseaseProject\sugarcane_large\Diseases\Grassy shoot\image001.jpg,Grassy Shoot,2
D:\CropDiseaseProject\sugarcane_large\Diseases\Sett Rot\Sett Rot609.jpg,Sett Rot,8
D:\CropDiseaseProject\sugarcane_large\Diseases\Yellow Leaf\Yellow Leaf1193.jpg,Yellow Leaf Disease,10
D:\CropDiseaseProject\sugarcane_maharashtra\Yellow\yellow (434).jpeg,Yellow Leaf Disease,10
D:\CropDiseaseProject\sugarcane_large\Diseases\Brown Spot\image273.jpg,Brown Spot,1
D:\CropDiseaseProject\sugarcane_large\Diseases\Brown Spot\image1372.jpg,Brown Spot,1
D:\CropDiseaseProject\sugarcane_large\Diseases\Yellow Leaf\Yellow Leaf837.jpg,Yellow Leaf Disease,10
D:\CropDiseaseProject\sugarcane_large\Diseases\Viral Disease\Viral Disease058.jpg,Mosaic / Viral Disease,4
D:\CropDiseaseProject\sugarcane_large\Diseases\Pokkah Boeng\Pokkah Boeng120.jpg,Pokkah Boeng,5
D:\CropDiseaseProject\sugarcane_maharashtra\Mosaic\mosaic (409).jpeg,Mosaic / Viral Disease,4
D:\CropDiseaseProject\sugarcane_maharashtra\Healthy\healthy (224).jpeg,Healthy Leaves,3
D:\CropDiseaseProject\sugarcane_large\Diseases\Banded Chlorosis\image173.jpg,Banded Chlorosis,0
D:\CropDiseaseProject\sugarcane_large\Diseases\Viral Disease\Viral Disease426.jpg,Mosaic / Viral Disease,4
D:\CropDiseaseProject\sugarcane_large\Diseases\Sett Rot\Sett Rot060.jpg,Sett Rot,8
D:\CropDiseaseProject\sugarcane_large\Diseases\Brown Spot\image030.jpg,Brown Spot,1
D:\CropDiseaseProject\sugarcane_large\Diseases\Brown Spot\image017.jpg,Brown Spot,1
D:\CropDiseaseProject\sugarcane_maharashtra\Rust\rust (34).jpeg,Rust (Brown Rust),7
D:\CropDiseaseProject\sugarcane_large\Diseases\Banded Chlorosis\image121.jpg,Banded Chlorosis,0
D:\CropDiseaseProject\sugarcane_large\Diseases\Yellow Leaf\Yellow Leaf300.jpg,Yellow Leaf Disease,10
D:\CropDiseaseProject\sugarcane_large\Diseases\Yellow Leaf\Yellow Leaf1178.jpg,Yellow Leaf Disease,10
D:\CropDiseaseProject\sugarcane_large\Healthy Leaves\image216.jpg,Healthy Leaves,3
D:\CropDiseaseProject\sugarcane_large\Diseases\Viral Disease\Viral Disease090.jpg,Mosaic / Viral Disease,4
D:\CropDiseaseProject\sugarcane_large\Diseases\Brown Spot\image342.jpg,Brown Spot,1
D:\CropDiseaseProject\sugarcane_maharashtra\Rust\rust (253).jpeg,Rust (Brown Rust),7
D:\CropDiseaseProject\sugarcane_large\Diseases\Yellow Leaf\Yellow Leaf599.jpg,Yellow Leaf Disease,10
D:\CropDiseaseProject\sugarcane_large\Diseases\Yellow Leaf\Yellow Leaf776.jpg,Yellow Leaf Disease,10
D:\CropDiseaseProject\sugarcane_large\Diseases\Banded Chlorosis\image292.jpg,Banded Chlorosis,0
D:\CropDiseaseProject\sugarcane_maharashtra\Mosaic\mosaic (119).jpeg,Mosaic / Viral Disease,4
D:\CropDiseaseProject\sugarcane_large\Diseases\Banded Chlorosis\image056.jpg,Banded Chlorosis,0
D:\CropDiseaseProject\sugarcane_large\Diseases\Viral Disease\Viral Disease566.jpg,Mosaic / Viral Disease,4
D:\CropDiseaseProject\sugarcane_large\Diseases\Brown Spot\image319.jpg,Brown Spot,1
D:\CropDiseaseProject\sugarcane_maharashtra\Rust\rust (336).jpeg,Rust (Brown Rust),7
D:\CropDiseaseProject\sugarcane_maharashtra\RedRot\redrot (326).jpeg,Red Rot,6
D:\CropDiseaseProject\sugarcane_large\Diseases\BrownRust\image145.jpg,Rust (Brown Rust),7
D:\CropDiseaseProject\sugarcane_large\Diseases\Banded Chlorosis\image052.jpg,Banded Chlorosis,0
D:\CropDiseaseProject\sugarcane_large\Diseases\Banded Chlorosis\image119.jpg,Banded Chlorosis,0
D:\CropDiseaseProject\sugarcane_maharashtra\RedRot\redrot (495).jpeg,Red Rot,6
D:\CropDiseaseProject\sugarcane_maharashtra\Healthy\healthy (449).jpeg,Healthy Leaves,3
D:\CropDiseaseProject\sugarcane_maharashtra\Mosaic\mosaic (157).jpeg,Mosaic / Viral Disease,4
D:\CropDiseaseProject\sugarcane_large\Diseases\Brown Spot\image391.jpg,Brown Spot,1
D:\CropDiseaseProject\sugarcane_large\Diseases\Brown Spot\image793.jpg,Brown Spot,1
D:\CropDiseaseProject\sugarcane_maharashtra\Mosaic\mosaic (45).jpeg,Mosaic / Viral Disease,4
D:\CropDiseaseProject\sugarcane_maharashtra\Healthy\healthy (203).jpeg,Healthy Leaves,3
D:\CropDiseaseProject\sugarcane_large\Diseases\Brown Spot\image1247.jpg,Brown Spot,1
D:\CropDiseaseProject\sugarcane_large\Diseases\BrownRust\image281.jpg,Rust (Brown Rust),7
D:\CropDiseaseProject\sugarcane_large\Healthy Leaves\image411.jpg,Healthy Leaves,3
D:\CropDiseaseProject\sugarcane_large\Diseases\Sett Rot\Sett Rot080.jpg,Sett Rot,8
D:\CropDiseaseProject\sugarcane_maharashtra\Yellow\yellow (128).jpeg,Yellow Leaf Disease,10
D:\CropDiseaseProject\sugarcane_large\Diseases\Pokkah Boeng\Pokkah Boeng194.jpg,Pokkah Boeng,5
D:\CropDiseaseProject\sugarcane_large\Diseases\Viral Disease\Viral Disease502.jpg,Mosaic / Viral Disease,4
D:\CropDiseaseProject\sugarcane_maharashtra\Healthy\healthy (358).jpeg,Healthy Leaves,3
D:\CropDiseaseProject\sugarcane_large\Diseases\Sett Rot\Sett Rot336.jpg,Sett Rot,8
D:\CropDiseaseProject\sugarcane_large\Diseases\Brown Spot\image1265.jpg,Brown Spot,1
D:\CropDiseaseProject\sugarcane_maharashtra\Yellow\yellow (46).jpeg,Yellow Leaf Disease,10
D:\CropDiseaseProject\sugarcane_maharashtra\Rust\rust (451).jpeg,Rust (Brown Rust),7
D:\CropDiseaseProject\sugarcane_large\Diseases\Banded Chlorosis\image256.jpg,Banded Chlorosis,0
D:\CropDiseaseProject\sugarcane_large\Diseases\Yellow Leaf\Yellow Leaf694.jpg,Yellow Leaf Disease,10
D:\CropDiseaseProject\sugarcane_large\Diseases\Brown Spot\image1673.jpg,Brown Spot,1
D:\CropDiseaseProject\sugarcane_large\Diseases\Viral Disease\Viral Disease071.jpg,Mosaic / Viral Disease,4
D:\CropDiseaseProject\sugarcane_maharashtra\Rust\rust (3).jpeg,Rust (Brown Rust),7
D:\CropDiseaseProject\sugarcane_maharashtra\Healthy\healthy (398).jpeg,Healthy Leaves,3
D:\CropDiseaseProject\sugarcane_maharashtra\Rust\rust (234).jpeg,Rust (Brown Rust),7
D:\CropDiseaseProject\sugarcane_maharashtra\RedRot\redrot (453).jpeg,Red Rot,6
D:\CropDiseaseProject\sugarcane_large\Diseases\Grassy shoot\image320.jpg,Grassy Shoot,2
D:\CropDiseaseProject\sugarcane_large\Diseases\Brown Spot\image1628.jpg,Brown Spot,1
D:\CropDiseaseProject\sugarcane_maharashtra\Healthy\healthy (227).jpeg,Healthy Leaves,3
D:\CropDiseaseProject\sugarcane_large\Diseases\Viral Disease\Viral Disease631.jpg,Mosaic / Viral Disease,4
D:\CropDiseaseProject\sugarcane_large\Diseases\Banded Chlorosis\image312.jpg,Banded Chlorosis,0
D:\CropDiseaseProject\sugarcane_maharashtra\RedRot\redrot (411).jpeg,Red Rot,6
D:\CropDiseaseProject\sugarcane_large\Diseases\Grassy shoot\image189.jpg,Grassy Shoot,2
D:\CropDiseaseProject\sugarcane_large\Diseases\Grassy shoot\image015.jpg,Grassy Shoot,2
D:\CropDiseaseProject\sugarcane_large\Diseases\Brown Spot\image467.jpg,Brown Spot,1
D:\CropDiseaseProject\sugarcane_large\Diseases\Brown Spot\image1331.jpg,Brown Spot,1
D:\CropDiseaseProject\sugarcane_large\Healthy Leaves\image023.jpg,Healthy Leaves,3
D:\CropDiseaseProject\sugarcane_large\Diseases\Viral Disease\Viral Disease006.jpg,Mosaic / Viral Disease,4
D:\CropDiseaseProject\sugarcane_large\Diseases\Sett Rot\Sett Rot011.jpg,Sett Rot,8
D:\CropDiseaseProject\sugarcane_large\Diseases\BrownRust\image216.jpg,Rust (Brown Rust),7
D:\CropDiseaseProject\sugarcane_large\Diseases\Banded Chlorosis\image311.jpg,Banded Chlorosis,0
D:\CropDiseaseProject\sugarcane_maharashtra\Rust\rust (202).jpeg,Rust (Brown Rust),7
D:\CropDiseaseProject\sugarcane_large\Diseases\BrownRust\image157.jpg,Rust (Brown Rust),7
D:\CropDiseaseProject\sugarcane_large\Diseases\Brown Spot\image052.jpg,Brown Spot,1
D:\CropDiseaseProject\sugarcane_large\Diseases\Yellow Leaf\Yellow Leaf871.jpg,Yellow Leaf Disease,10
D:\CropDiseaseProject\sugarcane_large\Diseases\Yellow Leaf\Yellow Leaf518.jpg,Yellow Leaf Disease,10
D:\CropDiseaseProject\sugarcane_large\Diseases\Viral Disease\Viral Disease479.jpg,Mosaic / Viral Disease,4
D:\CropDiseaseProject\sugarcane_large\Diseases\Sett Rot\Sett Rot590.jpg,Sett Rot,8
D:\CropDiseaseProject\sugarcane_large\Diseases\Sett Rot\Sett Rot098.jpg,Sett Rot,8
D:\CropDiseaseProject\sugarcane_large\Diseases\Brown Spot\image1470.jpg,Brown Spot,1
D:\CropDiseaseProject\sugarcane_maharashtra\Mosaic\mosaic (91).jpeg,Mosaic / Viral Disease,4
D:\CropDiseaseProject\sugarcane_maharashtra\Mosaic\mosaic (404).jpeg,Mosaic / Viral Disease,4
D:\CropDiseaseProject\sugarcane_large\Diseases\Brown Spot\image1079.jpg,Brown Spot,1
D:\CropDiseaseProject\sugarcane_large\Diseases\Yellow Leaf\Yellow Leaf306.jpg,Yellow Leaf Disease,10
D:\CropDiseaseProject\sugarcane_large\Diseases\Yellow Leaf\Yellow Leaf665.jpg,Yellow Leaf Disease,10
D:\CropDiseaseProject\sugarcane_large\Diseases\Brown Spot\image478.jpg,Brown Spot,1
D:\CropDiseaseProject\sugarcane_large\Diseases\Brown Spot\image1150.jpg,Brown Spot,1
D:\CropDiseaseProject\sugarcane_large\Healthy Leaves\image118.jpg,Healthy Leaves,3
D:\CropDiseaseProject\sugarcane_maharashtra\Healthy\healthy (234).jpeg,Healthy Leaves,3
D:\CropDiseaseProject\sugarcane_large\Diseases\Brown Spot\image262.jpg,Brown Spot,1
D:\CropDiseaseProject\sugarcane_large\Diseases\smut\Smut212.jpg,Smut,9
D:\CropDiseaseProject\sugarcane_large\Diseases\Banded Chlorosis\image462.jpg,Banded Chlorosis,0
D:\CropDiseaseProject\sugarcane_maharashtra\RedRot\redrot (381).jpeg,Red Rot,6
D:\CropDiseaseProject\sugarcane_maharashtra\Healthy\healthy (209).jpeg,Healthy Leaves,3
D:\CropDiseaseProject\sugarcane_large\Diseases\Brown Spot\image650.jpg,Brown Spot,1
D:\CropDiseaseProject\sugarcane_large\Diseases\Yellow Leaf\Yellow Leaf196.jpg,Yellow Leaf Disease,10
D:\CropDiseaseProject\sugarcane_large\Diseases\Sett Rot\Sett Rot298.jpg,Sett Rot,8
D:\CropDiseaseProject\sugarcane_large\Diseases\Brown Spot\image808.jpg,Brown Spot,1
D:\CropDiseaseProject\sugarcane_large\Diseases\Sett Rot\Sett Rot136.jpg,Sett Rot,8
D:\CropDiseaseProject\sugarcane_large\Diseases\BrownRust\image176.jpg,Rust (Brown Rust),7
D:\CropDiseaseProject\sugarcane_large\Diseases\Viral Disease\Viral Disease582.jpg,Mosaic / Viral Disease,4
D:\CropDiseaseProject\sugarcane_large\Diseases\smut\Smut059.jpg,Smut,9
D:\CropDiseaseProject\sugarcane_large\Diseases\Pokkah Boeng\Pokkah Boeng211.jpg,Pokkah Boeng,5
D:\CropDiseaseProject\sugarcane_large\Diseases\Sett Rot\Sett Rot086.jpg,Sett Rot,8
D:\CropDiseaseProject\sugarcane_large\Diseases\smut\Smut120.jpg,Smut,9
D:\CropDiseaseProject\sugarcane_large\Diseases\smut\Smut304.jpg,Smut,9
D:\CropDiseaseProject\sugarcane_maharashtra\Yellow\yellow (258).jpeg,Yellow Leaf Disease,10
D:\CropDiseaseProject\sugarcane_large\Healthy Leaves\image290.jpg,Healthy Leaves,3
D:\CropDiseaseProject\sugarcane_maharashtra\Mosaic\mosaic (10).jpeg,Mosaic / Viral Disease,4
D:\CropDiseaseProject\sugarcane_large\Healthy Leaves\image062.jpg,Healthy Leaves,3
D:\CropDiseaseProject\sugarcane_maharashtra\RedRot\redrot (191).jpeg,Red Rot,6
D:\CropDiseaseProject\sugarcane_large\Diseases\Banded Chlorosis\image385.jpg,Banded Chlorosis,0
D:\CropDiseaseProject\sugarcane_maharashtra\Rust\rust (185).jpeg,Rust (Brown Rust),7
D:\CropDiseaseProject\sugarcane_maharashtra\Rust\rust (252).jpeg,Rust (Brown Rust),7
D:\CropDiseaseProject\sugarcane_maharashtra\RedRot\redrot (294).jpeg,Red Rot,6
D:\CropDiseaseProject\sugarcane_large\Diseases\Grassy shoot\image070.jpg,Grassy Shoot,2
D:\CropDiseaseProject\sugarcane_maharashtra\Rust\rust (10).jpeg,Rust (Brown Rust),7
D:\CropDiseaseProject\sugarcane_maharashtra\Healthy\healthy (240).jpeg,Healthy Leaves,3
D:\CropDiseaseProject\sugarcane_large\Diseases\Brown Spot\image110.jpg,Brown Spot,1
D:\CropDiseaseProject\sugarcane_large\Diseases\Viral Disease\Viral Disease438.jpg,Mosaic / Viral Disease,4
D:\CropDiseaseProject\sugarcane_maharashtra\Rust\rust (345).jpeg,Rust (Brown Rust),7
D:\CropDiseaseProject\sugarcane_large\Diseases\Viral Disease\Viral Disease447.jpg,Mosaic / Viral Disease,4
D:\CropDiseaseProject\sugarcane_maharashtra\RedRot\redrot (505).jpeg,Red Rot,6
D:\CropDiseaseProject\sugarcane_large\Diseases\BrownRust\image244.jpg,Rust (Brown Rust),7
D:\CropDiseaseProject\sugarcane_large\Diseases\Brown Spot\image1395.jpg,Brown Spot,1
D:\CropDiseaseProject\sugarcane_large\Diseases\Sett Rot\Sett Rot256.jpg,Sett Rot,8
D:\CropDiseaseProject\sugarcane_maharashtra\Yellow\yellow (498).jpeg,Yellow Leaf Disease,10
D:\CropDiseaseProject\sugarcane_large\Diseases\BrownRust\image038.jpg,Rust (Brown Rust),7
D:\CropDiseaseProject\sugarcane_large\Diseases\Banded Chlorosis\image389.jpg,Banded Chlorosis,0
D:\CropDiseaseProject\sugarcane_large\Diseases\Yellow Leaf\Yellow Leaf603.jpg,Yellow Leaf Disease,10
D:\CropDiseaseProject\sugarcane_large\Diseases\Yellow Leaf\Yellow Leaf825.jpg,Yellow Leaf Disease,10
D:\CropDiseaseProject\sugarcane_large\Diseases\Brown Spot\image654.jpg,Brown Spot,1
D:\CropDiseaseProject\sugarcane_large\Diseases\Yellow Leaf\Yellow Leaf536.jpg,Yellow Leaf Disease,10
D:\CropDiseaseProject\sugarcane_large\Diseases\Banded Chlorosis\image179.jpg,Banded Chlorosis,0
D:\CropDiseaseProject\sugarcane_large\Diseases\Yellow Leaf\Yellow Leaf095.jpg,Yellow Leaf Disease,10
D:\CropDiseaseProject\sugarcane_maharashtra\Healthy\healthy (51).jpeg,Healthy Leaves,3
D:\CropDiseaseProject\sugarcane_large\Diseases\Brown Spot\image1196.jpg,Brown Spot,1
D:\CropDiseaseProject\sugarcane_large\Diseases\Yellow Leaf\Yellow Leaf1015.jpg,Yellow Leaf Disease,10
D:\CropDiseaseProject\sugarcane_large\Diseases\Brown Spot\image577.jpg,Brown Spot,1
D:\CropDiseaseProject\sugarcane_large\Diseases\BrownRust\image120.jpg,Rust (Brown Rust),7
D:\CropDiseaseProject\sugarcane_large\Diseases\Grassy shoot\image187.jpg,Grassy Shoot,2
D:\CropDiseaseProject\sugarcane_large\Diseases\Viral Disease\Viral Disease276.jpg,Mosaic / Viral Disease,4
D:\CropDiseaseProject\sugarcane_large\Diseases\Yellow Leaf\Yellow Leaf581.jpg,Yellow Leaf Disease,10
D:\CropDiseaseProject\sugarcane_large\Diseases\Brown Spot\image144.jpg,Brown Spot,1
D:\CropDiseaseProject\sugarcane_large\Diseases\Sett Rot\Sett Rot373.jpg,Sett Rot,8
D:\CropDiseaseProject\sugarcane_large\Diseases\Brown Spot\image1077.jpg,Brown Spot,1
D:\CropDiseaseProject\sugarcane_maharashtra\Rust\rust (328).jpeg,Rust (Brown Rust),7
D:\CropDiseaseProject\sugarcane_large\Diseases\Grassy shoot\image094.jpg,Grassy Shoot,2
D:\CropDiseaseProject\sugarcane_large\Diseases\Banded Chlorosis\image085.jpg,Banded Chlorosis,0
D:\CropDiseaseProject\sugarcane_large\Diseases\Banded Chlorosis\image114.jpg,Banded Chlorosis,0
D:\CropDiseaseProject\sugarcane_large\Diseases\Yellow Leaf\Yellow Leaf262.jpg,Yellow Leaf Disease,10
D:\CropDiseaseProject\sugarcane_large\Diseases\Viral Disease\Viral Disease257.jpg,Mosaic / Viral Disease,4
D:\CropDiseaseProject\sugarcane_large\Diseases\Yellow Leaf\Yellow Leaf663.jpg,Yellow Leaf Disease,10
D:\CropDiseaseProject\sugarcane_large\Diseases\Brown Spot\image1532.jpg,Brown Spot,1
D:\CropDiseaseProject\sugarcane_large\Diseases\Yellow Leaf\Yellow Leaf1028.jpg,Yellow Leaf Disease,10
D:\CropDiseaseProject\sugarcane_large\Diseases\Banded Chlorosis\image467.jpg,Banded Chlorosis,0
D:\CropDiseaseProject\sugarcane_large\Diseases\Sett Rot\Sett Rot353.jpg,Sett Rot,8
D:\CropDiseaseProject\sugarcane_maharashtra\Yellow\yellow (135).jpeg,Yellow Leaf Disease,10
D:\CropDiseaseProject\sugarcane_large\Diseases\Yellow Leaf\Yellow Leaf339.jpg,Yellow Leaf Disease,10
D:\CropDiseaseProject\sugarcane_large\Diseases\Sett Rot\Sett Rot015.jpg,Sett Rot,8
D:\CropDiseaseProject\sugarcane_maharashtra\RedRot\redrot (65).jpeg,Red Rot,6
D:\CropDiseaseProject\sugarcane_large\Diseases\Brown Spot\image1261.jpg,Brown Spot,1
D:\CropDiseaseProject\sugarcane_large\Diseases\Pokkah Boeng\Pokkah Boeng227.jpg,Pokkah Boeng,5
D:\CropDiseaseProject\sugarcane_large\Diseases\Sett Rot\Sett Rot364.jpg,Sett Rot,8
D:\CropDiseaseProject\sugarcane_large\Diseases\Grassy shoot\image216.jpg,Grassy Shoot,2
D:\CropDiseaseProject\sugarcane_large\Diseases\Yellow Leaf\Yellow Leaf838.jpg,Yellow Leaf Disease,10
D:\CropDiseaseProject\sugarcane_large\Diseases\Brown Spot\image1340.jpg,Brown Spot,1
D:\CropDiseaseProject\sugarcane_large\Diseases\Banded Chlorosis\image111.jpg,Banded Chlorosis,0
D:\CropDiseaseProject\sugarcane_large\Diseases\Sett Rot\Sett Rot276.jpg,Sett Rot,8
D:\CropDiseaseProject\sugarcane_large\Diseases\Sett Rot\Sett Rot581.jpg,Sett Rot,8
D:\CropDiseaseProject\sugarcane_maharashtra\RedRot\redrot (17).jpeg,Red Rot,6
D:\CropDiseaseProject\sugarcane_large\Healthy Leaves\image366.jpg,Healthy Leaves,3
D:\CropDiseaseProject\sugarcane_large\Diseases\Banded Chlorosis\image409.jpg,Banded Chlorosis,0
D:\CropDiseaseProject\sugarcane_large\Diseases\Brown Spot\image656.jpg,Brown Spot,1
D:\CropDiseaseProject\sugarcane_large\Diseases\Grassy shoot\image195.jpg,Grassy Shoot,2
D:\CropDiseaseProject\sugarcane_large\Diseases\smut\Smut223.jpg,Smut,9
D:\CropDiseaseProject\sugarcane_large\Diseases\Yellow Leaf\Yellow Leaf556.jpg,Yellow Leaf Disease,10
D:\CropDiseaseProject\sugarcane_maharashtra\RedRot\redrot (405).jpeg,Red Rot,6
D:\CropDiseaseProject\sugarcane_large\Diseases\Yellow Leaf\Yellow Leaf703.jpg,Yellow Leaf Disease,10
D:\CropDiseaseProject\sugarcane_large\Diseases\Brown Spot\image159.jpg,Brown Spot,1
D:\CropDiseaseProject\sugarcane_large\Diseases\Yellow Leaf\Yellow Leaf1108.jpg,Yellow Leaf Disease,10
D:\CropDiseaseProject\sugarcane_maharashtra\RedRot\redrot (439).jpeg,Red Rot,6
D:\CropDiseaseProject\sugarcane_large\Diseases\Yellow Leaf\Yellow Leaf619.jpg,Yellow Leaf Disease,10
D:\CropDiseaseProject\sugarcane_maharashtra\RedRot\redrot (38).jpeg,Red Rot,6
D:\CropDiseaseProject\sugarcane_large\Diseases\Yellow Leaf\Yellow Leaf1055.jpg,Yellow Leaf Disease,10
D:\CropDiseaseProject\sugarcane_maharashtra\RedRot\redrot (177).jpeg,Red Rot,6
D:\CropDiseaseProject\sugarcane_maharashtra\Yellow\yellow (150).jpeg,Yellow Leaf Disease,10
D:\CropDiseaseProject\sugarcane_large\Diseases\Brown Spot\image1253.jpg,Brown Spot,1
D:\CropDiseaseProject\sugarcane_large\Diseases\Brown Spot\image512.jpg,Brown Spot,1
D:\CropDiseaseProject\sugarcane_large\Diseases\Grassy shoot\image311.jpg,Grassy Shoot,2
D:\CropDiseaseProject\sugarcane_large\Diseases\BrownRust\image182.jpg,Rust (Brown Rust),7
D:\CropDiseaseProject\sugarcane_maharashtra\Healthy\healthy (313).jpeg,Healthy Leaves,3
D:\CropDiseaseProject\sugarcane_large\Diseases\Yellow Leaf\Yellow Leaf268.jpg,Yellow Leaf Disease,10
D:\CropDiseaseProject\sugarcane_large\Diseases\Viral Disease\Viral Disease093.jpg,Mosaic / Viral Disease,4
D:\CropDiseaseProject\sugarcane_maharashtra\RedRot\redrot (376).jpeg,Red Rot,6
D:\CropDiseaseProject\sugarcane_large\Diseases\Brown Spot\image036.jpg,Brown Spot,1
D:\CropDiseaseProject\sugarcane_maharashtra\Healthy\healthy (373).jpeg,Healthy Leaves,3
D:\CropDiseaseProject\sugarcane_maharashtra\Healthy\healthy (219).jpeg,Healthy Leaves,3
D:\CropDiseaseProject\sugarcane_large\Healthy Leaves\image405.jpg,Healthy Leaves,3
D:\CropDiseaseProject\sugarcane_large\Diseases\Banded Chlorosis\image204.jpg,Banded Chlorosis,0
D:\CropDiseaseProject\sugarcane_maharashtra\Mosaic\mosaic (427).jpeg,Mosaic / Viral Disease,4
D:\CropDiseaseProject\sugarcane_maharashtra\Rust\rust (4).jpeg,Rust (Brown Rust),7
D:\CropDiseaseProject\sugarcane_large\Diseases\Brown Spot\image738.jpg,Brown Spot,1
D:\CropDiseaseProject\sugarcane_large\Diseases\Brown Spot\image1620.jpg,Brown Spot,1
D:\CropDiseaseProject\sugarcane_large\Diseases\Yellow Leaf\Yellow Leaf476.jpg,Yellow Leaf Disease,10
D:\CropDiseaseProject\sugarcane_large\Diseases\Pokkah Boeng\Pokkah Boeng054.jpg,Pokkah Boeng,5
D:\CropDiseaseProject\sugarcane_large\Healthy Leaves\image221.jpg,Healthy Leaves,3
D:\CropDiseaseProject\sugarcane_maharashtra\Yellow\yellow (401).jpeg,Yellow Leaf Disease,10
D:\CropDiseaseProject\sugarcane_maharashtra\RedRot\redrot (251).jpeg,Red Rot,6
D:\CropDiseaseProject\sugarcane_large\Diseases\Brown Spot\image1540.jpg,Brown Spot,1
D:\CropDiseaseProject\sugarcane_maharashtra\Rust\rust (247).jpeg,Rust (Brown Rust),7
D:\CropDiseaseProject\sugarcane_maharashtra\Mosaic\mosaic (369).jpeg,Mosaic / Viral Disease,4
D:\CropDiseaseProject\sugarcane_maharashtra\Mosaic\mosaic (328).jpeg,Mosaic / Viral Disease,4
D:\CropDiseaseProject\sugarcane_large\Healthy Leaves\image317.jpg,Healthy Leaves,3
D:\CropDiseaseProject\sugarcane_large\Diseases\Brown Spot\image1388.jpg,Brown Spot,1
D:\CropDiseaseProject\sugarcane_large\Diseases\Grassy shoot\image143.jpg,Grassy Shoot,2
D:\CropDiseaseProject\sugarcane_large\Healthy Leaves\image001.jpg,Healthy Leaves,3
D:\CropDiseaseProject\sugarcane_large\Diseases\Brown Spot\image1598.jpg,Brown Spot,1
D:\CropDiseaseProject\sugarcane_large\Diseases\Yellow Leaf\Yellow Leaf550.jpg,Yellow Leaf Disease,10
D:\CropDiseaseProject\sugarcane_large\Diseases\Yellow Leaf\Yellow Leaf429.jpg,Yellow Leaf Disease,10
D:\CropDiseaseProject\sugarcane_maharashtra\Rust\rust (329).jpeg,Rust (Brown Rust),7
D:\CropDiseaseProject\sugarcane_large\Diseases\smut\Smut288.jpg,Smut,9
D:\CropDiseaseProject\sugarcane_maharashtra\Rust\rust (109).jpeg,Rust (Brown Rust),7
D:\CropDiseaseProject\sugarcane_large\Diseases\Brown Spot\image1342.jpg,Brown Spot,1
D:\CropDiseaseProject\sugarcane_large\Diseases\Brown Spot\image1379.jpg,Brown Spot,1
D:\CropDiseaseProject\sugarcane_large\Diseases\Sett Rot\Sett Rot004.jpg,Sett Rot,8
D:\CropDiseaseProject\sugarcane_large\Diseases\Yellow Leaf\Yellow Leaf598.jpg,Yellow Leaf Disease,10
D:\CropDiseaseProject\sugarcane_large\Diseases\Yellow Leaf\Yellow Leaf338.jpg,Yellow Leaf Disease,10
D:\CropDiseaseProject\sugarcane_large\Diseases\Sett Rot\Sett Rot008.jpg,Sett Rot,8
D:\CropDiseaseProject\sugarcane_large\Diseases\smut\Smut206.jpg,Smut,9
D:\CropDiseaseProject\sugarcane_large\Diseases\Grassy shoot\image166.jpg,Grassy Shoot,2
D:\CropDiseaseProject\sugarcane_maharashtra\Healthy\healthy (418).jpeg,Healthy Leaves,3
D:\CropDiseaseProject\sugarcane_large\Diseases\BrownRust\image224.jpg,Rust (Brown Rust),7
D:\CropDiseaseProject\sugarcane_large\Diseases\BrownRust\image081.jpg,Rust (Brown Rust),7
D:\CropDiseaseProject\sugarcane_large\Diseases\Sett Rot\Sett Rot534.jpg,Sett Rot,8
D:\CropDiseaseProject\sugarcane_maharashtra\Rust\rust (279).jpeg,Rust (Brown Rust),7
D:\CropDiseaseProject\sugarcane_maharashtra\Rust\rust (197).jpeg,Rust (Brown Rust),7
D:\CropDiseaseProject\sugarcane_maharashtra\Healthy\healthy (433).jpeg,Healthy Leaves,3
D:\CropDiseaseProject\sugarcane_large\Diseases\smut\Smut230.jpg,Smut,9
D:\CropDiseaseProject\sugarcane_large\Diseases\Yellow Leaf\Yellow Leaf134.jpg,Yellow Leaf Disease,10
D:\CropDiseaseProject\sugarcane_large\Diseases\Viral Disease\Viral Disease053.jpg,Mosaic / Viral Disease,4
D:\CropDiseaseProject\sugarcane_maharashtra\Mosaic\mosaic (329).jpeg,Mosaic / Viral Disease,4
D:\CropDiseaseProject\sugarcane_large\Diseases\Brown Spot\image887.jpg,Brown Spot,1
D:\CropDiseaseProject\sugarcane_large\Diseases\Pokkah Boeng\Pokkah Boeng151.jpg,Pokkah Boeng,5
D:\CropDiseaseProject\sugarcane_large\Diseases\Sett Rot\Sett Rot261.jpg,Sett Rot,8
D:\CropDiseaseProject\sugarcane_large\Diseases\Yellow Leaf\Yellow Leaf076.jpg,Yellow Leaf Disease,10
D:\CropDiseaseProject\sugarcane_large\Diseases\Grassy shoot\image303.jpg,Grassy Shoot,2
D:\CropDiseaseProject\sugarcane_large\Diseases\Banded Chlorosis\image006.jpg,Banded Chlorosis,0
D:\CropDiseaseProject\sugarcane_maharashtra\Yellow\yellow (188).jpeg,Yellow Leaf Disease,10
D:\CropDiseaseProject\sugarcane_large\Diseases\Brown Spot\image437.jpg,Brown Spot,1
D:\CropDiseaseProject\sugarcane_maharashtra\Healthy\healthy (407).jpeg,Healthy Leaves,3
D:\CropDiseaseProject\sugarcane_large\Diseases\Brown Spot\image1487.jpg,Brown Spot,1
D:\CropDiseaseProject\sugarcane_large\Diseases\Yellow Leaf\Yellow Leaf824.jpg,Yellow Leaf Disease,10
D:\CropDiseaseProject\sugarcane_large\Diseases\Banded Chlorosis\image079.jpg,Banded Chlorosis,0
D:\CropDiseaseProject\sugarcane_maharashtra\Healthy\healthy (164).jpeg,Healthy Leaves,3
D:\CropDiseaseProject\sugarcane_large\Diseases\Brown Spot\image863.jpg,Brown Spot,1
D:\CropDiseaseProject\sugarcane_maharashtra\Mosaic\mosaic (28).jpeg,Mosaic / Viral Disease,4
D:\CropDiseaseProject\sugarcane_large\Diseases\BrownRust\image195.jpg,Rust (Brown Rust),7
D:\CropDiseaseProject\sugarcane_large\Diseases\Pokkah Boeng\Pokkah Boeng237.jpg,Pokkah Boeng,5
D:\CropDiseaseProject\sugarcane_maharashtra\Yellow\yellow (162).jpeg,Yellow Leaf Disease,10
D:\CropDiseaseProject\sugarcane_large\Diseases\Yellow Leaf\Yellow Leaf371.jpg,Yellow Leaf Disease,10
D:\CropDiseaseProject\sugarcane_large\Diseases\Viral Disease\Viral Disease163.jpg,Mosaic / Viral Disease,4
D:\CropDiseaseProject\sugarcane_large\Diseases\Brown Spot\image1463.jpg,Brown Spot,1
D:\CropDiseaseProject\sugarcane_maharashtra\RedRot\redrot (130).jpeg,Red Rot,6
D:\CropDiseaseProject\sugarcane_maharashtra\Yellow\yellow (40).jpeg,Yellow Leaf Disease,10
D:\CropDiseaseProject\sugarcane_maharashtra\Rust\rust (148).jpeg,Rust (Brown Rust),7
D:\CropDiseaseProject\sugarcane_large\Diseases\Yellow Leaf\Yellow Leaf1104.jpg,Yellow Leaf Disease,10
D:\CropDiseaseProject\sugarcane_large\Diseases\Brown Spot\image1177.jpg,Brown Spot,1
D:\CropDiseaseProject\sugarcane_large\Healthy Leaves\image147.jpg,Healthy Leaves,3
D:\CropDiseaseProject\sugarcane_large\Diseases\Yellow Leaf\Yellow Leaf600.jpg,Yellow Leaf Disease,10
D:\CropDiseaseProject\sugarcane_maharashtra\Rust\rust (218).jpeg,Rust (Brown Rust),7
D:\CropDiseaseProject\sugarcane_large\Diseases\Sett Rot\Sett Rot405.jpg,Sett Rot,8
D:\CropDiseaseProject\sugarcane_large\Diseases\Brown Spot\image456.jpg,Brown Spot,1
D:\CropDiseaseProject\sugarcane_large\Diseases\Brown Spot\image102.jpg,Brown Spot,1
D:\CropDiseaseProject\sugarcane_large\Diseases\Brown Spot\image860.jpg,Brown Spot,1
D:\CropDiseaseProject\sugarcane_maharashtra\Rust\rust (365).jpeg,Rust (Brown Rust),7
D:\CropDiseaseProject\sugarcane_maharashtra\RedRot\redrot (443).jpeg,Red Rot,6
D:\CropDiseaseProject\sugarcane_large\Diseases\Banded Chlorosis\image045.jpg,Banded Chlorosis,0
D:\CropDiseaseProject\sugarcane_large\Diseases\Brown Spot\image1494.jpg,Brown Spot,1
D:\CropDiseaseProject\sugarcane_large\Diseases\Banded Chlorosis\image460.jpg,Banded Chlorosis,0
D:\CropDiseaseProject\sugarcane_large\Diseases\Sett Rot\Sett Rot339.jpg,Sett Rot,8
D:\CropDiseaseProject\sugarcane_maharashtra\Healthy\healthy (221).jpeg,Healthy Leaves,3
D:\CropDiseaseProject\sugarcane_large\Diseases\Brown Spot\image241.jpg,Brown Spot,1
D:\CropDiseaseProject\sugarcane_large\Diseases\Yellow Leaf\Yellow Leaf055.jpg,Yellow Leaf Disease,10
D:\CropDiseaseProject\sugarcane_maharashtra\Rust\rust (156).jpeg,Rust (Brown Rust),7
D:\CropDiseaseProject\sugarcane_large\Diseases\Sett Rot\Sett Rot495.jpg,Sett Rot,8
D:\CropDiseaseProject\sugarcane_large\Diseases\Yellow Leaf\Yellow Leaf471.jpg,Yellow Leaf Disease,10
D:\CropDiseaseProject\sugarcane_large\Diseases\Sett Rot\Sett Rot035.jpg,Sett Rot,8
D:\CropDiseaseProject\sugarcane_large\Diseases\Yellow Leaf\Yellow Leaf111.jpg,Yellow Leaf Disease,10
D:\CropDiseaseProject\sugarcane_maharashtra\Rust\rust (473).jpeg,Rust (Brown Rust),7
D:\CropDiseaseProject\sugarcane_maharashtra\Mosaic\mosaic (317).jpeg,Mosaic / Viral Disease,4
D:\CropDiseaseProject\sugarcane_large\Diseases\Sett Rot\Sett Rot432.jpg,Sett Rot,8
D:\CropDiseaseProject\sugarcane_large\Diseases\Brown Spot\image688.jpg,Brown Spot,1
D:\CropDiseaseProject\sugarcane_maharashtra\Mosaic\mosaic (458).jpeg,Mosaic / Viral Disease,4
D:\CropDiseaseProject\sugarcane_large\Diseases\Yellow Leaf\Yellow Leaf245.jpg,Yellow Leaf Disease,10
D:\CropDiseaseProject\sugarcane_large\Diseases\Brown Spot\image351.jpg,Brown Spot,1
D:\CropDiseaseProject\sugarcane_large\Diseases\Brown Spot\image361.jpg,Brown Spot,1
D:\CropDiseaseProject\sugarcane_large\Diseases\Brown Spot\image1338.jpg,Brown Spot,1
D:\CropDiseaseProject\sugarcane_large\Diseases\Yellow Leaf\Yellow Leaf041.jpg,Yellow Leaf Disease,10
D:\CropDiseaseProject\sugarcane_maharashtra\Healthy\healthy (419).jpeg,Healthy Leaves,3
D:\CropDiseaseProject\sugarcane_large\Diseases\BrownRust\image099.jpg,Rust (Brown Rust),7
D:\CropDiseaseProject\sugarcane_maharashtra\Mosaic\mosaic (240).jpeg,Mosaic / Viral Disease,4
D:\CropDiseaseProject\sugarcane_maharashtra\Mosaic\mosaic (103).jpeg,Mosaic / Viral Disease,4
D:\CropDiseaseProject\sugarcane_large\Diseases\Brown Spot\image026.jpg,Brown Spot,1
D:\CropDiseaseProject\sugarcane_large\Diseases\Yellow Leaf\Yellow Leaf584.jpg,Yellow Leaf Disease,10
D:\CropDiseaseProject\sugarcane_maharashtra\Mosaic\mosaic (149).jpeg,Mosaic / Viral Disease,4
D:\CropDiseaseProject\sugarcane_maharashtra\Yellow\yellow (356).jpeg,Yellow Leaf Disease,10
D:\CropDiseaseProject\sugarcane_large\Diseases\BrownRust\image126.jpg,Rust (Brown Rust),7
D:\CropDiseaseProject\sugarcane_large\Diseases\Brown Spot\image1547.jpg,Brown Spot,1
D:\CropDiseaseProject\sugarcane_maharashtra\Healthy\healthy (273).jpeg,Healthy Leaves,3
D:\CropDiseaseProject\sugarcane_maharashtra\Mosaic\mosaic (383).jpeg,Mosaic / Viral Disease,4
D:\CropDiseaseProject\sugarcane_large\Diseases\Brown Spot\image1109.jpg,Brown Spot,1
D:\CropDiseaseProject\sugarcane_large\Diseases\Brown Spot\image943.jpg,Brown Spot,1
D:\CropDiseaseProject\sugarcane_maharashtra\Rust\rust (161).jpeg,Rust (Brown Rust),7
D:\CropDiseaseProject\sugarcane_large\Diseases\smut\Smut215.jpg,Smut,9
D:\CropDiseaseProject\sugarcane_large\Healthy Leaves\image030.jpg,Healthy Leaves,3
D:\CropDiseaseProject\sugarcane_large\Diseases\Brown Spot\image1519.jpg,Brown Spot,1
D:\CropDiseaseProject\sugarcane_large\Diseases\Brown Spot\image1582.jpg,Brown Spot,1
D:\CropDiseaseProject\sugarcane_large\Diseases\Brown Spot\image1671.jpg,Brown Spot,1
D:\CropDiseaseProject\sugarcane_large\Diseases\Yellow Leaf\Yellow Leaf404.jpg,Yellow Leaf Disease,10
D:\CropDiseaseProject\sugarcane_maharashtra\Mosaic\mosaic (373).jpeg,Mosaic / Viral Disease,4
D:\CropDiseaseProject\sugarcane_large\Diseases\Viral Disease\Viral Disease085.jpg,Mosaic / Viral Disease,4
D:\CropDiseaseProject\sugarcane_large\Diseases\Pokkah Boeng\Pokkah Boeng205.jpg,Pokkah Boeng,5
D:\CropDiseaseProject\sugarcane_large\Diseases\smut\Smut260.jpg,Smut,9
D:\CropDiseaseProject\sugarcane_large\Diseases\Yellow Leaf\Yellow Leaf166.jpg,Yellow Leaf Disease,10
D:\CropDiseaseProject\sugarcane_maharashtra\Healthy\healthy (514).jpeg,Healthy Leaves,3
D:\CropDiseaseProject\sugarcane_large\Diseases\Brown Spot\image198.jpg,Brown Spot,1
D:\CropDiseaseProject\sugarcane_large\Diseases\Banded Chlorosis\image156.jpg,Banded Chlorosis,0
D:\CropDiseaseProject\sugarcane_large\Diseases\Banded Chlorosis\image007.jpg,Banded Chlorosis,0
D:\CropDiseaseProject\sugarcane_maharashtra\Rust\rust (135).jpeg,Rust (Brown Rust),7
D:\CropDiseaseProject\sugarcane_large\Diseases\Sett Rot\Sett Rot043.jpg,Sett Rot,8
D:\CropDiseaseProject\sugarcane_large\Diseases\Brown Spot\image074.jpg,Brown Spot,1
D:\CropDiseaseProject\sugarcane_large\Diseases\Brown Spot\image494.jpg,Brown Spot,1
D:\CropDiseaseProject\sugarcane_large\Diseases\Sett Rot\Sett Rot020.jpg,Sett Rot,8
D:\CropDiseaseProject\sugarcane_large\Diseases\Yellow Leaf\Yellow Leaf579.jpg,Yellow Leaf Disease,10
D:\CropDiseaseProject\sugarcane_large\Diseases\Viral Disease\Viral Disease510.jpg,Mosaic / Viral Disease,4
D:\CropDiseaseProject\sugarcane_large\Diseases\Yellow Leaf\Yellow Leaf1124.jpg,Yellow Leaf Disease,10
D:\CropDiseaseProject\sugarcane_maharashtra\Rust\rust (322).jpeg,Rust (Brown Rust),7
D:\CropDiseaseProject\sugarcane_large\Diseases\Sett Rot\Sett Rot650.jpg,Sett Rot,8
D:\CropDiseaseProject\sugarcane_maharashtra\Mosaic\mosaic (187).jpeg,Mosaic / Viral Disease,4
D:\CropDiseaseProject\sugarcane_large\Diseases\Brown Spot\image443.jpg,Brown Spot,1
D:\CropDiseaseProject\sugarcane_maharashtra\RedRot\redrot (121).jpeg,Red Rot,6
D:\CropDiseaseProject\sugarcane_maharashtra\Mosaic\mosaic (320).jpeg,Mosaic / Viral Disease,4
D:\CropDiseaseProject\sugarcane_maharashtra\Healthy\healthy (343).jpeg,Healthy Leaves,3
D:\CropDiseaseProject\sugarcane_large\Diseases\Brown Spot\image989.jpg,Brown Spot,1
D:\CropDiseaseProject\sugarcane_maharashtra\Mosaic\mosaic (347).jpeg,Mosaic / Viral Disease,4
D:\CropDiseaseProject\sugarcane_large\Diseases\Grassy shoot\image344.jpg,Grassy Shoot,2
D:\CropDiseaseProject\sugarcane_large\Diseases\Brown Spot\image499.jpg,Brown Spot,1
D:\CropDiseaseProject\sugarcane_large\Diseases\Pokkah Boeng\Pokkah Boeng121.jpg,Pokkah Boeng,5
D:\CropDiseaseProject\sugarcane_large\Diseases\Brown Spot\image529.jpg,Brown Spot,1
D:\CropDiseaseProject\sugarcane_large\Diseases\Brown Spot\image969.jpg,Brown Spot,1
D:\CropDiseaseProject\sugarcane_maharashtra\RedRot\redrot (323).jpeg,Red Rot,6
D:\CropDiseaseProject\sugarcane_large\Diseases\Brown Spot\image1166.jpg,Brown Spot,1
D:\CropDiseaseProject\sugarcane_large\Diseases\Sett Rot\Sett Rot633.jpg,Sett Rot,8
D:\CropDiseaseProject\sugarcane_large\Diseases\Brown Spot\image175.jpg,Brown Spot,1
D:\CropDiseaseProject\sugarcane_large\Diseases\smut\Smut093.jpg,Smut,9
D:\CropDiseaseProject\sugarcane_maharashtra\Mosaic\mosaic (339).jpeg,Mosaic / Viral Disease,4
D:\CropDiseaseProject\sugarcane_large\Diseases\Brown Spot\image1551.jpg,Brown Spot,1
D:\CropDiseaseProject\sugarcane_large\Diseases\BrownRust\image110.jpg,Rust (Brown Rust),7
D:\CropDiseaseProject\sugarcane_maharashtra\RedRot\redrot (496).jpeg,Red Rot,6
D:\CropDiseaseProject\sugarcane_maharashtra\Yellow\yellow (41).jpeg,Yellow Leaf Disease,10
D:\CropDiseaseProject\sugarcane_maharashtra\Healthy\healthy (340).jpeg,Healthy Leaves,3
D:\CropDiseaseProject\sugarcane_maharashtra\Yellow\yellow (122).jpeg,Yellow Leaf Disease,10
D:\CropDiseaseProject\sugarcane_large\Diseases\Sett Rot\Sett Rot555.jpg,Sett Rot,8
D:\CropDiseaseProject\sugarcane_large\Diseases\smut\Smut231.jpg,Smut,9
D:\CropDiseaseProject\sugarcane_large\Diseases\Brown Spot\image330.jpg,Brown Spot,1
D:\CropDiseaseProject\sugarcane_maharashtra\RedRot\redrot (68).jpeg,Red Rot,6
D:\CropDiseaseProject\sugarcane_large\Diseases\Yellow Leaf\Yellow Leaf678.jpg,Yellow Leaf Disease,10
D:\CropDiseaseProject\sugarcane_maharashtra\RedRot\redrot (298).jpeg,Red Rot,6
D:\CropDiseaseProject\sugarcane_maharashtra\Healthy\healthy (54).jpeg,Healthy Leaves,3
D:\CropDiseaseProject\sugarcane_maharashtra\Healthy\healthy (79).jpeg,Healthy Leaves,3
D:\CropDiseaseProject\sugarcane_maharashtra\Mosaic\mosaic (227).jpeg,Mosaic / Viral Disease,4
D:\CropDiseaseProject\sugarcane_large\Diseases\BrownRust\image117.jpg,Rust (Brown Rust),7
D:\CropDiseaseProject\sugarcane_large\Healthy Leaves\image364.jpg,Healthy Leaves,3
D:\CropDiseaseProject\sugarcane_large\Diseases\Sett Rot\Sett Rot445.jpg,Sett Rot,8
D:\CropDiseaseProject\sugarcane_large\Diseases\Yellow Leaf\Yellow Leaf1167.jpg,Yellow Leaf Disease,10
D:\CropDiseaseProject\sugarcane_maharashtra\RedRot\redrot (380).jpeg,Red Rot,6
D:\CropDiseaseProject\sugarcane_maharashtra\Rust\rust (321).jpeg,Rust (Brown Rust),7
D:\CropDiseaseProject\sugarcane_large\Diseases\Sett Rot\Sett Rot512.jpg,Sett Rot,8
D:\CropDiseaseProject\sugarcane_maharashtra\Mosaic\mosaic (172).jpeg,Mosaic / Viral Disease,4
D:\CropDiseaseProject\sugarcane_maharashtra\Yellow\yellow (344).jpeg,Yellow Leaf Disease,10
D:\CropDiseaseProject\sugarcane_large\Diseases\Yellow Leaf\Yellow Leaf081.jpg,Yellow Leaf Disease,10
D:\CropDiseaseProject\sugarcane_maharashtra\Mosaic\mosaic (374).jpeg,Mosaic / Viral Disease,4
D:\CropDiseaseProject\sugarcane_maharashtra\Yellow\yellow (104).jpeg,Yellow Leaf Disease,10
D:\CropDiseaseProject\sugarcane_large\Diseases\BrownRust\image017.jpg,Rust (Brown Rust),7
D:\CropDiseaseProject\sugarcane_large\Diseases\Yellow Leaf\Yellow Leaf163.jpg,Yellow Leaf Disease,10
D:\CropDiseaseProject\sugarcane_large\Diseases\Sett Rot\Sett Rot506.jpg,Sett Rot,8
D:\CropDiseaseProject\sugarcane_large\Diseases\Brown Spot\image066.jpg,Brown Spot,1
D:\CropDiseaseProject\sugarcane_large\Diseases\Brown Spot\image699.jpg,Brown Spot,1
D:\CropDiseaseProject\sugarcane_large\Diseases\smut\Smut117.jpg,Smut,9
D:\CropDiseaseProject\sugarcane_maharashtra\Rust\rust (35).jpeg,Rust (Brown Rust),7
D:\CropDiseaseProject\sugarcane_maharashtra\Mosaic\mosaic (96).jpeg,Mosaic / Viral Disease,4
D:\CropDiseaseProject\sugarcane_large\Diseases\Yellow Leaf\Yellow Leaf467.jpg,Yellow Leaf Disease,10
D:\CropDiseaseProject\sugarcane_maharashtra\RedRot\redrot (231).jpeg,Red Rot,6
D:\CropDiseaseProject\sugarcane_large\Diseases\Yellow Leaf\Yellow Leaf965.jpg,Yellow Leaf Disease,10
D:\CropDiseaseProject\sugarcane_large\Diseases\Banded Chlorosis\image372.jpg,Banded Chlorosis,0
D:\CropDiseaseProject\sugarcane_large\Diseases\Grassy shoot\image240.jpg,Grassy Shoot,2
D:\CropDiseaseProject\sugarcane_large\Diseases\Banded Chlorosis\image230.jpg,Banded Chlorosis,0
D:\CropDiseaseProject\sugarcane_maharashtra\RedRot\redrot (433).jpeg,Red Rot,6
D:\CropDiseaseProject\sugarcane_maharashtra\Yellow\yellow (60).jpeg,Yellow Leaf Disease,10
D:\CropDiseaseProject\sugarcane_large\Diseases\Brown Spot\image187.jpg,Brown Spot,1
D:\CropDiseaseProject\sugarcane_large\Diseases\Yellow Leaf\Yellow Leaf1087.jpg,Yellow Leaf Disease,10
D:\CropDiseaseProject\sugarcane_large\Diseases\Banded Chlorosis\image238.jpg,Banded Chlorosis,0
D:\CropDiseaseProject\sugarcane_large\Diseases\Viral Disease\Viral Disease159.jpg,Mosaic / Viral Disease,4
D:\CropDiseaseProject\sugarcane_large\Diseases\Yellow Leaf\Yellow Leaf713.jpg,Yellow Leaf Disease,10
D:\CropDiseaseProject\sugarcane_large\Diseases\Brown Spot\image627.jpg,Brown Spot,1
D:\CropDiseaseProject\sugarcane_large\Diseases\Yellow Leaf\Yellow Leaf1188.jpg,Yellow Leaf Disease,10
D:\CropDiseaseProject\sugarcane_large\Diseases\Viral Disease\Viral Disease027.jpg,Mosaic / Viral Disease,4
D:\CropDiseaseProject\sugarcane_large\Diseases\Grassy shoot\image090.jpg,Grassy Shoot,2
D:\CropDiseaseProject\sugarcane_large\Diseases\Viral Disease\Viral Disease471.jpg,Mosaic / Viral Disease,4
D:\CropDiseaseProject\sugarcane_maharashtra\Rust\rust (392).jpeg,Rust (Brown Rust),7
D:\CropDiseaseProject\sugarcane_large\Diseases\Brown Spot\image1021.jpg,Brown Spot,1
D:\CropDiseaseProject\sugarcane_large\Diseases\Banded Chlorosis\image124.jpg,Banded Chlorosis,0
D:\CropDiseaseProject\sugarcane_large\Healthy Leaves\image420.jpg,Healthy Leaves,3
D:\CropDiseaseProject\sugarcane_large\Diseases\Brown Spot\image939.jpg,Brown Spot,1
D:\CropDiseaseProject\sugarcane_large\Diseases\BrownRust\image071.jpg,Rust (Brown Rust),7
D:\CropDiseaseProject\sugarcane_maharashtra\Healthy\healthy (204).jpeg,Healthy Leaves,3
D:\CropDiseaseProject\sugarcane_large\Diseases\Brown Spot\image935.jpg,Brown Spot,1
D:\CropDiseaseProject\sugarcane_large\Diseases\Yellow Leaf\Yellow Leaf405.jpg,Yellow Leaf Disease,10
D:\CropDiseaseProject\sugarcane_maharashtra\RedRot\redrot (432).jpeg,Red Rot,6
D:\CropDiseaseProject\sugarcane_large\Diseases\Sett Rot\Sett Rot052.jpg,Sett Rot,8
D:\CropDiseaseProject\sugarcane_maharashtra\Healthy\healthy (307).jpeg,Healthy Leaves,3
D:\CropDiseaseProject\sugarcane_large\Diseases\Sett Rot\Sett Rot259.jpg,Sett Rot,8
D:\CropDiseaseProject\sugarcane_large\Diseases\Banded Chlorosis\image078.jpg,Banded Chlorosis,0
D:\CropDiseaseProject\sugarcane_large\Healthy Leaves\image271.jpg,Healthy Leaves,3
D:\CropDiseaseProject\sugarcane_large\Diseases\Grassy shoot\image165.jpg,Grassy Shoot,2
D:\CropDiseaseProject\sugarcane_maharashtra\Rust\rust (219).jpeg,Rust (Brown Rust),7
D:\CropDiseaseProject\sugarcane_large\Diseases\Viral Disease\Viral Disease096.jpg,Mosaic / Viral Disease,4
D:\CropDiseaseProject\sugarcane_large\Diseases\Banded Chlorosis\image303.jpg,Banded Chlorosis,0
D:\CropDiseaseProject\sugarcane_maharashtra\RedRot\redrot (330).jpeg,Red Rot,6
D:\CropDiseaseProject\sugarcane_large\Diseases\Banded Chlorosis\image117.jpg,Banded Chlorosis,0
D:\CropDiseaseProject\sugarcane_large\Healthy Leaves\image053.jpg,Healthy Leaves,3
D:\CropDiseaseProject\sugarcane_large\Diseases\BrownRust\image237.jpg,Rust (Brown Rust),7
D:\CropDiseaseProject\sugarcane_large\Diseases\BrownRust\image107.jpg,Rust (Brown Rust),7
D:\CropDiseaseProject\sugarcane_large\Healthy Leaves\image329.jpg,Healthy Leaves,3
D:\CropDiseaseProject\sugarcane_large\Healthy Leaves\image269.jpg,Healthy Leaves,3
D:\CropDiseaseProject\sugarcane_maharashtra\RedRot\redrot (148).jpeg,Red Rot,6
D:\CropDiseaseProject\sugarcane_large\Diseases\Banded Chlorosis\image228.jpg,Banded Chlorosis,0
D:\CropDiseaseProject\sugarcane_maharashtra\Mosaic\mosaic (19).jpeg,Mosaic / Viral Disease,4
D:\CropDiseaseProject\sugarcane_large\Healthy Leaves\image394.jpg,Healthy Leaves,3
D:\CropDiseaseProject\sugarcane_maharashtra\Rust\rust (128).jpeg,Rust (Brown Rust),7
D:\CropDiseaseProject\sugarcane_large\Diseases\Grassy shoot\image252.jpg,Grassy Shoot,2
D:\CropDiseaseProject\sugarcane_large\Diseases\Brown Spot\image901.jpg,Brown Spot,1
D:\CropDiseaseProject\sugarcane_large\Diseases\Sett Rot\Sett Rot061.jpg,Sett Rot,8
D:\CropDiseaseProject\sugarcane_large\Diseases\Brown Spot\image411.jpg,Brown Spot,1
D:\CropDiseaseProject\sugarcane_maharashtra\RedRot\redrot (281).jpeg,Red Rot,6
D:\CropDiseaseProject\sugarcane_large\Diseases\Brown Spot\image680.jpg,Brown Spot,1
D:\CropDiseaseProject\sugarcane_large\Diseases\Brown Spot\image413.jpg,Brown Spot,1
D:\CropDiseaseProject\sugarcane_large\Diseases\Grassy shoot\image072.jpg,Grassy Shoot,2
D:\CropDiseaseProject\sugarcane_maharashtra\Yellow\yellow (27).jpeg,Yellow Leaf Disease,10
D:\CropDiseaseProject\sugarcane_maharashtra\Healthy\healthy (329).jpeg,Healthy Leaves,3
D:\CropDiseaseProject\sugarcane_maharashtra\Yellow\yellow (419).jpeg,Yellow Leaf Disease,10
D:\CropDiseaseProject\sugarcane_large\Diseases\Yellow Leaf\Yellow Leaf795.jpg,Yellow Leaf Disease,10
D:\CropDiseaseProject\sugarcane_large\Diseases\BrownRust\image051.jpg,Rust (Brown Rust),7
D:\CropDiseaseProject\sugarcane_large\Diseases\Yellow Leaf\Yellow Leaf215.jpg,Yellow Leaf Disease,10
D:\CropDiseaseProject\sugarcane_maharashtra\Healthy\healthy (423).jpeg,Healthy Leaves,3
D:\CropDiseaseProject\sugarcane_large\Diseases\Viral Disease\Viral Disease265.jpg,Mosaic / Viral Disease,4
D:\CropDiseaseProject\sugarcane_large\Diseases\smut\Smut041.jpg,Smut,9
D:\CropDiseaseProject\sugarcane_large\Diseases\Grassy shoot\image176.jpg,Grassy Shoot,2
D:\CropDiseaseProject\sugarcane_maharashtra\Rust\rust (199).jpeg,Rust (Brown Rust),7
D:\CropDiseaseProject\sugarcane_large\Diseases\smut\Smut195.jpg,Smut,9
D:\CropDiseaseProject\sugarcane_maharashtra\Healthy\healthy (493).jpeg,Healthy Leaves,3
D:\CropDiseaseProject\sugarcane_maharashtra\Mosaic\mosaic (272).jpeg,Mosaic / Viral Disease,4
D:\CropDiseaseProject\sugarcane_large\Diseases\BrownRust\image045.jpg,Rust (Brown Rust),7
D:\CropDiseaseProject\sugarcane_maharashtra\Yellow\yellow (501).jpeg,Yellow Leaf Disease,10
D:\CropDiseaseProject\sugarcane_large\Diseases\Pokkah Boeng\Pokkah Boeng092.jpg,Pokkah Boeng,5
D:\CropDiseaseProject\sugarcane_large\Diseases\Brown Spot\image1541.jpg,Brown Spot,1
D:\CropDiseaseProject\sugarcane_large\Diseases\Sett Rot\Sett Rot133.jpg,Sett Rot,8
D:\CropDiseaseProject\sugarcane_maharashtra\Healthy\healthy (386).jpeg,Healthy Leaves,3
D:\CropDiseaseProject\sugarcane_maharashtra\RedRot\redrot (318).jpeg,Red Rot,6
D:\CropDiseaseProject\sugarcane_large\Diseases\Banded Chlorosis\image141.jpg,Banded Chlorosis,0
D:\CropDiseaseProject\sugarcane_large\Diseases\Sett Rot\Sett Rot359.jpg,Sett Rot,8
D:\CropDiseaseProject\sugarcane_maharashtra\Healthy\healthy (406).jpeg,Healthy Leaves,3
D:\CropDiseaseProject\sugarcane_large\Diseases\Sett Rot\Sett Rot530.jpg,Sett Rot,8
D:\CropDiseaseProject\sugarcane_large\Diseases\Viral Disease\Viral Disease009.jpg,Mosaic / Viral Disease,4
D:\CropDiseaseProject\sugarcane_large\Diseases\Grassy shoot\image194.jpg,Grassy Shoot,2
D:\CropDiseaseProject\sugarcane_large\Diseases\Brown Spot\image070.jpg,Brown Spot,1
D:\CropDiseaseProject\sugarcane_large\Diseases\Brown Spot\image448.jpg,Brown Spot,1
D:\CropDiseaseProject\sugarcane_large\Diseases\Banded Chlorosis\image134.jpg,Banded Chlorosis,0
D:\CropDiseaseProject\sugarcane_maharashtra\Rust\rust (176).jpeg,Rust (Brown Rust),7
D:\CropDiseaseProject\sugarcane_large\Diseases\Pokkah Boeng\Pokkah Boeng004.jpg,Pokkah Boeng,5
D:\CropDiseaseProject\sugarcane_large\Diseases\Viral Disease\Viral Disease408.jpg,Mosaic / Viral Disease,4
D:\CropDiseaseProject\sugarcane_maharashtra\Healthy\healthy (20).jpeg,Healthy Leaves,3
D:\CropDiseaseProject\sugarcane_large\Healthy Leaves\image356.jpg,Healthy Leaves,3
D:\CropDiseaseProject\sugarcane_large\Diseases\Sett Rot\Sett Rot287.jpg,Sett Rot,8
D:\CropDiseaseProject\sugarcane_large\Diseases\Brown Spot\image1202.jpg,Brown Spot,1
D:\CropDiseaseProject\sugarcane_large\Diseases\Banded Chlorosis\image010.jpg,Banded Chlorosis,0
D:\CropDiseaseProject\sugarcane_large\Diseases\Brown Spot\image1072.jpg,Brown Spot,1
D:\CropDiseaseProject\sugarcane_maharashtra\Mosaic\mosaic (232).jpeg,Mosaic / Viral Disease,4
D:\CropDiseaseProject\sugarcane_large\Diseases\Brown Spot\image1625.jpg,Brown Spot,1
D:\CropDiseaseProject\sugarcane_maharashtra\RedRot\redrot (291).jpeg,Red Rot,6
D:\CropDiseaseProject\sugarcane_large\Diseases\BrownRust\image004.jpg,Rust (Brown Rust),7
D:\CropDiseaseProject\sugarcane_large\Diseases\Viral Disease\Viral Disease323.jpg,Mosaic / Viral Disease,4
D:\CropDiseaseProject\sugarcane_large\Diseases\Viral Disease\Viral Disease648.jpg,Mosaic / Viral Disease,4
D:\CropDiseaseProject\sugarcane_large\Diseases\Sett Rot\Sett Rot518.jpg,Sett Rot,8
D:\CropDiseaseProject\sugarcane_maharashtra\RedRot\redrot (126).jpeg,Red Rot,6
D:\CropDiseaseProject\sugarcane_maharashtra\Healthy\healthy (122).jpeg,Healthy Leaves,3
D:\CropDiseaseProject\sugarcane_large\Diseases\smut\Smut044.jpg,Smut,9
D:\CropDiseaseProject\sugarcane_large\Diseases\Brown Spot\image740.jpg,Brown Spot,1
D:\CropDiseaseProject\sugarcane_maharashtra\Rust\rust (90).jpeg,Rust (Brown Rust),7
D:\CropDiseaseProject\sugarcane_large\Diseases\Viral Disease\Viral Disease125.jpg,Mosaic / Viral Disease,4
D:\CropDiseaseProject\sugarcane_maharashtra\Rust\rust (413).jpeg,Rust (Brown Rust),7
D:\CropDiseaseProject\sugarcane_large\Diseases\Brown Spot\image642.jpg,Brown Spot,1
D:\CropDiseaseProject\sugarcane_maharashtra\Yellow\yellow (203).jpeg,Yellow Leaf Disease,10
D:\CropDiseaseProject\sugarcane_large\Healthy Leaves\image357.jpg,Healthy Leaves,3
D:\CropDiseaseProject\sugarcane_maharashtra\Yellow\yellow (44).jpeg,Yellow Leaf Disease,10
D:\CropDiseaseProject\sugarcane_maharashtra\Healthy\healthy (172).jpeg,Healthy Leaves,3
D:\CropDiseaseProject\sugarcane_maharashtra\Yellow\yellow (180).jpeg,Yellow Leaf Disease,10
D:\CropDiseaseProject\sugarcane_large\Diseases\Banded Chlorosis\image017.jpg,Banded Chlorosis,0
D:\CropDiseaseProject\sugarcane_large\Diseases\Sett Rot\Sett Rot016.jpg,Sett Rot,8
D:\CropDiseaseProject\sugarcane_large\Diseases\smut\Smut019.jpg,Smut,9
D:\CropDiseaseProject\sugarcane_large\Diseases\Yellow Leaf\Yellow Leaf424.jpg,Yellow Leaf Disease,10
D:\CropDiseaseProject\sugarcane_maharashtra\Yellow\yellow (100).jpeg,Yellow Leaf Disease,10
D:\CropDiseaseProject\sugarcane_maharashtra\Mosaic\mosaic (392).jpeg,Mosaic / Viral Disease,4
D:\CropDiseaseProject\sugarcane_large\Diseases\Grassy shoot\image007.jpg,Grassy Shoot,2
D:\CropDiseaseProject\sugarcane_maharashtra\Healthy\healthy (196).jpeg,Healthy Leaves,3
D:\CropDiseaseProject\sugarcane_large\Diseases\smut\Smut286.jpg,Smut,9
D:\CropDiseaseProject\sugarcane_maharashtra\Healthy\healthy (266).jpeg,Healthy Leaves,3
D:\CropDiseaseProject\sugarcane_large\Healthy Leaves\image070.jpg,Healthy Leaves,3
D:\CropDiseaseProject\sugarcane_large\Diseases\BrownRust\image204.jpg,Rust (Brown Rust),7
D:\CropDiseaseProject\sugarcane_large\Diseases\Brown Spot\image838.jpg,Brown Spot,1
D:\CropDiseaseProject\sugarcane_maharashtra\RedRot\redrot (123).jpeg,Red Rot,6
D:\CropDiseaseProject\sugarcane_maharashtra\RedRot\redrot (415).jpeg,Red Rot,6
D:\CropDiseaseProject\sugarcane_large\Diseases\Grassy shoot\image061.jpg,Grassy Shoot,2
D:\CropDiseaseProject\sugarcane_large\Diseases\Yellow Leaf\Yellow Leaf1106.jpg,Yellow Leaf Disease,10
D:\CropDiseaseProject\sugarcane_large\Diseases\BrownRust\image177.jpg,Rust (Brown Rust),7
D:\CropDiseaseProject\sugarcane_large\Diseases\Viral Disease\Viral Disease008.jpg,Mosaic / Viral Disease,4
D:\CropDiseaseProject\sugarcane_large\Diseases\Grassy shoot\image199.jpg,Grassy Shoot,2
D:\CropDiseaseProject\sugarcane_large\Diseases\Banded Chlorosis\image399.jpg,Banded Chlorosis,0
D:\CropDiseaseProject\sugarcane_maharashtra\Rust\rust (170).jpeg,Rust (Brown Rust),7
D:\CropDiseaseProject\sugarcane_large\Diseases\Viral Disease\Viral Disease066.jpg,Mosaic / Viral Disease,4
D:\CropDiseaseProject\sugarcane_maharashtra\RedRot\redrot (141).jpeg,Red Rot,6
D:\CropDiseaseProject\sugarcane_large\Diseases\Brown Spot\image562.jpg,Brown Spot,1
D:\CropDiseaseProject\sugarcane_large\Diseases\Brown Spot\image539.jpg,Brown Spot,1
D:\CropDiseaseProject\sugarcane_maharashtra\Yellow\yellow (366).jpeg,Yellow Leaf Disease,10
D:\CropDiseaseProject\sugarcane_large\Healthy Leaves\image340.jpg,Healthy Leaves,3
D:\CropDiseaseProject\sugarcane_large\Diseases\Banded Chlorosis\image038.jpg,Banded Chlorosis,0
D:\CropDiseaseProject\sugarcane_large\Diseases\Banded Chlorosis\image420.jpg,Banded Chlorosis,0
D:\CropDiseaseProject\sugarcane_maharashtra\Rust\rust (308).jpeg,Rust (Brown Rust),7
D:\CropDiseaseProject\sugarcane_large\Diseases\Grassy shoot\image089.jpg,Grassy Shoot,2
D:\CropDiseaseProject\sugarcane_maharashtra\Yellow\yellow (159).jpeg,Yellow Leaf Disease,10
D:\CropDiseaseProject\sugarcane_maharashtra\Rust\rust (459).jpeg,Rust (Brown Rust),7
D:\CropDiseaseProject\sugarcane_large\Diseases\Grassy shoot\image003.jpg,Grassy Shoot,2
D:\CropDiseaseProject\sugarcane_large\Healthy Leaves\image416.jpg,Healthy Leaves,3
D:\CropDiseaseProject\sugarcane_large\Diseases\Brown Spot\image082.jpg,Brown Spot,1
D:\CropDiseaseProject\sugarcane_large\Diseases\Brown Spot\image872.jpg,Brown Spot,1
D:\CropDiseaseProject\sugarcane_maharashtra\Healthy\healthy (281).jpeg,Healthy Leaves,3
D:\CropDiseaseProject\sugarcane_maharashtra\Yellow\yellow (304).jpeg,Yellow Leaf Disease,10
D:\CropDiseaseProject\sugarcane_large\Healthy Leaves\image130.jpg,Healthy Leaves,3
D:\CropDiseaseProject\sugarcane_large\Diseases\Yellow Leaf\Yellow Leaf696.jpg,Yellow Leaf Disease,10
D:\CropDiseaseProject\sugarcane_large\Diseases\Banded Chlorosis\image169.jpg,Banded Chlorosis,0
D:\CropDiseaseProject\sugarcane_large\Diseases\Grassy shoot\image259.jpg,Grassy Shoot,2
D:\CropDiseaseProject\sugarcane_maharashtra\Mosaic\mosaic (148).jpeg,Mosaic / Viral Disease,4
D:\CropDiseaseProject\sugarcane_large\Diseases\Yellow Leaf\Yellow Leaf387.jpg,Yellow Leaf Disease,10
D:\CropDiseaseProject\sugarcane_large\Diseases\Yellow Leaf\Yellow Leaf1156.jpg,Yellow Leaf Disease,10
D:\CropDiseaseProject\sugarcane_large\Healthy Leaves\image009.jpg,Healthy Leaves,3
D:\CropDiseaseProject\sugarcane_large\Diseases\Brown Spot\image727.jpg,Brown Spot,1
D:\CropDiseaseProject\sugarcane_maharashtra\RedRot\redrot (170).jpeg,Red Rot,6
D:\CropDiseaseProject\sugarcane_maharashtra\RedRot\redrot (445).jpeg,Red Rot,6
D:\CropDiseaseProject\sugarcane_large\Diseases\Pokkah Boeng\Pokkah Boeng001.jpg,Pokkah Boeng,5
D:\CropDiseaseProject\sugarcane_large\Diseases\Brown Spot\image1181.jpg,Brown Spot,1
D:\CropDiseaseProject\sugarcane_large\Diseases\Yellow Leaf\Yellow Leaf479.jpg,Yellow Leaf Disease,10
D:\CropDiseaseProject\sugarcane_maharashtra\Healthy\healthy (458).jpeg,Healthy Leaves,3
D:\CropDiseaseProject\sugarcane_maharashtra\Yellow\yellow (6).jpeg,Yellow Leaf Disease,10
D:\CropDiseaseProject\sugarcane_large\Diseases\BrownRust\image230.jpg,Rust (Brown Rust),7
D:\CropDiseaseProject\sugarcane_large\Diseases\Viral Disease\Viral Disease651.jpg,Mosaic / Viral Disease,4
D:\CropDiseaseProject\sugarcane_large\Healthy Leaves\image204.jpg,Healthy Leaves,3
D:\CropDiseaseProject\sugarcane_large\Diseases\Viral Disease\Viral Disease264.jpg,Mosaic / Viral Disease,4
D:\CropDiseaseProject\sugarcane_large\Diseases\Pokkah Boeng\Pokkah Boeng221.jpg,Pokkah Boeng,5
D:\CropDiseaseProject\sugarcane_maharashtra\Yellow\yellow (384).jpeg,Yellow Leaf Disease,10
D:\CropDiseaseProject\sugarcane_large\Diseases\Yellow Leaf\Yellow Leaf256.jpg,Yellow Leaf Disease,10
D:\CropDiseaseProject\sugarcane_large\Diseases\Pokkah Boeng\Pokkah Boeng149.jpg,Pokkah Boeng,5
D:\CropDiseaseProject\sugarcane_large\Diseases\Viral Disease\Viral Disease294.jpg,Mosaic / Viral Disease,4
D:\CropDiseaseProject\sugarcane_maharashtra\Healthy\healthy (272).jpeg,Healthy Leaves,3
D:\CropDiseaseProject\sugarcane_large\Diseases\Banded Chlorosis\image423.jpg,Banded Chlorosis,0
D:\CropDiseaseProject\sugarcane_large\Diseases\Yellow Leaf\Yellow Leaf723.jpg,Yellow Leaf Disease,10
D:\CropDiseaseProject\sugarcane_large\Diseases\Yellow Leaf\Yellow Leaf508.jpg,Yellow Leaf Disease,10
D:\CropDiseaseProject\sugarcane_maharashtra\Rust\rust (497).jpeg,Rust (Brown Rust),7
D:\CropDiseaseProject\sugarcane_maharashtra\Healthy\healthy (492).jpeg,Healthy Leaves,3
D:\CropDiseaseProject\sugarcane_maharashtra\Healthy\healthy (445).jpeg,Healthy Leaves,3
D:\CropDiseaseProject\sugarcane_large\Healthy Leaves\image015.jpg,Healthy Leaves,3
D:\CropDiseaseProject\sugarcane_large\Diseases\Yellow Leaf\Yellow Leaf351.jpg,Yellow Leaf Disease,10
D:\CropDiseaseProject\sugarcane_large\Healthy Leaves\image385.jpg,Healthy Leaves,3
D:\CropDiseaseProject\sugarcane_maharashtra\Mosaic\mosaic (435).jpeg,Mosaic / Viral Disease,4
D:\CropDiseaseProject\sugarcane_large\Diseases\Brown Spot\image523.jpg,Brown Spot,1
D:\CropDiseaseProject\sugarcane_large\Diseases\Yellow Leaf\Yellow Leaf909.jpg,Yellow Leaf Disease,10
D:\CropDiseaseProject\sugarcane_large\Diseases\BrownRust\image162.jpg,Rust (Brown Rust),7
D:\CropDiseaseProject\sugarcane_maharashtra\Rust\rust (400).jpeg,Rust (Brown Rust),7
D:\CropDiseaseProject\sugarcane_maharashtra\Yellow\yellow (321).jpeg,Yellow Leaf Disease,10
D:\CropDiseaseProject\sugarcane_large\Healthy Leaves\image363.jpg,Healthy Leaves,3
D:\CropDiseaseProject\sugarcane_large\Diseases\smut\Smut088.jpg,Smut,9
D:\CropDiseaseProject\sugarcane_large\Healthy Leaves\image292.jpg,Healthy Leaves,3
D:\CropDiseaseProject\sugarcane_large\Diseases\Yellow Leaf\Yellow Leaf033.jpg,Yellow Leaf Disease,10
D:\CropDiseaseProject\sugarcane_large\Diseases\Viral Disease\Viral Disease554.jpg,Mosaic / Viral Disease,4
D:\CropDiseaseProject\sugarcane_maharashtra\Rust\rust (468).jpeg,Rust (Brown Rust),7
D:\CropDiseaseProject\sugarcane_large\Diseases\Yellow Leaf\Yellow Leaf573.jpg,Yellow Leaf Disease,10
D:\CropDiseaseProject\sugarcane_large\Diseases\Banded Chlorosis\image427.jpg,Banded Chlorosis,0
D:\CropDiseaseProject\sugarcane_large\Diseases\Brown Spot\image953.jpg,Brown Spot,1
D:\CropDiseaseProject\sugarcane_large\Diseases\Yellow Leaf\Yellow Leaf448.jpg,Yellow Leaf Disease,10
D:\CropDiseaseProject\sugarcane_large\Diseases\Viral Disease\Viral Disease350.jpg,Mosaic / Viral Disease,4
D:\CropDiseaseProject\sugarcane_maharashtra\Rust\rust (246).jpeg,Rust (Brown Rust),7
D:\CropDiseaseProject\sugarcane_large\Diseases\Grassy shoot\image279.jpg,Grassy Shoot,2
D:\CropDiseaseProject\sugarcane_large\Diseases\Grassy shoot\image019.jpg,Grassy Shoot,2
D:\CropDiseaseProject\sugarcane_large\Diseases\Grassy shoot\image297.jpg,Grassy Shoot,2
D:\CropDiseaseProject\sugarcane_large\Diseases\Viral Disease\Viral Disease048.jpg,Mosaic / Viral Disease,4
D:\CropDiseaseProject\sugarcane_large\Diseases\Pokkah Boeng\Pokkah Boeng115.jpg,Pokkah Boeng,5
D:\CropDiseaseProject\sugarcane_large\Diseases\Brown Spot\image426.jpg,Brown Spot,1
D:\CropDiseaseProject\sugarcane_large\Diseases\Sett Rot\Sett Rot250.jpg,Sett Rot,8
D:\CropDiseaseProject\sugarcane_large\Diseases\Viral Disease\Viral Disease236.jpg,Mosaic / Viral Disease,4
D:\CropDiseaseProject\sugarcane_large\Diseases\Viral Disease\Viral Disease293.jpg,Mosaic / Viral Disease,4
D:\CropDiseaseProject\sugarcane_maharashtra\Rust\rust (512).jpeg,Rust (Brown Rust),7
D:\CropDiseaseProject\sugarcane_large\Healthy Leaves\image429.jpg,Healthy Leaves,3
D:\CropDiseaseProject\sugarcane_large\Diseases\Brown Spot\image334.jpg,Brown Spot,1
D:\CropDiseaseProject\sugarcane_maharashtra\RedRot\redrot (128).jpeg,Red Rot,6
D:\CropDiseaseProject\sugarcane_large\Diseases\Brown Spot\image1283.jpg,Brown Spot,1
D:\CropDiseaseProject\sugarcane_large\Diseases\Yellow Leaf\Yellow Leaf789.jpg,Yellow Leaf Disease,10
D:\CropDiseaseProject\sugarcane_maharashtra\Yellow\yellow (311).jpeg,Yellow Leaf Disease,10
D:\CropDiseaseProject\sugarcane_large\Diseases\Viral Disease\Viral Disease343.jpg,Mosaic / Viral Disease,4
D:\CropDiseaseProject\sugarcane_maharashtra\RedRot\redrot (372).jpeg,Red Rot,6
D:\CropDiseaseProject\sugarcane_large\Healthy Leaves\image146.jpg,Healthy Leaves,3
D:\CropDiseaseProject\sugarcane_large\Diseases\Brown Spot\image792.jpg,Brown Spot,1
D:\CropDiseaseProject\sugarcane_large\Diseases\Pokkah Boeng\Pokkah Boeng244.jpg,Pokkah Boeng,5
D:\CropDiseaseProject\sugarcane_large\Diseases\Banded Chlorosis\image024.jpg,Banded Chlorosis,0
D:\CropDiseaseProject\sugarcane_large\Healthy Leaves\image358.jpg,Healthy Leaves,3
D:\CropDiseaseProject\sugarcane_large\Diseases\Brown Spot\image1504.jpg,Brown Spot,1
D:\CropDiseaseProject\sugarcane_maharashtra\Healthy\healthy (236).jpeg,Healthy Leaves,3
D:\CropDiseaseProject\sugarcane_maharashtra\Yellow\yellow (79).jpeg,Yellow Leaf Disease,10
D:\CropDiseaseProject\sugarcane_large\Diseases\BrownRust\image256.jpg,Rust (Brown Rust),7
D:\CropDiseaseProject\sugarcane_large\Diseases\Grassy shoot\image063.jpg,Grassy Shoot,2
D:\CropDiseaseProject\sugarcane_maharashtra\RedRot\redrot (305).jpeg,Red Rot,6
D:\CropDiseaseProject\sugarcane_large\Diseases\Banded Chlorosis\image302.jpg,Banded Chlorosis,0
D:\CropDiseaseProject\sugarcane_maharashtra\RedRot\redrot (325).jpeg,Red Rot,6
D:\CropDiseaseProject\sugarcane_maharashtra\Rust\rust (425).jpeg,Rust (Brown Rust),7
D:\CropDiseaseProject\sugarcane_large\Diseases\Viral Disease\Viral Disease201.jpg,Mosaic / Viral Disease,4
D:\CropDiseaseProject\sugarcane_large\Diseases\Grassy shoot\image045.jpg,Grassy Shoot,2
D:\CropDiseaseProject\sugarcane_large\Diseases\Pokkah Boeng\Pokkah Boeng029.jpg,Pokkah Boeng,5
D:\CropDiseaseProject\sugarcane_maharashtra\RedRot\redrot (96).jpeg,Red Rot,6
D:\CropDiseaseProject\sugarcane_large\Diseases\Grassy shoot\image231.jpg,Grassy Shoot,2
D:\CropDiseaseProject\sugarcane_maharashtra\Mosaic\mosaic (349).jpeg,Mosaic / Viral Disease,4
D:\CropDiseaseProject\sugarcane_maharashtra\Rust\rust (304).jpeg,Rust (Brown Rust),7
D:\CropDiseaseProject\sugarcane_maharashtra\Rust\rust (499).jpeg,Rust (Brown Rust),7
D:\CropDiseaseProject\sugarcane_maharashtra\RedRot\redrot (255).jpeg,Red Rot,6
D:\CropDiseaseProject\sugarcane_large\Diseases\Pokkah Boeng\Pokkah Boeng040.jpg,Pokkah Boeng,5
D:\CropDiseaseProject\sugarcane_large\Diseases\Viral Disease\Viral Disease355.jpg,Mosaic / Viral Disease,4
D:\CropDiseaseProject\sugarcane_maharashtra\RedRot\redrot (354).jpeg,Red Rot,6
D:\CropDiseaseProject\sugarcane_large\Diseases\smut\Smut315.jpg,Smut,9
D:\CropDiseaseProject\sugarcane_maharashtra\RedRot\redrot (79).jpeg,Red Rot,6
D:\CropDiseaseProject\sugarcane_large\Diseases\Brown Spot\image392.jpg,Brown Spot,1
D:\CropDiseaseProject\sugarcane_maharashtra\Rust\rust (475).jpeg,Rust (Brown Rust),7
D:\CropDiseaseProject\sugarcane_maharashtra\Rust\rust (309).jpeg,Rust (Brown Rust),7
D:\CropDiseaseProject\sugarcane_large\Diseases\Banded Chlorosis\image070.jpg,Banded Chlorosis,0
D:\CropDiseaseProject\sugarcane_maharashtra\Mosaic\mosaic (216).jpeg,Mosaic / Viral Disease,4
D:\CropDiseaseProject\sugarcane_large\Diseases\Grassy shoot\image306.jpg,Grassy Shoot,2
D:\CropDiseaseProject\sugarcane_large\Diseases\Brown Spot\image230.jpg,Brown Spot,1
D:\CropDiseaseProject\sugarcane_maharashtra\RedRot\redrot (487).jpeg,Red Rot,6
D:\CropDiseaseProject\sugarcane_large\Diseases\Brown Spot\image1019.jpg,Brown Spot,1
D:\CropDiseaseProject\sugarcane_large\Diseases\Yellow Leaf\Yellow Leaf968.jpg,Yellow Leaf Disease,10
D:\CropDiseaseProject\sugarcane_large\Diseases\Brown Spot\image468.jpg,Brown Spot,1
D:\CropDiseaseProject\sugarcane_large\Diseases\Yellow Leaf\Yellow Leaf119.jpg,Yellow Leaf Disease,10
D:\CropDiseaseProject\sugarcane_maharashtra\RedRot\redrot (129).jpeg,Red Rot,6
D:\CropDiseaseProject\sugarcane_large\Diseases\Sett Rot\Sett Rot644.jpg,Sett Rot,8
D:\CropDiseaseProject\sugarcane_large\Diseases\Banded Chlorosis\image199.jpg,Banded Chlorosis,0
D:\CropDiseaseProject\sugarcane_maharashtra\RedRot\redrot (409).jpeg,Red Rot,6
D:\CropDiseaseProject\sugarcane_maharashtra\Rust\rust (464).jpeg,Rust (Brown Rust),7
D:\CropDiseaseProject\sugarcane_large\Diseases\Viral Disease\Viral Disease032.jpg,Mosaic / Viral Disease,4
D:\CropDiseaseProject\sugarcane_maharashtra\RedRot\redrot (351).jpeg,Red Rot,6
D:\CropDiseaseProject\sugarcane_large\Diseases\BrownRust\image111.jpg,Rust (Brown Rust),7
D:\CropDiseaseProject\sugarcane_large\Diseases\Grassy shoot\image009.jpg,Grassy Shoot,2
D:\CropDiseaseProject\sugarcane_large\Diseases\Sett Rot\Sett Rot120.jpg,Sett Rot,8
D:\CropDiseaseProject\sugarcane_large\Diseases\Brown Spot\image725.jpg,Brown Spot,1
D:\CropDiseaseProject\sugarcane_large\Diseases\Banded Chlorosis\image147.jpg,Banded Chlorosis,0
D:\CropDiseaseProject\sugarcane_large\Diseases\Yellow Leaf\Yellow Leaf904.jpg,Yellow Leaf Disease,10
D:\CropDiseaseProject\sugarcane_large\Diseases\Yellow Leaf\Yellow Leaf803.jpg,Yellow Leaf Disease,10
D:\CropDiseaseProject\sugarcane_large\Diseases\Grassy shoot\image250.jpg,Grassy Shoot,2
D:\CropDiseaseProject\sugarcane_large\Diseases\BrownRust\image305.jpg,Rust (Brown Rust),7
D:\CropDiseaseProject\sugarcane_large\Diseases\Banded Chlorosis\image233.jpg,Banded Chlorosis,0
D:\CropDiseaseProject\sugarcane_large\Diseases\Brown Spot\image1314.jpg,Brown Spot,1
D:\CropDiseaseProject\sugarcane_maharashtra\Rust\rust (122).jpeg,Rust (Brown Rust),7
D:\CropDiseaseProject\sugarcane_large\Diseases\Pokkah Boeng\Pokkah Boeng249.jpg,Pokkah Boeng,5
D:\CropDiseaseProject\sugarcane_large\Diseases\Viral Disease\Viral Disease616.jpg,Mosaic / Viral Disease,4
D:\CropDiseaseProject\sugarcane_large\Diseases\Brown Spot\image1151.jpg,Brown Spot,1
D:\CropDiseaseProject\sugarcane_large\Diseases\Brown Spot\image1358.jpg,Brown Spot,1
D:\CropDiseaseProject\sugarcane_maharashtra\Healthy\healthy (49).jpeg,Healthy Leaves,3
D:\CropDiseaseProject\sugarcane_large\Diseases\BrownRust\image198.jpg,Rust (Brown Rust),7
D:\CropDiseaseProject\sugarcane_large\Diseases\Brown Spot\image1645.jpg,Brown Spot,1
D:\CropDiseaseProject\sugarcane_maharashtra\Healthy\healthy (229).jpeg,Healthy Leaves,3
D:\CropDiseaseProject\sugarcane_large\Diseases\Yellow Leaf\Yellow Leaf1177.jpg,Yellow Leaf Disease,10
D:\CropDiseaseProject\sugarcane_large\Diseases\BrownRust\image030.jpg,Rust (Brown Rust),7
D:\CropDiseaseProject\sugarcane_large\Diseases\Yellow Leaf\Yellow Leaf234.jpg,Yellow Leaf Disease,10
D:\CropDiseaseProject\sugarcane_large\Diseases\Yellow Leaf\Yellow Leaf224.jpg,Yellow Leaf Disease,10
D:\CropDiseaseProject\sugarcane_maharashtra\Mosaic\mosaic (283).jpeg,Mosaic / Viral Disease,4
D:\CropDiseaseProject\sugarcane_large\Diseases\Viral Disease\Viral Disease298.jpg,Mosaic / Viral Disease,4
D:\CropDiseaseProject\sugarcane_large\Diseases\Brown Spot\image050.jpg,Brown Spot,1
D:\CropDiseaseProject\sugarcane_large\Diseases\Yellow Leaf\Yellow Leaf569.jpg,Yellow Leaf Disease,10
D:\CropDiseaseProject\sugarcane_large\Diseases\Sett Rot\Sett Rot511.jpg,Sett Rot,8
D:\CropDiseaseProject\sugarcane_maharashtra\Yellow\yellow (479).jpeg,Yellow Leaf Disease,10
D:\CropDiseaseProject\sugarcane_large\Diseases\Yellow Leaf\Yellow Leaf326.jpg,Yellow Leaf Disease,10
D:\CropDiseaseProject\sugarcane_large\Diseases\Brown Spot\image1627.jpg,Brown Spot,1
D:\CropDiseaseProject\sugarcane_large\Diseases\Sett Rot\Sett Rot254.jpg,Sett Rot,8
D:\CropDiseaseProject\sugarcane_maharashtra\RedRot\redrot (284).jpeg,Red Rot,6
D:\CropDiseaseProject\sugarcane_large\Diseases\Yellow Leaf\Yellow Leaf337.jpg,Yellow Leaf Disease,10
D:\CropDiseaseProject\sugarcane_large\Diseases\Pokkah Boeng\Pokkah Boeng086.jpg,Pokkah Boeng,5
D:\CropDiseaseProject\sugarcane_large\Diseases\Viral Disease\Viral Disease199.jpg,Mosaic / Viral Disease,4
D:\CropDiseaseProject\sugarcane_large\Diseases\Pokkah Boeng\Pokkah Boeng153.jpg,Pokkah Boeng,5
D:\CropDiseaseProject\sugarcane_maharashtra\Yellow\yellow (185).jpeg,Yellow Leaf Disease,10
D:\CropDiseaseProject\sugarcane_large\Diseases\Yellow Leaf\Yellow Leaf247.jpg,Yellow Leaf Disease,10
D:\CropDiseaseProject\sugarcane_maharashtra\RedRot\redrot (158).jpeg,Red Rot,6
D:\CropDiseaseProject\sugarcane_large\Diseases\Viral Disease\Viral Disease431.jpg,Mosaic / Viral Disease,4
D:\CropDiseaseProject\sugarcane_maharashtra\Healthy\healthy (496).jpeg,Healthy Leaves,3
D:\CropDiseaseProject\sugarcane_large\Diseases\Yellow Leaf\Yellow Leaf906.jpg,Yellow Leaf Disease,10
D:\CropDiseaseProject\sugarcane_maharashtra\Healthy\healthy (459).jpeg,Healthy Leaves,3
D:\CropDiseaseProject\sugarcane_large\Diseases\smut\Smut174.jpg,Smut,9
D:\CropDiseaseProject\sugarcane_large\Diseases\Brown Spot\image097.jpg,Brown Spot,1
D:\CropDiseaseProject\sugarcane_maharashtra\Mosaic\mosaic (345).jpeg,Mosaic / Viral Disease,4
D:\CropDiseaseProject\sugarcane_maharashtra\Healthy\healthy (370).jpeg,Healthy Leaves,3
D:\CropDiseaseProject\sugarcane_large\Healthy Leaves\image404.jpg,Healthy Leaves,3
D:\CropDiseaseProject\sugarcane_maharashtra\RedRot\redrot (448).jpeg,Red Rot,6
D:\CropDiseaseProject\sugarcane_maharashtra\Mosaic\mosaic (206).jpeg,Mosaic / Viral Disease,4
D:\CropDiseaseProject\sugarcane_large\Diseases\Yellow Leaf\Yellow Leaf773.jpg,Yellow Leaf Disease,10
D:\CropDiseaseProject\sugarcane_large\Diseases\Brown Spot\image999.jpg,Brown Spot,1
D:\CropDiseaseProject\sugarcane_large\Healthy Leaves\image122.jpg,Healthy Leaves,3
D:\CropDiseaseProject\sugarcane_maharashtra\Mosaic\mosaic (400).jpeg,Mosaic / Viral Disease,4
D:\CropDiseaseProject\sugarcane_large\Diseases\Yellow Leaf\Yellow Leaf625.jpg,Yellow Leaf Disease,10
D:\CropDiseaseProject\sugarcane_maharashtra\Healthy\healthy (339).jpeg,Healthy Leaves,3
D:\CropDiseaseProject\sugarcane_large\Diseases\Sett Rot\Sett Rot006.jpg,Sett Rot,8
D:\CropDiseaseProject\sugarcane_maharashtra\RedRot\redrot (122).jpeg,Red Rot,6
D:\CropDiseaseProject\sugarcane_maharashtra\Mosaic\mosaic (387).jpeg,Mosaic / Viral Disease,4
D:\CropDiseaseProject\sugarcane_large\Diseases\Yellow Leaf\Yellow Leaf984.jpg,Yellow Leaf Disease,10
D:\CropDiseaseProject\sugarcane_maharashtra\Rust\rust (405).jpeg,Rust (Brown Rust),7
D:\CropDiseaseProject\sugarcane_large\Diseases\Banded Chlorosis\image438.jpg,Banded Chlorosis,0
D:\CropDiseaseProject\sugarcane_large\Diseases\Pokkah Boeng\Pokkah Boeng218.jpg,Pokkah Boeng,5
D:\CropDiseaseProject\sugarcane_large\Diseases\Brown Spot\image786.jpg,Brown Spot,1
D:\CropDiseaseProject\sugarcane_large\Diseases\Brown Spot\image697.jpg,Brown Spot,1
D:\CropDiseaseProject\sugarcane_large\Diseases\Brown Spot\image1445.jpg,Brown Spot,1
D:\CropDiseaseProject\sugarcane_maharashtra\Healthy\healthy (259).jpeg,Healthy Leaves,3
D:\CropDiseaseProject\sugarcane_large\Diseases\Sett Rot\Sett Rot140.jpg,Sett Rot,8
D:\CropDiseaseProject\sugarcane_large\Diseases\Viral Disease\Viral Disease458.jpg,Mosaic / Viral Disease,4
D:\CropDiseaseProject\sugarcane_maharashtra\Healthy\healthy (396).jpeg,Healthy Leaves,3
D:\CropDiseaseProject\sugarcane_large\Diseases\Viral Disease\Viral Disease005.jpg,Mosaic / Viral Disease,4
D:\CropDiseaseProject\sugarcane_maharashtra\Healthy\healthy (506).jpeg,Healthy Leaves,3
D:\CropDiseaseProject\sugarcane_large\Diseases\Yellow Leaf\Yellow Leaf363.jpg,Yellow Leaf Disease,10
D:\CropDiseaseProject\sugarcane_large\Diseases\Pokkah Boeng\Pokkah Boeng025.jpg,Pokkah Boeng,5
D:\CropDiseaseProject\sugarcane_large\Diseases\Brown Spot\image1142.jpg,Brown Spot,1
D:\CropDiseaseProject\sugarcane_maharashtra\Yellow\yellow (342).jpeg,Yellow Leaf Disease,10
D:\CropDiseaseProject\sugarcane_large\Diseases\Yellow Leaf\Yellow Leaf035.jpg,Yellow Leaf Disease,10
D:\CropDiseaseProject\sugarcane_large\Diseases\smut\Smut254.jpg,Smut,9
D:\CropDiseaseProject\sugarcane_large\Diseases\Brown Spot\image133.jpg,Brown Spot,1
D:\CropDiseaseProject\sugarcane_maharashtra\RedRot\redrot (156).jpeg,Red Rot,6
D:\CropDiseaseProject\sugarcane_maharashtra\Healthy\healthy (199).jpeg,Healthy Leaves,3
D:\CropDiseaseProject\sugarcane_large\Diseases\Brown Spot\image1241.jpg,Brown Spot,1
D:\CropDiseaseProject\sugarcane_large\Diseases\Brown Spot\image1158.jpg,Brown Spot,1
D:\CropDiseaseProject\sugarcane_large\Diseases\Grassy shoot\image012.jpg,Grassy Shoot,2
D:\CropDiseaseProject\sugarcane_large\Diseases\Brown Spot\image623.jpg,Brown Spot,1
D:\CropDiseaseProject\sugarcane_maharashtra\Healthy\healthy (238).jpeg,Healthy Leaves,3
D:\CropDiseaseProject\sugarcane_large\Diseases\Brown Spot\image242.jpg,Brown Spot,1
D:\CropDiseaseProject\sugarcane_maharashtra\Healthy\healthy (120).jpeg,Healthy Leaves,3
D:\CropDiseaseProject\sugarcane_large\Diseases\Yellow Leaf\Yellow Leaf639.jpg,Yellow Leaf Disease,10
D:\CropDiseaseProject\sugarcane_large\Diseases\Sett Rot\Sett Rot108.jpg,Sett Rot,8
D:\CropDiseaseProject\sugarcane_maharashtra\Rust\rust (424).jpeg,Rust (Brown Rust),7
D:\CropDiseaseProject\sugarcane_large\Diseases\Pokkah Boeng\Pokkah Boeng222.jpg,Pokkah Boeng,5
D:\CropDiseaseProject\sugarcane_maharashtra\Healthy\healthy (201).jpeg,Healthy Leaves,3
D:\CropDiseaseProject\sugarcane_large\Diseases\Banded Chlorosis\image025.jpg,Banded Chlorosis,0
D:\CropDiseaseProject\sugarcane_maharashtra\Yellow\yellow (88).jpeg,Yellow Leaf Disease,10
D:\CropDiseaseProject\sugarcane_large\Diseases\Viral Disease\Viral Disease213.jpg,Mosaic / Viral Disease,4
D:\CropDiseaseProject\sugarcane_maharashtra\Healthy\healthy (69).jpeg,Healthy Leaves,3
D:\CropDiseaseProject\sugarcane_maharashtra\Yellow\yellow (286).jpeg,Yellow Leaf Disease,10
D:\CropDiseaseProject\sugarcane_large\Diseases\Grassy shoot\image286.jpg,Grassy Shoot,2
D:\CropDiseaseProject\sugarcane_large\Diseases\Brown Spot\image977.jpg,Brown Spot,1
D:\CropDiseaseProject\sugarcane_large\Diseases\Brown Spot\image1335.jpg,Brown Spot,1
D:\CropDiseaseProject\sugarcane_large\Diseases\Viral Disease\Viral Disease117.jpg,Mosaic / Viral Disease,4
D:\CropDiseaseProject\sugarcane_large\Diseases\Brown Spot\image899.jpg,Brown Spot,1
D:\CropDiseaseProject\sugarcane_large\Diseases\Brown Spot\image1687.jpg,Brown Spot,1
D:\CropDiseaseProject\sugarcane_maharashtra\Mosaic\mosaic (382).jpeg,Mosaic / Viral Disease,4
D:\CropDiseaseProject\sugarcane_large\Diseases\BrownRust\image194.jpg,Rust (Brown Rust),7
D:\CropDiseaseProject\sugarcane_large\Diseases\Brown Spot\image646.jpg,Brown Spot,1
D:\CropDiseaseProject\sugarcane_maharashtra\Healthy\healthy (304).jpeg,Healthy Leaves,3
D:\CropDiseaseProject\sugarcane_maharashtra\Mosaic\mosaic (319).jpeg,Mosaic / Viral Disease,4
D:\CropDiseaseProject\sugarcane_large\Diseases\Viral Disease\Viral Disease240.jpg,Mosaic / Viral Disease,4
D:\CropDiseaseProject\sugarcane_maharashtra\Mosaic\mosaic (410).jpeg,Mosaic / Viral Disease,4
D:\CropDiseaseProject\sugarcane_large\Diseases\Grassy shoot\image227.jpg,Grassy Shoot,2
D:\CropDiseaseProject\sugarcane_large\Diseases\Viral Disease\Viral Disease269.jpg,Mosaic / Viral Disease,4
D:\CropDiseaseProject\sugarcane_maharashtra\Mosaic\mosaic (359).jpeg,Mosaic / Viral Disease,4
D:\CropDiseaseProject\sugarcane_large\Diseases\Grassy shoot\image026.jpg,Grassy Shoot,2
D:\CropDiseaseProject\sugarcane_large\Diseases\Viral Disease\Viral Disease581.jpg,Mosaic / Viral Disease,4
D:\CropDiseaseProject\sugarcane_large\Diseases\Brown Spot\image1169.jpg,Brown Spot,1
D:\CropDiseaseProject\sugarcane_large\Diseases\BrownRust\image083.jpg,Rust (Brown Rust),7
D:\CropDiseaseProject\sugarcane_large\Diseases\Viral Disease\Viral Disease440.jpg,Mosaic / Viral Disease,4
D:\CropDiseaseProject\sugarcane_large\Diseases\Banded Chlorosis\image094.jpg,Banded Chlorosis,0
D:\CropDiseaseProject\sugarcane_large\Diseases\Pokkah Boeng\Pokkah Boeng145.jpg,Pokkah Boeng,5
D:\CropDiseaseProject\sugarcane_large\Diseases\Pokkah Boeng\Pokkah Boeng089.jpg,Pokkah Boeng,5
D:\CropDiseaseProject\sugarcane_large\Diseases\Brown Spot\image1595.jpg,Brown Spot,1
D:\CropDiseaseProject\sugarcane_large\Diseases\Sett Rot\Sett Rot324.jpg,Sett Rot,8
D:\CropDiseaseProject\sugarcane_maharashtra\Healthy\healthy (65).jpeg,Healthy Leaves,3
D:\CropDiseaseProject\sugarcane_large\Diseases\Banded Chlorosis\image405.jpg,Banded Chlorosis,0
D:\CropDiseaseProject\sugarcane_large\Diseases\Brown Spot\image706.jpg,Brown Spot,1
D:\CropDiseaseProject\sugarcane_maharashtra\Rust\rust (186).jpeg,Rust (Brown Rust),7
D:\CropDiseaseProject\sugarcane_large\Diseases\Yellow Leaf\Yellow Leaf226.jpg,Yellow Leaf Disease,10
D:\CropDiseaseProject\sugarcane_maharashtra\RedRot\redrot (72).jpeg,Red Rot,6
D:\CropDiseaseProject\sugarcane_large\Diseases\Banded Chlorosis\image297.jpg,Banded Chlorosis,0
D:\CropDiseaseProject\sugarcane_large\Diseases\Grassy shoot\image162.jpg,Grassy Shoot,2
D:\CropDiseaseProject\sugarcane_large\Healthy Leaves\image182.jpg,Healthy Leaves,3
D:\CropDiseaseProject\sugarcane_large\Diseases\Grassy shoot\image155.jpg,Grassy Shoot,2
D:\CropDiseaseProject\sugarcane_maharashtra\Rust\rust (423).jpeg,Rust (Brown Rust),7
D:\CropDiseaseProject\sugarcane_large\Diseases\Grassy shoot\image300.jpg,Grassy Shoot,2
D:\CropDiseaseProject\sugarcane_large\Diseases\Brown Spot\image525.jpg,Brown Spot,1
D:\CropDiseaseProject\sugarcane_large\Diseases\Viral Disease\Viral Disease411.jpg,Mosaic / Viral Disease,4
D:\CropDiseaseProject\sugarcane_large\Diseases\Brown Spot\image1710.jpg,Brown Spot,1
D:\CropDiseaseProject\sugarcane_large\Diseases\Sett Rot\Sett Rot277.jpg,Sett Rot,8
D:\CropDiseaseProject\sugarcane_maharashtra\Yellow\yellow (358).jpeg,Yellow Leaf Disease,10
D:\CropDiseaseProject\sugarcane_large\Diseases\Sett Rot\Sett Rot376.jpg,Sett Rot,8
D:\CropDiseaseProject\sugarcane_maharashtra\Rust\rust (29).jpeg,Rust (Brown Rust),7
D:\CropDiseaseProject\sugarcane_maharashtra\Mosaic\mosaic (53).jpeg,Mosaic / Viral Disease,4
D:\CropDiseaseProject\sugarcane_large\Diseases\Brown Spot\image1286.jpg,Brown Spot,1
D:\CropDiseaseProject\sugarcane_maharashtra\Yellow\yellow (204).jpeg,Yellow Leaf Disease,10
D:\CropDiseaseProject\sugarcane_large\Diseases\Brown Spot\image1087.jpg,Brown Spot,1
D:\CropDiseaseProject\sugarcane_large\Diseases\BrownRust\image186.jpg,Rust (Brown Rust),7
D:\CropDiseaseProject\sugarcane_large\Diseases\Brown Spot\image744.jpg,Brown Spot,1
D:\CropDiseaseProject\sugarcane_maharashtra\Healthy\healthy (215).jpeg,Healthy Leaves,3
D:\CropDiseaseProject\sugarcane_large\Diseases\Yellow Leaf\Yellow Leaf358.jpg,Yellow Leaf Disease,10
D:\CropDiseaseProject\sugarcane_large\Diseases\Banded Chlorosis\image090.jpg,Banded Chlorosis,0
D:\CropDiseaseProject\sugarcane_maharashtra\RedRot\redrot (451).jpeg,Red Rot,6
D:\CropDiseaseProject\sugarcane_large\Diseases\Sett Rot\Sett Rot147.jpg,Sett Rot,8
D:\CropDiseaseProject\sugarcane_large\Diseases\Brown Spot\image1111.jpg,Brown Spot,1
D:\CropDiseaseProject\sugarcane_large\Diseases\Viral Disease\Viral Disease437.jpg,Mosaic / Viral Disease,4
D:\CropDiseaseProject\sugarcane_large\Diseases\BrownRust\image211.jpg,Rust (Brown Rust),7
D:\CropDiseaseProject\sugarcane_large\Diseases\Viral Disease\Viral Disease402.jpg,Mosaic / Viral Disease,4
D:\CropDiseaseProject\sugarcane_large\Diseases\Viral Disease\Viral Disease115.jpg,Mosaic / Viral Disease,4
D:\CropDiseaseProject\sugarcane_maharashtra\Healthy\healthy (187).jpeg,Healthy Leaves,3
D:\CropDiseaseProject\sugarcane_maharashtra\Healthy\healthy (324).jpeg,Healthy Leaves,3
D:\CropDiseaseProject\sugarcane_large\Diseases\smut\Smut017.jpg,Smut,9
D:\CropDiseaseProject\sugarcane_maharashtra\Healthy\healthy (410).jpeg,Healthy Leaves,3
D:\CropDiseaseProject\sugarcane_large\Healthy Leaves\image140.jpg,Healthy Leaves,3
D:\CropDiseaseProject\sugarcane_large\Healthy Leaves\image378.jpg,Healthy Leaves,3
D:\CropDiseaseProject\sugarcane_maharashtra\Mosaic\mosaic (16).jpeg,Mosaic / Viral Disease,4
D:\CropDiseaseProject\sugarcane_large\Diseases\Banded Chlorosis\image241.jpg,Banded Chlorosis,0
D:\CropDiseaseProject\sugarcane_large\Diseases\Grassy shoot\image058.jpg,Grassy Shoot,2
D:\CropDiseaseProject\sugarcane_large\Diseases\Brown Spot\image963.jpg,Brown Spot,1
D:\CropDiseaseProject\sugarcane_large\Diseases\Sett Rot\Sett Rot318.jpg,Sett Rot,8
D:\CropDiseaseProject\sugarcane_maharashtra\Rust\rust (300).jpeg,Rust (Brown Rust),7
D:\CropDiseaseProject\sugarcane_maharashtra\RedRot\redrot (313).jpeg,Red Rot,6
D:\CropDiseaseProject\sugarcane_large\Diseases\Viral Disease\Viral Disease030.jpg,Mosaic / Viral Disease,4
D:\CropDiseaseProject\sugarcane_large\Diseases\smut\Smut011.jpg,Smut,9
D:\CropDiseaseProject\sugarcane_maharashtra\Mosaic\mosaic (29).jpeg,Mosaic / Viral Disease,4
D:\CropDiseaseProject\sugarcane_large\Diseases\BrownRust\image251.jpg,Rust (Brown Rust),7
D:\CropDiseaseProject\sugarcane_large\Diseases\Brown Spot\image973.jpg,Brown Spot,1
D:\CropDiseaseProject\sugarcane_maharashtra\RedRot\redrot (459).jpeg,Red Rot,6
D:\CropDiseaseProject\sugarcane_large\Diseases\BrownRust\image114.jpg,Rust (Brown Rust),7
D:\CropDiseaseProject\sugarcane_large\Diseases\Banded Chlorosis\image299.jpg,Banded Chlorosis,0
D:\CropDiseaseProject\sugarcane_large\Diseases\smut\Smut283.jpg,Smut,9
D:\CropDiseaseProject\sugarcane_maharashtra\Mosaic\mosaic (237).jpeg,Mosaic / Viral Disease,4
D:\CropDiseaseProject\sugarcane_large\Diseases\Brown Spot\image294.jpg,Brown Spot,1
D:\CropDiseaseProject\sugarcane_large\Diseases\Brown Spot\image256.jpg,Brown Spot,1
D:\CropDiseaseProject\sugarcane_maharashtra\Healthy\healthy (32).jpeg,Healthy Leaves,3
D:\CropDiseaseProject\sugarcane_large\Diseases\Yellow Leaf\Yellow Leaf561.jpg,Yellow Leaf Disease,10
D:\CropDiseaseProject\sugarcane_large\Diseases\Sett Rot\Sett Rot563.jpg,Sett Rot,8
D:\CropDiseaseProject\sugarcane_large\Diseases\Pokkah Boeng\Pokkah Boeng123.jpg,Pokkah Boeng,5
D:\CropDiseaseProject\sugarcane_large\Healthy Leaves\image045.jpg,Healthy Leaves,3
D:\CropDiseaseProject\sugarcane_large\Diseases\Banded Chlorosis\image412.jpg,Banded Chlorosis,0
D:\CropDiseaseProject\sugarcane_large\Diseases\Brown Spot\image1000.jpg,Brown Spot,1
D:\CropDiseaseProject\sugarcane_maharashtra\Mosaic\mosaic (362).jpeg,Mosaic / Viral Disease,4
D:\CropDiseaseProject\sugarcane_large\Diseases\Sett Rot\Sett Rot629.jpg,Sett Rot,8
D:\CropDiseaseProject\sugarcane_large\Diseases\Brown Spot\image232.jpg,Brown Spot,1
D:\CropDiseaseProject\sugarcane_large\Diseases\Brown Spot\image506.jpg,Brown Spot,1
D:\CropDiseaseProject\sugarcane_maharashtra\Yellow\yellow (255).jpeg,Yellow Leaf Disease,10
D:\CropDiseaseProject\sugarcane_maharashtra\Rust\rust (220).jpeg,Rust (Brown Rust),7
D:\CropDiseaseProject\sugarcane_large\Diseases\Brown Spot\image174.jpg,Brown Spot,1
D:\CropDiseaseProject\sugarcane_maharashtra\Mosaic\mosaic (299).jpeg,Mosaic / Viral Disease,4
D:\CropDiseaseProject\sugarcane_large\Diseases\smut\Smut170.jpg,Smut,9
D:\CropDiseaseProject\sugarcane_large\Diseases\Banded Chlorosis\image251.jpg,Banded Chlorosis,0
D:\CropDiseaseProject\sugarcane_large\Diseases\smut\Smut237.jpg,Smut,9
D:\CropDiseaseProject\sugarcane_maharashtra\Healthy\healthy (427).jpeg,Healthy Leaves,3
D:\CropDiseaseProject\sugarcane_large\Diseases\Sett Rot\Sett Rot197.jpg,Sett Rot,8
D:\CropDiseaseProject\sugarcane_large\Diseases\Viral Disease\Viral Disease398.jpg,Mosaic / Viral Disease,4
D:\CropDiseaseProject\sugarcane_large\Diseases\Viral Disease\Viral Disease401.jpg,Mosaic / Viral Disease,4
D:\CropDiseaseProject\sugarcane_large\Diseases\Pokkah Boeng\Pokkah Boeng143.jpg,Pokkah Boeng,5
D:\CropDiseaseProject\sugarcane_large\Diseases\BrownRust\image082.jpg,Rust (Brown Rust),7
D:\CropDiseaseProject\sugarcane_large\Diseases\Yellow Leaf\Yellow Leaf018.jpg,Yellow Leaf Disease,10
D:\CropDiseaseProject\sugarcane_large\Diseases\BrownRust\image106.jpg,Rust (Brown Rust),7
D:\CropDiseaseProject\sugarcane_maharashtra\Mosaic\mosaic (248).jpeg,Mosaic / Viral Disease,4
D:\CropDiseaseProject\sugarcane_maharashtra\Mosaic\mosaic (50).jpeg,Mosaic / Viral Disease,4
D:\CropDiseaseProject\sugarcane_large\Diseases\Brown Spot\image974.jpg,Brown Spot,1
D:\CropDiseaseProject\sugarcane_large\Diseases\Yellow Leaf\Yellow Leaf060.jpg,Yellow Leaf Disease,10
D:\CropDiseaseProject\sugarcane_large\Diseases\Yellow Leaf\Yellow Leaf278.jpg,Yellow Leaf Disease,10
D:\CropDiseaseProject\sugarcane_large\Diseases\Brown Spot\image1296.jpg,Brown Spot,1
D:\CropDiseaseProject\sugarcane_large\Diseases\Brown Spot\image1003.jpg,Brown Spot,1
D:\CropDiseaseProject\sugarcane_large\Diseases\Viral Disease\Viral Disease013.jpg,Mosaic / Viral Disease,4
D:\CropDiseaseProject\sugarcane_maharashtra\Rust\rust (414).jpeg,Rust (Brown Rust),7
D:\CropDiseaseProject\sugarcane_maharashtra\Healthy\healthy (92).jpeg,Healthy Leaves,3
D:\CropDiseaseProject\sugarcane_maharashtra\Healthy\healthy (170).jpeg,Healthy Leaves,3
D:\CropDiseaseProject\sugarcane_large\Healthy Leaves\image229.jpg,Healthy Leaves,3
D:\CropDiseaseProject\sugarcane_large\Diseases\Grassy shoot\image248.jpg,Grassy Shoot,2
D:\CropDiseaseProject\sugarcane_maharashtra\Yellow\yellow (47).jpeg,Yellow Leaf Disease,10
D:\CropDiseaseProject\sugarcane_maharashtra\RedRot\redrot (286).jpeg,Red Rot,6
D:\CropDiseaseProject\sugarcane_maharashtra\Mosaic\mosaic (205).jpeg,Mosaic / Viral Disease,4
D:\CropDiseaseProject\sugarcane_large\Diseases\Yellow Leaf\Yellow Leaf924.jpg,Yellow Leaf Disease,10
D:\CropDiseaseProject\sugarcane_large\Diseases\Grassy shoot\image270.jpg,Grassy Shoot,2
D:\CropDiseaseProject\sugarcane_maharashtra\RedRot\redrot (230).jpeg,Red Rot,6
D:\CropDiseaseProject\sugarcane_maharashtra\Mosaic\mosaic (385).jpeg,Mosaic / Viral Disease,4
D:\CropDiseaseProject\sugarcane_large\Diseases\Brown Spot\image419.jpg,Brown Spot,1
D:\CropDiseaseProject\sugarcane_large\Diseases\Brown Spot\image852.jpg,Brown Spot,1
D:\CropDiseaseProject\sugarcane_large\Healthy Leaves\image136.jpg,Healthy Leaves,3
D:\CropDiseaseProject\sugarcane_large\Diseases\Banded Chlorosis\image011.jpg,Banded Chlorosis,0
D:\CropDiseaseProject\sugarcane_large\Diseases\Pokkah Boeng\Pokkah Boeng292.jpg,Pokkah Boeng,5
D:\CropDiseaseProject\sugarcane_large\Diseases\Grassy shoot\image178.jpg,Grassy Shoot,2
D:\CropDiseaseProject\sugarcane_maharashtra\Healthy\healthy (483).jpeg,Healthy Leaves,3
D:\CropDiseaseProject\sugarcane_large\Healthy Leaves\image025.jpg,Healthy Leaves,3
D:\CropDiseaseProject\sugarcane_large\Diseases\Brown Spot\image208.jpg,Brown Spot,1
D:\CropDiseaseProject\sugarcane_maharashtra\Healthy\healthy (11).jpeg,Healthy Leaves,3
D:\CropDiseaseProject\sugarcane_maharashtra\RedRot\redrot (84).jpeg,Red Rot,6
D:\CropDiseaseProject\sugarcane_large\Healthy Leaves\image291.jpg,Healthy Leaves,3
D:\CropDiseaseProject\sugarcane_large\Healthy Leaves\image264.jpg,Healthy Leaves,3
D:\CropDiseaseProject\sugarcane_maharashtra\Yellow\yellow (89).jpeg,Yellow Leaf Disease,10
D:\CropDiseaseProject\sugarcane_large\Healthy Leaves\image310.jpg,Healthy Leaves,3
D:\CropDiseaseProject\sugarcane_large\Diseases\Pokkah Boeng\Pokkah Boeng216.jpg,Pokkah Boeng,5
D:\CropDiseaseProject\sugarcane_large\Diseases\Grassy shoot\image307.jpg,Grassy Shoot,2
D:\CropDiseaseProject\sugarcane_large\Diseases\Brown Spot\image280.jpg,Brown Spot,1
D:\CropDiseaseProject\sugarcane_large\Diseases\Sett Rot\Sett Rot597.jpg,Sett Rot,8
D:\CropDiseaseProject\sugarcane_large\Diseases\Brown Spot\image471.jpg,Brown Spot,1
D:\CropDiseaseProject\sugarcane_maharashtra\Mosaic\mosaic (440).jpeg,Mosaic / Viral Disease,4
D:\CropDiseaseProject\sugarcane_large\Diseases\Banded Chlorosis\image456.jpg,Banded Chlorosis,0
D:\CropDiseaseProject\sugarcane_large\Diseases\Yellow Leaf\Yellow Leaf461.jpg,Yellow Leaf Disease,10
D:\CropDiseaseProject\sugarcane_large\Diseases\Grassy shoot\image298.jpg,Grassy Shoot,2
D:\CropDiseaseProject\sugarcane_large\Diseases\Brown Spot\image1355.jpg,Brown Spot,1
D:\CropDiseaseProject\sugarcane_large\Diseases\Brown Spot\image1567.jpg,Brown Spot,1
D:\CropDiseaseProject\sugarcane_large\Diseases\Brown Spot\image700.jpg,Brown Spot,1
D:\CropDiseaseProject\sugarcane_large\Diseases\Brown Spot\image671.jpg,Brown Spot,1
D:\CropDiseaseProject\sugarcane_large\Diseases\Viral Disease\Viral Disease103.jpg,Mosaic / Viral Disease,4
D:\CropDiseaseProject\sugarcane_maharashtra\RedRot\redrot (117).jpeg,Red Rot,6
D:\CropDiseaseProject\sugarcane_large\Diseases\smut\Smut277.jpg,Smut,9
D:\CropDiseaseProject\sugarcane_maharashtra\Healthy\healthy (105).jpeg,Healthy Leaves,3
D:\CropDiseaseProject\sugarcane_maharashtra\Mosaic\mosaic (460).jpeg,Mosaic / Viral Disease,4
D:\CropDiseaseProject\sugarcane_large\Diseases\Brown Spot\image1429.jpg,Brown Spot,1
D:\CropDiseaseProject\sugarcane_large\Diseases\Brown Spot\image613.jpg,Brown Spot,1
D:\CropDiseaseProject\sugarcane_large\Diseases\Brown Spot\image1526.jpg,Brown Spot,1
D:\CropDiseaseProject\sugarcane_large\Diseases\Yellow Leaf\Yellow Leaf800.jpg,Yellow Leaf Disease,10
D:\CropDiseaseProject\sugarcane_large\Diseases\Yellow Leaf\Yellow Leaf171.jpg,Yellow Leaf Disease,10
D:\CropDiseaseProject\sugarcane_large\Diseases\Grassy shoot\image002.jpg,Grassy Shoot,2
D:\CropDiseaseProject\sugarcane_maharashtra\Yellow\yellow (417).jpeg,Yellow Leaf Disease,10
D:\CropDiseaseProject\sugarcane_large\Diseases\Viral Disease\Viral Disease371.jpg,Mosaic / Viral Disease,4
D:\CropDiseaseProject\sugarcane_large\Diseases\Viral Disease\Viral Disease364.jpg,Mosaic / Viral Disease,4
D:\CropDiseaseProject\sugarcane_maharashtra\RedRot\redrot (238).jpeg,Red Rot,6
D:\CropDiseaseProject\sugarcane_large\Diseases\Viral Disease\Viral Disease250.jpg,Mosaic / Viral Disease,4
D:\CropDiseaseProject\sugarcane_large\Diseases\Brown Spot\image1432.jpg,Brown Spot,1
D:\CropDiseaseProject\sugarcane_large\Diseases\BrownRust\image129.jpg,Rust (Brown Rust),7
D:\CropDiseaseProject\sugarcane_maharashtra\Healthy\healthy (441).jpeg,Healthy Leaves,3
D:\CropDiseaseProject\sugarcane_large\Diseases\Viral Disease\Viral Disease521.jpg,Mosaic / Viral Disease,4
D:\CropDiseaseProject\sugarcane_large\Diseases\Yellow Leaf\Yellow Leaf860.jpg,Yellow Leaf Disease,10
D:\CropDiseaseProject\sugarcane_large\Diseases\Brown Spot\image200.jpg,Brown Spot,1
D:\CropDiseaseProject\sugarcane_large\Diseases\Brown Spot\image597.jpg,Brown Spot,1
D:\CropDiseaseProject\sugarcane_large\Diseases\Brown Spot\image218.jpg,Brown Spot,1
D:\CropDiseaseProject\sugarcane_maharashtra\Yellow\yellow (367).jpeg,Yellow Leaf Disease,10
D:\CropDiseaseProject\sugarcane_large\Diseases\Brown Spot\image844.jpg,Brown Spot,1
D:\CropDiseaseProject\sugarcane_large\Diseases\Viral Disease\Viral Disease592.jpg,Mosaic / Viral Disease,4
D:\CropDiseaseProject\sugarcane_maharashtra\Mosaic\mosaic (244).jpeg,Mosaic / Viral Disease,4
D:\CropDiseaseProject\sugarcane_large\Diseases\Sett Rot\Sett Rot291.jpg,Sett Rot,8
D:\CropDiseaseProject\sugarcane_maharashtra\Mosaic\mosaic (386).jpeg,Mosaic / Viral Disease,4
D:\CropDiseaseProject\sugarcane_maharashtra\Healthy\healthy (276).jpeg,Healthy Leaves,3
D:\CropDiseaseProject\sugarcane_large\Diseases\Brown Spot\image805.jpg,Brown Spot,1
D:\CropDiseaseProject\sugarcane_large\Diseases\Brown Spot\image384.jpg,Brown Spot,1
D:\CropDiseaseProject\sugarcane_large\Diseases\Yellow Leaf\Yellow Leaf415.jpg,Yellow Leaf Disease,10
D:\CropDiseaseProject\sugarcane_large\Diseases\Brown Spot\image203.jpg,Brown Spot,1
D:\CropDiseaseProject\sugarcane_large\Diseases\smut\Smut050.jpg,Smut,9
D:\CropDiseaseProject\sugarcane_large\Diseases\smut\Smut082.jpg,Smut,9
D:\CropDiseaseProject\sugarcane_large\Healthy Leaves\image236.jpg,Healthy Leaves,3
D:\CropDiseaseProject\sugarcane_large\Diseases\Yellow Leaf\Yellow Leaf593.jpg,Yellow Leaf Disease,10
D:\CropDiseaseProject\sugarcane_large\Diseases\Brown Spot\image1639.jpg,Brown Spot,1
D:\CropDiseaseProject\sugarcane_large\Diseases\Yellow Leaf\Yellow Leaf061.jpg,Yellow Leaf Disease,10
D:\CropDiseaseProject\sugarcane_large\Diseases\Viral Disease\Viral Disease209.jpg,Mosaic / Viral Disease,4
D:\CropDiseaseProject\sugarcane_large\Diseases\BrownRust\image059.jpg,Rust (Brown Rust),7
D:\CropDiseaseProject\sugarcane_large\Diseases\Grassy shoot\image077.jpg,Grassy Shoot,2
D:\CropDiseaseProject\sugarcane_large\Diseases\Brown Spot\image201.jpg,Brown Spot,1
D:\CropDiseaseProject\sugarcane_maharashtra\Yellow\yellow (485).jpeg,Yellow Leaf Disease,10
D:\CropDiseaseProject\sugarcane_large\Diseases\Yellow Leaf\Yellow Leaf1191.jpg,Yellow Leaf Disease,10
D:\CropDiseaseProject\sugarcane_large\Diseases\Viral Disease\Viral Disease225.jpg,Mosaic / Viral Disease,4
D:\CropDiseaseProject\sugarcane_maharashtra\RedRot\redrot (131).jpeg,Red Rot,6
D:\CropDiseaseProject\sugarcane_large\Diseases\smut\Smut316.jpg,Smut,9
D:\CropDiseaseProject\sugarcane_maharashtra\Healthy\healthy (435).jpeg,Healthy Leaves,3
D:\CropDiseaseProject\sugarcane_large\Diseases\Viral Disease\Viral Disease147.jpg,Mosaic / Viral Disease,4
D:\CropDiseaseProject\sugarcane_large\Diseases\Sett Rot\Sett Rot570.jpg,Sett Rot,8
D:\CropDiseaseProject\sugarcane_large\Diseases\Brown Spot\image1290.jpg,Brown Spot,1
D:\CropDiseaseProject\sugarcane_large\Diseases\Brown Spot\image1292.jpg,Brown Spot,1
D:\CropDiseaseProject\sugarcane_large\Diseases\Brown Spot\image1483.jpg,Brown Spot,1
D:\CropDiseaseProject\sugarcane_large\Diseases\smut\Smut222.jpg,Smut,9
D:\CropDiseaseProject\sugarcane_large\Diseases\Yellow Leaf\Yellow Leaf097.jpg,Yellow Leaf Disease,10
D:\CropDiseaseProject\sugarcane_large\Diseases\Yellow Leaf\Yellow Leaf669.jpg,Yellow Leaf Disease,10
D:\CropDiseaseProject\sugarcane_maharashtra\Yellow\yellow (171).jpeg,Yellow Leaf Disease,10
D:\CropDiseaseProject\sugarcane_large\Diseases\BrownRust\image007.jpg,Rust (Brown Rust),7
D:\CropDiseaseProject\sugarcane_maharashtra\Mosaic\mosaic (407).jpeg,Mosaic / Viral Disease,4
D:\CropDiseaseProject\sugarcane_maharashtra\RedRot\redrot (42).jpeg,Red Rot,6
D:\CropDiseaseProject\sugarcane_large\Diseases\Yellow Leaf\Yellow Leaf638.jpg,Yellow Leaf Disease,10
D:\CropDiseaseProject\sugarcane_large\Diseases\Sett Rot\Sett Rot050.jpg,Sett Rot,8
D:\CropDiseaseProject\sugarcane_large\Diseases\Brown Spot\image647.jpg,Brown Spot,1
D:\CropDiseaseProject\sugarcane_large\Diseases\Viral Disease\Viral Disease460.jpg,Mosaic / Viral Disease,4
D:\CropDiseaseProject\sugarcane_large\Diseases\Brown Spot\image566.jpg,Brown Spot,1
D:\CropDiseaseProject\sugarcane_maharashtra\Rust\rust (105).jpeg,Rust (Brown Rust),7
D:\CropDiseaseProject\sugarcane_large\Healthy Leaves\image257.jpg,Healthy Leaves,3
D:\CropDiseaseProject\sugarcane_maharashtra\Mosaic\mosaic (221).jpeg,Mosaic / Viral Disease,4
D:\CropDiseaseProject\sugarcane_maharashtra\Healthy\healthy (285).jpeg,Healthy Leaves,3
D:\CropDiseaseProject\sugarcane_large\Diseases\Brown Spot\image1610.jpg,Brown Spot,1
D:\CropDiseaseProject\sugarcane_large\Diseases\Brown Spot\image1586.jpg,Brown Spot,1
D:\CropDiseaseProject\sugarcane_maharashtra\Yellow\yellow (500).jpeg,Yellow Leaf Disease,10
D:\CropDiseaseProject\sugarcane_large\Diseases\Sett Rot\Sett Rot189.jpg,Sett Rot,8
D:\CropDiseaseProject\sugarcane_large\Diseases\Brown Spot\image923.jpg,Brown Spot,1
D:\CropDiseaseProject\sugarcane_large\Diseases\smut\Smut305.jpg,Smut,9
D:\CropDiseaseProject\sugarcane_large\Diseases\Brown Spot\image1347.jpg,Brown Spot,1
D:\CropDiseaseProject\sugarcane_maharashtra\Healthy\healthy (43).jpeg,Healthy Leaves,3
D:\CropDiseaseProject\sugarcane_large\Diseases\Brown Spot\image1400.jpg,Brown Spot,1
D:\CropDiseaseProject\sugarcane_large\Diseases\Yellow Leaf\Yellow Leaf1162.jpg,Yellow Leaf Disease,10
D:\CropDiseaseProject\sugarcane_large\Diseases\Pokkah Boeng\Pokkah Boeng173.jpg,Pokkah Boeng,5
D:\CropDiseaseProject\sugarcane_large\Diseases\smut\Smut199.jpg,Smut,9
D:\CropDiseaseProject\sugarcane_large\Diseases\Yellow Leaf\Yellow Leaf745.jpg,Yellow Leaf Disease,10
D:\CropDiseaseProject\sugarcane_maharashtra\Yellow\yellow (279).jpeg,Yellow Leaf Disease,10
D:\CropDiseaseProject\sugarcane_large\Diseases\Banded Chlorosis\image146.jpg,Banded Chlorosis,0
D:\CropDiseaseProject\sugarcane_large\Diseases\Yellow Leaf\Yellow Leaf806.jpg,Yellow Leaf Disease,10
D:\CropDiseaseProject\sugarcane_large\Diseases\BrownRust\image134.jpg,Rust (Brown Rust),7
D:\CropDiseaseProject\sugarcane_maharashtra\Rust\rust (143).jpeg,Rust (Brown Rust),7
D:\CropDiseaseProject\sugarcane_large\Diseases\Yellow Leaf\Yellow Leaf062.jpg,Yellow Leaf Disease,10
D:\CropDiseaseProject\sugarcane_large\Diseases\Sett Rot\Sett Rot338.jpg,Sett Rot,8
D:\CropDiseaseProject\sugarcane_large\Diseases\Brown Spot\image1131.jpg,Brown Spot,1
D:\CropDiseaseProject\sugarcane_maharashtra\Mosaic\mosaic (88).jpeg,Mosaic / Viral Disease,4
D:\CropDiseaseProject\sugarcane_large\Healthy Leaves\image287.jpg,Healthy Leaves,3
D:\CropDiseaseProject\sugarcane_large\Diseases\Sett Rot\Sett Rot105.jpg,Sett Rot,8
D:\CropDiseaseProject\sugarcane_large\Diseases\Yellow Leaf\Yellow Leaf368.jpg,Yellow Leaf Disease,10
D:\CropDiseaseProject\sugarcane_maharashtra\Mosaic\mosaic (296).jpeg,Mosaic / Viral Disease,4
D:\CropDiseaseProject\sugarcane_large\Diseases\Sett Rot\Sett Rot599.jpg,Sett Rot,8
D:\CropDiseaseProject\sugarcane_large\Diseases\Yellow Leaf\Yellow Leaf1127.jpg,Yellow Leaf Disease,10
D:\CropDiseaseProject\sugarcane_large\Diseases\Banded Chlorosis\image061.jpg,Banded Chlorosis,0
D:\CropDiseaseProject\sugarcane_large\Diseases\Yellow Leaf\Yellow Leaf921.jpg,Yellow Leaf Disease,10
D:\CropDiseaseProject\sugarcane_large\Diseases\Yellow Leaf\Yellow Leaf254.jpg,Yellow Leaf Disease,10
D:\CropDiseaseProject\sugarcane_maharashtra\RedRot\redrot (173).jpeg,Red Rot,6
D:\CropDiseaseProject\sugarcane_large\Diseases\Pokkah Boeng\Pokkah Boeng191.jpg,Pokkah Boeng,5
D:\CropDiseaseProject\sugarcane_large\Diseases\Yellow Leaf\Yellow Leaf452.jpg,Yellow Leaf Disease,10
D:\CropDiseaseProject\sugarcane_large\Diseases\Sett Rot\Sett Rot447.jpg,Sett Rot,8
D:\CropDiseaseProject\sugarcane_large\Healthy Leaves\image159.jpg,Healthy Leaves,3
D:\CropDiseaseProject\sugarcane_maharashtra\Mosaic\mosaic (366).jpeg,Mosaic / Viral Disease,4
D:\CropDiseaseProject\sugarcane_large\Diseases\Yellow Leaf\Yellow Leaf932.jpg,Yellow Leaf Disease,10
D:\CropDiseaseProject\sugarcane_large\Diseases\smut\Smut023.jpg,Smut,9
D:\CropDiseaseProject\sugarcane_maharashtra\Healthy\healthy (366).jpeg,Healthy Leaves,3
D:\CropDiseaseProject\sugarcane_large\Diseases\Sett Rot\Sett Rot347.jpg,Sett Rot,8
D:\CropDiseaseProject\sugarcane_large\Diseases\Pokkah Boeng\Pokkah Boeng094.jpg,Pokkah Boeng,5
D:\CropDiseaseProject\sugarcane_large\Diseases\Brown Spot\image1677.jpg,Brown Spot,1
D:\CropDiseaseProject\sugarcane_large\Diseases\Pokkah Boeng\Pokkah Boeng207.jpg,Pokkah Boeng,5
D:\CropDiseaseProject\sugarcane_large\Diseases\Brown Spot\image575.jpg,Brown Spot,1
D:\CropDiseaseProject\sugarcane_large\Diseases\Brown Spot\image1656.jpg,Brown Spot,1
D:\CropDiseaseProject\sugarcane_large\Diseases\Yellow Leaf\Yellow Leaf396.jpg,Yellow Leaf Disease,10
D:\CropDiseaseProject\sugarcane_maharashtra\Rust\rust (214).jpeg,Rust (Brown Rust),7
D:\CropDiseaseProject\sugarcane_maharashtra\RedRot\redrot (440).jpeg,Red Rot,6
D:\CropDiseaseProject\sugarcane_large\Diseases\smut\Smut186.jpg,Smut,9
D:\CropDiseaseProject\sugarcane_large\Diseases\Viral Disease\Viral Disease145.jpg,Mosaic / Viral Disease,4
D:\CropDiseaseProject\sugarcane_maharashtra\Rust\rust (445).jpeg,Rust (Brown Rust),7
D:\CropDiseaseProject\sugarcane_large\Diseases\Viral Disease\Viral Disease292.jpg,Mosaic / Viral Disease,4
D:\CropDiseaseProject\sugarcane_maharashtra\Healthy\healthy (269).jpeg,Healthy Leaves,3
D:\CropDiseaseProject\sugarcane_large\Diseases\Brown Spot\image976.jpg,Brown Spot,1
D:\CropDiseaseProject\sugarcane_large\Diseases\Yellow Leaf\Yellow Leaf679.jpg,Yellow Leaf Disease,10
D:\CropDiseaseProject\sugarcane_maharashtra\Healthy\healthy (100).jpeg,Healthy Leaves,3
D:\CropDiseaseProject\sugarcane_maharashtra\Yellow\yellow (87).jpeg,Yellow Leaf Disease,10
D:\CropDiseaseProject\sugarcane_large\Diseases\Yellow Leaf\Yellow Leaf572.jpg,Yellow Leaf Disease,10
D:\CropDiseaseProject\sugarcane_large\Diseases\Brown Spot\image775.jpg,Brown Spot,1
D:\CropDiseaseProject\sugarcane_maharashtra\Mosaic\mosaic (1).jpeg,Mosaic / Viral Disease,4
D:\CropDiseaseProject\sugarcane_large\Diseases\Yellow Leaf\Yellow Leaf021.jpg,Yellow Leaf Disease,10
D:\CropDiseaseProject\sugarcane_large\Diseases\Pokkah Boeng\Pokkah Boeng206.jpg,Pokkah Boeng,5
D:\CropDiseaseProject\sugarcane_maharashtra\Healthy\healthy (55).jpeg,Healthy Leaves,3
D:\CropDiseaseProject\sugarcane_large\Diseases\Brown Spot\image360.jpg,Brown Spot,1
D:\CropDiseaseProject\sugarcane_large\Diseases\Brown Spot\image244.jpg,Brown Spot,1
D:\CropDiseaseProject\sugarcane_large\Diseases\Brown Spot\image429.jpg,Brown Spot,1
D:\CropDiseaseProject\sugarcane_large\Diseases\Yellow Leaf\Yellow Leaf1099.jpg,Yellow Leaf Disease,10
D:\CropDiseaseProject\sugarcane_large\Diseases\Pokkah Boeng\Pokkah Boeng214.jpg,Pokkah Boeng,5
D:\CropDiseaseProject\sugarcane_large\Diseases\Grassy shoot\image278.jpg,Grassy Shoot,2
D:\CropDiseaseProject\sugarcane_large\Diseases\Yellow Leaf\Yellow Leaf1131.jpg,Yellow Leaf Disease,10
D:\CropDiseaseProject\sugarcane_large\Diseases\Yellow Leaf\Yellow Leaf964.jpg,Yellow Leaf Disease,10
D:\CropDiseaseProject\sugarcane_large\Diseases\BrownRust\image033.jpg,Rust (Brown Rust),7
D:\CropDiseaseProject\sugarcane_large\Diseases\smut\Smut033.jpg,Smut,9
D:\CropDiseaseProject\sugarcane_large\Diseases\Brown Spot\image822.jpg,Brown Spot,1
D:\CropDiseaseProject\sugarcane_large\Diseases\Pokkah Boeng\Pokkah Boeng182.jpg,Pokkah Boeng,5
D:\CropDiseaseProject\sugarcane_large\Diseases\Yellow Leaf\Yellow Leaf559.jpg,Yellow Leaf Disease,10
D:\CropDiseaseProject\sugarcane_large\Diseases\Grassy shoot\image333.jpg,Grassy Shoot,2
D:\CropDiseaseProject\sugarcane_large\Diseases\Brown Spot\image1174.jpg,Brown Spot,1
D:\CropDiseaseProject\sugarcane_large\Diseases\Brown Spot\image1187.jpg,Brown Spot,1
D:\CropDiseaseProject\sugarcane_large\Diseases\Brown Spot\image1171.jpg,Brown Spot,1
D:\CropDiseaseProject\sugarcane_large\Diseases\Brown Spot\image1501.jpg,Brown Spot,1
D:\CropDiseaseProject\sugarcane_large\Healthy Leaves\image151.jpg,Healthy Leaves,3
D:\CropDiseaseProject\sugarcane_large\Diseases\Brown Spot\image1669.jpg,Brown Spot,1
D:\CropDiseaseProject\sugarcane_maharashtra\Rust\rust (507).jpeg,Rust (Brown Rust),7
D:\CropDiseaseProject\sugarcane_large\Diseases\Viral Disease\Viral Disease031.jpg,Mosaic / Viral Disease,4
D:\CropDiseaseProject\sugarcane_large\Diseases\BrownRust\image023.jpg,Rust (Brown Rust),7
D:\CropDiseaseProject\sugarcane_maharashtra\Mosaic\mosaic (408).jpeg,Mosaic / Viral Disease,4
D:\CropDiseaseProject\sugarcane_large\Diseases\Viral Disease\Viral Disease617.jpg,Mosaic / Viral Disease,4
D:\CropDiseaseProject\sugarcane_large\Diseases\Yellow Leaf\Yellow Leaf1161.jpg,Yellow Leaf Disease,10
D:\CropDiseaseProject\sugarcane_large\Diseases\Yellow Leaf\Yellow Leaf641.jpg,Yellow Leaf Disease,10
D:\CropDiseaseProject\sugarcane_large\Diseases\Yellow Leaf\Yellow Leaf816.jpg,Yellow Leaf Disease,10
D:\CropDiseaseProject\sugarcane_maharashtra\Mosaic\mosaic (107).jpeg,Mosaic / Viral Disease,4
D:\CropDiseaseProject\sugarcane_maharashtra\Yellow\yellow (310).jpeg,Yellow Leaf Disease,10
D:\CropDiseaseProject\sugarcane_large\Diseases\Sett Rot\Sett Rot067.jpg,Sett Rot,8
D:\CropDiseaseProject\sugarcane_large\Diseases\Brown Spot\image1300.jpg,Brown Spot,1
D:\CropDiseaseProject\sugarcane_large\Diseases\Pokkah Boeng\Pokkah Boeng198.jpg,Pokkah Boeng,5
D:\CropDiseaseProject\sugarcane_large\Diseases\Brown Spot\image673.jpg,Brown Spot,1
D:\CropDiseaseProject\sugarcane_large\Diseases\Viral Disease\Viral Disease602.jpg,Mosaic / Viral Disease,4
D:\CropDiseaseProject\sugarcane_large\Diseases\Grassy shoot\image112.jpg,Grassy Shoot,2
D:\CropDiseaseProject\sugarcane_large\Diseases\Yellow Leaf\Yellow Leaf747.jpg,Yellow Leaf Disease,10
D:\CropDiseaseProject\sugarcane_large\Diseases\Brown Spot\image519.jpg,Brown Spot,1
D:\CropDiseaseProject\sugarcane_large\Diseases\Brown Spot\image1043.jpg,Brown Spot,1
D:\CropDiseaseProject\sugarcane_maharashtra\Rust\rust (88).jpeg,Rust (Brown Rust),7
D:\CropDiseaseProject\sugarcane_maharashtra\Mosaic\mosaic (250).jpeg,Mosaic / Viral Disease,4
D:\CropDiseaseProject\sugarcane_large\Diseases\BrownRust\image076.jpg,Rust (Brown Rust),7
D:\CropDiseaseProject\sugarcane_large\Diseases\Yellow Leaf\Yellow Leaf506.jpg,Yellow Leaf Disease,10
D:\CropDiseaseProject\sugarcane_large\Diseases\Brown Spot\image335.jpg,Brown Spot,1
D:\CropDiseaseProject\sugarcane_large\Diseases\Brown Spot\image1674.jpg,Brown Spot,1
D:\CropDiseaseProject\sugarcane_large\Healthy Leaves\image219.jpg,Healthy Leaves,3
D:\CropDiseaseProject\sugarcane_large\Diseases\Grassy shoot\image127.jpg,Grassy Shoot,2
D:\CropDiseaseProject\sugarcane_large\Diseases\Yellow Leaf\Yellow Leaf532.jpg,Yellow Leaf Disease,10
D:\CropDiseaseProject\sugarcane_large\Diseases\Brown Spot\image1245.jpg,Brown Spot,1
D:\CropDiseaseProject\sugarcane_large\Diseases\Yellow Leaf\Yellow Leaf1058.jpg,Yellow Leaf Disease,10
D:\CropDiseaseProject\sugarcane_large\Diseases\Banded Chlorosis\image336.jpg,Banded Chlorosis,0
D:\CropDiseaseProject\sugarcane_large\Healthy Leaves\image273.jpg,Healthy Leaves,3
D:\CropDiseaseProject\sugarcane_maharashtra\Rust\rust (344).jpeg,Rust (Brown Rust),7
D:\CropDiseaseProject\sugarcane_large\Diseases\Viral Disease\Viral Disease320.jpg,Mosaic / Viral Disease,4
D:\CropDiseaseProject\sugarcane_large\Diseases\Yellow Leaf\Yellow Leaf1171.jpg,Yellow Leaf Disease,10
D:\CropDiseaseProject\sugarcane_maharashtra\Healthy\healthy (420).jpeg,Healthy Leaves,3
D:\CropDiseaseProject\sugarcane_large\Diseases\Sett Rot\Sett Rot393.jpg,Sett Rot,8
D:\CropDiseaseProject\sugarcane_large\Diseases\Viral Disease\Viral Disease548.jpg,Mosaic / Viral Disease,4
D:\CropDiseaseProject\sugarcane_large\Healthy Leaves\image007.jpg,Healthy Leaves,3
D:\CropDiseaseProject\sugarcane_large\Healthy Leaves\image422.jpg,Healthy Leaves,3
D:\CropDiseaseProject\sugarcane_large\Diseases\Brown Spot\image1480.jpg,Brown Spot,1
D:\CropDiseaseProject\sugarcane_maharashtra\RedRot\redrot (478).jpeg,Red Rot,6
D:\CropDiseaseProject\sugarcane_maharashtra\Yellow\yellow (333).jpeg,Yellow Leaf Disease,10
D:\CropDiseaseProject\sugarcane_maharashtra\RedRot\redrot (218).jpeg,Red Rot,6
D:\CropDiseaseProject\sugarcane_large\Diseases\Yellow Leaf\Yellow Leaf074.jpg,Yellow Leaf Disease,10
D:\CropDiseaseProject\sugarcane_large\Diseases\Banded Chlorosis\image263.jpg,Banded Chlorosis,0
D:\CropDiseaseProject\sugarcane_large\Diseases\BrownRust\image025.jpg,Rust (Brown Rust),7
D:\CropDiseaseProject\sugarcane_large\Diseases\Yellow Leaf\Yellow Leaf535.jpg,Yellow Leaf Disease,10
D:\CropDiseaseProject\sugarcane_large\Diseases\Brown Spot\image1619.jpg,Brown Spot,1
D:\CropDiseaseProject\sugarcane_maharashtra\Rust\rust (430).jpeg,Rust (Brown Rust),7
D:\CropDiseaseProject\sugarcane_large\Diseases\Banded Chlorosis\image266.jpg,Banded Chlorosis,0
D:\CropDiseaseProject\sugarcane_maharashtra\RedRot\redrot (407).jpeg,Red Rot,6
D:\CropDiseaseProject\sugarcane_maharashtra\Yellow\yellow (491).jpeg,Yellow Leaf Disease,10
D:\CropDiseaseProject\sugarcane_large\Diseases\Banded Chlorosis\image060.jpg,Banded Chlorosis,0
D:\CropDiseaseProject\sugarcane_large\Diseases\Yellow Leaf\Yellow Leaf130.jpg,Yellow Leaf Disease,10
D:\CropDiseaseProject\sugarcane_large\Diseases\Brown Spot\image751.jpg,Brown Spot,1
D:\CropDiseaseProject\sugarcane_large\Diseases\Banded Chlorosis\image341.jpg,Banded Chlorosis,0
D:\CropDiseaseProject\sugarcane_large\Diseases\Brown Spot\image390.jpg,Brown Spot,1
D:\CropDiseaseProject\sugarcane_large\Diseases\Brown Spot\image148.jpg,Brown Spot,1
D:\CropDiseaseProject\sugarcane_large\Diseases\Brown Spot\image237.jpg,Brown Spot,1
D:\CropDiseaseProject\sugarcane_large\Diseases\Yellow Leaf\Yellow Leaf565.jpg,Yellow Leaf Disease,10
D:\CropDiseaseProject\sugarcane_maharashtra\RedRot\redrot (509).jpeg,Red Rot,6
D:\CropDiseaseProject\sugarcane_large\Diseases\Yellow Leaf\Yellow Leaf626.jpg,Yellow Leaf Disease,10
D:\CropDiseaseProject\sugarcane_large\Diseases\Sett Rot\Sett Rot453.jpg,Sett Rot,8
D:\CropDiseaseProject\sugarcane_maharashtra\RedRot\redrot (258).jpeg,Red Rot,6
D:\CropDiseaseProject\sugarcane_large\Diseases\Sett Rot\Sett Rot332.jpg,Sett Rot,8
D:\CropDiseaseProject\sugarcane_large\Diseases\Yellow Leaf\Yellow Leaf1139.jpg,Yellow Leaf Disease,10
D:\CropDiseaseProject\sugarcane_large\Diseases\BrownRust\image103.jpg,Rust (Brown Rust),7
D:\CropDiseaseProject\sugarcane_large\Diseases\Yellow Leaf\Yellow Leaf049.jpg,Yellow Leaf Disease,10
D:\CropDiseaseProject\sugarcane_large\Diseases\Pokkah Boeng\Pokkah Boeng286.jpg,Pokkah Boeng,5
D:\CropDiseaseProject\sugarcane_large\Diseases\Grassy shoot\image085.jpg,Grassy Shoot,2
D:\CropDiseaseProject\sugarcane_large\Diseases\Brown Spot\image465.jpg,Brown Spot,1
D:\CropDiseaseProject\sugarcane_large\Diseases\Banded Chlorosis\image209.jpg,Banded Chlorosis,0
D:\CropDiseaseProject\sugarcane_large\Diseases\Sett Rot\Sett Rot557.jpg,Sett Rot,8
D:\CropDiseaseProject\sugarcane_large\Diseases\BrownRust\image075.jpg,Rust (Brown Rust),7
D:\CropDiseaseProject\sugarcane_large\Diseases\Yellow Leaf\Yellow Leaf441.jpg,Yellow Leaf Disease,10
D:\CropDiseaseProject\sugarcane_large\Diseases\Yellow Leaf\Yellow Leaf143.jpg,Yellow Leaf Disease,10
D:\CropDiseaseProject\sugarcane_large\Diseases\Yellow Leaf\Yellow Leaf398.jpg,Yellow Leaf Disease,10
D:\CropDiseaseProject\sugarcane_large\Diseases\Yellow Leaf\Yellow Leaf631.jpg,Yellow Leaf Disease,10
D:\CropDiseaseProject\sugarcane_large\Healthy Leaves\image094.jpg,Healthy Leaves,3
D:\CropDiseaseProject\sugarcane_large\Diseases\Banded Chlorosis\image165.jpg,Banded Chlorosis,0
D:\CropDiseaseProject\sugarcane_maharashtra\Mosaic\mosaic (331).jpeg,Mosaic / Viral Disease,4
D:\CropDiseaseProject\sugarcane_large\Diseases\BrownRust\image312.jpg,Rust (Brown Rust),7
D:\CropDiseaseProject\sugarcane_maharashtra\Rust\rust (367).jpeg,Rust (Brown Rust),7
D:\CropDiseaseProject\sugarcane_large\Diseases\Banded Chlorosis\image168.jpg,Banded Chlorosis,0
D:\CropDiseaseProject\sugarcane_large\Diseases\Banded Chlorosis\image397.jpg,Banded Chlorosis,0
D:\CropDiseaseProject\sugarcane_maharashtra\Yellow\yellow (306).jpeg,Yellow Leaf Disease,10
D:\CropDiseaseProject\sugarcane_maharashtra\RedRot\redrot (92).jpeg,Red Rot,6
D:\CropDiseaseProject\sugarcane_maharashtra\Mosaic\mosaic (327).jpeg,Mosaic / Viral Disease,4
D:\CropDiseaseProject\sugarcane_maharashtra\Healthy\healthy (346).jpeg,Healthy Leaves,3
D:\CropDiseaseProject\sugarcane_large\Diseases\Sett Rot\Sett Rot143.jpg,Sett Rot,8
D:\CropDiseaseProject\sugarcane_maharashtra\Mosaic\mosaic (87).jpeg,Mosaic / Viral Disease,4
D:\CropDiseaseProject\sugarcane_large\Diseases\Pokkah Boeng\Pokkah Boeng042.jpg,Pokkah Boeng,5
D:\CropDiseaseProject\sugarcane_large\Diseases\Sett Rot\Sett Rot071.jpg,Sett Rot,8
D:\CropDiseaseProject\sugarcane_large\Healthy Leaves\image247.jpg,Healthy Leaves,3
D:\CropDiseaseProject\sugarcane_large\Diseases\Brown Spot\image109.jpg,Brown Spot,1
D:\CropDiseaseProject\sugarcane_large\Diseases\Brown Spot\image1193.jpg,Brown Spot,1
D:\CropDiseaseProject\sugarcane_large\Diseases\Brown Spot\image848.jpg,Brown Spot,1
D:\CropDiseaseProject\sugarcane_large\Diseases\Brown Spot\image1038.jpg,Brown Spot,1
D:\CropDiseaseProject\sugarcane_large\Healthy Leaves\image119.jpg,Healthy Leaves,3
D:\CropDiseaseProject\sugarcane_large\Diseases\Sett Rot\Sett Rot382.jpg,Sett Rot,8
D:\CropDiseaseProject\sugarcane_large\Diseases\Sett Rot\Sett Rot628.jpg,Sett Rot,8
D:\CropDiseaseProject\sugarcane_large\Diseases\Viral Disease\Viral Disease026.jpg,Mosaic / Viral Disease,4
D:\CropDiseaseProject\sugarcane_large\Diseases\Sett Rot\Sett Rot525.jpg,Sett Rot,8
D:\CropDiseaseProject\sugarcane_maharashtra\Mosaic\mosaic (282).jpeg,Mosaic / Viral Disease,4
D:\CropDiseaseProject\sugarcane_large\Healthy Leaves\image046.jpg,Healthy Leaves,3
D:\CropDiseaseProject\sugarcane_large\Diseases\Brown Spot\image572.jpg,Brown Spot,1
D:\CropDiseaseProject\sugarcane_maharashtra\Mosaic\mosaic (75).jpeg,Mosaic / Viral Disease,4
D:\CropDiseaseProject\sugarcane_large\Diseases\Brown Spot\image804.jpg,Brown Spot,1
D:\CropDiseaseProject\sugarcane_large\Diseases\Grassy shoot\image193.jpg,Grassy Shoot,2
D:\CropDiseaseProject\sugarcane_large\Diseases\Brown Spot\image088.jpg,Brown Spot,1
D:\CropDiseaseProject\sugarcane_large\Diseases\Sett Rot\Sett Rot069.jpg,Sett Rot,8
D:\CropDiseaseProject\sugarcane_large\Diseases\BrownRust\image124.jpg,Rust (Brown Rust),7
D:\CropDiseaseProject\sugarcane_large\Diseases\Brown Spot\image546.jpg,Brown Spot,1
D:\CropDiseaseProject\sugarcane_maharashtra\RedRot\redrot (208).jpeg,Red Rot,6
D:\CropDiseaseProject\sugarcane_large\Diseases\Brown Spot\image1596.jpg,Brown Spot,1
D:\CropDiseaseProject\sugarcane_large\Diseases\Brown Spot\image354.jpg,Brown Spot,1
D:\CropDiseaseProject\sugarcane_large\Diseases\Sett Rot\Sett Rot091.jpg,Sett Rot,8
D:\CropDiseaseProject\sugarcane_large\Diseases\Brown Spot\image1210.jpg,Brown Spot,1
D:\CropDiseaseProject\sugarcane_maharashtra\Yellow\yellow (246).jpeg,Yellow Leaf Disease,10
D:\CropDiseaseProject\sugarcane_large\Diseases\Brown Spot\image254.jpg,Brown Spot,1
D:\CropDiseaseProject\sugarcane_large\Diseases\Sett Rot\Sett Rot211.jpg,Sett Rot,8
D:\CropDiseaseProject\sugarcane_large\Diseases\Viral Disease\Viral Disease167.jpg,Mosaic / Viral Disease,4
D:\CropDiseaseProject\sugarcane_maharashtra\Yellow\yellow (253).jpeg,Yellow Leaf Disease,10
D:\CropDiseaseProject\sugarcane_large\Diseases\Yellow Leaf\Yellow Leaf075.jpg,Yellow Leaf Disease,10
D:\CropDiseaseProject\sugarcane_large\Diseases\smut\Smut268.jpg,Smut,9
D:\CropDiseaseProject\sugarcane_maharashtra\Yellow\yellow (119).jpeg,Yellow Leaf Disease,10
D:\CropDiseaseProject\sugarcane_large\Diseases\Yellow Leaf\Yellow Leaf951.jpg,Yellow Leaf Disease,10
D:\CropDiseaseProject\sugarcane_maharashtra\Yellow\yellow (212).jpeg,Yellow Leaf Disease,10
D:\CropDiseaseProject\sugarcane_large\Diseases\Yellow Leaf\Yellow Leaf574.jpg,Yellow Leaf Disease,10
D:\CropDiseaseProject\sugarcane_large\Diseases\Sett Rot\Sett Rot507.jpg,Sett Rot,8
D:\CropDiseaseProject\sugarcane_large\Diseases\Yellow Leaf\Yellow Leaf485.jpg,Yellow Leaf Disease,10
D:\CropDiseaseProject\sugarcane_large\Diseases\BrownRust\image246.jpg,Rust (Brown Rust),7
D:\CropDiseaseProject\sugarcane_large\Diseases\Yellow Leaf\Yellow Leaf590.jpg,Yellow Leaf Disease,10
D:\CropDiseaseProject\sugarcane_large\Diseases\Brown Spot\image1691.jpg,Brown Spot,1
D:\CropDiseaseProject\sugarcane_large\Diseases\Yellow Leaf\Yellow Leaf802.jpg,Yellow Leaf Disease,10
D:\CropDiseaseProject\sugarcane_large\Diseases\Brown Spot\image500.jpg,Brown Spot,1
D:\CropDiseaseProject\sugarcane_maharashtra\RedRot\redrot (88).jpeg,Red Rot,6
D:\CropDiseaseProject\sugarcane_large\Diseases\Brown Spot\image1200.jpg,Brown Spot,1
D:\CropDiseaseProject\sugarcane_large\Diseases\Brown Spot\image955.jpg,Brown Spot,1
D:\CropDiseaseProject\sugarcane_large\Diseases\smut\Smut029.jpg,Smut,9
D:\CropDiseaseProject\sugarcane_large\Diseases\Sett Rot\Sett Rot385.jpg,Sett Rot,8
D:\CropDiseaseProject\sugarcane_large\Diseases\smut\Smut001.jpg,Smut,9
D:\CropDiseaseProject\sugarcane_maharashtra\Yellow\yellow (143).jpeg,Yellow Leaf Disease,10
D:\CropDiseaseProject\sugarcane_maharashtra\Yellow\yellow (475).jpeg,Yellow Leaf Disease,10
D:\CropDiseaseProject\sugarcane_large\Diseases\Viral Disease\Viral Disease045.jpg,Mosaic / Viral Disease,4
D:\CropDiseaseProject\sugarcane_large\Diseases\Brown Spot\image784.jpg,Brown Spot,1
D:\CropDiseaseProject\sugarcane_large\Diseases\Sett Rot\Sett Rot513.jpg,Sett Rot,8
D:\CropDiseaseProject\sugarcane_large\Diseases\Brown Spot\image1326.jpg,Brown Spot,1
D:\CropDiseaseProject\sugarcane_large\Diseases\Pokkah Boeng\Pokkah Boeng253.jpg,Pokkah Boeng,5
D:\CropDiseaseProject\sugarcane_large\Diseases\Grassy shoot\image037.jpg,Grassy Shoot,2
D:\CropDiseaseProject\sugarcane_large\Diseases\Brown Spot\image038.jpg,Brown Spot,1
D:\CropDiseaseProject\sugarcane_large\Diseases\BrownRust\image257.jpg,Rust (Brown Rust),7
D:\CropDiseaseProject\sugarcane_maharashtra\Mosaic\mosaic (380).jpeg,Mosaic / Viral Disease,4
D:\CropDiseaseProject\sugarcane_maharashtra\Rust\rust (107).jpeg,Rust (Brown Rust),7
D:\CropDiseaseProject\sugarcane_maharashtra\Mosaic\mosaic (56).jpeg,Mosaic / Viral Disease,4
D:\CropDiseaseProject\sugarcane_large\Diseases\Pokkah Boeng\Pokkah Boeng282.jpg,Pokkah Boeng,5
D:\CropDiseaseProject\sugarcane_large\Healthy Leaves\image320.jpg,Healthy Leaves,3
D:\CropDiseaseProject\sugarcane_large\Diseases\Pokkah Boeng\Pokkah Boeng255.jpg,Pokkah Boeng,5
D:\CropDiseaseProject\sugarcane_maharashtra\Rust\rust (198).jpeg,Rust (Brown Rust),7
D:\CropDiseaseProject\sugarcane_maharashtra\Yellow\yellow (395).jpeg,Yellow Leaf Disease,10
D:\CropDiseaseProject\sugarcane_large\Diseases\Yellow Leaf\Yellow Leaf1173.jpg,Yellow Leaf Disease,10
D:\CropDiseaseProject\sugarcane_large\Diseases\Pokkah Boeng\Pokkah Boeng052.jpg,Pokkah Boeng,5
D:\CropDiseaseProject\sugarcane_large\Diseases\Brown Spot\image676.jpg,Brown Spot,1
D:\CropDiseaseProject\sugarcane_maharashtra\RedRot\redrot (207).jpeg,Red Rot,6
D:\CropDiseaseProject\sugarcane_large\Diseases\Banded Chlorosis\image428.jpg,Banded Chlorosis,0
D:\CropDiseaseProject\sugarcane_large\Diseases\Yellow Leaf\Yellow Leaf440.jpg,Yellow Leaf Disease,10
D:\CropDiseaseProject\sugarcane_large\Diseases\Sett Rot\Sett Rot600.jpg,Sett Rot,8
D:\CropDiseaseProject\sugarcane_large\Diseases\Yellow Leaf\Yellow Leaf687.jpg,Yellow Leaf Disease,10
D:\CropDiseaseProject\sugarcane_large\Diseases\Brown Spot\image959.jpg,Brown Spot,1
D:\CropDiseaseProject\sugarcane_maharashtra\Yellow\yellow (93).jpeg,Yellow Leaf Disease,10
D:\CropDiseaseProject\sugarcane_large\Diseases\Yellow Leaf\Yellow Leaf897.jpg,Yellow Leaf Disease,10
D:\CropDiseaseProject\sugarcane_large\Diseases\Brown Spot\image1044.jpg,Brown Spot,1
D:\CropDiseaseProject\sugarcane_large\Diseases\Banded Chlorosis\image127.jpg,Banded Chlorosis,0
D:\CropDiseaseProject\sugarcane_large\Diseases\Brown Spot\image843.jpg,Brown Spot,1
D:\CropDiseaseProject\sugarcane_large\Diseases\Yellow Leaf\Yellow Leaf320.jpg,Yellow Leaf Disease,10
D:\CropDiseaseProject\sugarcane_large\Diseases\Viral Disease\Viral Disease329.jpg,Mosaic / Viral Disease,4
D:\CropDiseaseProject\sugarcane_maharashtra\Yellow\yellow (197).jpeg,Yellow Leaf Disease,10
D:\CropDiseaseProject\sugarcane_maharashtra\RedRot\redrot (456).jpeg,Red Rot,6
D:\CropDiseaseProject\sugarcane_large\Diseases\Brown Spot\image1685.jpg,Brown Spot,1
D:\CropDiseaseProject\sugarcane_maharashtra\Mosaic\mosaic (36).jpeg,Mosaic / Viral Disease,4
D:\CropDiseaseProject\sugarcane_large\Healthy Leaves\image170.jpg,Healthy Leaves,3
D:\CropDiseaseProject\sugarcane_maharashtra\RedRot\redrot (67).jpeg,Red Rot,6
D:\CropDiseaseProject\sugarcane_large\Diseases\Yellow Leaf\Yellow Leaf391.jpg,Yellow Leaf Disease,10
D:\CropDiseaseProject\sugarcane_large\Diseases\Banded Chlorosis\image187.jpg,Banded Chlorosis,0
D:\CropDiseaseProject\sugarcane_large\Diseases\Yellow Leaf\Yellow Leaf495.jpg,Yellow Leaf Disease,10
D:\CropDiseaseProject\sugarcane_large\Diseases\Pokkah Boeng\Pokkah Boeng033.jpg,Pokkah Boeng,5
D:\CropDiseaseProject\sugarcane_maharashtra\Rust\rust (397).jpeg,Rust (Brown Rust),7
D:\CropDiseaseProject\sugarcane_maharashtra\Rust\rust (74).jpeg,Rust (Brown Rust),7
D:\CropDiseaseProject\sugarcane_maharashtra\Rust\rust (165).jpeg,Rust (Brown Rust),7
D:\CropDiseaseProject\sugarcane_large\Diseases\Yellow Leaf\Yellow Leaf210.jpg,Yellow Leaf Disease,10
D:\CropDiseaseProject\sugarcane_maharashtra\Healthy\healthy (246).jpeg,Healthy Leaves,3
D:\CropDiseaseProject\sugarcane_maharashtra\Mosaic\mosaic (73).jpeg,Mosaic / Viral Disease,4
D:\CropDiseaseProject\sugarcane_maharashtra\Healthy\healthy (2).jpeg,Healthy Leaves,3
D:\CropDiseaseProject\sugarcane_large\Diseases\Grassy shoot\image110.jpg,Grassy Shoot,2
D:\CropDiseaseProject\sugarcane_large\Diseases\Sett Rot\Sett Rot249.jpg,Sett Rot,8
D:\CropDiseaseProject\sugarcane_maharashtra\Mosaic\mosaic (433).jpeg,Mosaic / Viral Disease,4
D:\CropDiseaseProject\sugarcane_large\Diseases\Yellow Leaf\Yellow Leaf164.jpg,Yellow Leaf Disease,10
D:\CropDiseaseProject\sugarcane_maharashtra\RedRot\redrot (35).jpeg,Red Rot,6
D:\CropDiseaseProject\sugarcane_large\Diseases\Brown Spot\image1222.jpg,Brown Spot,1
D:\CropDiseaseProject\sugarcane_maharashtra\RedRot\redrot (187).jpeg,Red Rot,6
D:\CropDiseaseProject\sugarcane_large\Diseases\Yellow Leaf\Yellow Leaf546.jpg,Yellow Leaf Disease,10
D:\CropDiseaseProject\sugarcane_large\Diseases\smut\Smut296.jpg,Smut,9
D:\CropDiseaseProject\sugarcane_large\Diseases\Brown Spot\image459.jpg,Brown Spot,1
D:\CropDiseaseProject\sugarcane_large\Diseases\Grassy shoot\image066.jpg,Grassy Shoot,2
D:\CropDiseaseProject\sugarcane_large\Diseases\Yellow Leaf\Yellow Leaf1067.jpg,Yellow Leaf Disease,10
D:\CropDiseaseProject\sugarcane_large\Diseases\Viral Disease\Viral Disease152.jpg,Mosaic / Viral Disease,4
D:\CropDiseaseProject\sugarcane_maharashtra\Yellow\yellow (216).jpeg,Yellow Leaf Disease,10
D:\CropDiseaseProject\sugarcane_large\Diseases\Brown Spot\image1418.jpg,Brown Spot,1
D:\CropDiseaseProject\sugarcane_large\Diseases\Brown Spot\image1027.jpg,Brown Spot,1
D:\CropDiseaseProject\sugarcane_large\Diseases\smut\Smut125.jpg,Smut,9
D:\CropDiseaseProject\sugarcane_large\Diseases\Brown Spot\image476.jpg,Brown Spot,1
D:\CropDiseaseProject\sugarcane_maharashtra\Rust\rust (250).jpeg,Rust (Brown Rust),7
D:\CropDiseaseProject\sugarcane_large\Diseases\Yellow Leaf\Yellow Leaf124.jpg,Yellow Leaf Disease,10
D:\CropDiseaseProject\sugarcane_large\Diseases\Pokkah Boeng\Pokkah Boeng228.jpg,Pokkah Boeng,5
D:\CropDiseaseProject\sugarcane_large\Diseases\Brown Spot\image829.jpg,Brown Spot,1
D:\CropDiseaseProject\sugarcane_large\Healthy Leaves\image187.jpg,Healthy Leaves,3
D:\CropDiseaseProject\sugarcane_large\Diseases\Viral Disease\Viral Disease516.jpg,Mosaic / Viral Disease,4
D:\CropDiseaseProject\sugarcane_large\Diseases\Yellow Leaf\Yellow Leaf178.jpg,Yellow Leaf Disease,10
D:\CropDiseaseProject\sugarcane_maharashtra\Healthy\healthy (162).jpeg,Healthy Leaves,3
D:\CropDiseaseProject\sugarcane_large\Diseases\Brown Spot\image949.jpg,Brown Spot,1
D:\CropDiseaseProject\sugarcane_large\Diseases\Yellow Leaf\Yellow Leaf137.jpg,Yellow Leaf Disease,10
D:\CropDiseaseProject\sugarcane_large\Diseases\Brown Spot\image988.jpg,Brown Spot,1
D:\CropDiseaseProject\sugarcane_large\Diseases\Brown Spot\image007.jpg,Brown Spot,1
D:\CropDiseaseProject\sugarcane_large\Diseases\Viral Disease\Viral Disease623.jpg,Mosaic / Viral Disease,4
D:\CropDiseaseProject\sugarcane_maharashtra\RedRot\redrot (315).jpeg,Red Rot,6
D:\CropDiseaseProject\sugarcane_large\Diseases\BrownRust\image284.jpg,Rust (Brown Rust),7
D:\CropDiseaseProject\sugarcane_large\Diseases\smut\Smut142.jpg,Smut,9
D:\CropDiseaseProject\sugarcane_maharashtra\Yellow\yellow (275).jpeg,Yellow Leaf Disease,10
D:\CropDiseaseProject\sugarcane_large\Diseases\Brown Spot\image1527.jpg,Brown Spot,1
D:\CropDiseaseProject\sugarcane_maharashtra\Yellow\yellow (413).jpeg,Yellow Leaf Disease,10
D:\CropDiseaseProject\sugarcane_maharashtra\RedRot\redrot (36).jpeg,Red Rot,6
D:\CropDiseaseProject\sugarcane_maharashtra\Mosaic\mosaic (150).jpeg,Mosaic / Viral Disease,4
D:\CropDiseaseProject\sugarcane_large\Diseases\Brown Spot\image1188.jpg,Brown Spot,1
D:\CropDiseaseProject\sugarcane_large\Diseases\Sett Rot\Sett Rot430.jpg,Sett Rot,8
D:\CropDiseaseProject\sugarcane_large\Diseases\Brown Spot\image1707.jpg,Brown Spot,1
D:\CropDiseaseProject\sugarcane_maharashtra\Yellow\yellow (388).jpeg,Yellow Leaf Disease,10
D:\CropDiseaseProject\sugarcane_maharashtra\Mosaic\mosaic (252).jpeg,Mosaic / Viral Disease,4
D:\CropDiseaseProject\sugarcane_large\Diseases\Yellow Leaf\Yellow Leaf675.jpg,Yellow Leaf Disease,10
D:\CropDiseaseProject\sugarcane_large\Healthy Leaves\image083.jpg,Healthy Leaves,3
D:\CropDiseaseProject\sugarcane_large\Diseases\Brown Spot\image1382.jpg,Brown Spot,1
D:\CropDiseaseProject\sugarcane_large\Diseases\Brown Spot\image1074.jpg,Brown Spot,1
D:\CropDiseaseProject\sugarcane_large\Diseases\Pokkah Boeng\Pokkah Boeng181.jpg,Pokkah Boeng,5
D:\CropDiseaseProject\sugarcane_large\Diseases\BrownRust\image087.jpg,Rust (Brown Rust),7
D:\CropDiseaseProject\sugarcane_large\Diseases\smut\Smut034.jpg,Smut,9
D:\CropDiseaseProject\sugarcane_large\Diseases\Sett Rot\Sett Rot221.jpg,Sett Rot,8
D:\CropDiseaseProject\sugarcane_large\Diseases\Yellow Leaf\Yellow Leaf863.jpg,Yellow Leaf Disease,10
D:\CropDiseaseProject\sugarcane_large\Diseases\Viral Disease\Viral Disease281.jpg,Mosaic / Viral Disease,4
D:\CropDiseaseProject\sugarcane_large\Diseases\Brown Spot\image207.jpg,Brown Spot,1
D:\CropDiseaseProject\sugarcane_maharashtra\Healthy\healthy (327).jpeg,Healthy Leaves,3
D:\CropDiseaseProject\sugarcane_maharashtra\RedRot\redrot (228).jpeg,Red Rot,6
D:\CropDiseaseProject\sugarcane_large\Diseases\Brown Spot\image956.jpg,Brown Spot,1
D:\CropDiseaseProject\sugarcane_large\Diseases\Viral Disease\Viral Disease211.jpg,Mosaic / Viral Disease,4
D:\CropDiseaseProject\sugarcane_large\Diseases\Brown Spot\image1618.jpg,Brown Spot,1
D:\CropDiseaseProject\sugarcane_large\Diseases\Sett Rot\Sett Rot510.jpg,Sett Rot,8
D:\CropDiseaseProject\sugarcane_maharashtra\Yellow\yellow (117).jpeg,Yellow Leaf Disease,10
D:\CropDiseaseProject\sugarcane_large\Diseases\Brown Spot\image1717.jpg,Brown Spot,1
D:\CropDiseaseProject\sugarcane_large\Diseases\Yellow Leaf\Yellow Leaf177.jpg,Yellow Leaf Disease,10
D:\CropDiseaseProject\sugarcane_large\Diseases\Brown Spot\image1258.jpg,Brown Spot,1
D:\CropDiseaseProject\sugarcane_large\Diseases\Yellow Leaf\Yellow Leaf528.jpg,Yellow Leaf Disease,10
D:\CropDiseaseProject\sugarcane_maharashtra\Healthy\healthy (344).jpeg,Healthy Leaves,3
D:\CropDiseaseProject\sugarcane_large\Diseases\Banded Chlorosis\image440.jpg,Banded Chlorosis,0
D:\CropDiseaseProject\sugarcane_maharashtra\Rust\rust (320).jpeg,Rust (Brown Rust),7
D:\CropDiseaseProject\sugarcane_maharashtra\Healthy\healthy (98).jpeg,Healthy Leaves,3
D:\CropDiseaseProject\sugarcane_maharashtra\Yellow\yellow (327).jpeg,Yellow Leaf Disease,10
D:\CropDiseaseProject\sugarcane_large\Diseases\Viral Disease\Viral Disease650.jpg,Mosaic / Viral Disease,4
D:\CropDiseaseProject\sugarcane_maharashtra\Yellow\yellow (192).jpeg,Yellow Leaf Disease,10
D:\CropDiseaseProject\sugarcane_large\Diseases\Brown Spot\image1017.jpg,Brown Spot,1
D:\CropDiseaseProject\sugarcane_large\Diseases\smut\Smut003.jpg,Smut,9
D:\CropDiseaseProject\sugarcane_large\Diseases\Sett Rot\Sett Rot148.jpg,Sett Rot,8
D:\CropDiseaseProject\sugarcane_large\Diseases\Yellow Leaf\Yellow Leaf660.jpg,Yellow Leaf Disease,10
D:\CropDiseaseProject\sugarcane_large\Diseases\Yellow Leaf\Yellow Leaf066.jpg,Yellow Leaf Disease,10
D:\CropDiseaseProject\sugarcane_large\Healthy Leaves\image293.jpg,Healthy Leaves,3
D:\CropDiseaseProject\sugarcane_large\Diseases\smut\Smut058.jpg,Smut,9
D:\CropDiseaseProject\sugarcane_large\Diseases\Viral Disease\Viral Disease541.jpg,Mosaic / Viral Disease,4
D:\CropDiseaseProject\sugarcane_large\Diseases\Brown Spot\image1672.jpg,Brown Spot,1
D:\CropDiseaseProject\sugarcane_large\Diseases\Viral Disease\Viral Disease388.jpg,Mosaic / Viral Disease,4
D:\CropDiseaseProject\sugarcane_large\Diseases\smut\Smut241.jpg,Smut,9
D:\CropDiseaseProject\sugarcane_large\Diseases\Sett Rot\Sett Rot089.jpg,Sett Rot,8
D:\CropDiseaseProject\sugarcane_large\Diseases\Viral Disease\Viral Disease287.jpg,Mosaic / Viral Disease,4
D:\CropDiseaseProject\sugarcane_maharashtra\Healthy\healthy (113).jpeg,Healthy Leaves,3
D:\CropDiseaseProject\sugarcane_large\Diseases\Brown Spot\image745.jpg,Brown Spot,1
D:\CropDiseaseProject\sugarcane_large\Diseases\Yellow Leaf\Yellow Leaf263.jpg,Yellow Leaf Disease,10
D:\CropDiseaseProject\sugarcane_large\Diseases\Yellow Leaf\Yellow Leaf045.jpg,Yellow Leaf Disease,10
D:\CropDiseaseProject\sugarcane_large\Diseases\Pokkah Boeng\Pokkah Boeng183.jpg,Pokkah Boeng,5
D:\CropDiseaseProject\sugarcane_large\Diseases\Pokkah Boeng\Pokkah Boeng101.jpg,Pokkah Boeng,5
D:\CropDiseaseProject\sugarcane_maharashtra\RedRot\redrot (125).jpeg,Red Rot,6
D:\CropDiseaseProject\sugarcane_large\Diseases\Sett Rot\Sett Rot352.jpg,Sett Rot,8
D:\CropDiseaseProject\sugarcane_large\Diseases\Brown Spot\image1045.jpg,Brown Spot,1
D:\CropDiseaseProject\sugarcane_large\Diseases\Sett Rot\Sett Rot417.jpg,Sett Rot,8
D:\CropDiseaseProject\sugarcane_large\Diseases\Yellow Leaf\Yellow Leaf264.jpg,Yellow Leaf Disease,10
D:\CropDiseaseProject\sugarcane_large\Diseases\Pokkah Boeng\Pokkah Boeng003.jpg,Pokkah Boeng,5
D:\CropDiseaseProject\sugarcane_large\Diseases\BrownRust\image201.jpg,Rust (Brown Rust),7
D:\CropDiseaseProject\sugarcane_large\Diseases\Yellow Leaf\Yellow Leaf605.jpg,Yellow Leaf Disease,10
D:\CropDiseaseProject\sugarcane_maharashtra\Yellow\yellow (389).jpeg,Yellow Leaf Disease,10
D:\CropDiseaseProject\sugarcane_large\Diseases\Yellow Leaf\Yellow Leaf052.jpg,Yellow Leaf Disease,10
D:\CropDiseaseProject\sugarcane_maharashtra\RedRot\redrot (27).jpeg,Red Rot,6
D:\CropDiseaseProject\sugarcane_large\Diseases\Yellow Leaf\Yellow Leaf205.jpg,Yellow Leaf Disease,10
D:\CropDiseaseProject\sugarcane_large\Diseases\Yellow Leaf\Yellow Leaf206.jpg,Yellow Leaf Disease,10
D:\CropDiseaseProject\sugarcane_large\Diseases\Brown Spot\image363.jpg,Brown Spot,1
D:\CropDiseaseProject\sugarcane_maharashtra\Rust\rust (93).jpeg,Rust (Brown Rust),7
D:\CropDiseaseProject\sugarcane_maharashtra\Rust\rust (361).jpeg,Rust (Brown Rust),7
D:\CropDiseaseProject\sugarcane_large\Diseases\smut\Smut116.jpg,Smut,9
D:\CropDiseaseProject\sugarcane_large\Diseases\Yellow Leaf\Yellow Leaf557.jpg,Yellow Leaf Disease,10
D:\CropDiseaseProject\sugarcane_maharashtra\Rust\rust (357).jpeg,Rust (Brown Rust),7
D:\CropDiseaseProject\sugarcane_large\Diseases\Yellow Leaf\Yellow Leaf246.jpg,Yellow Leaf Disease,10
D:\CropDiseaseProject\sugarcane_maharashtra\Mosaic\mosaic (413).jpeg,Mosaic / Viral Disease,4
D:\CropDiseaseProject\sugarcane_large\Diseases\Yellow Leaf\Yellow Leaf596.jpg,Yellow Leaf Disease,10
D:\CropDiseaseProject\sugarcane_large\Diseases\Yellow Leaf\Yellow Leaf092.jpg,Yellow Leaf Disease,10
D:\CropDiseaseProject\sugarcane_large\Healthy Leaves\image052.jpg,Healthy Leaves,3
D:\CropDiseaseProject\sugarcane_large\Diseases\Pokkah Boeng\Pokkah Boeng229.jpg,Pokkah Boeng,5
D:\CropDiseaseProject\sugarcane_large\Diseases\smut\Smut299.jpg,Smut,9
D:\CropDiseaseProject\sugarcane_large\Diseases\Brown Spot\image1094.jpg,Brown Spot,1
D:\CropDiseaseProject\sugarcane_large\Diseases\Brown Spot\image226.jpg,Brown Spot,1
D:\CropDiseaseProject\sugarcane_large\Diseases\Brown Spot\image1374.jpg,Brown Spot,1
D:\CropDiseaseProject\sugarcane_large\Diseases\smut\Smut293.jpg,Smut,9
D:\CropDiseaseProject\sugarcane_large\Diseases\Sett Rot\Sett Rot627.jpg,Sett Rot,8
D:\CropDiseaseProject\sugarcane_large\Diseases\Yellow Leaf\Yellow Leaf184.jpg,Yellow Leaf Disease,10
D:\CropDiseaseProject\sugarcane_large\Diseases\Grassy shoot\image267.jpg,Grassy Shoot,2
D:\CropDiseaseProject\sugarcane_maharashtra\Yellow\yellow (131).jpeg,Yellow Leaf Disease,10
D:\CropDiseaseProject\sugarcane_large\Diseases\Yellow Leaf\Yellow Leaf379.jpg,Yellow Leaf Disease,10
D:\CropDiseaseProject\sugarcane_large\Diseases\Brown Spot\image855.jpg,Brown Spot,1
D:\CropDiseaseProject\sugarcane_large\Healthy Leaves\image048.jpg,Healthy Leaves,3
D:\CropDiseaseProject\sugarcane_large\Diseases\Yellow Leaf\Yellow Leaf181.jpg,Yellow Leaf Disease,10
D:\CropDiseaseProject\sugarcane_large\Diseases\Yellow Leaf\Yellow Leaf686.jpg,Yellow Leaf Disease,10
D:\CropDiseaseProject\sugarcane_large\Diseases\BrownRust\image148.jpg,Rust (Brown Rust),7
D:\CropDiseaseProject\sugarcane_large\Diseases\BrownRust\image243.jpg,Rust (Brown Rust),7
D:\CropDiseaseProject\sugarcane_large\Diseases\Pokkah Boeng\Pokkah Boeng076.jpg,Pokkah Boeng,5
D:\CropDiseaseProject\sugarcane_large\Diseases\Pokkah Boeng\Pokkah Boeng245.jpg,Pokkah Boeng,5
D:\CropDiseaseProject\sugarcane_large\Diseases\Yellow Leaf\Yellow Leaf364.jpg,Yellow Leaf Disease,10
D:\CropDiseaseProject\sugarcane_maharashtra\Yellow\yellow (76).jpeg,Yellow Leaf Disease,10
D:\CropDiseaseProject\sugarcane_large\Diseases\Yellow Leaf\Yellow Leaf715.jpg,Yellow Leaf Disease,10
D:\CropDiseaseProject\sugarcane_large\Healthy Leaves\image174.jpg,Healthy Leaves,3
D:\CropDiseaseProject\sugarcane_large\Diseases\Sett Rot\Sett Rot001.jpg,Sett Rot,8
D:\CropDiseaseProject\sugarcane_maharashtra\Rust\rust (389).jpeg,Rust (Brown Rust),7
D:\CropDiseaseProject\sugarcane_maharashtra\Mosaic\mosaic (334).jpeg,Mosaic / Viral Disease,4
D:\CropDiseaseProject\sugarcane_large\Diseases\Brown Spot\image1655.jpg,Brown Spot,1
D:\CropDiseaseProject\sugarcane_large\Diseases\Brown Spot\image1636.jpg,Brown Spot,1
D:\CropDiseaseProject\sugarcane_large\Diseases\Brown Spot\image065.jpg,Brown Spot,1
D:\CropDiseaseProject\sugarcane_large\Diseases\Yellow Leaf\Yellow Leaf243.jpg,Yellow Leaf Disease,10
D:\CropDiseaseProject\sugarcane_large\Diseases\Banded Chlorosis\image113.jpg,Banded Chlorosis,0
D:\CropDiseaseProject\sugarcane_large\Diseases\Yellow Leaf\Yellow Leaf961.jpg,Yellow Leaf Disease,10
D:\CropDiseaseProject\sugarcane_maharashtra\Yellow\yellow (504).jpeg,Yellow Leaf Disease,10
D:\CropDiseaseProject\sugarcane_large\Diseases\Sett Rot\Sett Rot317.jpg,Sett Rot,8
D:\CropDiseaseProject\sugarcane_large\Diseases\Banded Chlorosis\image116.jpg,Banded Chlorosis,0
D:\CropDiseaseProject\sugarcane_large\Diseases\Yellow Leaf\Yellow Leaf121.jpg,Yellow Leaf Disease,10
D:\CropDiseaseProject\sugarcane_large\Diseases\Brown Spot\image1199.jpg,Brown Spot,1
D:\CropDiseaseProject\sugarcane_large\Diseases\Grassy shoot\image316.jpg,Grassy Shoot,2
D:\CropDiseaseProject\sugarcane_large\Diseases\Sett Rot\Sett Rot107.jpg,Sett Rot,8
D:\CropDiseaseProject\sugarcane_large\Diseases\Yellow Leaf\Yellow Leaf325.jpg,Yellow Leaf Disease,10
D:\CropDiseaseProject\sugarcane_maharashtra\Mosaic\mosaic (62).jpeg,Mosaic / Viral Disease,4
D:\CropDiseaseProject\sugarcane_maharashtra\RedRot\redrot (43).jpeg,Red Rot,6
D:\CropDiseaseProject\sugarcane_maharashtra\Yellow\yellow (210).jpeg,Yellow Leaf Disease,10
D:\CropDiseaseProject\sugarcane_large\Diseases\Yellow Leaf\Yellow Leaf744.jpg,Yellow Leaf Disease,10
D:\CropDiseaseProject\sugarcane_large\Diseases\Brown Spot\image717.jpg,Brown Spot,1
D:\CropDiseaseProject\sugarcane_large\Diseases\Yellow Leaf\Yellow Leaf985.jpg,Yellow Leaf Disease,10
D:\CropDiseaseProject\sugarcane_maharashtra\Healthy\healthy (26).jpeg,Healthy Leaves,3
D:\CropDiseaseProject\sugarcane_large\Diseases\smut\Smut205.jpg,Smut,9
D:\CropDiseaseProject\sugarcane_large\Diseases\Brown Spot\image1720.jpg,Brown Spot,1
D:\CropDiseaseProject\sugarcane_maharashtra\Yellow\yellow (345).jpeg,Yellow Leaf Disease,10
D:\CropDiseaseProject\sugarcane_maharashtra\Rust\rust (426).jpeg,Rust (Brown Rust),7
D:\CropDiseaseProject\sugarcane_maharashtra\RedRot\redrot (118).jpeg,Red Rot,6
D:\CropDiseaseProject\sugarcane_large\Diseases\Grassy shoot\image202.jpg,Grassy Shoot,2
D:\CropDiseaseProject\sugarcane_large\Diseases\Brown Spot\image178.jpg,Brown Spot,1
D:\CropDiseaseProject\sugarcane_large\Diseases\Brown Spot\image1333.jpg,Brown Spot,1
D:\CropDiseaseProject\sugarcane_large\Diseases\Brown Spot\image009.jpg,Brown Spot,1
D:\CropDiseaseProject\sugarcane_large\Diseases\Yellow Leaf\Yellow Leaf301.jpg,Yellow Leaf Disease,10
D:\CropDiseaseProject\sugarcane_large\Diseases\Brown Spot\image624.jpg,Brown Spot,1
D:\CropDiseaseProject\sugarcane_maharashtra\Yellow\yellow (474).jpeg,Yellow Leaf Disease,10
D:\CropDiseaseProject\sugarcane_large\Healthy Leaves\image325.jpg,Healthy Leaves,3
D:\CropDiseaseProject\sugarcane_large\Diseases\Grassy shoot\image325.jpg,Grassy Shoot,2
D:\CropDiseaseProject\sugarcane_large\Diseases\Pokkah Boeng\Pokkah Boeng294.jpg,Pokkah Boeng,5
D:\CropDiseaseProject\sugarcane_large\Healthy Leaves\image308.jpg,Healthy Leaves,3
D:\CropDiseaseProject\sugarcane_large\Diseases\Viral Disease\Viral Disease576.jpg,Mosaic / Viral Disease,4
D:\CropDiseaseProject\sugarcane_large\Diseases\Brown Spot\image684.jpg,Brown Spot,1
D:\CropDiseaseProject\sugarcane_large\Diseases\Yellow Leaf\Yellow Leaf931.jpg,Yellow Leaf Disease,10
D:\CropDiseaseProject\sugarcane_large\Diseases\Brown Spot\image346.jpg,Brown Spot,1
D:\CropDiseaseProject\sugarcane_maharashtra\Rust\rust (59).jpeg,Rust (Brown Rust),7
D:\CropDiseaseProject\sugarcane_maharashtra\Mosaic\mosaic (352).jpeg,Mosaic / Viral Disease,4
D:\CropDiseaseProject\sugarcane_large\Diseases\Viral Disease\Viral Disease535.jpg,Mosaic / Viral Disease,4
D:\CropDiseaseProject\sugarcane_large\Diseases\Brown Spot\image1251.jpg,Brown Spot,1
D:\CropDiseaseProject\sugarcane_large\Diseases\Sett Rot\Sett Rot613.jpg,Sett Rot,8
D:\CropDiseaseProject\sugarcane_large\Diseases\Sett Rot\Sett Rot007.jpg,Sett Rot,8
D:\CropDiseaseProject\sugarcane_maharashtra\RedRot\redrot (429).jpeg,Red Rot,6
D:\CropDiseaseProject\sugarcane_maharashtra\Rust\rust (420).jpeg,Rust (Brown Rust),7
D:\CropDiseaseProject\sugarcane_large\Diseases\Brown Spot\image862.jpg,Brown Spot,1
D:\CropDiseaseProject\sugarcane_large\Diseases\smut\Smut121.jpg,Smut,9
D:\CropDiseaseProject\sugarcane_maharashtra\RedRot\redrot (314).jpeg,Red Rot,6
D:\CropDiseaseProject\sugarcane_large\Healthy Leaves\image031.jpg,Healthy Leaves,3
D:\CropDiseaseProject\sugarcane_large\Diseases\Yellow Leaf\Yellow Leaf1094.jpg,Yellow Leaf Disease,10
D:\CropDiseaseProject\sugarcane_large\Diseases\Sett Rot\Sett Rot204.jpg,Sett Rot,8
D:\CropDiseaseProject\sugarcane_large\Diseases\Brown Spot\image278.jpg,Brown Spot,1
D:\CropDiseaseProject\sugarcane_large\Diseases\Yellow Leaf\Yellow Leaf558.jpg,Yellow Leaf Disease,10
D:\CropDiseaseProject\sugarcane_large\Diseases\Viral Disease\Viral Disease223.jpg,Mosaic / Viral Disease,4
D:\CropDiseaseProject\sugarcane_large\Diseases\smut\Smut204.jpg,Smut,9
D:\CropDiseaseProject\sugarcane_maharashtra\Rust\rust (387).jpeg,Rust (Brown Rust),7
D:\CropDiseaseProject\sugarcane_large\Diseases\Sett Rot\Sett Rot208.jpg,Sett Rot,8
D:\CropDiseaseProject\sugarcane_large\Diseases\Brown Spot\image1203.jpg,Brown Spot,1
D:\CropDiseaseProject\sugarcane_large\Diseases\BrownRust\image168.jpg,Rust (Brown Rust),7
D:\CropDiseaseProject\sugarcane_large\Diseases\Yellow Leaf\Yellow Leaf772.jpg,Yellow Leaf Disease,10
D:\CropDiseaseProject\sugarcane_large\Diseases\Yellow Leaf\Yellow Leaf787.jpg,Yellow Leaf Disease,10
D:\CropDiseaseProject\sugarcane_large\Diseases\Yellow Leaf\Yellow Leaf425.jpg,Yellow Leaf Disease,10
D:\CropDiseaseProject\sugarcane_large\Diseases\Sett Rot\Sett Rot427.jpg,Sett Rot,8
D:\CropDiseaseProject\sugarcane_maharashtra\RedRot\redrot (486).jpeg,Red Rot,6
D:\CropDiseaseProject\sugarcane_large\Healthy Leaves\image208.jpg,Healthy Leaves,3
D:\CropDiseaseProject\sugarcane_maharashtra\Yellow\yellow (380).jpeg,Yellow Leaf Disease,10
D:\CropDiseaseProject\sugarcane_large\Diseases\Brown Spot\image1447.jpg,Brown Spot,1
D:\CropDiseaseProject\sugarcane_large\Diseases\Yellow Leaf\Yellow Leaf182.jpg,Yellow Leaf Disease,10
D:\CropDiseaseProject\sugarcane_large\Diseases\Grassy shoot\image180.jpg,Grassy Shoot,2
D:\CropDiseaseProject\sugarcane_maharashtra\Mosaic\mosaic (58).jpeg,Mosaic / Viral Disease,4
D:\CropDiseaseProject\sugarcane_large\Diseases\Brown Spot\image1224.jpg,Brown Spot,1
D:\CropDiseaseProject\sugarcane_large\Diseases\Brown Spot\image1050.jpg,Brown Spot,1
D:\CropDiseaseProject\sugarcane_maharashtra\Healthy\healthy (457).jpeg,Healthy Leaves,3
D:\CropDiseaseProject\sugarcane_large\Diseases\Yellow Leaf\Yellow Leaf136.jpg,Yellow Leaf Disease,10
D:\CropDiseaseProject\sugarcane_maharashtra\Mosaic\mosaic (219).jpeg,Mosaic / Viral Disease,4
D:\CropDiseaseProject\sugarcane_large\Diseases\Viral Disease\Viral Disease556.jpg,Mosaic / Viral Disease,4
D:\CropDiseaseProject\sugarcane_large\Diseases\Banded Chlorosis\image143.jpg,Banded Chlorosis,0
D:\CropDiseaseProject\sugarcane_large\Healthy Leaves\image249.jpg,Healthy Leaves,3
D:\CropDiseaseProject\sugarcane_large\Diseases\Yellow Leaf\Yellow Leaf865.jpg,Yellow Leaf Disease,10
D:\CropDiseaseProject\sugarcane_large\Diseases\Grassy shoot\image243.jpg,Grassy Shoot,2
D:\CropDiseaseProject\sugarcane_large\Diseases\Viral Disease\Viral Disease076.jpg,Mosaic / Viral Disease,4
D:\CropDiseaseProject\sugarcane_large\Diseases\Viral Disease\Viral Disease610.jpg,Mosaic / Viral Disease,4
D:\CropDiseaseProject\sugarcane_large\Diseases\Pokkah Boeng\Pokkah Boeng175.jpg,Pokkah Boeng,5
D:\CropDiseaseProject\sugarcane_large\Diseases\Banded Chlorosis\image393.jpg,Banded Chlorosis,0
D:\CropDiseaseProject\sugarcane_maharashtra\Mosaic\mosaic (89).jpeg,Mosaic / Viral Disease,4
D:\CropDiseaseProject\sugarcane_large\Diseases\Banded Chlorosis\image395.jpg,Banded Chlorosis,0
D:\CropDiseaseProject\sugarcane_large\Diseases\Brown Spot\image227.jpg,Brown Spot,1
D:\CropDiseaseProject\sugarcane_large\Diseases\Yellow Leaf\Yellow Leaf289.jpg,Yellow Leaf Disease,10
D:\CropDiseaseProject\sugarcane_large\Diseases\Brown Spot\image663.jpg,Brown Spot,1
D:\CropDiseaseProject\sugarcane_maharashtra\Rust\rust (103).jpeg,Rust (Brown Rust),7
D:\CropDiseaseProject\sugarcane_large\Diseases\Yellow Leaf\Yellow Leaf1169.jpg,Yellow Leaf Disease,10
D:\CropDiseaseProject\sugarcane_large\Diseases\Yellow Leaf\Yellow Leaf1031.jpg,Yellow Leaf Disease,10
D:\CropDiseaseProject\sugarcane_maharashtra\Yellow\yellow (136).jpeg,Yellow Leaf Disease,10
D:\CropDiseaseProject\sugarcane_large\Diseases\Grassy shoot\image031.jpg,Grassy Shoot,2
D:\CropDiseaseProject\sugarcane_maharashtra\Rust\rust (388).jpeg,Rust (Brown Rust),7
D:\CropDiseaseProject\sugarcane_large\Diseases\Viral Disease\Viral Disease012.jpg,Mosaic / Viral Disease,4
D:\CropDiseaseProject\sugarcane_large\Diseases\Viral Disease\Viral Disease424.jpg,Mosaic / Viral Disease,4
D:\CropDiseaseProject\sugarcane_large\Diseases\Brown Spot\image1708.jpg,Brown Spot,1
D:\CropDiseaseProject\sugarcane_maharashtra\Healthy\healthy (385).jpeg,Healthy Leaves,3
D:\CropDiseaseProject\sugarcane_large\Diseases\Viral Disease\Viral Disease146.jpg,Mosaic / Viral Disease,4
D:\CropDiseaseProject\sugarcane_maharashtra\Rust\rust (6).jpeg,Rust (Brown Rust),7
D:\CropDiseaseProject\sugarcane_large\Diseases\Yellow Leaf\Yellow Leaf990.jpg,Yellow Leaf Disease,10
D:\CropDiseaseProject\sugarcane_large\Diseases\Viral Disease\Viral Disease477.jpg,Mosaic / Viral Disease,4
D:\CropDiseaseProject\sugarcane_large\Diseases\Viral Disease\Viral Disease559.jpg,Mosaic / Viral Disease,4
D:\CropDiseaseProject\sugarcane_maharashtra\Mosaic\mosaic (39).jpeg,Mosaic / Viral Disease,4
D:\CropDiseaseProject\sugarcane_large\Diseases\smut\Smut075.jpg,Smut,9
D:\CropDiseaseProject\sugarcane_large\Diseases\Viral Disease\Viral Disease101.jpg,Mosaic / Viral Disease,4
D:\CropDiseaseProject\sugarcane_large\Diseases\Brown Spot\image1089.jpg,Brown Spot,1
D:\CropDiseaseProject\sugarcane_large\Diseases\Brown Spot\image535.jpg,Brown Spot,1
D:\CropDiseaseProject\sugarcane_maharashtra\Mosaic\mosaic (129).jpeg,Mosaic / Viral Disease,4
D:\CropDiseaseProject\sugarcane_large\Diseases\Sett Rot\Sett Rot652.jpg,Sett Rot,8
D:\CropDiseaseProject\sugarcane_maharashtra\Yellow\yellow (145).jpeg,Yellow Leaf Disease,10
D:\CropDiseaseProject\sugarcane_large\Diseases\Pokkah Boeng\Pokkah Boeng119.jpg,Pokkah Boeng,5
D:\CropDiseaseProject\sugarcane_large\Diseases\Sett Rot\Sett Rot632.jpg,Sett Rot,8
D:\CropDiseaseProject\sugarcane_large\Diseases\BrownRust\image016.jpg,Rust (Brown Rust),7
D:\CropDiseaseProject\sugarcane_large\Diseases\Brown Spot\image424.jpg,Brown Spot,1
D:\CropDiseaseProject\sugarcane_large\Diseases\Brown Spot\image1048.jpg,Brown Spot,1
D:\CropDiseaseProject\sugarcane_large\Diseases\Brown Spot\image773.jpg,Brown Spot,1
D:\CropDiseaseProject\sugarcane_large\Diseases\Brown Spot\image027.jpg,Brown Spot,1
D:\CropDiseaseProject\sugarcane_large\Diseases\Brown Spot\image1293.jpg,Brown Spot,1
D:\CropDiseaseProject\sugarcane_large\Diseases\Banded Chlorosis\image368.jpg,Banded Chlorosis,0
D:\CropDiseaseProject\sugarcane_large\Diseases\Viral Disease\Viral Disease622.jpg,Mosaic / Viral Disease,4
D:\CropDiseaseProject\sugarcane_large\Diseases\Sett Rot\Sett Rot172.jpg,Sett Rot,8
D:\CropDiseaseProject\sugarcane_large\Diseases\Brown Spot\image183.jpg,Brown Spot,1
D:\CropDiseaseProject\sugarcane_maharashtra\Healthy\healthy (211).jpeg,Healthy Leaves,3
D:\CropDiseaseProject\sugarcane_large\Diseases\Viral Disease\Viral Disease489.jpg,Mosaic / Viral Disease,4
D:\CropDiseaseProject\sugarcane_large\Diseases\Yellow Leaf\Yellow Leaf349.jpg,Yellow Leaf Disease,10
D:\CropDiseaseProject\sugarcane_maharashtra\Mosaic\mosaic (40).jpeg,Mosaic / Viral Disease,4
D:\CropDiseaseProject\sugarcane_maharashtra\Mosaic\mosaic (333).jpeg,Mosaic / Viral Disease,4
D:\CropDiseaseProject\sugarcane_large\Diseases\Sett Rot\Sett Rot368.jpg,Sett Rot,8
D:\CropDiseaseProject\sugarcane_maharashtra\Yellow\yellow (118).jpeg,Yellow Leaf Disease,10
D:\CropDiseaseProject\sugarcane_maharashtra\RedRot\redrot (514).jpeg,Red Rot,6
D:\CropDiseaseProject\sugarcane_maharashtra\RedRot\redrot (257).jpeg,Red Rot,6
D:\CropDiseaseProject\sugarcane_large\Diseases\Brown Spot\image1624.jpg,Brown Spot,1
D:\CropDiseaseProject\sugarcane_large\Diseases\Brown Spot\image292.jpg,Brown Spot,1
D:\CropDiseaseProject\sugarcane_large\Diseases\Viral Disease\Viral Disease546.jpg,Mosaic / Viral Disease,4
D:\CropDiseaseProject\sugarcane_large\Diseases\Sett Rot\Sett Rot081.jpg,Sett Rot,8
D:\CropDiseaseProject\sugarcane_maharashtra\RedRot\redrot (422).jpeg,Red Rot,6
D:\CropDiseaseProject\sugarcane_maharashtra\Mosaic\mosaic (391).jpeg,Mosaic / Viral Disease,4
D:\CropDiseaseProject\sugarcane_large\Diseases\Yellow Leaf\Yellow Leaf135.jpg,Yellow Leaf Disease,10
D:\CropDiseaseProject\sugarcane_maharashtra\RedRot\redrot (449).jpeg,Red Rot,6
D:\CropDiseaseProject\sugarcane_large\Diseases\smut\Smut139.jpg,Smut,9
D:\CropDiseaseProject\sugarcane_large\Diseases\Brown Spot\image781.jpg,Brown Spot,1
D:\CropDiseaseProject\sugarcane_large\Diseases\Yellow Leaf\Yellow Leaf652.jpg,Yellow Leaf Disease,10
D:\CropDiseaseProject\sugarcane_large\Diseases\Yellow Leaf\Yellow Leaf064.jpg,Yellow Leaf Disease,10
D:\CropDiseaseProject\sugarcane_large\Diseases\Banded Chlorosis\image232.jpg,Banded Chlorosis,0
D:\CropDiseaseProject\sugarcane_large\Diseases\Brown Spot\image1700.jpg,Brown Spot,1
D:\CropDiseaseProject\sugarcane_large\Healthy Leaves\image373.jpg,Healthy Leaves,3
D:\CropDiseaseProject\sugarcane_large\Diseases\Brown Spot\image1399.jpg,Brown Spot,1
D:\CropDiseaseProject\sugarcane_large\Diseases\Brown Spot\image1191.jpg,Brown Spot,1
D:\CropDiseaseProject\sugarcane_maharashtra\RedRot\redrot (232).jpeg,Red Rot,6
D:\CropDiseaseProject\sugarcane_large\Diseases\Brown Spot\image228.jpg,Brown Spot,1
D:\CropDiseaseProject\sugarcane_large\Diseases\Brown Spot\image1086.jpg,Brown Spot,1
D:\CropDiseaseProject\sugarcane_large\Diseases\Brown Spot\image1001.jpg,Brown Spot,1
D:\CropDiseaseProject\sugarcane_large\Diseases\Brown Spot\image064.jpg,Brown Spot,1
D:\CropDiseaseProject\sugarcane_large\Diseases\Yellow Leaf\Yellow Leaf748.jpg,Yellow Leaf Disease,10
D:\CropDiseaseProject\sugarcane_large\Diseases\Brown Spot\image1276.jpg,Brown Spot,1
D:\CropDiseaseProject\sugarcane_large\Diseases\Banded Chlorosis\image155.jpg,Banded Chlorosis,0
D:\CropDiseaseProject\sugarcane_large\Diseases\Viral Disease\Viral Disease344.jpg,Mosaic / Viral Disease,4
D:\CropDiseaseProject\sugarcane_maharashtra\Healthy\healthy (334).jpeg,Healthy Leaves,3
D:\CropDiseaseProject\sugarcane_maharashtra\Mosaic\mosaic (152).jpeg,Mosaic / Viral Disease,4
D:\CropDiseaseProject\sugarcane_large\Diseases\Brown Spot\image457.jpg,Brown Spot,1
D:\CropDiseaseProject\sugarcane_maharashtra\Rust\rust (118).jpeg,Rust (Brown Rust),7
D:\CropDiseaseProject\sugarcane_maharashtra\Mosaic\mosaic (69).jpeg,Mosaic / Viral Disease,4
D:\CropDiseaseProject\sugarcane_maharashtra\Healthy\healthy (218).jpeg,Healthy Leaves,3
D:\CropDiseaseProject\sugarcane_large\Diseases\Banded Chlorosis\image166.jpg,Banded Chlorosis,0
D:\CropDiseaseProject\sugarcane_large\Diseases\Grassy shoot\image239.jpg,Grassy Shoot,2
D:\CropDiseaseProject\sugarcane_maharashtra\Yellow\yellow (449).jpeg,Yellow Leaf Disease,10
D:\CropDiseaseProject\sugarcane_large\Diseases\Brown Spot\image757.jpg,Brown Spot,1
D:\CropDiseaseProject\sugarcane_large\Diseases\Sett Rot\Sett Rot389.jpg,Sett Rot,8
D:\CropDiseaseProject\sugarcane_large\Diseases\smut\Smut301.jpg,Smut,9
D:\CropDiseaseProject\sugarcane_large\Diseases\Pokkah Boeng\Pokkah Boeng027.jpg,Pokkah Boeng,5
D:\CropDiseaseProject\sugarcane_maharashtra\Yellow\yellow (57).jpeg,Yellow Leaf Disease,10
D:\CropDiseaseProject\sugarcane_maharashtra\Mosaic\mosaic (170).jpeg,Mosaic / Viral Disease,4
D:\CropDiseaseProject\sugarcane_large\Diseases\Grassy shoot\image219.jpg,Grassy Shoot,2
D:\CropDiseaseProject\sugarcane_large\Diseases\Brown Spot\image664.jpg,Brown Spot,1
D:\CropDiseaseProject\sugarcane_large\Diseases\Brown Spot\image045.jpg,Brown Spot,1
D:\CropDiseaseProject\sugarcane_maharashtra\Yellow\yellow (14).jpeg,Yellow Leaf Disease,10
D:\CropDiseaseProject\sugarcane_large\Diseases\Brown Spot\image222.jpg,Brown Spot,1
D:\CropDiseaseProject\sugarcane_maharashtra\Yellow\yellow (240).jpeg,Yellow Leaf Disease,10
D:\CropDiseaseProject\sugarcane_large\Diseases\Sett Rot\Sett Rot351.jpg,Sett Rot,8
D:\CropDiseaseProject\sugarcane_large\Diseases\Brown Spot\image463.jpg,Brown Spot,1
D:\CropDiseaseProject\sugarcane_large\Diseases\smut\Smut021.jpg,Smut,9
D:\CropDiseaseProject\sugarcane_maharashtra\Yellow\yellow (303).jpeg,Yellow Leaf Disease,10
D:\CropDiseaseProject\sugarcane_large\Diseases\Yellow Leaf\Yellow Leaf197.jpg,Yellow Leaf Disease,10
D:\CropDiseaseProject\sugarcane_large\Diseases\Brown Spot\image1067.jpg,Brown Spot,1
D:\CropDiseaseProject\sugarcane_maharashtra\Healthy\healthy (217).jpeg,Healthy Leaves,3
D:\CropDiseaseProject\sugarcane_large\Diseases\Grassy shoot\image221.jpg,Grassy Shoot,2
D:\CropDiseaseProject\sugarcane_maharashtra\Yellow\yellow (233).jpeg,Yellow Leaf Disease,10
D:\CropDiseaseProject\sugarcane_large\Diseases\Sett Rot\Sett Rot174.jpg,Sett Rot,8
D:\CropDiseaseProject\sugarcane_large\Diseases\Pokkah Boeng\Pokkah Boeng060.jpg,Pokkah Boeng,5
D:\CropDiseaseProject\sugarcane_large\Healthy Leaves\image063.jpg,Healthy Leaves,3
D:\CropDiseaseProject\sugarcane_large\Healthy Leaves\image425.jpg,Healthy Leaves,3
D:\CropDiseaseProject\sugarcane_large\Diseases\Grassy shoot\image184.jpg,Grassy Shoot,2
D:\CropDiseaseProject\sugarcane_large\Healthy Leaves\image109.jpg,Healthy Leaves,3
D:\CropDiseaseProject\sugarcane_maharashtra\Healthy\healthy (153).jpeg,Healthy Leaves,3
D:\CropDiseaseProject\sugarcane_large\Diseases\Grassy shoot\image205.jpg,Grassy Shoot,2
D:\CropDiseaseProject\sugarcane_maharashtra\Rust\rust (228).jpeg,Rust (Brown Rust),7
D:\CropDiseaseProject\sugarcane_large\Diseases\Viral Disease\Viral Disease178.jpg,Mosaic / Viral Disease,4
D:\CropDiseaseProject\sugarcane_large\Diseases\Grassy shoot\image006.jpg,Grassy Shoot,2
D:\CropDiseaseProject\sugarcane_large\Diseases\Yellow Leaf\Yellow Leaf1194.jpg,Yellow Leaf Disease,10
D:\CropDiseaseProject\sugarcane_large\Diseases\smut\Smut287.jpg,Smut,9
D:\CropDiseaseProject\sugarcane_large\Healthy Leaves\image186.jpg,Healthy Leaves,3
D:\CropDiseaseProject\sugarcane_large\Diseases\Yellow Leaf\Yellow Leaf1074.jpg,Yellow Leaf Disease,10
D:\CropDiseaseProject\sugarcane_large\Diseases\Sett Rot\Sett Rot462.jpg,Sett Rot,8
D:\CropDiseaseProject\sugarcane_maharashtra\Mosaic\mosaic (210).jpeg,Mosaic / Viral Disease,4
D:\CropDiseaseProject\sugarcane_large\Diseases\Yellow Leaf\Yellow Leaf026.jpg,Yellow Leaf Disease,10
D:\CropDiseaseProject\sugarcane_large\Diseases\BrownRust\image266.jpg,Rust (Brown Rust),7
D:\CropDiseaseProject\sugarcane_large\Diseases\Viral Disease\Viral Disease081.jpg,Mosaic / Viral Disease,4
D:\CropDiseaseProject\sugarcane_large\Diseases\Yellow Leaf\Yellow Leaf237.jpg,Yellow Leaf Disease,10
D:\CropDiseaseProject\sugarcane_maharashtra\Healthy\healthy (312).jpeg,Healthy Leaves,3
D:\CropDiseaseProject\sugarcane_large\Diseases\smut\Smut192.jpg,Smut,9
D:\CropDiseaseProject\sugarcane_large\Diseases\Brown Spot\image275.jpg,Brown Spot,1
D:\CropDiseaseProject\sugarcane_large\Diseases\Brown Spot\image1389.jpg,Brown Spot,1
D:\CropDiseaseProject\sugarcane_large\Diseases\Yellow Leaf\Yellow Leaf185.jpg,Yellow Leaf Disease,10
D:\CropDiseaseProject\sugarcane_maharashtra\Mosaic\mosaic (158).jpeg,Mosaic / Viral Disease,4
D:\CropDiseaseProject\sugarcane_large\Diseases\Grassy shoot\image285.jpg,Grassy Shoot,2
D:\CropDiseaseProject\sugarcane_large\Diseases\Brown Spot\image339.jpg,Brown Spot,1
D:\CropDiseaseProject\sugarcane_maharashtra\RedRot\redrot (454).jpeg,Red Rot,6
D:\CropDiseaseProject\sugarcane_large\Diseases\Brown Spot\image611.jpg,Brown Spot,1
D:\CropDiseaseProject\sugarcane_maharashtra\Mosaic\mosaic (142).jpeg,Mosaic / Viral Disease,4
D:\CropDiseaseProject\sugarcane_large\Diseases\Sett Rot\Sett Rot576.jpg,Sett Rot,8
D:\CropDiseaseProject\sugarcane_large\Diseases\Brown Spot\image1446.jpg,Brown Spot,1
D:\CropDiseaseProject\sugarcane_large\Diseases\Sett Rot\Sett Rot087.jpg,Sett Rot,8
D:\CropDiseaseProject\sugarcane_large\Diseases\Banded Chlorosis\image182.jpg,Banded Chlorosis,0
D:\CropDiseaseProject\sugarcane_large\Healthy Leaves\image050.jpg,Healthy Leaves,3
D:\CropDiseaseProject\sugarcane_large\Diseases\Brown Spot\image156.jpg,Brown Spot,1
D:\CropDiseaseProject\sugarcane_large\Diseases\Brown Spot\image874.jpg,Brown Spot,1
D:\CropDiseaseProject\sugarcane_large\Diseases\Yellow Leaf\Yellow Leaf651.jpg,Yellow Leaf Disease,10
D:\CropDiseaseProject\sugarcane_large\Diseases\BrownRust\image227.jpg,Rust (Brown Rust),7
D:\CropDiseaseProject\sugarcane_large\Diseases\Brown Spot\image1121.jpg,Brown Spot,1
D:\CropDiseaseProject\sugarcane_large\Diseases\Banded Chlorosis\image363.jpg,Banded Chlorosis,0
D:\CropDiseaseProject\sugarcane_large\Diseases\Sett Rot\Sett Rot078.jpg,Sett Rot,8
D:\CropDiseaseProject\sugarcane_large\Diseases\Brown Spot\image1422.jpg,Brown Spot,1
D:\CropDiseaseProject\sugarcane_large\Diseases\Banded Chlorosis\image365.jpg,Banded Chlorosis,0
D:\CropDiseaseProject\sugarcane_maharashtra\Mosaic\mosaic (132).jpeg,Mosaic / Viral Disease,4
D:\CropDiseaseProject\sugarcane_large\Diseases\Banded Chlorosis\image290.jpg,Banded Chlorosis,0
D:\CropDiseaseProject\sugarcane_maharashtra\RedRot\redrot (233).jpeg,Red Rot,6
D:\CropDiseaseProject\sugarcane_large\Diseases\Brown Spot\image1390.jpg,Brown Spot,1
D:\CropDiseaseProject\sugarcane_large\Diseases\Yellow Leaf\Yellow Leaf090.jpg,Yellow Leaf Disease,10
D:\CropDiseaseProject\sugarcane_large\Healthy Leaves\image339.jpg,Healthy Leaves,3
D:\CropDiseaseProject\sugarcane_large\Healthy Leaves\image424.jpg,Healthy Leaves,3
D:\CropDiseaseProject\sugarcane_maharashtra\RedRot\redrot (150).jpeg,Red Rot,6
D:\CropDiseaseProject\sugarcane_large\Diseases\Brown Spot\image859.jpg,Brown Spot,1
D:\CropDiseaseProject\sugarcane_large\Diseases\Brown Spot\image1371.jpg,Brown Spot,1
D:\CropDiseaseProject\sugarcane_maharashtra\RedRot\redrot (506).jpeg,Red Rot,6
D:\CropDiseaseProject\sugarcane_maharashtra\Yellow\yellow (499).jpeg,Yellow Leaf Disease,10
D:\CropDiseaseProject\sugarcane_large\Healthy Leaves\image389.jpg,Healthy Leaves,3
D:\CropDiseaseProject\sugarcane_maharashtra\Mosaic\mosaic (181).jpeg,Mosaic / Viral Disease,4
D:\CropDiseaseProject\sugarcane_maharashtra\Mosaic\mosaic (304).jpeg,Mosaic / Viral Disease,4
D:\CropDiseaseProject\sugarcane_large\Diseases\Yellow Leaf\Yellow Leaf386.jpg,Yellow Leaf Disease,10
D:\CropDiseaseProject\sugarcane_large\Diseases\Sett Rot\Sett Rot558.jpg,Sett Rot,8
D:\CropDiseaseProject\sugarcane_maharashtra\Healthy\healthy (452).jpeg,Healthy Leaves,3
D:\CropDiseaseProject\sugarcane_maharashtra\RedRot\redrot (336).jpeg,Red Rot,6
D:\CropDiseaseProject\sugarcane_maharashtra\Yellow\yellow (322).jpeg,Yellow Leaf Disease,10
D:\CropDiseaseProject\sugarcane_large\Diseases\Yellow Leaf\Yellow Leaf916.jpg,Yellow Leaf Disease,10
D:\CropDiseaseProject\sugarcane_maharashtra\Healthy\healthy (517).jpeg,Healthy Leaves,3
D:\CropDiseaseProject\sugarcane_large\Diseases\Brown Spot\image421.jpg,Brown Spot,1
D:\CropDiseaseProject\sugarcane_large\Healthy Leaves\image369.jpg,Healthy Leaves,3
D:\CropDiseaseProject\sugarcane_large\Diseases\Viral Disease\Viral Disease492.jpg,Mosaic / Viral Disease,4
D:\CropDiseaseProject\sugarcane_large\Diseases\Brown Spot\image1646.jpg,Brown Spot,1
D:\CropDiseaseProject\sugarcane_large\Diseases\Brown Spot\image121.jpg,Brown Spot,1
D:\CropDiseaseProject\sugarcane_maharashtra\Rust\rust (212).jpeg,Rust (Brown Rust),7
D:\CropDiseaseProject\sugarcane_large\Diseases\Viral Disease\Viral Disease637.jpg,Mosaic / Viral Disease,4
D:\CropDiseaseProject\sugarcane_large\Diseases\Sett Rot\Sett Rot442.jpg,Sett Rot,8
D:\CropDiseaseProject\sugarcane_large\Diseases\Brown Spot\image619.jpg,Brown Spot,1
D:\CropDiseaseProject\sugarcane_large\Diseases\Yellow Leaf\Yellow Leaf145.jpg,Yellow Leaf Disease,10
D:\CropDiseaseProject\sugarcane_large\Diseases\Yellow Leaf\Yellow Leaf1098.jpg,Yellow Leaf Disease,10
D:\CropDiseaseProject\sugarcane_large\Diseases\Brown Spot\image011.jpg,Brown Spot,1
D:\CropDiseaseProject\sugarcane_maharashtra\Yellow\yellow (129).jpeg,Yellow Leaf Disease,10
D:\CropDiseaseProject\sugarcane_large\Diseases\Yellow Leaf\Yellow Leaf512.jpg,Yellow Leaf Disease,10
D:\CropDiseaseProject\sugarcane_large\Diseases\Banded Chlorosis\image359.jpg,Banded Chlorosis,0
D:\CropDiseaseProject\sugarcane_large\Diseases\Yellow Leaf\Yellow Leaf219.jpg,Yellow Leaf Disease,10
D:\CropDiseaseProject\sugarcane_large\Diseases\Brown Spot\image019.jpg,Brown Spot,1
D:\CropDiseaseProject\sugarcane_large\Diseases\BrownRust\image239.jpg,Rust (Brown Rust),7
D:\CropDiseaseProject\sugarcane_large\Diseases\Grassy shoot\image040.jpg,Grassy Shoot,2
D:\CropDiseaseProject\sugarcane_large\Diseases\Sett Rot\Sett Rot458.jpg,Sett Rot,8
D:\CropDiseaseProject\sugarcane_large\Diseases\Yellow Leaf\Yellow Leaf597.jpg,Yellow Leaf Disease,10
D:\CropDiseaseProject\sugarcane_maharashtra\Yellow\yellow (505).jpeg,Yellow Leaf Disease,10
D:\CropDiseaseProject\sugarcane_large\Diseases\Brown Spot\image764.jpg,Brown Spot,1
D:\CropDiseaseProject\sugarcane_large\Diseases\Sett Rot\Sett Rot384.jpg,Sett Rot,8
D:\CropDiseaseProject\sugarcane_large\Diseases\Yellow Leaf\Yellow Leaf003.jpg,Yellow Leaf Disease,10
D:\CropDiseaseProject\sugarcane_maharashtra\Yellow\yellow (107).jpeg,Yellow Leaf Disease,10
D:\CropDiseaseProject\sugarcane_maharashtra\Mosaic\mosaic (164).jpeg,Mosaic / Viral Disease,4
D:\CropDiseaseProject\sugarcane_large\Diseases\Brown Spot\image795.jpg,Brown Spot,1
D:\CropDiseaseProject\sugarcane_maharashtra\Rust\rust (286).jpeg,Rust (Brown Rust),7
D:\CropDiseaseProject\sugarcane_large\Diseases\Brown Spot\image1486.jpg,Brown Spot,1
D:\CropDiseaseProject\sugarcane_maharashtra\Rust\rust (129).jpeg,Rust (Brown Rust),7
D:\CropDiseaseProject\sugarcane_large\Diseases\Brown Spot\image828.jpg,Brown Spot,1
D:\CropDiseaseProject\sugarcane_large\Diseases\Brown Spot\image1712.jpg,Brown Spot,1
D:\CropDiseaseProject\sugarcane_large\Diseases\Yellow Leaf\Yellow Leaf943.jpg,Yellow Leaf Disease,10
D:\CropDiseaseProject\sugarcane_maharashtra\Rust\rust (285).jpeg,Rust (Brown Rust),7
D:\CropDiseaseProject\sugarcane_maharashtra\Yellow\yellow (53).jpeg,Yellow Leaf Disease,10
D:\CropDiseaseProject\sugarcane_large\Diseases\Yellow Leaf\Yellow Leaf541.jpg,Yellow Leaf Disease,10
D:\CropDiseaseProject\sugarcane_maharashtra\Healthy\healthy (200).jpeg,Healthy Leaves,3
D:\CropDiseaseProject\sugarcane_large\Diseases\Sett Rot\Sett Rot606.jpg,Sett Rot,8
D:\CropDiseaseProject\sugarcane_large\Diseases\Sett Rot\Sett Rot018.jpg,Sett Rot,8
D:\CropDiseaseProject\sugarcane_large\Diseases\Brown Spot\image119.jpg,Brown Spot,1
D:\CropDiseaseProject\sugarcane_large\Diseases\Sett Rot\Sett Rot419.jpg,Sett Rot,8
D:\CropDiseaseProject\sugarcane_large\Diseases\Brown Spot\image1198.jpg,Brown Spot,1
D:\CropDiseaseProject\sugarcane_large\Diseases\smut\Smut079.jpg,Smut,9
D:\CropDiseaseProject\sugarcane_large\Diseases\smut\Smut129.jpg,Smut,9
D:\CropDiseaseProject\sugarcane_large\Diseases\Brown Spot\image1568.jpg,Brown Spot,1
D:\CropDiseaseProject\sugarcane_maharashtra\Healthy\healthy (504).jpeg,Healthy Leaves,3
D:\CropDiseaseProject\sugarcane_large\Diseases\Pokkah Boeng\Pokkah Boeng200.jpg,Pokkah Boeng,5
D:\CropDiseaseProject\sugarcane_large\Diseases\Sett Rot\Sett Rot032.jpg,Sett Rot,8
D:\CropDiseaseProject\sugarcane_large\Diseases\Yellow Leaf\Yellow Leaf762.jpg,Yellow Leaf Disease,10
D:\CropDiseaseProject\sugarcane_large\Diseases\Sett Rot\Sett Rot467.jpg,Sett Rot,8
D:\CropDiseaseProject\sugarcane_large\Diseases\smut\Smut131.jpg,Smut,9
D:\CropDiseaseProject\sugarcane_large\Diseases\Viral Disease\Viral Disease346.jpg,Mosaic / Viral Disease,4
D:\CropDiseaseProject\sugarcane_large\Diseases\Sett Rot\Sett Rot640.jpg,Sett Rot,8
D:\CropDiseaseProject\sugarcane_large\Diseases\Yellow Leaf\Yellow Leaf1102.jpg,Yellow Leaf Disease,10
D:\CropDiseaseProject\sugarcane_large\Diseases\smut\Smut055.jpg,Smut,9
D:\CropDiseaseProject\sugarcane_large\Diseases\Sett Rot\Sett Rot379.jpg,Sett Rot,8
D:\CropDiseaseProject\sugarcane_large\Diseases\Grassy shoot\image336.jpg,Grassy Shoot,2
D:\CropDiseaseProject\sugarcane_large\Healthy Leaves\image296.jpg,Healthy Leaves,3
D:\CropDiseaseProject\sugarcane_large\Diseases\Yellow Leaf\Yellow Leaf637.jpg,Yellow Leaf Disease,10
D:\CropDiseaseProject\sugarcane_large\Diseases\Yellow Leaf\Yellow Leaf1054.jpg,Yellow Leaf Disease,10
D:\CropDiseaseProject\sugarcane_large\Diseases\smut\Smut061.jpg,Smut,9
D:\CropDiseaseProject\sugarcane_large\Diseases\Sett Rot\Sett Rot444.jpg,Sett Rot,8
D:\CropDiseaseProject\sugarcane_large\Diseases\Viral Disease\Viral Disease087.jpg,Mosaic / Viral Disease,4
D:\CropDiseaseProject\sugarcane_large\Diseases\Brown Spot\image396.jpg,Brown Spot,1
D:\CropDiseaseProject\sugarcane_maharashtra\RedRot\redrot (41).jpeg,Red Rot,6
D:\CropDiseaseProject\sugarcane_large\Diseases\Brown Spot\image882.jpg,Brown Spot,1
D:\CropDiseaseProject\sugarcane_large\Diseases\Grassy shoot\image335.jpg,Grassy Shoot,2
D:\CropDiseaseProject\sugarcane_large\Diseases\Brown Spot\image462.jpg,Brown Spot,1
D:\CropDiseaseProject\sugarcane_maharashtra\Mosaic\mosaic (141).jpeg,Mosaic / Viral Disease,4
D:\CropDiseaseProject\sugarcane_maharashtra\Healthy\healthy (401).jpeg,Healthy Leaves,3
D:\CropDiseaseProject\sugarcane_large\Diseases\Pokkah Boeng\Pokkah Boeng260.jpg,Pokkah Boeng,5
D:\CropDiseaseProject\sugarcane_large\Diseases\Grassy shoot\image145.jpg,Grassy Shoot,2
D:\CropDiseaseProject\sugarcane_large\Healthy Leaves\image380.jpg,Healthy Leaves,3
D:\CropDiseaseProject\sugarcane_large\Healthy Leaves\image423.jpg,Healthy Leaves,3
D:\CropDiseaseProject\sugarcane_large\Diseases\BrownRust\image278.jpg,Rust (Brown Rust),7
D:\CropDiseaseProject\sugarcane_large\Diseases\Brown Spot\image295.jpg,Brown Spot,1
D:\CropDiseaseProject\sugarcane_large\Diseases\Banded Chlorosis\image343.jpg,Banded Chlorosis,0
D:\CropDiseaseProject\sugarcane_maharashtra\Yellow\yellow (181).jpeg,Yellow Leaf Disease,10
D:\CropDiseaseProject\sugarcane_large\Diseases\Banded Chlorosis\image234.jpg,Banded Chlorosis,0
D:\CropDiseaseProject\sugarcane_large\Diseases\Pokkah Boeng\Pokkah Boeng179.jpg,Pokkah Boeng,5
D:\CropDiseaseProject\sugarcane_large\Diseases\Yellow Leaf\Yellow Leaf057.jpg,Yellow Leaf Disease,10
D:\CropDiseaseProject\sugarcane_maharashtra\RedRot\redrot (424).jpeg,Red Rot,6
D:\CropDiseaseProject\sugarcane_large\Diseases\Grassy shoot\image020.jpg,Grassy Shoot,2
D:\CropDiseaseProject\sugarcane_maharashtra\RedRot\redrot (142).jpeg,Red Rot,6
D:\CropDiseaseProject\sugarcane_maharashtra\Mosaic\mosaic (111).jpeg,Mosaic / Viral Disease,4
D:\CropDiseaseProject\sugarcane_maharashtra\RedRot\redrot (267).jpeg,Red Rot,6
D:\CropDiseaseProject\sugarcane_large\Diseases\Viral Disease\Viral Disease562.jpg,Mosaic / Viral Disease,4
D:\CropDiseaseProject\sugarcane_maharashtra\Mosaic\mosaic (293).jpeg,Mosaic / Viral Disease,4
D:\CropDiseaseProject\sugarcane_large\Diseases\Brown Spot\image1462.jpg,Brown Spot,1
D:\CropDiseaseProject\sugarcane_maharashtra\Mosaic\mosaic (289).jpeg,Mosaic / Viral Disease,4
D:\CropDiseaseProject\sugarcane_maharashtra\Healthy\healthy (502).jpeg,Healthy Leaves,3
D:\CropDiseaseProject\sugarcane_large\Diseases\Viral Disease\Viral Disease149.jpg,Mosaic / Viral Disease,4
D:\CropDiseaseProject\sugarcane_large\Diseases\Sett Rot\Sett Rot531.jpg,Sett Rot,8
D:\CropDiseaseProject\sugarcane_large\Diseases\smut\Smut074.jpg,Smut,9
D:\CropDiseaseProject\sugarcane_maharashtra\Mosaic\mosaic (257).jpeg,Mosaic / Viral Disease,4
D:\CropDiseaseProject\sugarcane_maharashtra\RedRot\redrot (16).jpeg,Red Rot,6
D:\CropDiseaseProject\sugarcane_large\Diseases\Viral Disease\Viral Disease466.jpg,Mosaic / Viral Disease,4
D:\CropDiseaseProject\sugarcane_large\Diseases\Brown Spot\image315.jpg,Brown Spot,1
D:\CropDiseaseProject\sugarcane_large\Diseases\Viral Disease\Viral Disease044.jpg,Mosaic / Viral Disease,4
D:\CropDiseaseProject\sugarcane_large\Diseases\Brown Spot\image1354.jpg,Brown Spot,1
D:\CropDiseaseProject\sugarcane_maharashtra\Healthy\healthy (283).jpeg,Healthy Leaves,3
D:\CropDiseaseProject\sugarcane_large\Diseases\Brown Spot\image557.jpg,Brown Spot,1
D:\CropDiseaseProject\sugarcane_large\Diseases\Brown Spot\image1539.jpg,Brown Spot,1
D:\CropDiseaseProject\sugarcane_large\Diseases\Brown Spot\image239.jpg,Brown Spot,1
D:\CropDiseaseProject\sugarcane_maharashtra\RedRot\redrot (256).jpeg,Red Rot,6
D:\CropDiseaseProject\sugarcane_maharashtra\Yellow\yellow (11).jpeg,Yellow Leaf Disease,10
D:\CropDiseaseProject\sugarcane_large\Diseases\Banded Chlorosis\image454.jpg,Banded Chlorosis,0
D:\CropDiseaseProject\sugarcane_large\Diseases\BrownRust\image039.jpg,Rust (Brown Rust),7
D:\CropDiseaseProject\sugarcane_large\Diseases\BrownRust\image189.jpg,Rust (Brown Rust),7
D:\CropDiseaseProject\sugarcane_maharashtra\Healthy\healthy (212).jpeg,Healthy Leaves,3
D:\CropDiseaseProject\sugarcane_large\Diseases\Brown Spot\image188.jpg,Brown Spot,1
D:\CropDiseaseProject\sugarcane_large\Diseases\Brown Spot\image1032.jpg,Brown Spot,1
D:\CropDiseaseProject\sugarcane_large\Diseases\Banded Chlorosis\image109.jpg,Banded Chlorosis,0
D:\CropDiseaseProject\sugarcane_large\Diseases\Yellow Leaf\Yellow Leaf223.jpg,Yellow Leaf Disease,10
D:\CropDiseaseProject\sugarcane_large\Diseases\Sett Rot\Sett Rot473.jpg,Sett Rot,8
D:\CropDiseaseProject\sugarcane_large\Diseases\Grassy shoot\image158.jpg,Grassy Shoot,2
D:\CropDiseaseProject\sugarcane_large\Diseases\Brown Spot\image701.jpg,Brown Spot,1
D:\CropDiseaseProject\sugarcane_large\Healthy Leaves\image362.jpg,Healthy Leaves,3
D:\CropDiseaseProject\sugarcane_large\Diseases\Yellow Leaf\Yellow Leaf970.jpg,Yellow Leaf Disease,10
D:\CropDiseaseProject\sugarcane_maharashtra\Rust\rust (158).jpeg,Rust (Brown Rust),7
D:\CropDiseaseProject\sugarcane_maharashtra\Yellow\yellow (251).jpeg,Yellow Leaf Disease,10
D:\CropDiseaseProject\sugarcane_large\Diseases\Brown Spot\image1011.jpg,Brown Spot,1
D:\CropDiseaseProject\sugarcane_maharashtra\Rust\rust (503).jpeg,Rust (Brown Rust),7
D:\CropDiseaseProject\sugarcane_large\Diseases\Sett Rot\Sett Rot142.jpg,Sett Rot,8
D:\CropDiseaseProject\sugarcane_large\Diseases\Grassy shoot\image023.jpg,Grassy Shoot,2
D:\CropDiseaseProject\sugarcane_large\Diseases\Yellow Leaf\Yellow Leaf469.jpg,Yellow Leaf Disease,10
D:\CropDiseaseProject\sugarcane_maharashtra\Rust\rust (230).jpeg,Rust (Brown Rust),7
D:\CropDiseaseProject\sugarcane_large\Diseases\Brown Spot\image1018.jpg,Brown Spot,1
D:\CropDiseaseProject\sugarcane_large\Healthy Leaves\image111.jpg,Healthy Leaves,3
D:\CropDiseaseProject\sugarcane_large\Diseases\Sett Rot\Sett Rot151.jpg,Sett Rot,8
D:\CropDiseaseProject\sugarcane_large\Diseases\BrownRust\image192.jpg,Rust (Brown Rust),7
D:\CropDiseaseProject\sugarcane_maharashtra\Yellow\yellow (173).jpeg,Yellow Leaf Disease,10
D:\CropDiseaseProject\sugarcane_maharashtra\Mosaic\mosaic (405).jpeg,Mosaic / Viral Disease,4
D:\CropDiseaseProject\sugarcane_large\Diseases\Yellow Leaf\Yellow Leaf827.jpg,Yellow Leaf Disease,10
D:\CropDiseaseProject\sugarcane_large\Diseases\smut\Smut181.jpg,Smut,9
D:\CropDiseaseProject\sugarcane_large\Diseases\Viral Disease\Viral Disease434.jpg,Mosaic / Viral Disease,4
D:\CropDiseaseProject\sugarcane_large\Diseases\BrownRust\image105.jpg,Rust (Brown Rust),7
D:\CropDiseaseProject\sugarcane_large\Diseases\Brown Spot\image015.jpg,Brown Spot,1
D:\CropDiseaseProject\sugarcane_large\Diseases\Brown Spot\image1281.jpg,Brown Spot,1
D:\CropDiseaseProject\sugarcane_large\Diseases\smut\Smut042.jpg,Smut,9
D:\CropDiseaseProject\sugarcane_large\Diseases\smut\Smut069.jpg,Smut,9
D:\CropDiseaseProject\sugarcane_large\Diseases\Viral Disease\Viral Disease640.jpg,Mosaic / Viral Disease,4
D:\CropDiseaseProject\sugarcane_maharashtra\Mosaic\mosaic (367).jpeg,Mosaic / Viral Disease,4
D:\CropDiseaseProject\sugarcane_large\Diseases\Yellow Leaf\Yellow Leaf179.jpg,Yellow Leaf Disease,10
D:\CropDiseaseProject\sugarcane_large\Diseases\Sett Rot\Sett Rot319.jpg,Sett Rot,8
D:\CropDiseaseProject\sugarcane_large\Diseases\Brown Spot\image1180.jpg,Brown Spot,1
D:\CropDiseaseProject\sugarcane_maharashtra\Mosaic\mosaic (259).jpeg,Mosaic / Viral Disease,4
D:\CropDiseaseProject\sugarcane_large\Diseases\Grassy shoot\image313.jpg,Grassy Shoot,2
D:\CropDiseaseProject\sugarcane_large\Diseases\Viral Disease\Viral Disease222.jpg,Mosaic / Viral Disease,4
D:\CropDiseaseProject\sugarcane_large\Diseases\Viral Disease\Viral Disease215.jpg,Mosaic / Viral Disease,4
D:\CropDiseaseProject\sugarcane_large\Diseases\Brown Spot\image365.jpg,Brown Spot,1
D:\CropDiseaseProject\sugarcane_large\Healthy Leaves\image331.jpg,Healthy Leaves,3
D:\CropDiseaseProject\sugarcane_maharashtra\Rust\rust (450).jpeg,Rust (Brown Rust),7
D:\CropDiseaseProject\sugarcane_large\Diseases\Viral Disease\Viral Disease389.jpg,Mosaic / Viral Disease,4
D:\CropDiseaseProject\sugarcane_maharashtra\Rust\rust (11).jpeg,Rust (Brown Rust),7
D:\CropDiseaseProject\sugarcane_large\Diseases\Sett Rot\Sett Rot117.jpg,Sett Rot,8
D:\CropDiseaseProject\sugarcane_maharashtra\Rust\rust (71).jpeg,Rust (Brown Rust),7
D:\CropDiseaseProject\sugarcane_large\Diseases\smut\Smut312.jpg,Smut,9
D:\CropDiseaseProject\sugarcane_maharashtra\Healthy\healthy (349).jpeg,Healthy Leaves,3
D:\CropDiseaseProject\sugarcane_large\Diseases\Banded Chlorosis\image353.jpg,Banded Chlorosis,0
D:\CropDiseaseProject\sugarcane_large\Diseases\Sett Rot\Sett Rot306.jpg,Sett Rot,8
D:\CropDiseaseProject\sugarcane_large\Diseases\Brown Spot\image1206.jpg,Brown Spot,1
D:\CropDiseaseProject\sugarcane_large\Diseases\Brown Spot\image1649.jpg,Brown Spot,1
D:\CropDiseaseProject\sugarcane_large\Diseases\Viral Disease\Viral Disease552.jpg,Mosaic / Viral Disease,4
D:\CropDiseaseProject\sugarcane_large\Diseases\Sett Rot\Sett Rot302.jpg,Sett Rot,8
D:\CropDiseaseProject\sugarcane_large\Diseases\Brown Spot\image1349.jpg,Brown Spot,1
D:\CropDiseaseProject\sugarcane_maharashtra\Rust\rust (330).jpeg,Rust (Brown Rust),7
D:\CropDiseaseProject\sugarcane_large\Diseases\Sett Rot\Sett Rot300.jpg,Sett Rot,8
D:\CropDiseaseProject\sugarcane_large\Diseases\BrownRust\image089.jpg,Rust (Brown Rust),7
D:\CropDiseaseProject\sugarcane_large\Diseases\Brown Spot\image372.jpg,Brown Spot,1
D:\CropDiseaseProject\sugarcane_maharashtra\RedRot\redrot (489).jpeg,Red Rot,6
D:\CropDiseaseProject\sugarcane_large\Healthy Leaves\image041.jpg,Healthy Leaves,3
D:\CropDiseaseProject\sugarcane_large\Diseases\Brown Spot\image1437.jpg,Brown Spot,1
D:\CropDiseaseProject\sugarcane_large\Diseases\Brown Spot\image243.jpg,Brown Spot,1
D:\CropDiseaseProject\sugarcane_large\Diseases\Brown Spot\image1280.jpg,Brown Spot,1
D:\CropDiseaseProject\sugarcane_maharashtra\Yellow\yellow (464).jpeg,Yellow Leaf Disease,10
D:\CropDiseaseProject\sugarcane_large\Diseases\Sett Rot\Sett Rot057.jpg,Sett Rot,8
D:\CropDiseaseProject\sugarcane_maharashtra\Healthy\healthy (388).jpeg,Healthy Leaves,3
D:\CropDiseaseProject\sugarcane_maharashtra\Rust\rust (271).jpeg,Rust (Brown Rust),7
D:\CropDiseaseProject\sugarcane_large\Diseases\Brown Spot\image1607.jpg,Brown Spot,1
D:\CropDiseaseProject\sugarcane_maharashtra\Rust\rust (77).jpeg,Rust (Brown Rust),7
D:\CropDiseaseProject\sugarcane_large\Healthy Leaves\image336.jpg,Healthy Leaves,3
D:\CropDiseaseProject\sugarcane_maharashtra\Healthy\healthy (486).jpeg,Healthy Leaves,3
D:\CropDiseaseProject\sugarcane_large\Diseases\BrownRust\image084.jpg,Rust (Brown Rust),7
D:\CropDiseaseProject\sugarcane_maharashtra\Mosaic\mosaic (311).jpeg,Mosaic / Viral Disease,4
D:\CropDiseaseProject\sugarcane_large\Diseases\Pokkah Boeng\Pokkah Boeng050.jpg,Pokkah Boeng,5
D:\CropDiseaseProject\sugarcane_large\Diseases\Pokkah Boeng\Pokkah Boeng068.jpg,Pokkah Boeng,5
D:\CropDiseaseProject\sugarcane_maharashtra\Healthy\healthy (252).jpeg,Healthy Leaves,3
D:\CropDiseaseProject\sugarcane_large\Diseases\Sett Rot\Sett Rot323.jpg,Sett Rot,8
D:\CropDiseaseProject\sugarcane_large\Diseases\Brown Spot\image551.jpg,Brown Spot,1
D:\CropDiseaseProject\sugarcane_large\Diseases\Yellow Leaf\Yellow Leaf034.jpg,Yellow Leaf Disease,10
D:\CropDiseaseProject\sugarcane_maharashtra\Healthy\healthy (357).jpeg,Healthy Leaves,3
D:\CropDiseaseProject\sugarcane_large\Diseases\smut\Smut095.jpg,Smut,9
D:\CropDiseaseProject\sugarcane_large\Diseases\Sett Rot\Sett Rot580.jpg,Sett Rot,8
D:\CropDiseaseProject\sugarcane_maharashtra\RedRot\redrot (77).jpeg,Red Rot,6
D:\CropDiseaseProject\sugarcane_maharashtra\Yellow\yellow (221).jpeg,Yellow Leaf Disease,10
D:\CropDiseaseProject\sugarcane_large\Diseases\Pokkah Boeng\Pokkah Boeng177.jpg,Pokkah Boeng,5
D:\CropDiseaseProject\sugarcane_large\Diseases\BrownRust\image058.jpg,Rust (Brown Rust),7
D:\CropDiseaseProject\sugarcane_large\Diseases\Brown Spot\image890.jpg,Brown Spot,1
D:\CropDiseaseProject\sugarcane_large\Diseases\Yellow Leaf\Yellow Leaf755.jpg,Yellow Leaf Disease,10
D:\CropDiseaseProject\sugarcane_maharashtra\Healthy\healthy (494).jpeg,Healthy Leaves,3
D:\CropDiseaseProject\sugarcane_large\Diseases\Yellow Leaf\Yellow Leaf271.jpg,Yellow Leaf Disease,10
D:\CropDiseaseProject\sugarcane_large\Diseases\Yellow Leaf\Yellow Leaf203.jpg,Yellow Leaf Disease,10
D:\CropDiseaseProject\sugarcane_large\Diseases\Viral Disease\Viral Disease244.jpg,Mosaic / Viral Disease,4
D:\CropDiseaseProject\sugarcane_maharashtra\RedRot\redrot (139).jpeg,Red Rot,6
D:\CropDiseaseProject\sugarcane_large\Diseases\Viral Disease\Viral Disease050.jpg,Mosaic / Viral Disease,4
D:\CropDiseaseProject\sugarcane_maharashtra\Mosaic\mosaic (441).jpeg,Mosaic / Viral Disease,4
D:\CropDiseaseProject\sugarcane_large\Diseases\Brown Spot\image089.jpg,Brown Spot,1
D:\CropDiseaseProject\sugarcane_large\Diseases\Brown Spot\image251.jpg,Brown Spot,1
D:\CropDiseaseProject\sugarcane_large\Diseases\Sett Rot\Sett Rot424.jpg,Sett Rot,8
D:\CropDiseaseProject\sugarcane_maharashtra\Yellow\yellow (364).jpeg,Yellow Leaf Disease,10
D:\CropDiseaseProject\sugarcane_large\Diseases\Sett Rot\Sett Rot583.jpg,Sett Rot,8
D:\CropDiseaseProject\sugarcane_maharashtra\Healthy\healthy (115).jpeg,Healthy Leaves,3
D:\CropDiseaseProject\sugarcane_maharashtra\Yellow\yellow (457).jpeg,Yellow Leaf Disease,10
D:\CropDiseaseProject\sugarcane_large\Healthy Leaves\image128.jpg,Healthy Leaves,3
D:\CropDiseaseProject\sugarcane_large\Diseases\Sett Rot\Sett Rot036.jpg,Sett Rot,8
D:\CropDiseaseProject\sugarcane_maharashtra\RedRot\redrot (316).jpeg,Red Rot,6
D:\CropDiseaseProject\sugarcane_large\Diseases\smut\Smut108.jpg,Smut,9
D:\CropDiseaseProject\sugarcane_large\Diseases\Brown Spot\image1108.jpg,Brown Spot,1
D:\CropDiseaseProject\sugarcane_large\Diseases\Sett Rot\Sett Rot610.jpg,Sett Rot,8
D:\CropDiseaseProject\sugarcane_large\Diseases\Pokkah Boeng\Pokkah Boeng131.jpg,Pokkah Boeng,5
D:\CropDiseaseProject\sugarcane_large\Diseases\Viral Disease\Viral Disease357.jpg,Mosaic / Viral Disease,4
D:\CropDiseaseProject\sugarcane_maharashtra\RedRot\redrot (262).jpeg,Red Rot,6
D:\CropDiseaseProject\sugarcane_large\Diseases\Brown Spot\image1488.jpg,Brown Spot,1
D:\CropDiseaseProject\sugarcane_large\Diseases\Sett Rot\Sett Rot196.jpg,Sett Rot,8
D:\CropDiseaseProject\sugarcane_maharashtra\Rust\rust (69).jpeg,Rust (Brown Rust),7
D:\CropDiseaseProject\sugarcane_large\Diseases\Brown Spot\image836.jpg,Brown Spot,1
D:\CropDiseaseProject\sugarcane_large\Diseases\Viral Disease\Viral Disease200.jpg,Mosaic / Viral Disease,4
D:\CropDiseaseProject\sugarcane_maharashtra\RedRot\redrot (114).jpeg,Red Rot,6
D:\CropDiseaseProject\sugarcane_large\Diseases\Yellow Leaf\Yellow Leaf887.jpg,Yellow Leaf Disease,10
D:\CropDiseaseProject\sugarcane_large\Diseases\Brown Spot\image1644.jpg,Brown Spot,1
D:\CropDiseaseProject\sugarcane_maharashtra\RedRot\redrot (382).jpeg,Red Rot,6
D:\CropDiseaseProject\sugarcane_large\Diseases\Brown Spot\image498.jpg,Brown Spot,1
D:\CropDiseaseProject\sugarcane_large\Diseases\Sett Rot\Sett Rot517.jpg,Sett Rot,8
D:\CropDiseaseProject\sugarcane_maharashtra\Healthy\healthy (93).jpeg,Healthy Leaves,3
D:\CropDiseaseProject\sugarcane_large\Healthy Leaves\image014.jpg,Healthy Leaves,3
D:\CropDiseaseProject\sugarcane_large\Diseases\Viral Disease\Viral Disease613.jpg,Mosaic / Viral Disease,4
D:\CropDiseaseProject\sugarcane_large\Diseases\smut\Smut073.jpg,Smut,9
D:\CropDiseaseProject\sugarcane_large\Diseases\Banded Chlorosis\image306.jpg,Banded Chlorosis,0
D:\CropDiseaseProject\sugarcane_large\Diseases\Banded Chlorosis\image200.jpg,Banded Chlorosis,0
D:\CropDiseaseProject\sugarcane_large\Diseases\Pokkah Boeng\Pokkah Boeng174.jpg,Pokkah Boeng,5
D:\CropDiseaseProject\sugarcane_large\Diseases\BrownRust\image002.jpg,Rust (Brown Rust),7
D:\CropDiseaseProject\sugarcane_large\Diseases\Brown Spot\image1411.jpg,Brown Spot,1
D:\CropDiseaseProject\sugarcane_maharashtra\RedRot\redrot (194).jpeg,Red Rot,6
D:\CropDiseaseProject\sugarcane_large\Diseases\Brown Spot\image891.jpg,Brown Spot,1
D:\CropDiseaseProject\sugarcane_large\Diseases\Grassy shoot\image276.jpg,Grassy Shoot,2
D:\CropDiseaseProject\sugarcane_large\Diseases\Sett Rot\Sett Rot051.jpg,Sett Rot,8
D:\CropDiseaseProject\sugarcane_maharashtra\RedRot\redrot (400).jpeg,Red Rot,6
D:\CropDiseaseProject\sugarcane_large\Diseases\Yellow Leaf\Yellow Leaf993.jpg,Yellow Leaf Disease,10
D:\CropDiseaseProject\sugarcane_large\Diseases\Brown Spot\image1163.jpg,Brown Spot,1
D:\CropDiseaseProject\sugarcane_maharashtra\Mosaic\mosaic (139).jpeg,Mosaic / Viral Disease,4
D:\CropDiseaseProject\sugarcane_large\Diseases\Sett Rot\Sett Rot556.jpg,Sett Rot,8
D:\CropDiseaseProject\sugarcane_maharashtra\RedRot\redrot (503).jpeg,Red Rot,6
D:\CropDiseaseProject\sugarcane_large\Healthy Leaves\image215.jpg,Healthy Leaves,3
D:\CropDiseaseProject\sugarcane_large\Diseases\Banded Chlorosis\image118.jpg,Banded Chlorosis,0
D:\CropDiseaseProject\sugarcane_large\Diseases\Brown Spot\image665.jpg,Brown Spot,1
D:\CropDiseaseProject\sugarcane_maharashtra\Yellow\yellow (113).jpeg,Yellow Leaf Disease,10
D:\CropDiseaseProject\sugarcane_large\Diseases\Yellow Leaf\Yellow Leaf418.jpg,Yellow Leaf Disease,10
D:\CropDiseaseProject\sugarcane_large\Diseases\Brown Spot\image1229.jpg,Brown Spot,1
D:\CropDiseaseProject\sugarcane_maharashtra\Mosaic\mosaic (6).jpeg,Mosaic / Viral Disease,4
D:\CropDiseaseProject\sugarcane_large\Diseases\Grassy shoot\image251.jpg,Grassy Shoot,2
D:\CropDiseaseProject\sugarcane_maharashtra\Mosaic\mosaic (207).jpeg,Mosaic / Viral Disease,4
D:\CropDiseaseProject\sugarcane_large\Diseases\Viral Disease\Viral Disease590.jpg,Mosaic / Viral Disease,4
D:\CropDiseaseProject\sugarcane_large\Diseases\BrownRust\image065.jpg,Rust (Brown Rust),7
D:\CropDiseaseProject\sugarcane_large\Diseases\Yellow Leaf\Yellow Leaf1185.jpg,Yellow Leaf Disease,10
D:\CropDiseaseProject\sugarcane_large\Diseases\Brown Spot\image285.jpg,Brown Spot,1
D:\CropDiseaseProject\sugarcane_large\Diseases\Pokkah Boeng\Pokkah Boeng256.jpg,Pokkah Boeng,5
D:\CropDiseaseProject\sugarcane_large\Diseases\Yellow Leaf\Yellow Leaf480.jpg,Yellow Leaf Disease,10
D:\CropDiseaseProject\sugarcane_large\Diseases\Brown Spot\image689.jpg,Brown Spot,1
D:\CropDiseaseProject\sugarcane_large\Diseases\Pokkah Boeng\Pokkah Boeng231.jpg,Pokkah Boeng,5
D:\CropDiseaseProject\sugarcane_large\Diseases\Banded Chlorosis\image112.jpg,Banded Chlorosis,0
D:\CropDiseaseProject\sugarcane_large\Diseases\Yellow Leaf\Yellow Leaf231.jpg,Yellow Leaf Disease,10
D:\CropDiseaseProject\sugarcane_large\Diseases\Brown Spot\image1114.jpg,Brown Spot,1
D:\CropDiseaseProject\sugarcane_large\Diseases\Viral Disease\Viral Disease339.jpg,Mosaic / Viral Disease,4
D:\CropDiseaseProject\sugarcane_maharashtra\Yellow\yellow (43).jpeg,Yellow Leaf Disease,10
D:\CropDiseaseProject\sugarcane_large\Diseases\Brown Spot\image799.jpg,Brown Spot,1
D:\CropDiseaseProject\sugarcane_maharashtra\Yellow\yellow (169).jpeg,Yellow Leaf Disease,10
D:\CropDiseaseProject\sugarcane_large\Diseases\BrownRust\image061.jpg,Rust (Brown Rust),7
D:\CropDiseaseProject\sugarcane_large\Diseases\Brown Spot\image1061.jpg,Brown Spot,1
D:\CropDiseaseProject\sugarcane_large\Diseases\Brown Spot\image1252.jpg,Brown Spot,1
D:\CropDiseaseProject\sugarcane_large\Diseases\BrownRust\image147.jpg,Rust (Brown Rust),7
D:\CropDiseaseProject\sugarcane_large\Diseases\Viral Disease\Viral Disease288.jpg,Mosaic / Viral Disease,4
D:\CropDiseaseProject\sugarcane_large\Diseases\Brown Spot\image594.jpg,Brown Spot,1
D:\CropDiseaseProject\sugarcane_large\Diseases\Banded Chlorosis\image205.jpg,Banded Chlorosis,0
D:\CropDiseaseProject\sugarcane_large\Diseases\smut\Smut152.jpg,Smut,9
D:\CropDiseaseProject\sugarcane_large\Diseases\Yellow Leaf\Yellow Leaf020.jpg,Yellow Leaf Disease,10
D:\CropDiseaseProject\sugarcane_large\Diseases\Brown Spot\image783.jpg,Brown Spot,1
D:\CropDiseaseProject\sugarcane_large\Diseases\Brown Spot\image054.jpg,Brown Spot,1
D:\CropDiseaseProject\sugarcane_maharashtra\Mosaic\mosaic (243).jpeg,Mosaic / Viral Disease,4
D:\CropDiseaseProject\sugarcane_large\Diseases\Brown Spot\image1212.jpg,Brown Spot,1
D:\CropDiseaseProject\sugarcane_maharashtra\Rust\rust (184).jpeg,Rust (Brown Rust),7
D:\CropDiseaseProject\sugarcane_large\Diseases\Sett Rot\Sett Rot614.jpg,Sett Rot,8
D:\CropDiseaseProject\sugarcane_large\Diseases\Sett Rot\Sett Rot429.jpg,Sett Rot,8
D:\CropDiseaseProject\sugarcane_maharashtra\Rust\rust (2).jpeg,Rust (Brown Rust),7
D:\CropDiseaseProject\sugarcane_large\Diseases\smut\Smut291.jpg,Smut,9
D:\CropDiseaseProject\sugarcane_large\Diseases\Yellow Leaf\Yellow Leaf353.jpg,Yellow Leaf Disease,10
D:\CropDiseaseProject\sugarcane_maharashtra\RedRot\redrot (515).jpeg,Red Rot,6
D:\CropDiseaseProject\sugarcane_large\Diseases\Viral Disease\Viral Disease607.jpg,Mosaic / Viral Disease,4
D:\CropDiseaseProject\sugarcane_maharashtra\Healthy\healthy (137).jpeg,Healthy Leaves,3
D:\CropDiseaseProject\sugarcane_large\Healthy Leaves\image004.jpg,Healthy Leaves,3
D:\CropDiseaseProject\sugarcane_large\Diseases\Yellow Leaf\Yellow Leaf839.jpg,Yellow Leaf Disease,10
D:\CropDiseaseProject\sugarcane_large\Diseases\Viral Disease\Viral Disease091.jpg,Mosaic / Viral Disease,4
D:\CropDiseaseProject\sugarcane_large\Diseases\Brown Spot\image1667.jpg,Brown Spot,1
D:\CropDiseaseProject\sugarcane_maharashtra\Healthy\healthy (16).jpeg,Healthy Leaves,3
D:\CropDiseaseProject\sugarcane_large\Healthy Leaves\image303.jpg,Healthy Leaves,3
D:\CropDiseaseProject\sugarcane_maharashtra\Rust\rust (513).jpeg,Rust (Brown Rust),7
D:\CropDiseaseProject\sugarcane_large\Diseases\Sett Rot\Sett Rot251.jpg,Sett Rot,8
D:\CropDiseaseProject\sugarcane_large\Diseases\Sett Rot\Sett Rot527.jpg,Sett Rot,8
D:\CropDiseaseProject\sugarcane_maharashtra\Mosaic\mosaic (417).jpeg,Mosaic / Viral Disease,4
D:\CropDiseaseProject\sugarcane_large\Diseases\Viral Disease\Viral Disease095.jpg,Mosaic / Viral Disease,4
D:\CropDiseaseProject\sugarcane_large\Diseases\Sett Rot\Sett Rot603.jpg,Sett Rot,8
D:\CropDiseaseProject\sugarcane_large\Diseases\Yellow Leaf\Yellow Leaf242.jpg,Yellow Leaf Disease,10
D:\CropDiseaseProject\sugarcane_maharashtra\Healthy\healthy (428).jpeg,Healthy Leaves,3
D:\CropDiseaseProject\sugarcane_large\Diseases\Banded Chlorosis\image036.jpg,Banded Chlorosis,0
D:\CropDiseaseProject\sugarcane_large\Diseases\Pokkah Boeng\Pokkah Boeng271.jpg,Pokkah Boeng,5
D:\CropDiseaseProject\sugarcane_large\Diseases\Yellow Leaf\Yellow Leaf474.jpg,Yellow Leaf Disease,10
D:\CropDiseaseProject\sugarcane_maharashtra\Rust\rust (443).jpeg,Rust (Brown Rust),7
D:\CropDiseaseProject\sugarcane_large\Diseases\Brown Spot\image1391.jpg,Brown Spot,1
D:\CropDiseaseProject\sugarcane_large\Diseases\Brown Spot\image658.jpg,Brown Spot,1
D:\CropDiseaseProject\sugarcane_large\Diseases\Pokkah Boeng\Pokkah Boeng224.jpg,Pokkah Boeng,5
D:\CropDiseaseProject\sugarcane_maharashtra\Yellow\yellow (69).jpeg,Yellow Leaf Disease,10
D:\CropDiseaseProject\sugarcane_large\Diseases\Brown Spot\image851.jpg,Brown Spot,1
D:\CropDiseaseProject\sugarcane_large\Diseases\Banded Chlorosis\image046.jpg,Banded Chlorosis,0
D:\CropDiseaseProject\sugarcane_maharashtra\RedRot\redrot (425).jpeg,Red Rot,6
D:\CropDiseaseProject\sugarcane_large\Diseases\Brown Spot\image137.jpg,Brown Spot,1
D:\CropDiseaseProject\sugarcane_large\Diseases\Sett Rot\Sett Rot150.jpg,Sett Rot,8
D:\CropDiseaseProject\sugarcane_large\Diseases\Brown Spot\image1068.jpg,Brown Spot,1
D:\CropDiseaseProject\sugarcane_large\Diseases\Yellow Leaf\Yellow Leaf664.jpg,Yellow Leaf Disease,10
D:\CropDiseaseProject\sugarcane_large\Diseases\Brown Spot\image876.jpg,Brown Spot,1
D:\CropDiseaseProject\sugarcane_maharashtra\Mosaic\mosaic (114).jpeg,Mosaic / Viral Disease,4
D:\CropDiseaseProject\sugarcane_large\Diseases\Brown Spot\image453.jpg,Brown Spot,1
D:\CropDiseaseProject\sugarcane_large\Diseases\Brown Spot\image170.jpg,Brown Spot,1
D:\CropDiseaseProject\sugarcane_large\Diseases\Brown Spot\image1686.jpg,Brown Spot,1
D:\CropDiseaseProject\sugarcane_large\Diseases\Viral Disease\Viral Disease442.jpg,Mosaic / Viral Disease,4
D:\CropDiseaseProject\sugarcane_maharashtra\Rust\rust (56).jpeg,Rust (Brown Rust),7
D:\CropDiseaseProject\sugarcane_large\Diseases\Yellow Leaf\Yellow Leaf270.jpg,Yellow Leaf Disease,10
D:\CropDiseaseProject\sugarcane_large\Diseases\Viral Disease\Viral Disease010.jpg,Mosaic / Viral Disease,4
D:\CropDiseaseProject\sugarcane_large\Diseases\Viral Disease\Viral Disease280.jpg,Mosaic / Viral Disease,4
D:\CropDiseaseProject\sugarcane_maharashtra\Mosaic\mosaic (260).jpeg,Mosaic / Viral Disease,4
D:\CropDiseaseProject\sugarcane_large\Diseases\Viral Disease\Viral Disease169.jpg,Mosaic / Viral Disease,4
D:\CropDiseaseProject\sugarcane_large\Diseases\BrownRust\image307.jpg,Rust (Brown Rust),7
D:\CropDiseaseProject\sugarcane_maharashtra\Healthy\healthy (9).jpeg,Healthy Leaves,3
D:\CropDiseaseProject\sugarcane_large\Diseases\Grassy shoot\image099.jpg,Grassy Shoot,2
D:\CropDiseaseProject\sugarcane_large\Diseases\Viral Disease\Viral Disease245.jpg,Mosaic / Viral Disease,4
D:\CropDiseaseProject\sugarcane_large\Healthy Leaves\image234.jpg,Healthy Leaves,3
D:\CropDiseaseProject\sugarcane_large\Diseases\smut\Smut039.jpg,Smut,9
D:\CropDiseaseProject\sugarcane_large\Diseases\Sett Rot\Sett Rot275.jpg,Sett Rot,8
D:\CropDiseaseProject\sugarcane_large\Diseases\smut\Smut071.jpg,Smut,9
D:\CropDiseaseProject\sugarcane_large\Diseases\BrownRust\image183.jpg,Rust (Brown Rust),7
D:\CropDiseaseProject\sugarcane_large\Diseases\Sett Rot\Sett Rot440.jpg,Sett Rot,8
D:\CropDiseaseProject\sugarcane_large\Diseases\Sett Rot\Sett Rot126.jpg,Sett Rot,8
D:\CropDiseaseProject\sugarcane_large\Diseases\Brown Spot\image185.jpg,Brown Spot,1
D:\CropDiseaseProject\sugarcane_large\Diseases\Sett Rot\Sett Rot135.jpg,Sett Rot,8
D:\CropDiseaseProject\sugarcane_maharashtra\Healthy\healthy (90).jpeg,Healthy Leaves,3
D:\CropDiseaseProject\sugarcane_large\Diseases\Banded Chlorosis\image465.jpg,Banded Chlorosis,0
D:\CropDiseaseProject\sugarcane_large\Diseases\Brown Spot\image1642.jpg,Brown Spot,1
D:\CropDiseaseProject\sugarcane_large\Diseases\Viral Disease\Viral Disease421.jpg,Mosaic / Viral Disease,4
D:\CropDiseaseProject\sugarcane_large\Healthy Leaves\image093.jpg,Healthy Leaves,3
D:\CropDiseaseProject\sugarcane_large\Diseases\Yellow Leaf\Yellow Leaf101.jpg,Yellow Leaf Disease,10
D:\CropDiseaseProject\sugarcane_large\Diseases\Pokkah Boeng\Pokkah Boeng114.jpg,Pokkah Boeng,5
D:\CropDiseaseProject\sugarcane_large\Diseases\Grassy shoot\image301.jpg,Grassy Shoot,2
D:\CropDiseaseProject\sugarcane_maharashtra\Healthy\healthy (480).jpeg,Healthy Leaves,3
D:\CropDiseaseProject\sugarcane_maharashtra\Mosaic\mosaic (38).jpeg,Mosaic / Viral Disease,4
D:\CropDiseaseProject\sugarcane_large\Healthy Leaves\image225.jpg,Healthy Leaves,3
D:\CropDiseaseProject\sugarcane_large\Diseases\smut\Smut303.jpg,Smut,9
D:\CropDiseaseProject\sugarcane_large\Diseases\Sett Rot\Sett Rot643.jpg,Sett Rot,8
D:\CropDiseaseProject\sugarcane_large\Diseases\Brown Spot\image886.jpg,Brown Spot,1
D:\CropDiseaseProject\sugarcane_maharashtra\Mosaic\mosaic (436).jpeg,Mosaic / Viral Disease,4
D:\CropDiseaseProject\sugarcane_large\Diseases\smut\Smut004.jpg,Smut,9
D:\CropDiseaseProject\sugarcane_large\Diseases\Banded Chlorosis\image448.jpg,Banded Chlorosis,0
D:\CropDiseaseProject\sugarcane_large\Diseases\Yellow Leaf\Yellow Leaf769.jpg,Yellow Leaf Disease,10
D:\CropDiseaseProject\sugarcane_large\Diseases\Yellow Leaf\Yellow Leaf1080.jpg,Yellow Leaf Disease,10
D:\CropDiseaseProject\sugarcane_large\Diseases\Banded Chlorosis\image283.jpg,Banded Chlorosis,0
D:\CropDiseaseProject\sugarcane_large\Diseases\Brown Spot\image1651.jpg,Brown Spot,1
D:\CropDiseaseProject\sugarcane_maharashtra\Healthy\healthy (279).jpeg,Healthy Leaves,3
D:\CropDiseaseProject\sugarcane_maharashtra\Rust\rust (41).jpeg,Rust (Brown Rust),7
D:\CropDiseaseProject\sugarcane_large\Diseases\Yellow Leaf\Yellow Leaf642.jpg,Yellow Leaf Disease,10
D:\CropDiseaseProject\sugarcane_large\Diseases\Yellow Leaf\Yellow Leaf348.jpg,Yellow Leaf Disease,10
D:\CropDiseaseProject\sugarcane_large\Diseases\Brown Spot\image928.jpg,Brown Spot,1
D:\CropDiseaseProject\sugarcane_large\Diseases\Brown Spot\image1128.jpg,Brown Spot,1
D:\CropDiseaseProject\sugarcane_large\Diseases\Yellow Leaf\Yellow Leaf170.jpg,Yellow Leaf Disease,10
D:\CropDiseaseProject\sugarcane_large\Diseases\Pokkah Boeng\Pokkah Boeng225.jpg,Pokkah Boeng,5
D:\CropDiseaseProject\sugarcane_large\Healthy Leaves\image321.jpg,Healthy Leaves,3
D:\CropDiseaseProject\sugarcane_large\Diseases\Brown Spot\image216.jpg,Brown Spot,1
D:\CropDiseaseProject\sugarcane_large\Diseases\Yellow Leaf\Yellow Leaf914.jpg,Yellow Leaf Disease,10
D:\CropDiseaseProject\sugarcane_maharashtra\Healthy\healthy (107).jpeg,Healthy Leaves,3
D:\CropDiseaseProject\sugarcane_large\Diseases\Brown Spot\image1100.jpg,Brown Spot,1
D:\CropDiseaseProject\sugarcane_large\Diseases\Brown Spot\image835.jpg,Brown Spot,1
D:\CropDiseaseProject\sugarcane_large\Diseases\Banded Chlorosis\image027.jpg,Banded Chlorosis,0
D:\CropDiseaseProject\sugarcane_large\Diseases\Brown Spot\image877.jpg,Brown Spot,1
D:\CropDiseaseProject\sugarcane_large\Healthy Leaves\image222.jpg,Healthy Leaves,3
D:\CropDiseaseProject\sugarcane_maharashtra\Mosaic\mosaic (420).jpeg,Mosaic / Viral Disease,4
D:\CropDiseaseProject\sugarcane_large\Diseases\Yellow Leaf\Yellow Leaf1179.jpg,Yellow Leaf Disease,10
D:\CropDiseaseProject\sugarcane_maharashtra\Yellow\yellow (48).jpeg,Yellow Leaf Disease,10
D:\CropDiseaseProject\sugarcane_large\Diseases\Pokkah Boeng\Pokkah Boeng082.jpg,Pokkah Boeng,5
D:\CropDiseaseProject\sugarcane_large\Diseases\Pokkah Boeng\Pokkah Boeng015.jpg,Pokkah Boeng,5
D:\CropDiseaseProject\sugarcane_maharashtra\Yellow\yellow (454).jpeg,Yellow Leaf Disease,10
D:\CropDiseaseProject\sugarcane_maharashtra\Mosaic\mosaic (82).jpeg,Mosaic / Viral Disease,4
D:\CropDiseaseProject\sugarcane_large\Diseases\Viral Disease\Viral Disease597.jpg,Mosaic / Viral Disease,4
D:\CropDiseaseProject\sugarcane_large\Diseases\Brown Spot\image1291.jpg,Brown Spot,1
D:\CropDiseaseProject\sugarcane_large\Diseases\Brown Spot\image380.jpg,Brown Spot,1
D:\CropDiseaseProject\sugarcane_maharashtra\Healthy\healthy (338).jpeg,Healthy Leaves,3
D:\CropDiseaseProject\sugarcane_large\Diseases\Banded Chlorosis\image181.jpg,Banded Chlorosis,0
D:\CropDiseaseProject\sugarcane_maharashtra\Yellow\yellow (314).jpeg,Yellow Leaf Disease,10
D:\CropDiseaseProject\sugarcane_maharashtra\Yellow\yellow (381).jpeg,Yellow Leaf Disease,10
D:\CropDiseaseProject\sugarcane_large\Diseases\Yellow Leaf\Yellow Leaf007.jpg,Yellow Leaf Disease,10
D:\CropDiseaseProject\sugarcane_large\Healthy Leaves\image115.jpg,Healthy Leaves,3
D:\CropDiseaseProject\sugarcane_maharashtra\Healthy\healthy (18).jpeg,Healthy Leaves,3
D:\CropDiseaseProject\sugarcane_large\Diseases\Brown Spot\image1118.jpg,Brown Spot,1
D:\CropDiseaseProject\sugarcane_maharashtra\Mosaic\mosaic (112).jpeg,Mosaic / Viral Disease,4
D:\CropDiseaseProject\sugarcane_large\Diseases\Yellow Leaf\Yellow Leaf317.jpg,Yellow Leaf Disease,10
D:\CropDiseaseProject\sugarcane_maharashtra\Healthy\healthy (89).jpeg,Healthy Leaves,3
D:\CropDiseaseProject\sugarcane_maharashtra\Healthy\healthy (317).jpeg,Healthy Leaves,3
D:\CropDiseaseProject\sugarcane_large\Diseases\Sett Rot\Sett Rot483.jpg,Sett Rot,8
D:\CropDiseaseProject\sugarcane_large\Diseases\Yellow Leaf\Yellow Leaf244.jpg,Yellow Leaf Disease,10
D:\CropDiseaseProject\sugarcane_large\Diseases\Pokkah Boeng\Pokkah Boeng262.jpg,Pokkah Boeng,5
D:\CropDiseaseProject\sugarcane_large\Diseases\Grassy shoot\image235.jpg,Grassy Shoot,2
D:\CropDiseaseProject\sugarcane_maharashtra\Yellow\yellow (461).jpeg,Yellow Leaf Disease,10
D:\CropDiseaseProject\sugarcane_large\Diseases\Viral Disease\Viral Disease646.jpg,Mosaic / Viral Disease,4
D:\CropDiseaseProject\sugarcane_large\Healthy Leaves\image155.jpg,Healthy Leaves,3
D:\CropDiseaseProject\sugarcane_large\Healthy Leaves\image019.jpg,Healthy Leaves,3
D:\CropDiseaseProject\sugarcane_maharashtra\RedRot\redrot (420).jpeg,Red Rot,6
D:\CropDiseaseProject\sugarcane_large\Healthy Leaves\image011.jpg,Healthy Leaves,3
D:\CropDiseaseProject\sugarcane_large\Diseases\smut\Smut090.jpg,Smut,9
D:\CropDiseaseProject\sugarcane_large\Diseases\Brown Spot\image754.jpg,Brown Spot,1
D:\CropDiseaseProject\sugarcane_large\Diseases\Yellow Leaf\Yellow Leaf030.jpg,Yellow Leaf Disease,10
D:\CropDiseaseProject\sugarcane_large\Diseases\Yellow Leaf\Yellow Leaf720.jpg,Yellow Leaf Disease,10
D:\CropDiseaseProject\sugarcane_large\Diseases\BrownRust\image158.jpg,Rust (Brown Rust),7
D:\CropDiseaseProject\sugarcane_large\Diseases\Pokkah Boeng\Pokkah Boeng011.jpg,Pokkah Boeng,5
D:\CropDiseaseProject\sugarcane_maharashtra\Rust\rust (273).jpeg,Rust (Brown Rust),7
D:\CropDiseaseProject\sugarcane_large\Diseases\Sett Rot\Sett Rot426.jpg,Sett Rot,8
D:\CropDiseaseProject\sugarcane_large\Diseases\Sett Rot\Sett Rot591.jpg,Sett Rot,8
D:\CropDiseaseProject\sugarcane_large\Diseases\smut\Smut133.jpg,Smut,9
D:\CropDiseaseProject\sugarcane_large\Diseases\BrownRust\image240.jpg,Rust (Brown Rust),7
D:\CropDiseaseProject\sugarcane_large\Diseases\smut\Smut067.jpg,Smut,9
D:\CropDiseaseProject\sugarcane_large\Diseases\Yellow Leaf\Yellow Leaf1082.jpg,Yellow Leaf Disease,10
D:\CropDiseaseProject\sugarcane_large\Diseases\Banded Chlorosis\image255.jpg,Banded Chlorosis,0
D:\CropDiseaseProject\sugarcane_maharashtra\Rust\rust (275).jpeg,Rust (Brown Rust),7
D:\CropDiseaseProject\sugarcane_large\Diseases\Sett Rot\Sett Rot481.jpg,Sett Rot,8
D:\CropDiseaseProject\sugarcane_large\Diseases\smut\Smut285.jpg,Smut,9
D:\CropDiseaseProject\sugarcane_maharashtra\Rust\rust (346).jpeg,Rust (Brown Rust),7
D:\CropDiseaseProject\sugarcane_large\Diseases\Yellow Leaf\Yellow Leaf1032.jpg,Yellow Leaf Disease,10
D:\CropDiseaseProject\sugarcane_large\Diseases\Viral Disease\Viral Disease077.jpg,Mosaic / Viral Disease,4
D:\CropDiseaseProject\sugarcane_large\Diseases\Brown Spot\image1566.jpg,Brown Spot,1
D:\CropDiseaseProject\sugarcane_large\Diseases\Banded Chlorosis\image177.jpg,Banded Chlorosis,0
D:\CropDiseaseProject\sugarcane_large\Diseases\Viral Disease\Viral Disease254.jpg,Mosaic / Viral Disease,4
D:\CropDiseaseProject\sugarcane_maharashtra\RedRot\redrot (23).jpeg,Red Rot,6
D:\CropDiseaseProject\sugarcane_large\Diseases\Brown Spot\image318.jpg,Brown Spot,1
D:\CropDiseaseProject\sugarcane_large\Diseases\Brown Spot\image1666.jpg,Brown Spot,1
D:\CropDiseaseProject\sugarcane_large\Diseases\Yellow Leaf\Yellow Leaf1046.jpg,Yellow Leaf Disease,10
D:\CropDiseaseProject\sugarcane_maharashtra\RedRot\redrot (309).jpeg,Red Rot,6
D:\CropDiseaseProject\sugarcane_maharashtra\RedRot\redrot (86).jpeg,Red Rot,6
D:\CropDiseaseProject\sugarcane_large\Diseases\Brown Spot\image570.jpg,Brown Spot,1
D:\CropDiseaseProject\sugarcane_large\Healthy Leaves\image039.jpg,Healthy Leaves,3
D:\CropDiseaseProject\sugarcane_large\Diseases\Grassy shoot\image080.jpg,Grassy Shoot,2
D:\CropDiseaseProject\sugarcane_maharashtra\Healthy\healthy (489).jpeg,Healthy Leaves,3
D:\CropDiseaseProject\sugarcane_maharashtra\Yellow\yellow (410).jpeg,Yellow Leaf Disease,10
D:\CropDiseaseProject\sugarcane_maharashtra\RedRot\redrot (501).jpeg,Red Rot,6
D:\CropDiseaseProject\sugarcane_maharashtra\Rust\rust (38).jpeg,Rust (Brown Rust),7
D:\CropDiseaseProject\sugarcane_maharashtra\Yellow\yellow (459).jpeg,Yellow Leaf Disease,10
D:\CropDiseaseProject\sugarcane_large\Diseases\Yellow Leaf\Yellow Leaf004.jpg,Yellow Leaf Disease,10
D:\CropDiseaseProject\sugarcane_large\Diseases\Grassy shoot\image014.jpg,Grassy Shoot,2
D:\CropDiseaseProject\sugarcane_large\Diseases\BrownRust\image234.jpg,Rust (Brown Rust),7
D:\CropDiseaseProject\sugarcane_large\Diseases\Pokkah Boeng\Pokkah Boeng178.jpg,Pokkah Boeng,5
D:\CropDiseaseProject\sugarcane_maharashtra\Yellow\yellow (399).jpeg,Yellow Leaf Disease,10
D:\CropDiseaseProject\sugarcane_large\Diseases\Banded Chlorosis\image040.jpg,Banded Chlorosis,0
D:\CropDiseaseProject\sugarcane_large\Healthy Leaves\image418.jpg,Healthy Leaves,3
D:\CropDiseaseProject\sugarcane_maharashtra\Yellow\yellow (51).jpeg,Yellow Leaf Disease,10
D:\CropDiseaseProject\sugarcane_large\Diseases\Brown Spot\image1423.jpg,Brown Spot,1
D:\CropDiseaseProject\sugarcane_large\Healthy Leaves\image217.jpg,Healthy Leaves,3
D:\CropDiseaseProject\sugarcane_maharashtra\Rust\rust (298).jpeg,Rust (Brown Rust),7
D:\CropDiseaseProject\sugarcane_large\Diseases\Grassy shoot\image093.jpg,Grassy Shoot,2
D:\CropDiseaseProject\sugarcane_large\Diseases\Brown Spot\image669.jpg,Brown Spot,1
D:\CropDiseaseProject\sugarcane_large\Diseases\Sett Rot\Sett Rot244.jpg,Sett Rot,8
D:\CropDiseaseProject\sugarcane_large\Healthy Leaves\image231.jpg,Healthy Leaves,3
D:\CropDiseaseProject\sugarcane_maharashtra\Rust\rust (60).jpeg,Rust (Brown Rust),7
D:\CropDiseaseProject\sugarcane_large\Diseases\Yellow Leaf\Yellow Leaf1084.jpg,Yellow Leaf Disease,10
D:\CropDiseaseProject\sugarcane_large\Diseases\Pokkah Boeng\Pokkah Boeng257.jpg,Pokkah Boeng,5
D:\CropDiseaseProject\sugarcane_maharashtra\Healthy\healthy (78).jpeg,Healthy Leaves,3
D:\CropDiseaseProject\sugarcane_large\Diseases\Brown Spot\image1130.jpg,Brown Spot,1
D:\CropDiseaseProject\sugarcane_large\Diseases\smut\Smut070.jpg,Smut,9
D:\CropDiseaseProject\sugarcane_maharashtra\Yellow\yellow (132).jpeg,Yellow Leaf Disease,10
D:\CropDiseaseProject\sugarcane_large\Diseases\Brown Spot\image059.jpg,Brown Spot,1
D:\CropDiseaseProject\sugarcane_maharashtra\RedRot\redrot (9).jpeg,Red Rot,6
D:\CropDiseaseProject\sugarcane_large\Diseases\Brown Spot\image679.jpg,Brown Spot,1
D:\CropDiseaseProject\sugarcane_maharashtra\Mosaic\mosaic (411).jpeg,Mosaic / Viral Disease,4
D:\CropDiseaseProject\sugarcane_large\Diseases\Yellow Leaf\Yellow Leaf069.jpg,Yellow Leaf Disease,10
D:\CropDiseaseProject\sugarcane_maharashtra\RedRot\redrot (483).jpeg,Red Rot,6
D:\CropDiseaseProject\sugarcane_large\Diseases\Yellow Leaf\Yellow Leaf629.jpg,Yellow Leaf Disease,10
D:\CropDiseaseProject\sugarcane_large\Diseases\Grassy shoot\image142.jpg,Grassy Shoot,2
D:\CropDiseaseProject\sugarcane_large\Diseases\Yellow Leaf\Yellow Leaf439.jpg,Yellow Leaf Disease,10
D:\CropDiseaseProject\sugarcane_maharashtra\Yellow\yellow (31).jpeg,Yellow Leaf Disease,10
D:\CropDiseaseProject\sugarcane_large\Diseases\Yellow Leaf\Yellow Leaf191.jpg,Yellow Leaf Disease,10
D:\CropDiseaseProject\sugarcane_large\Diseases\Grassy shoot\image179.jpg,Grassy Shoot,2
D:\CropDiseaseProject\sugarcane_maharashtra\RedRot\redrot (58).jpeg,Red Rot,6
D:\CropDiseaseProject\sugarcane_large\Diseases\Yellow Leaf\Yellow Leaf526.jpg,Yellow Leaf Disease,10
D:\CropDiseaseProject\sugarcane_large\Diseases\Viral Disease\Viral Disease131.jpg,Mosaic / Viral Disease,4
D:\CropDiseaseProject\sugarcane_large\Diseases\Yellow Leaf\Yellow Leaf1137.jpg,Yellow Leaf Disease,10
D:\CropDiseaseProject\sugarcane_large\Diseases\Brown Spot\image1146.jpg,Brown Spot,1
D:\CropDiseaseProject\sugarcane_maharashtra\Rust\rust (46).jpeg,Rust (Brown Rust),7
D:\CropDiseaseProject\sugarcane_large\Diseases\Banded Chlorosis\image450.jpg,Banded Chlorosis,0
D:\CropDiseaseProject\sugarcane_large\Diseases\Sett Rot\Sett Rot127.jpg,Sett Rot,8
D:\CropDiseaseProject\sugarcane_large\Diseases\Sett Rot\Sett Rot575.jpg,Sett Rot,8
D:\CropDiseaseProject\sugarcane_maharashtra\RedRot\redrot (185).jpeg,Red Rot,6
D:\CropDiseaseProject\sugarcane_maharashtra\RedRot\redrot (75).jpeg,Red Rot,6
D:\CropDiseaseProject\sugarcane_large\Diseases\BrownRust\image221.jpg,Rust (Brown Rust),7
D:\CropDiseaseProject\sugarcane_large\Diseases\Sett Rot\Sett Rot009.jpg,Sett Rot,8
D:\CropDiseaseProject\sugarcane_large\Healthy Leaves\image242.jpg,Healthy Leaves,3
D:\CropDiseaseProject\sugarcane_large\Diseases\Pokkah Boeng\Pokkah Boeng109.jpg,Pokkah Boeng,5
D:\CropDiseaseProject\sugarcane_maharashtra\Rust\rust (341).jpeg,Rust (Brown Rust),7
D:\CropDiseaseProject\sugarcane_large\Diseases\Brown Spot\image1082.jpg,Brown Spot,1
D:\CropDiseaseProject\sugarcane_maharashtra\Rust\rust (237).jpeg,Rust (Brown Rust),7
D:\CropDiseaseProject\sugarcane_large\Diseases\Brown Spot\image598.jpg,Brown Spot,1
D:\CropDiseaseProject\sugarcane_large\Healthy Leaves\image121.jpg,Healthy Leaves,3
D:\CropDiseaseProject\sugarcane_large\Diseases\Yellow Leaf\Yellow Leaf655.jpg,Yellow Leaf Disease,10
D:\CropDiseaseProject\sugarcane_maharashtra\Rust\rust (76).jpeg,Rust (Brown Rust),7
D:\CropDiseaseProject\sugarcane_maharashtra\Yellow\yellow (236).jpeg,Yellow Leaf Disease,10
D:\CropDiseaseProject\sugarcane_large\Diseases\Banded Chlorosis\image425.jpg,Banded Chlorosis,0
D:\CropDiseaseProject\sugarcane_large\Diseases\Brown Spot\image1309.jpg,Brown Spot,1
D:\CropDiseaseProject\sugarcane_large\Diseases\Yellow Leaf\Yellow Leaf367.jpg,Yellow Leaf Disease,10
D:\CropDiseaseProject\sugarcane_large\Diseases\Brown Spot\image1456.jpg,Brown Spot,1
D:\CropDiseaseProject\sugarcane_large\Diseases\Yellow Leaf\Yellow Leaf416.jpg,Yellow Leaf Disease,10
D:\CropDiseaseProject\sugarcane_maharashtra\Rust\rust (141).jpeg,Rust (Brown Rust),7
D:\CropDiseaseProject\sugarcane_large\Diseases\Yellow Leaf\Yellow Leaf617.jpg,Yellow Leaf Disease,10
D:\CropDiseaseProject\sugarcane_large\Diseases\Brown Spot\image925.jpg,Brown Spot,1
D:\CropDiseaseProject\sugarcane_large\Diseases\Brown Spot\image1228.jpg,Brown Spot,1
D:\CropDiseaseProject\sugarcane_large\Diseases\Brown Spot\image1605.jpg,Brown Spot,1
D:\CropDiseaseProject\sugarcane_large\Diseases\Viral Disease\Viral Disease394.jpg,Mosaic / Viral Disease,4
D:\CropDiseaseProject\sugarcane_maharashtra\Yellow\yellow (249).jpeg,Yellow Leaf Disease,10
D:\CropDiseaseProject\sugarcane_maharashtra\Rust\rust (85).jpeg,Rust (Brown Rust),7
D:\CropDiseaseProject\sugarcane_maharashtra\Rust\rust (255).jpeg,Rust (Brown Rust),7
D:\CropDiseaseProject\sugarcane_large\Diseases\Viral Disease\Viral Disease285.jpg,Mosaic / Viral Disease,4
D:\CropDiseaseProject\sugarcane_large\Diseases\BrownRust\image219.jpg,Rust (Brown Rust),7
D:\CropDiseaseProject\sugarcane_large\Diseases\Yellow Leaf\Yellow Leaf999.jpg,Yellow Leaf Disease,10
D:\CropDiseaseProject\sugarcane_large\Diseases\Brown Spot\image1294.jpg,Brown Spot,1
D:\CropDiseaseProject\sugarcane_large\Diseases\Brown Spot\image214.jpg,Brown Spot,1
D:\CropDiseaseProject\sugarcane_large\Diseases\Sett Rot\Sett Rot436.jpg,Sett Rot,8
D:\CropDiseaseProject\sugarcane_large\Diseases\Yellow Leaf\Yellow Leaf749.jpg,Yellow Leaf Disease,10
D:\CropDiseaseProject\sugarcane_maharashtra\RedRot\redrot (171).jpeg,Red Rot,6
D:\CropDiseaseProject\sugarcane_large\Diseases\Brown Spot\image1090.jpg,Brown Spot,1
D:\CropDiseaseProject\sugarcane_large\Diseases\Viral Disease\Viral Disease037.jpg,Mosaic / Viral Disease,4
D:\CropDiseaseProject\sugarcane_large\Diseases\Pokkah Boeng\Pokkah Boeng248.jpg,Pokkah Boeng,5
D:\CropDiseaseProject\sugarcane_large\Diseases\Grassy shoot\image005.jpg,Grassy Shoot,2
D:\CropDiseaseProject\sugarcane_large\Diseases\Brown Spot\image260.jpg,Brown Spot,1
D:\CropDiseaseProject\sugarcane_large\Diseases\BrownRust\image163.jpg,Rust (Brown Rust),7
D:\CropDiseaseProject\sugarcane_maharashtra\Healthy\healthy (70).jpeg,Healthy Leaves,3
