source_id,source_name,original_source_url,creator_author,license,license_url,subcategory
SRC-02,Google Open Images V7,https://openimages.github.io/v7/validation/SRC-02_agri_tools_equipment_0176e3353561.jpg,Google Open Images / Flickr Contributor,CC BY 2.0,https://creativecommons.org/licenses/by/2.0/,agri_tools_equipment
SRC-02,Google Open Images V7,https://openimages.github.io/v7/validation/SRC-02_agri_tools_equipment_08fb31a9cf65.jpg,Google Open Images / Flickr Contributor,CC BY 2.0,https://creativecommons.org/licenses/by/2.0/,agri_tools_equipment
SRC-02,Google Open Images V7,https://openimages.github.io/v7/validation/SRC-02_agri_tools_equipment_18db67c63b34.jpg,Google Open Images / Flickr Contributor,CC BY 2.0,https://creativecommons.org/licenses/by/2.0/,agri_tools_equipment
SRC-02,Google Open Images V7,https://openimages.github.io/v7/validation/SRC-02_agri_tools_equipment_1c4ab72daf25.jpg,Google Open Images / Flickr Contributor,CC BY 2.0,https://creativecommons.org/licenses/by/2.0/,agri_tools_equipment
SRC-02,Google Open Images V7,https://openimages.github.io/v7/validation/SRC-02_agri_tools_equipment_1eaf3240b131.jpg,Google Open Images / Flickr Contributor,CC BY 2.0,https://creativecommons.org/licenses/by/2.0/,agri_tools_equipment
SRC-02,Google Open Images V7,https://openimages.github.io/v7/validation/SRC-02_agri_tools_equipment_1fe57c5503f2.jpg,Google Open Images / Flickr Contributor,CC BY 2.0,https://creativecommons.org/licenses/by/2.0/,agri_tools_equipment
SRC-02,Google Open Images V7,https://openimages.github.io/v7/validation/SRC-02_agri_tools_equipment_21aacc414c83.jpg,Google Open Images / Flickr Contributor,CC BY 2.0,https://creativecommons.org/licenses/by/2.0/,agri_tools_equipment
SRC-02,Google Open Images V7,https://openimages.github.io/v7/validation/SRC-02_agri_tools_equipment_24c62c173856.jpg,Google Open Images / Flickr Contributor,CC BY 2.0,https://creativecommons.org/licenses/by/2.0/,agri_tools_equipment
SRC-02,Google Open Images V7,https://openimages.github.io/v7/validation/SRC-02_agri_tools_equipment_2fa36941b0ec.jpg,Google Open Images / Flickr Contributor,CC BY 2.0,https://creativecommons.org/licenses/by/2.0/,agri_tools_equipment
SRC-02,Google Open Images V7,https://openimages.github.io/v7/validation/SRC-02_agri_tools_equipment_32f052c20a5b.jpg,Google Open Images / Flickr Contributor,CC BY 2.0,https://creativecommons.org/licenses/by/2.0/,agri_tools_equipment
SRC-02,Google Open Images V7,https://openimages.github.io/v7/validation/SRC-02_agri_tools_equipment_37b3b1e11d13.jpg,Google Open Images / Flickr Contributor,CC BY 2.0,https://creativecommons.org/licenses/by/2.0/,agri_tools_equipment
SRC-02,Google Open Images V7,https://openimages.github.io/v7/validation/SRC-02_agri_tools_equipment_3a8e1373cbe3.jpg,Google Open Images / Flickr Contributor,CC BY 2.0,https://creativecommons.org/licenses/by/2.0/,agri_tools_equipment
SRC-02,Google Open Images V7,https://openimages.github.io/v7/validation/SRC-02_agri_tools_equipment_3deefceff94a.jpg,Google Open Images / Flickr Contributor,CC BY 2.0,https://creativecommons.org/licenses/by/2.0/,agri_tools_equipment
SRC-02,Google Open Images V7,https://openimages.github.io/v7/validation/SRC-02_agri_tools_equipment_3fc5b00cedcc.jpg,Google Open Images / Flickr Contributor,CC BY 2.0,https://creativecommons.org/licenses/by/2.0/,agri_tools_equipment
SRC-02,Google Open Images V7,https://openimages.github.io/v7/validation/SRC-02_agri_tools_equipment_491eea58c9e6.jpg,Google Open Images / Flickr Contributor,CC BY 2.0,https://creativecommons.org/licenses/by/2.0/,agri_tools_equipment
SRC-02,Google Open Images V7,https://openimages.github.io/v7/validation/SRC-02_agri_tools_equipment_501f3a9278ba.jpg,Google Open Images / Flickr Contributor,CC BY 2.0,https://creativecommons.org/licenses/by/2.0/,agri_tools_equipment
SRC-02,Google Open Images V7,https://openimages.github.io/v7/validation/SRC-02_agri_tools_equipment_504b7d975daa.jpg,Google Open Images / Flickr Contributor,CC BY 2.0,https://creativecommons.org/licenses/by/2.0/,agri_tools_equipment
SRC-02,Google Open Images V7,https://openimages.github.io/v7/validation/SRC-02_agri_tools_equipment_56299ee3cb08.jpg,Google Open Images / Flickr Contributor,CC BY 2.0,https://creativecommons.org/licenses/by/2.0/,agri_tools_equipment
SRC-02,Google Open Images V7,https://openimages.github.io/v7/validation/SRC-02_agri_tools_equipment_58de2299a249.jpg,Google Open Images / Flickr Contributor,CC BY 2.0,https://creativecommons.org/licenses/by/2.0/,agri_tools_equipment
SRC-02,Google Open Images V7,https://openimages.github.io/v7/validation/SRC-02_agri_tools_equipment_5ccf9f2fca88.jpg,Google Open Images / Flickr Contributor,CC BY 2.0,https://creativecommons.org/licenses/by/2.0/,agri_tools_equipment
SRC-02,Google Open Images V7,https://openimages.github.io/v7/validation/SRC-02_agri_tools_equipment_642cdf8dff80.jpg,Google Open Images / Flickr Contributor,CC BY 2.0,https://creativecommons.org/licenses/by/2.0/,agri_tools_equipment
SRC-02,Google Open Images V7,https://openimages.github.io/v7/validation/SRC-02_agri_tools_equipment_7184b0ff48c2.jpg,Google Open Images / Flickr Contributor,CC BY 2.0,https://creativecommons.org/licenses/by/2.0/,agri_tools_equipment
SRC-02,Google Open Images V7,https://openimages.github.io/v7/validation/SRC-02_agri_tools_equipment_79b97a38c34a.jpg,Google Open Images / Flickr Contributor,CC BY 2.0,https://creativecommons.org/licenses/by/2.0/,agri_tools_equipment
SRC-02,Google Open Images V7,https://openimages.github.io/v7/validation/SRC-02_agri_tools_equipment_7ede35d472d6.jpg,Google Open Images / Flickr Contributor,CC BY 2.0,https://creativecommons.org/licenses/by/2.0/,agri_tools_equipment
SRC-02,Google Open Images V7,https://openimages.github.io/v7/validation/SRC-02_agri_tools_equipment_845b634a81f5.jpg,Google Open Images / Flickr Contributor,CC BY 2.0,https://creativecommons.org/licenses/by/2.0/,agri_tools_equipment
SRC-02,Google Open Images V7,https://openimages.github.io/v7/validation/SRC-02_agri_tools_equipment_85c5888a2c89.jpg,Google Open Images / Flickr Contributor,CC BY 2.0,https://creativecommons.org/licenses/by/2.0/,agri_tools_equipment
SRC-02,Google Open Images V7,https://openimages.github.io/v7/validation/SRC-02_agri_tools_equipment_8f94dac25b7c.jpg,Google Open Images / Flickr Contributor,CC BY 2.0,https://creativecommons.org/licenses/by/2.0/,agri_tools_equipment
SRC-02,Google Open Images V7,https://openimages.github.io/v7/validation/SRC-02_agri_tools_equipment_90f81977b17c.jpg,Google Open Images / Flickr Contributor,CC BY 2.0,https://creativecommons.org/licenses/by/2.0/,agri_tools_equipment
SRC-02,Google Open Images V7,https://openimages.github.io/v7/validation/SRC-02_agri_tools_equipment_9f662cf2b79b.jpg,Google Open Images / Flickr Contributor,CC BY 2.0,https://creativecommons.org/licenses/by/2.0/,agri_tools_equipment
SRC-02,Google Open Images V7,https://openimages.github.io/v7/validation/SRC-02_agri_tools_equipment_a2ef7b19d713.jpg,Google Open Images / Flickr Contributor,CC BY 2.0,https://creativecommons.org/licenses/by/2.0/,agri_tools_equipment
SRC-02,Google Open Images V7,https://openimages.github.io/v7/validation/SRC-02_agri_tools_equipment_a739f0677e80.jpg,Google Open Images / Flickr Contributor,CC BY 2.0,https://creativecommons.org/licenses/by/2.0/,agri_tools_equipment
SRC-02,Google Open Images V7,https://openimages.github.io/v7/validation/SRC-02_agri_tools_equipment_ab99204e6939.jpg,Google Open Images / Flickr Contributor,CC BY 2.0,https://creativecommons.org/licenses/by/2.0/,agri_tools_equipment
SRC-02,Google Open Images V7,https://openimages.github.io/v7/validation/SRC-02_agri_tools_equipment_aba89af8f99a.jpg,Google Open Images / Flickr Contributor,CC BY 2.0,https://creativecommons.org/licenses/by/2.0/,agri_tools_equipment
SRC-02,Google Open Images V7,https://openimages.github.io/v7/validation/SRC-02_agri_tools_equipment_b5ef8743bcc1.jpg,Google Open Images / Flickr Contributor,CC BY 2.0,https://creativecommons.org/licenses/by/2.0/,agri_tools_equipment
SRC-02,Google Open Images V7,https://openimages.github.io/v7/validation/SRC-02_agri_tools_equipment_b7f12a971252.jpg,Google Open Images / Flickr Contributor,CC BY 2.0,https://creativecommons.org/licenses/by/2.0/,agri_tools_equipment
SRC-02,Google Open Images V7,https://openimages.github.io/v7/validation/SRC-02_agri_tools_equipment_b94cc3aca7d9.jpg,Google Open Images / Flickr Contributor,CC BY 2.0,https://creativecommons.org/licenses/by/2.0/,agri_tools_equipment
SRC-02,Google Open Images V7,https://openimages.github.io/v7/validation/SRC-02_agri_tools_equipment_c24af65dd924.jpg,Google Open Images / Flickr Contributor,CC BY 2.0,https://creativecommons.org/licenses/by/2.0/,agri_tools_equipment
SRC-02,Google Open Images V7,https://openimages.github.io/v7/validation/SRC-02_agri_tools_equipment_c6ad05669a58.jpg,Google Open Images / Flickr Contributor,CC BY 2.0,https://creativecommons.org/licenses/by/2.0/,agri_tools_equipment
SRC-02,Google Open Images V7,https://openimages.github.io/v7/validation/SRC-02_agri_tools_equipment_d7d1491c3b74.jpg,Google Open Images / Flickr Contributor,CC BY 2.0,https://creativecommons.org/licenses/by/2.0/,agri_tools_equipment
SRC-02,Google Open Images V7,https://openimages.github.io/v7/validation/SRC-02_agri_tools_equipment_d8fa5fd6334b.jpg,Google Open Images / Flickr Contributor,CC BY 2.0,https://creativecommons.org/licenses/by/2.0/,agri_tools_equipment
SRC-02,Google Open Images V7,https://openimages.github.io/v7/validation/SRC-02_agri_tools_equipment_db13889b783d.jpg,Google Open Images / Flickr Contributor,CC BY 2.0,https://creativecommons.org/licenses/by/2.0/,agri_tools_equipment
SRC-02,Google Open Images V7,https://openimages.github.io/v7/validation/SRC-02_agri_tools_equipment_e138d8a320c4.jpg,Google Open Images / Flickr Contributor,CC BY 2.0,https://creativecommons.org/licenses/by/2.0/,agri_tools_equipment
SRC-02,Google Open Images V7,https://openimages.github.io/v7/validation/SRC-02_agri_tools_equipment_e51dc7bc2c83.jpg,Google Open Images / Flickr Contributor,CC BY 2.0,https://creativecommons.org/licenses/by/2.0/,agri_tools_equipment
SRC-02,Google Open Images V7,https://openimages.github.io/v7/validation/SRC-02_agri_tools_equipment_e5a1cd57ad8e.jpg,Google Open Images / Flickr Contributor,CC BY 2.0,https://creativecommons.org/licenses/by/2.0/,agri_tools_equipment
SRC-02,Google Open Images V7,https://openimages.github.io/v7/validation/SRC-02_agri_tools_equipment_ea334518960b.jpg,Google Open Images / Flickr Contributor,CC BY 2.0,https://creativecommons.org/licenses/by/2.0/,agri_tools_equipment
SRC-02,Google Open Images V7,https://openimages.github.io/v7/validation/SRC-02_agri_tools_equipment_ea78e30063f1.jpg,Google Open Images / Flickr Contributor,CC BY 2.0,https://creativecommons.org/licenses/by/2.0/,agri_tools_equipment
SRC-02,Google Open Images V7,https://openimages.github.io/v7/validation/SRC-02_agri_tools_equipment_f6ec83a798c2.jpg,Google Open Images / Flickr Contributor,CC BY 2.0,https://creativecommons.org/licenses/by/2.0/,agri_tools_equipment
SRC-02,Google Open Images V7,https://openimages.github.io/v7/validation/SRC-02_agri_tools_equipment_fc576b873e00.jpg,Google Open Images / Flickr Contributor,CC BY 2.0,https://creativecommons.org/licenses/by/2.0/,agri_tools_equipment
SRC-02,Google Open Images V7,https://openimages.github.io/v7/validation/SRC-02_buildings_structures_008f05446dd9.jpg,Google Open Images / Flickr Contributor,CC BY 2.0,https://creativecommons.org/licenses/by/2.0/,buildings_structures
SRC-02,Google Open Images V7,https://openimages.github.io/v7/validation/SRC-02_buildings_structures_056cbe88c446.jpg,Google Open Images / Flickr Contributor,CC BY 2.0,https://creativecommons.org/licenses/by/2.0/,buildings_structures
SRC-02,Google Open Images V7,https://openimages.github.io/v7/validation/SRC-02_buildings_structures_065660f70f58.jpg,Google Open Images / Flickr Contributor,CC BY 2.0,https://creativecommons.org/licenses/by/2.0/,buildings_structures
SRC-02,Google Open Images V7,https://openimages.github.io/v7/validation/SRC-02_buildings_structures_06d7dcc22160.jpg,Google Open Images / Flickr Contributor,CC BY 2.0,https://creativecommons.org/licenses/by/2.0/,buildings_structures
SRC-02,Google Open Images V7,https://openimages.github.io/v7/validation/SRC-02_buildings_structures_1733fb6e8bb4.jpg,Google Open Images / Flickr Contributor,CC BY 2.0,https://creativecommons.org/licenses/by/2.0/,buildings_structures
SRC-02,Google Open Images V7,https://openimages.github.io/v7/validation/SRC-02_buildings_structures_1e1a7f9f2c50.jpg,Google Open Images / Flickr Contributor,CC BY 2.0,https://creativecommons.org/licenses/by/2.0/,buildings_structures
SRC-02,Google Open Images V7,https://openimages.github.io/v7/validation/SRC-02_buildings_structures_206ee9150c1f.jpg,Google Open Images / Flickr Contributor,CC BY 2.0,https://creativecommons.org/licenses/by/2.0/,buildings_structures
SRC-02,Google Open Images V7,https://openimages.github.io/v7/validation/SRC-02_buildings_structures_2282ae25004b.jpg,Google Open Images / Flickr Contributor,CC BY 2.0,https://creativecommons.org/licenses/by/2.0/,buildings_structures
SRC-02,Google Open Images V7,https://openimages.github.io/v7/validation/SRC-02_buildings_structures_22cd15365919.jpg,Google Open Images / Flickr Contributor,CC BY 2.0,https://creativecommons.org/licenses/by/2.0/,buildings_structures
SRC-02,Google Open Images V7,https://openimages.github.io/v7/validation/SRC-02_buildings_structures_231b967283bb.jpg,Google Open Images / Flickr Contributor,CC BY 2.0,https://creativecommons.org/licenses/by/2.0/,buildings_structures
SRC-02,Google Open Images V7,https://openimages.github.io/v7/validation/SRC-02_buildings_structures_244a9a332a72.jpg,Google Open Images / Flickr Contributor,CC BY 2.0,https://creativecommons.org/licenses/by/2.0/,buildings_structures
SRC-02,Google Open Images V7,https://openimages.github.io/v7/validation/SRC-02_buildings_structures_26b88f341d07.jpg,Google Open Images / Flickr Contributor,CC BY 2.0,https://creativecommons.org/licenses/by/2.0/,buildings_structures
SRC-02,Google Open Images V7,https://openimages.github.io/v7/validation/SRC-02_buildings_structures_27c1beccd1db.jpg,Google Open Images / Flickr Contributor,CC BY 2.0,https://creativecommons.org/licenses/by/2.0/,buildings_structures
SRC-02,Google Open Images V7,https://openimages.github.io/v7/validation/SRC-02_buildings_structures_2abc92ed9b9b.jpg,Google Open Images / Flickr Contributor,CC BY 2.0,https://creativecommons.org/licenses/by/2.0/,buildings_structures
SRC-02,Google Open Images V7,https://openimages.github.io/v7/validation/SRC-02_buildings_structures_2c4fedf23a82.jpg,Google Open Images / Flickr Contributor,CC BY 2.0,https://creativecommons.org/licenses/by/2.0/,buildings_structures
SRC-02,Google Open Images V7,https://openimages.github.io/v7/validation/SRC-02_buildings_structures_2cc1c5dc9808.jpg,Google Open Images / Flickr Contributor,CC BY 2.0,https://creativecommons.org/licenses/by/2.0/,buildings_structures
SRC-02,Google Open Images V7,https://openimages.github.io/v7/validation/SRC-02_buildings_structures_2eabb4984c31.jpg,Google Open Images / Flickr Contributor,CC BY 2.0,https://creativecommons.org/licenses/by/2.0/,buildings_structures
SRC-02,Google Open Images V7,https://openimages.github.io/v7/validation/SRC-02_buildings_structures_2f3700296f1f.jpg,Google Open Images / Flickr Contributor,CC BY 2.0,https://creativecommons.org/licenses/by/2.0/,buildings_structures
SRC-02,Google Open Images V7,https://openimages.github.io/v7/validation/SRC-02_buildings_structures_312323025130.jpg,Google Open Images / Flickr Contributor,CC BY 2.0,https://creativecommons.org/licenses/by/2.0/,buildings_structures
SRC-02,Google Open Images V7,https://openimages.github.io/v7/validation/SRC-02_buildings_structures_324126b9b147.jpg,Google Open Images / Flickr Contributor,CC BY 2.0,https://creativecommons.org/licenses/by/2.0/,buildings_structures
SRC-02,Google Open Images V7,https://openimages.github.io/v7/validation/SRC-02_buildings_structures_32457080ad79.jpg,Google Open Images / Flickr Contributor,CC BY 2.0,https://creativecommons.org/licenses/by/2.0/,buildings_structures
SRC-02,Google Open Images V7,https://openimages.github.io/v7/validation/SRC-02_buildings_structures_3874ae607e7d.jpg,Google Open Images / Flickr Contributor,CC BY 2.0,https://creativecommons.org/licenses/by/2.0/,buildings_structures
SRC-02,Google Open Images V7,https://openimages.github.io/v7/validation/SRC-02_buildings_structures_3b28a1cbdfc7.jpg,Google Open Images / Flickr Contributor,CC BY 2.0,https://creativecommons.org/licenses/by/2.0/,buildings_structures
SRC-02,Google Open Images V7,https://openimages.github.io/v7/validation/SRC-02_buildings_structures_3cc505d52783.jpg,Google Open Images / Flickr Contributor,CC BY 2.0,https://creativecommons.org/licenses/by/2.0/,buildings_structures
SRC-02,Google Open Images V7,https://openimages.github.io/v7/validation/SRC-02_buildings_structures_41e4852cd90e.jpg,Google Open Images / Flickr Contributor,CC BY 2.0,https://creativecommons.org/licenses/by/2.0/,buildings_structures
SRC-02,Google Open Images V7,https://openimages.github.io/v7/validation/SRC-02_buildings_structures_4b50c0cdfe04.jpg,Google Open Images / Flickr Contributor,CC BY 2.0,https://creativecommons.org/licenses/by/2.0/,buildings_structures
SRC-02,Google Open Images V7,https://openimages.github.io/v7/validation/SRC-02_buildings_structures_4bf43b2faa6e.jpg,Google Open Images / Flickr Contributor,CC BY 2.0,https://creativecommons.org/licenses/by/2.0/,buildings_structures
SRC-02,Google Open Images V7,https://openimages.github.io/v7/validation/SRC-02_buildings_structures_52691fcf5043.jpg,Google Open Images / Flickr Contributor,CC BY 2.0,https://creativecommons.org/licenses/by/2.0/,buildings_structures
SRC-02,Google Open Images V7,https://openimages.github.io/v7/validation/SRC-02_buildings_structures_557c026ecba8.jpg,Google Open Images / Flickr Contributor,CC BY 2.0,https://creativecommons.org/licenses/by/2.0/,buildings_structures
SRC-02,Google Open Images V7,https://openimages.github.io/v7/validation/SRC-02_buildings_structures_5c350068a8f9.jpg,Google Open Images / Flickr Contributor,CC BY 2.0,https://creativecommons.org/licenses/by/2.0/,buildings_structures
SRC-02,Google Open Images V7,https://openimages.github.io/v7/validation/SRC-02_buildings_structures_5ce57cd1f2e2.jpg,Google Open Images / Flickr Contributor,CC BY 2.0,https://creativecommons.org/licenses/by/2.0/,buildings_structures
SRC-02,Google Open Images V7,https://openimages.github.io/v7/validation/SRC-02_buildings_structures_5e4b60bbd418.jpg,Google Open Images / Flickr Contributor,CC BY 2.0,https://creativecommons.org/licenses/by/2.0/,buildings_structures
SRC-02,Google Open Images V7,https://openimages.github.io/v7/validation/SRC-02_buildings_structures_5f544359fc0d.jpg,Google Open Images / Flickr Contributor,CC BY 2.0,https://creativecommons.org/licenses/by/2.0/,buildings_structures
SRC-02,Google Open Images V7,https://openimages.github.io/v7/validation/SRC-02_buildings_structures_60e59b23b835.jpg,Google Open Images / Flickr Contributor,CC BY 2.0,https://creativecommons.org/licenses/by/2.0/,buildings_structures
SRC-02,Google Open Images V7,https://openimages.github.io/v7/validation/SRC-02_buildings_structures_61b80f8ec9ce.jpg,Google Open Images / Flickr Contributor,CC BY 2.0,https://creativecommons.org/licenses/by/2.0/,buildings_structures
SRC-02,Google Open Images V7,https://openimages.github.io/v7/validation/SRC-02_buildings_structures_656adcd00ee1.jpg,Google Open Images / Flickr Contributor,CC BY 2.0,https://creativecommons.org/licenses/by/2.0/,buildings_structures
SRC-02,Google Open Images V7,https://openimages.github.io/v7/validation/SRC-02_buildings_structures_66b56a71cb33.jpg,Google Open Images / Flickr Contributor,CC BY 2.0,https://creativecommons.org/licenses/by/2.0/,buildings_structures
SRC-02,Google Open Images V7,https://openimages.github.io/v7/validation/SRC-02_buildings_structures_6f4b0d870b4d.jpg,Google Open Images / Flickr Contributor,CC BY 2.0,https://creativecommons.org/licenses/by/2.0/,buildings_structures
SRC-02,Google Open Images V7,https://openimages.github.io/v7/validation/SRC-02_buildings_structures_716baae71832.jpg,Google Open Images / Flickr Contributor,CC BY 2.0,https://creativecommons.org/licenses/by/2.0/,buildings_structures
SRC-02,Google Open Images V7,https://openimages.github.io/v7/validation/SRC-02_buildings_structures_778b9b04b462.jpg,Google Open Images / Flickr Contributor,CC BY 2.0,https://creativecommons.org/licenses/by/2.0/,buildings_structures
SRC-02,Google Open Images V7,https://openimages.github.io/v7/validation/SRC-02_buildings_structures_7970f89909a1.jpg,Google Open Images / Flickr Contributor,CC BY 2.0,https://creativecommons.org/licenses/by/2.0/,buildings_structures
SRC-02,Google Open Images V7,https://openimages.github.io/v7/validation/SRC-02_buildings_structures_7acbb51e33ea.jpg,Google Open Images / Flickr Contributor,CC BY 2.0,https://creativecommons.org/licenses/by/2.0/,buildings_structures
SRC-02,Google Open Images V7,https://openimages.github.io/v7/validation/SRC-02_buildings_structures_82af0f2a43a1.jpg,Google Open Images / Flickr Contributor,CC BY 2.0,https://creativecommons.org/licenses/by/2.0/,buildings_structures
SRC-02,Google Open Images V7,https://openimages.github.io/v7/validation/SRC-02_buildings_structures_84ebcdb4ac58.jpg,Google Open Images / Flickr Contributor,CC BY 2.0,https://creativecommons.org/licenses/by/2.0/,buildings_structures
SRC-02,Google Open Images V7,https://openimages.github.io/v7/validation/SRC-02_buildings_structures_8d68b9a43738.jpg,Google Open Images / Flickr Contributor,CC BY 2.0,https://creativecommons.org/licenses/by/2.0/,buildings_structures
SRC-02,Google Open Images V7,https://openimages.github.io/v7/validation/SRC-02_buildings_structures_8f616311e5ed.jpg,Google Open Images / Flickr Contributor,CC BY 2.0,https://creativecommons.org/licenses/by/2.0/,buildings_structures
SRC-02,Google Open Images V7,https://openimages.github.io/v7/validation/SRC-02_buildings_structures_902140411fe9.jpg,Google Open Images / Flickr Contributor,CC BY 2.0,https://creativecommons.org/licenses/by/2.0/,buildings_structures
SRC-02,Google Open Images V7,https://openimages.github.io/v7/validation/SRC-02_buildings_structures_93885424ae5a.jpg,Google Open Images / Flickr Contributor,CC BY 2.0,https://creativecommons.org/licenses/by/2.0/,buildings_structures
SRC-02,Google Open Images V7,https://openimages.github.io/v7/validation/SRC-02_buildings_structures_97931b2bfbc2.jpg,Google Open Images / Flickr Contributor,CC BY 2.0,https://creativecommons.org/licenses/by/2.0/,buildings_structures
SRC-02,Google Open Images V7,https://openimages.github.io/v7/validation/SRC-02_buildings_structures_9adf8302a420.jpg,Google Open Images / Flickr Contributor,CC BY 2.0,https://creativecommons.org/licenses/by/2.0/,buildings_structures
SRC-02,Google Open Images V7,https://openimages.github.io/v7/validation/SRC-02_buildings_structures_9db91b9854b3.jpg,Google Open Images / Flickr Contributor,CC BY 2.0,https://creativecommons.org/licenses/by/2.0/,buildings_structures
SRC-02,Google Open Images V7,https://openimages.github.io/v7/validation/SRC-02_buildings_structures_9e3c2685aa84.jpg,Google Open Images / Flickr Contributor,CC BY 2.0,https://creativecommons.org/licenses/by/2.0/,buildings_structures
SRC-02,Google Open Images V7,https://openimages.github.io/v7/validation/SRC-02_buildings_structures_9f93f58f8859.jpg,Google Open Images / Flickr Contributor,CC BY 2.0,https://creativecommons.org/licenses/by/2.0/,buildings_structures
SRC-02,Google Open Images V7,https://openimages.github.io/v7/validation/SRC-02_buildings_structures_a5c4b423c913.jpg,Google Open Images / Flickr Contributor,CC BY 2.0,https://creativecommons.org/licenses/by/2.0/,buildings_structures
SRC-02,Google Open Images V7,https://openimages.github.io/v7/validation/SRC-02_buildings_structures_a73d70939744.jpg,Google Open Images / Flickr Contributor,CC BY 2.0,https://creativecommons.org/licenses/by/2.0/,buildings_structures
SRC-02,Google Open Images V7,https://openimages.github.io/v7/validation/SRC-02_buildings_structures_a8892dfb09a7.jpg,Google Open Images / Flickr Contributor,CC BY 2.0,https://creativecommons.org/licenses/by/2.0/,buildings_structures
SRC-02,Google Open Images V7,https://openimages.github.io/v7/validation/SRC-02_buildings_structures_a926b3cddfd8.jpg,Google Open Images / Flickr Contributor,CC BY 2.0,https://creativecommons.org/licenses/by/2.0/,buildings_structures
SRC-02,Google Open Images V7,https://openimages.github.io/v7/validation/SRC-02_buildings_structures_abeb80ddb433.jpg,Google Open Images / Flickr Contributor,CC BY 2.0,https://creativecommons.org/licenses/by/2.0/,buildings_structures
SRC-02,Google Open Images V7,https://openimages.github.io/v7/validation/SRC-02_buildings_structures_ad3f64d4926d.jpg,Google Open Images / Flickr Contributor,CC BY 2.0,https://creativecommons.org/licenses/by/2.0/,buildings_structures
SRC-02,Google Open Images V7,https://openimages.github.io/v7/validation/SRC-02_buildings_structures_ad66e49a14e6.jpg,Google Open Images / Flickr Contributor,CC BY 2.0,https://creativecommons.org/licenses/by/2.0/,buildings_structures
SRC-02,Google Open Images V7,https://openimages.github.io/v7/validation/SRC-02_buildings_structures_afa417cb5bd1.jpg,Google Open Images / Flickr Contributor,CC BY 2.0,https://creativecommons.org/licenses/by/2.0/,buildings_structures
SRC-02,Google Open Images V7,https://openimages.github.io/v7/validation/SRC-02_buildings_structures_b42522a5fa00.jpg,Google Open Images / Flickr Contributor,CC BY 2.0,https://creativecommons.org/licenses/by/2.0/,buildings_structures
SRC-02,Google Open Images V7,https://openimages.github.io/v7/validation/SRC-02_buildings_structures_b885a2dc5a7f.jpg,Google Open Images / Flickr Contributor,CC BY 2.0,https://creativecommons.org/licenses/by/2.0/,buildings_structures
SRC-02,Google Open Images V7,https://openimages.github.io/v7/validation/SRC-02_buildings_structures_b8a2def145d5.jpg,Google Open Images / Flickr Contributor,CC BY 2.0,https://creativecommons.org/licenses/by/2.0/,buildings_structures
SRC-02,Google Open Images V7,https://openimages.github.io/v7/validation/SRC-02_buildings_structures_bd81653a611e.jpg,Google Open Images / Flickr Contributor,CC BY 2.0,https://creativecommons.org/licenses/by/2.0/,buildings_structures
SRC-02,Google Open Images V7,https://openimages.github.io/v7/validation/SRC-02_buildings_structures_bfa514818d2e.jpg,Google Open Images / Flickr Contributor,CC BY 2.0,https://creativecommons.org/licenses/by/2.0/,buildings_structures
SRC-02,Google Open Images V7,https://openimages.github.io/v7/validation/SRC-02_buildings_structures_c79c01beb0c7.jpg,Google Open Images / Flickr Contributor,CC BY 2.0,https://creativecommons.org/licenses/by/2.0/,buildings_structures
SRC-02,Google Open Images V7,https://openimages.github.io/v7/validation/SRC-02_buildings_structures_cc25962611bf.jpg,Google Open Images / Flickr Contributor,CC BY 2.0,https://creativecommons.org/licenses/by/2.0/,buildings_structures
SRC-02,Google Open Images V7,https://openimages.github.io/v7/validation/SRC-02_buildings_structures_ce1ff28b4a9c.jpg,Google Open Images / Flickr Contributor,CC BY 2.0,https://creativecommons.org/licenses/by/2.0/,buildings_structures
SRC-02,Google Open Images V7,https://openimages.github.io/v7/validation/SRC-02_buildings_structures_d322e08baaf0.jpg,Google Open Images / Flickr Contributor,CC BY 2.0,https://creativecommons.org/licenses/by/2.0/,buildings_structures
SRC-02,Google Open Images V7,https://openimages.github.io/v7/validation/SRC-02_buildings_structures_d4c90be09f5f.jpg,Google Open Images / Flickr Contributor,CC BY 2.0,https://creativecommons.org/licenses/by/2.0/,buildings_structures
SRC-02,Google Open Images V7,https://openimages.github.io/v7/validation/SRC-02_buildings_structures_d5fbc8b26cde.jpg,Google Open Images / Flickr Contributor,CC BY 2.0,https://creativecommons.org/licenses/by/2.0/,buildings_structures
SRC-02,Google Open Images V7,https://openimages.github.io/v7/validation/SRC-02_buildings_structures_d7550beb0e26.jpg,Google Open Images / Flickr Contributor,CC BY 2.0,https://creativecommons.org/licenses/by/2.0/,buildings_structures
SRC-02,Google Open Images V7,https://openimages.github.io/v7/validation/SRC-02_buildings_structures_d837f79532e9.jpg,Google Open Images / Flickr Contributor,CC BY 2.0,https://creativecommons.org/licenses/by/2.0/,buildings_structures
SRC-02,Google Open Images V7,https://openimages.github.io/v7/validation/SRC-02_buildings_structures_dc8d125df725.jpg,Google Open Images / Flickr Contributor,CC BY 2.0,https://creativecommons.org/licenses/by/2.0/,buildings_structures
SRC-02,Google Open Images V7,https://openimages.github.io/v7/validation/SRC-02_buildings_structures_de8e6e8a0d53.jpg,Google Open Images / Flickr Contributor,CC BY 2.0,https://creativecommons.org/licenses/by/2.0/,buildings_structures
SRC-02,Google Open Images V7,https://openimages.github.io/v7/validation/SRC-02_buildings_structures_e192f7558f5d.jpg,Google Open Images / Flickr Contributor,CC BY 2.0,https://creativecommons.org/licenses/by/2.0/,buildings_structures
SRC-02,Google Open Images V7,https://openimages.github.io/v7/validation/SRC-02_buildings_structures_e89233093686.jpg,Google Open Images / Flickr Contributor,CC BY 2.0,https://creativecommons.org/licenses/by/2.0/,buildings_structures
SRC-02,Google Open Images V7,https://openimages.github.io/v7/validation/SRC-02_buildings_structures_e98b1334e1d6.jpg,Google Open Images / Flickr Contributor,CC BY 2.0,https://creativecommons.org/licenses/by/2.0/,buildings_structures
SRC-02,Google Open Images V7,https://openimages.github.io/v7/validation/SRC-02_buildings_structures_f0ffb7970512.jpg,Google Open Images / Flickr Contributor,CC BY 2.0,https://creativecommons.org/licenses/by/2.0/,buildings_structures
SRC-02,Google Open Images V7,https://openimages.github.io/v7/validation/SRC-02_human_hands_apparel_01f0c5d172c3.jpg,Google Open Images / Flickr Contributor,CC BY 2.0,https://creativecommons.org/licenses/by/2.0/,human_hands_apparel
SRC-02,Google Open Images V7,https://openimages.github.io/v7/validation/SRC-02_human_hands_apparel_04914d8d7250.jpg,Google Open Images / Flickr Contributor,CC BY 2.0,https://creativecommons.org/licenses/by/2.0/,human_hands_apparel
SRC-02,Google Open Images V7,https://openimages.github.io/v7/validation/SRC-02_human_hands_apparel_04a0d4a0bbab.jpg,Google Open Images / Flickr Contributor,CC BY 2.0,https://creativecommons.org/licenses/by/2.0/,human_hands_apparel
SRC-02,Google Open Images V7,https://openimages.github.io/v7/validation/SRC-02_human_hands_apparel_063bec341565.jpg,Google Open Images / Flickr Contributor,CC BY 2.0,https://creativecommons.org/licenses/by/2.0/,human_hands_apparel
SRC-02,Google Open Images V7,https://openimages.github.io/v7/validation/SRC-02_human_hands_apparel_070cc8431628.jpg,Google Open Images / Flickr Contributor,CC BY 2.0,https://creativecommons.org/licenses/by/2.0/,human_hands_apparel
SRC-02,Google Open Images V7,https://openimages.github.io/v7/validation/SRC-02_human_hands_apparel_0814ccd86ad8.jpg,Google Open Images / Flickr Contributor,CC BY 2.0,https://creativecommons.org/licenses/by/2.0/,human_hands_apparel
SRC-02,Google Open Images V7,https://openimages.github.io/v7/validation/SRC-02_human_hands_apparel_08168c6d4889.jpg,Google Open Images / Flickr Contributor,CC BY 2.0,https://creativecommons.org/licenses/by/2.0/,human_hands_apparel
SRC-02,Google Open Images V7,https://openimages.github.io/v7/validation/SRC-02_human_hands_apparel_0a150a3255fa.jpg,Google Open Images / Flickr Contributor,CC BY 2.0,https://creativecommons.org/licenses/by/2.0/,human_hands_apparel
SRC-02,Google Open Images V7,https://openimages.github.io/v7/validation/SRC-02_human_hands_apparel_0b0a09ed8068.jpg,Google Open Images / Flickr Contributor,CC BY 2.0,https://creativecommons.org/licenses/by/2.0/,human_hands_apparel
SRC-02,Google Open Images V7,https://openimages.github.io/v7/validation/SRC-02_human_hands_apparel_0b42a0efdcb5.jpg,Google Open Images / Flickr Contributor,CC BY 2.0,https://creativecommons.org/licenses/by/2.0/,human_hands_apparel
SRC-02,Google Open Images V7,https://openimages.github.io/v7/validation/SRC-02_human_hands_apparel_0bcf47b72664.jpg,Google Open Images / Flickr Contributor,CC BY 2.0,https://creativecommons.org/licenses/by/2.0/,human_hands_apparel
SRC-02,Google Open Images V7,https://openimages.github.io/v7/validation/SRC-02_human_hands_apparel_0c2ad7051e68.jpg,Google Open Images / Flickr Contributor,CC BY 2.0,https://creativecommons.org/licenses/by/2.0/,human_hands_apparel
SRC-02,Google Open Images V7,https://openimages.github.io/v7/validation/SRC-02_human_hands_apparel_0dc1477d32c8.jpg,Google Open Images / Flickr Contributor,CC BY 2.0,https://creativecommons.org/licenses/by/2.0/,human_hands_apparel
SRC-02,Google Open Images V7,https://openimages.github.io/v7/validation/SRC-02_human_hands_apparel_0e4214ad76bf.jpg,Google Open Images / Flickr Contributor,CC BY 2.0,https://creativecommons.org/licenses/by/2.0/,human_hands_apparel
SRC-02,Google Open Images V7,https://openimages.github.io/v7/validation/SRC-02_human_hands_apparel_0e756c4c3cf5.jpg,Google Open Images / Flickr Contributor,CC BY 2.0,https://creativecommons.org/licenses/by/2.0/,human_hands_apparel
SRC-02,Google Open Images V7,https://openimages.github.io/v7/validation/SRC-02_human_hands_apparel_10904e32253b.jpg,Google Open Images / Flickr Contributor,CC BY 2.0,https://creativecommons.org/licenses/by/2.0/,human_hands_apparel
SRC-02,Google Open Images V7,https://openimages.github.io/v7/validation/SRC-02_human_hands_apparel_10bf3c482705.jpg,Google Open Images / Flickr Contributor,CC BY 2.0,https://creativecommons.org/licenses/by/2.0/,human_hands_apparel
SRC-02,Google Open Images V7,https://openimages.github.io/v7/validation/SRC-02_human_hands_apparel_1441b2b9a507.jpg,Google Open Images / Flickr Contributor,CC BY 2.0,https://creativecommons.org/licenses/by/2.0/,human_hands_apparel
SRC-02,Google Open Images V7,https://openimages.github.io/v7/validation/SRC-02_human_hands_apparel_15f0597b1f7e.jpg,Google Open Images / Flickr Contributor,CC BY 2.0,https://creativecommons.org/licenses/by/2.0/,human_hands_apparel
SRC-02,Google Open Images V7,https://openimages.github.io/v7/validation/SRC-02_human_hands_apparel_1649c1f7c34e.jpg,Google Open Images / Flickr Contributor,CC BY 2.0,https://creativecommons.org/licenses/by/2.0/,human_hands_apparel
SRC-02,Google Open Images V7,https://openimages.github.io/v7/validation/SRC-02_human_hands_apparel_17f2612d85b1.jpg,Google Open Images / Flickr Contributor,CC BY 2.0,https://creativecommons.org/licenses/by/2.0/,human_hands_apparel
SRC-02,Google Open Images V7,https://openimages.github.io/v7/validation/SRC-02_human_hands_apparel_1ab43bf578bb.jpg,Google Open Images / Flickr Contributor,CC BY 2.0,https://creativecommons.org/licenses/by/2.0/,human_hands_apparel
SRC-02,Google Open Images V7,https://openimages.github.io/v7/validation/SRC-02_human_hands_apparel_1cf739c83c9d.jpg,Google Open Images / Flickr Contributor,CC BY 2.0,https://creativecommons.org/licenses/by/2.0/,human_hands_apparel
SRC-02,Google Open Images V7,https://openimages.github.io/v7/validation/SRC-02_human_hands_apparel_1d2fbbe55366.jpg,Google Open Images / Flickr Contributor,CC BY 2.0,https://creativecommons.org/licenses/by/2.0/,human_hands_apparel
SRC-02,Google Open Images V7,https://openimages.github.io/v7/validation/SRC-02_human_hands_apparel_2018dab5189f.jpg,Google Open Images / Flickr Contributor,CC BY 2.0,https://creativecommons.org/licenses/by/2.0/,human_hands_apparel
SRC-02,Google Open Images V7,https://openimages.github.io/v7/validation/SRC-02_human_hands_apparel_20c2ce0e5461.jpg,Google Open Images / Flickr Contributor,CC BY 2.0,https://creativecommons.org/licenses/by/2.0/,human_hands_apparel
SRC-02,Google Open Images V7,https://openimages.github.io/v7/validation/SRC-02_human_hands_apparel_21880bd5efb5.jpg,Google Open Images / Flickr Contributor,CC BY 2.0,https://creativecommons.org/licenses/by/2.0/,human_hands_apparel
SRC-02,Google Open Images V7,https://openimages.github.io/v7/validation/SRC-02_human_hands_apparel_21aafc812bc5.jpg,Google Open Images / Flickr Contributor,CC BY 2.0,https://creativecommons.org/licenses/by/2.0/,human_hands_apparel
SRC-02,Google Open Images V7,https://openimages.github.io/v7/validation/SRC-02_human_hands_apparel_244aa35e958b.jpg,Google Open Images / Flickr Contributor,CC BY 2.0,https://creativecommons.org/licenses/by/2.0/,human_hands_apparel
SRC-02,Google Open Images V7,https://openimages.github.io/v7/validation/SRC-02_human_hands_apparel_25da441652e1.jpg,Google Open Images / Flickr Contributor,CC BY 2.0,https://creativecommons.org/licenses/by/2.0/,human_hands_apparel
SRC-02,Google Open Images V7,https://openimages.github.io/v7/validation/SRC-02_human_hands_apparel_272328557452.jpg,Google Open Images / Flickr Contributor,CC BY 2.0,https://creativecommons.org/licenses/by/2.0/,human_hands_apparel
SRC-02,Google Open Images V7,https://openimages.github.io/v7/validation/SRC-02_human_hands_apparel_2986ee1183ef.jpg,Google Open Images / Flickr Contributor,CC BY 2.0,https://creativecommons.org/licenses/by/2.0/,human_hands_apparel
SRC-02,Google Open Images V7,https://openimages.github.io/v7/validation/SRC-02_human_hands_apparel_299d1020d4d7.jpg,Google Open Images / Flickr Contributor,CC BY 2.0,https://creativecommons.org/licenses/by/2.0/,human_hands_apparel
SRC-02,Google Open Images V7,https://openimages.github.io/v7/validation/SRC-02_human_hands_apparel_29b613df2389.jpg,Google Open Images / Flickr Contributor,CC BY 2.0,https://creativecommons.org/licenses/by/2.0/,human_hands_apparel
SRC-02,Google Open Images V7,https://openimages.github.io/v7/validation/SRC-02_human_hands_apparel_2a3f4f978e55.jpg,Google Open Images / Flickr Contributor,CC BY 2.0,https://creativecommons.org/licenses/by/2.0/,human_hands_apparel
SRC-02,Google Open Images V7,https://openimages.github.io/v7/validation/SRC-02_human_hands_apparel_2c9df96f3d4d.jpg,Google Open Images / Flickr Contributor,CC BY 2.0,https://creativecommons.org/licenses/by/2.0/,human_hands_apparel
SRC-02,Google Open Images V7,https://openimages.github.io/v7/validation/SRC-02_human_hands_apparel_2ce8443ea25b.jpg,Google Open Images / Flickr Contributor,CC BY 2.0,https://creativecommons.org/licenses/by/2.0/,human_hands_apparel
SRC-02,Google Open Images V7,https://openimages.github.io/v7/validation/SRC-02_human_hands_apparel_2d4738b94336.jpg,Google Open Images / Flickr Contributor,CC BY 2.0,https://creativecommons.org/licenses/by/2.0/,human_hands_apparel
SRC-02,Google Open Images V7,https://openimages.github.io/v7/validation/SRC-02_human_hands_apparel_2f26b9778837.jpg,Google Open Images / Flickr Contributor,CC BY 2.0,https://creativecommons.org/licenses/by/2.0/,human_hands_apparel
SRC-02,Google Open Images V7,https://openimages.github.io/v7/validation/SRC-02_human_hands_apparel_2f26c5b9571e.jpg,Google Open Images / Flickr Contributor,CC BY 2.0,https://creativecommons.org/licenses/by/2.0/,human_hands_apparel
SRC-02,Google Open Images V7,https://openimages.github.io/v7/validation/SRC-02_human_hands_apparel_2fd081b277c9.jpg,Google Open Images / Flickr Contributor,CC BY 2.0,https://creativecommons.org/licenses/by/2.0/,human_hands_apparel
SRC-02,Google Open Images V7,https://openimages.github.io/v7/validation/SRC-02_human_hands_apparel_303f8fe65296.jpg,Google Open Images / Flickr Contributor,CC BY 2.0,https://creativecommons.org/licenses/by/2.0/,human_hands_apparel
SRC-02,Google Open Images V7,https://openimages.github.io/v7/validation/SRC-02_human_hands_apparel_32f4d4ea107d.jpg,Google Open Images / Flickr Contributor,CC BY 2.0,https://creativecommons.org/licenses/by/2.0/,human_hands_apparel
SRC-02,Google Open Images V7,https://openimages.github.io/v7/validation/SRC-02_human_hands_apparel_34166853682d.jpg,Google Open Images / Flickr Contributor,CC BY 2.0,https://creativecommons.org/licenses/by/2.0/,human_hands_apparel
SRC-02,Google Open Images V7,https://openimages.github.io/v7/validation/SRC-02_human_hands_apparel_34b14c70d65d.jpg,Google Open Images / Flickr Contributor,CC BY 2.0,https://creativecommons.org/licenses/by/2.0/,human_hands_apparel
SRC-02,Google Open Images V7,https://openimages.github.io/v7/validation/SRC-02_human_hands_apparel_36a56640bfa1.jpg,Google Open Images / Flickr Contributor,CC BY 2.0,https://creativecommons.org/licenses/by/2.0/,human_hands_apparel
SRC-02,Google Open Images V7,https://openimages.github.io/v7/validation/SRC-02_human_hands_apparel_3747460f4254.jpg,Google Open Images / Flickr Contributor,CC BY 2.0,https://creativecommons.org/licenses/by/2.0/,human_hands_apparel
SRC-02,Google Open Images V7,https://openimages.github.io/v7/validation/SRC-02_human_hands_apparel_38062e2d5d68.jpg,Google Open Images / Flickr Contributor,CC BY 2.0,https://creativecommons.org/licenses/by/2.0/,human_hands_apparel
SRC-02,Google Open Images V7,https://openimages.github.io/v7/validation/SRC-02_human_hands_apparel_395a18fdd13d.jpg,Google Open Images / Flickr Contributor,CC BY 2.0,https://creativecommons.org/licenses/by/2.0/,human_hands_apparel
SRC-02,Google Open Images V7,https://openimages.github.io/v7/validation/SRC-02_human_hands_apparel_3db5567b7b0c.jpg,Google Open Images / Flickr Contributor,CC BY 2.0,https://creativecommons.org/licenses/by/2.0/,human_hands_apparel
SRC-02,Google Open Images V7,https://openimages.github.io/v7/validation/SRC-02_human_hands_apparel_3f14bc0a1c51.jpg,Google Open Images / Flickr Contributor,CC BY 2.0,https://creativecommons.org/licenses/by/2.0/,human_hands_apparel
SRC-02,Google Open Images V7,https://openimages.github.io/v7/validation/SRC-02_human_hands_apparel_3ff942b88c48.jpg,Google Open Images / Flickr Contributor,CC BY 2.0,https://creativecommons.org/licenses/by/2.0/,human_hands_apparel
SRC-02,Google Open Images V7,https://openimages.github.io/v7/validation/SRC-02_human_hands_apparel_40aad8749a07.jpg,Google Open Images / Flickr Contributor,CC BY 2.0,https://creativecommons.org/licenses/by/2.0/,human_hands_apparel
SRC-02,Google Open Images V7,https://openimages.github.io/v7/validation/SRC-02_human_hands_apparel_4109af1013a6.jpg,Google Open Images / Flickr Contributor,CC BY 2.0,https://creativecommons.org/licenses/by/2.0/,human_hands_apparel
SRC-02,Google Open Images V7,https://openimages.github.io/v7/validation/SRC-02_human_hands_apparel_4163cf8e168f.jpg,Google Open Images / Flickr Contributor,CC BY 2.0,https://creativecommons.org/licenses/by/2.0/,human_hands_apparel
SRC-02,Google Open Images V7,https://openimages.github.io/v7/validation/SRC-02_human_hands_apparel_41d6c80fe186.jpg,Google Open Images / Flickr Contributor,CC BY 2.0,https://creativecommons.org/licenses/by/2.0/,human_hands_apparel
SRC-02,Google Open Images V7,https://openimages.github.io/v7/validation/SRC-02_human_hands_apparel_468de827fb1b.jpg,Google Open Images / Flickr Contributor,CC BY 2.0,https://creativecommons.org/licenses/by/2.0/,human_hands_apparel
SRC-02,Google Open Images V7,https://openimages.github.io/v7/validation/SRC-02_human_hands_apparel_47133561abbc.jpg,Google Open Images / Flickr Contributor,CC BY 2.0,https://creativecommons.org/licenses/by/2.0/,human_hands_apparel
SRC-02,Google Open Images V7,https://openimages.github.io/v7/validation/SRC-02_human_hands_apparel_47621c5cdd0b.jpg,Google Open Images / Flickr Contributor,CC BY 2.0,https://creativecommons.org/licenses/by/2.0/,human_hands_apparel
SRC-02,Google Open Images V7,https://openimages.github.io/v7/validation/SRC-02_human_hands_apparel_478542deb94a.jpg,Google Open Images / Flickr Contributor,CC BY 2.0,https://creativecommons.org/licenses/by/2.0/,human_hands_apparel
SRC-02,Google Open Images V7,https://openimages.github.io/v7/validation/SRC-02_human_hands_apparel_488a4358e8a5.jpg,Google Open Images / Flickr Contributor,CC BY 2.0,https://creativecommons.org/licenses/by/2.0/,human_hands_apparel
SRC-02,Google Open Images V7,https://openimages.github.io/v7/validation/SRC-02_human_hands_apparel_48d8707b11df.jpg,Google Open Images / Flickr Contributor,CC BY 2.0,https://creativecommons.org/licenses/by/2.0/,human_hands_apparel
SRC-02,Google Open Images V7,https://openimages.github.io/v7/validation/SRC-02_human_hands_apparel_49e345ff1128.jpg,Google Open Images / Flickr Contributor,CC BY 2.0,https://creativecommons.org/licenses/by/2.0/,human_hands_apparel
SRC-02,Google Open Images V7,https://openimages.github.io/v7/validation/SRC-02_human_hands_apparel_4a0e09a4c04b.jpg,Google Open Images / Flickr Contributor,CC BY 2.0,https://creativecommons.org/licenses/by/2.0/,human_hands_apparel
SRC-02,Google Open Images V7,https://openimages.github.io/v7/validation/SRC-02_human_hands_apparel_4c17f27f3fa8.jpg,Google Open Images / Flickr Contributor,CC BY 2.0,https://creativecommons.org/licenses/by/2.0/,human_hands_apparel
SRC-02,Google Open Images V7,https://openimages.github.io/v7/validation/SRC-02_human_hands_apparel_4cc6900ac0c5.jpg,Google Open Images / Flickr Contributor,CC BY 2.0,https://creativecommons.org/licenses/by/2.0/,human_hands_apparel
SRC-02,Google Open Images V7,https://openimages.github.io/v7/validation/SRC-02_human_hands_apparel_4cc9256fdc18.jpg,Google Open Images / Flickr Contributor,CC BY 2.0,https://creativecommons.org/licenses/by/2.0/,human_hands_apparel
SRC-02,Google Open Images V7,https://openimages.github.io/v7/validation/SRC-02_human_hands_apparel_4e0fdaaa2b9b.jpg,Google Open Images / Flickr Contributor,CC BY 2.0,https://creativecommons.org/licenses/by/2.0/,human_hands_apparel
SRC-02,Google Open Images V7,https://openimages.github.io/v7/validation/SRC-02_human_hands_apparel_4f1ca47c4a4a.jpg,Google Open Images / Flickr Contributor,CC BY 2.0,https://creativecommons.org/licenses/by/2.0/,human_hands_apparel
SRC-02,Google Open Images V7,https://openimages.github.io/v7/validation/SRC-02_human_hands_apparel_5002bcf1538a.jpg,Google Open Images / Flickr Contributor,CC BY 2.0,https://creativecommons.org/licenses/by/2.0/,human_hands_apparel
SRC-02,Google Open Images V7,https://openimages.github.io/v7/validation/SRC-02_human_hands_apparel_52f5e5f717b6.jpg,Google Open Images / Flickr Contributor,CC BY 2.0,https://creativecommons.org/licenses/by/2.0/,human_hands_apparel
SRC-02,Google Open Images V7,https://openimages.github.io/v7/validation/SRC-02_human_hands_apparel_53fe094f2c49.jpg,Google Open Images / Flickr Contributor,CC BY 2.0,https://creativecommons.org/licenses/by/2.0/,human_hands_apparel
SRC-02,Google Open Images V7,https://openimages.github.io/v7/validation/SRC-02_human_hands_apparel_5635122879c8.jpg,Google Open Images / Flickr Contributor,CC BY 2.0,https://creativecommons.org/licenses/by/2.0/,human_hands_apparel
SRC-02,Google Open Images V7,https://openimages.github.io/v7/validation/SRC-02_human_hands_apparel_5642bd33dba8.jpg,Google Open Images / Flickr Contributor,CC BY 2.0,https://creativecommons.org/licenses/by/2.0/,human_hands_apparel
SRC-02,Google Open Images V7,https://openimages.github.io/v7/validation/SRC-02_human_hands_apparel_588b9973052b.jpg,Google Open Images / Flickr Contributor,CC BY 2.0,https://creativecommons.org/licenses/by/2.0/,human_hands_apparel
SRC-02,Google Open Images V7,https://openimages.github.io/v7/validation/SRC-02_human_hands_apparel_5a549bb352d9.jpg,Google Open Images / Flickr Contributor,CC BY 2.0,https://creativecommons.org/licenses/by/2.0/,human_hands_apparel
SRC-02,Google Open Images V7,https://openimages.github.io/v7/validation/SRC-02_human_hands_apparel_5aaa55d58888.jpg,Google Open Images / Flickr Contributor,CC BY 2.0,https://creativecommons.org/licenses/by/2.0/,human_hands_apparel
SRC-02,Google Open Images V7,https://openimages.github.io/v7/validation/SRC-02_human_hands_apparel_5c8d06b3f3f5.jpg,Google Open Images / Flickr Contributor,CC BY 2.0,https://creativecommons.org/licenses/by/2.0/,human_hands_apparel
SRC-02,Google Open Images V7,https://openimages.github.io/v7/validation/SRC-02_human_hands_apparel_5cf97e03e790.jpg,Google Open Images / Flickr Contributor,CC BY 2.0,https://creativecommons.org/licenses/by/2.0/,human_hands_apparel
SRC-02,Google Open Images V7,https://openimages.github.io/v7/validation/SRC-02_human_hands_apparel_5ea862dbb201.jpg,Google Open Images / Flickr Contributor,CC BY 2.0,https://creativecommons.org/licenses/by/2.0/,human_hands_apparel
SRC-02,Google Open Images V7,https://openimages.github.io/v7/validation/SRC-02_human_hands_apparel_5f0f5ee0b4f7.jpg,Google Open Images / Flickr Contributor,CC BY 2.0,https://creativecommons.org/licenses/by/2.0/,human_hands_apparel
SRC-02,Google Open Images V7,https://openimages.github.io/v7/validation/SRC-02_human_hands_apparel_5f3843498838.jpg,Google Open Images / Flickr Contributor,CC BY 2.0,https://creativecommons.org/licenses/by/2.0/,human_hands_apparel
SRC-02,Google Open Images V7,https://openimages.github.io/v7/validation/SRC-02_human_hands_apparel_60a865257bde.jpg,Google Open Images / Flickr Contributor,CC BY 2.0,https://creativecommons.org/licenses/by/2.0/,human_hands_apparel
SRC-02,Google Open Images V7,https://openimages.github.io/v7/validation/SRC-02_human_hands_apparel_60b84ea18b59.jpg,Google Open Images / Flickr Contributor,CC BY 2.0,https://creativecommons.org/licenses/by/2.0/,human_hands_apparel
SRC-02,Google Open Images V7,https://openimages.github.io/v7/validation/SRC-02_human_hands_apparel_611e73b52857.jpg,Google Open Images / Flickr Contributor,CC BY 2.0,https://creativecommons.org/licenses/by/2.0/,human_hands_apparel
SRC-02,Google Open Images V7,https://openimages.github.io/v7/validation/SRC-02_human_hands_apparel_62de9ce9ecb2.jpg,Google Open Images / Flickr Contributor,CC BY 2.0,https://creativecommons.org/licenses/by/2.0/,human_hands_apparel
SRC-02,Google Open Images V7,https://openimages.github.io/v7/validation/SRC-02_human_hands_apparel_63271fd4d75a.jpg,Google Open Images / Flickr Contributor,CC BY 2.0,https://creativecommons.org/licenses/by/2.0/,human_hands_apparel
SRC-02,Google Open Images V7,https://openimages.github.io/v7/validation/SRC-02_human_hands_apparel_65fcdfec4123.jpg,Google Open Images / Flickr Contributor,CC BY 2.0,https://creativecommons.org/licenses/by/2.0/,human_hands_apparel
SRC-02,Google Open Images V7,https://openimages.github.io/v7/validation/SRC-02_human_hands_apparel_66aa7cef9529.jpg,Google Open Images / Flickr Contributor,CC BY 2.0,https://creativecommons.org/licenses/by/2.0/,human_hands_apparel
SRC-02,Google Open Images V7,https://openimages.github.io/v7/validation/SRC-02_human_hands_apparel_682505f46ce3.jpg,Google Open Images / Flickr Contributor,CC BY 2.0,https://creativecommons.org/licenses/by/2.0/,human_hands_apparel
SRC-02,Google Open Images V7,https://openimages.github.io/v7/validation/SRC-02_human_hands_apparel_69c77ef61b32.jpg,Google Open Images / Flickr Contributor,CC BY 2.0,https://creativecommons.org/licenses/by/2.0/,human_hands_apparel
SRC-02,Google Open Images V7,https://openimages.github.io/v7/validation/SRC-02_human_hands_apparel_69f4838c76b9.jpg,Google Open Images / Flickr Contributor,CC BY 2.0,https://creativecommons.org/licenses/by/2.0/,human_hands_apparel
SRC-02,Google Open Images V7,https://openimages.github.io/v7/validation/SRC-02_human_hands_apparel_6b2308a1894b.jpg,Google Open Images / Flickr Contributor,CC BY 2.0,https://creativecommons.org/licenses/by/2.0/,human_hands_apparel
SRC-02,Google Open Images V7,https://openimages.github.io/v7/validation/SRC-02_human_hands_apparel_6b55cad46e54.jpg,Google Open Images / Flickr Contributor,CC BY 2.0,https://creativecommons.org/licenses/by/2.0/,human_hands_apparel
SRC-02,Google Open Images V7,https://openimages.github.io/v7/validation/SRC-02_human_hands_apparel_6d30b1a1bb11.jpg,Google Open Images / Flickr Contributor,CC BY 2.0,https://creativecommons.org/licenses/by/2.0/,human_hands_apparel
SRC-02,Google Open Images V7,https://openimages.github.io/v7/validation/SRC-02_human_hands_apparel_6e53c0428fd8.jpg,Google Open Images / Flickr Contributor,CC BY 2.0,https://creativecommons.org/licenses/by/2.0/,human_hands_apparel
SRC-02,Google Open Images V7,https://openimages.github.io/v7/validation/SRC-02_human_hands_apparel_6e9cff5584ab.jpg,Google Open Images / Flickr Contributor,CC BY 2.0,https://creativecommons.org/licenses/by/2.0/,human_hands_apparel
SRC-02,Google Open Images V7,https://openimages.github.io/v7/validation/SRC-02_human_hands_apparel_6ea9370ccadc.jpg,Google Open Images / Flickr Contributor,CC BY 2.0,https://creativecommons.org/licenses/by/2.0/,human_hands_apparel
SRC-02,Google Open Images V7,https://openimages.github.io/v7/validation/SRC-02_human_hands_apparel_70613edc8e72.jpg,Google Open Images / Flickr Contributor,CC BY 2.0,https://creativecommons.org/licenses/by/2.0/,human_hands_apparel
SRC-02,Google Open Images V7,https://openimages.github.io/v7/validation/SRC-02_human_hands_apparel_721dcf5dc09f.jpg,Google Open Images / Flickr Contributor,CC BY 2.0,https://creativecommons.org/licenses/by/2.0/,human_hands_apparel
SRC-02,Google Open Images V7,https://openimages.github.io/v7/validation/SRC-02_human_hands_apparel_73e61708f639.jpg,Google Open Images / Flickr Contributor,CC BY 2.0,https://creativecommons.org/licenses/by/2.0/,human_hands_apparel
SRC-02,Google Open Images V7,https://openimages.github.io/v7/validation/SRC-02_human_hands_apparel_74ff0f778c48.jpg,Google Open Images / Flickr Contributor,CC BY 2.0,https://creativecommons.org/licenses/by/2.0/,human_hands_apparel
SRC-02,Google Open Images V7,https://openimages.github.io/v7/validation/SRC-02_human_hands_apparel_7729a7b0cb88.jpg,Google Open Images / Flickr Contributor,CC BY 2.0,https://creativecommons.org/licenses/by/2.0/,human_hands_apparel
SRC-02,Google Open Images V7,https://openimages.github.io/v7/validation/SRC-02_human_hands_apparel_77a389f8f90e.jpg,Google Open Images / Flickr Contributor,CC BY 2.0,https://creativecommons.org/licenses/by/2.0/,human_hands_apparel
SRC-02,Google Open Images V7,https://openimages.github.io/v7/validation/SRC-02_human_hands_apparel_78f0207e06b7.jpg,Google Open Images / Flickr Contributor,CC BY 2.0,https://creativecommons.org/licenses/by/2.0/,human_hands_apparel
SRC-02,Google Open Images V7,https://openimages.github.io/v7/validation/SRC-02_human_hands_apparel_7a4c69c639d7.jpg,Google Open Images / Flickr Contributor,CC BY 2.0,https://creativecommons.org/licenses/by/2.0/,human_hands_apparel
SRC-02,Google Open Images V7,https://openimages.github.io/v7/validation/SRC-02_human_hands_apparel_7bf14ca316d3.jpg,Google Open Images / Flickr Contributor,CC BY 2.0,https://creativecommons.org/licenses/by/2.0/,human_hands_apparel
SRC-02,Google Open Images V7,https://openimages.github.io/v7/validation/SRC-02_human_hands_apparel_7db466c28791.jpg,Google Open Images / Flickr Contributor,CC BY 2.0,https://creativecommons.org/licenses/by/2.0/,human_hands_apparel
SRC-02,Google Open Images V7,https://openimages.github.io/v7/validation/SRC-02_human_hands_apparel_7f1f439cd14c.jpg,Google Open Images / Flickr Contributor,CC BY 2.0,https://creativecommons.org/licenses/by/2.0/,human_hands_apparel
SRC-02,Google Open Images V7,https://openimages.github.io/v7/validation/SRC-02_human_hands_apparel_7fef3c320dff.jpg,Google Open Images / Flickr Contributor,CC BY 2.0,https://creativecommons.org/licenses/by/2.0/,human_hands_apparel
SRC-02,Google Open Images V7,https://openimages.github.io/v7/validation/SRC-02_human_hands_apparel_803ac0817301.jpg,Google Open Images / Flickr Contributor,CC BY 2.0,https://creativecommons.org/licenses/by/2.0/,human_hands_apparel
SRC-02,Google Open Images V7,https://openimages.github.io/v7/validation/SRC-02_human_hands_apparel_80d40f1a69aa.jpg,Google Open Images / Flickr Contributor,CC BY 2.0,https://creativecommons.org/licenses/by/2.0/,human_hands_apparel
SRC-02,Google Open Images V7,https://openimages.github.io/v7/validation/SRC-02_human_hands_apparel_81b8e9ff87d3.jpg,Google Open Images / Flickr Contributor,CC BY 2.0,https://creativecommons.org/licenses/by/2.0/,human_hands_apparel
SRC-02,Google Open Images V7,https://openimages.github.io/v7/validation/SRC-02_human_hands_apparel_820a713b9387.jpg,Google Open Images / Flickr Contributor,CC BY 2.0,https://creativecommons.org/licenses/by/2.0/,human_hands_apparel
SRC-02,Google Open Images V7,https://openimages.github.io/v7/validation/SRC-02_human_hands_apparel_8604aa6267c1.jpg,Google Open Images / Flickr Contributor,CC BY 2.0,https://creativecommons.org/licenses/by/2.0/,human_hands_apparel
SRC-02,Google Open Images V7,https://openimages.github.io/v7/validation/SRC-02_human_hands_apparel_864070f07504.jpg,Google Open Images / Flickr Contributor,CC BY 2.0,https://creativecommons.org/licenses/by/2.0/,human_hands_apparel
SRC-02,Google Open Images V7,https://openimages.github.io/v7/validation/SRC-02_human_hands_apparel_864506e75fa3.jpg,Google Open Images / Flickr Contributor,CC BY 2.0,https://creativecommons.org/licenses/by/2.0/,human_hands_apparel
SRC-02,Google Open Images V7,https://openimages.github.io/v7/validation/SRC-02_human_hands_apparel_86f9271eb7e5.jpg,Google Open Images / Flickr Contributor,CC BY 2.0,https://creativecommons.org/licenses/by/2.0/,human_hands_apparel
SRC-02,Google Open Images V7,https://openimages.github.io/v7/validation/SRC-02_human_hands_apparel_890797c9115e.jpg,Google Open Images / Flickr Contributor,CC BY 2.0,https://creativecommons.org/licenses/by/2.0/,human_hands_apparel
SRC-02,Google Open Images V7,https://openimages.github.io/v7/validation/SRC-02_human_hands_apparel_8af1fd54c233.jpg,Google Open Images / Flickr Contributor,CC BY 2.0,https://creativecommons.org/licenses/by/2.0/,human_hands_apparel
SRC-02,Google Open Images V7,https://openimages.github.io/v7/validation/SRC-02_human_hands_apparel_8b75f978a55d.jpg,Google Open Images / Flickr Contributor,CC BY 2.0,https://creativecommons.org/licenses/by/2.0/,human_hands_apparel
SRC-02,Google Open Images V7,https://openimages.github.io/v7/validation/SRC-02_human_hands_apparel_8d9121abfd27.jpg,Google Open Images / Flickr Contributor,CC BY 2.0,https://creativecommons.org/licenses/by/2.0/,human_hands_apparel
SRC-02,Google Open Images V7,https://openimages.github.io/v7/validation/SRC-02_human_hands_apparel_8e74a73383a5.jpg,Google Open Images / Flickr Contributor,CC BY 2.0,https://creativecommons.org/licenses/by/2.0/,human_hands_apparel
SRC-02,Google Open Images V7,https://openimages.github.io/v7/validation/SRC-02_human_hands_apparel_8ecb78988ef2.jpg,Google Open Images / Flickr Contributor,CC BY 2.0,https://creativecommons.org/licenses/by/2.0/,human_hands_apparel
SRC-02,Google Open Images V7,https://openimages.github.io/v7/validation/SRC-02_human_hands_apparel_9172a8833744.jpg,Google Open Images / Flickr Contributor,CC BY 2.0,https://creativecommons.org/licenses/by/2.0/,human_hands_apparel
SRC-02,Google Open Images V7,https://openimages.github.io/v7/validation/SRC-02_human_hands_apparel_939e3a8ec8b0.jpg,Google Open Images / Flickr Contributor,CC BY 2.0,https://creativecommons.org/licenses/by/2.0/,human_hands_apparel
SRC-02,Google Open Images V7,https://openimages.github.io/v7/validation/SRC-02_human_hands_apparel_95fe931d2aa7.jpg,Google Open Images / Flickr Contributor,CC BY 2.0,https://creativecommons.org/licenses/by/2.0/,human_hands_apparel
SRC-02,Google Open Images V7,https://openimages.github.io/v7/validation/SRC-02_human_hands_apparel_971d244c5bf6.jpg,Google Open Images / Flickr Contributor,CC BY 2.0,https://creativecommons.org/licenses/by/2.0/,human_hands_apparel
SRC-02,Google Open Images V7,https://openimages.github.io/v7/validation/SRC-02_human_hands_apparel_9769ecdb25fc.jpg,Google Open Images / Flickr Contributor,CC BY 2.0,https://creativecommons.org/licenses/by/2.0/,human_hands_apparel
SRC-02,Google Open Images V7,https://openimages.github.io/v7/validation/SRC-02_human_hands_apparel_987374ca8e89.jpg,Google Open Images / Flickr Contributor,CC BY 2.0,https://creativecommons.org/licenses/by/2.0/,human_hands_apparel
SRC-02,Google Open Images V7,https://openimages.github.io/v7/validation/SRC-02_human_hands_apparel_9a36a2df7456.jpg,Google Open Images / Flickr Contributor,CC BY 2.0,https://creativecommons.org/licenses/by/2.0/,human_hands_apparel
SRC-02,Google Open Images V7,https://openimages.github.io/v7/validation/SRC-02_human_hands_apparel_9b264964dac4.jpg,Google Open Images / Flickr Contributor,CC BY 2.0,https://creativecommons.org/licenses/by/2.0/,human_hands_apparel
SRC-02,Google Open Images V7,https://openimages.github.io/v7/validation/SRC-02_human_hands_apparel_9b839defd4cb.jpg,Google Open Images / Flickr Contributor,CC BY 2.0,https://creativecommons.org/licenses/by/2.0/,human_hands_apparel
SRC-02,Google Open Images V7,https://openimages.github.io/v7/validation/SRC-02_human_hands_apparel_9d18199e6d57.jpg,Google Open Images / Flickr Contributor,CC BY 2.0,https://creativecommons.org/licenses/by/2.0/,human_hands_apparel
SRC-02,Google Open Images V7,https://openimages.github.io/v7/validation/SRC-02_human_hands_apparel_9e7aa17534cc.jpg,Google Open Images / Flickr Contributor,CC BY 2.0,https://creativecommons.org/licenses/by/2.0/,human_hands_apparel
SRC-02,Google Open Images V7,https://openimages.github.io/v7/validation/SRC-02_human_hands_apparel_9faf17ff9db0.jpg,Google Open Images / Flickr Contributor,CC BY 2.0,https://creativecommons.org/licenses/by/2.0/,human_hands_apparel
SRC-02,Google Open Images V7,https://openimages.github.io/v7/validation/SRC-02_human_hands_apparel_9fe19a130c0b.jpg,Google Open Images / Flickr Contributor,CC BY 2.0,https://creativecommons.org/licenses/by/2.0/,human_hands_apparel
SRC-02,Google Open Images V7,https://openimages.github.io/v7/validation/SRC-02_human_hands_apparel_a0351e76cfee.jpg,Google Open Images / Flickr Contributor,CC BY 2.0,https://creativecommons.org/licenses/by/2.0/,human_hands_apparel
SRC-02,Google Open Images V7,https://openimages.github.io/v7/validation/SRC-02_human_hands_apparel_a1842733654b.jpg,Google Open Images / Flickr Contributor,CC BY 2.0,https://creativecommons.org/licenses/by/2.0/,human_hands_apparel
SRC-02,Google Open Images V7,https://openimages.github.io/v7/validation/SRC-02_human_hands_apparel_a240ce2a31be.jpg,Google Open Images / Flickr Contributor,CC BY 2.0,https://creativecommons.org/licenses/by/2.0/,human_hands_apparel
SRC-02,Google Open Images V7,https://openimages.github.io/v7/validation/SRC-02_human_hands_apparel_a73d63fc6984.jpg,Google Open Images / Flickr Contributor,CC BY 2.0,https://creativecommons.org/licenses/by/2.0/,human_hands_apparel
SRC-02,Google Open Images V7,https://openimages.github.io/v7/validation/SRC-02_human_hands_apparel_a81d59c2ce1c.jpg,Google Open Images / Flickr Contributor,CC BY 2.0,https://creativecommons.org/licenses/by/2.0/,human_hands_apparel
SRC-02,Google Open Images V7,https://openimages.github.io/v7/validation/SRC-02_human_hands_apparel_a8fab39c34fb.jpg,Google Open Images / Flickr Contributor,CC BY 2.0,https://creativecommons.org/licenses/by/2.0/,human_hands_apparel
SRC-02,Google Open Images V7,https://openimages.github.io/v7/validation/SRC-02_human_hands_apparel_a9bed067fb8b.jpg,Google Open Images / Flickr Contributor,CC BY 2.0,https://creativecommons.org/licenses/by/2.0/,human_hands_apparel
SRC-02,Google Open Images V7,https://openimages.github.io/v7/validation/SRC-02_human_hands_apparel_ab0db17ab036.jpg,Google Open Images / Flickr Contributor,CC BY 2.0,https://creativecommons.org/licenses/by/2.0/,human_hands_apparel
SRC-02,Google Open Images V7,https://openimages.github.io/v7/validation/SRC-02_human_hands_apparel_ab6627282229.jpg,Google Open Images / Flickr Contributor,CC BY 2.0,https://creativecommons.org/licenses/by/2.0/,human_hands_apparel
SRC-02,Google Open Images V7,https://openimages.github.io/v7/validation/SRC-02_human_hands_apparel_ac81f8e24522.jpg,Google Open Images / Flickr Contributor,CC BY 2.0,https://creativecommons.org/licenses/by/2.0/,human_hands_apparel
SRC-02,Google Open Images V7,https://openimages.github.io/v7/validation/SRC-02_human_hands_apparel_aca318a6c736.jpg,Google Open Images / Flickr Contributor,CC BY 2.0,https://creativecommons.org/licenses/by/2.0/,human_hands_apparel
SRC-02,Google Open Images V7,https://openimages.github.io/v7/validation/SRC-02_human_hands_apparel_ad9e8651a06b.jpg,Google Open Images / Flickr Contributor,CC BY 2.0,https://creativecommons.org/licenses/by/2.0/,human_hands_apparel
SRC-02,Google Open Images V7,https://openimages.github.io/v7/validation/SRC-02_human_hands_apparel_aefd65737a81.jpg,Google Open Images / Flickr Contributor,CC BY 2.0,https://creativecommons.org/licenses/by/2.0/,human_hands_apparel
SRC-02,Google Open Images V7,https://openimages.github.io/v7/validation/SRC-02_human_hands_apparel_af1884af2047.jpg,Google Open Images / Flickr Contributor,CC BY 2.0,https://creativecommons.org/licenses/by/2.0/,human_hands_apparel
SRC-02,Google Open Images V7,https://openimages.github.io/v7/validation/SRC-02_human_hands_apparel_b291e4ba0b21.jpg,Google Open Images / Flickr Contributor,CC BY 2.0,https://creativecommons.org/licenses/by/2.0/,human_hands_apparel
SRC-02,Google Open Images V7,https://openimages.github.io/v7/validation/SRC-02_human_hands_apparel_b3472b3be70b.jpg,Google Open Images / Flickr Contributor,CC BY 2.0,https://creativecommons.org/licenses/by/2.0/,human_hands_apparel
SRC-02,Google Open Images V7,https://openimages.github.io/v7/validation/SRC-02_human_hands_apparel_b5f7c0a5f800.jpg,Google Open Images / Flickr Contributor,CC BY 2.0,https://creativecommons.org/licenses/by/2.0/,human_hands_apparel
SRC-02,Google Open Images V7,https://openimages.github.io/v7/validation/SRC-02_human_hands_apparel_b84cca01d2be.jpg,Google Open Images / Flickr Contributor,CC BY 2.0,https://creativecommons.org/licenses/by/2.0/,human_hands_apparel
SRC-02,Google Open Images V7,https://openimages.github.io/v7/validation/SRC-02_human_hands_apparel_b9707a1dce1d.jpg,Google Open Images / Flickr Contributor,CC BY 2.0,https://creativecommons.org/licenses/by/2.0/,human_hands_apparel
SRC-02,Google Open Images V7,https://openimages.github.io/v7/validation/SRC-02_human_hands_apparel_b9a584ef8603.jpg,Google Open Images / Flickr Contributor,CC BY 2.0,https://creativecommons.org/licenses/by/2.0/,human_hands_apparel
SRC-02,Google Open Images V7,https://openimages.github.io/v7/validation/SRC-02_human_hands_apparel_b9d7cd0e6148.jpg,Google Open Images / Flickr Contributor,CC BY 2.0,https://creativecommons.org/licenses/by/2.0/,human_hands_apparel
SRC-02,Google Open Images V7,https://openimages.github.io/v7/validation/SRC-02_human_hands_apparel_b9d962cdb819.jpg,Google Open Images / Flickr Contributor,CC BY 2.0,https://creativecommons.org/licenses/by/2.0/,human_hands_apparel
SRC-02,Google Open Images V7,https://openimages.github.io/v7/validation/SRC-02_human_hands_apparel_ba8b93805326.jpg,Google Open Images / Flickr Contributor,CC BY 2.0,https://creativecommons.org/licenses/by/2.0/,human_hands_apparel
SRC-02,Google Open Images V7,https://openimages.github.io/v7/validation/SRC-02_human_hands_apparel_bb08d96c43cb.jpg,Google Open Images / Flickr Contributor,CC BY 2.0,https://creativecommons.org/licenses/by/2.0/,human_hands_apparel
SRC-02,Google Open Images V7,https://openimages.github.io/v7/validation/SRC-02_human_hands_apparel_bb0d3ad53016.jpg,Google Open Images / Flickr Contributor,CC BY 2.0,https://creativecommons.org/licenses/by/2.0/,human_hands_apparel
SRC-02,Google Open Images V7,https://openimages.github.io/v7/validation/SRC-02_human_hands_apparel_bba8755d88e3.jpg,Google Open Images / Flickr Contributor,CC BY 2.0,https://creativecommons.org/licenses/by/2.0/,human_hands_apparel
SRC-02,Google Open Images V7,https://openimages.github.io/v7/validation/SRC-02_human_hands_apparel_bd124c5b88b0.jpg,Google Open Images / Flickr Contributor,CC BY 2.0,https://creativecommons.org/licenses/by/2.0/,human_hands_apparel
SRC-02,Google Open Images V7,https://openimages.github.io/v7/validation/SRC-02_human_hands_apparel_bf777401c551.jpg,Google Open Images / Flickr Contributor,CC BY 2.0,https://creativecommons.org/licenses/by/2.0/,human_hands_apparel
SRC-02,Google Open Images V7,https://openimages.github.io/v7/validation/SRC-02_human_hands_apparel_c1d443bee74d.jpg,Google Open Images / Flickr Contributor,CC BY 2.0,https://creativecommons.org/licenses/by/2.0/,human_hands_apparel
SRC-02,Google Open Images V7,https://openimages.github.io/v7/validation/SRC-02_human_hands_apparel_c1dcd6878ef9.jpg,Google Open Images / Flickr Contributor,CC BY 2.0,https://creativecommons.org/licenses/by/2.0/,human_hands_apparel
SRC-02,Google Open Images V7,https://openimages.github.io/v7/validation/SRC-02_human_hands_apparel_c347aa2cc460.jpg,Google Open Images / Flickr Contributor,CC BY 2.0,https://creativecommons.org/licenses/by/2.0/,human_hands_apparel
SRC-02,Google Open Images V7,https://openimages.github.io/v7/validation/SRC-02_human_hands_apparel_c4c462854480.jpg,Google Open Images / Flickr Contributor,CC BY 2.0,https://creativecommons.org/licenses/by/2.0/,human_hands_apparel
SRC-02,Google Open Images V7,https://openimages.github.io/v7/validation/SRC-02_human_hands_apparel_c5fd1eafa2f0.jpg,Google Open Images / Flickr Contributor,CC BY 2.0,https://creativecommons.org/licenses/by/2.0/,human_hands_apparel
SRC-02,Google Open Images V7,https://openimages.github.io/v7/validation/SRC-02_human_hands_apparel_c9a9b5d01ebd.jpg,Google Open Images / Flickr Contributor,CC BY 2.0,https://creativecommons.org/licenses/by/2.0/,human_hands_apparel
SRC-02,Google Open Images V7,https://openimages.github.io/v7/validation/SRC-02_human_hands_apparel_cb6a0552eda3.jpg,Google Open Images / Flickr Contributor,CC BY 2.0,https://creativecommons.org/licenses/by/2.0/,human_hands_apparel
SRC-02,Google Open Images V7,https://openimages.github.io/v7/validation/SRC-02_human_hands_apparel_cd6988f08dc2.jpg,Google Open Images / Flickr Contributor,CC BY 2.0,https://creativecommons.org/licenses/by/2.0/,human_hands_apparel
SRC-02,Google Open Images V7,https://openimages.github.io/v7/validation/SRC-02_human_hands_apparel_cf1b6ea11bf1.jpg,Google Open Images / Flickr Contributor,CC BY 2.0,https://creativecommons.org/licenses/by/2.0/,human_hands_apparel
SRC-02,Google Open Images V7,https://openimages.github.io/v7/validation/SRC-02_human_hands_apparel_d20bc2a65bce.jpg,Google Open Images / Flickr Contributor,CC BY 2.0,https://creativecommons.org/licenses/by/2.0/,human_hands_apparel
SRC-02,Google Open Images V7,https://openimages.github.io/v7/validation/SRC-02_human_hands_apparel_d2a7e614bc6e.jpg,Google Open Images / Flickr Contributor,CC BY 2.0,https://creativecommons.org/licenses/by/2.0/,human_hands_apparel
SRC-02,Google Open Images V7,https://openimages.github.io/v7/validation/SRC-02_human_hands_apparel_d31804df4e4f.jpg,Google Open Images / Flickr Contributor,CC BY 2.0,https://creativecommons.org/licenses/by/2.0/,human_hands_apparel
SRC-02,Google Open Images V7,https://openimages.github.io/v7/validation/SRC-02_human_hands_apparel_d3570dc26ab5.jpg,Google Open Images / Flickr Contributor,CC BY 2.0,https://creativecommons.org/licenses/by/2.0/,human_hands_apparel
SRC-02,Google Open Images V7,https://openimages.github.io/v7/validation/SRC-02_human_hands_apparel_d3bcef16a335.jpg,Google Open Images / Flickr Contributor,CC BY 2.0,https://creativecommons.org/licenses/by/2.0/,human_hands_apparel
SRC-02,Google Open Images V7,https://openimages.github.io/v7/validation/SRC-02_human_hands_apparel_d3fb4e576cae.jpg,Google Open Images / Flickr Contributor,CC BY 2.0,https://creativecommons.org/licenses/by/2.0/,human_hands_apparel
SRC-02,Google Open Images V7,https://openimages.github.io/v7/validation/SRC-02_human_hands_apparel_d7b69c87f338.jpg,Google Open Images / Flickr Contributor,CC BY 2.0,https://creativecommons.org/licenses/by/2.0/,human_hands_apparel
SRC-02,Google Open Images V7,https://openimages.github.io/v7/validation/SRC-02_human_hands_apparel_d7bb56630c48.jpg,Google Open Images / Flickr Contributor,CC BY 2.0,https://creativecommons.org/licenses/by/2.0/,human_hands_apparel
SRC-02,Google Open Images V7,https://openimages.github.io/v7/validation/SRC-02_human_hands_apparel_d87ad1d6912c.jpg,Google Open Images / Flickr Contributor,CC BY 2.0,https://creativecommons.org/licenses/by/2.0/,human_hands_apparel
SRC-02,Google Open Images V7,https://openimages.github.io/v7/validation/SRC-02_human_hands_apparel_d9ca2b5d3d2e.jpg,Google Open Images / Flickr Contributor,CC BY 2.0,https://creativecommons.org/licenses/by/2.0/,human_hands_apparel
SRC-02,Google Open Images V7,https://openimages.github.io/v7/validation/SRC-02_human_hands_apparel_dadfea119f4b.jpg,Google Open Images / Flickr Contributor,CC BY 2.0,https://creativecommons.org/licenses/by/2.0/,human_hands_apparel
SRC-02,Google Open Images V7,https://openimages.github.io/v7/validation/SRC-02_human_hands_apparel_dc1815fda0af.jpg,Google Open Images / Flickr Contributor,CC BY 2.0,https://creativecommons.org/licenses/by/2.0/,human_hands_apparel
SRC-02,Google Open Images V7,https://openimages.github.io/v7/validation/SRC-02_human_hands_apparel_dc662a8ecfae.jpg,Google Open Images / Flickr Contributor,CC BY 2.0,https://creativecommons.org/licenses/by/2.0/,human_hands_apparel
SRC-02,Google Open Images V7,https://openimages.github.io/v7/validation/SRC-02_human_hands_apparel_e1148e8357b3.jpg,Google Open Images / Flickr Contributor,CC BY 2.0,https://creativecommons.org/licenses/by/2.0/,human_hands_apparel
SRC-02,Google Open Images V7,https://openimages.github.io/v7/validation/SRC-02_human_hands_apparel_e129af96703a.jpg,Google Open Images / Flickr Contributor,CC BY 2.0,https://creativecommons.org/licenses/by/2.0/,human_hands_apparel
SRC-02,Google Open Images V7,https://openimages.github.io/v7/validation/SRC-02_human_hands_apparel_e25e9c6cd3ca.jpg,Google Open Images / Flickr Contributor,CC BY 2.0,https://creativecommons.org/licenses/by/2.0/,human_hands_apparel
SRC-02,Google Open Images V7,https://openimages.github.io/v7/validation/SRC-02_human_hands_apparel_e2cbc67324dc.jpg,Google Open Images / Flickr Contributor,CC BY 2.0,https://creativecommons.org/licenses/by/2.0/,human_hands_apparel
SRC-02,Google Open Images V7,https://openimages.github.io/v7/validation/SRC-02_human_hands_apparel_e42957466dc8.jpg,Google Open Images / Flickr Contributor,CC BY 2.0,https://creativecommons.org/licenses/by/2.0/,human_hands_apparel
SRC-02,Google Open Images V7,https://openimages.github.io/v7/validation/SRC-02_human_hands_apparel_e5c4fe7397ce.jpg,Google Open Images / Flickr Contributor,CC BY 2.0,https://creativecommons.org/licenses/by/2.0/,human_hands_apparel
SRC-02,Google Open Images V7,https://openimages.github.io/v7/validation/SRC-02_human_hands_apparel_e73fb3791385.jpg,Google Open Images / Flickr Contributor,CC BY 2.0,https://creativecommons.org/licenses/by/2.0/,human_hands_apparel
SRC-02,Google Open Images V7,https://openimages.github.io/v7/validation/SRC-02_human_hands_apparel_e78d76f755e8.jpg,Google Open Images / Flickr Contributor,CC BY 2.0,https://creativecommons.org/licenses/by/2.0/,human_hands_apparel
SRC-02,Google Open Images V7,https://openimages.github.io/v7/validation/SRC-02_human_hands_apparel_e87b9bf84aa8.jpg,Google Open Images / Flickr Contributor,CC BY 2.0,https://creativecommons.org/licenses/by/2.0/,human_hands_apparel
SRC-02,Google Open Images V7,https://openimages.github.io/v7/validation/SRC-02_human_hands_apparel_e89c7e7576b6.jpg,Google Open Images / Flickr Contributor,CC BY 2.0,https://creativecommons.org/licenses/by/2.0/,human_hands_apparel
SRC-02,Google Open Images V7,https://openimages.github.io/v7/validation/SRC-02_human_hands_apparel_eaa02c63d888.jpg,Google Open Images / Flickr Contributor,CC BY 2.0,https://creativecommons.org/licenses/by/2.0/,human_hands_apparel
SRC-02,Google Open Images V7,https://openimages.github.io/v7/validation/SRC-02_human_hands_apparel_eb615c855215.jpg,Google Open Images / Flickr Contributor,CC BY 2.0,https://creativecommons.org/licenses/by/2.0/,human_hands_apparel
SRC-02,Google Open Images V7,https://openimages.github.io/v7/validation/SRC-02_human_hands_apparel_ecd1eb1c20dc.jpg,Google Open Images / Flickr Contributor,CC BY 2.0,https://creativecommons.org/licenses/by/2.0/,human_hands_apparel
SRC-02,Google Open Images V7,https://openimages.github.io/v7/validation/SRC-02_human_hands_apparel_ecf975d238f7.jpg,Google Open Images / Flickr Contributor,CC BY 2.0,https://creativecommons.org/licenses/by/2.0/,human_hands_apparel
SRC-02,Google Open Images V7,https://openimages.github.io/v7/validation/SRC-02_human_hands_apparel_ee55f0d48e0f.jpg,Google Open Images / Flickr Contributor,CC BY 2.0,https://creativecommons.org/licenses/by/2.0/,human_hands_apparel
SRC-02,Google Open Images V7,https://openimages.github.io/v7/validation/SRC-02_human_hands_apparel_f25feca5b80a.jpg,Google Open Images / Flickr Contributor,CC BY 2.0,https://creativecommons.org/licenses/by/2.0/,human_hands_apparel
SRC-02,Google Open Images V7,https://openimages.github.io/v7/validation/SRC-02_human_hands_apparel_f3b0e657b0a2.jpg,Google Open Images / Flickr Contributor,CC BY 2.0,https://creativecommons.org/licenses/by/2.0/,human_hands_apparel
SRC-02,Google Open Images V7,https://openimages.github.io/v7/validation/SRC-02_human_hands_apparel_f5fd297bb5fd.jpg,Google Open Images / Flickr Contributor,CC BY 2.0,https://creativecommons.org/licenses/by/2.0/,human_hands_apparel
SRC-02,Google Open Images V7,https://openimages.github.io/v7/validation/SRC-02_plant_parts_nonleaf_039c77d36650.jpg,Google Open Images / Flickr Contributor,CC BY 2.0,https://creativecommons.org/licenses/by/2.0/,plant_parts_nonleaf
SRC-02,Google Open Images V7,https://openimages.github.io/v7/validation/SRC-02_plant_parts_nonleaf_0521b36294cc.jpg,Google Open Images / Flickr Contributor,CC BY 2.0,https://creativecommons.org/licenses/by/2.0/,plant_parts_nonleaf
SRC-02,Google Open Images V7,https://openimages.github.io/v7/validation/SRC-02_plant_parts_nonleaf_0621513bed4b.jpg,Google Open Images / Flickr Contributor,CC BY 2.0,https://creativecommons.org/licenses/by/2.0/,plant_parts_nonleaf
SRC-02,Google Open Images V7,https://openimages.github.io/v7/validation/SRC-02_plant_parts_nonleaf_06fd7aa414e7.jpg,Google Open Images / Flickr Contributor,CC BY 2.0,https://creativecommons.org/licenses/by/2.0/,plant_parts_nonleaf
SRC-02,Google Open Images V7,https://openimages.github.io/v7/validation/SRC-02_plant_parts_nonleaf_0d50de93eb65.jpg,Google Open Images / Flickr Contributor,CC BY 2.0,https://creativecommons.org/licenses/by/2.0/,plant_parts_nonleaf
SRC-02,Google Open Images V7,https://openimages.github.io/v7/validation/SRC-02_plant_parts_nonleaf_18437819bdc2.jpg,Google Open Images / Flickr Contributor,CC BY 2.0,https://creativecommons.org/licenses/by/2.0/,plant_parts_nonleaf
SRC-02,Google Open Images V7,https://openimages.github.io/v7/validation/SRC-02_plant_parts_nonleaf_1edc41c988ae.jpg,Google Open Images / Flickr Contributor,CC BY 2.0,https://creativecommons.org/licenses/by/2.0/,plant_parts_nonleaf
SRC-02,Google Open Images V7,https://openimages.github.io/v7/validation/SRC-02_plant_parts_nonleaf_299de243c842.jpg,Google Open Images / Flickr Contributor,CC BY 2.0,https://creativecommons.org/licenses/by/2.0/,plant_parts_nonleaf
SRC-02,Google Open Images V7,https://openimages.github.io/v7/validation/SRC-02_plant_parts_nonleaf_402ee4e25086.jpg,Google Open Images / Flickr Contributor,CC BY 2.0,https://creativecommons.org/licenses/by/2.0/,plant_parts_nonleaf
SRC-02,Google Open Images V7,https://openimages.github.io/v7/validation/SRC-02_plant_parts_nonleaf_418f6b9be65e.jpg,Google Open Images / Flickr Contributor,CC BY 2.0,https://creativecommons.org/licenses/by/2.0/,plant_parts_nonleaf
SRC-02,Google Open Images V7,https://openimages.github.io/v7/validation/SRC-02_plant_parts_nonleaf_41f1c007c032.jpg,Google Open Images / Flickr Contributor,CC BY 2.0,https://creativecommons.org/licenses/by/2.0/,plant_parts_nonleaf
SRC-02,Google Open Images V7,https://openimages.github.io/v7/validation/SRC-02_plant_parts_nonleaf_4b2ece17d02d.jpg,Google Open Images / Flickr Contributor,CC BY 2.0,https://creativecommons.org/licenses/by/2.0/,plant_parts_nonleaf
SRC-02,Google Open Images V7,https://openimages.github.io/v7/validation/SRC-02_plant_parts_nonleaf_4f07cb1ee256.jpg,Google Open Images / Flickr Contributor,CC BY 2.0,https://creativecommons.org/licenses/by/2.0/,plant_parts_nonleaf
SRC-02,Google Open Images V7,https://openimages.github.io/v7/validation/SRC-02_plant_parts_nonleaf_5953a918f7fd.jpg,Google Open Images / Flickr Contributor,CC BY 2.0,https://creativecommons.org/licenses/by/2.0/,plant_parts_nonleaf
SRC-02,Google Open Images V7,https://openimages.github.io/v7/validation/SRC-02_plant_parts_nonleaf_5b7250f38b76.jpg,Google Open Images / Flickr Contributor,CC BY 2.0,https://creativecommons.org/licenses/by/2.0/,plant_parts_nonleaf
SRC-02,Google Open Images V7,https://openimages.github.io/v7/validation/SRC-02_plant_parts_nonleaf_64565b398776.jpg,Google Open Images / Flickr Contributor,CC BY 2.0,https://creativecommons.org/licenses/by/2.0/,plant_parts_nonleaf
SRC-02,Google Open Images V7,https://openimages.github.io/v7/validation/SRC-02_plant_parts_nonleaf_67fd2782f85f.jpg,Google Open Images / Flickr Contributor,CC BY 2.0,https://creativecommons.org/licenses/by/2.0/,plant_parts_nonleaf
SRC-02,Google Open Images V7,https://openimages.github.io/v7/validation/SRC-02_plant_parts_nonleaf_685a88e536c9.jpg,Google Open Images / Flickr Contributor,CC BY 2.0,https://creativecommons.org/licenses/by/2.0/,plant_parts_nonleaf
SRC-02,Google Open Images V7,https://openimages.github.io/v7/validation/SRC-02_plant_parts_nonleaf_6ad3a239da1c.jpg,Google Open Images / Flickr Contributor,CC BY 2.0,https://creativecommons.org/licenses/by/2.0/,plant_parts_nonleaf
SRC-02,Google Open Images V7,https://openimages.github.io/v7/validation/SRC-02_plant_parts_nonleaf_6c27492f6602.jpg,Google Open Images / Flickr Contributor,CC BY 2.0,https://creativecommons.org/licenses/by/2.0/,plant_parts_nonleaf
SRC-02,Google Open Images V7,https://openimages.github.io/v7/validation/SRC-02_plant_parts_nonleaf_6ef2fc96dcce.jpg,Google Open Images / Flickr Contributor,CC BY 2.0,https://creativecommons.org/licenses/by/2.0/,plant_parts_nonleaf
SRC-02,Google Open Images V7,https://openimages.github.io/v7/validation/SRC-02_plant_parts_nonleaf_6efe3baca06b.jpg,Google Open Images / Flickr Contributor,CC BY 2.0,https://creativecommons.org/licenses/by/2.0/,plant_parts_nonleaf
SRC-02,Google Open Images V7,https://openimages.github.io/v7/validation/SRC-02_plant_parts_nonleaf_74613aa1f245.jpg,Google Open Images / Flickr Contributor,CC BY 2.0,https://creativecommons.org/licenses/by/2.0/,plant_parts_nonleaf
SRC-02,Google Open Images V7,https://openimages.github.io/v7/validation/SRC-02_plant_parts_nonleaf_83816e51ebe4.jpg,Google Open Images / Flickr Contributor,CC BY 2.0,https://creativecommons.org/licenses/by/2.0/,plant_parts_nonleaf
SRC-02,Google Open Images V7,https://openimages.github.io/v7/validation/SRC-02_plant_parts_nonleaf_84f936f6c70c.jpg,Google Open Images / Flickr Contributor,CC BY 2.0,https://creativecommons.org/licenses/by/2.0/,plant_parts_nonleaf
SRC-02,Google Open Images V7,https://openimages.github.io/v7/validation/SRC-02_plant_parts_nonleaf_8b999891ca7a.jpg,Google Open Images / Flickr Contributor,CC BY 2.0,https://creativecommons.org/licenses/by/2.0/,plant_parts_nonleaf
SRC-02,Google Open Images V7,https://openimages.github.io/v7/validation/SRC-02_plant_parts_nonleaf_9e84d8944937.jpg,Google Open Images / Flickr Contributor,CC BY 2.0,https://creativecommons.org/licenses/by/2.0/,plant_parts_nonleaf
SRC-02,Google Open Images V7,https://openimages.github.io/v7/validation/SRC-02_plant_parts_nonleaf_a366efac0de8.jpg,Google Open Images / Flickr Contributor,CC BY 2.0,https://creativecommons.org/licenses/by/2.0/,plant_parts_nonleaf
SRC-02,Google Open Images V7,https://openimages.github.io/v7/validation/SRC-02_plant_parts_nonleaf_b07378c505f7.jpg,Google Open Images / Flickr Contributor,CC BY 2.0,https://creativecommons.org/licenses/by/2.0/,plant_parts_nonleaf
SRC-02,Google Open Images V7,https://openimages.github.io/v7/validation/SRC-02_plant_parts_nonleaf_b675f818ac00.jpg,Google Open Images / Flickr Contributor,CC BY 2.0,https://creativecommons.org/licenses/by/2.0/,plant_parts_nonleaf
SRC-02,Google Open Images V7,https://openimages.github.io/v7/validation/SRC-02_plant_parts_nonleaf_c0bf86a3f187.jpg,Google Open Images / Flickr Contributor,CC BY 2.0,https://creativecommons.org/licenses/by/2.0/,plant_parts_nonleaf
SRC-02,Google Open Images V7,https://openimages.github.io/v7/validation/SRC-02_plant_parts_nonleaf_c1bc6365249a.jpg,Google Open Images / Flickr Contributor,CC BY 2.0,https://creativecommons.org/licenses/by/2.0/,plant_parts_nonleaf
SRC-02,Google Open Images V7,https://openimages.github.io/v7/validation/SRC-02_plant_parts_nonleaf_c4266e702ed7.jpg,Google Open Images / Flickr Contributor,CC BY 2.0,https://creativecommons.org/licenses/by/2.0/,plant_parts_nonleaf
SRC-02,Google Open Images V7,https://openimages.github.io/v7/validation/SRC-02_plant_parts_nonleaf_c51fc2b4fc96.jpg,Google Open Images / Flickr Contributor,CC BY 2.0,https://creativecommons.org/licenses/by/2.0/,plant_parts_nonleaf
SRC-02,Google Open Images V7,https://openimages.github.io/v7/validation/SRC-02_plant_parts_nonleaf_c61e5326e513.jpg,Google Open Images / Flickr Contributor,CC BY 2.0,https://creativecommons.org/licenses/by/2.0/,plant_parts_nonleaf
SRC-02,Google Open Images V7,https://openimages.github.io/v7/validation/SRC-02_plant_parts_nonleaf_c7e6a1a8bc7a.jpg,Google Open Images / Flickr Contributor,CC BY 2.0,https://creativecommons.org/licenses/by/2.0/,plant_parts_nonleaf
SRC-02,Google Open Images V7,https://openimages.github.io/v7/validation/SRC-02_plant_parts_nonleaf_d14a234a478c.jpg,Google Open Images / Flickr Contributor,CC BY 2.0,https://creativecommons.org/licenses/by/2.0/,plant_parts_nonleaf
SRC-02,Google Open Images V7,https://openimages.github.io/v7/validation/SRC-02_plant_parts_nonleaf_d16e67a5a55b.jpg,Google Open Images / Flickr Contributor,CC BY 2.0,https://creativecommons.org/licenses/by/2.0/,plant_parts_nonleaf
SRC-02,Google Open Images V7,https://openimages.github.io/v7/validation/SRC-02_plant_parts_nonleaf_d8f197a1fe0a.jpg,Google Open Images / Flickr Contributor,CC BY 2.0,https://creativecommons.org/licenses/by/2.0/,plant_parts_nonleaf
SRC-02,Google Open Images V7,https://openimages.github.io/v7/validation/SRC-02_plant_parts_nonleaf_dde54d62ffdb.jpg,Google Open Images / Flickr Contributor,CC BY 2.0,https://creativecommons.org/licenses/by/2.0/,plant_parts_nonleaf
SRC-02,Google Open Images V7,https://openimages.github.io/v7/validation/SRC-02_plant_parts_nonleaf_de820d96100f.jpg,Google Open Images / Flickr Contributor,CC BY 2.0,https://creativecommons.org/licenses/by/2.0/,plant_parts_nonleaf
SRC-02,Google Open Images V7,https://openimages.github.io/v7/validation/SRC-02_plant_parts_nonleaf_df814712ab33.jpg,Google Open Images / Flickr Contributor,CC BY 2.0,https://creativecommons.org/licenses/by/2.0/,plant_parts_nonleaf
SRC-02,Google Open Images V7,https://openimages.github.io/v7/validation/SRC-02_plant_parts_nonleaf_e14534b3da66.jpg,Google Open Images / Flickr Contributor,CC BY 2.0,https://creativecommons.org/licenses/by/2.0/,plant_parts_nonleaf
SRC-02,Google Open Images V7,https://openimages.github.io/v7/validation/SRC-02_plant_parts_nonleaf_e1faee5afb5f.jpg,Google Open Images / Flickr Contributor,CC BY 2.0,https://creativecommons.org/licenses/by/2.0/,plant_parts_nonleaf
SRC-02,Google Open Images V7,https://openimages.github.io/v7/validation/SRC-02_plant_parts_nonleaf_e38408732217.jpg,Google Open Images / Flickr Contributor,CC BY 2.0,https://creativecommons.org/licenses/by/2.0/,plant_parts_nonleaf
SRC-02,Google Open Images V7,https://openimages.github.io/v7/validation/SRC-02_plant_parts_nonleaf_e714f63eb2b0.jpg,Google Open Images / Flickr Contributor,CC BY 2.0,https://creativecommons.org/licenses/by/2.0/,plant_parts_nonleaf
SRC-02,Google Open Images V7,https://openimages.github.io/v7/validation/SRC-02_plant_parts_nonleaf_ebad79643f88.jpg,Google Open Images / Flickr Contributor,CC BY 2.0,https://creativecommons.org/licenses/by/2.0/,plant_parts_nonleaf
SRC-02,Google Open Images V7,https://openimages.github.io/v7/validation/SRC-02_plant_parts_nonleaf_ee6b6c4d965a.jpg,Google Open Images / Flickr Contributor,CC BY 2.0,https://creativecommons.org/licenses/by/2.0/,plant_parts_nonleaf
SRC-02,Google Open Images V7,https://openimages.github.io/v7/validation/SRC-02_plant_parts_nonleaf_f07933fdd116.jpg,Google Open Images / Flickr Contributor,CC BY 2.0,https://creativecommons.org/licenses/by/2.0/,plant_parts_nonleaf
SRC-02,Google Open Images V7,https://openimages.github.io/v7/validation/SRC-02_plant_parts_nonleaf_f900db4f3a12.jpg,Google Open Images / Flickr Contributor,CC BY 2.0,https://creativecommons.org/licenses/by/2.0/,plant_parts_nonleaf
SRC-04,Kaggle Soil Types,https://raw.githubusercontent.com/Shushanth101/Soil-Types-Dataset/main/test/Alluvial_soil/0882189423.jpeg,Shushanth (Alluvial Soil),CC0 / Public Domain,https://creativecommons.org/publicdomain/zero/1.0/,soil_ground
SRC-04,Kaggle Soil Types,https://raw.githubusercontent.com/Shushanth101/Soil-Types-Dataset/main/test/Alluvial_soil/0891253724.jpeg,Shushanth (Alluvial Soil),CC0 / Public Domain,https://creativecommons.org/publicdomain/zero/1.0/,soil_ground
SRC-04,Kaggle Soil Types,https://raw.githubusercontent.com/Shushanth101/Soil-Types-Dataset/main/test/Alluvial_soil/0892216311.jpeg,Shushanth (Alluvial Soil),CC0 / Public Domain,https://creativecommons.org/publicdomain/zero/1.0/,soil_ground
SRC-04,Kaggle Soil Types,https://raw.githubusercontent.com/Shushanth101/Soil-Types-Dataset/main/test/Alluvial_soil/0903297404.jpeg,Shushanth (Alluvial Soil),CC0 / Public Domain,https://creativecommons.org/publicdomain/zero/1.0/,soil_ground
SRC-04,Kaggle Soil Types,https://raw.githubusercontent.com/Shushanth101/Soil-Types-Dataset/main/test/Alluvial_soil/0932843746.jpeg,Shushanth (Alluvial Soil),CC0 / Public Domain,https://creativecommons.org/publicdomain/zero/1.0/,soil_ground
SRC-04,Kaggle Soil Types,https://raw.githubusercontent.com/Shushanth101/Soil-Types-Dataset/main/test/Alluvial_soil/0934277901.jpeg,Shushanth (Alluvial Soil),CC0 / Public Domain,https://creativecommons.org/publicdomain/zero/1.0/,soil_ground
SRC-04,Kaggle Soil Types,https://raw.githubusercontent.com/Shushanth101/Soil-Types-Dataset/main/test/Alluvial_soil/0938456301.jpeg,Shushanth (Alluvial Soil),CC0 / Public Domain,https://creativecommons.org/publicdomain/zero/1.0/,soil_ground
SRC-04,Kaggle Soil Types,https://raw.githubusercontent.com/Shushanth101/Soil-Types-Dataset/main/test/Alluvial_soil/0952260754.jpg,Shushanth (Alluvial Soil),CC0 / Public Domain,https://creativecommons.org/publicdomain/zero/1.0/,soil_ground
SRC-04,Kaggle Soil Types,https://raw.githubusercontent.com/Shushanth101/Soil-Types-Dataset/main/test/Alluvial_soil/0960413990.jpeg,Shushanth (Alluvial Soil),CC0 / Public Domain,https://creativecommons.org/publicdomain/zero/1.0/,soil_ground
SRC-04,Kaggle Soil Types,https://raw.githubusercontent.com/Shushanth101/Soil-Types-Dataset/main/test/Alluvial_soil/0960449233.jpeg,Shushanth (Alluvial Soil),CC0 / Public Domain,https://creativecommons.org/publicdomain/zero/1.0/,soil_ground
SRC-04,Kaggle Soil Types,https://raw.githubusercontent.com/Shushanth101/Soil-Types-Dataset/main/test/Alluvial_soil/0966519026.jpeg,Shushanth (Alluvial Soil),CC0 / Public Domain,https://creativecommons.org/publicdomain/zero/1.0/,soil_ground
SRC-04,Kaggle Soil Types,https://raw.githubusercontent.com/Shushanth101/Soil-Types-Dataset/main/test/Alluvial_soil/0974041663.jpeg,Shushanth (Alluvial Soil),CC0 / Public Domain,https://creativecommons.org/publicdomain/zero/1.0/,soil_ground
SRC-04,Kaggle Soil Types,https://raw.githubusercontent.com/Shushanth101/Soil-Types-Dataset/main/test/Alluvial_soil/0986191937.jpeg,Shushanth (Alluvial Soil),CC0 / Public Domain,https://creativecommons.org/publicdomain/zero/1.0/,soil_ground
SRC-04,Kaggle Soil Types,https://raw.githubusercontent.com/Shushanth101/Soil-Types-Dataset/main/test/Alluvial_soil/1003009487.jpeg,Shushanth (Alluvial Soil),CC0 / Public Domain,https://creativecommons.org/publicdomain/zero/1.0/,soil_ground
SRC-04,Kaggle Soil Types,https://raw.githubusercontent.com/Shushanth101/Soil-Types-Dataset/main/test/Alluvial_soil/1034219534.jpeg,Shushanth (Alluvial Soil),CC0 / Public Domain,https://creativecommons.org/publicdomain/zero/1.0/,soil_ground
SRC-04,Kaggle Soil Types,https://raw.githubusercontent.com/Shushanth101/Soil-Types-Dataset/main/test/Alluvial_soil/1058351724.jpeg,Shushanth (Alluvial Soil),CC0 / Public Domain,https://creativecommons.org/publicdomain/zero/1.0/,soil_ground
SRC-04,Kaggle Soil Types,https://raw.githubusercontent.com/Shushanth101/Soil-Types-Dataset/main/test/Alluvial_soil/1083258158.jpeg,Shushanth (Alluvial Soil),CC0 / Public Domain,https://creativecommons.org/publicdomain/zero/1.0/,soil_ground
SRC-04,Kaggle Soil Types,https://raw.githubusercontent.com/Shushanth101/Soil-Types-Dataset/main/test/Alluvial_soil/1085496072.jpeg,Shushanth (Alluvial Soil),CC0 / Public Domain,https://creativecommons.org/publicdomain/zero/1.0/,soil_ground
SRC-04,Kaggle Soil Types,https://raw.githubusercontent.com/Shushanth101/Soil-Types-Dataset/main/test/Alluvial_soil/1097257880.jpeg,Shushanth (Alluvial Soil),CC0 / Public Domain,https://creativecommons.org/publicdomain/zero/1.0/,soil_ground
SRC-04,Kaggle Soil Types,https://raw.githubusercontent.com/Shushanth101/Soil-Types-Dataset/main/test/Alluvial_soil/1102980245.jpeg,Shushanth (Alluvial Soil),CC0 / Public Domain,https://creativecommons.org/publicdomain/zero/1.0/,soil_ground
SRC-04,Kaggle Soil Types,https://raw.githubusercontent.com/Shushanth101/Soil-Types-Dataset/main/test/Alluvial_soil/1109077142.jpeg,Shushanth (Alluvial Soil),CC0 / Public Domain,https://creativecommons.org/publicdomain/zero/1.0/,soil_ground
SRC-04,Kaggle Soil Types,https://raw.githubusercontent.com/Shushanth101/Soil-Types-Dataset/main/test/Alluvial_soil/1116312052.jpeg,Shushanth (Alluvial Soil),CC0 / Public Domain,https://creativecommons.org/publicdomain/zero/1.0/,soil_ground
SRC-04,Kaggle Soil Types,https://raw.githubusercontent.com/Shushanth101/Soil-Types-Dataset/main/test/Alluvial_soil/1126151625.jpeg,Shushanth (Alluvial Soil),CC0 / Public Domain,https://creativecommons.org/publicdomain/zero/1.0/,soil_ground
SRC-04,Kaggle Soil Types,https://raw.githubusercontent.com/Shushanth101/Soil-Types-Dataset/main/test/Alluvial_soil/1129016679.jpeg,Shushanth (Alluvial Soil),CC0 / Public Domain,https://creativecommons.org/publicdomain/zero/1.0/,soil_ground
SRC-04,Kaggle Soil Types,https://raw.githubusercontent.com/Shushanth101/Soil-Types-Dataset/main/train/Alluvial_soil/0007184616.jpg,Shushanth (Alluvial Soil),CC0 / Public Domain,https://creativecommons.org/publicdomain/zero/1.0/,soil_ground
SRC-04,Kaggle Soil Types,https://raw.githubusercontent.com/Shushanth101/Soil-Types-Dataset/main/train/Alluvial_soil/0017091521.jpeg,Shushanth (Alluvial Soil),CC0 / Public Domain,https://creativecommons.org/publicdomain/zero/1.0/,soil_ground
SRC-04,Kaggle Soil Types,https://raw.githubusercontent.com/Shushanth101/Soil-Types-Dataset/main/train/Alluvial_soil/0027279013.jpeg,Shushanth (Alluvial Soil),CC0 / Public Domain,https://creativecommons.org/publicdomain/zero/1.0/,soil_ground
SRC-04,Kaggle Soil Types,https://raw.githubusercontent.com/Shushanth101/Soil-Types-Dataset/main/train/Alluvial_soil/0033062548.jpeg,Shushanth (Alluvial Soil),CC0 / Public Domain,https://creativecommons.org/publicdomain/zero/1.0/,soil_ground
SRC-04,Kaggle Soil Types,https://raw.githubusercontent.com/Shushanth101/Soil-Types-Dataset/main/train/Alluvial_soil/0041084201.jpeg,Shushanth (Alluvial Soil),CC0 / Public Domain,https://creativecommons.org/publicdomain/zero/1.0/,soil_ground
SRC-04,Kaggle Soil Types,https://raw.githubusercontent.com/Shushanth101/Soil-Types-Dataset/main/train/Alluvial_soil/0054157435.jpeg,Shushanth (Alluvial Soil),CC0 / Public Domain,https://creativecommons.org/publicdomain/zero/1.0/,soil_ground
SRC-04,Kaggle Soil Types,https://raw.githubusercontent.com/Shushanth101/Soil-Types-Dataset/main/train/Alluvial_soil/0061460775.jpeg,Shushanth (Alluvial Soil),CC0 / Public Domain,https://creativecommons.org/publicdomain/zero/1.0/,soil_ground
SRC-04,Kaggle Soil Types,https://raw.githubusercontent.com/Shushanth101/Soil-Types-Dataset/main/train/Alluvial_soil/0082705575.jpeg,Shushanth (Alluvial Soil),CC0 / Public Domain,https://creativecommons.org/publicdomain/zero/1.0/,soil_ground
SRC-04,Kaggle Soil Types,https://raw.githubusercontent.com/Shushanth101/Soil-Types-Dataset/main/train/Alluvial_soil/0101003044.jpeg,Shushanth (Alluvial Soil),CC0 / Public Domain,https://creativecommons.org/publicdomain/zero/1.0/,soil_ground
SRC-04,Kaggle Soil Types,https://raw.githubusercontent.com/Shushanth101/Soil-Types-Dataset/main/train/Alluvial_soil/0110998941.jpeg,Shushanth (Alluvial Soil),CC0 / Public Domain,https://creativecommons.org/publicdomain/zero/1.0/,soil_ground
SRC-04,Kaggle Soil Types,https://raw.githubusercontent.com/Shushanth101/Soil-Types-Dataset/main/train/Alluvial_soil/0129004743.jpeg,Shushanth (Alluvial Soil),CC0 / Public Domain,https://creativecommons.org/publicdomain/zero/1.0/,soil_ground
SRC-04,Kaggle Soil Types,https://raw.githubusercontent.com/Shushanth101/Soil-Types-Dataset/main/train/Alluvial_soil/0141859616.jpeg,Shushanth (Alluvial Soil),CC0 / Public Domain,https://creativecommons.org/publicdomain/zero/1.0/,soil_ground
SRC-04,Kaggle Soil Types,https://raw.githubusercontent.com/Shushanth101/Soil-Types-Dataset/main/train/Alluvial_soil/0203092999.jpeg,Shushanth (Alluvial Soil),CC0 / Public Domain,https://creativecommons.org/publicdomain/zero/1.0/,soil_ground
SRC-04,Kaggle Soil Types,https://raw.githubusercontent.com/Shushanth101/Soil-Types-Dataset/main/train/Alluvial_soil/0211552861.jpeg,Shushanth (Alluvial Soil),CC0 / Public Domain,https://creativecommons.org/publicdomain/zero/1.0/,soil_ground
SRC-04,Kaggle Soil Types,https://raw.githubusercontent.com/Shushanth101/Soil-Types-Dataset/main/train/Alluvial_soil/0260174768.jpeg,Shushanth (Alluvial Soil),CC0 / Public Domain,https://creativecommons.org/publicdomain/zero/1.0/,soil_ground
SRC-04,Kaggle Soil Types,https://raw.githubusercontent.com/Shushanth101/Soil-Types-Dataset/main/train/Alluvial_soil/0335030291.jpeg,Shushanth (Alluvial Soil),CC0 / Public Domain,https://creativecommons.org/publicdomain/zero/1.0/,soil_ground
SRC-04,Kaggle Soil Types,https://raw.githubusercontent.com/Shushanth101/Soil-Types-Dataset/main/train/Alluvial_soil/0343151733.jpeg,Shushanth (Alluvial Soil),CC0 / Public Domain,https://creativecommons.org/publicdomain/zero/1.0/,soil_ground
SRC-04,Kaggle Soil Types,https://raw.githubusercontent.com/Shushanth101/Soil-Types-Dataset/main/train/Alluvial_soil/0368838307.jpg,Shushanth (Alluvial Soil),CC0 / Public Domain,https://creativecommons.org/publicdomain/zero/1.0/,soil_ground
SRC-04,Kaggle Soil Types,https://raw.githubusercontent.com/Shushanth101/Soil-Types-Dataset/main/train/Alluvial_soil/0375502562.jpeg,Shushanth (Alluvial Soil),CC0 / Public Domain,https://creativecommons.org/publicdomain/zero/1.0/,soil_ground
SRC-04,Kaggle Soil Types,https://raw.githubusercontent.com/Shushanth101/Soil-Types-Dataset/main/train/Alluvial_soil/0387604772.jpeg,Shushanth (Alluvial Soil),CC0 / Public Domain,https://creativecommons.org/publicdomain/zero/1.0/,soil_ground
SRC-04,Kaggle Soil Types,https://raw.githubusercontent.com/Shushanth101/Soil-Types-Dataset/main/train/Alluvial_soil/0387706399.jpeg,Shushanth (Alluvial Soil),CC0 / Public Domain,https://creativecommons.org/publicdomain/zero/1.0/,soil_ground
SRC-04,Kaggle Soil Types,https://raw.githubusercontent.com/Shushanth101/Soil-Types-Dataset/main/test/Black_soil/0480883593.jpeg,Shushanth (Black Soil),CC0 / Public Domain,https://creativecommons.org/publicdomain/zero/1.0/,soil_ground
SRC-04,Kaggle Soil Types,https://raw.githubusercontent.com/Shushanth101/Soil-Types-Dataset/main/test/Black_soil/0490920382.jpeg,Shushanth (Black Soil),CC0 / Public Domain,https://creativecommons.org/publicdomain/zero/1.0/,soil_ground
SRC-04,Kaggle Soil Types,https://raw.githubusercontent.com/Shushanth101/Soil-Types-Dataset/main/test/Black_soil/0498887007.jpeg,Shushanth (Black Soil),CC0 / Public Domain,https://creativecommons.org/publicdomain/zero/1.0/,soil_ground
SRC-04,Kaggle Soil Types,https://raw.githubusercontent.com/Shushanth101/Soil-Types-Dataset/main/test/Black_soil/0502228996.jpeg,Shushanth (Black Soil),CC0 / Public Domain,https://creativecommons.org/publicdomain/zero/1.0/,soil_ground
SRC-04,Kaggle Soil Types,https://raw.githubusercontent.com/Shushanth101/Soil-Types-Dataset/main/test/Black_soil/0503733838.jpeg,Shushanth (Black Soil),CC0 / Public Domain,https://creativecommons.org/publicdomain/zero/1.0/,soil_ground
SRC-04,Kaggle Soil Types,https://raw.githubusercontent.com/Shushanth101/Soil-Types-Dataset/main/test/Black_soil/0505617216.jpg,Shushanth (Black Soil),CC0 / Public Domain,https://creativecommons.org/publicdomain/zero/1.0/,soil_ground
SRC-04,Kaggle Soil Types,https://raw.githubusercontent.com/Shushanth101/Soil-Types-Dataset/main/test/Black_soil/0514608372.jpeg,Shushanth (Black Soil),CC0 / Public Domain,https://creativecommons.org/publicdomain/zero/1.0/,soil_ground
SRC-04,Kaggle Soil Types,https://raw.githubusercontent.com/Shushanth101/Soil-Types-Dataset/main/test/Black_soil/0538889970.jpeg,Shushanth (Black Soil),CC0 / Public Domain,https://creativecommons.org/publicdomain/zero/1.0/,soil_ground
SRC-04,Kaggle Soil Types,https://raw.githubusercontent.com/Shushanth101/Soil-Types-Dataset/main/test/Black_soil/0547303481.jpeg,Shushanth (Black Soil),CC0 / Public Domain,https://creativecommons.org/publicdomain/zero/1.0/,soil_ground
SRC-04,Kaggle Soil Types,https://raw.githubusercontent.com/Shushanth101/Soil-Types-Dataset/main/test/Black_soil/0548314253.jpg,Shushanth (Black Soil),CC0 / Public Domain,https://creativecommons.org/publicdomain/zero/1.0/,soil_ground
SRC-04,Kaggle Soil Types,https://raw.githubusercontent.com/Shushanth101/Soil-Types-Dataset/main/test/Black_soil/0556289477.jpg,Shushanth (Black Soil),CC0 / Public Domain,https://creativecommons.org/publicdomain/zero/1.0/,soil_ground
SRC-04,Kaggle Soil Types,https://raw.githubusercontent.com/Shushanth101/Soil-Types-Dataset/main/test/Black_soil/0565782879.jpeg,Shushanth (Black Soil),CC0 / Public Domain,https://creativecommons.org/publicdomain/zero/1.0/,soil_ground
SRC-04,Kaggle Soil Types,https://raw.githubusercontent.com/Shushanth101/Soil-Types-Dataset/main/test/Black_soil/0566430774.jpeg,Shushanth (Black Soil),CC0 / Public Domain,https://creativecommons.org/publicdomain/zero/1.0/,soil_ground
SRC-04,Kaggle Soil Types,https://raw.githubusercontent.com/Shushanth101/Soil-Types-Dataset/main/test/Black_soil/0567230593.jpeg,Shushanth (Black Soil),CC0 / Public Domain,https://creativecommons.org/publicdomain/zero/1.0/,soil_ground
SRC-04,Kaggle Soil Types,https://raw.githubusercontent.com/Shushanth101/Soil-Types-Dataset/main/test/Black_soil/0568769336.jpeg,Shushanth (Black Soil),CC0 / Public Domain,https://creativecommons.org/publicdomain/zero/1.0/,soil_ground
SRC-04,Kaggle Soil Types,https://raw.githubusercontent.com/Shushanth101/Soil-Types-Dataset/main/test/Black_soil/0572968607.jpg,Shushanth (Black Soil),CC0 / Public Domain,https://creativecommons.org/publicdomain/zero/1.0/,soil_ground
SRC-04,Kaggle Soil Types,https://raw.githubusercontent.com/Shushanth101/Soil-Types-Dataset/main/test/Black_soil/0588344284.jpg,Shushanth (Black Soil),CC0 / Public Domain,https://creativecommons.org/publicdomain/zero/1.0/,soil_ground
SRC-04,Kaggle Soil Types,https://raw.githubusercontent.com/Shushanth101/Soil-Types-Dataset/main/test/Black_soil/0591282773.jpeg,Shushanth (Black Soil),CC0 / Public Domain,https://creativecommons.org/publicdomain/zero/1.0/,soil_ground
SRC-04,Kaggle Soil Types,https://raw.githubusercontent.com/Shushanth101/Soil-Types-Dataset/main/test/Black_soil/0623014779.jpeg,Shushanth (Black Soil),CC0 / Public Domain,https://creativecommons.org/publicdomain/zero/1.0/,soil_ground
SRC-04,Kaggle Soil Types,https://raw.githubusercontent.com/Shushanth101/Soil-Types-Dataset/main/test/Black_soil/0628383974.jpeg,Shushanth (Black Soil),CC0 / Public Domain,https://creativecommons.org/publicdomain/zero/1.0/,soil_ground
SRC-04,Kaggle Soil Types,https://raw.githubusercontent.com/Shushanth101/Soil-Types-Dataset/main/test/Black_soil/0635337466.jpeg,Shushanth (Black Soil),CC0 / Public Domain,https://creativecommons.org/publicdomain/zero/1.0/,soil_ground
SRC-04,Kaggle Soil Types,https://raw.githubusercontent.com/Shushanth101/Soil-Types-Dataset/main/test/Black_soil/0665411541.jpeg,Shushanth (Black Soil),CC0 / Public Domain,https://creativecommons.org/publicdomain/zero/1.0/,soil_ground
SRC-04,Kaggle Soil Types,https://raw.githubusercontent.com/Shushanth101/Soil-Types-Dataset/main/test/Black_soil/0672224135.jpeg,Shushanth (Black Soil),CC0 / Public Domain,https://creativecommons.org/publicdomain/zero/1.0/,soil_ground
SRC-04,Kaggle Soil Types,https://raw.githubusercontent.com/Shushanth101/Soil-Types-Dataset/main/test/Black_soil/0672265196.jpg,Shushanth (Black Soil),CC0 / Public Domain,https://creativecommons.org/publicdomain/zero/1.0/,soil_ground
SRC-04,Kaggle Soil Types,https://raw.githubusercontent.com/Shushanth101/Soil-Types-Dataset/main/train/Black_soil/0018588560.jpeg,Shushanth (Black Soil),CC0 / Public Domain,https://creativecommons.org/publicdomain/zero/1.0/,soil_ground
SRC-04,Kaggle Soil Types,https://raw.githubusercontent.com/Shushanth101/Soil-Types-Dataset/main/train/Black_soil/0022011780.jpeg,Shushanth (Black Soil),CC0 / Public Domain,https://creativecommons.org/publicdomain/zero/1.0/,soil_ground
SRC-04,Kaggle Soil Types,https://raw.githubusercontent.com/Shushanth101/Soil-Types-Dataset/main/train/Black_soil/0055635145.jpg,Shushanth (Black Soil),CC0 / Public Domain,https://creativecommons.org/publicdomain/zero/1.0/,soil_ground
SRC-04,Kaggle Soil Types,https://raw.githubusercontent.com/Shushanth101/Soil-Types-Dataset/main/train/Black_soil/0079700302.jpeg,Shushanth (Black Soil),CC0 / Public Domain,https://creativecommons.org/publicdomain/zero/1.0/,soil_ground
SRC-04,Kaggle Soil Types,https://raw.githubusercontent.com/Shushanth101/Soil-Types-Dataset/main/train/Black_soil/0082474170.jpeg,Shushanth (Black Soil),CC0 / Public Domain,https://creativecommons.org/publicdomain/zero/1.0/,soil_ground
SRC-04,Kaggle Soil Types,https://raw.githubusercontent.com/Shushanth101/Soil-Types-Dataset/main/train/Black_soil/0084154736.jpeg,Shushanth (Black Soil),CC0 / Public Domain,https://creativecommons.org/publicdomain/zero/1.0/,soil_ground
SRC-04,Kaggle Soil Types,https://raw.githubusercontent.com/Shushanth101/Soil-Types-Dataset/main/train/Black_soil/0084940108.jpg,Shushanth (Black Soil),CC0 / Public Domain,https://creativecommons.org/publicdomain/zero/1.0/,soil_ground
SRC-04,Kaggle Soil Types,https://raw.githubusercontent.com/Shushanth101/Soil-Types-Dataset/main/train/Black_soil/0099219477.jpg,Shushanth (Black Soil),CC0 / Public Domain,https://creativecommons.org/publicdomain/zero/1.0/,soil_ground
SRC-04,Kaggle Soil Types,https://raw.githubusercontent.com/Shushanth101/Soil-Types-Dataset/main/train/Black_soil/0125912922.jpeg,Shushanth (Black Soil),CC0 / Public Domain,https://creativecommons.org/publicdomain/zero/1.0/,soil_ground
SRC-04,Kaggle Soil Types,https://raw.githubusercontent.com/Shushanth101/Soil-Types-Dataset/main/train/Black_soil/0128408182.jpeg,Shushanth (Black Soil),CC0 / Public Domain,https://creativecommons.org/publicdomain/zero/1.0/,soil_ground
SRC-04,Kaggle Soil Types,https://raw.githubusercontent.com/Shushanth101/Soil-Types-Dataset/main/train/Black_soil/0129227917.jpeg,Shushanth (Black Soil),CC0 / Public Domain,https://creativecommons.org/publicdomain/zero/1.0/,soil_ground
SRC-04,Kaggle Soil Types,https://raw.githubusercontent.com/Shushanth101/Soil-Types-Dataset/main/train/Black_soil/0131329584.jpg,Shushanth (Black Soil),CC0 / Public Domain,https://creativecommons.org/publicdomain/zero/1.0/,soil_ground
SRC-04,Kaggle Soil Types,https://raw.githubusercontent.com/Shushanth101/Soil-Types-Dataset/main/train/Black_soil/0131884376.jpeg,Shushanth (Black Soil),CC0 / Public Domain,https://creativecommons.org/publicdomain/zero/1.0/,soil_ground
SRC-04,Kaggle Soil Types,https://raw.githubusercontent.com/Shushanth101/Soil-Types-Dataset/main/train/Black_soil/0135356654.jpg,Shushanth (Black Soil),CC0 / Public Domain,https://creativecommons.org/publicdomain/zero/1.0/,soil_ground
SRC-04,Kaggle Soil Types,https://raw.githubusercontent.com/Shushanth101/Soil-Types-Dataset/main/train/Black_soil/0143784972.jpg,Shushanth (Black Soil),CC0 / Public Domain,https://creativecommons.org/publicdomain/zero/1.0/,soil_ground
SRC-04,Kaggle Soil Types,https://raw.githubusercontent.com/Shushanth101/Soil-Types-Dataset/main/train/Black_soil/0144434734.jpg,Shushanth (Black Soil),CC0 / Public Domain,https://creativecommons.org/publicdomain/zero/1.0/,soil_ground
SRC-04,Kaggle Soil Types,https://raw.githubusercontent.com/Shushanth101/Soil-Types-Dataset/main/train/Black_soil/0147121869.jpeg,Shushanth (Black Soil),CC0 / Public Domain,https://creativecommons.org/publicdomain/zero/1.0/,soil_ground
SRC-04,Kaggle Soil Types,https://raw.githubusercontent.com/Shushanth101/Soil-Types-Dataset/main/train/Black_soil/0151515878.jpeg,Shushanth (Black Soil),CC0 / Public Domain,https://creativecommons.org/publicdomain/zero/1.0/,soil_ground
SRC-04,Kaggle Soil Types,https://raw.githubusercontent.com/Shushanth101/Soil-Types-Dataset/main/train/Black_soil/0154805901.jpeg,Shushanth (Black Soil),CC0 / Public Domain,https://creativecommons.org/publicdomain/zero/1.0/,soil_ground
SRC-04,Kaggle Soil Types,https://raw.githubusercontent.com/Shushanth101/Soil-Types-Dataset/main/train/Black_soil/0164056121.jpeg,Shushanth (Black Soil),CC0 / Public Domain,https://creativecommons.org/publicdomain/zero/1.0/,soil_ground
SRC-04,Kaggle Soil Types,https://raw.githubusercontent.com/Shushanth101/Soil-Types-Dataset/main/train/Black_soil/0167930433.jpeg,Shushanth (Black Soil),CC0 / Public Domain,https://creativecommons.org/publicdomain/zero/1.0/,soil_ground
SRC-04,Kaggle Soil Types,https://raw.githubusercontent.com/Shushanth101/Soil-Types-Dataset/main/test/Clay_soil/7673487562.jpeg,Shushanth (Clay Soil),CC0 / Public Domain,https://creativecommons.org/publicdomain/zero/1.0/,soil_ground
SRC-04,Kaggle Soil Types,https://raw.githubusercontent.com/Shushanth101/Soil-Types-Dataset/main/test/Clay_soil/7862393751.jpeg,Shushanth (Clay Soil),CC0 / Public Domain,https://creativecommons.org/publicdomain/zero/1.0/,soil_ground
SRC-04,Kaggle Soil Types,https://raw.githubusercontent.com/Shushanth101/Soil-Types-Dataset/main/test/Clay_soil/7877203687.jpeg,Shushanth (Clay Soil),CC0 / Public Domain,https://creativecommons.org/publicdomain/zero/1.0/,soil_ground
SRC-04,Kaggle Soil Types,https://raw.githubusercontent.com/Shushanth101/Soil-Types-Dataset/main/test/Clay_soil/8181470090.jpeg,Shushanth (Clay Soil),CC0 / Public Domain,https://creativecommons.org/publicdomain/zero/1.0/,soil_ground
SRC-04,Kaggle Soil Types,https://raw.githubusercontent.com/Shushanth101/Soil-Types-Dataset/main/test/Clay_soil/8243855441.jpeg,Shushanth (Clay Soil),CC0 / Public Domain,https://creativecommons.org/publicdomain/zero/1.0/,soil_ground
SRC-04,Kaggle Soil Types,https://raw.githubusercontent.com/Shushanth101/Soil-Types-Dataset/main/test/Clay_soil/8539911905.jpeg,Shushanth (Clay Soil),CC0 / Public Domain,https://creativecommons.org/publicdomain/zero/1.0/,soil_ground
SRC-04,Kaggle Soil Types,https://raw.githubusercontent.com/Shushanth101/Soil-Types-Dataset/main/test/Clay_soil/8864627331.jpeg,Shushanth (Clay Soil),CC0 / Public Domain,https://creativecommons.org/publicdomain/zero/1.0/,soil_ground
SRC-04,Kaggle Soil Types,https://raw.githubusercontent.com/Shushanth101/Soil-Types-Dataset/main/test/Clay_soil/8871174753.jpeg,Shushanth (Clay Soil),CC0 / Public Domain,https://creativecommons.org/publicdomain/zero/1.0/,soil_ground
SRC-04,Kaggle Soil Types,https://raw.githubusercontent.com/Shushanth101/Soil-Types-Dataset/main/test/Clay_soil/8898243775.jpeg,Shushanth (Clay Soil),CC0 / Public Domain,https://creativecommons.org/publicdomain/zero/1.0/,soil_ground
SRC-04,Kaggle Soil Types,https://raw.githubusercontent.com/Shushanth101/Soil-Types-Dataset/main/test/Clay_soil/8919195086.jpeg,Shushanth (Clay Soil),CC0 / Public Domain,https://creativecommons.org/publicdomain/zero/1.0/,soil_ground
SRC-04,Kaggle Soil Types,https://raw.githubusercontent.com/Shushanth101/Soil-Types-Dataset/main/test/Clay_soil/8970598592.jpeg,Shushanth (Clay Soil),CC0 / Public Domain,https://creativecommons.org/publicdomain/zero/1.0/,soil_ground
SRC-04,Kaggle Soil Types,https://raw.githubusercontent.com/Shushanth101/Soil-Types-Dataset/main/test/Clay_soil/9009705492.jpeg,Shushanth (Clay Soil),CC0 / Public Domain,https://creativecommons.org/publicdomain/zero/1.0/,soil_ground
SRC-04,Kaggle Soil Types,https://raw.githubusercontent.com/Shushanth101/Soil-Types-Dataset/main/test/Clay_soil/9097340320.jpeg,Shushanth (Clay Soil),CC0 / Public Domain,https://creativecommons.org/publicdomain/zero/1.0/,soil_ground
SRC-04,Kaggle Soil Types,https://raw.githubusercontent.com/Shushanth101/Soil-Types-Dataset/main/test/Clay_soil/9243824077.jpeg,Shushanth (Clay Soil),CC0 / Public Domain,https://creativecommons.org/publicdomain/zero/1.0/,soil_ground
SRC-04,Kaggle Soil Types,https://raw.githubusercontent.com/Shushanth101/Soil-Types-Dataset/main/test/Clay_soil/9323797366.jpeg,Shushanth (Clay Soil),CC0 / Public Domain,https://creativecommons.org/publicdomain/zero/1.0/,soil_ground
SRC-04,Kaggle Soil Types,https://raw.githubusercontent.com/Shushanth101/Soil-Types-Dataset/main/test/Clay_soil/9481862750.jpeg,Shushanth (Clay Soil),CC0 / Public Domain,https://creativecommons.org/publicdomain/zero/1.0/,soil_ground
SRC-04,Kaggle Soil Types,https://raw.githubusercontent.com/Shushanth101/Soil-Types-Dataset/main/test/Clay_soil/9623141463.jpeg,Shushanth (Clay Soil),CC0 / Public Domain,https://creativecommons.org/publicdomain/zero/1.0/,soil_ground
SRC-04,Kaggle Soil Types,https://raw.githubusercontent.com/Shushanth101/Soil-Types-Dataset/main/test/Clay_soil/9656366850.jpeg,Shushanth (Clay Soil),CC0 / Public Domain,https://creativecommons.org/publicdomain/zero/1.0/,soil_ground
SRC-04,Kaggle Soil Types,https://raw.githubusercontent.com/Shushanth101/Soil-Types-Dataset/main/test/Clay_soil/9846034931.jpeg,Shushanth (Clay Soil),CC0 / Public Domain,https://creativecommons.org/publicdomain/zero/1.0/,soil_ground
SRC-04,Kaggle Soil Types,https://raw.githubusercontent.com/Shushanth101/Soil-Types-Dataset/main/test/Clay_soil/9913247838.jpeg,Shushanth (Clay Soil),CC0 / Public Domain,https://creativecommons.org/publicdomain/zero/1.0/,soil_ground
SRC-04,Kaggle Soil Types,https://raw.githubusercontent.com/Shushanth101/Soil-Types-Dataset/main/test/Clay_soil/9942046914.jpeg,Shushanth (Clay Soil),CC0 / Public Domain,https://creativecommons.org/publicdomain/zero/1.0/,soil_ground
SRC-04,Kaggle Soil Types,https://raw.githubusercontent.com/Shushanth101/Soil-Types-Dataset/main/train/Clay_soil/0017810850.jpeg,Shushanth (Clay Soil),CC0 / Public Domain,https://creativecommons.org/publicdomain/zero/1.0/,soil_ground
SRC-04,Kaggle Soil Types,https://raw.githubusercontent.com/Shushanth101/Soil-Types-Dataset/main/train/Clay_soil/0097453311.jpeg,Shushanth (Clay Soil),CC0 / Public Domain,https://creativecommons.org/publicdomain/zero/1.0/,soil_ground
SRC-04,Kaggle Soil Types,https://raw.githubusercontent.com/Shushanth101/Soil-Types-Dataset/main/train/Clay_soil/0152173761.jpeg,Shushanth (Clay Soil),CC0 / Public Domain,https://creativecommons.org/publicdomain/zero/1.0/,soil_ground
SRC-04,Kaggle Soil Types,https://raw.githubusercontent.com/Shushanth101/Soil-Types-Dataset/main/train/Clay_soil/0512666304.jpeg,Shushanth (Clay Soil),CC0 / Public Domain,https://creativecommons.org/publicdomain/zero/1.0/,soil_ground
SRC-04,Kaggle Soil Types,https://raw.githubusercontent.com/Shushanth101/Soil-Types-Dataset/main/train/Clay_soil/0706380141.jpeg,Shushanth (Clay Soil),CC0 / Public Domain,https://creativecommons.org/publicdomain/zero/1.0/,soil_ground
SRC-04,Kaggle Soil Types,https://raw.githubusercontent.com/Shushanth101/Soil-Types-Dataset/main/train/Clay_soil/0743628290.jpeg,Shushanth (Clay Soil),CC0 / Public Domain,https://creativecommons.org/publicdomain/zero/1.0/,soil_ground
SRC-04,Kaggle Soil Types,https://raw.githubusercontent.com/Shushanth101/Soil-Types-Dataset/main/train/Clay_soil/0974784190.jpeg,Shushanth (Clay Soil),CC0 / Public Domain,https://creativecommons.org/publicdomain/zero/1.0/,soil_ground
SRC-04,Kaggle Soil Types,https://raw.githubusercontent.com/Shushanth101/Soil-Types-Dataset/main/train/Clay_soil/1030144542.jpeg,Shushanth (Clay Soil),CC0 / Public Domain,https://creativecommons.org/publicdomain/zero/1.0/,soil_ground
SRC-04,Kaggle Soil Types,https://raw.githubusercontent.com/Shushanth101/Soil-Types-Dataset/main/train/Clay_soil/1267087449.jpeg,Shushanth (Clay Soil),CC0 / Public Domain,https://creativecommons.org/publicdomain/zero/1.0/,soil_ground
SRC-04,Kaggle Soil Types,https://raw.githubusercontent.com/Shushanth101/Soil-Types-Dataset/main/train/Clay_soil/1383769493.jpeg,Shushanth (Clay Soil),CC0 / Public Domain,https://creativecommons.org/publicdomain/zero/1.0/,soil_ground
SRC-04,Kaggle Soil Types,https://raw.githubusercontent.com/Shushanth101/Soil-Types-Dataset/main/train/Clay_soil/1418312283.jpeg,Shushanth (Clay Soil),CC0 / Public Domain,https://creativecommons.org/publicdomain/zero/1.0/,soil_ground
SRC-04,Kaggle Soil Types,https://raw.githubusercontent.com/Shushanth101/Soil-Types-Dataset/main/train/Clay_soil/2251818736.jpeg,Shushanth (Clay Soil),CC0 / Public Domain,https://creativecommons.org/publicdomain/zero/1.0/,soil_ground
SRC-04,Kaggle Soil Types,https://raw.githubusercontent.com/Shushanth101/Soil-Types-Dataset/main/train/Clay_soil/2350732586.jpeg,Shushanth (Clay Soil),CC0 / Public Domain,https://creativecommons.org/publicdomain/zero/1.0/,soil_ground
SRC-04,Kaggle Soil Types,https://raw.githubusercontent.com/Shushanth101/Soil-Types-Dataset/main/train/Clay_soil/2545277848.jpeg,Shushanth (Clay Soil),CC0 / Public Domain,https://creativecommons.org/publicdomain/zero/1.0/,soil_ground
SRC-04,Kaggle Soil Types,https://raw.githubusercontent.com/Shushanth101/Soil-Types-Dataset/main/train/Clay_soil/2714618749.jpeg,Shushanth (Clay Soil),CC0 / Public Domain,https://creativecommons.org/publicdomain/zero/1.0/,soil_ground
SRC-04,Kaggle Soil Types,https://raw.githubusercontent.com/Shushanth101/Soil-Types-Dataset/main/train/Clay_soil/2717225531.jpeg,Shushanth (Clay Soil),CC0 / Public Domain,https://creativecommons.org/publicdomain/zero/1.0/,soil_ground
SRC-04,Kaggle Soil Types,https://raw.githubusercontent.com/Shushanth101/Soil-Types-Dataset/main/train/Clay_soil/3656776086.jpeg,Shushanth (Clay Soil),CC0 / Public Domain,https://creativecommons.org/publicdomain/zero/1.0/,soil_ground
SRC-04,Kaggle Soil Types,https://raw.githubusercontent.com/Shushanth101/Soil-Types-Dataset/main/train/Clay_soil/3803903597.jpeg,Shushanth (Clay Soil),CC0 / Public Domain,https://creativecommons.org/publicdomain/zero/1.0/,soil_ground
SRC-04,Kaggle Soil Types,https://raw.githubusercontent.com/Shushanth101/Soil-Types-Dataset/main/train/Clay_soil/3831219591.jpeg,Shushanth (Clay Soil),CC0 / Public Domain,https://creativecommons.org/publicdomain/zero/1.0/,soil_ground
SRC-04,Kaggle Soil Types,https://raw.githubusercontent.com/Shushanth101/Soil-Types-Dataset/main/train/Clay_soil/4021519594.jpeg,Shushanth (Clay Soil),CC0 / Public Domain,https://creativecommons.org/publicdomain/zero/1.0/,soil_ground
SRC-04,Kaggle Soil Types,https://raw.githubusercontent.com/Shushanth101/Soil-Types-Dataset/main/train/Clay_soil/4033669776.jpeg,Shushanth (Clay Soil),CC0 / Public Domain,https://creativecommons.org/publicdomain/zero/1.0/,soil_ground
SRC-04,Kaggle Soil Types,https://raw.githubusercontent.com/Shushanth101/Soil-Types-Dataset/main/train/Clay_soil/4189574711.jpeg,Shushanth (Clay Soil),CC0 / Public Domain,https://creativecommons.org/publicdomain/zero/1.0/,soil_ground
SRC-04,Kaggle Soil Types,https://raw.githubusercontent.com/Shushanth101/Soil-Types-Dataset/main/train/Clay_soil/4199381067.jpeg,Shushanth (Clay Soil),CC0 / Public Domain,https://creativecommons.org/publicdomain/zero/1.0/,soil_ground
SRC-04,Kaggle Soil Types,https://raw.githubusercontent.com/Shushanth101/Soil-Types-Dataset/main/train/Clay_soil/4492260735.jpeg,Shushanth (Clay Soil),CC0 / Public Domain,https://creativecommons.org/publicdomain/zero/1.0/,soil_ground
SRC-04,Kaggle Soil Types,https://raw.githubusercontent.com/Shushanth101/Soil-Types-Dataset/main/test/Red_soil/0630429499.jpeg,Shushanth (Red Soil),CC0 / Public Domain,https://creativecommons.org/publicdomain/zero/1.0/,soil_ground
SRC-04,Kaggle Soil Types,https://raw.githubusercontent.com/Shushanth101/Soil-Types-Dataset/main/test/Red_soil/0659290079.jpeg,Shushanth (Red Soil),CC0 / Public Domain,https://creativecommons.org/publicdomain/zero/1.0/,soil_ground
SRC-04,Kaggle Soil Types,https://raw.githubusercontent.com/Shushanth101/Soil-Types-Dataset/main/test/Red_soil/0660501338.jpeg,Shushanth (Red Soil),CC0 / Public Domain,https://creativecommons.org/publicdomain/zero/1.0/,soil_ground
SRC-04,Kaggle Soil Types,https://raw.githubusercontent.com/Shushanth101/Soil-Types-Dataset/main/test/Red_soil/0678771600.jpeg,Shushanth (Red Soil),CC0 / Public Domain,https://creativecommons.org/publicdomain/zero/1.0/,soil_ground
SRC-04,Kaggle Soil Types,https://raw.githubusercontent.com/Shushanth101/Soil-Types-Dataset/main/test/Red_soil/0679091714.jpeg,Shushanth (Red Soil),CC0 / Public Domain,https://creativecommons.org/publicdomain/zero/1.0/,soil_ground
SRC-04,Kaggle Soil Types,https://raw.githubusercontent.com/Shushanth101/Soil-Types-Dataset/main/test/Red_soil/0710964903.jpg,Shushanth (Red Soil),CC0 / Public Domain,https://creativecommons.org/publicdomain/zero/1.0/,soil_ground
SRC-04,Kaggle Soil Types,https://raw.githubusercontent.com/Shushanth101/Soil-Types-Dataset/main/test/Red_soil/0712020795.jpeg,Shushanth (Red Soil),CC0 / Public Domain,https://creativecommons.org/publicdomain/zero/1.0/,soil_ground
SRC-04,Kaggle Soil Types,https://raw.githubusercontent.com/Shushanth101/Soil-Types-Dataset/main/test/Red_soil/0718743088.jpeg,Shushanth (Red Soil),CC0 / Public Domain,https://creativecommons.org/publicdomain/zero/1.0/,soil_ground
SRC-04,Kaggle Soil Types,https://raw.githubusercontent.com/Shushanth101/Soil-Types-Dataset/main/test/Red_soil/0725083565.jpg,Shushanth (Red Soil),CC0 / Public Domain,https://creativecommons.org/publicdomain/zero/1.0/,soil_ground
SRC-04,Kaggle Soil Types,https://raw.githubusercontent.com/Shushanth101/Soil-Types-Dataset/main/test/Red_soil/0739319545.jpeg,Shushanth (Red Soil),CC0 / Public Domain,https://creativecommons.org/publicdomain/zero/1.0/,soil_ground
SRC-04,Kaggle Soil Types,https://raw.githubusercontent.com/Shushanth101/Soil-Types-Dataset/main/test/Red_soil/0743968543.jpeg,Shushanth (Red Soil),CC0 / Public Domain,https://creativecommons.org/publicdomain/zero/1.0/,soil_ground
SRC-04,Kaggle Soil Types,https://raw.githubusercontent.com/Shushanth101/Soil-Types-Dataset/main/test/Red_soil/0744496303.jpeg,Shushanth (Red Soil),CC0 / Public Domain,https://creativecommons.org/publicdomain/zero/1.0/,soil_ground
SRC-04,Kaggle Soil Types,https://raw.githubusercontent.com/Shushanth101/Soil-Types-Dataset/main/test/Red_soil/0750015490.jpeg,Shushanth (Red Soil),CC0 / Public Domain,https://creativecommons.org/publicdomain/zero/1.0/,soil_ground
SRC-04,Kaggle Soil Types,https://raw.githubusercontent.com/Shushanth101/Soil-Types-Dataset/main/test/Red_soil/0772991667.jpeg,Shushanth (Red Soil),CC0 / Public Domain,https://creativecommons.org/publicdomain/zero/1.0/,soil_ground
SRC-04,Kaggle Soil Types,https://raw.githubusercontent.com/Shushanth101/Soil-Types-Dataset/main/test/Red_soil/0789714684.jpg,Shushanth (Red Soil),CC0 / Public Domain,https://creativecommons.org/publicdomain/zero/1.0/,soil_ground
SRC-04,Kaggle Soil Types,https://raw.githubusercontent.com/Shushanth101/Soil-Types-Dataset/main/test/Red_soil/0797673087.jpeg,Shushanth (Red Soil),CC0 / Public Domain,https://creativecommons.org/publicdomain/zero/1.0/,soil_ground
SRC-04,Kaggle Soil Types,https://raw.githubusercontent.com/Shushanth101/Soil-Types-Dataset/main/test/Red_soil/0800807113.jpeg,Shushanth (Red Soil),CC0 / Public Domain,https://creativecommons.org/publicdomain/zero/1.0/,soil_ground
SRC-04,Kaggle Soil Types,https://raw.githubusercontent.com/Shushanth101/Soil-Types-Dataset/main/test/Red_soil/0803490527.jpg,Shushanth (Red Soil),CC0 / Public Domain,https://creativecommons.org/publicdomain/zero/1.0/,soil_ground
SRC-04,Kaggle Soil Types,https://raw.githubusercontent.com/Shushanth101/Soil-Types-Dataset/main/test/Red_soil/0808085426.jpeg,Shushanth (Red Soil),CC0 / Public Domain,https://creativecommons.org/publicdomain/zero/1.0/,soil_ground
SRC-04,Kaggle Soil Types,https://raw.githubusercontent.com/Shushanth101/Soil-Types-Dataset/main/test/Red_soil/0811852481.jpeg,Shushanth (Red Soil),CC0 / Public Domain,https://creativecommons.org/publicdomain/zero/1.0/,soil_ground
SRC-04,Kaggle Soil Types,https://raw.githubusercontent.com/Shushanth101/Soil-Types-Dataset/main/test/Red_soil/0814088776.jpeg,Shushanth (Red Soil),CC0 / Public Domain,https://creativecommons.org/publicdomain/zero/1.0/,soil_ground
SRC-04,Kaggle Soil Types,https://raw.githubusercontent.com/Shushanth101/Soil-Types-Dataset/main/test/Red_soil/0827318461.jpeg,Shushanth (Red Soil),CC0 / Public Domain,https://creativecommons.org/publicdomain/zero/1.0/,soil_ground
SRC-04,Kaggle Soil Types,https://raw.githubusercontent.com/Shushanth101/Soil-Types-Dataset/main/test/Red_soil/0830680882.jpeg,Shushanth (Red Soil),CC0 / Public Domain,https://creativecommons.org/publicdomain/zero/1.0/,soil_ground
SRC-04,Kaggle Soil Types,https://raw.githubusercontent.com/Shushanth101/Soil-Types-Dataset/main/test/Red_soil/0835040831.jpeg,Shushanth (Red Soil),CC0 / Public Domain,https://creativecommons.org/publicdomain/zero/1.0/,soil_ground
SRC-04,Kaggle Soil Types,https://raw.githubusercontent.com/Shushanth101/Soil-Types-Dataset/main/train/Red_soil/0021098262.jpeg,Shushanth (Red Soil),CC0 / Public Domain,https://creativecommons.org/publicdomain/zero/1.0/,soil_ground
SRC-04,Kaggle Soil Types,https://raw.githubusercontent.com/Shushanth101/Soil-Types-Dataset/main/train/Red_soil/0021370589.jpeg,Shushanth (Red Soil),CC0 / Public Domain,https://creativecommons.org/publicdomain/zero/1.0/,soil_ground
SRC-04,Kaggle Soil Types,https://raw.githubusercontent.com/Shushanth101/Soil-Types-Dataset/main/train/Red_soil/0026961867.jpeg,Shushanth (Red Soil),CC0 / Public Domain,https://creativecommons.org/publicdomain/zero/1.0/,soil_ground
SRC-04,Kaggle Soil Types,https://raw.githubusercontent.com/Shushanth101/Soil-Types-Dataset/main/train/Red_soil/0031542842.jpeg,Shushanth (Red Soil),CC0 / Public Domain,https://creativecommons.org/publicdomain/zero/1.0/,soil_ground
SRC-04,Kaggle Soil Types,https://raw.githubusercontent.com/Shushanth101/Soil-Types-Dataset/main/train/Red_soil/0034901688.jpeg,Shushanth (Red Soil),CC0 / Public Domain,https://creativecommons.org/publicdomain/zero/1.0/,soil_ground
SRC-04,Kaggle Soil Types,https://raw.githubusercontent.com/Shushanth101/Soil-Types-Dataset/main/train/Red_soil/0067976163.jpeg,Shushanth (Red Soil),CC0 / Public Domain,https://creativecommons.org/publicdomain/zero/1.0/,soil_ground
SRC-04,Kaggle Soil Types,https://raw.githubusercontent.com/Shushanth101/Soil-Types-Dataset/main/train/Red_soil/0085049147.jpeg,Shushanth (Red Soil),CC0 / Public Domain,https://creativecommons.org/publicdomain/zero/1.0/,soil_ground
SRC-04,Kaggle Soil Types,https://raw.githubusercontent.com/Shushanth101/Soil-Types-Dataset/main/train/Red_soil/0085396749.jpeg,Shushanth (Red Soil),CC0 / Public Domain,https://creativecommons.org/publicdomain/zero/1.0/,soil_ground
SRC-04,Kaggle Soil Types,https://raw.githubusercontent.com/Shushanth101/Soil-Types-Dataset/main/train/Red_soil/0086731915.jpeg,Shushanth (Red Soil),CC0 / Public Domain,https://creativecommons.org/publicdomain/zero/1.0/,soil_ground
SRC-04,Kaggle Soil Types,https://raw.githubusercontent.com/Shushanth101/Soil-Types-Dataset/main/train/Red_soil/0090590759.jpeg,Shushanth (Red Soil),CC0 / Public Domain,https://creativecommons.org/publicdomain/zero/1.0/,soil_ground
SRC-04,Kaggle Soil Types,https://raw.githubusercontent.com/Shushanth101/Soil-Types-Dataset/main/train/Red_soil/0110487323.jpeg,Shushanth (Red Soil),CC0 / Public Domain,https://creativecommons.org/publicdomain/zero/1.0/,soil_ground
SRC-04,Kaggle Soil Types,https://raw.githubusercontent.com/Shushanth101/Soil-Types-Dataset/main/train/Red_soil/0126934491.jpg,Shushanth (Red Soil),CC0 / Public Domain,https://creativecommons.org/publicdomain/zero/1.0/,soil_ground
SRC-04,Kaggle Soil Types,https://raw.githubusercontent.com/Shushanth101/Soil-Types-Dataset/main/train/Red_soil/0137466209.jpeg,Shushanth (Red Soil),CC0 / Public Domain,https://creativecommons.org/publicdomain/zero/1.0/,soil_ground
SRC-04,Kaggle Soil Types,https://raw.githubusercontent.com/Shushanth101/Soil-Types-Dataset/main/train/Red_soil/0146888867.jpg,Shushanth (Red Soil),CC0 / Public Domain,https://creativecommons.org/publicdomain/zero/1.0/,soil_ground
SRC-04,Kaggle Soil Types,https://raw.githubusercontent.com/Shushanth101/Soil-Types-Dataset/main/train/Red_soil/0165561064.jpeg,Shushanth (Red Soil),CC0 / Public Domain,https://creativecommons.org/publicdomain/zero/1.0/,soil_ground
SRC-04,Kaggle Soil Types,https://raw.githubusercontent.com/Shushanth101/Soil-Types-Dataset/main/train/Red_soil/0170318597.jpeg,Shushanth (Red Soil),CC0 / Public Domain,https://creativecommons.org/publicdomain/zero/1.0/,soil_ground
SRC-04,Kaggle Soil Types,https://raw.githubusercontent.com/Shushanth101/Soil-Types-Dataset/main/train/Red_soil/0194609351.jpeg,Shushanth (Red Soil),CC0 / Public Domain,https://creativecommons.org/publicdomain/zero/1.0/,soil_ground
SRC-04,Kaggle Soil Types,https://raw.githubusercontent.com/Shushanth101/Soil-Types-Dataset/main/train/Red_soil/0202204720.jpeg,Shushanth (Red Soil),CC0 / Public Domain,https://creativecommons.org/publicdomain/zero/1.0/,soil_ground
SRC-04,Kaggle Soil Types,https://raw.githubusercontent.com/Shushanth101/Soil-Types-Dataset/main/train/Red_soil/0207128315.jpeg,Shushanth (Red Soil),CC0 / Public Domain,https://creativecommons.org/publicdomain/zero/1.0/,soil_ground
SRC-04,Kaggle Soil Types,https://raw.githubusercontent.com/Shushanth101/Soil-Types-Dataset/main/train/Red_soil/0219875781.jpeg,Shushanth (Red Soil),CC0 / Public Domain,https://creativecommons.org/publicdomain/zero/1.0/,soil_ground
SRC-04,Kaggle Soil Types,https://raw.githubusercontent.com/Shushanth101/Soil-Types-Dataset/main/train/Red_soil/0226405011.jpeg,Shushanth (Red Soil),CC0 / Public Domain,https://creativecommons.org/publicdomain/zero/1.0/,soil_ground
SRC-05,Fruits-360,https://github.com/Horea94/Fruit-Images-Dataset/tree/master/Test/Tomato 1/10_100.jpg,Horea Muresan & Mihai Oltean (2018),CC BY-SA 4.0,https://creativecommons.org/licenses/by-sa/4.0/,plant_parts_nonleaf
SRC-05,Fruits-360,https://github.com/Horea94/Fruit-Images-Dataset/tree/master/Test/Tomato 1/11_100.jpg,Horea Muresan & Mihai Oltean (2018),CC BY-SA 4.0,https://creativecommons.org/licenses/by-sa/4.0/,plant_parts_nonleaf
SRC-05,Fruits-360,https://github.com/Horea94/Fruit-Images-Dataset/tree/master/Test/Tomato 1/180_100.jpg,Horea Muresan & Mihai Oltean (2018),CC BY-SA 4.0,https://creativecommons.org/licenses/by-sa/4.0/,plant_parts_nonleaf
SRC-05,Fruits-360,https://github.com/Horea94/Fruit-Images-Dataset/tree/master/Test/Tomato 1/181_100.jpg,Horea Muresan & Mihai Oltean (2018),CC BY-SA 4.0,https://creativecommons.org/licenses/by-sa/4.0/,plant_parts_nonleaf
SRC-05,Fruits-360,https://github.com/Horea94/Fruit-Images-Dataset/tree/master/Test/Tomato 1/182_100.jpg,Horea Muresan & Mihai Oltean (2018),CC BY-SA 4.0,https://creativecommons.org/licenses/by-sa/4.0/,plant_parts_nonleaf
SRC-05,Fruits-360,https://github.com/Horea94/Fruit-Images-Dataset/tree/master/Test/Tomato 1/183_100.jpg,Horea Muresan & Mihai Oltean (2018),CC BY-SA 4.0,https://creativecommons.org/licenses/by-sa/4.0/,plant_parts_nonleaf
SRC-05,Fruits-360,https://github.com/Horea94/Fruit-Images-Dataset/tree/master/Test/Tomato 1/184_100.jpg,Horea Muresan & Mihai Oltean (2018),CC BY-SA 4.0,https://creativecommons.org/licenses/by-sa/4.0/,plant_parts_nonleaf
SRC-05,Fruits-360,https://github.com/Horea94/Fruit-Images-Dataset/tree/master/Test/Tomato 1/185_100.jpg,Horea Muresan & Mihai Oltean (2018),CC BY-SA 4.0,https://creativecommons.org/licenses/by-sa/4.0/,plant_parts_nonleaf
SRC-05,Fruits-360,https://github.com/Horea94/Fruit-Images-Dataset/tree/master/Test/Tomato 1/186_100.jpg,Horea Muresan & Mihai Oltean (2018),CC BY-SA 4.0,https://creativecommons.org/licenses/by-sa/4.0/,plant_parts_nonleaf
SRC-05,Fruits-360,https://github.com/Horea94/Fruit-Images-Dataset/tree/master/Test/Tomato 1/187_100.jpg,Horea Muresan & Mihai Oltean (2018),CC BY-SA 4.0,https://creativecommons.org/licenses/by-sa/4.0/,plant_parts_nonleaf
SRC-05,Fruits-360,https://github.com/Horea94/Fruit-Images-Dataset/tree/master/Test/Tomato 1/188_100.jpg,Horea Muresan & Mihai Oltean (2018),CC BY-SA 4.0,https://creativecommons.org/licenses/by-sa/4.0/,plant_parts_nonleaf
SRC-05,Fruits-360,https://github.com/Horea94/Fruit-Images-Dataset/tree/master/Test/Tomato 1/189_100.jpg,Horea Muresan & Mihai Oltean (2018),CC BY-SA 4.0,https://creativecommons.org/licenses/by-sa/4.0/,plant_parts_nonleaf
SRC-05,Fruits-360,https://github.com/Horea94/Fruit-Images-Dataset/tree/master/Test/Tomato 1/190_100.jpg,Horea Muresan & Mihai Oltean (2018),CC BY-SA 4.0,https://creativecommons.org/licenses/by-sa/4.0/,plant_parts_nonleaf
SRC-05,Fruits-360,https://github.com/Horea94/Fruit-Images-Dataset/tree/master/Test/Tomato 1/191_100.jpg,Horea Muresan & Mihai Oltean (2018),CC BY-SA 4.0,https://creativecommons.org/licenses/by-sa/4.0/,plant_parts_nonleaf
SRC-05,Fruits-360,https://github.com/Horea94/Fruit-Images-Dataset/tree/master/Test/Tomato 1/192_100.jpg,Horea Muresan & Mihai Oltean (2018),CC BY-SA 4.0,https://creativecommons.org/licenses/by-sa/4.0/,plant_parts_nonleaf
SRC-05,Fruits-360,https://github.com/Horea94/Fruit-Images-Dataset/tree/master/Test/Tomato 1/193_100.jpg,Horea Muresan & Mihai Oltean (2018),CC BY-SA 4.0,https://creativecommons.org/licenses/by-sa/4.0/,plant_parts_nonleaf
SRC-05,Fruits-360,https://github.com/Horea94/Fruit-Images-Dataset/tree/master/Test/Tomato 1/194_100.jpg,Horea Muresan & Mihai Oltean (2018),CC BY-SA 4.0,https://creativecommons.org/licenses/by-sa/4.0/,plant_parts_nonleaf
SRC-05,Fruits-360,https://github.com/Horea94/Fruit-Images-Dataset/tree/master/Test/Tomato 1/195_100.jpg,Horea Muresan & Mihai Oltean (2018),CC BY-SA 4.0,https://creativecommons.org/licenses/by-sa/4.0/,plant_parts_nonleaf
SRC-05,Fruits-360,https://github.com/Horea94/Fruit-Images-Dataset/tree/master/Test/Tomato 1/196_100.jpg,Horea Muresan & Mihai Oltean (2018),CC BY-SA 4.0,https://creativecommons.org/licenses/by-sa/4.0/,plant_parts_nonleaf
SRC-05,Fruits-360,https://github.com/Horea94/Fruit-Images-Dataset/tree/master/Test/Tomato 1/197_100.jpg,Horea Muresan & Mihai Oltean (2018),CC BY-SA 4.0,https://creativecommons.org/licenses/by-sa/4.0/,plant_parts_nonleaf
SRC-05,Fruits-360,https://github.com/Horea94/Fruit-Images-Dataset/tree/master/Test/Tomato 2/100_100.jpg,Horea Muresan & Mihai Oltean (2018),CC BY-SA 4.0,https://creativecommons.org/licenses/by-sa/4.0/,plant_parts_nonleaf
SRC-05,Fruits-360,https://github.com/Horea94/Fruit-Images-Dataset/tree/master/Test/Tomato 2/101_100.jpg,Horea Muresan & Mihai Oltean (2018),CC BY-SA 4.0,https://creativecommons.org/licenses/by-sa/4.0/,plant_parts_nonleaf
SRC-05,Fruits-360,https://github.com/Horea94/Fruit-Images-Dataset/tree/master/Test/Tomato 2/102_100.jpg,Horea Muresan & Mihai Oltean (2018),CC BY-SA 4.0,https://creativecommons.org/licenses/by-sa/4.0/,plant_parts_nonleaf
SRC-05,Fruits-360,https://github.com/Horea94/Fruit-Images-Dataset/tree/master/Test/Tomato 2/103_100.jpg,Horea Muresan & Mihai Oltean (2018),CC BY-SA 4.0,https://creativecommons.org/licenses/by-sa/4.0/,plant_parts_nonleaf
SRC-05,Fruits-360,https://github.com/Horea94/Fruit-Images-Dataset/tree/master/Test/Tomato 2/104_100.jpg,Horea Muresan & Mihai Oltean (2018),CC BY-SA 4.0,https://creativecommons.org/licenses/by-sa/4.0/,plant_parts_nonleaf
SRC-05,Fruits-360,https://github.com/Horea94/Fruit-Images-Dataset/tree/master/Test/Tomato 2/105_100.jpg,Horea Muresan & Mihai Oltean (2018),CC BY-SA 4.0,https://creativecommons.org/licenses/by-sa/4.0/,plant_parts_nonleaf
SRC-05,Fruits-360,https://github.com/Horea94/Fruit-Images-Dataset/tree/master/Test/Tomato 2/106_100.jpg,Horea Muresan & Mihai Oltean (2018),CC BY-SA 4.0,https://creativecommons.org/licenses/by-sa/4.0/,plant_parts_nonleaf
SRC-05,Fruits-360,https://github.com/Horea94/Fruit-Images-Dataset/tree/master/Test/Tomato 2/107_100.jpg,Horea Muresan & Mihai Oltean (2018),CC BY-SA 4.0,https://creativecommons.org/licenses/by-sa/4.0/,plant_parts_nonleaf
SRC-05,Fruits-360,https://github.com/Horea94/Fruit-Images-Dataset/tree/master/Test/Tomato 2/108_100.jpg,Horea Muresan & Mihai Oltean (2018),CC BY-SA 4.0,https://creativecommons.org/licenses/by-sa/4.0/,plant_parts_nonleaf
SRC-05,Fruits-360,https://github.com/Horea94/Fruit-Images-Dataset/tree/master/Test/Tomato 2/109_100.jpg,Horea Muresan & Mihai Oltean (2018),CC BY-SA 4.0,https://creativecommons.org/licenses/by-sa/4.0/,plant_parts_nonleaf
SRC-05,Fruits-360,https://github.com/Horea94/Fruit-Images-Dataset/tree/master/Test/Tomato 2/110_100.jpg,Horea Muresan & Mihai Oltean (2018),CC BY-SA 4.0,https://creativecommons.org/licenses/by-sa/4.0/,plant_parts_nonleaf
SRC-05,Fruits-360,https://github.com/Horea94/Fruit-Images-Dataset/tree/master/Test/Tomato 2/111_100.jpg,Horea Muresan & Mihai Oltean (2018),CC BY-SA 4.0,https://creativecommons.org/licenses/by-sa/4.0/,plant_parts_nonleaf
SRC-05,Fruits-360,https://github.com/Horea94/Fruit-Images-Dataset/tree/master/Test/Tomato 2/112_100.jpg,Horea Muresan & Mihai Oltean (2018),CC BY-SA 4.0,https://creativecommons.org/licenses/by-sa/4.0/,plant_parts_nonleaf
SRC-05,Fruits-360,https://github.com/Horea94/Fruit-Images-Dataset/tree/master/Test/Tomato 2/143_100.jpg,Horea Muresan & Mihai Oltean (2018),CC BY-SA 4.0,https://creativecommons.org/licenses/by-sa/4.0/,plant_parts_nonleaf
SRC-05,Fruits-360,https://github.com/Horea94/Fruit-Images-Dataset/tree/master/Test/Tomato 2/147_100.jpg,Horea Muresan & Mihai Oltean (2018),CC BY-SA 4.0,https://creativecommons.org/licenses/by-sa/4.0/,plant_parts_nonleaf
SRC-05,Fruits-360,https://github.com/Horea94/Fruit-Images-Dataset/tree/master/Test/Tomato 2/151_100.jpg,Horea Muresan & Mihai Oltean (2018),CC BY-SA 4.0,https://creativecommons.org/licenses/by-sa/4.0/,plant_parts_nonleaf
SRC-05,Fruits-360,https://github.com/Horea94/Fruit-Images-Dataset/tree/master/Test/Tomato 2/156_100.jpg,Horea Muresan & Mihai Oltean (2018),CC BY-SA 4.0,https://creativecommons.org/licenses/by-sa/4.0/,plant_parts_nonleaf
SRC-05,Fruits-360,https://github.com/Horea94/Fruit-Images-Dataset/tree/master/Test/Tomato 2/158_100.jpg,Horea Muresan & Mihai Oltean (2018),CC BY-SA 4.0,https://creativecommons.org/licenses/by-sa/4.0/,plant_parts_nonleaf
SRC-05,Fruits-360,https://github.com/Horea94/Fruit-Images-Dataset/tree/master/Test/Tomato 2/159_100.jpg,Horea Muresan & Mihai Oltean (2018),CC BY-SA 4.0,https://creativecommons.org/licenses/by-sa/4.0/,plant_parts_nonleaf
SRC-05,Fruits-360,https://github.com/Horea94/Fruit-Images-Dataset/tree/master/Test/Tomato 2/160_100.jpg,Horea Muresan & Mihai Oltean (2018),CC BY-SA 4.0,https://creativecommons.org/licenses/by-sa/4.0/,plant_parts_nonleaf
SRC-05,Fruits-360,https://github.com/Horea94/Fruit-Images-Dataset/tree/master/Test/Tomato Cherry Red/192_100.jpg,Horea Muresan & Mihai Oltean (2018),CC BY-SA 4.0,https://creativecommons.org/licenses/by-sa/4.0/,plant_parts_nonleaf
SRC-05,Fruits-360,https://github.com/Horea94/Fruit-Images-Dataset/tree/master/Test/Tomato Cherry Red/194_100.jpg,Horea Muresan & Mihai Oltean (2018),CC BY-SA 4.0,https://creativecommons.org/licenses/by-sa/4.0/,plant_parts_nonleaf
SRC-05,Fruits-360,https://github.com/Horea94/Fruit-Images-Dataset/tree/master/Test/Tomato Cherry Red/195_100.jpg,Horea Muresan & Mihai Oltean (2018),CC BY-SA 4.0,https://creativecommons.org/licenses/by-sa/4.0/,plant_parts_nonleaf
SRC-05,Fruits-360,https://github.com/Horea94/Fruit-Images-Dataset/tree/master/Test/Tomato Cherry Red/196_100.jpg,Horea Muresan & Mihai Oltean (2018),CC BY-SA 4.0,https://creativecommons.org/licenses/by-sa/4.0/,plant_parts_nonleaf
SRC-05,Fruits-360,https://github.com/Horea94/Fruit-Images-Dataset/tree/master/Test/Tomato Cherry Red/198_100.jpg,Horea Muresan & Mihai Oltean (2018),CC BY-SA 4.0,https://creativecommons.org/licenses/by-sa/4.0/,plant_parts_nonleaf
SRC-05,Fruits-360,https://github.com/Horea94/Fruit-Images-Dataset/tree/master/Test/Tomato Cherry Red/19_100.jpg,Horea Muresan & Mihai Oltean (2018),CC BY-SA 4.0,https://creativecommons.org/licenses/by-sa/4.0/,plant_parts_nonleaf
SRC-05,Fruits-360,https://github.com/Horea94/Fruit-Images-Dataset/tree/master/Test/Tomato Cherry Red/200_100.jpg,Horea Muresan & Mihai Oltean (2018),CC BY-SA 4.0,https://creativecommons.org/licenses/by-sa/4.0/,plant_parts_nonleaf
SRC-05,Fruits-360,https://github.com/Horea94/Fruit-Images-Dataset/tree/master/Test/Tomato Cherry Red/201_100.jpg,Horea Muresan & Mihai Oltean (2018),CC BY-SA 4.0,https://creativecommons.org/licenses/by-sa/4.0/,plant_parts_nonleaf
SRC-05,Fruits-360,https://github.com/Horea94/Fruit-Images-Dataset/tree/master/Test/Tomato Cherry Red/202_100.jpg,Horea Muresan & Mihai Oltean (2018),CC BY-SA 4.0,https://creativecommons.org/licenses/by-sa/4.0/,plant_parts_nonleaf
SRC-05,Fruits-360,https://github.com/Horea94/Fruit-Images-Dataset/tree/master/Test/Tomato Cherry Red/203_100.jpg,Horea Muresan & Mihai Oltean (2018),CC BY-SA 4.0,https://creativecommons.org/licenses/by-sa/4.0/,plant_parts_nonleaf
SRC-05,Fruits-360,https://github.com/Horea94/Fruit-Images-Dataset/tree/master/Test/Tomato Cherry Red/204_100.jpg,Horea Muresan & Mihai Oltean (2018),CC BY-SA 4.0,https://creativecommons.org/licenses/by-sa/4.0/,plant_parts_nonleaf
SRC-05,Fruits-360,https://github.com/Horea94/Fruit-Images-Dataset/tree/master/Test/Tomato Cherry Red/205_100.jpg,Horea Muresan & Mihai Oltean (2018),CC BY-SA 4.0,https://creativecommons.org/licenses/by-sa/4.0/,plant_parts_nonleaf
SRC-05,Fruits-360,https://github.com/Horea94/Fruit-Images-Dataset/tree/master/Test/Tomato Cherry Red/206_100.jpg,Horea Muresan & Mihai Oltean (2018),CC BY-SA 4.0,https://creativecommons.org/licenses/by-sa/4.0/,plant_parts_nonleaf
SRC-05,Fruits-360,https://github.com/Horea94/Fruit-Images-Dataset/tree/master/Test/Tomato Cherry Red/207_100.jpg,Horea Muresan & Mihai Oltean (2018),CC BY-SA 4.0,https://creativecommons.org/licenses/by-sa/4.0/,plant_parts_nonleaf
SRC-05,Fruits-360,https://github.com/Horea94/Fruit-Images-Dataset/tree/master/Test/Tomato Cherry Red/208_100.jpg,Horea Muresan & Mihai Oltean (2018),CC BY-SA 4.0,https://creativecommons.org/licenses/by-sa/4.0/,plant_parts_nonleaf
SRC-05,Fruits-360,https://github.com/Horea94/Fruit-Images-Dataset/tree/master/Test/Tomato Cherry Red/209_100.jpg,Horea Muresan & Mihai Oltean (2018),CC BY-SA 4.0,https://creativecommons.org/licenses/by-sa/4.0/,plant_parts_nonleaf
SRC-05,Fruits-360,https://github.com/Horea94/Fruit-Images-Dataset/tree/master/Test/Tomato Cherry Red/20_100.jpg,Horea Muresan & Mihai Oltean (2018),CC BY-SA 4.0,https://creativecommons.org/licenses/by-sa/4.0/,plant_parts_nonleaf
SRC-05,Fruits-360,https://github.com/Horea94/Fruit-Images-Dataset/tree/master/Test/Tomato Cherry Red/210_100.jpg,Horea Muresan & Mihai Oltean (2018),CC BY-SA 4.0,https://creativecommons.org/licenses/by-sa/4.0/,plant_parts_nonleaf
SRC-05,Fruits-360,https://github.com/Horea94/Fruit-Images-Dataset/tree/master/Test/Tomato Cherry Red/211_100.jpg,Horea Muresan & Mihai Oltean (2018),CC BY-SA 4.0,https://creativecommons.org/licenses/by-sa/4.0/,plant_parts_nonleaf
SRC-05,Fruits-360,https://github.com/Horea94/Fruit-Images-Dataset/tree/master/Test/Tomato Cherry Red/212_100.jpg,Horea Muresan & Mihai Oltean (2018),CC BY-SA 4.0,https://creativecommons.org/licenses/by-sa/4.0/,plant_parts_nonleaf
SRC-05,Fruits-360,https://github.com/Horea94/Fruit-Images-Dataset/tree/master/Test/Grape Blue/107_100.jpg,Horea Muresan & Mihai Oltean (2018),CC BY-SA 4.0,https://creativecommons.org/licenses/by-sa/4.0/,plant_parts_nonleaf
SRC-05,Fruits-360,https://github.com/Horea94/Fruit-Images-Dataset/tree/master/Test/Grape Blue/111_100.jpg,Horea Muresan & Mihai Oltean (2018),CC BY-SA 4.0,https://creativecommons.org/licenses/by-sa/4.0/,plant_parts_nonleaf
SRC-05,Fruits-360,https://github.com/Horea94/Fruit-Images-Dataset/tree/master/Test/Grape Blue/146_100.jpg,Horea Muresan & Mihai Oltean (2018),CC BY-SA 4.0,https://creativecommons.org/licenses/by-sa/4.0/,plant_parts_nonleaf
SRC-05,Fruits-360,https://github.com/Horea94/Fruit-Images-Dataset/tree/master/Test/Grape Blue/148_100.jpg,Horea Muresan & Mihai Oltean (2018),CC BY-SA 4.0,https://creativecommons.org/licenses/by-sa/4.0/,plant_parts_nonleaf
SRC-05,Fruits-360,https://github.com/Horea94/Fruit-Images-Dataset/tree/master/Test/Grape Blue/155_100.jpg,Horea Muresan & Mihai Oltean (2018),CC BY-SA 4.0,https://creativecommons.org/licenses/by-sa/4.0/,plant_parts_nonleaf
SRC-05,Fruits-360,https://github.com/Horea94/Fruit-Images-Dataset/tree/master/Test/Grape Blue/156_100.jpg,Horea Muresan & Mihai Oltean (2018),CC BY-SA 4.0,https://creativecommons.org/licenses/by-sa/4.0/,plant_parts_nonleaf
SRC-05,Fruits-360,https://github.com/Horea94/Fruit-Images-Dataset/tree/master/Test/Grape Blue/158_100.jpg,Horea Muresan & Mihai Oltean (2018),CC BY-SA 4.0,https://creativecommons.org/licenses/by-sa/4.0/,plant_parts_nonleaf
SRC-05,Fruits-360,https://github.com/Horea94/Fruit-Images-Dataset/tree/master/Test/Grape Blue/159_100.jpg,Horea Muresan & Mihai Oltean (2018),CC BY-SA 4.0,https://creativecommons.org/licenses/by-sa/4.0/,plant_parts_nonleaf
SRC-05,Fruits-360,https://github.com/Horea94/Fruit-Images-Dataset/tree/master/Test/Grape Blue/160_100.jpg,Horea Muresan & Mihai Oltean (2018),CC BY-SA 4.0,https://creativecommons.org/licenses/by-sa/4.0/,plant_parts_nonleaf
SRC-05,Fruits-360,https://github.com/Horea94/Fruit-Images-Dataset/tree/master/Test/Grape Blue/161_100.jpg,Horea Muresan & Mihai Oltean (2018),CC BY-SA 4.0,https://creativecommons.org/licenses/by-sa/4.0/,plant_parts_nonleaf
SRC-05,Fruits-360,https://github.com/Horea94/Fruit-Images-Dataset/tree/master/Test/Grape Blue/162_100.jpg,Horea Muresan & Mihai Oltean (2018),CC BY-SA 4.0,https://creativecommons.org/licenses/by-sa/4.0/,plant_parts_nonleaf
SRC-05,Fruits-360,https://github.com/Horea94/Fruit-Images-Dataset/tree/master/Test/Grape Blue/163_100.jpg,Horea Muresan & Mihai Oltean (2018),CC BY-SA 4.0,https://creativecommons.org/licenses/by-sa/4.0/,plant_parts_nonleaf
SRC-05,Fruits-360,https://github.com/Horea94/Fruit-Images-Dataset/tree/master/Test/Grape Blue/164_100.jpg,Horea Muresan & Mihai Oltean (2018),CC BY-SA 4.0,https://creativecommons.org/licenses/by-sa/4.0/,plant_parts_nonleaf
SRC-05,Fruits-360,https://github.com/Horea94/Fruit-Images-Dataset/tree/master/Test/Grape Blue/165_100.jpg,Horea Muresan & Mihai Oltean (2018),CC BY-SA 4.0,https://creativecommons.org/licenses/by-sa/4.0/,plant_parts_nonleaf
SRC-05,Fruits-360,https://github.com/Horea94/Fruit-Images-Dataset/tree/master/Test/Grape Blue/167_100.jpg,Horea Muresan & Mihai Oltean (2018),CC BY-SA 4.0,https://creativecommons.org/licenses/by-sa/4.0/,plant_parts_nonleaf
SRC-05,Fruits-360,https://github.com/Horea94/Fruit-Images-Dataset/tree/master/Test/Grape Blue/169_100.jpg,Horea Muresan & Mihai Oltean (2018),CC BY-SA 4.0,https://creativecommons.org/licenses/by-sa/4.0/,plant_parts_nonleaf
SRC-05,Fruits-360,https://github.com/Horea94/Fruit-Images-Dataset/tree/master/Test/Grape Blue/170_100.jpg,Horea Muresan & Mihai Oltean (2018),CC BY-SA 4.0,https://creativecommons.org/licenses/by-sa/4.0/,plant_parts_nonleaf
SRC-05,Fruits-360,https://github.com/Horea94/Fruit-Images-Dataset/tree/master/Test/Grape Blue/171_100.jpg,Horea Muresan & Mihai Oltean (2018),CC BY-SA 4.0,https://creativecommons.org/licenses/by-sa/4.0/,plant_parts_nonleaf
SRC-05,Fruits-360,https://github.com/Horea94/Fruit-Images-Dataset/tree/master/Test/Grape Blue/19_100.jpg,Horea Muresan & Mihai Oltean (2018),CC BY-SA 4.0,https://creativecommons.org/licenses/by-sa/4.0/,plant_parts_nonleaf
SRC-05,Fruits-360,https://github.com/Horea94/Fruit-Images-Dataset/tree/master/Test/Grape Blue/20_100.jpg,Horea Muresan & Mihai Oltean (2018),CC BY-SA 4.0,https://creativecommons.org/licenses/by-sa/4.0/,plant_parts_nonleaf
SRC-05,Fruits-360,https://github.com/Horea94/Fruit-Images-Dataset/tree/master/Test/Grape Pink/321_100.jpg,Horea Muresan & Mihai Oltean (2018),CC BY-SA 4.0,https://creativecommons.org/licenses/by-sa/4.0/,plant_parts_nonleaf
SRC-05,Fruits-360,https://github.com/Horea94/Fruit-Images-Dataset/tree/master/Test/Grape Pink/322_100.jpg,Horea Muresan & Mihai Oltean (2018),CC BY-SA 4.0,https://creativecommons.org/licenses/by-sa/4.0/,plant_parts_nonleaf
SRC-05,Fruits-360,https://github.com/Horea94/Fruit-Images-Dataset/tree/master/Test/Grape Pink/323_100.jpg,Horea Muresan & Mihai Oltean (2018),CC BY-SA 4.0,https://creativecommons.org/licenses/by-sa/4.0/,plant_parts_nonleaf
SRC-05,Fruits-360,https://github.com/Horea94/Fruit-Images-Dataset/tree/master/Test/Grape Pink/324_100.jpg,Horea Muresan & Mihai Oltean (2018),CC BY-SA 4.0,https://creativecommons.org/licenses/by-sa/4.0/,plant_parts_nonleaf
SRC-05,Fruits-360,https://github.com/Horea94/Fruit-Images-Dataset/tree/master/Test/Grape Pink/325_100.jpg,Horea Muresan & Mihai Oltean (2018),CC BY-SA 4.0,https://creativecommons.org/licenses/by-sa/4.0/,plant_parts_nonleaf
SRC-05,Fruits-360,https://github.com/Horea94/Fruit-Images-Dataset/tree/master/Test/Grape Pink/326_100.jpg,Horea Muresan & Mihai Oltean (2018),CC BY-SA 4.0,https://creativecommons.org/licenses/by-sa/4.0/,plant_parts_nonleaf
SRC-05,Fruits-360,https://github.com/Horea94/Fruit-Images-Dataset/tree/master/Test/Grape Pink/327_100.jpg,Horea Muresan & Mihai Oltean (2018),CC BY-SA 4.0,https://creativecommons.org/licenses/by-sa/4.0/,plant_parts_nonleaf
SRC-05,Fruits-360,https://github.com/Horea94/Fruit-Images-Dataset/tree/master/Test/Grape Pink/32_100.jpg,Horea Muresan & Mihai Oltean (2018),CC BY-SA 4.0,https://creativecommons.org/licenses/by-sa/4.0/,plant_parts_nonleaf
SRC-05,Fruits-360,https://github.com/Horea94/Fruit-Images-Dataset/tree/master/Test/Grape Pink/33_100.jpg,Horea Muresan & Mihai Oltean (2018),CC BY-SA 4.0,https://creativecommons.org/licenses/by-sa/4.0/,plant_parts_nonleaf
SRC-05,Fruits-360,https://github.com/Horea94/Fruit-Images-Dataset/tree/master/Test/Grape Pink/34_100.jpg,Horea Muresan & Mihai Oltean (2018),CC BY-SA 4.0,https://creativecommons.org/licenses/by-sa/4.0/,plant_parts_nonleaf
SRC-05,Fruits-360,https://github.com/Horea94/Fruit-Images-Dataset/tree/master/Test/Grape Pink/35_100.jpg,Horea Muresan & Mihai Oltean (2018),CC BY-SA 4.0,https://creativecommons.org/licenses/by-sa/4.0/,plant_parts_nonleaf
SRC-05,Fruits-360,https://github.com/Horea94/Fruit-Images-Dataset/tree/master/Test/Grape Pink/36_100.jpg,Horea Muresan & Mihai Oltean (2018),CC BY-SA 4.0,https://creativecommons.org/licenses/by-sa/4.0/,plant_parts_nonleaf
SRC-05,Fruits-360,https://github.com/Horea94/Fruit-Images-Dataset/tree/master/Test/Grape Pink/37_100.jpg,Horea Muresan & Mihai Oltean (2018),CC BY-SA 4.0,https://creativecommons.org/licenses/by-sa/4.0/,plant_parts_nonleaf
SRC-05,Fruits-360,https://github.com/Horea94/Fruit-Images-Dataset/tree/master/Test/Grape Pink/38_100.jpg,Horea Muresan & Mihai Oltean (2018),CC BY-SA 4.0,https://creativecommons.org/licenses/by-sa/4.0/,plant_parts_nonleaf
SRC-05,Fruits-360,https://github.com/Horea94/Fruit-Images-Dataset/tree/master/Test/Grape Pink/39_100.jpg,Horea Muresan & Mihai Oltean (2018),CC BY-SA 4.0,https://creativecommons.org/licenses/by-sa/4.0/,plant_parts_nonleaf
SRC-05,Fruits-360,https://github.com/Horea94/Fruit-Images-Dataset/tree/master/Test/Grape Pink/3_100.jpg,Horea Muresan & Mihai Oltean (2018),CC BY-SA 4.0,https://creativecommons.org/licenses/by-sa/4.0/,plant_parts_nonleaf
SRC-05,Fruits-360,https://github.com/Horea94/Fruit-Images-Dataset/tree/master/Test/Grape Pink/40_100.jpg,Horea Muresan & Mihai Oltean (2018),CC BY-SA 4.0,https://creativecommons.org/licenses/by-sa/4.0/,plant_parts_nonleaf
SRC-05,Fruits-360,https://github.com/Horea94/Fruit-Images-Dataset/tree/master/Test/Grape Pink/41_100.jpg,Horea Muresan & Mihai Oltean (2018),CC BY-SA 4.0,https://creativecommons.org/licenses/by-sa/4.0/,plant_parts_nonleaf
SRC-05,Fruits-360,https://github.com/Horea94/Fruit-Images-Dataset/tree/master/Test/Grape Pink/42_100.jpg,Horea Muresan & Mihai Oltean (2018),CC BY-SA 4.0,https://creativecommons.org/licenses/by-sa/4.0/,plant_parts_nonleaf
SRC-05,Fruits-360,https://github.com/Horea94/Fruit-Images-Dataset/tree/master/Test/Grape Pink/43_100.jpg,Horea Muresan & Mihai Oltean (2018),CC BY-SA 4.0,https://creativecommons.org/licenses/by-sa/4.0/,plant_parts_nonleaf
SRC-05,Fruits-360,https://github.com/Horea94/Fruit-Images-Dataset/tree/master/Test/Grape White/101_100.jpg,Horea Muresan & Mihai Oltean (2018),CC BY-SA 4.0,https://creativecommons.org/licenses/by-sa/4.0/,plant_parts_nonleaf
SRC-05,Fruits-360,https://github.com/Horea94/Fruit-Images-Dataset/tree/master/Test/Grape White/102_100.jpg,Horea Muresan & Mihai Oltean (2018),CC BY-SA 4.0,https://creativecommons.org/licenses/by-sa/4.0/,plant_parts_nonleaf
SRC-05,Fruits-360,https://github.com/Horea94/Fruit-Images-Dataset/tree/master/Test/Grape White/107_100.jpg,Horea Muresan & Mihai Oltean (2018),CC BY-SA 4.0,https://creativecommons.org/licenses/by-sa/4.0/,plant_parts_nonleaf
SRC-05,Fruits-360,https://github.com/Horea94/Fruit-Images-Dataset/tree/master/Test/Grape White/239_100.jpg,Horea Muresan & Mihai Oltean (2018),CC BY-SA 4.0,https://creativecommons.org/licenses/by-sa/4.0/,plant_parts_nonleaf
SRC-05,Fruits-360,https://github.com/Horea94/Fruit-Images-Dataset/tree/master/Test/Grape White/241_100.jpg,Horea Muresan & Mihai Oltean (2018),CC BY-SA 4.0,https://creativecommons.org/licenses/by-sa/4.0/,plant_parts_nonleaf
SRC-05,Fruits-360,https://github.com/Horea94/Fruit-Images-Dataset/tree/master/Test/Grape White/243_100.jpg,Horea Muresan & Mihai Oltean (2018),CC BY-SA 4.0,https://creativecommons.org/licenses/by-sa/4.0/,plant_parts_nonleaf
SRC-05,Fruits-360,https://github.com/Horea94/Fruit-Images-Dataset/tree/master/Test/Grape White/244_100.jpg,Horea Muresan & Mihai Oltean (2018),CC BY-SA 4.0,https://creativecommons.org/licenses/by-sa/4.0/,plant_parts_nonleaf
SRC-05,Fruits-360,https://github.com/Horea94/Fruit-Images-Dataset/tree/master/Test/Grape White/245_100.jpg,Horea Muresan & Mihai Oltean (2018),CC BY-SA 4.0,https://creativecommons.org/licenses/by-sa/4.0/,plant_parts_nonleaf
SRC-05,Fruits-360,https://github.com/Horea94/Fruit-Images-Dataset/tree/master/Test/Grape White/246_100.jpg,Horea Muresan & Mihai Oltean (2018),CC BY-SA 4.0,https://creativecommons.org/licenses/by-sa/4.0/,plant_parts_nonleaf
SRC-05,Fruits-360,https://github.com/Horea94/Fruit-Images-Dataset/tree/master/Test/Grape White/249_100.jpg,Horea Muresan & Mihai Oltean (2018),CC BY-SA 4.0,https://creativecommons.org/licenses/by-sa/4.0/,plant_parts_nonleaf
SRC-05,Fruits-360,https://github.com/Horea94/Fruit-Images-Dataset/tree/master/Test/Grape White/251_100.jpg,Horea Muresan & Mihai Oltean (2018),CC BY-SA 4.0,https://creativecommons.org/licenses/by-sa/4.0/,plant_parts_nonleaf
SRC-05,Fruits-360,https://github.com/Horea94/Fruit-Images-Dataset/tree/master/Test/Grape White/252_100.jpg,Horea Muresan & Mihai Oltean (2018),CC BY-SA 4.0,https://creativecommons.org/licenses/by-sa/4.0/,plant_parts_nonleaf
SRC-05,Fruits-360,https://github.com/Horea94/Fruit-Images-Dataset/tree/master/Test/Grape White/253_100.jpg,Horea Muresan & Mihai Oltean (2018),CC BY-SA 4.0,https://creativecommons.org/licenses/by-sa/4.0/,plant_parts_nonleaf
SRC-05,Fruits-360,https://github.com/Horea94/Fruit-Images-Dataset/tree/master/Test/Grape White/255_100.jpg,Horea Muresan & Mihai Oltean (2018),CC BY-SA 4.0,https://creativecommons.org/licenses/by-sa/4.0/,plant_parts_nonleaf
SRC-05,Fruits-360,https://github.com/Horea94/Fruit-Images-Dataset/tree/master/Test/Grape White/256_100.jpg,Horea Muresan & Mihai Oltean (2018),CC BY-SA 4.0,https://creativecommons.org/licenses/by-sa/4.0/,plant_parts_nonleaf
SRC-05,Fruits-360,https://github.com/Horea94/Fruit-Images-Dataset/tree/master/Test/Grape White/257_100.jpg,Horea Muresan & Mihai Oltean (2018),CC BY-SA 4.0,https://creativecommons.org/licenses/by-sa/4.0/,plant_parts_nonleaf
SRC-05,Fruits-360,https://github.com/Horea94/Fruit-Images-Dataset/tree/master/Test/Grape White/258_100.jpg,Horea Muresan & Mihai Oltean (2018),CC BY-SA 4.0,https://creativecommons.org/licenses/by-sa/4.0/,plant_parts_nonleaf
SRC-05,Fruits-360,https://github.com/Horea94/Fruit-Images-Dataset/tree/master/Test/Grape White/259_100.jpg,Horea Muresan & Mihai Oltean (2018),CC BY-SA 4.0,https://creativecommons.org/licenses/by-sa/4.0/,plant_parts_nonleaf
SRC-05,Fruits-360,https://github.com/Horea94/Fruit-Images-Dataset/tree/master/Test/Grape White/260_100.jpg,Horea Muresan & Mihai Oltean (2018),CC BY-SA 4.0,https://creativecommons.org/licenses/by-sa/4.0/,plant_parts_nonleaf
SRC-05,Fruits-360,https://github.com/Horea94/Fruit-Images-Dataset/tree/master/Test/Grape White/261_100.jpg,Horea Muresan & Mihai Oltean (2018),CC BY-SA 4.0,https://creativecommons.org/licenses/by-sa/4.0/,plant_parts_nonleaf
SRC-05,Fruits-360,https://github.com/Horea94/Fruit-Images-Dataset/tree/master/Test/Pepper Red/0_100.jpg,Horea Muresan & Mihai Oltean (2018),CC BY-SA 4.0,https://creativecommons.org/licenses/by-sa/4.0/,plant_parts_nonleaf
SRC-05,Fruits-360,https://github.com/Horea94/Fruit-Images-Dataset/tree/master/Test/Pepper Red/144_100.jpg,Horea Muresan & Mihai Oltean (2018),CC BY-SA 4.0,https://creativecommons.org/licenses/by-sa/4.0/,plant_parts_nonleaf
SRC-05,Fruits-360,https://github.com/Horea94/Fruit-Images-Dataset/tree/master/Test/Pepper Red/146_100.jpg,Horea Muresan & Mihai Oltean (2018),CC BY-SA 4.0,https://creativecommons.org/licenses/by-sa/4.0/,plant_parts_nonleaf
SRC-05,Fruits-360,https://github.com/Horea94/Fruit-Images-Dataset/tree/master/Test/Pepper Red/147_100.jpg,Horea Muresan & Mihai Oltean (2018),CC BY-SA 4.0,https://creativecommons.org/licenses/by-sa/4.0/,plant_parts_nonleaf
SRC-05,Fruits-360,https://github.com/Horea94/Fruit-Images-Dataset/tree/master/Test/Pepper Red/148_100.jpg,Horea Muresan & Mihai Oltean (2018),CC BY-SA 4.0,https://creativecommons.org/licenses/by-sa/4.0/,plant_parts_nonleaf
SRC-05,Fruits-360,https://github.com/Horea94/Fruit-Images-Dataset/tree/master/Test/Pepper Red/149_100.jpg,Horea Muresan & Mihai Oltean (2018),CC BY-SA 4.0,https://creativecommons.org/licenses/by-sa/4.0/,plant_parts_nonleaf
SRC-05,Fruits-360,https://github.com/Horea94/Fruit-Images-Dataset/tree/master/Test/Pepper Red/150_100.jpg,Horea Muresan & Mihai Oltean (2018),CC BY-SA 4.0,https://creativecommons.org/licenses/by-sa/4.0/,plant_parts_nonleaf
SRC-05,Fruits-360,https://github.com/Horea94/Fruit-Images-Dataset/tree/master/Test/Pepper Red/151_100.jpg,Horea Muresan & Mihai Oltean (2018),CC BY-SA 4.0,https://creativecommons.org/licenses/by-sa/4.0/,plant_parts_nonleaf
SRC-05,Fruits-360,https://github.com/Horea94/Fruit-Images-Dataset/tree/master/Test/Pepper Red/152_100.jpg,Horea Muresan & Mihai Oltean (2018),CC BY-SA 4.0,https://creativecommons.org/licenses/by-sa/4.0/,plant_parts_nonleaf
SRC-05,Fruits-360,https://github.com/Horea94/Fruit-Images-Dataset/tree/master/Test/Pepper Red/153_100.jpg,Horea Muresan & Mihai Oltean (2018),CC BY-SA 4.0,https://creativecommons.org/licenses/by-sa/4.0/,plant_parts_nonleaf
SRC-05,Fruits-360,https://github.com/Horea94/Fruit-Images-Dataset/tree/master/Test/Pepper Red/154_100.jpg,Horea Muresan & Mihai Oltean (2018),CC BY-SA 4.0,https://creativecommons.org/licenses/by-sa/4.0/,plant_parts_nonleaf
SRC-05,Fruits-360,https://github.com/Horea94/Fruit-Images-Dataset/tree/master/Test/Pepper Red/1_100.jpg,Horea Muresan & Mihai Oltean (2018),CC BY-SA 4.0,https://creativecommons.org/licenses/by-sa/4.0/,plant_parts_nonleaf
SRC-05,Fruits-360,https://github.com/Horea94/Fruit-Images-Dataset/tree/master/Test/Pepper Red/211_100.jpg,Horea Muresan & Mihai Oltean (2018),CC BY-SA 4.0,https://creativecommons.org/licenses/by-sa/4.0/,plant_parts_nonleaf
SRC-05,Fruits-360,https://github.com/Horea94/Fruit-Images-Dataset/tree/master/Test/Pepper Red/212_100.jpg,Horea Muresan & Mihai Oltean (2018),CC BY-SA 4.0,https://creativecommons.org/licenses/by-sa/4.0/,plant_parts_nonleaf
SRC-05,Fruits-360,https://github.com/Horea94/Fruit-Images-Dataset/tree/master/Test/Pepper Red/213_100.jpg,Horea Muresan & Mihai Oltean (2018),CC BY-SA 4.0,https://creativecommons.org/licenses/by-sa/4.0/,plant_parts_nonleaf
SRC-05,Fruits-360,https://github.com/Horea94/Fruit-Images-Dataset/tree/master/Test/Pepper Red/214_100.jpg,Horea Muresan & Mihai Oltean (2018),CC BY-SA 4.0,https://creativecommons.org/licenses/by-sa/4.0/,plant_parts_nonleaf
SRC-05,Fruits-360,https://github.com/Horea94/Fruit-Images-Dataset/tree/master/Test/Pepper Red/215_100.jpg,Horea Muresan & Mihai Oltean (2018),CC BY-SA 4.0,https://creativecommons.org/licenses/by-sa/4.0/,plant_parts_nonleaf
SRC-05,Fruits-360,https://github.com/Horea94/Fruit-Images-Dataset/tree/master/Test/Pepper Red/217_100.jpg,Horea Muresan & Mihai Oltean (2018),CC BY-SA 4.0,https://creativecommons.org/licenses/by-sa/4.0/,plant_parts_nonleaf
SRC-05,Fruits-360,https://github.com/Horea94/Fruit-Images-Dataset/tree/master/Test/Pepper Red/220_100.jpg,Horea Muresan & Mihai Oltean (2018),CC BY-SA 4.0,https://creativecommons.org/licenses/by-sa/4.0/,plant_parts_nonleaf
SRC-05,Fruits-360,https://github.com/Horea94/Fruit-Images-Dataset/tree/master/Test/Pepper Red/222_100.jpg,Horea Muresan & Mihai Oltean (2018),CC BY-SA 4.0,https://creativecommons.org/licenses/by-sa/4.0/,plant_parts_nonleaf
SRC-05,Fruits-360,https://github.com/Horea94/Fruit-Images-Dataset/tree/master/Test/Pepper Green/100_100.jpg,Horea Muresan & Mihai Oltean (2018),CC BY-SA 4.0,https://creativecommons.org/licenses/by-sa/4.0/,plant_parts_nonleaf
SRC-05,Fruits-360,https://github.com/Horea94/Fruit-Images-Dataset/tree/master/Test/Pepper Green/101_100.jpg,Horea Muresan & Mihai Oltean (2018),CC BY-SA 4.0,https://creativecommons.org/licenses/by-sa/4.0/,plant_parts_nonleaf
SRC-05,Fruits-360,https://github.com/Horea94/Fruit-Images-Dataset/tree/master/Test/Pepper Green/102_100.jpg,Horea Muresan & Mihai Oltean (2018),CC BY-SA 4.0,https://creativecommons.org/licenses/by-sa/4.0/,plant_parts_nonleaf
SRC-05,Fruits-360,https://github.com/Horea94/Fruit-Images-Dataset/tree/master/Test/Pepper Green/103_100.jpg,Horea Muresan & Mihai Oltean (2018),CC BY-SA 4.0,https://creativecommons.org/licenses/by-sa/4.0/,plant_parts_nonleaf
SRC-05,Fruits-360,https://github.com/Horea94/Fruit-Images-Dataset/tree/master/Test/Pepper Green/104_100.jpg,Horea Muresan & Mihai Oltean (2018),CC BY-SA 4.0,https://creativecommons.org/licenses/by-sa/4.0/,plant_parts_nonleaf
SRC-05,Fruits-360,https://github.com/Horea94/Fruit-Images-Dataset/tree/master/Test/Pepper Green/105_100.jpg,Horea Muresan & Mihai Oltean (2018),CC BY-SA 4.0,https://creativecommons.org/licenses/by-sa/4.0/,plant_parts_nonleaf
SRC-05,Fruits-360,https://github.com/Horea94/Fruit-Images-Dataset/tree/master/Test/Pepper Green/106_100.jpg,Horea Muresan & Mihai Oltean (2018),CC BY-SA 4.0,https://creativecommons.org/licenses/by-sa/4.0/,plant_parts_nonleaf
SRC-05,Fruits-360,https://github.com/Horea94/Fruit-Images-Dataset/tree/master/Test/Pepper Green/107_100.jpg,Horea Muresan & Mihai Oltean (2018),CC BY-SA 4.0,https://creativecommons.org/licenses/by-sa/4.0/,plant_parts_nonleaf
SRC-05,Fruits-360,https://github.com/Horea94/Fruit-Images-Dataset/tree/master/Test/Pepper Green/108_100.jpg,Horea Muresan & Mihai Oltean (2018),CC BY-SA 4.0,https://creativecommons.org/licenses/by-sa/4.0/,plant_parts_nonleaf
SRC-05,Fruits-360,https://github.com/Horea94/Fruit-Images-Dataset/tree/master/Test/Pepper Green/109_100.jpg,Horea Muresan & Mihai Oltean (2018),CC BY-SA 4.0,https://creativecommons.org/licenses/by-sa/4.0/,plant_parts_nonleaf
SRC-05,Fruits-360,https://github.com/Horea94/Fruit-Images-Dataset/tree/master/Test/Pepper Green/110_100.jpg,Horea Muresan & Mihai Oltean (2018),CC BY-SA 4.0,https://creativecommons.org/licenses/by-sa/4.0/,plant_parts_nonleaf
SRC-05,Fruits-360,https://github.com/Horea94/Fruit-Images-Dataset/tree/master/Test/Pepper Green/113_100.jpg,Horea Muresan & Mihai Oltean (2018),CC BY-SA 4.0,https://creativecommons.org/licenses/by-sa/4.0/,plant_parts_nonleaf
SRC-05,Fruits-360,https://github.com/Horea94/Fruit-Images-Dataset/tree/master/Test/Pepper Green/114_100.jpg,Horea Muresan & Mihai Oltean (2018),CC BY-SA 4.0,https://creativecommons.org/licenses/by-sa/4.0/,plant_parts_nonleaf
SRC-05,Fruits-360,https://github.com/Horea94/Fruit-Images-Dataset/tree/master/Test/Pepper Green/116_100.jpg,Horea Muresan & Mihai Oltean (2018),CC BY-SA 4.0,https://creativecommons.org/licenses/by-sa/4.0/,plant_parts_nonleaf
SRC-05,Fruits-360,https://github.com/Horea94/Fruit-Images-Dataset/tree/master/Test/Pepper Green/117_100.jpg,Horea Muresan & Mihai Oltean (2018),CC BY-SA 4.0,https://creativecommons.org/licenses/by-sa/4.0/,plant_parts_nonleaf
SRC-05,Fruits-360,https://github.com/Horea94/Fruit-Images-Dataset/tree/master/Test/Pepper Green/118_100.jpg,Horea Muresan & Mihai Oltean (2018),CC BY-SA 4.0,https://creativecommons.org/licenses/by-sa/4.0/,plant_parts_nonleaf
SRC-05,Fruits-360,https://github.com/Horea94/Fruit-Images-Dataset/tree/master/Test/Pepper Green/119_100.jpg,Horea Muresan & Mihai Oltean (2018),CC BY-SA 4.0,https://creativecommons.org/licenses/by-sa/4.0/,plant_parts_nonleaf
SRC-05,Fruits-360,https://github.com/Horea94/Fruit-Images-Dataset/tree/master/Test/Pepper Green/120_100.jpg,Horea Muresan & Mihai Oltean (2018),CC BY-SA 4.0,https://creativecommons.org/licenses/by-sa/4.0/,plant_parts_nonleaf
SRC-05,Fruits-360,https://github.com/Horea94/Fruit-Images-Dataset/tree/master/Test/Pepper Green/121_100.jpg,Horea Muresan & Mihai Oltean (2018),CC BY-SA 4.0,https://creativecommons.org/licenses/by-sa/4.0/,plant_parts_nonleaf
SRC-05,Fruits-360,https://github.com/Horea94/Fruit-Images-Dataset/tree/master/Test/Pepper Green/122_100.jpg,Horea Muresan & Mihai Oltean (2018),CC BY-SA 4.0,https://creativecommons.org/licenses/by-sa/4.0/,plant_parts_nonleaf
SRC-05,Fruits-360,https://github.com/Horea94/Fruit-Images-Dataset/tree/master/Test/Pepper Yellow/125_100.jpg,Horea Muresan & Mihai Oltean (2018),CC BY-SA 4.0,https://creativecommons.org/licenses/by-sa/4.0/,plant_parts_nonleaf
SRC-05,Fruits-360,https://github.com/Horea94/Fruit-Images-Dataset/tree/master/Test/Pepper Yellow/126_100.jpg,Horea Muresan & Mihai Oltean (2018),CC BY-SA 4.0,https://creativecommons.org/licenses/by-sa/4.0/,plant_parts_nonleaf
SRC-05,Fruits-360,https://github.com/Horea94/Fruit-Images-Dataset/tree/master/Test/Pepper Yellow/127_100.jpg,Horea Muresan & Mihai Oltean (2018),CC BY-SA 4.0,https://creativecommons.org/licenses/by-sa/4.0/,plant_parts_nonleaf
SRC-05,Fruits-360,https://github.com/Horea94/Fruit-Images-Dataset/tree/master/Test/Pepper Yellow/128_100.jpg,Horea Muresan & Mihai Oltean (2018),CC BY-SA 4.0,https://creativecommons.org/licenses/by-sa/4.0/,plant_parts_nonleaf
SRC-05,Fruits-360,https://github.com/Horea94/Fruit-Images-Dataset/tree/master/Test/Pepper Yellow/129_100.jpg,Horea Muresan & Mihai Oltean (2018),CC BY-SA 4.0,https://creativecommons.org/licenses/by-sa/4.0/,plant_parts_nonleaf
SRC-05,Fruits-360,https://github.com/Horea94/Fruit-Images-Dataset/tree/master/Test/Pepper Yellow/130_100.jpg,Horea Muresan & Mihai Oltean (2018),CC BY-SA 4.0,https://creativecommons.org/licenses/by-sa/4.0/,plant_parts_nonleaf
SRC-05,Fruits-360,https://github.com/Horea94/Fruit-Images-Dataset/tree/master/Test/Pepper Yellow/131_100.jpg,Horea Muresan & Mihai Oltean (2018),CC BY-SA 4.0,https://creativecommons.org/licenses/by-sa/4.0/,plant_parts_nonleaf
SRC-05,Fruits-360,https://github.com/Horea94/Fruit-Images-Dataset/tree/master/Test/Pepper Yellow/138_100.jpg,Horea Muresan & Mihai Oltean (2018),CC BY-SA 4.0,https://creativecommons.org/licenses/by-sa/4.0/,plant_parts_nonleaf
SRC-05,Fruits-360,https://github.com/Horea94/Fruit-Images-Dataset/tree/master/Test/Pepper Yellow/139_100.jpg,Horea Muresan & Mihai Oltean (2018),CC BY-SA 4.0,https://creativecommons.org/licenses/by-sa/4.0/,plant_parts_nonleaf
SRC-05,Fruits-360,https://github.com/Horea94/Fruit-Images-Dataset/tree/master/Test/Pepper Yellow/142_100.jpg,Horea Muresan & Mihai Oltean (2018),CC BY-SA 4.0,https://creativecommons.org/licenses/by-sa/4.0/,plant_parts_nonleaf
SRC-05,Fruits-360,https://github.com/Horea94/Fruit-Images-Dataset/tree/master/Test/Pepper Yellow/145_100.jpg,Horea Muresan & Mihai Oltean (2018),CC BY-SA 4.0,https://creativecommons.org/licenses/by-sa/4.0/,plant_parts_nonleaf
SRC-05,Fruits-360,https://github.com/Horea94/Fruit-Images-Dataset/tree/master/Test/Pepper Yellow/146_100.jpg,Horea Muresan & Mihai Oltean (2018),CC BY-SA 4.0,https://creativecommons.org/licenses/by-sa/4.0/,plant_parts_nonleaf
SRC-05,Fruits-360,https://github.com/Horea94/Fruit-Images-Dataset/tree/master/Test/Pepper Yellow/147_100.jpg,Horea Muresan & Mihai Oltean (2018),CC BY-SA 4.0,https://creativecommons.org/licenses/by-sa/4.0/,plant_parts_nonleaf
SRC-05,Fruits-360,https://github.com/Horea94/Fruit-Images-Dataset/tree/master/Test/Pepper Yellow/148_100.jpg,Horea Muresan & Mihai Oltean (2018),CC BY-SA 4.0,https://creativecommons.org/licenses/by-sa/4.0/,plant_parts_nonleaf
SRC-05,Fruits-360,https://github.com/Horea94/Fruit-Images-Dataset/tree/master/Test/Pepper Yellow/149_100.jpg,Horea Muresan & Mihai Oltean (2018),CC BY-SA 4.0,https://creativecommons.org/licenses/by-sa/4.0/,plant_parts_nonleaf
SRC-05,Fruits-360,https://github.com/Horea94/Fruit-Images-Dataset/tree/master/Test/Pepper Yellow/150_100.jpg,Horea Muresan & Mihai Oltean (2018),CC BY-SA 4.0,https://creativecommons.org/licenses/by-sa/4.0/,plant_parts_nonleaf
SRC-05,Fruits-360,https://github.com/Horea94/Fruit-Images-Dataset/tree/master/Test/Pepper Yellow/151_100.jpg,Horea Muresan & Mihai Oltean (2018),CC BY-SA 4.0,https://creativecommons.org/licenses/by-sa/4.0/,plant_parts_nonleaf
SRC-05,Fruits-360,https://github.com/Horea94/Fruit-Images-Dataset/tree/master/Test/Pepper Yellow/152_100.jpg,Horea Muresan & Mihai Oltean (2018),CC BY-SA 4.0,https://creativecommons.org/licenses/by-sa/4.0/,plant_parts_nonleaf
SRC-05,Fruits-360,https://github.com/Horea94/Fruit-Images-Dataset/tree/master/Test/Pepper Yellow/153_100.jpg,Horea Muresan & Mihai Oltean (2018),CC BY-SA 4.0,https://creativecommons.org/licenses/by-sa/4.0/,plant_parts_nonleaf
SRC-05,Fruits-360,https://github.com/Horea94/Fruit-Images-Dataset/tree/master/Test/Pepper Yellow/154_100.jpg,Horea Muresan & Mihai Oltean (2018),CC BY-SA 4.0,https://creativecommons.org/licenses/by-sa/4.0/,plant_parts_nonleaf
SRC-03,Wikimedia Commons,https://commons.wikimedia.org/wiki/File:Soil_Health_(20220420-NRCS-UNK-045).jpg,USDAgov,PD,https://commons.wikimedia.org/wiki/Commons:Licensing,soil_ground
SRC-03,Wikimedia Commons,https://commons.wikimedia.org/wiki/File:Soil_Textural_Triangle.jpg,USDA Natural Resources Conservation Service,PD,https://commons.wikimedia.org/wiki/Commons:Licensing,soil_ground
SRC-03,Wikimedia Commons,https://commons.wikimedia.org/wiki/File:Soil_texture_chart.png,Greenman-23,CC0,http://creativecommons.org/publicdomain/zero/1.0/deed.en,soil_ground
SRC-03,Wikimedia Commons,https://commons.wikimedia.org/wiki/File:2019_Iowa_Tractor_Ride_with_Secretary_Perdue_(20190623-OSEC-LSC-0357).jpg,USDAgov,PD,https://commons.wikimedia.org/wiki/Commons:Licensing,agri_tools_equipment
SRC-03,Wikimedia Commons,https://commons.wikimedia.org/wiki/File:2019_Iowa_Tractor_Ride_with_Secretary_Perdue_(20190623-OSEC-LSC-0424).jpg,USDAgov,PD,https://commons.wikimedia.org/wiki/Commons:Licensing,agri_tools_equipment
SRC-03,Wikimedia Commons,https://commons.wikimedia.org/wiki/File:2019_Iowa_Tractor_Ride_with_Secretary_Perdue_(20190623-OSEC-LSC-0489).jpg,USDAgov,PD,https://commons.wikimedia.org/wiki/Commons:Licensing,agri_tools_equipment
SRC-03,Wikimedia Commons,https://commons.wikimedia.org/wiki/File:2019_Iowa_Tractor_Ride_with_Secretary_Perdue_(20190624-OSEC-DL-0001).jpg,USDAgov,PD,https://commons.wikimedia.org/wiki/Commons:Licensing,agri_tools_equipment
SRC-03,Wikimedia Commons,https://commons.wikimedia.org/wiki/File:2019_Iowa_Tractor_Ride_with_Secretary_Perdue_(20190624-OSEC-DL-0002).jpg,USDAgov,PD,https://commons.wikimedia.org/wiki/Commons:Licensing,agri_tools_equipment
SRC-03,Wikimedia Commons,https://commons.wikimedia.org/wiki/File:2019_Iowa_Tractor_Ride_with_Secretary_Perdue_(20190624-OSEC-DL-0003).jpg,USDAgov,PD,https://commons.wikimedia.org/wiki/Commons:Licensing,agri_tools_equipment
SRC-03,Wikimedia Commons,https://commons.wikimedia.org/wiki/File:2019_Iowa_Tractor_Ride_with_Secretary_Perdue_(20190624-OSEC-DL-0005).jpg,USDAgov,PD,https://commons.wikimedia.org/wiki/Commons:Licensing,agri_tools_equipment
SRC-03,Wikimedia Commons,https://commons.wikimedia.org/wiki/File:2019_Iowa_Tractor_Ride_with_Secretary_Perdue_(20190624-OSEC-DL-0138).jpg,USDAgov,PD,https://commons.wikimedia.org/wiki/Commons:Licensing,agri_tools_equipment
SRC-03,Wikimedia Commons,https://commons.wikimedia.org/wiki/File:2019_Iowa_Tractor_Ride_with_Secretary_Perdue_(20190624-OSEC-DL-0175).jpg,USDAgov,PD,https://commons.wikimedia.org/wiki/Commons:Licensing,agri_tools_equipment
SRC-03,Wikimedia Commons,https://commons.wikimedia.org/wiki/File:2019_Iowa_Tractor_Ride_with_Secretary_Perdue_(20190624-OSEC-DL-0293).jpg,USDAgov,PD,https://commons.wikimedia.org/wiki/Commons:Licensing,agri_tools_equipment
SRC-03,Wikimedia Commons,https://commons.wikimedia.org/wiki/File:2019_Iowa_Tractor_Ride_with_Secretary_Perdue_(48118841473).jpg,USDAgov,PD,https://commons.wikimedia.org/wiki/Commons:Licensing,agri_tools_equipment
SRC-03,Wikimedia Commons,https://commons.wikimedia.org/wiki/File:Agricultural_Machinery.jpg,Marvellousdurowaiye,CC-BY-SA-4.0,https://creativecommons.org/licenses/by-sa/4.0,agri_tools_equipment
SRC-03,Wikimedia Commons,https://commons.wikimedia.org/wiki/File:Agricultural_machinery.jpg,Bob Nichols,PD,https://commons.wikimedia.org/wiki/Commons:Licensing,agri_tools_equipment
SRC-03,Wikimedia Commons,"https://commons.wikimedia.org/wiki/File:Agricultural_machinery_dealership,_Ellington_-_geograph.org.uk_-_1631503.jpg",Michael Trolove,CC-BY-SA-2.0,https://creativecommons.org/licenses/by-sa/2.0,agri_tools_equipment
SRC-03,Wikimedia Commons,https://commons.wikimedia.org/wiki/File:Ancient_tractor_at_Peel_Farm_-_geograph.org.uk_-_7771801.jpg,Oliver Dixon,CC-BY-SA-2.0,https://creativecommons.org/licenses/by-sa/2.0,agri_tools_equipment
SRC-03,Wikimedia Commons,https://commons.wikimedia.org/wiki/File:Farm_Equipment-Machinery-_Old_and_New_(20200512-FPAC-PLANTING-555).jpg,USDAgov,PD,https://commons.wikimedia.org/wiki/Commons:Licensing,agri_tools_equipment
SRC-03,Wikimedia Commons,https://commons.wikimedia.org/wiki/File:Farm_Equipment-Machinery-_Old_and_New_(20200512-FPAC-PLANTING-584).jpg,USDAgov,PD,https://commons.wikimedia.org/wiki/Commons:Licensing,agri_tools_equipment
SRC-03,Wikimedia Commons,https://commons.wikimedia.org/wiki/File:Farm_Equipment-Machinery-_Old_and_New_(20211213-ARS-LSC-1910).jpg,USDAgov,PD,https://commons.wikimedia.org/wiki/Commons:Licensing,agri_tools_equipment
SRC-03,Wikimedia Commons,https://commons.wikimedia.org/wiki/File:Farm_Machinery_-_geograph.org.uk_-_2843593.jpg,Christine Westerback,CC-BY-SA-2.0,https://creativecommons.org/licenses/by-sa/2.0,agri_tools_equipment
SRC-03,Wikimedia Commons,https://commons.wikimedia.org/wiki/File:Farm_Machinery_off_Stainburn_Lane_-_geograph.org.uk_-_2899004.jpg,Chris Heaton,CC-BY-SA-2.0,https://creativecommons.org/licenses/by-sa/2.0,agri_tools_equipment
SRC-03,Wikimedia Commons,https://commons.wikimedia.org/wiki/File:Farm_machineries_for_agricultural_purposes.jpg,daSupremo,CC-BY-SA-4.0,https://creativecommons.org/licenses/by-sa/4.0,agri_tools_equipment
SRC-03,Wikimedia Commons,https://commons.wikimedia.org/wiki/File:Farm_machinery_-_geograph.org.uk_-_4142951.jpg,N Chadwick,CC-BY-SA-2.0,https://creativecommons.org/licenses/by-sa/2.0,agri_tools_equipment
SRC-03,Wikimedia Commons,https://commons.wikimedia.org/wiki/File:Farm_machinery_at_Yellowham_Hill_-_geograph.org.uk_-_881290.jpg,Nigel Mykura,CC-BY-SA-2.0,https://creativecommons.org/licenses/by-sa/2.0,agri_tools_equipment
SRC-03,Wikimedia Commons,https://commons.wikimedia.org/wiki/File:Farm_machinery_by_the_Jurassic_Way_-_geograph.org.uk_-_1738826.jpg,Michael Trolove,CC-BY-SA-2.0,https://creativecommons.org/licenses/by-sa/2.0,agri_tools_equipment
SRC-03,Wikimedia Commons,https://commons.wikimedia.org/wiki/File:Farm_machinery_dealership_in_the_Cotswolds._-_geograph.org.uk_-_286452.jpg,Jonathan Billinger,CC-BY-SA-2.0,https://creativecommons.org/licenses/by-sa/2.0,agri_tools_equipment
SRC-03,Wikimedia Commons,https://commons.wikimedia.org/wiki/File:Farm_machinery_near_Earith_-_geograph.org.uk_-_559621.jpg,Ben Harris,CC-BY-SA-2.0,https://creativecommons.org/licenses/by-sa/2.0,agri_tools_equipment
SRC-03,Wikimedia Commons,https://commons.wikimedia.org/wiki/File:Farm_machinery_near_the_Grange_-_geograph.org.uk_-_1799365.jpg,Michael Trolove,CC-BY-SA-2.0,https://creativecommons.org/licenses/by-sa/2.0,agri_tools_equipment
SRC-03,Wikimedia Commons,https://commons.wikimedia.org/wiki/File:Farm_yard_machinery_-_geograph.org.uk_-_6370302.jpg,P Gaskell,CC-BY-SA-2.0,https://creativecommons.org/licenses/by-sa/2.0,agri_tools_equipment
SRC-03,Wikimedia Commons,https://commons.wikimedia.org/wiki/File:Ferguson_tractor_and_other_old_machinery_-_geograph.org.uk_-_5342699.jpg,Jim Barton,CC-BY-SA-2.0,https://creativecommons.org/licenses/by-sa/2.0,agri_tools_equipment
SRC-03,Wikimedia Commons,https://commons.wikimedia.org/wiki/File:Frozen_brand_new_tractors_displayed_outside_Diem%27s_farm_machinery_store._8d23498v.jpg,Marjory Collins,PD,https://commons.wikimedia.org/wiki/Commons:Licensing,agri_tools_equipment
SRC-03,Wikimedia Commons,"https://commons.wikimedia.org/wiki/File:Machinery,_Beckett%27s_Farm_-_geograph.org.uk_-_4701968.jpg",N Chadwick,CC-BY-SA-2.0,https://creativecommons.org/licenses/by-sa/2.0,agri_tools_equipment
SRC-03,Wikimedia Commons,"https://commons.wikimedia.org/wiki/File:Masons_Tractors_and_Garden_Machinery,_Rixy_park_-_geograph.org.uk_-_12046.jpg",Mike Crowe,CC-BY-SA-2.0,https://creativecommons.org/licenses/by-sa/2.0,agri_tools_equipment
SRC-03,Wikimedia Commons,https://commons.wikimedia.org/wiki/File:Old_Farm_Machinery_at_Brinsbury_Campus._-_geograph.org.uk_-_187255.jpg,Colin Smith,CC-BY-SA-2.0,https://creativecommons.org/licenses/by-sa/2.0,agri_tools_equipment
SRC-03,Wikimedia Commons,"https://commons.wikimedia.org/wiki/File:Old_Tractor,_Leachive_Farm_-_geograph.org.uk_-_454716.jpg",Mick Garratt,CC-BY-SA-2.0,https://creativecommons.org/licenses/by-sa/2.0,agri_tools_equipment
SRC-03,Wikimedia Commons,https://commons.wikimedia.org/wiki/File:Old_Tractor_at_Raynor_House_Farm_-_geograph.org.uk_-_6762851.jpg,Neil Theasby,CC-BY-SA-2.0,https://creativecommons.org/licenses/by-sa/2.0,agri_tools_equipment
SRC-03,Wikimedia Commons,https://commons.wikimedia.org/wiki/File:Old_farm_machinery_-_geograph.org.uk_-_530265.jpg,Pauline Eccles,CC-BY-SA-2.0,https://creativecommons.org/licenses/by-sa/2.0,agri_tools_equipment
SRC-03,Wikimedia Commons,https://commons.wikimedia.org/wiki/File:Old_farm_machinery_-_geograph.org.uk_-_6158877.jpg,P Gaskell,CC-BY-SA-2.0,https://creativecommons.org/licenses/by-sa/2.0,agri_tools_equipment
SRC-03,Wikimedia Commons,https://commons.wikimedia.org/wiki/File:Old_tractor_at_Haugh_Mill_Farm_-_geograph.org.uk_-_7194164.jpg,Chris Holifield,CC-BY-SA-2.0,https://creativecommons.org/licenses/by-sa/2.0,agri_tools_equipment
SRC-03,Wikimedia Commons,https://commons.wikimedia.org/wiki/File:Queensland_State_Archives_1680_Child_on_tractor_at_demonstration_of_farm_machinery_1944.png,"Agriculture And Stock Department, Information Branch, Photography Section",PD,https://commons.wikimedia.org/wiki/Commons:Licensing,agri_tools_equipment
SRC-03,Wikimedia Commons,https://commons.wikimedia.org/wiki/File:Stubble_field_with_tractor_and_other_farm_machinery_-_geograph.org.uk_-_4683057.jpg,Trevor Littlewood,CC-BY-SA-2.0,https://creativecommons.org/licenses/by-sa/2.0,agri_tools_equipment
SRC-03,Wikimedia Commons,https://commons.wikimedia.org/wiki/File:Tractor_and_farm_buildings_-_geograph.org.uk_-_2750588.jpg,Philip Halling,CC-BY-SA-2.0,https://creativecommons.org/licenses/by-sa/2.0,agri_tools_equipment
SRC-03,Wikimedia Commons,https://commons.wikimedia.org/wiki/File:Tractor_and_other_farm_equipment_-_geograph.org.uk_-_1922076.jpg,Peter Barr,CC-BY-SA-2.0,https://creativecommons.org/licenses/by-sa/2.0,agri_tools_equipment
SRC-03,Wikimedia Commons,https://commons.wikimedia.org/wiki/File:Tractor_at_Wormiston_Farm_-_geograph.org.uk_-_2062822.jpg,James Allan,CC-BY-SA-2.0,https://creativecommons.org/licenses/by-sa/2.0,agri_tools_equipment
SRC-03,Wikimedia Commons,https://commons.wikimedia.org/wiki/File:Tractor_at_work_with_Horley_farm_beyond_-_geograph.org.uk_-_1949842.jpg,Shazz,CC-BY-SA-2.0,https://creativecommons.org/licenses/by-sa/2.0,agri_tools_equipment
SRC-03,Wikimedia Commons,https://commons.wikimedia.org/wiki/File:Tractor_by_Upper_Norton_Farm_-_geograph.org.uk_-_7420970.jpg,Oscar Taylor,CC-BY-SA-2.0,https://creativecommons.org/licenses/by-sa/2.0,agri_tools_equipment
SRC-03,Wikimedia Commons,https://commons.wikimedia.org/wiki/File:Farm_and_garden_supplies_(16374428400).jpg,Griffith and Turner Company.; Henry G. Gilbert Nursery and Seed Trade Catalog Collection.,CC-BY-2.0,https://creativecommons.org/licenses/by/2.0,agri_tools_equipment
SRC-03,Wikimedia Commons,https://commons.wikimedia.org/wiki/File:Garden_and_farm_seeds_(16250388278).jpg,A. Currie &amp; Company.; Henry G. Gilbert Nursery and Seed Trade Catalog Collection.,PD,https://commons.wikimedia.org/wiki/Commons:Licensing,agri_tools_equipment
SRC-03,Wikimedia Commons,https://commons.wikimedia.org/wiki/File:Garden_and_farm_seeds_(16372780475).jpg,A. Currie &amp; Company.; Henry G. Gilbert Nursery and Seed Trade Catalog Collection.,PD,https://commons.wikimedia.org/wiki/Commons:Licensing,agri_tools_equipment
SRC-03,Wikimedia Commons,"https://commons.wikimedia.org/wiki/File:2024_National_Botanic_Garden_of_Wales_Glasshouse,_Interior_2.jpg",Stefan Oemisch (Germany),CC-BY-SA-4.0,https://creativecommons.org/licenses/by-sa/4.0,buildings_structures
SRC-03,Wikimedia Commons,"https://commons.wikimedia.org/wiki/File:Abandoned_greenhouse_at_Kolibki_Park_in_Gdynia,_Poland.jpg",FunctioningMemberOfSociety,CC-BY-4.0,https://creativecommons.org/licenses/by/4.0,buildings_structures
SRC-03,Wikimedia Commons,https://commons.wikimedia.org/wiki/File:Bicentenary_Glasshouse_-_geograph.org.uk_-_641713.jpg,Ian W Scroggy,CC-BY-SA-2.0,https://creativecommons.org/licenses/by-sa/2.0,buildings_structures
SRC-03,Wikimedia Commons,https://commons.wikimedia.org/wiki/File:Details_of_the_Great_Glasshouse_(2)_-_geograph.org.uk_-_4229278.jpg,M J Richardson,CC-BY-SA-2.0,https://creativecommons.org/licenses/by-sa/2.0,buildings_structures
SRC-03,Wikimedia Commons,https://commons.wikimedia.org/wiki/File:Estufa_principal_do_Jardim_Bot%C3%A2nico_de_Curitiba_02.jpg,Rodrigo.Argenton,CC-BY-SA-4.0,https://creativecommons.org/licenses/by-sa/4.0,buildings_structures
SRC-03,Wikimedia Commons,"https://commons.wikimedia.org/wiki/File:Glasshouse,_RHS_Gardens,_Wisley_-_geograph.org.uk_-_803731.jpg",Julia MG,CC-BY-SA-2.0,https://creativecommons.org/licenses/by-sa/2.0,buildings_structures
SRC-03,Wikimedia Commons,https://commons.wikimedia.org/wiki/File:Glasshouse_Gables_-_geograph.org.uk_-_1003373.jpg,Colin Smith,CC-BY-SA-2.0,https://creativecommons.org/licenses/by-sa/2.0,buildings_structures
SRC-03,Wikimedia Commons,https://commons.wikimedia.org/wiki/File:Glasshouse_at_Wisley_-_geograph.org.uk_-_1018613.jpg,Ajay Tegala,CC-BY-SA-2.0,https://creativecommons.org/licenses/by-sa/2.0,buildings_structures
SRC-03,Wikimedia Commons,https://commons.wikimedia.org/wiki/File:Glasshouse_maintenance_-_geograph.org.uk_-_3545930.jpg,Robin Drayton,CC-BY-SA-2.0,https://creativecommons.org/licenses/by-sa/2.0,buildings_structures
SRC-03,Wikimedia Commons,https://commons.wikimedia.org/wiki/File:Great_Glasshouse_-_geograph.org.uk_-_6283673.jpg,Alex McGregor,CC-BY-SA-2.0,https://creativecommons.org/licenses/by-sa/2.0,buildings_structures
SRC-03,Wikimedia Commons,"https://commons.wikimedia.org/wiki/File:Greenhouse-like_gallery,_left_wing_of_the_Royal_Castle,_Laeken,_2026.jpg",DimiTalen,CC0,http://creativecommons.org/publicdomain/zero/1.0/deed.en,buildings_structures
SRC-03,Wikimedia Commons,https://commons.wikimedia.org/wiki/File:Greenhouse_agriculture_in_Namibia.jpg,Tim Brunauer on behalf of Deutsche Gesellschaft für Internationale Zusammenarbeit (GIZ),CC-BY-SA-4.0,https://creativecommons.org/licenses/by-sa/4.0,buildings_structures
SRC-03,Wikimedia Commons,https://commons.wikimedia.org/wiki/File:Greenhouse_for_strawberry.jpg,No machine-readable author provided. Moja~commonswiki assumed (based on copyright claims).,CC-BY-SA-3.0,http://creativecommons.org/licenses/by-sa/3.0/,buildings_structures
SRC-03,Wikimedia Commons,https://commons.wikimedia.org/wiki/File:Greenhouse_in_Kazakhstan.jpg,Gakon Netafim,CC-BY-SA-4.0,https://creativecommons.org/licenses/by-sa/4.0,buildings_structures
SRC-03,Wikimedia Commons,https://commons.wikimedia.org/wiki/File:Helsinki_July_2013-14.jpg,Alvesgaspar,CC-BY-SA-3.0,https://creativecommons.org/licenses/by-sa/3.0,buildings_structures
SRC-03,Wikimedia Commons,https://commons.wikimedia.org/wiki/File:Hokkaido_University_Greenhouse_-20091014-RM-115721.jpg,Reinhold Möller Ermell,CC-BY-SA-4.0,https://creativecommons.org/licenses/by-sa/4.0,buildings_structures
SRC-03,Wikimedia Commons,https://commons.wikimedia.org/wiki/File:Hokkaido_University_Greenhouse_-20091014-RM-115750.jpg,Reinhold Möller Ermell,CC-BY-SA-4.0,https://creativecommons.org/licenses/by-sa/4.0,buildings_structures
SRC-03,Wikimedia Commons,https://commons.wikimedia.org/wiki/File:Inside_the_Great_Glasshouse_(1)_-_geograph.org.uk_-_3545905.jpg,Robin Drayton,CC-BY-SA-2.0,https://creativecommons.org/licenses/by-sa/2.0,buildings_structures
SRC-03,Wikimedia Commons,https://commons.wikimedia.org/wiki/File:Inside_the_Great_Glasshouse_(2)_-_geograph.org.uk_-_3545912.jpg,Robin Drayton,CC-BY-SA-2.0,https://creativecommons.org/licenses/by-sa/2.0,buildings_structures
SRC-03,Wikimedia Commons,https://commons.wikimedia.org/wiki/File:Inside_the_Great_Glasshouse_(3)_-_geograph.org.uk_-_3545917.jpg,Robin Drayton,CC-BY-SA-2.0,https://creativecommons.org/licenses/by-sa/2.0,buildings_structures
SRC-03,Wikimedia Commons,https://commons.wikimedia.org/wiki/File:Inside_the_Great_Glasshouse_(4)_-_geograph.org.uk_-_3545923.jpg,Robin Drayton,CC-BY-SA-2.0,https://creativecommons.org/licenses/by-sa/2.0,buildings_structures
SRC-03,Wikimedia Commons,https://commons.wikimedia.org/wiki/File:Inside_the_Great_Glasshouse_-_geograph.org.uk_-_4228729.jpg,M J Richardson,CC-BY-SA-2.0,https://creativecommons.org/licenses/by-sa/2.0,buildings_structures
SRC-03,Wikimedia Commons,https://commons.wikimedia.org/wiki/File:Inside_the_Great_Glasshouse_-_geograph.org.uk_-_7018928.jpg,Eirian Evans,CC-BY-SA-2.0,https://creativecommons.org/licenses/by-sa/2.0,buildings_structures
SRC-03,Wikimedia Commons,https://commons.wikimedia.org/wiki/File:Path_in_the_Great_Glasshouse_-_geograph.org.uk_-_4228750.jpg,M J Richardson,CC-BY-SA-2.0,https://creativecommons.org/licenses/by-sa/2.0,buildings_structures
SRC-03,Wikimedia Commons,https://commons.wikimedia.org/wiki/File:Small_greenhouse_with_grapevines_escaping.jpg,W.carter,CC0,http://creativecommons.org/publicdomain/zero/1.0/deed.en,buildings_structures
SRC-03,Wikimedia Commons,"https://commons.wikimedia.org/wiki/File:The_Glasshouse,_Jephson_Gardens,_Leamington_-_geograph.org.uk_-_5645455.jpg",Rudi Winter,CC-BY-SA-2.0,https://creativecommons.org/licenses/by-sa/2.0,buildings_structures
SRC-03,Wikimedia Commons,"https://commons.wikimedia.org/wiki/File:The_Glasshouse,_Jephson_Gardens_-_geograph.org.uk_-_5308833.jpg",Ian Capper,CC-BY-SA-2.0,https://creativecommons.org/licenses/by-sa/2.0,buildings_structures
SRC-03,Wikimedia Commons,"https://commons.wikimedia.org/wiki/File:The_Glasshouse,_RHS_Wisley_-_geograph.org.uk_-_7179944.jpg",Oscar Taylor,CC-BY-SA-2.0,https://creativecommons.org/licenses/by-sa/2.0,buildings_structures
SRC-03,Wikimedia Commons,"https://commons.wikimedia.org/wiki/File:The_Glasshouse,_Wisley_-_geograph.org.uk_-_1003387.jpg",Colin Smith,CC-BY-SA-2.0,https://creativecommons.org/licenses/by-sa/2.0,buildings_structures
SRC-03,Wikimedia Commons,https://commons.wikimedia.org/wiki/File:The_Glasshouse_-_geograph.org.uk_-_1450160.jpg,John Myers,CC-BY-SA-2.0,https://creativecommons.org/licenses/by-sa/2.0,buildings_structures
SRC-03,Wikimedia Commons,https://commons.wikimedia.org/wiki/File:The_Glasshouse_one_year_on_-_geograph.org.uk_-_847248.jpg,Basher Eyre,CC-BY-SA-2.0,https://creativecommons.org/licenses/by-sa/2.0,buildings_structures
SRC-03,Wikimedia Commons,https://commons.wikimedia.org/wiki/File:The_Great_Glasshouse_-_Western_Entrance_-_geograph.org.uk_-_4228739.jpg,M J Richardson,CC-BY-SA-2.0,https://creativecommons.org/licenses/by-sa/2.0,buildings_structures
SRC-03,Wikimedia Commons,https://commons.wikimedia.org/wiki/File:The_Great_Glasshouse_roof_-_geograph.org.uk_-_5737060.jpg,M J Richardson,CC-BY-SA-2.0,https://creativecommons.org/licenses/by-sa/2.0,buildings_structures
SRC-03,Wikimedia Commons,https://commons.wikimedia.org/wiki/File:The_Italianate_Glasshouse_-_geograph.org.uk_-_5844564.jpg,Mark Percy,CC-BY-SA-2.0,https://creativecommons.org/licenses/by-sa/2.0,buildings_structures
SRC-03,Wikimedia Commons,https://commons.wikimedia.org/wiki/File:The_wet_end_of_the_Great_Glasshouse_-_geograph.org.uk_-_4228759.jpg,M J Richardson,CC-BY-SA-2.0,https://creativecommons.org/licenses/by-sa/2.0,buildings_structures
SRC-03,Wikimedia Commons,https://commons.wikimedia.org/wiki/File:Unidentified_woman_in_a_greenhouse_-_DPLA_-_2072611d251f5f4f82e02579d52eda1b_(page_1).jpg,Wikimedia Contributor,PD,https://commons.wikimedia.org/wiki/Commons:Licensing,buildings_structures
SRC-03,Wikimedia Commons,https://commons.wikimedia.org/wiki/File:Walipini-Greenhouse_Geothermal_model.jpg,Nicol-André,CC-BY-SA-4.0,https://creativecommons.org/licenses/by-sa/4.0,buildings_structures
SRC-03,Wikimedia Commons,"https://commons.wikimedia.org/wiki/File:%D0%A1%D1%82%D0%B0%D0%BA%D0%BB%D0%B5%D1%9A%D0%B0%D0%BA,_%D0%91%D0%BE%D1%82%D0%B0%D0%BD%D0%B8%D1%87%D0%BA%D0%B0_%D0%B1%D0%B0%D1%88%D1%82%D0%B0_%D0%88%D0%B5%D0%B2%D1%80%D0%B5%D0%BC%D0%BE%D0%B2%D0%B0%D1%86_(greenhouse_Jevremovac_Botanical_Garden,_Belgrade,_Serbia).jpg",Petar Milošević,CC-BY-SA-4.0,https://creativecommons.org/licenses/by-sa/4.0,buildings_structures
SRC-03,Wikimedia Commons,https://commons.wikimedia.org/wiki/File:Farm_barn_in_winter_(Unsplash).jpg,Priscilla Du Preez artographybyp,CC0,http://creativecommons.org/publicdomain/zero/1.0/deed.en,buildings_structures
