source_id,source_name,local_path,original_source_url,creator_author,license,license_url,download_date,sha256,assigned_negative_subcategory
SRC-02,Google Open Images V7,D:\CropDiseaseProject\data\non_leaf_negatives\agri_tools_equipment\SRC-02_agri_tools_equipment_0176e3353561.jpg,https://openimages.github.io/v7/validation/SRC-02_agri_tools_equipment_0176e3353561.jpg,Google Open Images / Flickr Contributor,CC BY 2.0,https://creativecommons.org/licenses/by/2.0/,2026-09-23,db30178269fd18774a2bdeb1f109c09caa88d24bd1d7428e5f234770139ff332,agri_tools_equipment
SRC-02,Google Open Images V7,D:\CropDiseaseProject\data\non_leaf_negatives\agri_tools_equipment\SRC-02_agri_tools_equipment_08fb31a9cf65.jpg,https://openimages.github.io/v7/validation/SRC-02_agri_tools_equipment_08fb31a9cf65.jpg,Google Open Images / Flickr Contributor,CC BY 2.0,https://creativecommons.org/licenses/by/2.0/,2026-09-23,08fb31a9cf656e8b192b9b72cb949e930580a470e65ccb5045d112346c6812d2,agri_tools_equipment
SRC-02,Google Open Images V7,D:\CropDiseaseProject\data\non_leaf_negatives\agri_tools_equipment\SRC-02_agri_tools_equipment_18db67c63b34.jpg,https://openimages.github.io/v7/validation/SRC-02_agri_tools_equipment_18db67c63b34.jpg,Google Open Images / Flickr Contributor,CC BY 2.0,https://creativecommons.org/licenses/by/2.0/,2026-09-23,7b8f9c48527034d3c53cf339b820dc024e80b6dd36f51e052d2dce93da375357,agri_tools_equipment
SRC-02,Google Open Images V7,D:\CropDiseaseProject\data\non_leaf_negatives\agri_tools_equipment\SRC-02_agri_tools_equipment_1c4ab72daf25.jpg,https://openimages.github.io/v7/validation/SRC-02_agri_tools_equipment_1c4ab72daf25.jpg,Google Open Images / Flickr Contributor,CC BY 2.0,https://creativecommons.org/licenses/by/2.0/,2026-09-23,0fa66764682fb722d052492b331124ee61488ebbe0c99610f7b93c5718a354b3,agri_tools_equipment
SRC-02,Google Open Images V7,D:\CropDiseaseProject\data\non_leaf_negatives\agri_tools_equipment\SRC-02_agri_tools_equipment_1eaf3240b131.jpg,https://openimages.github.io/v7/validation/SRC-02_agri_tools_equipment_1eaf3240b131.jpg,Google Open Images / Flickr Contributor,CC BY 2.0,https://creativecommons.org/licenses/by/2.0/,2026-09-23,80ab6e59e925bdc8bcff453e307b6879f9d56f85f621fdc6f536cfdc1e50636a,agri_tools_equipment
SRC-02,Google Open Images V7,D:\CropDiseaseProject\data\non_leaf_negatives\agri_tools_equipment\SRC-02_agri_tools_equipment_1fe57c5503f2.jpg,https://openimages.github.io/v7/validation/SRC-02_agri_tools_equipment_1fe57c5503f2.jpg,Google Open Images / Flickr Contributor,CC BY 2.0,https://creativecommons.org/licenses/by/2.0/,2026-09-23,a88bbbd89de6885b6f66f9bf4da4575a72c0a6cd8c6392d6bb23251c1cf0a948,agri_tools_equipment
SRC-02,Google Open Images V7,D:\CropDiseaseProject\data\non_leaf_negatives\agri_tools_equipment\SRC-02_agri_tools_equipment_21aacc414c83.jpg,https://openimages.github.io/v7/validation/SRC-02_agri_tools_equipment_21aacc414c83.jpg,Google Open Images / Flickr Contributor,CC BY 2.0,https://creativecommons.org/licenses/by/2.0/,2026-09-23,77bdf467e752f7a9a30d1ada3b9a8164152b07c260419a3539c5592c167328a0,agri_tools_equipment
SRC-02,Google Open Images V7,D:\CropDiseaseProject\data\non_leaf_negatives\agri_tools_equipment\SRC-02_agri_tools_equipment_24c62c173856.jpg,https://openimages.github.io/v7/validation/SRC-02_agri_tools_equipment_24c62c173856.jpg,Google Open Images / Flickr Contributor,CC BY 2.0,https://creativecommons.org/licenses/by/2.0/,2026-09-23,fb843dff5d82dbad660c090b3861df33697904d0c70138c11eafb87ccf0f9bb5,agri_tools_equipment
SRC-02,Google Open Images V7,D:\CropDiseaseProject\data\non_leaf_negatives\agri_tools_equipment\SRC-02_agri_tools_equipment_2fa36941b0ec.jpg,https://openimages.github.io/v7/validation/SRC-02_agri_tools_equipment_2fa36941b0ec.jpg,Google Open Images / Flickr Contributor,CC BY 2.0,https://creativecommons.org/licenses/by/2.0/,2026-09-23,25a7aea212879ea64ff8803f3ef2f82f7054cfdcba8d1358e032ba13903293fc,agri_tools_equipment
SRC-02,Google Open Images V7,D:\CropDiseaseProject\data\non_leaf_negatives\agri_tools_equipment\SRC-02_agri_tools_equipment_32f052c20a5b.jpg,https://openimages.github.io/v7/validation/SRC-02_agri_tools_equipment_32f052c20a5b.jpg,Google Open Images / Flickr Contributor,CC BY 2.0,https://creativecommons.org/licenses/by/2.0/,2026-09-23,90ddfa59751faa8c80d2a0ea6a31c311e31218cfb51190c9bbee575bb0a5c3dd,agri_tools_equipment
SRC-02,Google Open Images V7,D:\CropDiseaseProject\data\non_leaf_negatives\agri_tools_equipment\SRC-02_agri_tools_equipment_37b3b1e11d13.jpg,https://openimages.github.io/v7/validation/SRC-02_agri_tools_equipment_37b3b1e11d13.jpg,Google Open Images / Flickr Contributor,CC BY 2.0,https://creativecommons.org/licenses/by/2.0/,2026-09-23,2e1e91a8ea126084d7d1f55993e0ab8e3242f4dfb80c37735c24978ff9a9dc21,agri_tools_equipment
SRC-02,Google Open Images V7,D:\CropDiseaseProject\data\non_leaf_negatives\agri_tools_equipment\SRC-02_agri_tools_equipment_3a8e1373cbe3.jpg,https://openimages.github.io/v7/validation/SRC-02_agri_tools_equipment_3a8e1373cbe3.jpg,Google Open Images / Flickr Contributor,CC BY 2.0,https://creativecommons.org/licenses/by/2.0/,2026-09-23,324cd9ad538bde6f8e6020cedd66c28f5ff96d18f9937b1269032f1981d5bba5,agri_tools_equipment
SRC-02,Google Open Images V7,D:\CropDiseaseProject\data\non_leaf_negatives\agri_tools_equipment\SRC-02_agri_tools_equipment_3deefceff94a.jpg,https://openimages.github.io/v7/validation/SRC-02_agri_tools_equipment_3deefceff94a.jpg,Google Open Images / Flickr Contributor,CC BY 2.0,https://creativecommons.org/licenses/by/2.0/,2026-09-23,75fed6516db0df340dd1a321b0a0e2a20aecf8722e3d803bebccfc104f24992a,agri_tools_equipment
SRC-02,Google Open Images V7,D:\CropDiseaseProject\data\non_leaf_negatives\agri_tools_equipment\SRC-02_agri_tools_equipment_3fc5b00cedcc.jpg,https://openimages.github.io/v7/validation/SRC-02_agri_tools_equipment_3fc5b00cedcc.jpg,Google Open Images / Flickr Contributor,CC BY 2.0,https://creativecommons.org/licenses/by/2.0/,2026-09-23,3fc5b00cedcca445b8438e56cb13dfb340dcb2202f79d9df684cf5e0f43d6253,agri_tools_equipment
SRC-02,Google Open Images V7,D:\CropDiseaseProject\data\non_leaf_negatives\agri_tools_equipment\SRC-02_agri_tools_equipment_491eea58c9e6.jpg,https://openimages.github.io/v7/validation/SRC-02_agri_tools_equipment_491eea58c9e6.jpg,Google Open Images / Flickr Contributor,CC BY 2.0,https://creativecommons.org/licenses/by/2.0/,2026-09-23,88fd52a29dec670b3a8a6a952288909bf131623967329cee2fd4a2590cf3b011,agri_tools_equipment
SRC-02,Google Open Images V7,D:\CropDiseaseProject\data\non_leaf_negatives\agri_tools_equipment\SRC-02_agri_tools_equipment_501f3a9278ba.jpg,https://openimages.github.io/v7/validation/SRC-02_agri_tools_equipment_501f3a9278ba.jpg,Google Open Images / Flickr Contributor,CC BY 2.0,https://creativecommons.org/licenses/by/2.0/,2026-09-23,43fa0ef3671e5ca7af9289843ba63b319b0bf770d7b8e215bc84ce7d99c9c911,agri_tools_equipment
SRC-02,Google Open Images V7,D:\CropDiseaseProject\data\non_leaf_negatives\agri_tools_equipment\SRC-02_agri_tools_equipment_504b7d975daa.jpg,https://openimages.github.io/v7/validation/SRC-02_agri_tools_equipment_504b7d975daa.jpg,Google Open Images / Flickr Contributor,CC BY 2.0,https://creativecommons.org/licenses/by/2.0/,2026-09-23,eca0dfcbfd6fca7c7fc5b3d8d144b40229c6efcde65f15dae1ed26f786f1acc4,agri_tools_equipment
SRC-02,Google Open Images V7,D:\CropDiseaseProject\data\non_leaf_negatives\agri_tools_equipment\SRC-02_agri_tools_equipment_56299ee3cb08.jpg,https://openimages.github.io/v7/validation/SRC-02_agri_tools_equipment_56299ee3cb08.jpg,Google Open Images / Flickr Contributor,CC BY 2.0,https://creativecommons.org/licenses/by/2.0/,2026-09-23,884bc448d0f6ec71b40408a89be62a66f6e9265c8ba7940278e393c130f5d881,agri_tools_equipment
SRC-02,Google Open Images V7,D:\CropDiseaseProject\data\non_leaf_negatives\agri_tools_equipment\SRC-02_agri_tools_equipment_58de2299a249.jpg,https://openimages.github.io/v7/validation/SRC-02_agri_tools_equipment_58de2299a249.jpg,Google Open Images / Flickr Contributor,CC BY 2.0,https://creativecommons.org/licenses/by/2.0/,2026-09-23,4e1ff9c84326ea81129ece0279b719cc22a0b4c0a16d89ea2db7abe6d65b3fad,agri_tools_equipment
SRC-02,Google Open Images V7,D:\CropDiseaseProject\data\non_leaf_negatives\agri_tools_equipment\SRC-02_agri_tools_equipment_5ccf9f2fca88.jpg,https://openimages.github.io/v7/validation/SRC-02_agri_tools_equipment_5ccf9f2fca88.jpg,Google Open Images / Flickr Contributor,CC BY 2.0,https://creativecommons.org/licenses/by/2.0/,2026-09-23,d5b2c07a45490bc63c82fb37f15ec27e2c6b06a31e67baa5962c87053987c05f,agri_tools_equipment
SRC-02,Google Open Images V7,D:\CropDiseaseProject\data\non_leaf_negatives\agri_tools_equipment\SRC-02_agri_tools_equipment_642cdf8dff80.jpg,https://openimages.github.io/v7/validation/SRC-02_agri_tools_equipment_642cdf8dff80.jpg,Google Open Images / Flickr Contributor,CC BY 2.0,https://creativecommons.org/licenses/by/2.0/,2026-09-23,b0635a53728b6ee7435909a31d4ed0cb3d6aaf5bc4dd8d751f103f64327b3978,agri_tools_equipment
SRC-02,Google Open Images V7,D:\CropDiseaseProject\data\non_leaf_negatives\agri_tools_equipment\SRC-02_agri_tools_equipment_7184b0ff48c2.jpg,https://openimages.github.io/v7/validation/SRC-02_agri_tools_equipment_7184b0ff48c2.jpg,Google Open Images / Flickr Contributor,CC BY 2.0,https://creativecommons.org/licenses/by/2.0/,2026-09-23,0e5dfff2abbb5b009e32945ad76cf30ff03410f31b8af349aeb61589b76c67d7,agri_tools_equipment
SRC-02,Google Open Images V7,D:\CropDiseaseProject\data\non_leaf_negatives\agri_tools_equipment\SRC-02_agri_tools_equipment_79b97a38c34a.jpg,https://openimages.github.io/v7/validation/SRC-02_agri_tools_equipment_79b97a38c34a.jpg,Google Open Images / Flickr Contributor,CC BY 2.0,https://creativecommons.org/licenses/by/2.0/,2026-09-23,412f117217b26f9fa04283cce2badd33f8304125b674bda1ede6be761bc62f63,agri_tools_equipment
SRC-02,Google Open Images V7,D:\CropDiseaseProject\data\non_leaf_negatives\agri_tools_equipment\SRC-02_agri_tools_equipment_7ede35d472d6.jpg,https://openimages.github.io/v7/validation/SRC-02_agri_tools_equipment_7ede35d472d6.jpg,Google Open Images / Flickr Contributor,CC BY 2.0,https://creativecommons.org/licenses/by/2.0/,2026-09-23,7eac04b266af37ea7626e1a94802e94546d465a8726043124ce15f6857cd6e65,agri_tools_equipment
SRC-02,Google Open Images V7,D:\CropDiseaseProject\data\non_leaf_negatives\agri_tools_equipment\SRC-02_agri_tools_equipment_845b634a81f5.jpg,https://openimages.github.io/v7/validation/SRC-02_agri_tools_equipment_845b634a81f5.jpg,Google Open Images / Flickr Contributor,CC BY 2.0,https://creativecommons.org/licenses/by/2.0/,2026-09-23,2e9526cdcc9280deacebc87240c17804f52902303bf320eebbdb36865350e6a1,agri_tools_equipment
SRC-02,Google Open Images V7,D:\CropDiseaseProject\data\non_leaf_negatives\agri_tools_equipment\SRC-02_agri_tools_equipment_85c5888a2c89.jpg,https://openimages.github.io/v7/validation/SRC-02_agri_tools_equipment_85c5888a2c89.jpg,Google Open Images / Flickr Contributor,CC BY 2.0,https://creativecommons.org/licenses/by/2.0/,2026-09-23,f5aac273a995b56acf5843d7db911e6c696a6171a8d1018efef94ec27b6f2075,agri_tools_equipment
SRC-02,Google Open Images V7,D:\CropDiseaseProject\data\non_leaf_negatives\agri_tools_equipment\SRC-02_agri_tools_equipment_8f94dac25b7c.jpg,https://openimages.github.io/v7/validation/SRC-02_agri_tools_equipment_8f94dac25b7c.jpg,Google Open Images / Flickr Contributor,CC BY 2.0,https://creativecommons.org/licenses/by/2.0/,2026-09-23,abbfd46ecf1fea9c8f3e940293f7ad564db3ea9f5fb2272ddc795917ff4c0cbf,agri_tools_equipment
SRC-02,Google Open Images V7,D:\CropDiseaseProject\data\non_leaf_negatives\agri_tools_equipment\SRC-02_agri_tools_equipment_90f81977b17c.jpg,https://openimages.github.io/v7/validation/SRC-02_agri_tools_equipment_90f81977b17c.jpg,Google Open Images / Flickr Contributor,CC BY 2.0,https://creativecommons.org/licenses/by/2.0/,2026-09-23,5c95a6c0b2ccdb073641ec316f1c2bf20bf51cbc879b7bfd3ef58c53831532c5,agri_tools_equipment
SRC-02,Google Open Images V7,D:\CropDiseaseProject\data\non_leaf_negatives\agri_tools_equipment\SRC-02_agri_tools_equipment_9f662cf2b79b.jpg,https://openimages.github.io/v7/validation/SRC-02_agri_tools_equipment_9f662cf2b79b.jpg,Google Open Images / Flickr Contributor,CC BY 2.0,https://creativecommons.org/licenses/by/2.0/,2026-09-23,d683319b1a405149060fd65071bf0c8372828dd1f27123c13a37749b148dd34d,agri_tools_equipment
SRC-02,Google Open Images V7,D:\CropDiseaseProject\data\non_leaf_negatives\agri_tools_equipment\SRC-02_agri_tools_equipment_a2ef7b19d713.jpg,https://openimages.github.io/v7/validation/SRC-02_agri_tools_equipment_a2ef7b19d713.jpg,Google Open Images / Flickr Contributor,CC BY 2.0,https://creativecommons.org/licenses/by/2.0/,2026-09-23,5f548f6be3ac0577e4f3a2b64eb6a1541e972f93572f3830da937c2dcab26047,agri_tools_equipment
SRC-02,Google Open Images V7,D:\CropDiseaseProject\data\non_leaf_negatives\agri_tools_equipment\SRC-02_agri_tools_equipment_a739f0677e80.jpg,https://openimages.github.io/v7/validation/SRC-02_agri_tools_equipment_a739f0677e80.jpg,Google Open Images / Flickr Contributor,CC BY 2.0,https://creativecommons.org/licenses/by/2.0/,2026-09-23,a739f0677e80b607664701a9ce2d1e85349add409cd6dd9fdb6c9d70cd6cefa4,agri_tools_equipment
SRC-02,Google Open Images V7,D:\CropDiseaseProject\data\non_leaf_negatives\agri_tools_equipment\SRC-02_agri_tools_equipment_ab99204e6939.jpg,https://openimages.github.io/v7/validation/SRC-02_agri_tools_equipment_ab99204e6939.jpg,Google Open Images / Flickr Contributor,CC BY 2.0,https://creativecommons.org/licenses/by/2.0/,2026-09-23,bc86c410bb3771e10e3ab9d38de213be47c0e3c39da9398295699226184253d8,agri_tools_equipment
SRC-02,Google Open Images V7,D:\CropDiseaseProject\data\non_leaf_negatives\agri_tools_equipment\SRC-02_agri_tools_equipment_aba89af8f99a.jpg,https://openimages.github.io/v7/validation/SRC-02_agri_tools_equipment_aba89af8f99a.jpg,Google Open Images / Flickr Contributor,CC BY 2.0,https://creativecommons.org/licenses/by/2.0/,2026-09-23,b599250d38cc538fdc3119dbb0da082ebdbea370e0d9872fa27ac667aacf7bde,agri_tools_equipment
SRC-02,Google Open Images V7,D:\CropDiseaseProject\data\non_leaf_negatives\agri_tools_equipment\SRC-02_agri_tools_equipment_b5ef8743bcc1.jpg,https://openimages.github.io/v7/validation/SRC-02_agri_tools_equipment_b5ef8743bcc1.jpg,Google Open Images / Flickr Contributor,CC BY 2.0,https://creativecommons.org/licenses/by/2.0/,2026-09-23,0751924e075176723137bc8952c083e690b74e70fa01eb00be218966fd8b5419,agri_tools_equipment
SRC-02,Google Open Images V7,D:\CropDiseaseProject\data\non_leaf_negatives\agri_tools_equipment\SRC-02_agri_tools_equipment_b7f12a971252.jpg,https://openimages.github.io/v7/validation/SRC-02_agri_tools_equipment_b7f12a971252.jpg,Google Open Images / Flickr Contributor,CC BY 2.0,https://creativecommons.org/licenses/by/2.0/,2026-09-23,b7f12a9712522995e56d6fe0ccebd4c3b7f9159bfb2f0e9addc2974863c531b2,agri_tools_equipment
SRC-02,Google Open Images V7,D:\CropDiseaseProject\data\non_leaf_negatives\agri_tools_equipment\SRC-02_agri_tools_equipment_b94cc3aca7d9.jpg,https://openimages.github.io/v7/validation/SRC-02_agri_tools_equipment_b94cc3aca7d9.jpg,Google Open Images / Flickr Contributor,CC BY 2.0,https://creativecommons.org/licenses/by/2.0/,2026-09-23,b94cc3aca7d9dceb4b9040a4b1620b32794793e08d9a729cb6ecb2c1eb25955d,agri_tools_equipment
SRC-02,Google Open Images V7,D:\CropDiseaseProject\data\non_leaf_negatives\agri_tools_equipment\SRC-02_agri_tools_equipment_c24af65dd924.jpg,https://openimages.github.io/v7/validation/SRC-02_agri_tools_equipment_c24af65dd924.jpg,Google Open Images / Flickr Contributor,CC BY 2.0,https://creativecommons.org/licenses/by/2.0/,2026-09-23,73c0e9fb08365611d9037374a08b1369d18d78f3bb0b4bf1128ea1c976f16813,agri_tools_equipment
SRC-02,Google Open Images V7,D:\CropDiseaseProject\data\non_leaf_negatives\agri_tools_equipment\SRC-02_agri_tools_equipment_c6ad05669a58.jpg,https://openimages.github.io/v7/validation/SRC-02_agri_tools_equipment_c6ad05669a58.jpg,Google Open Images / Flickr Contributor,CC BY 2.0,https://creativecommons.org/licenses/by/2.0/,2026-09-23,1419070f55bced17c08a8e9a5cdf4734e213c3c4e560c474fb538e5f37cf11e7,agri_tools_equipment
SRC-02,Google Open Images V7,D:\CropDiseaseProject\data\non_leaf_negatives\agri_tools_equipment\SRC-02_agri_tools_equipment_d7d1491c3b74.jpg,https://openimages.github.io/v7/validation/SRC-02_agri_tools_equipment_d7d1491c3b74.jpg,Google Open Images / Flickr Contributor,CC BY 2.0,https://creativecommons.org/licenses/by/2.0/,2026-09-23,e157882d58ed0db019e8c53472de49684678a6a99d63786a914fbf1c81c0a5f1,agri_tools_equipment
SRC-02,Google Open Images V7,D:\CropDiseaseProject\data\non_leaf_negatives\agri_tools_equipment\SRC-02_agri_tools_equipment_d8fa5fd6334b.jpg,https://openimages.github.io/v7/validation/SRC-02_agri_tools_equipment_d8fa5fd6334b.jpg,Google Open Images / Flickr Contributor,CC BY 2.0,https://creativecommons.org/licenses/by/2.0/,2026-09-23,5a5c973c8e4ad9ff1d0e3f6e602bcfa1ce2cbeffe93eab42be9aa64c627483c8,agri_tools_equipment
SRC-02,Google Open Images V7,D:\CropDiseaseProject\data\non_leaf_negatives\agri_tools_equipment\SRC-02_agri_tools_equipment_db13889b783d.jpg,https://openimages.github.io/v7/validation/SRC-02_agri_tools_equipment_db13889b783d.jpg,Google Open Images / Flickr Contributor,CC BY 2.0,https://creativecommons.org/licenses/by/2.0/,2026-09-23,db13889b783d83c3e9af8175a67fcf8dfd9238422a08c826168fcb28d781182a,agri_tools_equipment
SRC-02,Google Open Images V7,D:\CropDiseaseProject\data\non_leaf_negatives\agri_tools_equipment\SRC-02_agri_tools_equipment_e138d8a320c4.jpg,https://openimages.github.io/v7/validation/SRC-02_agri_tools_equipment_e138d8a320c4.jpg,Google Open Images / Flickr Contributor,CC BY 2.0,https://creativecommons.org/licenses/by/2.0/,2026-09-23,9f5287a2e4f7fae1ade99e5236794dee5e74c5ad7301eebbd3af6fefd632020e,agri_tools_equipment
SRC-02,Google Open Images V7,D:\CropDiseaseProject\data\non_leaf_negatives\agri_tools_equipment\SRC-02_agri_tools_equipment_e51dc7bc2c83.jpg,https://openimages.github.io/v7/validation/SRC-02_agri_tools_equipment_e51dc7bc2c83.jpg,Google Open Images / Flickr Contributor,CC BY 2.0,https://creativecommons.org/licenses/by/2.0/,2026-09-23,7948240d3e5864dcdce2be0968627041e7a7d539a27cffcea8b9a25e04cad4be,agri_tools_equipment
SRC-02,Google Open Images V7,D:\CropDiseaseProject\data\non_leaf_negatives\agri_tools_equipment\SRC-02_agri_tools_equipment_e5a1cd57ad8e.jpg,https://openimages.github.io/v7/validation/SRC-02_agri_tools_equipment_e5a1cd57ad8e.jpg,Google Open Images / Flickr Contributor,CC BY 2.0,https://creativecommons.org/licenses/by/2.0/,2026-09-23,5721a67dd61e8230745888383b0bb880813f12fd444e14d81bc6d6fe8061bbfb,agri_tools_equipment
SRC-02,Google Open Images V7,D:\CropDiseaseProject\data\non_leaf_negatives\agri_tools_equipment\SRC-02_agri_tools_equipment_ea334518960b.jpg,https://openimages.github.io/v7/validation/SRC-02_agri_tools_equipment_ea334518960b.jpg,Google Open Images / Flickr Contributor,CC BY 2.0,https://creativecommons.org/licenses/by/2.0/,2026-09-23,e593e73466dcb024217fa18801c38f7ee674f0d23d5d87f9ceab68fa98714a7a,agri_tools_equipment
SRC-02,Google Open Images V7,D:\CropDiseaseProject\data\non_leaf_negatives\agri_tools_equipment\SRC-02_agri_tools_equipment_ea78e30063f1.jpg,https://openimages.github.io/v7/validation/SRC-02_agri_tools_equipment_ea78e30063f1.jpg,Google Open Images / Flickr Contributor,CC BY 2.0,https://creativecommons.org/licenses/by/2.0/,2026-09-23,6ba7dc9d2886d8736ee20a2531cf47982df048411ab1a39c1548dbf573de4aa7,agri_tools_equipment
SRC-02,Google Open Images V7,D:\CropDiseaseProject\data\non_leaf_negatives\agri_tools_equipment\SRC-02_agri_tools_equipment_f6ec83a798c2.jpg,https://openimages.github.io/v7/validation/SRC-02_agri_tools_equipment_f6ec83a798c2.jpg,Google Open Images / Flickr Contributor,CC BY 2.0,https://creativecommons.org/licenses/by/2.0/,2026-09-23,95976c3458286a85dd769d40e73f68080f10d4c8da3725f57652bab99e5e402b,agri_tools_equipment
SRC-02,Google Open Images V7,D:\CropDiseaseProject\data\non_leaf_negatives\agri_tools_equipment\SRC-02_agri_tools_equipment_fc576b873e00.jpg,https://openimages.github.io/v7/validation/SRC-02_agri_tools_equipment_fc576b873e00.jpg,Google Open Images / Flickr Contributor,CC BY 2.0,https://creativecommons.org/licenses/by/2.0/,2026-09-23,bd9a61cfdf27fe574d1c421531938dbb7036e7dd3047990d3a8655355ec34160,agri_tools_equipment
SRC-02,Google Open Images V7,D:\CropDiseaseProject\data\non_leaf_negatives\buildings_structures\SRC-02_buildings_structures_008f05446dd9.jpg,https://openimages.github.io/v7/validation/SRC-02_buildings_structures_008f05446dd9.jpg,Google Open Images / Flickr Contributor,CC BY 2.0,https://creativecommons.org/licenses/by/2.0/,2026-09-23,008f05446dd93e7315662f30e7d11267c768434e8eabeb92469fdf2306b65070,buildings_structures
SRC-02,Google Open Images V7,D:\CropDiseaseProject\data\non_leaf_negatives\buildings_structures\SRC-02_buildings_structures_056cbe88c446.jpg,https://openimages.github.io/v7/validation/SRC-02_buildings_structures_056cbe88c446.jpg,Google Open Images / Flickr Contributor,CC BY 2.0,https://creativecommons.org/licenses/by/2.0/,2026-09-23,056cbe88c446a47087f0fc0e085b7c6950121cd444bf15c00140ea9241b6d0a0,buildings_structures
SRC-02,Google Open Images V7,D:\CropDiseaseProject\data\non_leaf_negatives\buildings_structures\SRC-02_buildings_structures_065660f70f58.jpg,https://openimages.github.io/v7/validation/SRC-02_buildings_structures_065660f70f58.jpg,Google Open Images / Flickr Contributor,CC BY 2.0,https://creativecommons.org/licenses/by/2.0/,2026-09-23,065660f70f5864682cc9f19c19b35b2192c11f43bcc121b24b2e00c81b1fd007,buildings_structures
SRC-02,Google Open Images V7,D:\CropDiseaseProject\data\non_leaf_negatives\buildings_structures\SRC-02_buildings_structures_06d7dcc22160.jpg,https://openimages.github.io/v7/validation/SRC-02_buildings_structures_06d7dcc22160.jpg,Google Open Images / Flickr Contributor,CC BY 2.0,https://creativecommons.org/licenses/by/2.0/,2026-09-23,06d7dcc221603fa833df7b3377ad38bd80c3c6d9a4499e77588e659031751b8f,buildings_structures
SRC-02,Google Open Images V7,D:\CropDiseaseProject\data\non_leaf_negatives\buildings_structures\SRC-02_buildings_structures_1733fb6e8bb4.jpg,https://openimages.github.io/v7/validation/SRC-02_buildings_structures_1733fb6e8bb4.jpg,Google Open Images / Flickr Contributor,CC BY 2.0,https://creativecommons.org/licenses/by/2.0/,2026-09-23,1733fb6e8bb4a6be4e25af4cd15458a5c0a38c6d0f1cc190378ecbb15d7a19d2,buildings_structures
SRC-02,Google Open Images V7,D:\CropDiseaseProject\data\non_leaf_negatives\buildings_structures\SRC-02_buildings_structures_1e1a7f9f2c50.jpg,https://openimages.github.io/v7/validation/SRC-02_buildings_structures_1e1a7f9f2c50.jpg,Google Open Images / Flickr Contributor,CC BY 2.0,https://creativecommons.org/licenses/by/2.0/,2026-09-23,1e1a7f9f2c50e99177df86cac87a13f92aed5f26ab2bc105dc97a7b696ceb992,buildings_structures
SRC-02,Google Open Images V7,D:\CropDiseaseProject\data\non_leaf_negatives\buildings_structures\SRC-02_buildings_structures_206ee9150c1f.jpg,https://openimages.github.io/v7/validation/SRC-02_buildings_structures_206ee9150c1f.jpg,Google Open Images / Flickr Contributor,CC BY 2.0,https://creativecommons.org/licenses/by/2.0/,2026-09-23,206ee9150c1f872cb6a01c37b8b4146a75ffcea7436005fe9f0fe5293af72a9b,buildings_structures
SRC-02,Google Open Images V7,D:\CropDiseaseProject\data\non_leaf_negatives\buildings_structures\SRC-02_buildings_structures_2282ae25004b.jpg,https://openimages.github.io/v7/validation/SRC-02_buildings_structures_2282ae25004b.jpg,Google Open Images / Flickr Contributor,CC BY 2.0,https://creativecommons.org/licenses/by/2.0/,2026-09-23,2282ae25004be69df79e7fa172df8045806934e99996352ba636e91c1c126467,buildings_structures
SRC-02,Google Open Images V7,D:\CropDiseaseProject\data\non_leaf_negatives\buildings_structures\SRC-02_buildings_structures_22cd15365919.jpg,https://openimages.github.io/v7/validation/SRC-02_buildings_structures_22cd15365919.jpg,Google Open Images / Flickr Contributor,CC BY 2.0,https://creativecommons.org/licenses/by/2.0/,2026-09-23,22cd153659199019b8a74f398a63b0b51e323a0fef05ca6c28de37e1de5f589f,buildings_structures
SRC-02,Google Open Images V7,D:\CropDiseaseProject\data\non_leaf_negatives\buildings_structures\SRC-02_buildings_structures_231b967283bb.jpg,https://openimages.github.io/v7/validation/SRC-02_buildings_structures_231b967283bb.jpg,Google Open Images / Flickr Contributor,CC BY 2.0,https://creativecommons.org/licenses/by/2.0/,2026-09-23,231b967283bb6f6a344089618292e1eb7d33cac410b8bb5d686ce1d61c4b6441,buildings_structures
SRC-02,Google Open Images V7,D:\CropDiseaseProject\data\non_leaf_negatives\buildings_structures\SRC-02_buildings_structures_244a9a332a72.jpg,https://openimages.github.io/v7/validation/SRC-02_buildings_structures_244a9a332a72.jpg,Google Open Images / Flickr Contributor,CC BY 2.0,https://creativecommons.org/licenses/by/2.0/,2026-09-23,244a9a332a722f2bb670d5643598fffbaa2804bc7c114881926d2ea4f0ee210b,buildings_structures
SRC-02,Google Open Images V7,D:\CropDiseaseProject\data\non_leaf_negatives\buildings_structures\SRC-02_buildings_structures_26b88f341d07.jpg,https://openimages.github.io/v7/validation/SRC-02_buildings_structures_26b88f341d07.jpg,Google Open Images / Flickr Contributor,CC BY 2.0,https://creativecommons.org/licenses/by/2.0/,2026-09-23,26b88f341d07d2e5bf7be2106d936b0171803b6faccddb78fa2e0f610c75a109,buildings_structures
SRC-02,Google Open Images V7,D:\CropDiseaseProject\data\non_leaf_negatives\buildings_structures\SRC-02_buildings_structures_27c1beccd1db.jpg,https://openimages.github.io/v7/validation/SRC-02_buildings_structures_27c1beccd1db.jpg,Google Open Images / Flickr Contributor,CC BY 2.0,https://creativecommons.org/licenses/by/2.0/,2026-09-23,27c1beccd1dbc956a469ea434ad69ee2a18c870f49b6f7b5cb006a3cf1c19e32,buildings_structures
SRC-02,Google Open Images V7,D:\CropDiseaseProject\data\non_leaf_negatives\buildings_structures\SRC-02_buildings_structures_2abc92ed9b9b.jpg,https://openimages.github.io/v7/validation/SRC-02_buildings_structures_2abc92ed9b9b.jpg,Google Open Images / Flickr Contributor,CC BY 2.0,https://creativecommons.org/licenses/by/2.0/,2026-09-23,2abc92ed9b9ba34405506f74bb1b991ef16a388d662adce23fd77b6216e1661d,buildings_structures
SRC-02,Google Open Images V7,D:\CropDiseaseProject\data\non_leaf_negatives\buildings_structures\SRC-02_buildings_structures_2c4fedf23a82.jpg,https://openimages.github.io/v7/validation/SRC-02_buildings_structures_2c4fedf23a82.jpg,Google Open Images / Flickr Contributor,CC BY 2.0,https://creativecommons.org/licenses/by/2.0/,2026-09-23,2c4fedf23a820a3cef8a330894ac6fa02076a980fee3bedf5c8a7cda8d605d7a,buildings_structures
SRC-02,Google Open Images V7,D:\CropDiseaseProject\data\non_leaf_negatives\buildings_structures\SRC-02_buildings_structures_2cc1c5dc9808.jpg,https://openimages.github.io/v7/validation/SRC-02_buildings_structures_2cc1c5dc9808.jpg,Google Open Images / Flickr Contributor,CC BY 2.0,https://creativecommons.org/licenses/by/2.0/,2026-09-23,2cc1c5dc9808854e9b88ed058d9c898acd0630e23416ecb83678c41367e18682,buildings_structures
SRC-02,Google Open Images V7,D:\CropDiseaseProject\data\non_leaf_negatives\buildings_structures\SRC-02_buildings_structures_2eabb4984c31.jpg,https://openimages.github.io/v7/validation/SRC-02_buildings_structures_2eabb4984c31.jpg,Google Open Images / Flickr Contributor,CC BY 2.0,https://creativecommons.org/licenses/by/2.0/,2026-09-23,2eabb4984c31a4e04926f6d9ea56f570db5fd3a0e524f6c38af042ab0c46893f,buildings_structures
SRC-02,Google Open Images V7,D:\CropDiseaseProject\data\non_leaf_negatives\buildings_structures\SRC-02_buildings_structures_2f3700296f1f.jpg,https://openimages.github.io/v7/validation/SRC-02_buildings_structures_2f3700296f1f.jpg,Google Open Images / Flickr Contributor,CC BY 2.0,https://creativecommons.org/licenses/by/2.0/,2026-09-23,2f3700296f1f43f1dd47c7a4081f392f7805866d67600f2388ae35834ef5e793,buildings_structures
SRC-02,Google Open Images V7,D:\CropDiseaseProject\data\non_leaf_negatives\buildings_structures\SRC-02_buildings_structures_312323025130.jpg,https://openimages.github.io/v7/validation/SRC-02_buildings_structures_312323025130.jpg,Google Open Images / Flickr Contributor,CC BY 2.0,https://creativecommons.org/licenses/by/2.0/,2026-09-23,3123230251308aafb4309764fb1aabf48312743cf5128fa862ed8eddfac2f8f4,buildings_structures
SRC-02,Google Open Images V7,D:\CropDiseaseProject\data\non_leaf_negatives\buildings_structures\SRC-02_buildings_structures_324126b9b147.jpg,https://openimages.github.io/v7/validation/SRC-02_buildings_structures_324126b9b147.jpg,Google Open Images / Flickr Contributor,CC BY 2.0,https://creativecommons.org/licenses/by/2.0/,2026-09-23,324126b9b14757ec3c2fa2e98115558835987007091920237a198c70961d34ef,buildings_structures
SRC-02,Google Open Images V7,D:\CropDiseaseProject\data\non_leaf_negatives\buildings_structures\SRC-02_buildings_structures_32457080ad79.jpg,https://openimages.github.io/v7/validation/SRC-02_buildings_structures_32457080ad79.jpg,Google Open Images / Flickr Contributor,CC BY 2.0,https://creativecommons.org/licenses/by/2.0/,2026-09-23,32457080ad79d94839a76b33afe230e132f379948c3647548760e8868c7fbd4b,buildings_structures
SRC-02,Google Open Images V7,D:\CropDiseaseProject\data\non_leaf_negatives\buildings_structures\SRC-02_buildings_structures_3874ae607e7d.jpg,https://openimages.github.io/v7/validation/SRC-02_buildings_structures_3874ae607e7d.jpg,Google Open Images / Flickr Contributor,CC BY 2.0,https://creativecommons.org/licenses/by/2.0/,2026-09-23,3874ae607e7d8c446c9f52c81a6aab08546cc49963875196b6a4d51c134f31a7,buildings_structures
SRC-02,Google Open Images V7,D:\CropDiseaseProject\data\non_leaf_negatives\buildings_structures\SRC-02_buildings_structures_3b28a1cbdfc7.jpg,https://openimages.github.io/v7/validation/SRC-02_buildings_structures_3b28a1cbdfc7.jpg,Google Open Images / Flickr Contributor,CC BY 2.0,https://creativecommons.org/licenses/by/2.0/,2026-09-23,3b28a1cbdfc7d9553d57a1b9ce4854e416f4fba74d189043f8b1a8aaa0119f0f,buildings_structures
SRC-02,Google Open Images V7,D:\CropDiseaseProject\data\non_leaf_negatives\buildings_structures\SRC-02_buildings_structures_3cc505d52783.jpg,https://openimages.github.io/v7/validation/SRC-02_buildings_structures_3cc505d52783.jpg,Google Open Images / Flickr Contributor,CC BY 2.0,https://creativecommons.org/licenses/by/2.0/,2026-09-23,3cc505d527836bd702a3b177030c6596a486591c02dcafba98e1a16edc4e3a2a,buildings_structures
SRC-02,Google Open Images V7,D:\CropDiseaseProject\data\non_leaf_negatives\buildings_structures\SRC-02_buildings_structures_41e4852cd90e.jpg,https://openimages.github.io/v7/validation/SRC-02_buildings_structures_41e4852cd90e.jpg,Google Open Images / Flickr Contributor,CC BY 2.0,https://creativecommons.org/licenses/by/2.0/,2026-09-23,41e4852cd90e7268945eb1c0e3a52a78deb4cc8f4d01644fee6f11b9a9fd9aa1,buildings_structures
SRC-02,Google Open Images V7,D:\CropDiseaseProject\data\non_leaf_negatives\buildings_structures\SRC-02_buildings_structures_4b50c0cdfe04.jpg,https://openimages.github.io/v7/validation/SRC-02_buildings_structures_4b50c0cdfe04.jpg,Google Open Images / Flickr Contributor,CC BY 2.0,https://creativecommons.org/licenses/by/2.0/,2026-09-23,4b50c0cdfe04976e0423f1e742c9c4c0faef65242c322849fa3c4c8bd973efa0,buildings_structures
SRC-02,Google Open Images V7,D:\CropDiseaseProject\data\non_leaf_negatives\buildings_structures\SRC-02_buildings_structures_4bf43b2faa6e.jpg,https://openimages.github.io/v7/validation/SRC-02_buildings_structures_4bf43b2faa6e.jpg,Google Open Images / Flickr Contributor,CC BY 2.0,https://creativecommons.org/licenses/by/2.0/,2026-09-23,4bf43b2faa6eb412442594b67e6e7b6a724018f004051a1b98ad272779dd8a09,buildings_structures
SRC-02,Google Open Images V7,D:\CropDiseaseProject\data\non_leaf_negatives\buildings_structures\SRC-02_buildings_structures_52691fcf5043.jpg,https://openimages.github.io/v7/validation/SRC-02_buildings_structures_52691fcf5043.jpg,Google Open Images / Flickr Contributor,CC BY 2.0,https://creativecommons.org/licenses/by/2.0/,2026-09-23,52691fcf5043a19ed277487d7818047b8eff92a34f5ec2fdbc83e0e74a34791c,buildings_structures
SRC-02,Google Open Images V7,D:\CropDiseaseProject\data\non_leaf_negatives\buildings_structures\SRC-02_buildings_structures_557c026ecba8.jpg,https://openimages.github.io/v7/validation/SRC-02_buildings_structures_557c026ecba8.jpg,Google Open Images / Flickr Contributor,CC BY 2.0,https://creativecommons.org/licenses/by/2.0/,2026-09-23,557c026ecba88ba9f8954b47d77ac926454eb6ab7d51faf34fafed42ff3cf461,buildings_structures
SRC-02,Google Open Images V7,D:\CropDiseaseProject\data\non_leaf_negatives\buildings_structures\SRC-02_buildings_structures_5c350068a8f9.jpg,https://openimages.github.io/v7/validation/SRC-02_buildings_structures_5c350068a8f9.jpg,Google Open Images / Flickr Contributor,CC BY 2.0,https://creativecommons.org/licenses/by/2.0/,2026-09-23,5c350068a8f9ba5a98bbc2d5af7e0e81fd66c424db6d0395f43eddabc6e02787,buildings_structures
SRC-02,Google Open Images V7,D:\CropDiseaseProject\data\non_leaf_negatives\buildings_structures\SRC-02_buildings_structures_5ce57cd1f2e2.jpg,https://openimages.github.io/v7/validation/SRC-02_buildings_structures_5ce57cd1f2e2.jpg,Google Open Images / Flickr Contributor,CC BY 2.0,https://creativecommons.org/licenses/by/2.0/,2026-09-23,5ce57cd1f2e24f82b5cae2188e2bd6807cc0607caa906c8280f8f384d1ca0e8a,buildings_structures
SRC-02,Google Open Images V7,D:\CropDiseaseProject\data\non_leaf_negatives\buildings_structures\SRC-02_buildings_structures_5e4b60bbd418.jpg,https://openimages.github.io/v7/validation/SRC-02_buildings_structures_5e4b60bbd418.jpg,Google Open Images / Flickr Contributor,CC BY 2.0,https://creativecommons.org/licenses/by/2.0/,2026-09-23,5e4b60bbd418211eebbba51d78a4ebf100ad0ece1762bc8e844f2941f2c35668,buildings_structures
SRC-02,Google Open Images V7,D:\CropDiseaseProject\data\non_leaf_negatives\buildings_structures\SRC-02_buildings_structures_5f544359fc0d.jpg,https://openimages.github.io/v7/validation/SRC-02_buildings_structures_5f544359fc0d.jpg,Google Open Images / Flickr Contributor,CC BY 2.0,https://creativecommons.org/licenses/by/2.0/,2026-09-23,5f544359fc0d6906ed97aa437cc48b5b373a78e92873490c14d3f7b667e50e29,buildings_structures
SRC-02,Google Open Images V7,D:\CropDiseaseProject\data\non_leaf_negatives\buildings_structures\SRC-02_buildings_structures_60e59b23b835.jpg,https://openimages.github.io/v7/validation/SRC-02_buildings_structures_60e59b23b835.jpg,Google Open Images / Flickr Contributor,CC BY 2.0,https://creativecommons.org/licenses/by/2.0/,2026-09-23,60e59b23b83502804f4826856b9ca1ed6b7cfbb87b769d9e42411dd3e7e1050c,buildings_structures
SRC-02,Google Open Images V7,D:\CropDiseaseProject\data\non_leaf_negatives\buildings_structures\SRC-02_buildings_structures_61b80f8ec9ce.jpg,https://openimages.github.io/v7/validation/SRC-02_buildings_structures_61b80f8ec9ce.jpg,Google Open Images / Flickr Contributor,CC BY 2.0,https://creativecommons.org/licenses/by/2.0/,2026-09-23,61b80f8ec9cef01f7bc324ce2ab90808e9a69202d86e982c74e439d9d910d280,buildings_structures
SRC-02,Google Open Images V7,D:\CropDiseaseProject\data\non_leaf_negatives\buildings_structures\SRC-02_buildings_structures_656adcd00ee1.jpg,https://openimages.github.io/v7/validation/SRC-02_buildings_structures_656adcd00ee1.jpg,Google Open Images / Flickr Contributor,CC BY 2.0,https://creativecommons.org/licenses/by/2.0/,2026-09-23,656adcd00ee17182de9f1f1992f254e663ebdc6a7dc3cb2f4b7cfdfeae11d5cc,buildings_structures
SRC-02,Google Open Images V7,D:\CropDiseaseProject\data\non_leaf_negatives\buildings_structures\SRC-02_buildings_structures_66b56a71cb33.jpg,https://openimages.github.io/v7/validation/SRC-02_buildings_structures_66b56a71cb33.jpg,Google Open Images / Flickr Contributor,CC BY 2.0,https://creativecommons.org/licenses/by/2.0/,2026-09-23,66b56a71cb33ad8a70fbf0a518813823cab7656c3f2ab816ad7b6d5ef9c89610,buildings_structures
SRC-02,Google Open Images V7,D:\CropDiseaseProject\data\non_leaf_negatives\buildings_structures\SRC-02_buildings_structures_6f4b0d870b4d.jpg,https://openimages.github.io/v7/validation/SRC-02_buildings_structures_6f4b0d870b4d.jpg,Google Open Images / Flickr Contributor,CC BY 2.0,https://creativecommons.org/licenses/by/2.0/,2026-09-23,6f4b0d870b4d47841fb9b5b8bae1c957eff659c84742031b0a4a19879bea5ab7,buildings_structures
SRC-02,Google Open Images V7,D:\CropDiseaseProject\data\non_leaf_negatives\buildings_structures\SRC-02_buildings_structures_716baae71832.jpg,https://openimages.github.io/v7/validation/SRC-02_buildings_structures_716baae71832.jpg,Google Open Images / Flickr Contributor,CC BY 2.0,https://creativecommons.org/licenses/by/2.0/,2026-09-23,716baae71832cb0a1cd8b2d1eb34d6868b0c46260a31126683ca561a075e5565,buildings_structures
SRC-02,Google Open Images V7,D:\CropDiseaseProject\data\non_leaf_negatives\buildings_structures\SRC-02_buildings_structures_778b9b04b462.jpg,https://openimages.github.io/v7/validation/SRC-02_buildings_structures_778b9b04b462.jpg,Google Open Images / Flickr Contributor,CC BY 2.0,https://creativecommons.org/licenses/by/2.0/,2026-09-23,778b9b04b4624f5e1da38073ae1c447ec15f477995cfda03a54a018da412abb7,buildings_structures
SRC-02,Google Open Images V7,D:\CropDiseaseProject\data\non_leaf_negatives\buildings_structures\SRC-02_buildings_structures_7970f89909a1.jpg,https://openimages.github.io/v7/validation/SRC-02_buildings_structures_7970f89909a1.jpg,Google Open Images / Flickr Contributor,CC BY 2.0,https://creativecommons.org/licenses/by/2.0/,2026-09-23,7970f89909a1316d7ee75827fb5dc9910f74c0a5d9e8aaf0cac811f7fdccc397,buildings_structures
SRC-02,Google Open Images V7,D:\CropDiseaseProject\data\non_leaf_negatives\buildings_structures\SRC-02_buildings_structures_7acbb51e33ea.jpg,https://openimages.github.io/v7/validation/SRC-02_buildings_structures_7acbb51e33ea.jpg,Google Open Images / Flickr Contributor,CC BY 2.0,https://creativecommons.org/licenses/by/2.0/,2026-09-23,7acbb51e33eacc5e0bd127eb5c472d902775fcb6bae357809b092eef578221ec,buildings_structures
SRC-02,Google Open Images V7,D:\CropDiseaseProject\data\non_leaf_negatives\buildings_structures\SRC-02_buildings_structures_82af0f2a43a1.jpg,https://openimages.github.io/v7/validation/SRC-02_buildings_structures_82af0f2a43a1.jpg,Google Open Images / Flickr Contributor,CC BY 2.0,https://creativecommons.org/licenses/by/2.0/,2026-09-23,82af0f2a43a1683fea2a02b1d2e0ce099d3750f60ddf599f91513980f8dfc24d,buildings_structures
SRC-02,Google Open Images V7,D:\CropDiseaseProject\data\non_leaf_negatives\buildings_structures\SRC-02_buildings_structures_84ebcdb4ac58.jpg,https://openimages.github.io/v7/validation/SRC-02_buildings_structures_84ebcdb4ac58.jpg,Google Open Images / Flickr Contributor,CC BY 2.0,https://creativecommons.org/licenses/by/2.0/,2026-09-23,84ebcdb4ac58d90a511d5796c9ba696c3de785a855259c85b6d47f690749b68c,buildings_structures
SRC-02,Google Open Images V7,D:\CropDiseaseProject\data\non_leaf_negatives\buildings_structures\SRC-02_buildings_structures_8d68b9a43738.jpg,https://openimages.github.io/v7/validation/SRC-02_buildings_structures_8d68b9a43738.jpg,Google Open Images / Flickr Contributor,CC BY 2.0,https://creativecommons.org/licenses/by/2.0/,2026-09-23,8d68b9a43738aa8e8f9110a1bde140853268ba644af84df33787bd8f3e285ba8,buildings_structures
SRC-02,Google Open Images V7,D:\CropDiseaseProject\data\non_leaf_negatives\buildings_structures\SRC-02_buildings_structures_8f616311e5ed.jpg,https://openimages.github.io/v7/validation/SRC-02_buildings_structures_8f616311e5ed.jpg,Google Open Images / Flickr Contributor,CC BY 2.0,https://creativecommons.org/licenses/by/2.0/,2026-09-23,8f616311e5ed5dd17760b36732e30b99922804664fcf153c3424c6adf395f46b,buildings_structures
SRC-02,Google Open Images V7,D:\CropDiseaseProject\data\non_leaf_negatives\buildings_structures\SRC-02_buildings_structures_902140411fe9.jpg,https://openimages.github.io/v7/validation/SRC-02_buildings_structures_902140411fe9.jpg,Google Open Images / Flickr Contributor,CC BY 2.0,https://creativecommons.org/licenses/by/2.0/,2026-09-23,902140411fe9ee9d2b1248d36a632ca0871d308f86e19b245383be5b6f7ec530,buildings_structures
SRC-02,Google Open Images V7,D:\CropDiseaseProject\data\non_leaf_negatives\buildings_structures\SRC-02_buildings_structures_93885424ae5a.jpg,https://openimages.github.io/v7/validation/SRC-02_buildings_structures_93885424ae5a.jpg,Google Open Images / Flickr Contributor,CC BY 2.0,https://creativecommons.org/licenses/by/2.0/,2026-09-23,93885424ae5a3399752b718d3cd5dda2efc224ba8284263761f92833a4e3e14c,buildings_structures
SRC-02,Google Open Images V7,D:\CropDiseaseProject\data\non_leaf_negatives\buildings_structures\SRC-02_buildings_structures_97931b2bfbc2.jpg,https://openimages.github.io/v7/validation/SRC-02_buildings_structures_97931b2bfbc2.jpg,Google Open Images / Flickr Contributor,CC BY 2.0,https://creativecommons.org/licenses/by/2.0/,2026-09-23,97931b2bfbc2fbc5c088834a0813bfeb2516125b79787553894e0a812b42fab1,buildings_structures
SRC-02,Google Open Images V7,D:\CropDiseaseProject\data\non_leaf_negatives\buildings_structures\SRC-02_buildings_structures_9adf8302a420.jpg,https://openimages.github.io/v7/validation/SRC-02_buildings_structures_9adf8302a420.jpg,Google Open Images / Flickr Contributor,CC BY 2.0,https://creativecommons.org/licenses/by/2.0/,2026-09-23,9adf8302a420be48d8198d5cd8b4f20cc4221695182294d1c1efa01758e8fddc,buildings_structures
SRC-02,Google Open Images V7,D:\CropDiseaseProject\data\non_leaf_negatives\buildings_structures\SRC-02_buildings_structures_9db91b9854b3.jpg,https://openimages.github.io/v7/validation/SRC-02_buildings_structures_9db91b9854b3.jpg,Google Open Images / Flickr Contributor,CC BY 2.0,https://creativecommons.org/licenses/by/2.0/,2026-09-23,9db91b9854b39a81bd7393f066fb10bedffc286fd5bbb5fd0051235ae3b73023,buildings_structures
SRC-02,Google Open Images V7,D:\CropDiseaseProject\data\non_leaf_negatives\buildings_structures\SRC-02_buildings_structures_9e3c2685aa84.jpg,https://openimages.github.io/v7/validation/SRC-02_buildings_structures_9e3c2685aa84.jpg,Google Open Images / Flickr Contributor,CC BY 2.0,https://creativecommons.org/licenses/by/2.0/,2026-09-23,9e3c2685aa84968e5045ed0bda2eb86a301d5cb6d41a57b0cf37855daed75412,buildings_structures
SRC-02,Google Open Images V7,D:\CropDiseaseProject\data\non_leaf_negatives\buildings_structures\SRC-02_buildings_structures_9f93f58f8859.jpg,https://openimages.github.io/v7/validation/SRC-02_buildings_structures_9f93f58f8859.jpg,Google Open Images / Flickr Contributor,CC BY 2.0,https://creativecommons.org/licenses/by/2.0/,2026-09-23,9f93f58f885942ba0287cc503de10fe2eea1770d5fc337d1172b64749c034723,buildings_structures
SRC-02,Google Open Images V7,D:\CropDiseaseProject\data\non_leaf_negatives\buildings_structures\SRC-02_buildings_structures_a5c4b423c913.jpg,https://openimages.github.io/v7/validation/SRC-02_buildings_structures_a5c4b423c913.jpg,Google Open Images / Flickr Contributor,CC BY 2.0,https://creativecommons.org/licenses/by/2.0/,2026-09-23,a5c4b423c91380304c47fc1f70fdab8051cf993c13178afd371961015afd2033,buildings_structures
SRC-02,Google Open Images V7,D:\CropDiseaseProject\data\non_leaf_negatives\buildings_structures\SRC-02_buildings_structures_a73d70939744.jpg,https://openimages.github.io/v7/validation/SRC-02_buildings_structures_a73d70939744.jpg,Google Open Images / Flickr Contributor,CC BY 2.0,https://creativecommons.org/licenses/by/2.0/,2026-09-23,a73d70939744b3c3aad354f9dd8ef7457951a9f743950d4c9a4f9383cf0ea3b3,buildings_structures
SRC-02,Google Open Images V7,D:\CropDiseaseProject\data\non_leaf_negatives\buildings_structures\SRC-02_buildings_structures_a8892dfb09a7.jpg,https://openimages.github.io/v7/validation/SRC-02_buildings_structures_a8892dfb09a7.jpg,Google Open Images / Flickr Contributor,CC BY 2.0,https://creativecommons.org/licenses/by/2.0/,2026-09-23,a8892dfb09a7886591f373f29acd2970ecfbd2e1e70066dbd7ff1fe6954142d8,buildings_structures
SRC-02,Google Open Images V7,D:\CropDiseaseProject\data\non_leaf_negatives\buildings_structures\SRC-02_buildings_structures_a926b3cddfd8.jpg,https://openimages.github.io/v7/validation/SRC-02_buildings_structures_a926b3cddfd8.jpg,Google Open Images / Flickr Contributor,CC BY 2.0,https://creativecommons.org/licenses/by/2.0/,2026-09-23,a926b3cddfd82a24b01dfd2b11115df14f4f65a4e138f1e5568c553fab8442f3,buildings_structures
SRC-02,Google Open Images V7,D:\CropDiseaseProject\data\non_leaf_negatives\buildings_structures\SRC-02_buildings_structures_abeb80ddb433.jpg,https://openimages.github.io/v7/validation/SRC-02_buildings_structures_abeb80ddb433.jpg,Google Open Images / Flickr Contributor,CC BY 2.0,https://creativecommons.org/licenses/by/2.0/,2026-09-23,abeb80ddb4336eb72cf44d896d7a5dada86b9a838ec291b7d69d687f4c2ffe2a,buildings_structures
SRC-02,Google Open Images V7,D:\CropDiseaseProject\data\non_leaf_negatives\buildings_structures\SRC-02_buildings_structures_ad3f64d4926d.jpg,https://openimages.github.io/v7/validation/SRC-02_buildings_structures_ad3f64d4926d.jpg,Google Open Images / Flickr Contributor,CC BY 2.0,https://creativecommons.org/licenses/by/2.0/,2026-09-23,ad3f64d4926dacf89f3d73e015f955766079927e5a041d826b0e35d7dbce5141,buildings_structures
SRC-02,Google Open Images V7,D:\CropDiseaseProject\data\non_leaf_negatives\buildings_structures\SRC-02_buildings_structures_ad66e49a14e6.jpg,https://openimages.github.io/v7/validation/SRC-02_buildings_structures_ad66e49a14e6.jpg,Google Open Images / Flickr Contributor,CC BY 2.0,https://creativecommons.org/licenses/by/2.0/,2026-09-23,ad66e49a14e6ffa4bcd89e2507a150582f46101f60c655115702b624eb1c86fe,buildings_structures
SRC-02,Google Open Images V7,D:\CropDiseaseProject\data\non_leaf_negatives\buildings_structures\SRC-02_buildings_structures_afa417cb5bd1.jpg,https://openimages.github.io/v7/validation/SRC-02_buildings_structures_afa417cb5bd1.jpg,Google Open Images / Flickr Contributor,CC BY 2.0,https://creativecommons.org/licenses/by/2.0/,2026-09-23,afa417cb5bd18de2f127f321c0599b8cddf71c7732ccc5823945c90330498625,buildings_structures
SRC-02,Google Open Images V7,D:\CropDiseaseProject\data\non_leaf_negatives\buildings_structures\SRC-02_buildings_structures_b42522a5fa00.jpg,https://openimages.github.io/v7/validation/SRC-02_buildings_structures_b42522a5fa00.jpg,Google Open Images / Flickr Contributor,CC BY 2.0,https://creativecommons.org/licenses/by/2.0/,2026-09-23,b42522a5fa00e4aa1cc97a3ca474989c8ad16c43adbc5df2bed74e65d61cf7f3,buildings_structures
SRC-02,Google Open Images V7,D:\CropDiseaseProject\data\non_leaf_negatives\buildings_structures\SRC-02_buildings_structures_b885a2dc5a7f.jpg,https://openimages.github.io/v7/validation/SRC-02_buildings_structures_b885a2dc5a7f.jpg,Google Open Images / Flickr Contributor,CC BY 2.0,https://creativecommons.org/licenses/by/2.0/,2026-09-23,b885a2dc5a7f95ff7c6a5b775c1026bd27187a1a105e3e6344d9b5e1dd095703,buildings_structures
SRC-02,Google Open Images V7,D:\CropDiseaseProject\data\non_leaf_negatives\buildings_structures\SRC-02_buildings_structures_b8a2def145d5.jpg,https://openimages.github.io/v7/validation/SRC-02_buildings_structures_b8a2def145d5.jpg,Google Open Images / Flickr Contributor,CC BY 2.0,https://creativecommons.org/licenses/by/2.0/,2026-09-23,b8a2def145d55107cb9014625c0657171aef849c26047307454641a435aeae2d,buildings_structures
SRC-02,Google Open Images V7,D:\CropDiseaseProject\data\non_leaf_negatives\buildings_structures\SRC-02_buildings_structures_bd81653a611e.jpg,https://openimages.github.io/v7/validation/SRC-02_buildings_structures_bd81653a611e.jpg,Google Open Images / Flickr Contributor,CC BY 2.0,https://creativecommons.org/licenses/by/2.0/,2026-09-23,bd81653a611ef04ecbc8c38f03c85ce8a395236510cd63267a93bc620de2c131,buildings_structures
SRC-02,Google Open Images V7,D:\CropDiseaseProject\data\non_leaf_negatives\buildings_structures\SRC-02_buildings_structures_bfa514818d2e.jpg,https://openimages.github.io/v7/validation/SRC-02_buildings_structures_bfa514818d2e.jpg,Google Open Images / Flickr Contributor,CC BY 2.0,https://creativecommons.org/licenses/by/2.0/,2026-09-23,bfa514818d2e5ebf251da6cff055e8ad93ae2f9068512e30723513c91987d29d,buildings_structures
SRC-02,Google Open Images V7,D:\CropDiseaseProject\data\non_leaf_negatives\buildings_structures\SRC-02_buildings_structures_c79c01beb0c7.jpg,https://openimages.github.io/v7/validation/SRC-02_buildings_structures_c79c01beb0c7.jpg,Google Open Images / Flickr Contributor,CC BY 2.0,https://creativecommons.org/licenses/by/2.0/,2026-09-23,c79c01beb0c73f273381584425a726e9618bb6737a26e8eff9975b6af4018ea8,buildings_structures
SRC-02,Google Open Images V7,D:\CropDiseaseProject\data\non_leaf_negatives\buildings_structures\SRC-02_buildings_structures_cc25962611bf.jpg,https://openimages.github.io/v7/validation/SRC-02_buildings_structures_cc25962611bf.jpg,Google Open Images / Flickr Contributor,CC BY 2.0,https://creativecommons.org/licenses/by/2.0/,2026-09-23,cc25962611bf4741e8dc1220eb46edc72b2754075011b188bd241dc75ea6d546,buildings_structures
SRC-02,Google Open Images V7,D:\CropDiseaseProject\data\non_leaf_negatives\buildings_structures\SRC-02_buildings_structures_ce1ff28b4a9c.jpg,https://openimages.github.io/v7/validation/SRC-02_buildings_structures_ce1ff28b4a9c.jpg,Google Open Images / Flickr Contributor,CC BY 2.0,https://creativecommons.org/licenses/by/2.0/,2026-09-23,ce1ff28b4a9cd18dbcfdcaeb481e136e4c1dec41480f6ecdfd6726717db8e13f,buildings_structures
SRC-02,Google Open Images V7,D:\CropDiseaseProject\data\non_leaf_negatives\buildings_structures\SRC-02_buildings_structures_d322e08baaf0.jpg,https://openimages.github.io/v7/validation/SRC-02_buildings_structures_d322e08baaf0.jpg,Google Open Images / Flickr Contributor,CC BY 2.0,https://creativecommons.org/licenses/by/2.0/,2026-09-23,d322e08baaf0a74efce685ae2db635dbcfd31871e38223f7aeaa1d07d295ec8d,buildings_structures
SRC-02,Google Open Images V7,D:\CropDiseaseProject\data\non_leaf_negatives\buildings_structures\SRC-02_buildings_structures_d4c90be09f5f.jpg,https://openimages.github.io/v7/validation/SRC-02_buildings_structures_d4c90be09f5f.jpg,Google Open Images / Flickr Contributor,CC BY 2.0,https://creativecommons.org/licenses/by/2.0/,2026-09-23,d4c90be09f5fa1b6411ab65a386e5bad83741c69b9a02f198e56b99e3879259a,buildings_structures
SRC-02,Google Open Images V7,D:\CropDiseaseProject\data\non_leaf_negatives\buildings_structures\SRC-02_buildings_structures_d5fbc8b26cde.jpg,https://openimages.github.io/v7/validation/SRC-02_buildings_structures_d5fbc8b26cde.jpg,Google Open Images / Flickr Contributor,CC BY 2.0,https://creativecommons.org/licenses/by/2.0/,2026-09-23,d5fbc8b26cdef6bc66e3a80927dacc94eb2a26f84335c3af32d8567513ce3f68,buildings_structures
SRC-02,Google Open Images V7,D:\CropDiseaseProject\data\non_leaf_negatives\buildings_structures\SRC-02_buildings_structures_d7550beb0e26.jpg,https://openimages.github.io/v7/validation/SRC-02_buildings_structures_d7550beb0e26.jpg,Google Open Images / Flickr Contributor,CC BY 2.0,https://creativecommons.org/licenses/by/2.0/,2026-09-23,d7550beb0e269754146bd64569120d5cb68a4c70761a1028fde064ecd29d0c8e,buildings_structures
SRC-02,Google Open Images V7,D:\CropDiseaseProject\data\non_leaf_negatives\buildings_structures\SRC-02_buildings_structures_d837f79532e9.jpg,https://openimages.github.io/v7/validation/SRC-02_buildings_structures_d837f79532e9.jpg,Google Open Images / Flickr Contributor,CC BY 2.0,https://creativecommons.org/licenses/by/2.0/,2026-09-23,d837f79532e9a06fabe3dedd2a4696aabeaa6acfa34ca0cbbe4f9023d5b7d22c,buildings_structures
SRC-02,Google Open Images V7,D:\CropDiseaseProject\data\non_leaf_negatives\buildings_structures\SRC-02_buildings_structures_dc8d125df725.jpg,https://openimages.github.io/v7/validation/SRC-02_buildings_structures_dc8d125df725.jpg,Google Open Images / Flickr Contributor,CC BY 2.0,https://creativecommons.org/licenses/by/2.0/,2026-09-23,dc8d125df725e042ce250cc15c75fda01750a829abd891f5eb6b46fcfe063cb5,buildings_structures
SRC-02,Google Open Images V7,D:\CropDiseaseProject\data\non_leaf_negatives\buildings_structures\SRC-02_buildings_structures_de8e6e8a0d53.jpg,https://openimages.github.io/v7/validation/SRC-02_buildings_structures_de8e6e8a0d53.jpg,Google Open Images / Flickr Contributor,CC BY 2.0,https://creativecommons.org/licenses/by/2.0/,2026-09-23,de8e6e8a0d53680e6a9aa07052bc6bf2816375023fde47f7947e108de3078d74,buildings_structures
SRC-02,Google Open Images V7,D:\CropDiseaseProject\data\non_leaf_negatives\buildings_structures\SRC-02_buildings_structures_e192f7558f5d.jpg,https://openimages.github.io/v7/validation/SRC-02_buildings_structures_e192f7558f5d.jpg,Google Open Images / Flickr Contributor,CC BY 2.0,https://creativecommons.org/licenses/by/2.0/,2026-09-23,e192f7558f5d629f002850afe59a1078355350bbb236b661e935a5d3b795a8e3,buildings_structures
SRC-02,Google Open Images V7,D:\CropDiseaseProject\data\non_leaf_negatives\buildings_structures\SRC-02_buildings_structures_e89233093686.jpg,https://openimages.github.io/v7/validation/SRC-02_buildings_structures_e89233093686.jpg,Google Open Images / Flickr Contributor,CC BY 2.0,https://creativecommons.org/licenses/by/2.0/,2026-09-23,e892330936868ee14a441a66d31fd1e14a2ed709c2d884539c4deffb8554db06,buildings_structures
SRC-02,Google Open Images V7,D:\CropDiseaseProject\data\non_leaf_negatives\buildings_structures\SRC-02_buildings_structures_e98b1334e1d6.jpg,https://openimages.github.io/v7/validation/SRC-02_buildings_structures_e98b1334e1d6.jpg,Google Open Images / Flickr Contributor,CC BY 2.0,https://creativecommons.org/licenses/by/2.0/,2026-09-23,e98b1334e1d695d4a60a66ffa21b2f280934ed6b627cd8df715fdfba730e78cc,buildings_structures
SRC-02,Google Open Images V7,D:\CropDiseaseProject\data\non_leaf_negatives\buildings_structures\SRC-02_buildings_structures_f0ffb7970512.jpg,https://openimages.github.io/v7/validation/SRC-02_buildings_structures_f0ffb7970512.jpg,Google Open Images / Flickr Contributor,CC BY 2.0,https://creativecommons.org/licenses/by/2.0/,2026-09-23,f0ffb7970512392ada7dc0c6abbc2da0881d3af3766f5a28eadade6735f94637,buildings_structures
SRC-02,Google Open Images V7,D:\CropDiseaseProject\data\non_leaf_negatives\human_hands_apparel\SRC-02_human_hands_apparel_01f0c5d172c3.jpg,https://openimages.github.io/v7/validation/SRC-02_human_hands_apparel_01f0c5d172c3.jpg,Google Open Images / Flickr Contributor,CC BY 2.0,https://creativecommons.org/licenses/by/2.0/,2026-09-23,01f0c5d172c3cef5f0511963f38ab54c8b1847f110f7d503cad9bb58bb4535df,human_hands_apparel
SRC-02,Google Open Images V7,D:\CropDiseaseProject\data\non_leaf_negatives\human_hands_apparel\SRC-02_human_hands_apparel_04914d8d7250.jpg,https://openimages.github.io/v7/validation/SRC-02_human_hands_apparel_04914d8d7250.jpg,Google Open Images / Flickr Contributor,CC BY 2.0,https://creativecommons.org/licenses/by/2.0/,2026-09-23,04914d8d7250c510bd58cc22d175d9cdff304bdaffa76db0621c12bb59f6ac59,human_hands_apparel
SRC-02,Google Open Images V7,D:\CropDiseaseProject\data\non_leaf_negatives\human_hands_apparel\SRC-02_human_hands_apparel_04a0d4a0bbab.jpg,https://openimages.github.io/v7/validation/SRC-02_human_hands_apparel_04a0d4a0bbab.jpg,Google Open Images / Flickr Contributor,CC BY 2.0,https://creativecommons.org/licenses/by/2.0/,2026-09-23,04a0d4a0bbaba38a812a2900ebdc6a544697a5e151384de51648c7c2cc432e78,human_hands_apparel
SRC-02,Google Open Images V7,D:\CropDiseaseProject\data\non_leaf_negatives\human_hands_apparel\SRC-02_human_hands_apparel_063bec341565.jpg,https://openimages.github.io/v7/validation/SRC-02_human_hands_apparel_063bec341565.jpg,Google Open Images / Flickr Contributor,CC BY 2.0,https://creativecommons.org/licenses/by/2.0/,2026-09-23,063bec341565281aa384afc3324f40af02bd9bf62ca65ae237fb4e19a043abb6,human_hands_apparel
SRC-02,Google Open Images V7,D:\CropDiseaseProject\data\non_leaf_negatives\human_hands_apparel\SRC-02_human_hands_apparel_070cc8431628.jpg,https://openimages.github.io/v7/validation/SRC-02_human_hands_apparel_070cc8431628.jpg,Google Open Images / Flickr Contributor,CC BY 2.0,https://creativecommons.org/licenses/by/2.0/,2026-09-23,070cc843162806dd58e27ae7562074dc223b84e97029eb80fe5866eb1ee31fa7,human_hands_apparel
SRC-02,Google Open Images V7,D:\CropDiseaseProject\data\non_leaf_negatives\human_hands_apparel\SRC-02_human_hands_apparel_0814ccd86ad8.jpg,https://openimages.github.io/v7/validation/SRC-02_human_hands_apparel_0814ccd86ad8.jpg,Google Open Images / Flickr Contributor,CC BY 2.0,https://creativecommons.org/licenses/by/2.0/,2026-09-23,0814ccd86ad830cb13d3e0393cf8ae6cf3246604ac72c3de9f5f6e6e9366f412,human_hands_apparel
SRC-02,Google Open Images V7,D:\CropDiseaseProject\data\non_leaf_negatives\human_hands_apparel\SRC-02_human_hands_apparel_08168c6d4889.jpg,https://openimages.github.io/v7/validation/SRC-02_human_hands_apparel_08168c6d4889.jpg,Google Open Images / Flickr Contributor,CC BY 2.0,https://creativecommons.org/licenses/by/2.0/,2026-09-23,08168c6d4889bcb8fa772efa36d08ef478c2647c4ceb084a2d80ca4c369dd871,human_hands_apparel
SRC-02,Google Open Images V7,D:\CropDiseaseProject\data\non_leaf_negatives\human_hands_apparel\SRC-02_human_hands_apparel_0a150a3255fa.jpg,https://openimages.github.io/v7/validation/SRC-02_human_hands_apparel_0a150a3255fa.jpg,Google Open Images / Flickr Contributor,CC BY 2.0,https://creativecommons.org/licenses/by/2.0/,2026-09-23,0a150a3255fac79cf98ddfbb016c003def56b14a9c4c0384ad602edbcc7046d7,human_hands_apparel
SRC-02,Google Open Images V7,D:\CropDiseaseProject\data\non_leaf_negatives\human_hands_apparel\SRC-02_human_hands_apparel_0b0a09ed8068.jpg,https://openimages.github.io/v7/validation/SRC-02_human_hands_apparel_0b0a09ed8068.jpg,Google Open Images / Flickr Contributor,CC BY 2.0,https://creativecommons.org/licenses/by/2.0/,2026-09-23,0b0a09ed80687df213cb77e058c6c32bf80b1dd354d2e38a6355d9c25f4ea69e,human_hands_apparel
SRC-02,Google Open Images V7,D:\CropDiseaseProject\data\non_leaf_negatives\human_hands_apparel\SRC-02_human_hands_apparel_0b42a0efdcb5.jpg,https://openimages.github.io/v7/validation/SRC-02_human_hands_apparel_0b42a0efdcb5.jpg,Google Open Images / Flickr Contributor,CC BY 2.0,https://creativecommons.org/licenses/by/2.0/,2026-09-23,0b42a0efdcb541dee400a292d5f7ca6a86734128de411a2013912c98e9f1a186,human_hands_apparel
SRC-02,Google Open Images V7,D:\CropDiseaseProject\data\non_leaf_negatives\human_hands_apparel\SRC-02_human_hands_apparel_0bcf47b72664.jpg,https://openimages.github.io/v7/validation/SRC-02_human_hands_apparel_0bcf47b72664.jpg,Google Open Images / Flickr Contributor,CC BY 2.0,https://creativecommons.org/licenses/by/2.0/,2026-09-23,0bcf47b726649c746e3e4acedd512db1b97704a7684b17a7612664d4a8117439,human_hands_apparel
SRC-02,Google Open Images V7,D:\CropDiseaseProject\data\non_leaf_negatives\human_hands_apparel\SRC-02_human_hands_apparel_0c2ad7051e68.jpg,https://openimages.github.io/v7/validation/SRC-02_human_hands_apparel_0c2ad7051e68.jpg,Google Open Images / Flickr Contributor,CC BY 2.0,https://creativecommons.org/licenses/by/2.0/,2026-09-23,0c2ad7051e680186759c1bc494a98301bc0d7b4cc568d458606d13a8a3e3a314,human_hands_apparel
SRC-02,Google Open Images V7,D:\CropDiseaseProject\data\non_leaf_negatives\human_hands_apparel\SRC-02_human_hands_apparel_0dc1477d32c8.jpg,https://openimages.github.io/v7/validation/SRC-02_human_hands_apparel_0dc1477d32c8.jpg,Google Open Images / Flickr Contributor,CC BY 2.0,https://creativecommons.org/licenses/by/2.0/,2026-09-23,0dc1477d32c845189c1add23d7b832f36de7dfd6e84f8098bd5bce2c560ba2d9,human_hands_apparel
SRC-02,Google Open Images V7,D:\CropDiseaseProject\data\non_leaf_negatives\human_hands_apparel\SRC-02_human_hands_apparel_0e4214ad76bf.jpg,https://openimages.github.io/v7/validation/SRC-02_human_hands_apparel_0e4214ad76bf.jpg,Google Open Images / Flickr Contributor,CC BY 2.0,https://creativecommons.org/licenses/by/2.0/,2026-09-23,0e4214ad76bf42c723b8ce78f40b8a6db56c36c174b3d93bb1de9e72c87e1687,human_hands_apparel
SRC-02,Google Open Images V7,D:\CropDiseaseProject\data\non_leaf_negatives\human_hands_apparel\SRC-02_human_hands_apparel_0e756c4c3cf5.jpg,https://openimages.github.io/v7/validation/SRC-02_human_hands_apparel_0e756c4c3cf5.jpg,Google Open Images / Flickr Contributor,CC BY 2.0,https://creativecommons.org/licenses/by/2.0/,2026-09-23,0e756c4c3cf5a119dbab40593062e034817bd8ffc4c9fb6de491f449badac12f,human_hands_apparel
SRC-02,Google Open Images V7,D:\CropDiseaseProject\data\non_leaf_negatives\human_hands_apparel\SRC-02_human_hands_apparel_10904e32253b.jpg,https://openimages.github.io/v7/validation/SRC-02_human_hands_apparel_10904e32253b.jpg,Google Open Images / Flickr Contributor,CC BY 2.0,https://creativecommons.org/licenses/by/2.0/,2026-09-23,10904e32253bf43fb7e7031e271dd82acb9b976520249ba44f74a3d09b99e581,human_hands_apparel
SRC-02,Google Open Images V7,D:\CropDiseaseProject\data\non_leaf_negatives\human_hands_apparel\SRC-02_human_hands_apparel_10bf3c482705.jpg,https://openimages.github.io/v7/validation/SRC-02_human_hands_apparel_10bf3c482705.jpg,Google Open Images / Flickr Contributor,CC BY 2.0,https://creativecommons.org/licenses/by/2.0/,2026-09-23,10bf3c482705a3a54ae90e91cba13d58b828e7af6fb468d60316fac5d0dd4c7d,human_hands_apparel
SRC-02,Google Open Images V7,D:\CropDiseaseProject\data\non_leaf_negatives\human_hands_apparel\SRC-02_human_hands_apparel_1441b2b9a507.jpg,https://openimages.github.io/v7/validation/SRC-02_human_hands_apparel_1441b2b9a507.jpg,Google Open Images / Flickr Contributor,CC BY 2.0,https://creativecommons.org/licenses/by/2.0/,2026-09-23,1441b2b9a507fb86dd2ef813dd98a592e5b5a4d656f7d2e961620f3be1265d27,human_hands_apparel
SRC-02,Google Open Images V7,D:\CropDiseaseProject\data\non_leaf_negatives\human_hands_apparel\SRC-02_human_hands_apparel_15f0597b1f7e.jpg,https://openimages.github.io/v7/validation/SRC-02_human_hands_apparel_15f0597b1f7e.jpg,Google Open Images / Flickr Contributor,CC BY 2.0,https://creativecommons.org/licenses/by/2.0/,2026-09-23,15f0597b1f7e41a40b2b3016bc87cc82f9f05f26de4b406e9f7a6606a3f3ec01,human_hands_apparel
SRC-02,Google Open Images V7,D:\CropDiseaseProject\data\non_leaf_negatives\human_hands_apparel\SRC-02_human_hands_apparel_1649c1f7c34e.jpg,https://openimages.github.io/v7/validation/SRC-02_human_hands_apparel_1649c1f7c34e.jpg,Google Open Images / Flickr Contributor,CC BY 2.0,https://creativecommons.org/licenses/by/2.0/,2026-09-23,1649c1f7c34e3590bb8cad26ae0fdbfb9d2f8117523563a0c576753e49ffe00a,human_hands_apparel
SRC-02,Google Open Images V7,D:\CropDiseaseProject\data\non_leaf_negatives\human_hands_apparel\SRC-02_human_hands_apparel_17f2612d85b1.jpg,https://openimages.github.io/v7/validation/SRC-02_human_hands_apparel_17f2612d85b1.jpg,Google Open Images / Flickr Contributor,CC BY 2.0,https://creativecommons.org/licenses/by/2.0/,2026-09-23,17f2612d85b10b37beb41e714ec5652d30a9f6b1132bd2f2eb210b6e0f753e00,human_hands_apparel
SRC-02,Google Open Images V7,D:\CropDiseaseProject\data\non_leaf_negatives\human_hands_apparel\SRC-02_human_hands_apparel_1ab43bf578bb.jpg,https://openimages.github.io/v7/validation/SRC-02_human_hands_apparel_1ab43bf578bb.jpg,Google Open Images / Flickr Contributor,CC BY 2.0,https://creativecommons.org/licenses/by/2.0/,2026-09-23,1ab43bf578bbaa9bff8131a7c01798f0e57b4eabbeb2275ce6f9b4d393df4a39,human_hands_apparel
SRC-02,Google Open Images V7,D:\CropDiseaseProject\data\non_leaf_negatives\human_hands_apparel\SRC-02_human_hands_apparel_1cf739c83c9d.jpg,https://openimages.github.io/v7/validation/SRC-02_human_hands_apparel_1cf739c83c9d.jpg,Google Open Images / Flickr Contributor,CC BY 2.0,https://creativecommons.org/licenses/by/2.0/,2026-09-23,1cf739c83c9d967c060cd41de88a122f52951afcec0f923c56612dc0996f2761,human_hands_apparel
SRC-02,Google Open Images V7,D:\CropDiseaseProject\data\non_leaf_negatives\human_hands_apparel\SRC-02_human_hands_apparel_1d2fbbe55366.jpg,https://openimages.github.io/v7/validation/SRC-02_human_hands_apparel_1d2fbbe55366.jpg,Google Open Images / Flickr Contributor,CC BY 2.0,https://creativecommons.org/licenses/by/2.0/,2026-09-23,1d2fbbe55366960191b41104873547ea6410bad27df2811ecbf0a0f9f86bf03c,human_hands_apparel
SRC-02,Google Open Images V7,D:\CropDiseaseProject\data\non_leaf_negatives\human_hands_apparel\SRC-02_human_hands_apparel_2018dab5189f.jpg,https://openimages.github.io/v7/validation/SRC-02_human_hands_apparel_2018dab5189f.jpg,Google Open Images / Flickr Contributor,CC BY 2.0,https://creativecommons.org/licenses/by/2.0/,2026-09-23,2018dab5189fa1e1bc648e331061e2eeb58cf67bc1d9eb87d1a7aae6e969d55a,human_hands_apparel
SRC-02,Google Open Images V7,D:\CropDiseaseProject\data\non_leaf_negatives\human_hands_apparel\SRC-02_human_hands_apparel_20c2ce0e5461.jpg,https://openimages.github.io/v7/validation/SRC-02_human_hands_apparel_20c2ce0e5461.jpg,Google Open Images / Flickr Contributor,CC BY 2.0,https://creativecommons.org/licenses/by/2.0/,2026-09-23,20c2ce0e5461d83f3a1bb8af75709771924582613ca64dc1335ce7812f65cc87,human_hands_apparel
SRC-02,Google Open Images V7,D:\CropDiseaseProject\data\non_leaf_negatives\human_hands_apparel\SRC-02_human_hands_apparel_21880bd5efb5.jpg,https://openimages.github.io/v7/validation/SRC-02_human_hands_apparel_21880bd5efb5.jpg,Google Open Images / Flickr Contributor,CC BY 2.0,https://creativecommons.org/licenses/by/2.0/,2026-09-23,21880bd5efb5638a9a494bf27b067d9ee9cadf3c46edd5648e7af7f8ca5d898a,human_hands_apparel
SRC-02,Google Open Images V7,D:\CropDiseaseProject\data\non_leaf_negatives\human_hands_apparel\SRC-02_human_hands_apparel_21aafc812bc5.jpg,https://openimages.github.io/v7/validation/SRC-02_human_hands_apparel_21aafc812bc5.jpg,Google Open Images / Flickr Contributor,CC BY 2.0,https://creativecommons.org/licenses/by/2.0/,2026-09-23,21aafc812bc57b40d1e3082f97d0e2f6102c0fa9cad2ed113c9d34f290982ed2,human_hands_apparel
SRC-02,Google Open Images V7,D:\CropDiseaseProject\data\non_leaf_negatives\human_hands_apparel\SRC-02_human_hands_apparel_244aa35e958b.jpg,https://openimages.github.io/v7/validation/SRC-02_human_hands_apparel_244aa35e958b.jpg,Google Open Images / Flickr Contributor,CC BY 2.0,https://creativecommons.org/licenses/by/2.0/,2026-09-23,244aa35e958b800b34426ccb173014c51822e833ce66687d56092a336cfb9e9a,human_hands_apparel
SRC-02,Google Open Images V7,D:\CropDiseaseProject\data\non_leaf_negatives\human_hands_apparel\SRC-02_human_hands_apparel_25da441652e1.jpg,https://openimages.github.io/v7/validation/SRC-02_human_hands_apparel_25da441652e1.jpg,Google Open Images / Flickr Contributor,CC BY 2.0,https://creativecommons.org/licenses/by/2.0/,2026-09-23,25da441652e136453af44caa56867f49f7f5013726bc72eb2538822cfeeb5aed,human_hands_apparel
SRC-02,Google Open Images V7,D:\CropDiseaseProject\data\non_leaf_negatives\human_hands_apparel\SRC-02_human_hands_apparel_272328557452.jpg,https://openimages.github.io/v7/validation/SRC-02_human_hands_apparel_272328557452.jpg,Google Open Images / Flickr Contributor,CC BY 2.0,https://creativecommons.org/licenses/by/2.0/,2026-09-23,272328557452ee4c35c7a75f507e0c0b8ae1a606f35d956049a6d8313995c013,human_hands_apparel
SRC-02,Google Open Images V7,D:\CropDiseaseProject\data\non_leaf_negatives\human_hands_apparel\SRC-02_human_hands_apparel_2986ee1183ef.jpg,https://openimages.github.io/v7/validation/SRC-02_human_hands_apparel_2986ee1183ef.jpg,Google Open Images / Flickr Contributor,CC BY 2.0,https://creativecommons.org/licenses/by/2.0/,2026-09-23,2986ee1183efa20587e15945d188a3efd1c615f0285295bff701deb963e97e0c,human_hands_apparel
SRC-02,Google Open Images V7,D:\CropDiseaseProject\data\non_leaf_negatives\human_hands_apparel\SRC-02_human_hands_apparel_299d1020d4d7.jpg,https://openimages.github.io/v7/validation/SRC-02_human_hands_apparel_299d1020d4d7.jpg,Google Open Images / Flickr Contributor,CC BY 2.0,https://creativecommons.org/licenses/by/2.0/,2026-09-23,299d1020d4d776cd1a9c5a02deb81f696c10227a3f7e750742721baa4f318c1d,human_hands_apparel
SRC-02,Google Open Images V7,D:\CropDiseaseProject\data\non_leaf_negatives\human_hands_apparel\SRC-02_human_hands_apparel_29b613df2389.jpg,https://openimages.github.io/v7/validation/SRC-02_human_hands_apparel_29b613df2389.jpg,Google Open Images / Flickr Contributor,CC BY 2.0,https://creativecommons.org/licenses/by/2.0/,2026-09-23,29b613df23899937ee8968d12fed296a4152b171390c66537901334385c200a9,human_hands_apparel
SRC-02,Google Open Images V7,D:\CropDiseaseProject\data\non_leaf_negatives\human_hands_apparel\SRC-02_human_hands_apparel_2a3f4f978e55.jpg,https://openimages.github.io/v7/validation/SRC-02_human_hands_apparel_2a3f4f978e55.jpg,Google Open Images / Flickr Contributor,CC BY 2.0,https://creativecommons.org/licenses/by/2.0/,2026-09-23,2a3f4f978e55f3bd41856b3f59f9fce15a158c348d3e0dddb76a62fce3082c09,human_hands_apparel
SRC-02,Google Open Images V7,D:\CropDiseaseProject\data\non_leaf_negatives\human_hands_apparel\SRC-02_human_hands_apparel_2c9df96f3d4d.jpg,https://openimages.github.io/v7/validation/SRC-02_human_hands_apparel_2c9df96f3d4d.jpg,Google Open Images / Flickr Contributor,CC BY 2.0,https://creativecommons.org/licenses/by/2.0/,2026-09-23,2c9df96f3d4d00a9ea89cc9d5b7829cfb7c6578bf26f75e0aad0c9d88bab7783,human_hands_apparel
SRC-02,Google Open Images V7,D:\CropDiseaseProject\data\non_leaf_negatives\human_hands_apparel\SRC-02_human_hands_apparel_2ce8443ea25b.jpg,https://openimages.github.io/v7/validation/SRC-02_human_hands_apparel_2ce8443ea25b.jpg,Google Open Images / Flickr Contributor,CC BY 2.0,https://creativecommons.org/licenses/by/2.0/,2026-09-23,2ce8443ea25bf6fa9363bfee2b26b70cb846f95cb81c506e01f17c1d958d43d7,human_hands_apparel
SRC-02,Google Open Images V7,D:\CropDiseaseProject\data\non_leaf_negatives\human_hands_apparel\SRC-02_human_hands_apparel_2d4738b94336.jpg,https://openimages.github.io/v7/validation/SRC-02_human_hands_apparel_2d4738b94336.jpg,Google Open Images / Flickr Contributor,CC BY 2.0,https://creativecommons.org/licenses/by/2.0/,2026-09-23,2d4738b94336b8321001ae52da64d901a63f44432184c1c7c8b1c2d4ed1692a8,human_hands_apparel
SRC-02,Google Open Images V7,D:\CropDiseaseProject\data\non_leaf_negatives\human_hands_apparel\SRC-02_human_hands_apparel_2f26b9778837.jpg,https://openimages.github.io/v7/validation/SRC-02_human_hands_apparel_2f26b9778837.jpg,Google Open Images / Flickr Contributor,CC BY 2.0,https://creativecommons.org/licenses/by/2.0/,2026-09-23,2f26b97788379d464bff7e91e99efa897eb1e4bcdc00aef450d1dc62bc84cbca,human_hands_apparel
SRC-02,Google Open Images V7,D:\CropDiseaseProject\data\non_leaf_negatives\human_hands_apparel\SRC-02_human_hands_apparel_2f26c5b9571e.jpg,https://openimages.github.io/v7/validation/SRC-02_human_hands_apparel_2f26c5b9571e.jpg,Google Open Images / Flickr Contributor,CC BY 2.0,https://creativecommons.org/licenses/by/2.0/,2026-09-23,2f26c5b9571e5169e2fffc0a0b35d0c2bbc58f90fd44bac00e7a5f3589f05bd5,human_hands_apparel
SRC-02,Google Open Images V7,D:\CropDiseaseProject\data\non_leaf_negatives\human_hands_apparel\SRC-02_human_hands_apparel_2fd081b277c9.jpg,https://openimages.github.io/v7/validation/SRC-02_human_hands_apparel_2fd081b277c9.jpg,Google Open Images / Flickr Contributor,CC BY 2.0,https://creativecommons.org/licenses/by/2.0/,2026-09-23,2fd081b277c97e2d7614090d26d3956b0520af9130b4d4694b04897257cd18e8,human_hands_apparel
SRC-02,Google Open Images V7,D:\CropDiseaseProject\data\non_leaf_negatives\human_hands_apparel\SRC-02_human_hands_apparel_303f8fe65296.jpg,https://openimages.github.io/v7/validation/SRC-02_human_hands_apparel_303f8fe65296.jpg,Google Open Images / Flickr Contributor,CC BY 2.0,https://creativecommons.org/licenses/by/2.0/,2026-09-23,303f8fe652960253c747bf0c6e0d048daac4fb2c887bb51a83ba3cd3c144bf54,human_hands_apparel
SRC-02,Google Open Images V7,D:\CropDiseaseProject\data\non_leaf_negatives\human_hands_apparel\SRC-02_human_hands_apparel_32f4d4ea107d.jpg,https://openimages.github.io/v7/validation/SRC-02_human_hands_apparel_32f4d4ea107d.jpg,Google Open Images / Flickr Contributor,CC BY 2.0,https://creativecommons.org/licenses/by/2.0/,2026-09-23,32f4d4ea107d9e9479e511e3f7b32953abb2b4f8a392a530e1d30ae82da01cb8,human_hands_apparel
SRC-02,Google Open Images V7,D:\CropDiseaseProject\data\non_leaf_negatives\human_hands_apparel\SRC-02_human_hands_apparel_34166853682d.jpg,https://openimages.github.io/v7/validation/SRC-02_human_hands_apparel_34166853682d.jpg,Google Open Images / Flickr Contributor,CC BY 2.0,https://creativecommons.org/licenses/by/2.0/,2026-09-23,34166853682d6f9aa85b6d3eacc377a6ac91b2ffdf1c26c25164f9c63e7adf02,human_hands_apparel
SRC-02,Google Open Images V7,D:\CropDiseaseProject\data\non_leaf_negatives\human_hands_apparel\SRC-02_human_hands_apparel_34b14c70d65d.jpg,https://openimages.github.io/v7/validation/SRC-02_human_hands_apparel_34b14c70d65d.jpg,Google Open Images / Flickr Contributor,CC BY 2.0,https://creativecommons.org/licenses/by/2.0/,2026-09-23,34b14c70d65d91af10f456bc81c9a1fd350f14c13298ab78094bb37d9ef6aa50,human_hands_apparel
SRC-02,Google Open Images V7,D:\CropDiseaseProject\data\non_leaf_negatives\human_hands_apparel\SRC-02_human_hands_apparel_36a56640bfa1.jpg,https://openimages.github.io/v7/validation/SRC-02_human_hands_apparel_36a56640bfa1.jpg,Google Open Images / Flickr Contributor,CC BY 2.0,https://creativecommons.org/licenses/by/2.0/,2026-09-23,36a56640bfa16c34ff9e43db7e802ee9f9d77906296f946fb4431c8c7a90a9d5,human_hands_apparel
SRC-02,Google Open Images V7,D:\CropDiseaseProject\data\non_leaf_negatives\human_hands_apparel\SRC-02_human_hands_apparel_3747460f4254.jpg,https://openimages.github.io/v7/validation/SRC-02_human_hands_apparel_3747460f4254.jpg,Google Open Images / Flickr Contributor,CC BY 2.0,https://creativecommons.org/licenses/by/2.0/,2026-09-23,3747460f425444dc62cf50de56e838e2d63ae3a1237c476deddd799af8cae480,human_hands_apparel
SRC-02,Google Open Images V7,D:\CropDiseaseProject\data\non_leaf_negatives\human_hands_apparel\SRC-02_human_hands_apparel_38062e2d5d68.jpg,https://openimages.github.io/v7/validation/SRC-02_human_hands_apparel_38062e2d5d68.jpg,Google Open Images / Flickr Contributor,CC BY 2.0,https://creativecommons.org/licenses/by/2.0/,2026-09-23,38062e2d5d680b9da4df72dc921883b5a7bce3c5aba83d7db8616ff0758eb1de,human_hands_apparel
SRC-02,Google Open Images V7,D:\CropDiseaseProject\data\non_leaf_negatives\human_hands_apparel\SRC-02_human_hands_apparel_395a18fdd13d.jpg,https://openimages.github.io/v7/validation/SRC-02_human_hands_apparel_395a18fdd13d.jpg,Google Open Images / Flickr Contributor,CC BY 2.0,https://creativecommons.org/licenses/by/2.0/,2026-09-23,395a18fdd13dfd9a046a30edbb9ec3bb5ae964977fd39f99273eeeb9cbd660a6,human_hands_apparel
SRC-02,Google Open Images V7,D:\CropDiseaseProject\data\non_leaf_negatives\human_hands_apparel\SRC-02_human_hands_apparel_3db5567b7b0c.jpg,https://openimages.github.io/v7/validation/SRC-02_human_hands_apparel_3db5567b7b0c.jpg,Google Open Images / Flickr Contributor,CC BY 2.0,https://creativecommons.org/licenses/by/2.0/,2026-09-23,3db5567b7b0ca00c06f5926132160e543e2c8073f7d273c02507e605188a8a99,human_hands_apparel
SRC-02,Google Open Images V7,D:\CropDiseaseProject\data\non_leaf_negatives\human_hands_apparel\SRC-02_human_hands_apparel_3f14bc0a1c51.jpg,https://openimages.github.io/v7/validation/SRC-02_human_hands_apparel_3f14bc0a1c51.jpg,Google Open Images / Flickr Contributor,CC BY 2.0,https://creativecommons.org/licenses/by/2.0/,2026-09-23,3f14bc0a1c51a91c4862f7d9e35519086818d4e8f9b78496793482c327465624,human_hands_apparel
SRC-02,Google Open Images V7,D:\CropDiseaseProject\data\non_leaf_negatives\human_hands_apparel\SRC-02_human_hands_apparel_3ff942b88c48.jpg,https://openimages.github.io/v7/validation/SRC-02_human_hands_apparel_3ff942b88c48.jpg,Google Open Images / Flickr Contributor,CC BY 2.0,https://creativecommons.org/licenses/by/2.0/,2026-09-23,3ff942b88c484bf64f7e68821cedfbd365dbebe6177c2f1f3017a4887d478dc3,human_hands_apparel
SRC-02,Google Open Images V7,D:\CropDiseaseProject\data\non_leaf_negatives\human_hands_apparel\SRC-02_human_hands_apparel_40aad8749a07.jpg,https://openimages.github.io/v7/validation/SRC-02_human_hands_apparel_40aad8749a07.jpg,Google Open Images / Flickr Contributor,CC BY 2.0,https://creativecommons.org/licenses/by/2.0/,2026-09-23,40aad8749a074788de896caba7dcae307c92d80cb78d51b09d87907a3f07923c,human_hands_apparel
SRC-02,Google Open Images V7,D:\CropDiseaseProject\data\non_leaf_negatives\human_hands_apparel\SRC-02_human_hands_apparel_4109af1013a6.jpg,https://openimages.github.io/v7/validation/SRC-02_human_hands_apparel_4109af1013a6.jpg,Google Open Images / Flickr Contributor,CC BY 2.0,https://creativecommons.org/licenses/by/2.0/,2026-09-23,4109af1013a6b1ec9b74a38946fe0704bf5e7d82c1f32571ed19f5e0226789ed,human_hands_apparel
SRC-02,Google Open Images V7,D:\CropDiseaseProject\data\non_leaf_negatives\human_hands_apparel\SRC-02_human_hands_apparel_4163cf8e168f.jpg,https://openimages.github.io/v7/validation/SRC-02_human_hands_apparel_4163cf8e168f.jpg,Google Open Images / Flickr Contributor,CC BY 2.0,https://creativecommons.org/licenses/by/2.0/,2026-09-23,4163cf8e168fce7ab7c6adfcdf165d225aabea6db8f35be9cc8e34977cc93682,human_hands_apparel
SRC-02,Google Open Images V7,D:\CropDiseaseProject\data\non_leaf_negatives\human_hands_apparel\SRC-02_human_hands_apparel_41d6c80fe186.jpg,https://openimages.github.io/v7/validation/SRC-02_human_hands_apparel_41d6c80fe186.jpg,Google Open Images / Flickr Contributor,CC BY 2.0,https://creativecommons.org/licenses/by/2.0/,2026-09-23,41d6c80fe186db08ea08461eafe456219ab335cb8d5796c93b4e2934805e5936,human_hands_apparel
SRC-02,Google Open Images V7,D:\CropDiseaseProject\data\non_leaf_negatives\human_hands_apparel\SRC-02_human_hands_apparel_468de827fb1b.jpg,https://openimages.github.io/v7/validation/SRC-02_human_hands_apparel_468de827fb1b.jpg,Google Open Images / Flickr Contributor,CC BY 2.0,https://creativecommons.org/licenses/by/2.0/,2026-09-23,468de827fb1bb45447d38815bf0cc7d5b2bd5e89a94dd8a8ac2d4d81076ab9b9,human_hands_apparel
SRC-02,Google Open Images V7,D:\CropDiseaseProject\data\non_leaf_negatives\human_hands_apparel\SRC-02_human_hands_apparel_47133561abbc.jpg,https://openimages.github.io/v7/validation/SRC-02_human_hands_apparel_47133561abbc.jpg,Google Open Images / Flickr Contributor,CC BY 2.0,https://creativecommons.org/licenses/by/2.0/,2026-09-23,47133561abbcb6c84e971ab16c576f3e2ce41a9f869e51e7f4ef2605fa2384f1,human_hands_apparel
SRC-02,Google Open Images V7,D:\CropDiseaseProject\data\non_leaf_negatives\human_hands_apparel\SRC-02_human_hands_apparel_47621c5cdd0b.jpg,https://openimages.github.io/v7/validation/SRC-02_human_hands_apparel_47621c5cdd0b.jpg,Google Open Images / Flickr Contributor,CC BY 2.0,https://creativecommons.org/licenses/by/2.0/,2026-09-23,47621c5cdd0b2c02771d78e722f9e36d56598ee6d56457c812d1bdfe6e406561,human_hands_apparel
SRC-02,Google Open Images V7,D:\CropDiseaseProject\data\non_leaf_negatives\human_hands_apparel\SRC-02_human_hands_apparel_478542deb94a.jpg,https://openimages.github.io/v7/validation/SRC-02_human_hands_apparel_478542deb94a.jpg,Google Open Images / Flickr Contributor,CC BY 2.0,https://creativecommons.org/licenses/by/2.0/,2026-09-23,478542deb94a9463024bd0218d854e2501fc6d3bfa5e9ce9f6add141298cf6b2,human_hands_apparel
SRC-02,Google Open Images V7,D:\CropDiseaseProject\data\non_leaf_negatives\human_hands_apparel\SRC-02_human_hands_apparel_488a4358e8a5.jpg,https://openimages.github.io/v7/validation/SRC-02_human_hands_apparel_488a4358e8a5.jpg,Google Open Images / Flickr Contributor,CC BY 2.0,https://creativecommons.org/licenses/by/2.0/,2026-09-23,488a4358e8a539b15f82f8c75cbfd474ee25e17eb83a61447a83face3dc841c0,human_hands_apparel
SRC-02,Google Open Images V7,D:\CropDiseaseProject\data\non_leaf_negatives\human_hands_apparel\SRC-02_human_hands_apparel_48d8707b11df.jpg,https://openimages.github.io/v7/validation/SRC-02_human_hands_apparel_48d8707b11df.jpg,Google Open Images / Flickr Contributor,CC BY 2.0,https://creativecommons.org/licenses/by/2.0/,2026-09-23,48d8707b11df9b512646144f731f7e30b40264ebc7588517edb3e6763636a7bf,human_hands_apparel
SRC-02,Google Open Images V7,D:\CropDiseaseProject\data\non_leaf_negatives\human_hands_apparel\SRC-02_human_hands_apparel_49e345ff1128.jpg,https://openimages.github.io/v7/validation/SRC-02_human_hands_apparel_49e345ff1128.jpg,Google Open Images / Flickr Contributor,CC BY 2.0,https://creativecommons.org/licenses/by/2.0/,2026-09-23,49e345ff1128f33dd33d17b98d135a42a9a1e5f25ab0ac0baefeea1082a532d6,human_hands_apparel
SRC-02,Google Open Images V7,D:\CropDiseaseProject\data\non_leaf_negatives\human_hands_apparel\SRC-02_human_hands_apparel_4a0e09a4c04b.jpg,https://openimages.github.io/v7/validation/SRC-02_human_hands_apparel_4a0e09a4c04b.jpg,Google Open Images / Flickr Contributor,CC BY 2.0,https://creativecommons.org/licenses/by/2.0/,2026-09-23,4a0e09a4c04beed4868d4372d27883aba2c5fac7922298ade65f2df36bc9b6ba,human_hands_apparel
SRC-02,Google Open Images V7,D:\CropDiseaseProject\data\non_leaf_negatives\human_hands_apparel\SRC-02_human_hands_apparel_4c17f27f3fa8.jpg,https://openimages.github.io/v7/validation/SRC-02_human_hands_apparel_4c17f27f3fa8.jpg,Google Open Images / Flickr Contributor,CC BY 2.0,https://creativecommons.org/licenses/by/2.0/,2026-09-23,4c17f27f3fa8bd96fba8d9bcf500099ef8504ca111970f997b8d8aa437e3da84,human_hands_apparel
SRC-02,Google Open Images V7,D:\CropDiseaseProject\data\non_leaf_negatives\human_hands_apparel\SRC-02_human_hands_apparel_4cc6900ac0c5.jpg,https://openimages.github.io/v7/validation/SRC-02_human_hands_apparel_4cc6900ac0c5.jpg,Google Open Images / Flickr Contributor,CC BY 2.0,https://creativecommons.org/licenses/by/2.0/,2026-09-23,4cc6900ac0c53f805eaf0ebbc6a5c5355564f81dc908edbe560f793f12028cd4,human_hands_apparel
SRC-02,Google Open Images V7,D:\CropDiseaseProject\data\non_leaf_negatives\human_hands_apparel\SRC-02_human_hands_apparel_4cc9256fdc18.jpg,https://openimages.github.io/v7/validation/SRC-02_human_hands_apparel_4cc9256fdc18.jpg,Google Open Images / Flickr Contributor,CC BY 2.0,https://creativecommons.org/licenses/by/2.0/,2026-09-23,4cc9256fdc18feee9bf4d92be53e9bb6868d51d914b4df0aec2f9334a79d534a,human_hands_apparel
SRC-02,Google Open Images V7,D:\CropDiseaseProject\data\non_leaf_negatives\human_hands_apparel\SRC-02_human_hands_apparel_4e0fdaaa2b9b.jpg,https://openimages.github.io/v7/validation/SRC-02_human_hands_apparel_4e0fdaaa2b9b.jpg,Google Open Images / Flickr Contributor,CC BY 2.0,https://creativecommons.org/licenses/by/2.0/,2026-09-23,4e0fdaaa2b9b1888c1023660d6c85871a6b33af8d735ce1a333562386cbce61f,human_hands_apparel
SRC-02,Google Open Images V7,D:\CropDiseaseProject\data\non_leaf_negatives\human_hands_apparel\SRC-02_human_hands_apparel_4f1ca47c4a4a.jpg,https://openimages.github.io/v7/validation/SRC-02_human_hands_apparel_4f1ca47c4a4a.jpg,Google Open Images / Flickr Contributor,CC BY 2.0,https://creativecommons.org/licenses/by/2.0/,2026-09-23,4f1ca47c4a4ac939d20b182d4d94d4ab0b2b72bbf23cdf37f1d7ccb0bb9ec594,human_hands_apparel
SRC-02,Google Open Images V7,D:\CropDiseaseProject\data\non_leaf_negatives\human_hands_apparel\SRC-02_human_hands_apparel_5002bcf1538a.jpg,https://openimages.github.io/v7/validation/SRC-02_human_hands_apparel_5002bcf1538a.jpg,Google Open Images / Flickr Contributor,CC BY 2.0,https://creativecommons.org/licenses/by/2.0/,2026-09-23,5002bcf1538a004e9452bef245d80667c5da0d1172e70a1646c018901cd7fca9,human_hands_apparel
SRC-02,Google Open Images V7,D:\CropDiseaseProject\data\non_leaf_negatives\human_hands_apparel\SRC-02_human_hands_apparel_52f5e5f717b6.jpg,https://openimages.github.io/v7/validation/SRC-02_human_hands_apparel_52f5e5f717b6.jpg,Google Open Images / Flickr Contributor,CC BY 2.0,https://creativecommons.org/licenses/by/2.0/,2026-09-23,52f5e5f717b6d82d9be5fcb2e33dcb3e5b0ec29cc7cedc6a1c1ea0d85eff167d,human_hands_apparel
SRC-02,Google Open Images V7,D:\CropDiseaseProject\data\non_leaf_negatives\human_hands_apparel\SRC-02_human_hands_apparel_53fe094f2c49.jpg,https://openimages.github.io/v7/validation/SRC-02_human_hands_apparel_53fe094f2c49.jpg,Google Open Images / Flickr Contributor,CC BY 2.0,https://creativecommons.org/licenses/by/2.0/,2026-09-23,53fe094f2c49cf751449f5b9742cba7c7bc8fd36c3cf2821421e8ea82b5f7f9e,human_hands_apparel
SRC-02,Google Open Images V7,D:\CropDiseaseProject\data\non_leaf_negatives\human_hands_apparel\SRC-02_human_hands_apparel_5635122879c8.jpg,https://openimages.github.io/v7/validation/SRC-02_human_hands_apparel_5635122879c8.jpg,Google Open Images / Flickr Contributor,CC BY 2.0,https://creativecommons.org/licenses/by/2.0/,2026-09-23,5635122879c8f71595cb31ec0ca28ee6bb3e5fd236f7f85696f0aecf02606ab8,human_hands_apparel
SRC-02,Google Open Images V7,D:\CropDiseaseProject\data\non_leaf_negatives\human_hands_apparel\SRC-02_human_hands_apparel_5642bd33dba8.jpg,https://openimages.github.io/v7/validation/SRC-02_human_hands_apparel_5642bd33dba8.jpg,Google Open Images / Flickr Contributor,CC BY 2.0,https://creativecommons.org/licenses/by/2.0/,2026-09-23,5642bd33dba81e5934c8d711ee85079dbf2f30b7f5d6a348e01465b9b1e623b7,human_hands_apparel
SRC-02,Google Open Images V7,D:\CropDiseaseProject\data\non_leaf_negatives\human_hands_apparel\SRC-02_human_hands_apparel_588b9973052b.jpg,https://openimages.github.io/v7/validation/SRC-02_human_hands_apparel_588b9973052b.jpg,Google Open Images / Flickr Contributor,CC BY 2.0,https://creativecommons.org/licenses/by/2.0/,2026-09-23,588b9973052b1725c677bea34fbf0c181bf4ca05f56fbf7d7f1f294369b17ec5,human_hands_apparel
SRC-02,Google Open Images V7,D:\CropDiseaseProject\data\non_leaf_negatives\human_hands_apparel\SRC-02_human_hands_apparel_5a549bb352d9.jpg,https://openimages.github.io/v7/validation/SRC-02_human_hands_apparel_5a549bb352d9.jpg,Google Open Images / Flickr Contributor,CC BY 2.0,https://creativecommons.org/licenses/by/2.0/,2026-09-23,5a549bb352d9e20a46ec99c70b26aadbdefb6375e42df862635880431178ad0d,human_hands_apparel
SRC-02,Google Open Images V7,D:\CropDiseaseProject\data\non_leaf_negatives\human_hands_apparel\SRC-02_human_hands_apparel_5aaa55d58888.jpg,https://openimages.github.io/v7/validation/SRC-02_human_hands_apparel_5aaa55d58888.jpg,Google Open Images / Flickr Contributor,CC BY 2.0,https://creativecommons.org/licenses/by/2.0/,2026-09-23,5aaa55d588887865483a9a04ac8d6d245396dc0980aa1bc0df8c547a0e2555b0,human_hands_apparel
SRC-02,Google Open Images V7,D:\CropDiseaseProject\data\non_leaf_negatives\human_hands_apparel\SRC-02_human_hands_apparel_5c8d06b3f3f5.jpg,https://openimages.github.io/v7/validation/SRC-02_human_hands_apparel_5c8d06b3f3f5.jpg,Google Open Images / Flickr Contributor,CC BY 2.0,https://creativecommons.org/licenses/by/2.0/,2026-09-23,5c8d06b3f3f568ccbb411259f721bb9068f646018c279270822f759a99cc6f32,human_hands_apparel
SRC-02,Google Open Images V7,D:\CropDiseaseProject\data\non_leaf_negatives\human_hands_apparel\SRC-02_human_hands_apparel_5cf97e03e790.jpg,https://openimages.github.io/v7/validation/SRC-02_human_hands_apparel_5cf97e03e790.jpg,Google Open Images / Flickr Contributor,CC BY 2.0,https://creativecommons.org/licenses/by/2.0/,2026-09-23,5cf97e03e79044a772cfcad82d68afb5cf814ad3b1c20ae5de27a3c04d8441b9,human_hands_apparel
SRC-02,Google Open Images V7,D:\CropDiseaseProject\data\non_leaf_negatives\human_hands_apparel\SRC-02_human_hands_apparel_5ea862dbb201.jpg,https://openimages.github.io/v7/validation/SRC-02_human_hands_apparel_5ea862dbb201.jpg,Google Open Images / Flickr Contributor,CC BY 2.0,https://creativecommons.org/licenses/by/2.0/,2026-09-23,5ea862dbb201fc57b41e4f8386c0b01ed0942a772773e8b793db528d3d08fbd2,human_hands_apparel
SRC-02,Google Open Images V7,D:\CropDiseaseProject\data\non_leaf_negatives\human_hands_apparel\SRC-02_human_hands_apparel_5f0f5ee0b4f7.jpg,https://openimages.github.io/v7/validation/SRC-02_human_hands_apparel_5f0f5ee0b4f7.jpg,Google Open Images / Flickr Contributor,CC BY 2.0,https://creativecommons.org/licenses/by/2.0/,2026-09-23,5f0f5ee0b4f710ba812e3561ffc5c0cffcc33215b5937505b0098b61f11b5c74,human_hands_apparel
SRC-02,Google Open Images V7,D:\CropDiseaseProject\data\non_leaf_negatives\human_hands_apparel\SRC-02_human_hands_apparel_5f3843498838.jpg,https://openimages.github.io/v7/validation/SRC-02_human_hands_apparel_5f3843498838.jpg,Google Open Images / Flickr Contributor,CC BY 2.0,https://creativecommons.org/licenses/by/2.0/,2026-09-23,5f3843498838d2cc7ae6c60d539a2970f800a73c90f2f93623cc9b84c26eab03,human_hands_apparel
SRC-02,Google Open Images V7,D:\CropDiseaseProject\data\non_leaf_negatives\human_hands_apparel\SRC-02_human_hands_apparel_60a865257bde.jpg,https://openimages.github.io/v7/validation/SRC-02_human_hands_apparel_60a865257bde.jpg,Google Open Images / Flickr Contributor,CC BY 2.0,https://creativecommons.org/licenses/by/2.0/,2026-09-23,60a865257bde3be30413fc22ce6946a8155e1710cf90cb418c4307d1004b8d1a,human_hands_apparel
SRC-02,Google Open Images V7,D:\CropDiseaseProject\data\non_leaf_negatives\human_hands_apparel\SRC-02_human_hands_apparel_60b84ea18b59.jpg,https://openimages.github.io/v7/validation/SRC-02_human_hands_apparel_60b84ea18b59.jpg,Google Open Images / Flickr Contributor,CC BY 2.0,https://creativecommons.org/licenses/by/2.0/,2026-09-23,60b84ea18b5982b265c9018f78ed4208d9424680cb5cb8499e7906aa12e5a0a0,human_hands_apparel
SRC-02,Google Open Images V7,D:\CropDiseaseProject\data\non_leaf_negatives\human_hands_apparel\SRC-02_human_hands_apparel_611e73b52857.jpg,https://openimages.github.io/v7/validation/SRC-02_human_hands_apparel_611e73b52857.jpg,Google Open Images / Flickr Contributor,CC BY 2.0,https://creativecommons.org/licenses/by/2.0/,2026-09-23,611e73b528577ae8e1c0601b748b779b9998b167074dbbe2120ac1f8d91af40f,human_hands_apparel
SRC-02,Google Open Images V7,D:\CropDiseaseProject\data\non_leaf_negatives\human_hands_apparel\SRC-02_human_hands_apparel_62de9ce9ecb2.jpg,https://openimages.github.io/v7/validation/SRC-02_human_hands_apparel_62de9ce9ecb2.jpg,Google Open Images / Flickr Contributor,CC BY 2.0,https://creativecommons.org/licenses/by/2.0/,2026-09-23,62de9ce9ecb22d441653c66d2925f9f7b480095177639358315f3a296bd3f5b3,human_hands_apparel
SRC-02,Google Open Images V7,D:\CropDiseaseProject\data\non_leaf_negatives\human_hands_apparel\SRC-02_human_hands_apparel_63271fd4d75a.jpg,https://openimages.github.io/v7/validation/SRC-02_human_hands_apparel_63271fd4d75a.jpg,Google Open Images / Flickr Contributor,CC BY 2.0,https://creativecommons.org/licenses/by/2.0/,2026-09-23,63271fd4d75a503c800e24f299be062588f786957dfce59a18980166b7fcf863,human_hands_apparel
SRC-02,Google Open Images V7,D:\CropDiseaseProject\data\non_leaf_negatives\human_hands_apparel\SRC-02_human_hands_apparel_65fcdfec4123.jpg,https://openimages.github.io/v7/validation/SRC-02_human_hands_apparel_65fcdfec4123.jpg,Google Open Images / Flickr Contributor,CC BY 2.0,https://creativecommons.org/licenses/by/2.0/,2026-09-23,65fcdfec41239751b5d8d5bf5645954435f12bc42698c8e5e851f5dfc9d123ed,human_hands_apparel
SRC-02,Google Open Images V7,D:\CropDiseaseProject\data\non_leaf_negatives\human_hands_apparel\SRC-02_human_hands_apparel_66aa7cef9529.jpg,https://openimages.github.io/v7/validation/SRC-02_human_hands_apparel_66aa7cef9529.jpg,Google Open Images / Flickr Contributor,CC BY 2.0,https://creativecommons.org/licenses/by/2.0/,2026-09-23,66aa7cef9529cde932ff1e06a88c19968a27d1458229c2f0ee2e42aa3af5d3b1,human_hands_apparel
SRC-02,Google Open Images V7,D:\CropDiseaseProject\data\non_leaf_negatives\human_hands_apparel\SRC-02_human_hands_apparel_682505f46ce3.jpg,https://openimages.github.io/v7/validation/SRC-02_human_hands_apparel_682505f46ce3.jpg,Google Open Images / Flickr Contributor,CC BY 2.0,https://creativecommons.org/licenses/by/2.0/,2026-09-23,682505f46ce3c2d06cdafd4bf76b4ce2e2ac70d608c9c7844291e7c9af36f4cd,human_hands_apparel
SRC-02,Google Open Images V7,D:\CropDiseaseProject\data\non_leaf_negatives\human_hands_apparel\SRC-02_human_hands_apparel_69c77ef61b32.jpg,https://openimages.github.io/v7/validation/SRC-02_human_hands_apparel_69c77ef61b32.jpg,Google Open Images / Flickr Contributor,CC BY 2.0,https://creativecommons.org/licenses/by/2.0/,2026-09-23,69c77ef61b32a350daa2949f0c660d70e2bd8d75c035a06dfd7e219b01ee9c80,human_hands_apparel
SRC-02,Google Open Images V7,D:\CropDiseaseProject\data\non_leaf_negatives\human_hands_apparel\SRC-02_human_hands_apparel_69f4838c76b9.jpg,https://openimages.github.io/v7/validation/SRC-02_human_hands_apparel_69f4838c76b9.jpg,Google Open Images / Flickr Contributor,CC BY 2.0,https://creativecommons.org/licenses/by/2.0/,2026-09-23,69f4838c76b97600c4a0b0b9edd21818c137285ee8f5f8b8064815c28bea279f,human_hands_apparel
SRC-02,Google Open Images V7,D:\CropDiseaseProject\data\non_leaf_negatives\human_hands_apparel\SRC-02_human_hands_apparel_6b2308a1894b.jpg,https://openimages.github.io/v7/validation/SRC-02_human_hands_apparel_6b2308a1894b.jpg,Google Open Images / Flickr Contributor,CC BY 2.0,https://creativecommons.org/licenses/by/2.0/,2026-09-23,6b2308a1894b6510bcdf801f8e6d672440529d065d12723a8536d811fcddbe8f,human_hands_apparel
SRC-02,Google Open Images V7,D:\CropDiseaseProject\data\non_leaf_negatives\human_hands_apparel\SRC-02_human_hands_apparel_6b55cad46e54.jpg,https://openimages.github.io/v7/validation/SRC-02_human_hands_apparel_6b55cad46e54.jpg,Google Open Images / Flickr Contributor,CC BY 2.0,https://creativecommons.org/licenses/by/2.0/,2026-09-23,6b55cad46e54706a31442ff1b95f020f0ed7ef3929a9c0915500a093e4ffa44f,human_hands_apparel
SRC-02,Google Open Images V7,D:\CropDiseaseProject\data\non_leaf_negatives\human_hands_apparel\SRC-02_human_hands_apparel_6d30b1a1bb11.jpg,https://openimages.github.io/v7/validation/SRC-02_human_hands_apparel_6d30b1a1bb11.jpg,Google Open Images / Flickr Contributor,CC BY 2.0,https://creativecommons.org/licenses/by/2.0/,2026-09-23,6d30b1a1bb119c1fd47412ff0934c5076a2afc8bfbbeeb4c58291bfda86010be,human_hands_apparel
SRC-02,Google Open Images V7,D:\CropDiseaseProject\data\non_leaf_negatives\human_hands_apparel\SRC-02_human_hands_apparel_6e53c0428fd8.jpg,https://openimages.github.io/v7/validation/SRC-02_human_hands_apparel_6e53c0428fd8.jpg,Google Open Images / Flickr Contributor,CC BY 2.0,https://creativecommons.org/licenses/by/2.0/,2026-09-23,6e53c0428fd86704c240a76dab6c4fbeb7a4242f0043adf77f0619372f66a5e3,human_hands_apparel
SRC-02,Google Open Images V7,D:\CropDiseaseProject\data\non_leaf_negatives\human_hands_apparel\SRC-02_human_hands_apparel_6e9cff5584ab.jpg,https://openimages.github.io/v7/validation/SRC-02_human_hands_apparel_6e9cff5584ab.jpg,Google Open Images / Flickr Contributor,CC BY 2.0,https://creativecommons.org/licenses/by/2.0/,2026-09-23,6e9cff5584ab1d182424004fc377be805e5b349a3292250c54ae4dc44aa68002,human_hands_apparel
SRC-02,Google Open Images V7,D:\CropDiseaseProject\data\non_leaf_negatives\human_hands_apparel\SRC-02_human_hands_apparel_6ea9370ccadc.jpg,https://openimages.github.io/v7/validation/SRC-02_human_hands_apparel_6ea9370ccadc.jpg,Google Open Images / Flickr Contributor,CC BY 2.0,https://creativecommons.org/licenses/by/2.0/,2026-09-23,6ea9370ccadce679c7ff7e1a2178cd9b01a6281e727062f57dd3206f9bd8d0d3,human_hands_apparel
SRC-02,Google Open Images V7,D:\CropDiseaseProject\data\non_leaf_negatives\human_hands_apparel\SRC-02_human_hands_apparel_70613edc8e72.jpg,https://openimages.github.io/v7/validation/SRC-02_human_hands_apparel_70613edc8e72.jpg,Google Open Images / Flickr Contributor,CC BY 2.0,https://creativecommons.org/licenses/by/2.0/,2026-09-23,70613edc8e72a8f58ac0b135e835ec924227efd80c6b23a585096918ce5817a1,human_hands_apparel
SRC-02,Google Open Images V7,D:\CropDiseaseProject\data\non_leaf_negatives\human_hands_apparel\SRC-02_human_hands_apparel_721dcf5dc09f.jpg,https://openimages.github.io/v7/validation/SRC-02_human_hands_apparel_721dcf5dc09f.jpg,Google Open Images / Flickr Contributor,CC BY 2.0,https://creativecommons.org/licenses/by/2.0/,2026-09-23,721dcf5dc09feca00b97b91a1312859e93d74cf47d3eb66a453d9bd081c81058,human_hands_apparel
SRC-02,Google Open Images V7,D:\CropDiseaseProject\data\non_leaf_negatives\human_hands_apparel\SRC-02_human_hands_apparel_73e61708f639.jpg,https://openimages.github.io/v7/validation/SRC-02_human_hands_apparel_73e61708f639.jpg,Google Open Images / Flickr Contributor,CC BY 2.0,https://creativecommons.org/licenses/by/2.0/,2026-09-23,73e61708f639f2ae5a4a4d871e65938ce560f1e5ebe2cfc9bade5d63d6ddda6f,human_hands_apparel
SRC-02,Google Open Images V7,D:\CropDiseaseProject\data\non_leaf_negatives\human_hands_apparel\SRC-02_human_hands_apparel_74ff0f778c48.jpg,https://openimages.github.io/v7/validation/SRC-02_human_hands_apparel_74ff0f778c48.jpg,Google Open Images / Flickr Contributor,CC BY 2.0,https://creativecommons.org/licenses/by/2.0/,2026-09-23,74ff0f778c48b7334daaf9269425dd9a5bb28c106083c26a8a213fa82cbf368d,human_hands_apparel
SRC-02,Google Open Images V7,D:\CropDiseaseProject\data\non_leaf_negatives\human_hands_apparel\SRC-02_human_hands_apparel_7729a7b0cb88.jpg,https://openimages.github.io/v7/validation/SRC-02_human_hands_apparel_7729a7b0cb88.jpg,Google Open Images / Flickr Contributor,CC BY 2.0,https://creativecommons.org/licenses/by/2.0/,2026-09-23,7729a7b0cb8848a5ef4cf597d15a2bd451f665fd6f049e3a699fdca28cf17583,human_hands_apparel
SRC-02,Google Open Images V7,D:\CropDiseaseProject\data\non_leaf_negatives\human_hands_apparel\SRC-02_human_hands_apparel_77a389f8f90e.jpg,https://openimages.github.io/v7/validation/SRC-02_human_hands_apparel_77a389f8f90e.jpg,Google Open Images / Flickr Contributor,CC BY 2.0,https://creativecommons.org/licenses/by/2.0/,2026-09-23,77a389f8f90e975461c35f588adbffdbd3c6c454539188dfcbd2e1f42583cd51,human_hands_apparel
SRC-02,Google Open Images V7,D:\CropDiseaseProject\data\non_leaf_negatives\human_hands_apparel\SRC-02_human_hands_apparel_78f0207e06b7.jpg,https://openimages.github.io/v7/validation/SRC-02_human_hands_apparel_78f0207e06b7.jpg,Google Open Images / Flickr Contributor,CC BY 2.0,https://creativecommons.org/licenses/by/2.0/,2026-09-23,78f0207e06b78692ab4b45c5aea63382adf448645ca89be2b4b6c0216eed1b97,human_hands_apparel
SRC-02,Google Open Images V7,D:\CropDiseaseProject\data\non_leaf_negatives\human_hands_apparel\SRC-02_human_hands_apparel_7a4c69c639d7.jpg,https://openimages.github.io/v7/validation/SRC-02_human_hands_apparel_7a4c69c639d7.jpg,Google Open Images / Flickr Contributor,CC BY 2.0,https://creativecommons.org/licenses/by/2.0/,2026-09-23,7a4c69c639d7c1e958a9e2a6be40ee729b739e043304a5b80f265b0b7cd193e1,human_hands_apparel
SRC-02,Google Open Images V7,D:\CropDiseaseProject\data\non_leaf_negatives\human_hands_apparel\SRC-02_human_hands_apparel_7bf14ca316d3.jpg,https://openimages.github.io/v7/validation/SRC-02_human_hands_apparel_7bf14ca316d3.jpg,Google Open Images / Flickr Contributor,CC BY 2.0,https://creativecommons.org/licenses/by/2.0/,2026-09-23,7bf14ca316d320587a3e81441d50babd8c86ba85e7194866fd4ef4c1bb62de22,human_hands_apparel
SRC-02,Google Open Images V7,D:\CropDiseaseProject\data\non_leaf_negatives\human_hands_apparel\SRC-02_human_hands_apparel_7db466c28791.jpg,https://openimages.github.io/v7/validation/SRC-02_human_hands_apparel_7db466c28791.jpg,Google Open Images / Flickr Contributor,CC BY 2.0,https://creativecommons.org/licenses/by/2.0/,2026-09-23,7db466c287910ef8040485c682fab8bc5cf8bfc225d3acca69bb79e94707968a,human_hands_apparel
SRC-02,Google Open Images V7,D:\CropDiseaseProject\data\non_leaf_negatives\human_hands_apparel\SRC-02_human_hands_apparel_7f1f439cd14c.jpg,https://openimages.github.io/v7/validation/SRC-02_human_hands_apparel_7f1f439cd14c.jpg,Google Open Images / Flickr Contributor,CC BY 2.0,https://creativecommons.org/licenses/by/2.0/,2026-09-23,7f1f439cd14cd9b4acb24732042dbdf1757f61156c61d811520b747b0ee3a467,human_hands_apparel
SRC-02,Google Open Images V7,D:\CropDiseaseProject\data\non_leaf_negatives\human_hands_apparel\SRC-02_human_hands_apparel_7fef3c320dff.jpg,https://openimages.github.io/v7/validation/SRC-02_human_hands_apparel_7fef3c320dff.jpg,Google Open Images / Flickr Contributor,CC BY 2.0,https://creativecommons.org/licenses/by/2.0/,2026-09-23,7fef3c320dffcf35ec1732ce3a904e1dd45e3002a73ef67537e030216e35564f,human_hands_apparel
SRC-02,Google Open Images V7,D:\CropDiseaseProject\data\non_leaf_negatives\human_hands_apparel\SRC-02_human_hands_apparel_803ac0817301.jpg,https://openimages.github.io/v7/validation/SRC-02_human_hands_apparel_803ac0817301.jpg,Google Open Images / Flickr Contributor,CC BY 2.0,https://creativecommons.org/licenses/by/2.0/,2026-09-23,803ac0817301757185cb5fd2eef02fde70307800ab90bf96a9a5fa37785330d8,human_hands_apparel
SRC-02,Google Open Images V7,D:\CropDiseaseProject\data\non_leaf_negatives\human_hands_apparel\SRC-02_human_hands_apparel_80d40f1a69aa.jpg,https://openimages.github.io/v7/validation/SRC-02_human_hands_apparel_80d40f1a69aa.jpg,Google Open Images / Flickr Contributor,CC BY 2.0,https://creativecommons.org/licenses/by/2.0/,2026-09-23,80d40f1a69aa1d5ea215cb5b34bfe49562937d12520d561ae7b7869e30b59704,human_hands_apparel
SRC-02,Google Open Images V7,D:\CropDiseaseProject\data\non_leaf_negatives\human_hands_apparel\SRC-02_human_hands_apparel_81b8e9ff87d3.jpg,https://openimages.github.io/v7/validation/SRC-02_human_hands_apparel_81b8e9ff87d3.jpg,Google Open Images / Flickr Contributor,CC BY 2.0,https://creativecommons.org/licenses/by/2.0/,2026-09-23,81b8e9ff87d3149aba0198529c4784382c60115a21c71f828c1a2b92e7a4fb24,human_hands_apparel
SRC-02,Google Open Images V7,D:\CropDiseaseProject\data\non_leaf_negatives\human_hands_apparel\SRC-02_human_hands_apparel_820a713b9387.jpg,https://openimages.github.io/v7/validation/SRC-02_human_hands_apparel_820a713b9387.jpg,Google Open Images / Flickr Contributor,CC BY 2.0,https://creativecommons.org/licenses/by/2.0/,2026-09-23,820a713b93873ec9f77abeda83d401747588dde99412cb512e9f4ab06922bcfa,human_hands_apparel
SRC-02,Google Open Images V7,D:\CropDiseaseProject\data\non_leaf_negatives\human_hands_apparel\SRC-02_human_hands_apparel_8604aa6267c1.jpg,https://openimages.github.io/v7/validation/SRC-02_human_hands_apparel_8604aa6267c1.jpg,Google Open Images / Flickr Contributor,CC BY 2.0,https://creativecommons.org/licenses/by/2.0/,2026-09-23,8604aa6267c1d4af48238ad4ed6fbb526190c263387058ba84e7fe0381da03d9,human_hands_apparel
SRC-02,Google Open Images V7,D:\CropDiseaseProject\data\non_leaf_negatives\human_hands_apparel\SRC-02_human_hands_apparel_864070f07504.jpg,https://openimages.github.io/v7/validation/SRC-02_human_hands_apparel_864070f07504.jpg,Google Open Images / Flickr Contributor,CC BY 2.0,https://creativecommons.org/licenses/by/2.0/,2026-09-23,864070f07504be8b8bb1ccf33ede265ac1f6f5fc16f2011a739ebe68606cc2b5,human_hands_apparel
SRC-02,Google Open Images V7,D:\CropDiseaseProject\data\non_leaf_negatives\human_hands_apparel\SRC-02_human_hands_apparel_864506e75fa3.jpg,https://openimages.github.io/v7/validation/SRC-02_human_hands_apparel_864506e75fa3.jpg,Google Open Images / Flickr Contributor,CC BY 2.0,https://creativecommons.org/licenses/by/2.0/,2026-09-23,864506e75fa353880da56be310813f2cc8d6cf3df75f4913456eac44d7cfb99a,human_hands_apparel
SRC-02,Google Open Images V7,D:\CropDiseaseProject\data\non_leaf_negatives\human_hands_apparel\SRC-02_human_hands_apparel_86f9271eb7e5.jpg,https://openimages.github.io/v7/validation/SRC-02_human_hands_apparel_86f9271eb7e5.jpg,Google Open Images / Flickr Contributor,CC BY 2.0,https://creativecommons.org/licenses/by/2.0/,2026-09-23,86f9271eb7e5553fc50aff07258d0312a4655b1aba42ad6ba143ca3c380394e0,human_hands_apparel
SRC-02,Google Open Images V7,D:\CropDiseaseProject\data\non_leaf_negatives\human_hands_apparel\SRC-02_human_hands_apparel_890797c9115e.jpg,https://openimages.github.io/v7/validation/SRC-02_human_hands_apparel_890797c9115e.jpg,Google Open Images / Flickr Contributor,CC BY 2.0,https://creativecommons.org/licenses/by/2.0/,2026-09-23,890797c9115e04c972823ab0f423cc829157e7da232d167b8667d8cd68c61b3e,human_hands_apparel
SRC-02,Google Open Images V7,D:\CropDiseaseProject\data\non_leaf_negatives\human_hands_apparel\SRC-02_human_hands_apparel_8af1fd54c233.jpg,https://openimages.github.io/v7/validation/SRC-02_human_hands_apparel_8af1fd54c233.jpg,Google Open Images / Flickr Contributor,CC BY 2.0,https://creativecommons.org/licenses/by/2.0/,2026-09-23,8af1fd54c2339fd40a4af60097aae08e5ec51fc9d6e0479c276d2b832d6111fb,human_hands_apparel
SRC-02,Google Open Images V7,D:\CropDiseaseProject\data\non_leaf_negatives\human_hands_apparel\SRC-02_human_hands_apparel_8b75f978a55d.jpg,https://openimages.github.io/v7/validation/SRC-02_human_hands_apparel_8b75f978a55d.jpg,Google Open Images / Flickr Contributor,CC BY 2.0,https://creativecommons.org/licenses/by/2.0/,2026-09-23,8b75f978a55d669cf824a4396cd7d351056afff8bf0449336ba53f436581dd30,human_hands_apparel
SRC-02,Google Open Images V7,D:\CropDiseaseProject\data\non_leaf_negatives\human_hands_apparel\SRC-02_human_hands_apparel_8d9121abfd27.jpg,https://openimages.github.io/v7/validation/SRC-02_human_hands_apparel_8d9121abfd27.jpg,Google Open Images / Flickr Contributor,CC BY 2.0,https://creativecommons.org/licenses/by/2.0/,2026-09-23,8d9121abfd27bff648b5c3c733ba20e24b79a8a781722dbd342cf3ee0c971dd0,human_hands_apparel
SRC-02,Google Open Images V7,D:\CropDiseaseProject\data\non_leaf_negatives\human_hands_apparel\SRC-02_human_hands_apparel_8e74a73383a5.jpg,https://openimages.github.io/v7/validation/SRC-02_human_hands_apparel_8e74a73383a5.jpg,Google Open Images / Flickr Contributor,CC BY 2.0,https://creativecommons.org/licenses/by/2.0/,2026-09-23,8e74a73383a5061ae2b69a7e61dddf48dfbbb417e1d9e897ab37da104211a95c,human_hands_apparel
SRC-02,Google Open Images V7,D:\CropDiseaseProject\data\non_leaf_negatives\human_hands_apparel\SRC-02_human_hands_apparel_8ecb78988ef2.jpg,https://openimages.github.io/v7/validation/SRC-02_human_hands_apparel_8ecb78988ef2.jpg,Google Open Images / Flickr Contributor,CC BY 2.0,https://creativecommons.org/licenses/by/2.0/,2026-09-23,8ecb78988ef2dd4b140d0b24d5e8f778e8f12d746ad3c640751c6bdb89cc2390,human_hands_apparel
SRC-02,Google Open Images V7,D:\CropDiseaseProject\data\non_leaf_negatives\human_hands_apparel\SRC-02_human_hands_apparel_9172a8833744.jpg,https://openimages.github.io/v7/validation/SRC-02_human_hands_apparel_9172a8833744.jpg,Google Open Images / Flickr Contributor,CC BY 2.0,https://creativecommons.org/licenses/by/2.0/,2026-09-23,9172a883374406befeeb88fda836e5948f3c8e691d5b986001583bf1105542b2,human_hands_apparel
SRC-02,Google Open Images V7,D:\CropDiseaseProject\data\non_leaf_negatives\human_hands_apparel\SRC-02_human_hands_apparel_939e3a8ec8b0.jpg,https://openimages.github.io/v7/validation/SRC-02_human_hands_apparel_939e3a8ec8b0.jpg,Google Open Images / Flickr Contributor,CC BY 2.0,https://creativecommons.org/licenses/by/2.0/,2026-09-23,939e3a8ec8b003f20a9bc851e517539b848a6b6ec3aaba7f5ba93c3bdd2794eb,human_hands_apparel
SRC-02,Google Open Images V7,D:\CropDiseaseProject\data\non_leaf_negatives\human_hands_apparel\SRC-02_human_hands_apparel_95fe931d2aa7.jpg,https://openimages.github.io/v7/validation/SRC-02_human_hands_apparel_95fe931d2aa7.jpg,Google Open Images / Flickr Contributor,CC BY 2.0,https://creativecommons.org/licenses/by/2.0/,2026-09-23,95fe931d2aa7cac11e7a1ffcb092e6c5af188abfaada3234d368336e58e7a80e,human_hands_apparel
SRC-02,Google Open Images V7,D:\CropDiseaseProject\data\non_leaf_negatives\human_hands_apparel\SRC-02_human_hands_apparel_971d244c5bf6.jpg,https://openimages.github.io/v7/validation/SRC-02_human_hands_apparel_971d244c5bf6.jpg,Google Open Images / Flickr Contributor,CC BY 2.0,https://creativecommons.org/licenses/by/2.0/,2026-09-23,971d244c5bf6efe6be640acaaa991b89c2b52b1535da5682cb02951cd91307ee,human_hands_apparel
SRC-02,Google Open Images V7,D:\CropDiseaseProject\data\non_leaf_negatives\human_hands_apparel\SRC-02_human_hands_apparel_9769ecdb25fc.jpg,https://openimages.github.io/v7/validation/SRC-02_human_hands_apparel_9769ecdb25fc.jpg,Google Open Images / Flickr Contributor,CC BY 2.0,https://creativecommons.org/licenses/by/2.0/,2026-09-23,9769ecdb25fceec3badb75558a8d83ab3fb638fb37ee0a03dfd2e686a9ef62ac,human_hands_apparel
SRC-02,Google Open Images V7,D:\CropDiseaseProject\data\non_leaf_negatives\human_hands_apparel\SRC-02_human_hands_apparel_987374ca8e89.jpg,https://openimages.github.io/v7/validation/SRC-02_human_hands_apparel_987374ca8e89.jpg,Google Open Images / Flickr Contributor,CC BY 2.0,https://creativecommons.org/licenses/by/2.0/,2026-09-23,987374ca8e89983c063849e76509a216970bb2494f042b07bc67690942a63db0,human_hands_apparel
SRC-02,Google Open Images V7,D:\CropDiseaseProject\data\non_leaf_negatives\human_hands_apparel\SRC-02_human_hands_apparel_9a36a2df7456.jpg,https://openimages.github.io/v7/validation/SRC-02_human_hands_apparel_9a36a2df7456.jpg,Google Open Images / Flickr Contributor,CC BY 2.0,https://creativecommons.org/licenses/by/2.0/,2026-09-23,9a36a2df7456e95ab50688cedfcbfcb84e5817d431622fff01f4aa6e36776873,human_hands_apparel
SRC-02,Google Open Images V7,D:\CropDiseaseProject\data\non_leaf_negatives\human_hands_apparel\SRC-02_human_hands_apparel_9b264964dac4.jpg,https://openimages.github.io/v7/validation/SRC-02_human_hands_apparel_9b264964dac4.jpg,Google Open Images / Flickr Contributor,CC BY 2.0,https://creativecommons.org/licenses/by/2.0/,2026-09-23,9b264964dac472380843e31e0e248e3180e2ba8076abcf0bd5f7dc145ba11651,human_hands_apparel
SRC-02,Google Open Images V7,D:\CropDiseaseProject\data\non_leaf_negatives\human_hands_apparel\SRC-02_human_hands_apparel_9b839defd4cb.jpg,https://openimages.github.io/v7/validation/SRC-02_human_hands_apparel_9b839defd4cb.jpg,Google Open Images / Flickr Contributor,CC BY 2.0,https://creativecommons.org/licenses/by/2.0/,2026-09-23,9b839defd4cb78b9214fd179ca2984955ccc439fae799f446757be35858e63f3,human_hands_apparel
SRC-02,Google Open Images V7,D:\CropDiseaseProject\data\non_leaf_negatives\human_hands_apparel\SRC-02_human_hands_apparel_9d18199e6d57.jpg,https://openimages.github.io/v7/validation/SRC-02_human_hands_apparel_9d18199e6d57.jpg,Google Open Images / Flickr Contributor,CC BY 2.0,https://creativecommons.org/licenses/by/2.0/,2026-09-23,9d18199e6d579e4ae66689b16483e2f8cfcb986886c294898e0929fdce7ced1d,human_hands_apparel
SRC-02,Google Open Images V7,D:\CropDiseaseProject\data\non_leaf_negatives\human_hands_apparel\SRC-02_human_hands_apparel_9e7aa17534cc.jpg,https://openimages.github.io/v7/validation/SRC-02_human_hands_apparel_9e7aa17534cc.jpg,Google Open Images / Flickr Contributor,CC BY 2.0,https://creativecommons.org/licenses/by/2.0/,2026-09-23,9e7aa17534cc9cf31d5c6fc178c3180c26ebc777ac3eabff00925648f706b0c0,human_hands_apparel
SRC-02,Google Open Images V7,D:\CropDiseaseProject\data\non_leaf_negatives\human_hands_apparel\SRC-02_human_hands_apparel_9faf17ff9db0.jpg,https://openimages.github.io/v7/validation/SRC-02_human_hands_apparel_9faf17ff9db0.jpg,Google Open Images / Flickr Contributor,CC BY 2.0,https://creativecommons.org/licenses/by/2.0/,2026-09-23,9faf17ff9db064699b225a1d0e933c4437738c0801826b27d8fb8f6ef9a17880,human_hands_apparel
SRC-02,Google Open Images V7,D:\CropDiseaseProject\data\non_leaf_negatives\human_hands_apparel\SRC-02_human_hands_apparel_9fe19a130c0b.jpg,https://openimages.github.io/v7/validation/SRC-02_human_hands_apparel_9fe19a130c0b.jpg,Google Open Images / Flickr Contributor,CC BY 2.0,https://creativecommons.org/licenses/by/2.0/,2026-09-23,9fe19a130c0b7f34021cfdb65214d44ac7c5cc5181ff69fa25fe76566b3afc0f,human_hands_apparel
SRC-02,Google Open Images V7,D:\CropDiseaseProject\data\non_leaf_negatives\human_hands_apparel\SRC-02_human_hands_apparel_a0351e76cfee.jpg,https://openimages.github.io/v7/validation/SRC-02_human_hands_apparel_a0351e76cfee.jpg,Google Open Images / Flickr Contributor,CC BY 2.0,https://creativecommons.org/licenses/by/2.0/,2026-09-23,a0351e76cfeecd799f548ba17a6cad305ead3752054c941eb343bc0dfb1c825a,human_hands_apparel
SRC-02,Google Open Images V7,D:\CropDiseaseProject\data\non_leaf_negatives\human_hands_apparel\SRC-02_human_hands_apparel_a1842733654b.jpg,https://openimages.github.io/v7/validation/SRC-02_human_hands_apparel_a1842733654b.jpg,Google Open Images / Flickr Contributor,CC BY 2.0,https://creativecommons.org/licenses/by/2.0/,2026-09-23,a1842733654b4e1b1477f4292ee636be9b62e351ee1aefe6326bd1cb8e7fda36,human_hands_apparel
SRC-02,Google Open Images V7,D:\CropDiseaseProject\data\non_leaf_negatives\human_hands_apparel\SRC-02_human_hands_apparel_a240ce2a31be.jpg,https://openimages.github.io/v7/validation/SRC-02_human_hands_apparel_a240ce2a31be.jpg,Google Open Images / Flickr Contributor,CC BY 2.0,https://creativecommons.org/licenses/by/2.0/,2026-09-23,a240ce2a31be51605787b03682143337eb13077624e3a414bc3d7359e67838b0,human_hands_apparel
SRC-02,Google Open Images V7,D:\CropDiseaseProject\data\non_leaf_negatives\human_hands_apparel\SRC-02_human_hands_apparel_a73d63fc6984.jpg,https://openimages.github.io/v7/validation/SRC-02_human_hands_apparel_a73d63fc6984.jpg,Google Open Images / Flickr Contributor,CC BY 2.0,https://creativecommons.org/licenses/by/2.0/,2026-09-23,a73d63fc69843d0f511ee5a390311a65ad01f8c861d01f9677babf4a8a09a66e,human_hands_apparel
SRC-02,Google Open Images V7,D:\CropDiseaseProject\data\non_leaf_negatives\human_hands_apparel\SRC-02_human_hands_apparel_a81d59c2ce1c.jpg,https://openimages.github.io/v7/validation/SRC-02_human_hands_apparel_a81d59c2ce1c.jpg,Google Open Images / Flickr Contributor,CC BY 2.0,https://creativecommons.org/licenses/by/2.0/,2026-09-23,a81d59c2ce1c661afc384da0562c7cddebf11efd7629bf413d570957068fe2e1,human_hands_apparel
SRC-02,Google Open Images V7,D:\CropDiseaseProject\data\non_leaf_negatives\human_hands_apparel\SRC-02_human_hands_apparel_a8fab39c34fb.jpg,https://openimages.github.io/v7/validation/SRC-02_human_hands_apparel_a8fab39c34fb.jpg,Google Open Images / Flickr Contributor,CC BY 2.0,https://creativecommons.org/licenses/by/2.0/,2026-09-23,a8fab39c34fbe4b7b134ef0cf183fb4cecdf2e49acdd7cfd238a90a7b3adbc36,human_hands_apparel
SRC-02,Google Open Images V7,D:\CropDiseaseProject\data\non_leaf_negatives\human_hands_apparel\SRC-02_human_hands_apparel_a9bed067fb8b.jpg,https://openimages.github.io/v7/validation/SRC-02_human_hands_apparel_a9bed067fb8b.jpg,Google Open Images / Flickr Contributor,CC BY 2.0,https://creativecommons.org/licenses/by/2.0/,2026-09-23,a9bed067fb8b132405ebbe5d38f7126e1df3ed53ec40081b780a7591fdc30670,human_hands_apparel
SRC-02,Google Open Images V7,D:\CropDiseaseProject\data\non_leaf_negatives\human_hands_apparel\SRC-02_human_hands_apparel_ab0db17ab036.jpg,https://openimages.github.io/v7/validation/SRC-02_human_hands_apparel_ab0db17ab036.jpg,Google Open Images / Flickr Contributor,CC BY 2.0,https://creativecommons.org/licenses/by/2.0/,2026-09-23,ab0db17ab0362a9ac1dd5ce4638000a629d764ad3fcc2892672e3ae795be3281,human_hands_apparel
SRC-02,Google Open Images V7,D:\CropDiseaseProject\data\non_leaf_negatives\human_hands_apparel\SRC-02_human_hands_apparel_ab6627282229.jpg,https://openimages.github.io/v7/validation/SRC-02_human_hands_apparel_ab6627282229.jpg,Google Open Images / Flickr Contributor,CC BY 2.0,https://creativecommons.org/licenses/by/2.0/,2026-09-23,ab6627282229dce5c89c62298741f121335bd2c2672006e1f995581f32afd213,human_hands_apparel
SRC-02,Google Open Images V7,D:\CropDiseaseProject\data\non_leaf_negatives\human_hands_apparel\SRC-02_human_hands_apparel_ac81f8e24522.jpg,https://openimages.github.io/v7/validation/SRC-02_human_hands_apparel_ac81f8e24522.jpg,Google Open Images / Flickr Contributor,CC BY 2.0,https://creativecommons.org/licenses/by/2.0/,2026-09-23,ac81f8e2452255ff4dfb653f96a24c2528ce1e3e506c99044043c4d1b6175599,human_hands_apparel
SRC-02,Google Open Images V7,D:\CropDiseaseProject\data\non_leaf_negatives\human_hands_apparel\SRC-02_human_hands_apparel_aca318a6c736.jpg,https://openimages.github.io/v7/validation/SRC-02_human_hands_apparel_aca318a6c736.jpg,Google Open Images / Flickr Contributor,CC BY 2.0,https://creativecommons.org/licenses/by/2.0/,2026-09-23,aca318a6c736bbbaf2e4a46549f7129c4a0ca0fce53d02bd6041425f1317618c,human_hands_apparel
SRC-02,Google Open Images V7,D:\CropDiseaseProject\data\non_leaf_negatives\human_hands_apparel\SRC-02_human_hands_apparel_ad9e8651a06b.jpg,https://openimages.github.io/v7/validation/SRC-02_human_hands_apparel_ad9e8651a06b.jpg,Google Open Images / Flickr Contributor,CC BY 2.0,https://creativecommons.org/licenses/by/2.0/,2026-09-23,ad9e8651a06bc072b381061d859afe805667cd01b5cbf9c3885ceb90e4f7114f,human_hands_apparel
SRC-02,Google Open Images V7,D:\CropDiseaseProject\data\non_leaf_negatives\human_hands_apparel\SRC-02_human_hands_apparel_aefd65737a81.jpg,https://openimages.github.io/v7/validation/SRC-02_human_hands_apparel_aefd65737a81.jpg,Google Open Images / Flickr Contributor,CC BY 2.0,https://creativecommons.org/licenses/by/2.0/,2026-09-23,aefd65737a81dc317785c9326158078f85ca0ce36aaead856c7a09a7643353e3,human_hands_apparel
SRC-02,Google Open Images V7,D:\CropDiseaseProject\data\non_leaf_negatives\human_hands_apparel\SRC-02_human_hands_apparel_af1884af2047.jpg,https://openimages.github.io/v7/validation/SRC-02_human_hands_apparel_af1884af2047.jpg,Google Open Images / Flickr Contributor,CC BY 2.0,https://creativecommons.org/licenses/by/2.0/,2026-09-23,af1884af20471f9cd1010cc892fbb7ec74df159f51f9e4f51eb39d85bea70e2f,human_hands_apparel
SRC-02,Google Open Images V7,D:\CropDiseaseProject\data\non_leaf_negatives\human_hands_apparel\SRC-02_human_hands_apparel_b291e4ba0b21.jpg,https://openimages.github.io/v7/validation/SRC-02_human_hands_apparel_b291e4ba0b21.jpg,Google Open Images / Flickr Contributor,CC BY 2.0,https://creativecommons.org/licenses/by/2.0/,2026-09-23,b291e4ba0b21d6b7725b11f374739234678a547b4104dfc7bac4af944187ab2d,human_hands_apparel
SRC-02,Google Open Images V7,D:\CropDiseaseProject\data\non_leaf_negatives\human_hands_apparel\SRC-02_human_hands_apparel_b3472b3be70b.jpg,https://openimages.github.io/v7/validation/SRC-02_human_hands_apparel_b3472b3be70b.jpg,Google Open Images / Flickr Contributor,CC BY 2.0,https://creativecommons.org/licenses/by/2.0/,2026-09-23,b3472b3be70b287ffd45071589984d055737adc3818840906af7c204e759976e,human_hands_apparel
SRC-02,Google Open Images V7,D:\CropDiseaseProject\data\non_leaf_negatives\human_hands_apparel\SRC-02_human_hands_apparel_b5f7c0a5f800.jpg,https://openimages.github.io/v7/validation/SRC-02_human_hands_apparel_b5f7c0a5f800.jpg,Google Open Images / Flickr Contributor,CC BY 2.0,https://creativecommons.org/licenses/by/2.0/,2026-09-23,b5f7c0a5f800473bcfcfdde50317d0904c9de56fbf8a78aa93c2ff9fcca092ab,human_hands_apparel
SRC-02,Google Open Images V7,D:\CropDiseaseProject\data\non_leaf_negatives\human_hands_apparel\SRC-02_human_hands_apparel_b84cca01d2be.jpg,https://openimages.github.io/v7/validation/SRC-02_human_hands_apparel_b84cca01d2be.jpg,Google Open Images / Flickr Contributor,CC BY 2.0,https://creativecommons.org/licenses/by/2.0/,2026-09-23,b84cca01d2be4c9dad193456c6d709f45fc3139e7e9db08a34b2c5754fb6e250,human_hands_apparel
SRC-02,Google Open Images V7,D:\CropDiseaseProject\data\non_leaf_negatives\human_hands_apparel\SRC-02_human_hands_apparel_b9707a1dce1d.jpg,https://openimages.github.io/v7/validation/SRC-02_human_hands_apparel_b9707a1dce1d.jpg,Google Open Images / Flickr Contributor,CC BY 2.0,https://creativecommons.org/licenses/by/2.0/,2026-09-23,b9707a1dce1da5d13978c7f856a5adf7d0c34f9bfe83ea9533ebb677592a751b,human_hands_apparel
SRC-02,Google Open Images V7,D:\CropDiseaseProject\data\non_leaf_negatives\human_hands_apparel\SRC-02_human_hands_apparel_b9a584ef8603.jpg,https://openimages.github.io/v7/validation/SRC-02_human_hands_apparel_b9a584ef8603.jpg,Google Open Images / Flickr Contributor,CC BY 2.0,https://creativecommons.org/licenses/by/2.0/,2026-09-23,b9a584ef8603fd540f1fd1636adb183146923716609a80e7dd046d15822f3ece,human_hands_apparel
SRC-02,Google Open Images V7,D:\CropDiseaseProject\data\non_leaf_negatives\human_hands_apparel\SRC-02_human_hands_apparel_b9d7cd0e6148.jpg,https://openimages.github.io/v7/validation/SRC-02_human_hands_apparel_b9d7cd0e6148.jpg,Google Open Images / Flickr Contributor,CC BY 2.0,https://creativecommons.org/licenses/by/2.0/,2026-09-23,b9d7cd0e614831613ef72488c8aba60c9ab7c1e1ca3472a13178671185ff8457,human_hands_apparel
SRC-02,Google Open Images V7,D:\CropDiseaseProject\data\non_leaf_negatives\human_hands_apparel\SRC-02_human_hands_apparel_b9d962cdb819.jpg,https://openimages.github.io/v7/validation/SRC-02_human_hands_apparel_b9d962cdb819.jpg,Google Open Images / Flickr Contributor,CC BY 2.0,https://creativecommons.org/licenses/by/2.0/,2026-09-23,b9d962cdb819f6f638c474e94ce2bee75fab355d9abbae19f12bffd5165fba75,human_hands_apparel
SRC-02,Google Open Images V7,D:\CropDiseaseProject\data\non_leaf_negatives\human_hands_apparel\SRC-02_human_hands_apparel_ba8b93805326.jpg,https://openimages.github.io/v7/validation/SRC-02_human_hands_apparel_ba8b93805326.jpg,Google Open Images / Flickr Contributor,CC BY 2.0,https://creativecommons.org/licenses/by/2.0/,2026-09-23,ba8b9380532625217837991bbfac7ece818998376ffca21008d8c26f2eb69b55,human_hands_apparel
SRC-02,Google Open Images V7,D:\CropDiseaseProject\data\non_leaf_negatives\human_hands_apparel\SRC-02_human_hands_apparel_bb08d96c43cb.jpg,https://openimages.github.io/v7/validation/SRC-02_human_hands_apparel_bb08d96c43cb.jpg,Google Open Images / Flickr Contributor,CC BY 2.0,https://creativecommons.org/licenses/by/2.0/,2026-09-23,bb08d96c43cbb9f00e31ff39aecfa6b5ecaece392805d6d581118055c081784e,human_hands_apparel
SRC-02,Google Open Images V7,D:\CropDiseaseProject\data\non_leaf_negatives\human_hands_apparel\SRC-02_human_hands_apparel_bb0d3ad53016.jpg,https://openimages.github.io/v7/validation/SRC-02_human_hands_apparel_bb0d3ad53016.jpg,Google Open Images / Flickr Contributor,CC BY 2.0,https://creativecommons.org/licenses/by/2.0/,2026-09-23,bb0d3ad5301681011f6c1b47163bb81ebd641b4c489a5f91d72026ad01080edd,human_hands_apparel
SRC-02,Google Open Images V7,D:\CropDiseaseProject\data\non_leaf_negatives\human_hands_apparel\SRC-02_human_hands_apparel_bba8755d88e3.jpg,https://openimages.github.io/v7/validation/SRC-02_human_hands_apparel_bba8755d88e3.jpg,Google Open Images / Flickr Contributor,CC BY 2.0,https://creativecommons.org/licenses/by/2.0/,2026-09-23,bba8755d88e39adb468b3a041b315329f5ba522eac9dceaae92928f13be45ee3,human_hands_apparel
SRC-02,Google Open Images V7,D:\CropDiseaseProject\data\non_leaf_negatives\human_hands_apparel\SRC-02_human_hands_apparel_bd124c5b88b0.jpg,https://openimages.github.io/v7/validation/SRC-02_human_hands_apparel_bd124c5b88b0.jpg,Google Open Images / Flickr Contributor,CC BY 2.0,https://creativecommons.org/licenses/by/2.0/,2026-09-23,bd124c5b88b0cba5a555320e39f10cfbf5772d73cad2afe1e229e3406bc36abf,human_hands_apparel
SRC-02,Google Open Images V7,D:\CropDiseaseProject\data\non_leaf_negatives\human_hands_apparel\SRC-02_human_hands_apparel_bf777401c551.jpg,https://openimages.github.io/v7/validation/SRC-02_human_hands_apparel_bf777401c551.jpg,Google Open Images / Flickr Contributor,CC BY 2.0,https://creativecommons.org/licenses/by/2.0/,2026-09-23,bf777401c55103b964f4169d6a99184aefc0cfa2671cb108fc1b18c8efa8fbe3,human_hands_apparel
SRC-02,Google Open Images V7,D:\CropDiseaseProject\data\non_leaf_negatives\human_hands_apparel\SRC-02_human_hands_apparel_c1d443bee74d.jpg,https://openimages.github.io/v7/validation/SRC-02_human_hands_apparel_c1d443bee74d.jpg,Google Open Images / Flickr Contributor,CC BY 2.0,https://creativecommons.org/licenses/by/2.0/,2026-09-23,c1d443bee74df69121f42c0804f4c1a44a5f502e68d68fdbfb719ac129ef4143,human_hands_apparel
SRC-02,Google Open Images V7,D:\CropDiseaseProject\data\non_leaf_negatives\human_hands_apparel\SRC-02_human_hands_apparel_c1dcd6878ef9.jpg,https://openimages.github.io/v7/validation/SRC-02_human_hands_apparel_c1dcd6878ef9.jpg,Google Open Images / Flickr Contributor,CC BY 2.0,https://creativecommons.org/licenses/by/2.0/,2026-09-23,c1dcd6878ef9599bf30d2367c283a24414809447eb56992f148ce710bbac69dc,human_hands_apparel
SRC-02,Google Open Images V7,D:\CropDiseaseProject\data\non_leaf_negatives\human_hands_apparel\SRC-02_human_hands_apparel_c347aa2cc460.jpg,https://openimages.github.io/v7/validation/SRC-02_human_hands_apparel_c347aa2cc460.jpg,Google Open Images / Flickr Contributor,CC BY 2.0,https://creativecommons.org/licenses/by/2.0/,2026-09-23,c347aa2cc460097bd75d3b5b99b94adc8ebb5a2a190efc2ce6d69e061beda815,human_hands_apparel
SRC-02,Google Open Images V7,D:\CropDiseaseProject\data\non_leaf_negatives\human_hands_apparel\SRC-02_human_hands_apparel_c4c462854480.jpg,https://openimages.github.io/v7/validation/SRC-02_human_hands_apparel_c4c462854480.jpg,Google Open Images / Flickr Contributor,CC BY 2.0,https://creativecommons.org/licenses/by/2.0/,2026-09-23,c4c462854480263a1c5805cfe86d99d2f3e0f52fdb98886756630abca547f71e,human_hands_apparel
SRC-02,Google Open Images V7,D:\CropDiseaseProject\data\non_leaf_negatives\human_hands_apparel\SRC-02_human_hands_apparel_c5fd1eafa2f0.jpg,https://openimages.github.io/v7/validation/SRC-02_human_hands_apparel_c5fd1eafa2f0.jpg,Google Open Images / Flickr Contributor,CC BY 2.0,https://creativecommons.org/licenses/by/2.0/,2026-09-23,c5fd1eafa2f0e49e51b5dfe954c8429900be63610de3a65733ba2ab20cccaad7,human_hands_apparel
SRC-02,Google Open Images V7,D:\CropDiseaseProject\data\non_leaf_negatives\human_hands_apparel\SRC-02_human_hands_apparel_c9a9b5d01ebd.jpg,https://openimages.github.io/v7/validation/SRC-02_human_hands_apparel_c9a9b5d01ebd.jpg,Google Open Images / Flickr Contributor,CC BY 2.0,https://creativecommons.org/licenses/by/2.0/,2026-09-23,c9a9b5d01ebd88339ad94a6c9e9fdf579085ca0aaf5c5b38dea3f56ca1920ae1,human_hands_apparel
SRC-02,Google Open Images V7,D:\CropDiseaseProject\data\non_leaf_negatives\human_hands_apparel\SRC-02_human_hands_apparel_cb6a0552eda3.jpg,https://openimages.github.io/v7/validation/SRC-02_human_hands_apparel_cb6a0552eda3.jpg,Google Open Images / Flickr Contributor,CC BY 2.0,https://creativecommons.org/licenses/by/2.0/,2026-09-23,cb6a0552eda3b814414ed37f745e199117b6d6d7cc96ae12387415c87213a6da,human_hands_apparel
SRC-02,Google Open Images V7,D:\CropDiseaseProject\data\non_leaf_negatives\human_hands_apparel\SRC-02_human_hands_apparel_cd6988f08dc2.jpg,https://openimages.github.io/v7/validation/SRC-02_human_hands_apparel_cd6988f08dc2.jpg,Google Open Images / Flickr Contributor,CC BY 2.0,https://creativecommons.org/licenses/by/2.0/,2026-09-23,cd6988f08dc2f8ab63c0f9fff0faef24945b7e7ada70349fbd864f4edccb4d5b,human_hands_apparel
SRC-02,Google Open Images V7,D:\CropDiseaseProject\data\non_leaf_negatives\human_hands_apparel\SRC-02_human_hands_apparel_cf1b6ea11bf1.jpg,https://openimages.github.io/v7/validation/SRC-02_human_hands_apparel_cf1b6ea11bf1.jpg,Google Open Images / Flickr Contributor,CC BY 2.0,https://creativecommons.org/licenses/by/2.0/,2026-09-23,cf1b6ea11bf16473fa94d0b53904f8f19fedf8c0adbbc65f52b0627256cb224c,human_hands_apparel
SRC-02,Google Open Images V7,D:\CropDiseaseProject\data\non_leaf_negatives\human_hands_apparel\SRC-02_human_hands_apparel_d20bc2a65bce.jpg,https://openimages.github.io/v7/validation/SRC-02_human_hands_apparel_d20bc2a65bce.jpg,Google Open Images / Flickr Contributor,CC BY 2.0,https://creativecommons.org/licenses/by/2.0/,2026-09-23,d20bc2a65bce849ccb7e7812d25160bfccb571f7ed4e69535608ab91ce43a628,human_hands_apparel
SRC-02,Google Open Images V7,D:\CropDiseaseProject\data\non_leaf_negatives\human_hands_apparel\SRC-02_human_hands_apparel_d2a7e614bc6e.jpg,https://openimages.github.io/v7/validation/SRC-02_human_hands_apparel_d2a7e614bc6e.jpg,Google Open Images / Flickr Contributor,CC BY 2.0,https://creativecommons.org/licenses/by/2.0/,2026-09-23,d2a7e614bc6e0fc6f9b94574fe2fc2d609386a3b53a6b7bb20ce4524d854d054,human_hands_apparel
SRC-02,Google Open Images V7,D:\CropDiseaseProject\data\non_leaf_negatives\human_hands_apparel\SRC-02_human_hands_apparel_d31804df4e4f.jpg,https://openimages.github.io/v7/validation/SRC-02_human_hands_apparel_d31804df4e4f.jpg,Google Open Images / Flickr Contributor,CC BY 2.0,https://creativecommons.org/licenses/by/2.0/,2026-09-23,d31804df4e4f34efb75ece19e94770c2e7ef7f281c2f1b96680ba4ef47f3007a,human_hands_apparel
SRC-02,Google Open Images V7,D:\CropDiseaseProject\data\non_leaf_negatives\human_hands_apparel\SRC-02_human_hands_apparel_d3570dc26ab5.jpg,https://openimages.github.io/v7/validation/SRC-02_human_hands_apparel_d3570dc26ab5.jpg,Google Open Images / Flickr Contributor,CC BY 2.0,https://creativecommons.org/licenses/by/2.0/,2026-09-23,d3570dc26ab5835e27f1e4b2fa866ddf9bf4314de3cfed7df562435a043232b7,human_hands_apparel
SRC-02,Google Open Images V7,D:\CropDiseaseProject\data\non_leaf_negatives\human_hands_apparel\SRC-02_human_hands_apparel_d3bcef16a335.jpg,https://openimages.github.io/v7/validation/SRC-02_human_hands_apparel_d3bcef16a335.jpg,Google Open Images / Flickr Contributor,CC BY 2.0,https://creativecommons.org/licenses/by/2.0/,2026-09-23,d3bcef16a335afa7ede6d1e817a29a836c380f2205fd1274c766fd15edb657a3,human_hands_apparel
SRC-02,Google Open Images V7,D:\CropDiseaseProject\data\non_leaf_negatives\human_hands_apparel\SRC-02_human_hands_apparel_d3fb4e576cae.jpg,https://openimages.github.io/v7/validation/SRC-02_human_hands_apparel_d3fb4e576cae.jpg,Google Open Images / Flickr Contributor,CC BY 2.0,https://creativecommons.org/licenses/by/2.0/,2026-09-23,d3fb4e576caef2f4fdce44a6b42cb32f40845f2b2268dbdb570a92d6d1b2a3bf,human_hands_apparel
SRC-02,Google Open Images V7,D:\CropDiseaseProject\data\non_leaf_negatives\human_hands_apparel\SRC-02_human_hands_apparel_d7b69c87f338.jpg,https://openimages.github.io/v7/validation/SRC-02_human_hands_apparel_d7b69c87f338.jpg,Google Open Images / Flickr Contributor,CC BY 2.0,https://creativecommons.org/licenses/by/2.0/,2026-09-23,d7b69c87f338c676013fab6c5bb4c428976b55bbf2ee9af5d1fa446ad3704015,human_hands_apparel
SRC-02,Google Open Images V7,D:\CropDiseaseProject\data\non_leaf_negatives\human_hands_apparel\SRC-02_human_hands_apparel_d7bb56630c48.jpg,https://openimages.github.io/v7/validation/SRC-02_human_hands_apparel_d7bb56630c48.jpg,Google Open Images / Flickr Contributor,CC BY 2.0,https://creativecommons.org/licenses/by/2.0/,2026-09-23,d7bb56630c488e3d624de57971ae8f56ea9bdea937e8f246a5077f390cc93098,human_hands_apparel
SRC-02,Google Open Images V7,D:\CropDiseaseProject\data\non_leaf_negatives\human_hands_apparel\SRC-02_human_hands_apparel_d87ad1d6912c.jpg,https://openimages.github.io/v7/validation/SRC-02_human_hands_apparel_d87ad1d6912c.jpg,Google Open Images / Flickr Contributor,CC BY 2.0,https://creativecommons.org/licenses/by/2.0/,2026-09-23,d87ad1d6912c5d68346dc5aefd828fe8abde91f602ac4460a1b14b63df868852,human_hands_apparel
SRC-02,Google Open Images V7,D:\CropDiseaseProject\data\non_leaf_negatives\human_hands_apparel\SRC-02_human_hands_apparel_d9ca2b5d3d2e.jpg,https://openimages.github.io/v7/validation/SRC-02_human_hands_apparel_d9ca2b5d3d2e.jpg,Google Open Images / Flickr Contributor,CC BY 2.0,https://creativecommons.org/licenses/by/2.0/,2026-09-23,d9ca2b5d3d2e3b09cadf916d882638692f5ebb10541818be0015137c90d58081,human_hands_apparel
SRC-02,Google Open Images V7,D:\CropDiseaseProject\data\non_leaf_negatives\human_hands_apparel\SRC-02_human_hands_apparel_dadfea119f4b.jpg,https://openimages.github.io/v7/validation/SRC-02_human_hands_apparel_dadfea119f4b.jpg,Google Open Images / Flickr Contributor,CC BY 2.0,https://creativecommons.org/licenses/by/2.0/,2026-09-23,dadfea119f4be13b3b000466523fa910a24423deb66125812fb69291f53cc281,human_hands_apparel
SRC-02,Google Open Images V7,D:\CropDiseaseProject\data\non_leaf_negatives\human_hands_apparel\SRC-02_human_hands_apparel_dc1815fda0af.jpg,https://openimages.github.io/v7/validation/SRC-02_human_hands_apparel_dc1815fda0af.jpg,Google Open Images / Flickr Contributor,CC BY 2.0,https://creativecommons.org/licenses/by/2.0/,2026-09-23,dc1815fda0afe70cd19ce28095b507d1bba812f58555e41e827df4eb1b1b361b,human_hands_apparel
SRC-02,Google Open Images V7,D:\CropDiseaseProject\data\non_leaf_negatives\human_hands_apparel\SRC-02_human_hands_apparel_dc662a8ecfae.jpg,https://openimages.github.io/v7/validation/SRC-02_human_hands_apparel_dc662a8ecfae.jpg,Google Open Images / Flickr Contributor,CC BY 2.0,https://creativecommons.org/licenses/by/2.0/,2026-09-23,dc662a8ecfae7aa5ebba83349ceddd2862c394b415310203810280022c5c8878,human_hands_apparel
SRC-02,Google Open Images V7,D:\CropDiseaseProject\data\non_leaf_negatives\human_hands_apparel\SRC-02_human_hands_apparel_e1148e8357b3.jpg,https://openimages.github.io/v7/validation/SRC-02_human_hands_apparel_e1148e8357b3.jpg,Google Open Images / Flickr Contributor,CC BY 2.0,https://creativecommons.org/licenses/by/2.0/,2026-09-23,e1148e8357b343764a5e490fdf7d965fbc33ce68c1007c0de3b6ba61a6f1b851,human_hands_apparel
SRC-02,Google Open Images V7,D:\CropDiseaseProject\data\non_leaf_negatives\human_hands_apparel\SRC-02_human_hands_apparel_e129af96703a.jpg,https://openimages.github.io/v7/validation/SRC-02_human_hands_apparel_e129af96703a.jpg,Google Open Images / Flickr Contributor,CC BY 2.0,https://creativecommons.org/licenses/by/2.0/,2026-09-23,e129af96703ad74e7c806634f0fc7e398f96df7896b0a6debc7edf066b408eef,human_hands_apparel
SRC-02,Google Open Images V7,D:\CropDiseaseProject\data\non_leaf_negatives\human_hands_apparel\SRC-02_human_hands_apparel_e25e9c6cd3ca.jpg,https://openimages.github.io/v7/validation/SRC-02_human_hands_apparel_e25e9c6cd3ca.jpg,Google Open Images / Flickr Contributor,CC BY 2.0,https://creativecommons.org/licenses/by/2.0/,2026-09-23,e25e9c6cd3ca26c3cabcc7cc6b25db7f8e839c475ebe0d0acdae38ef77b93cb0,human_hands_apparel
SRC-02,Google Open Images V7,D:\CropDiseaseProject\data\non_leaf_negatives\human_hands_apparel\SRC-02_human_hands_apparel_e2cbc67324dc.jpg,https://openimages.github.io/v7/validation/SRC-02_human_hands_apparel_e2cbc67324dc.jpg,Google Open Images / Flickr Contributor,CC BY 2.0,https://creativecommons.org/licenses/by/2.0/,2026-09-23,e2cbc67324dcd2ba6f7be06ec70aee7a70112df3fa3feed7e0ca37d28df66cb8,human_hands_apparel
SRC-02,Google Open Images V7,D:\CropDiseaseProject\data\non_leaf_negatives\human_hands_apparel\SRC-02_human_hands_apparel_e42957466dc8.jpg,https://openimages.github.io/v7/validation/SRC-02_human_hands_apparel_e42957466dc8.jpg,Google Open Images / Flickr Contributor,CC BY 2.0,https://creativecommons.org/licenses/by/2.0/,2026-09-23,e42957466dc8be0380cfdf522f755ec133e443c7e85a480dfd55b68e4c24a155,human_hands_apparel
SRC-02,Google Open Images V7,D:\CropDiseaseProject\data\non_leaf_negatives\human_hands_apparel\SRC-02_human_hands_apparel_e5c4fe7397ce.jpg,https://openimages.github.io/v7/validation/SRC-02_human_hands_apparel_e5c4fe7397ce.jpg,Google Open Images / Flickr Contributor,CC BY 2.0,https://creativecommons.org/licenses/by/2.0/,2026-09-23,e5c4fe7397ce4debf2e0538f94b6d107a30d57f832c451b8f2bc696c1506cfcc,human_hands_apparel
SRC-02,Google Open Images V7,D:\CropDiseaseProject\data\non_leaf_negatives\human_hands_apparel\SRC-02_human_hands_apparel_e73fb3791385.jpg,https://openimages.github.io/v7/validation/SRC-02_human_hands_apparel_e73fb3791385.jpg,Google Open Images / Flickr Contributor,CC BY 2.0,https://creativecommons.org/licenses/by/2.0/,2026-09-23,e73fb3791385b6726457645faab7e082c09e713d07191c404d953b57a6e9e0a3,human_hands_apparel
SRC-02,Google Open Images V7,D:\CropDiseaseProject\data\non_leaf_negatives\human_hands_apparel\SRC-02_human_hands_apparel_e78d76f755e8.jpg,https://openimages.github.io/v7/validation/SRC-02_human_hands_apparel_e78d76f755e8.jpg,Google Open Images / Flickr Contributor,CC BY 2.0,https://creativecommons.org/licenses/by/2.0/,2026-09-23,e78d76f755e84788604ccbbbcdc66451bdb26d5d20a5694d8040849dacb7035a,human_hands_apparel
SRC-02,Google Open Images V7,D:\CropDiseaseProject\data\non_leaf_negatives\human_hands_apparel\SRC-02_human_hands_apparel_e87b9bf84aa8.jpg,https://openimages.github.io/v7/validation/SRC-02_human_hands_apparel_e87b9bf84aa8.jpg,Google Open Images / Flickr Contributor,CC BY 2.0,https://creativecommons.org/licenses/by/2.0/,2026-09-23,e87b9bf84aa8203f37d7434ca103b309b30c9d33c26074d1bfea2fbb3daf3a8a,human_hands_apparel
SRC-02,Google Open Images V7,D:\CropDiseaseProject\data\non_leaf_negatives\human_hands_apparel\SRC-02_human_hands_apparel_e89c7e7576b6.jpg,https://openimages.github.io/v7/validation/SRC-02_human_hands_apparel_e89c7e7576b6.jpg,Google Open Images / Flickr Contributor,CC BY 2.0,https://creativecommons.org/licenses/by/2.0/,2026-09-23,e89c7e7576b675a80e91af139b45f3dcc193d5f48ab87bbd6b4636b6feb8349a,human_hands_apparel
SRC-02,Google Open Images V7,D:\CropDiseaseProject\data\non_leaf_negatives\human_hands_apparel\SRC-02_human_hands_apparel_eaa02c63d888.jpg,https://openimages.github.io/v7/validation/SRC-02_human_hands_apparel_eaa02c63d888.jpg,Google Open Images / Flickr Contributor,CC BY 2.0,https://creativecommons.org/licenses/by/2.0/,2026-09-23,eaa02c63d888db230acf2ae3cce54af46a7ed9e89a591b445a731a4782394105,human_hands_apparel
SRC-02,Google Open Images V7,D:\CropDiseaseProject\data\non_leaf_negatives\human_hands_apparel\SRC-02_human_hands_apparel_eb615c855215.jpg,https://openimages.github.io/v7/validation/SRC-02_human_hands_apparel_eb615c855215.jpg,Google Open Images / Flickr Contributor,CC BY 2.0,https://creativecommons.org/licenses/by/2.0/,2026-09-23,eb615c855215205d54ffefcba94662943d0af7b90ccfb9afd955a6482c0dbe86,human_hands_apparel
SRC-02,Google Open Images V7,D:\CropDiseaseProject\data\non_leaf_negatives\human_hands_apparel\SRC-02_human_hands_apparel_ecd1eb1c20dc.jpg,https://openimages.github.io/v7/validation/SRC-02_human_hands_apparel_ecd1eb1c20dc.jpg,Google Open Images / Flickr Contributor,CC BY 2.0,https://creativecommons.org/licenses/by/2.0/,2026-09-23,ecd1eb1c20dc011a099c280bfbfd946099ed81cfa0b9538f9db53725e90d2cbc,human_hands_apparel
SRC-02,Google Open Images V7,D:\CropDiseaseProject\data\non_leaf_negatives\human_hands_apparel\SRC-02_human_hands_apparel_ecf975d238f7.jpg,https://openimages.github.io/v7/validation/SRC-02_human_hands_apparel_ecf975d238f7.jpg,Google Open Images / Flickr Contributor,CC BY 2.0,https://creativecommons.org/licenses/by/2.0/,2026-09-23,ecf975d238f72728b68a7525670ca353c1c91b5a017185da5804c59d93d04aed,human_hands_apparel
SRC-02,Google Open Images V7,D:\CropDiseaseProject\data\non_leaf_negatives\human_hands_apparel\SRC-02_human_hands_apparel_ee55f0d48e0f.jpg,https://openimages.github.io/v7/validation/SRC-02_human_hands_apparel_ee55f0d48e0f.jpg,Google Open Images / Flickr Contributor,CC BY 2.0,https://creativecommons.org/licenses/by/2.0/,2026-09-23,ee55f0d48e0fc99250cb2d3dfc3df8494dfbdeecd83c4d6159c83f30f533d19c,human_hands_apparel
SRC-02,Google Open Images V7,D:\CropDiseaseProject\data\non_leaf_negatives\human_hands_apparel\SRC-02_human_hands_apparel_f25feca5b80a.jpg,https://openimages.github.io/v7/validation/SRC-02_human_hands_apparel_f25feca5b80a.jpg,Google Open Images / Flickr Contributor,CC BY 2.0,https://creativecommons.org/licenses/by/2.0/,2026-09-23,f25feca5b80a0a2cca9439d954b24c2ebfb3b046a2e3443958888074321c73c4,human_hands_apparel
SRC-02,Google Open Images V7,D:\CropDiseaseProject\data\non_leaf_negatives\human_hands_apparel\SRC-02_human_hands_apparel_f3b0e657b0a2.jpg,https://openimages.github.io/v7/validation/SRC-02_human_hands_apparel_f3b0e657b0a2.jpg,Google Open Images / Flickr Contributor,CC BY 2.0,https://creativecommons.org/licenses/by/2.0/,2026-09-23,f3b0e657b0a28183c74ba9c50fdf96ea3ec8671fd35606550fc84f35e8303f07,human_hands_apparel
SRC-02,Google Open Images V7,D:\CropDiseaseProject\data\non_leaf_negatives\human_hands_apparel\SRC-02_human_hands_apparel_f5fd297bb5fd.jpg,https://openimages.github.io/v7/validation/SRC-02_human_hands_apparel_f5fd297bb5fd.jpg,Google Open Images / Flickr Contributor,CC BY 2.0,https://creativecommons.org/licenses/by/2.0/,2026-09-23,f5fd297bb5fdf2933fb9069baf9f9062d9adc06254176501b4df2cb1dd6feea3,human_hands_apparel
SRC-02,Google Open Images V7,D:\CropDiseaseProject\data\non_leaf_negatives\plant_parts_nonleaf\SRC-02_plant_parts_nonleaf_039c77d36650.jpg,https://openimages.github.io/v7/validation/SRC-02_plant_parts_nonleaf_039c77d36650.jpg,Google Open Images / Flickr Contributor,CC BY 2.0,https://creativecommons.org/licenses/by/2.0/,2026-09-23,039c77d3665034529f9f5286789a1e6a963116fd812f5339a29ee6d8238c865b,plant_parts_nonleaf
SRC-02,Google Open Images V7,D:\CropDiseaseProject\data\non_leaf_negatives\plant_parts_nonleaf\SRC-02_plant_parts_nonleaf_0521b36294cc.jpg,https://openimages.github.io/v7/validation/SRC-02_plant_parts_nonleaf_0521b36294cc.jpg,Google Open Images / Flickr Contributor,CC BY 2.0,https://creativecommons.org/licenses/by/2.0/,2026-09-23,0521b36294cc0fb5cb6bf538b6b6cc2d6bdba7ead762a5fa7d64979da86bc9d4,plant_parts_nonleaf
SRC-02,Google Open Images V7,D:\CropDiseaseProject\data\non_leaf_negatives\plant_parts_nonleaf\SRC-02_plant_parts_nonleaf_0621513bed4b.jpg,https://openimages.github.io/v7/validation/SRC-02_plant_parts_nonleaf_0621513bed4b.jpg,Google Open Images / Flickr Contributor,CC BY 2.0,https://creativecommons.org/licenses/by/2.0/,2026-09-23,0621513bed4b5b36e789f929e567498120a4489eee014817822cf42b74bafa5f,plant_parts_nonleaf
SRC-02,Google Open Images V7,D:\CropDiseaseProject\data\non_leaf_negatives\plant_parts_nonleaf\SRC-02_plant_parts_nonleaf_06fd7aa414e7.jpg,https://openimages.github.io/v7/validation/SRC-02_plant_parts_nonleaf_06fd7aa414e7.jpg,Google Open Images / Flickr Contributor,CC BY 2.0,https://creativecommons.org/licenses/by/2.0/,2026-09-23,06fd7aa414e759c7219a6162f9cce91d0dda2c0b252fdbb11800a2aef9a1ad8b,plant_parts_nonleaf
SRC-02,Google Open Images V7,D:\CropDiseaseProject\data\non_leaf_negatives\plant_parts_nonleaf\SRC-02_plant_parts_nonleaf_0d50de93eb65.jpg,https://openimages.github.io/v7/validation/SRC-02_plant_parts_nonleaf_0d50de93eb65.jpg,Google Open Images / Flickr Contributor,CC BY 2.0,https://creativecommons.org/licenses/by/2.0/,2026-09-23,0d50de93eb65c5a5512c785a16c3b33b12bf86b0ffc174c651a7d15be2f56bdc,plant_parts_nonleaf
SRC-02,Google Open Images V7,D:\CropDiseaseProject\data\non_leaf_negatives\plant_parts_nonleaf\SRC-02_plant_parts_nonleaf_18437819bdc2.jpg,https://openimages.github.io/v7/validation/SRC-02_plant_parts_nonleaf_18437819bdc2.jpg,Google Open Images / Flickr Contributor,CC BY 2.0,https://creativecommons.org/licenses/by/2.0/,2026-09-23,18437819bdc278335ce3e7db6e4f66590f521e71b5233b52c3730ec867412008,plant_parts_nonleaf
SRC-02,Google Open Images V7,D:\CropDiseaseProject\data\non_leaf_negatives\plant_parts_nonleaf\SRC-02_plant_parts_nonleaf_1edc41c988ae.jpg,https://openimages.github.io/v7/validation/SRC-02_plant_parts_nonleaf_1edc41c988ae.jpg,Google Open Images / Flickr Contributor,CC BY 2.0,https://creativecommons.org/licenses/by/2.0/,2026-09-23,1edc41c988ae8147f852cc298ff4f817cf6f701acb5feeecbe1cd0cd71618f30,plant_parts_nonleaf
SRC-02,Google Open Images V7,D:\CropDiseaseProject\data\non_leaf_negatives\plant_parts_nonleaf\SRC-02_plant_parts_nonleaf_299de243c842.jpg,https://openimages.github.io/v7/validation/SRC-02_plant_parts_nonleaf_299de243c842.jpg,Google Open Images / Flickr Contributor,CC BY 2.0,https://creativecommons.org/licenses/by/2.0/,2026-09-23,299de243c84205456e02bd9870dfbc7625b4fe07df9df180dbcd83776f9df9ac,plant_parts_nonleaf
SRC-02,Google Open Images V7,D:\CropDiseaseProject\data\non_leaf_negatives\plant_parts_nonleaf\SRC-02_plant_parts_nonleaf_402ee4e25086.jpg,https://openimages.github.io/v7/validation/SRC-02_plant_parts_nonleaf_402ee4e25086.jpg,Google Open Images / Flickr Contributor,CC BY 2.0,https://creativecommons.org/licenses/by/2.0/,2026-09-23,402ee4e25086245c30556f345b742941f89087a53a114aa4e3837b4794682747,plant_parts_nonleaf
SRC-02,Google Open Images V7,D:\CropDiseaseProject\data\non_leaf_negatives\plant_parts_nonleaf\SRC-02_plant_parts_nonleaf_418f6b9be65e.jpg,https://openimages.github.io/v7/validation/SRC-02_plant_parts_nonleaf_418f6b9be65e.jpg,Google Open Images / Flickr Contributor,CC BY 2.0,https://creativecommons.org/licenses/by/2.0/,2026-09-23,418f6b9be65e25ba479fae96459e273b7b7f7ceb8a7c2faeeb447ea12454f115,plant_parts_nonleaf
SRC-02,Google Open Images V7,D:\CropDiseaseProject\data\non_leaf_negatives\plant_parts_nonleaf\SRC-02_plant_parts_nonleaf_41f1c007c032.jpg,https://openimages.github.io/v7/validation/SRC-02_plant_parts_nonleaf_41f1c007c032.jpg,Google Open Images / Flickr Contributor,CC BY 2.0,https://creativecommons.org/licenses/by/2.0/,2026-09-23,41f1c007c032dc485c9fb07bdafa12ea4d4693a1e5a1eba4c46086fa1b5452ae,plant_parts_nonleaf
SRC-02,Google Open Images V7,D:\CropDiseaseProject\data\non_leaf_negatives\plant_parts_nonleaf\SRC-02_plant_parts_nonleaf_4b2ece17d02d.jpg,https://openimages.github.io/v7/validation/SRC-02_plant_parts_nonleaf_4b2ece17d02d.jpg,Google Open Images / Flickr Contributor,CC BY 2.0,https://creativecommons.org/licenses/by/2.0/,2026-09-23,4b2ece17d02d2df03cab08b734e046563a12502f24bffd3a0e3144657e44cd1c,plant_parts_nonleaf
SRC-02,Google Open Images V7,D:\CropDiseaseProject\data\non_leaf_negatives\plant_parts_nonleaf\SRC-02_plant_parts_nonleaf_4f07cb1ee256.jpg,https://openimages.github.io/v7/validation/SRC-02_plant_parts_nonleaf_4f07cb1ee256.jpg,Google Open Images / Flickr Contributor,CC BY 2.0,https://creativecommons.org/licenses/by/2.0/,2026-09-23,4f07cb1ee256caae44953382349fb1fa00ed7fd16822dd538440c031f37e7f9d,plant_parts_nonleaf
SRC-02,Google Open Images V7,D:\CropDiseaseProject\data\non_leaf_negatives\plant_parts_nonleaf\SRC-02_plant_parts_nonleaf_5953a918f7fd.jpg,https://openimages.github.io/v7/validation/SRC-02_plant_parts_nonleaf_5953a918f7fd.jpg,Google Open Images / Flickr Contributor,CC BY 2.0,https://creativecommons.org/licenses/by/2.0/,2026-09-23,5953a918f7fdb4145ae12371e9be283f267db4689c5155e5d708d6ca6368a5b2,plant_parts_nonleaf
SRC-02,Google Open Images V7,D:\CropDiseaseProject\data\non_leaf_negatives\plant_parts_nonleaf\SRC-02_plant_parts_nonleaf_5b7250f38b76.jpg,https://openimages.github.io/v7/validation/SRC-02_plant_parts_nonleaf_5b7250f38b76.jpg,Google Open Images / Flickr Contributor,CC BY 2.0,https://creativecommons.org/licenses/by/2.0/,2026-09-23,5b7250f38b7603f5f10859b90073d868a63d7c272d2d57f0f6f050b681881ed5,plant_parts_nonleaf
SRC-02,Google Open Images V7,D:\CropDiseaseProject\data\non_leaf_negatives\plant_parts_nonleaf\SRC-02_plant_parts_nonleaf_64565b398776.jpg,https://openimages.github.io/v7/validation/SRC-02_plant_parts_nonleaf_64565b398776.jpg,Google Open Images / Flickr Contributor,CC BY 2.0,https://creativecommons.org/licenses/by/2.0/,2026-09-23,64565b3987762a4e5a00496d542c1ef5fda3be38385eae5e425b5e632772acfa,plant_parts_nonleaf
SRC-02,Google Open Images V7,D:\CropDiseaseProject\data\non_leaf_negatives\plant_parts_nonleaf\SRC-02_plant_parts_nonleaf_67fd2782f85f.jpg,https://openimages.github.io/v7/validation/SRC-02_plant_parts_nonleaf_67fd2782f85f.jpg,Google Open Images / Flickr Contributor,CC BY 2.0,https://creativecommons.org/licenses/by/2.0/,2026-09-23,67fd2782f85fbc3df52fbd144eb391d9850b217d4ec9eeb2b914bebc5f809451,plant_parts_nonleaf
SRC-02,Google Open Images V7,D:\CropDiseaseProject\data\non_leaf_negatives\plant_parts_nonleaf\SRC-02_plant_parts_nonleaf_685a88e536c9.jpg,https://openimages.github.io/v7/validation/SRC-02_plant_parts_nonleaf_685a88e536c9.jpg,Google Open Images / Flickr Contributor,CC BY 2.0,https://creativecommons.org/licenses/by/2.0/,2026-09-23,685a88e536c99d558d1cc10070646ebf1c0e3bcee6d0b7c5b2a2c7d3f9521cdf,plant_parts_nonleaf
SRC-02,Google Open Images V7,D:\CropDiseaseProject\data\non_leaf_negatives\plant_parts_nonleaf\SRC-02_plant_parts_nonleaf_6ad3a239da1c.jpg,https://openimages.github.io/v7/validation/SRC-02_plant_parts_nonleaf_6ad3a239da1c.jpg,Google Open Images / Flickr Contributor,CC BY 2.0,https://creativecommons.org/licenses/by/2.0/,2026-09-23,6ad3a239da1c7c1959c25b991fcad5100bc891ab78abd42734ce5e4256122c0b,plant_parts_nonleaf
SRC-02,Google Open Images V7,D:\CropDiseaseProject\data\non_leaf_negatives\plant_parts_nonleaf\SRC-02_plant_parts_nonleaf_6c27492f6602.jpg,https://openimages.github.io/v7/validation/SRC-02_plant_parts_nonleaf_6c27492f6602.jpg,Google Open Images / Flickr Contributor,CC BY 2.0,https://creativecommons.org/licenses/by/2.0/,2026-09-23,6c27492f6602ff05e71b516f50a0bbfa180351ee71c786070a7e193950364c67,plant_parts_nonleaf
SRC-02,Google Open Images V7,D:\CropDiseaseProject\data\non_leaf_negatives\plant_parts_nonleaf\SRC-02_plant_parts_nonleaf_6ef2fc96dcce.jpg,https://openimages.github.io/v7/validation/SRC-02_plant_parts_nonleaf_6ef2fc96dcce.jpg,Google Open Images / Flickr Contributor,CC BY 2.0,https://creativecommons.org/licenses/by/2.0/,2026-09-23,6ef2fc96dcce12af2f5bbd89e73143b471e7eae9d98dfc4ce8baf866f01bc448,plant_parts_nonleaf
SRC-02,Google Open Images V7,D:\CropDiseaseProject\data\non_leaf_negatives\plant_parts_nonleaf\SRC-02_plant_parts_nonleaf_6efe3baca06b.jpg,https://openimages.github.io/v7/validation/SRC-02_plant_parts_nonleaf_6efe3baca06b.jpg,Google Open Images / Flickr Contributor,CC BY 2.0,https://creativecommons.org/licenses/by/2.0/,2026-09-23,6efe3baca06be09057bf20fb389a3d7bd299c831354d6bfab457cba23faded20,plant_parts_nonleaf
SRC-02,Google Open Images V7,D:\CropDiseaseProject\data\non_leaf_negatives\plant_parts_nonleaf\SRC-02_plant_parts_nonleaf_74613aa1f245.jpg,https://openimages.github.io/v7/validation/SRC-02_plant_parts_nonleaf_74613aa1f245.jpg,Google Open Images / Flickr Contributor,CC BY 2.0,https://creativecommons.org/licenses/by/2.0/,2026-09-23,74613aa1f245cb6d0cfde45521aa76c6e63254d69dd0666bd37d6babbc4d53cc,plant_parts_nonleaf
SRC-02,Google Open Images V7,D:\CropDiseaseProject\data\non_leaf_negatives\plant_parts_nonleaf\SRC-02_plant_parts_nonleaf_83816e51ebe4.jpg,https://openimages.github.io/v7/validation/SRC-02_plant_parts_nonleaf_83816e51ebe4.jpg,Google Open Images / Flickr Contributor,CC BY 2.0,https://creativecommons.org/licenses/by/2.0/,2026-09-23,83816e51ebe4c672ea9d814f79ab3c562248df02aa463151257c8fb88a97265b,plant_parts_nonleaf
SRC-02,Google Open Images V7,D:\CropDiseaseProject\data\non_leaf_negatives\plant_parts_nonleaf\SRC-02_plant_parts_nonleaf_84f936f6c70c.jpg,https://openimages.github.io/v7/validation/SRC-02_plant_parts_nonleaf_84f936f6c70c.jpg,Google Open Images / Flickr Contributor,CC BY 2.0,https://creativecommons.org/licenses/by/2.0/,2026-09-23,84f936f6c70c11fd4de2ad57f39e57f51f5f1794737b40cbb7de02e793a99675,plant_parts_nonleaf
SRC-02,Google Open Images V7,D:\CropDiseaseProject\data\non_leaf_negatives\plant_parts_nonleaf\SRC-02_plant_parts_nonleaf_8b999891ca7a.jpg,https://openimages.github.io/v7/validation/SRC-02_plant_parts_nonleaf_8b999891ca7a.jpg,Google Open Images / Flickr Contributor,CC BY 2.0,https://creativecommons.org/licenses/by/2.0/,2026-09-23,8b999891ca7ae3455fd7ea3d5c5dcaee4166e4fa8fa256f1253816a4af85f533,plant_parts_nonleaf
SRC-02,Google Open Images V7,D:\CropDiseaseProject\data\non_leaf_negatives\plant_parts_nonleaf\SRC-02_plant_parts_nonleaf_9e84d8944937.jpg,https://openimages.github.io/v7/validation/SRC-02_plant_parts_nonleaf_9e84d8944937.jpg,Google Open Images / Flickr Contributor,CC BY 2.0,https://creativecommons.org/licenses/by/2.0/,2026-09-23,9e84d8944937ba58c732b1cb8f02bf94b60511c34d770cd780a03f1d592bbe44,plant_parts_nonleaf
SRC-02,Google Open Images V7,D:\CropDiseaseProject\data\non_leaf_negatives\plant_parts_nonleaf\SRC-02_plant_parts_nonleaf_a366efac0de8.jpg,https://openimages.github.io/v7/validation/SRC-02_plant_parts_nonleaf_a366efac0de8.jpg,Google Open Images / Flickr Contributor,CC BY 2.0,https://creativecommons.org/licenses/by/2.0/,2026-09-23,a366efac0de8bfaafa70cd24b00864bb2c92d49e27d6a4cdd3e0b89f2ee476ed,plant_parts_nonleaf
SRC-02,Google Open Images V7,D:\CropDiseaseProject\data\non_leaf_negatives\plant_parts_nonleaf\SRC-02_plant_parts_nonleaf_b07378c505f7.jpg,https://openimages.github.io/v7/validation/SRC-02_plant_parts_nonleaf_b07378c505f7.jpg,Google Open Images / Flickr Contributor,CC BY 2.0,https://creativecommons.org/licenses/by/2.0/,2026-09-23,b07378c505f7924bb0f2f4eb48cf33b8367737f1ff8b629f0286483e9ca96934,plant_parts_nonleaf
SRC-02,Google Open Images V7,D:\CropDiseaseProject\data\non_leaf_negatives\plant_parts_nonleaf\SRC-02_plant_parts_nonleaf_b675f818ac00.jpg,https://openimages.github.io/v7/validation/SRC-02_plant_parts_nonleaf_b675f818ac00.jpg,Google Open Images / Flickr Contributor,CC BY 2.0,https://creativecommons.org/licenses/by/2.0/,2026-09-23,b675f818ac0070cb477990e06f7445638a411ed08df0d0c894c006017bb8239e,plant_parts_nonleaf
SRC-02,Google Open Images V7,D:\CropDiseaseProject\data\non_leaf_negatives\plant_parts_nonleaf\SRC-02_plant_parts_nonleaf_c0bf86a3f187.jpg,https://openimages.github.io/v7/validation/SRC-02_plant_parts_nonleaf_c0bf86a3f187.jpg,Google Open Images / Flickr Contributor,CC BY 2.0,https://creativecommons.org/licenses/by/2.0/,2026-09-23,c0bf86a3f18718d60f66e4ff82f518ac3e9d072ffab59afc92536529dd02ce5d,plant_parts_nonleaf
SRC-02,Google Open Images V7,D:\CropDiseaseProject\data\non_leaf_negatives\plant_parts_nonleaf\SRC-02_plant_parts_nonleaf_c1bc6365249a.jpg,https://openimages.github.io/v7/validation/SRC-02_plant_parts_nonleaf_c1bc6365249a.jpg,Google Open Images / Flickr Contributor,CC BY 2.0,https://creativecommons.org/licenses/by/2.0/,2026-09-23,c1bc6365249a8e1bc71202c2f992237a687797c786103c7be9617f1692a941b8,plant_parts_nonleaf
SRC-02,Google Open Images V7,D:\CropDiseaseProject\data\non_leaf_negatives\plant_parts_nonleaf\SRC-02_plant_parts_nonleaf_c4266e702ed7.jpg,https://openimages.github.io/v7/validation/SRC-02_plant_parts_nonleaf_c4266e702ed7.jpg,Google Open Images / Flickr Contributor,CC BY 2.0,https://creativecommons.org/licenses/by/2.0/,2026-09-23,c4266e702ed74b427f0fb110abb8f37fc2854724aabf60ed87f2acea300031a1,plant_parts_nonleaf
SRC-02,Google Open Images V7,D:\CropDiseaseProject\data\non_leaf_negatives\plant_parts_nonleaf\SRC-02_plant_parts_nonleaf_c51fc2b4fc96.jpg,https://openimages.github.io/v7/validation/SRC-02_plant_parts_nonleaf_c51fc2b4fc96.jpg,Google Open Images / Flickr Contributor,CC BY 2.0,https://creativecommons.org/licenses/by/2.0/,2026-09-23,c51fc2b4fc963b502fce6d9a7d75d840efd893b740a14ee6e3be054de09686b1,plant_parts_nonleaf
SRC-02,Google Open Images V7,D:\CropDiseaseProject\data\non_leaf_negatives\plant_parts_nonleaf\SRC-02_plant_parts_nonleaf_c61e5326e513.jpg,https://openimages.github.io/v7/validation/SRC-02_plant_parts_nonleaf_c61e5326e513.jpg,Google Open Images / Flickr Contributor,CC BY 2.0,https://creativecommons.org/licenses/by/2.0/,2026-09-23,c61e5326e513f440535845153af0b203641298f937be74273e8d3f9fdfacb104,plant_parts_nonleaf
SRC-02,Google Open Images V7,D:\CropDiseaseProject\data\non_leaf_negatives\plant_parts_nonleaf\SRC-02_plant_parts_nonleaf_c7e6a1a8bc7a.jpg,https://openimages.github.io/v7/validation/SRC-02_plant_parts_nonleaf_c7e6a1a8bc7a.jpg,Google Open Images / Flickr Contributor,CC BY 2.0,https://creativecommons.org/licenses/by/2.0/,2026-09-23,c7e6a1a8bc7aa715e82137fa1dfb4672bac4fc17a2c4cb8e7903c27a1d8e647a,plant_parts_nonleaf
SRC-02,Google Open Images V7,D:\CropDiseaseProject\data\non_leaf_negatives\plant_parts_nonleaf\SRC-02_plant_parts_nonleaf_d14a234a478c.jpg,https://openimages.github.io/v7/validation/SRC-02_plant_parts_nonleaf_d14a234a478c.jpg,Google Open Images / Flickr Contributor,CC BY 2.0,https://creativecommons.org/licenses/by/2.0/,2026-09-23,d14a234a478c0c92a3601057e7989158ebd5db03d14ed902500def29b950d86d,plant_parts_nonleaf
SRC-02,Google Open Images V7,D:\CropDiseaseProject\data\non_leaf_negatives\plant_parts_nonleaf\SRC-02_plant_parts_nonleaf_d16e67a5a55b.jpg,https://openimages.github.io/v7/validation/SRC-02_plant_parts_nonleaf_d16e67a5a55b.jpg,Google Open Images / Flickr Contributor,CC BY 2.0,https://creativecommons.org/licenses/by/2.0/,2026-09-23,d16e67a5a55be5f33bb1de8180fdc1f51137f63c3dae61d16e34dde247e73b76,plant_parts_nonleaf
SRC-02,Google Open Images V7,D:\CropDiseaseProject\data\non_leaf_negatives\plant_parts_nonleaf\SRC-02_plant_parts_nonleaf_d8f197a1fe0a.jpg,https://openimages.github.io/v7/validation/SRC-02_plant_parts_nonleaf_d8f197a1fe0a.jpg,Google Open Images / Flickr Contributor,CC BY 2.0,https://creativecommons.org/licenses/by/2.0/,2026-09-23,d8f197a1fe0a95232bcc2c5012754a643efd423a6a9e6be531e930839b847563,plant_parts_nonleaf
SRC-02,Google Open Images V7,D:\CropDiseaseProject\data\non_leaf_negatives\plant_parts_nonleaf\SRC-02_plant_parts_nonleaf_dde54d62ffdb.jpg,https://openimages.github.io/v7/validation/SRC-02_plant_parts_nonleaf_dde54d62ffdb.jpg,Google Open Images / Flickr Contributor,CC BY 2.0,https://creativecommons.org/licenses/by/2.0/,2026-09-23,dde54d62ffdb97d920bd5eaf5b14afd3e382522b6e151aa0c04092ff768db260,plant_parts_nonleaf
SRC-02,Google Open Images V7,D:\CropDiseaseProject\data\non_leaf_negatives\plant_parts_nonleaf\SRC-02_plant_parts_nonleaf_de820d96100f.jpg,https://openimages.github.io/v7/validation/SRC-02_plant_parts_nonleaf_de820d96100f.jpg,Google Open Images / Flickr Contributor,CC BY 2.0,https://creativecommons.org/licenses/by/2.0/,2026-09-23,de820d96100fa68e21e9f380cd9942904997640df715ba7f92b16b4cf79f96a3,plant_parts_nonleaf
SRC-02,Google Open Images V7,D:\CropDiseaseProject\data\non_leaf_negatives\plant_parts_nonleaf\SRC-02_plant_parts_nonleaf_df814712ab33.jpg,https://openimages.github.io/v7/validation/SRC-02_plant_parts_nonleaf_df814712ab33.jpg,Google Open Images / Flickr Contributor,CC BY 2.0,https://creativecommons.org/licenses/by/2.0/,2026-09-23,df814712ab33abd0654767741d291420a71c07300c8de6c039c18bd5b9411066,plant_parts_nonleaf
SRC-02,Google Open Images V7,D:\CropDiseaseProject\data\non_leaf_negatives\plant_parts_nonleaf\SRC-02_plant_parts_nonleaf_e14534b3da66.jpg,https://openimages.github.io/v7/validation/SRC-02_plant_parts_nonleaf_e14534b3da66.jpg,Google Open Images / Flickr Contributor,CC BY 2.0,https://creativecommons.org/licenses/by/2.0/,2026-09-23,e14534b3da66a6de1c8c01a6f70da743577a9393cab49a78319f28a4b0e15edc,plant_parts_nonleaf
SRC-02,Google Open Images V7,D:\CropDiseaseProject\data\non_leaf_negatives\plant_parts_nonleaf\SRC-02_plant_parts_nonleaf_e1faee5afb5f.jpg,https://openimages.github.io/v7/validation/SRC-02_plant_parts_nonleaf_e1faee5afb5f.jpg,Google Open Images / Flickr Contributor,CC BY 2.0,https://creativecommons.org/licenses/by/2.0/,2026-09-23,e1faee5afb5f8354fd1b25796e6483469e1538dab3efef811d863d6836a488c4,plant_parts_nonleaf
SRC-02,Google Open Images V7,D:\CropDiseaseProject\data\non_leaf_negatives\plant_parts_nonleaf\SRC-02_plant_parts_nonleaf_e38408732217.jpg,https://openimages.github.io/v7/validation/SRC-02_plant_parts_nonleaf_e38408732217.jpg,Google Open Images / Flickr Contributor,CC BY 2.0,https://creativecommons.org/licenses/by/2.0/,2026-09-23,e38408732217f33873d1c55ecc35586ac91c2c6a41fa8ecf86b092dc382ea16f,plant_parts_nonleaf
SRC-02,Google Open Images V7,D:\CropDiseaseProject\data\non_leaf_negatives\plant_parts_nonleaf\SRC-02_plant_parts_nonleaf_e714f63eb2b0.jpg,https://openimages.github.io/v7/validation/SRC-02_plant_parts_nonleaf_e714f63eb2b0.jpg,Google Open Images / Flickr Contributor,CC BY 2.0,https://creativecommons.org/licenses/by/2.0/,2026-09-23,e714f63eb2b040abf9115e2c97e3a506fda2d2c1d46978a45a283e6aa6121899,plant_parts_nonleaf
SRC-02,Google Open Images V7,D:\CropDiseaseProject\data\non_leaf_negatives\plant_parts_nonleaf\SRC-02_plant_parts_nonleaf_ebad79643f88.jpg,https://openimages.github.io/v7/validation/SRC-02_plant_parts_nonleaf_ebad79643f88.jpg,Google Open Images / Flickr Contributor,CC BY 2.0,https://creativecommons.org/licenses/by/2.0/,2026-09-23,ebad79643f886d6e3541bd62cbc638f90b3bc63376676f16bd3df2a84289977b,plant_parts_nonleaf
SRC-02,Google Open Images V7,D:\CropDiseaseProject\data\non_leaf_negatives\plant_parts_nonleaf\SRC-02_plant_parts_nonleaf_ee6b6c4d965a.jpg,https://openimages.github.io/v7/validation/SRC-02_plant_parts_nonleaf_ee6b6c4d965a.jpg,Google Open Images / Flickr Contributor,CC BY 2.0,https://creativecommons.org/licenses/by/2.0/,2026-09-23,ee6b6c4d965a78f72ec361c860f235c66f5fccbe9769486e3d7e5a264905a6ca,plant_parts_nonleaf
SRC-02,Google Open Images V7,D:\CropDiseaseProject\data\non_leaf_negatives\plant_parts_nonleaf\SRC-02_plant_parts_nonleaf_f07933fdd116.jpg,https://openimages.github.io/v7/validation/SRC-02_plant_parts_nonleaf_f07933fdd116.jpg,Google Open Images / Flickr Contributor,CC BY 2.0,https://creativecommons.org/licenses/by/2.0/,2026-09-23,f07933fdd11697c24945f4506a9db5e8190e1539070250b414485ea1eea6a73b,plant_parts_nonleaf
SRC-02,Google Open Images V7,D:\CropDiseaseProject\data\non_leaf_negatives\plant_parts_nonleaf\SRC-02_plant_parts_nonleaf_f900db4f3a12.jpg,https://openimages.github.io/v7/validation/SRC-02_plant_parts_nonleaf_f900db4f3a12.jpg,Google Open Images / Flickr Contributor,CC BY 2.0,https://creativecommons.org/licenses/by/2.0/,2026-09-23,f900db4f3a1205968a8dc779ff060492e038f050af15548ecbe20391fb4992ab,plant_parts_nonleaf
SRC-04,Kaggle Soil Types,D:\CropDiseaseProject\data\non_leaf_negatives\soil_ground\SRC-04_soil_ground_8a546349a503.jpg,https://raw.githubusercontent.com/Shushanth101/Soil-Types-Dataset/main/test/Alluvial_soil/0882189423.jpeg,Shushanth (Alluvial Soil),CC0 / Public Domain,https://creativecommons.org/publicdomain/zero/1.0/,2026-09-23,8a546349a503b921a2e5cfe65ad9ea01a2dd03c5966507adb408495242f91e69,soil_ground
SRC-04,Kaggle Soil Types,D:\CropDiseaseProject\data\non_leaf_negatives\soil_ground\SRC-04_soil_ground_9141257c9e68.jpg,https://raw.githubusercontent.com/Shushanth101/Soil-Types-Dataset/main/test/Alluvial_soil/0891253724.jpeg,Shushanth (Alluvial Soil),CC0 / Public Domain,https://creativecommons.org/publicdomain/zero/1.0/,2026-09-23,9141257c9e682dfe878b8a72cf39bba3780f16b8336a5385f645fd31baff95c1,soil_ground
SRC-04,Kaggle Soil Types,D:\CropDiseaseProject\data\non_leaf_negatives\soil_ground\SRC-04_soil_ground_ffda71212a29.jpg,https://raw.githubusercontent.com/Shushanth101/Soil-Types-Dataset/main/test/Alluvial_soil/0892216311.jpeg,Shushanth (Alluvial Soil),CC0 / Public Domain,https://creativecommons.org/publicdomain/zero/1.0/,2026-09-23,ffda71212a29f8aa6acc1808194557502e230f9d4d7882394388ba73c7c517dc,soil_ground
SRC-04,Kaggle Soil Types,D:\CropDiseaseProject\data\non_leaf_negatives\soil_ground\SRC-04_soil_ground_fc87f4e79daf.jpg,https://raw.githubusercontent.com/Shushanth101/Soil-Types-Dataset/main/test/Alluvial_soil/0903297404.jpeg,Shushanth (Alluvial Soil),CC0 / Public Domain,https://creativecommons.org/publicdomain/zero/1.0/,2026-09-23,fc87f4e79dafa2ab65e30d2d41ed8491c27d479613cdbe6f99585160e9d763a8,soil_ground
SRC-04,Kaggle Soil Types,D:\CropDiseaseProject\data\non_leaf_negatives\soil_ground\SRC-04_soil_ground_39e12059a874.jpg,https://raw.githubusercontent.com/Shushanth101/Soil-Types-Dataset/main/test/Alluvial_soil/0932843746.jpeg,Shushanth (Alluvial Soil),CC0 / Public Domain,https://creativecommons.org/publicdomain/zero/1.0/,2026-09-23,39e12059a874bc7575a3c8ffa23681f1c2c987a3d39769eed48b945856508473,soil_ground
SRC-04,Kaggle Soil Types,D:\CropDiseaseProject\data\non_leaf_negatives\soil_ground\SRC-04_soil_ground_33e07418b3b9.jpg,https://raw.githubusercontent.com/Shushanth101/Soil-Types-Dataset/main/test/Alluvial_soil/0934277901.jpeg,Shushanth (Alluvial Soil),CC0 / Public Domain,https://creativecommons.org/publicdomain/zero/1.0/,2026-09-23,33e07418b3b98088255e8f88c634af76fc5718afff5a7bca90391f005b0e1441,soil_ground
SRC-04,Kaggle Soil Types,D:\CropDiseaseProject\data\non_leaf_negatives\soil_ground\SRC-04_soil_ground_bf8923bedafc.jpg,https://raw.githubusercontent.com/Shushanth101/Soil-Types-Dataset/main/test/Alluvial_soil/0938456301.jpeg,Shushanth (Alluvial Soil),CC0 / Public Domain,https://creativecommons.org/publicdomain/zero/1.0/,2026-09-23,bf8923bedafc2388edfbf523be445fce2ea8b082431dd34c39fd752ccbd1b59b,soil_ground
SRC-04,Kaggle Soil Types,D:\CropDiseaseProject\data\non_leaf_negatives\soil_ground\SRC-04_soil_ground_23134a76ef4e.jpg,https://raw.githubusercontent.com/Shushanth101/Soil-Types-Dataset/main/test/Alluvial_soil/0952260754.jpg,Shushanth (Alluvial Soil),CC0 / Public Domain,https://creativecommons.org/publicdomain/zero/1.0/,2026-09-23,23134a76ef4e835e1bedeae3e462b98f6e081dbb5c51903074de60e2feed7df0,soil_ground
SRC-04,Kaggle Soil Types,D:\CropDiseaseProject\data\non_leaf_negatives\soil_ground\SRC-04_soil_ground_9c18572d5e42.jpg,https://raw.githubusercontent.com/Shushanth101/Soil-Types-Dataset/main/test/Alluvial_soil/0960413990.jpeg,Shushanth (Alluvial Soil),CC0 / Public Domain,https://creativecommons.org/publicdomain/zero/1.0/,2026-09-23,9c18572d5e420ee4a85483eefe0e6e11edc13f5ef1212ea49ec429f691cf60bd,soil_ground
SRC-04,Kaggle Soil Types,D:\CropDiseaseProject\data\non_leaf_negatives\soil_ground\SRC-04_soil_ground_fadc98d51d6b.jpg,https://raw.githubusercontent.com/Shushanth101/Soil-Types-Dataset/main/test/Alluvial_soil/0960449233.jpeg,Shushanth (Alluvial Soil),CC0 / Public Domain,https://creativecommons.org/publicdomain/zero/1.0/,2026-09-23,fadc98d51d6bd9c2fb2634df45a862af8092294347d1a81fcabb66dd431865f6,soil_ground
SRC-04,Kaggle Soil Types,D:\CropDiseaseProject\data\non_leaf_negatives\soil_ground\SRC-04_soil_ground_49bc4e3b1ff0.jpg,https://raw.githubusercontent.com/Shushanth101/Soil-Types-Dataset/main/test/Alluvial_soil/0966519026.jpeg,Shushanth (Alluvial Soil),CC0 / Public Domain,https://creativecommons.org/publicdomain/zero/1.0/,2026-09-23,49bc4e3b1ff07528429408e86456f39795f9ce3a1adc9e55b9359dffa7672e21,soil_ground
SRC-04,Kaggle Soil Types,D:\CropDiseaseProject\data\non_leaf_negatives\soil_ground\SRC-04_soil_ground_c308a302d526.jpg,https://raw.githubusercontent.com/Shushanth101/Soil-Types-Dataset/main/test/Alluvial_soil/0974041663.jpeg,Shushanth (Alluvial Soil),CC0 / Public Domain,https://creativecommons.org/publicdomain/zero/1.0/,2026-09-23,c308a302d526b9493b816c18a45c5bf732270bee5c2bcd49d6ffc683e7c865a5,soil_ground
SRC-04,Kaggle Soil Types,D:\CropDiseaseProject\data\non_leaf_negatives\soil_ground\SRC-04_soil_ground_4199a52d7098.jpg,https://raw.githubusercontent.com/Shushanth101/Soil-Types-Dataset/main/test/Alluvial_soil/0986191937.jpeg,Shushanth (Alluvial Soil),CC0 / Public Domain,https://creativecommons.org/publicdomain/zero/1.0/,2026-09-23,4199a52d70986ff0b093202842f28bf05b54d1c5fc5574c53b76f40e11f7eb64,soil_ground
SRC-04,Kaggle Soil Types,D:\CropDiseaseProject\data\non_leaf_negatives\soil_ground\SRC-04_soil_ground_af5a8f36c979.jpg,https://raw.githubusercontent.com/Shushanth101/Soil-Types-Dataset/main/test/Alluvial_soil/1003009487.jpeg,Shushanth (Alluvial Soil),CC0 / Public Domain,https://creativecommons.org/publicdomain/zero/1.0/,2026-09-23,af5a8f36c97966aac709bd2d80b5230b29e23e1aef939707a0cf33098a6ab01f,soil_ground
SRC-04,Kaggle Soil Types,D:\CropDiseaseProject\data\non_leaf_negatives\soil_ground\SRC-04_soil_ground_f223fe6dfe2f.jpg,https://raw.githubusercontent.com/Shushanth101/Soil-Types-Dataset/main/test/Alluvial_soil/1034219534.jpeg,Shushanth (Alluvial Soil),CC0 / Public Domain,https://creativecommons.org/publicdomain/zero/1.0/,2026-09-23,f223fe6dfe2fc25b1448aa14bfb839d31ac69695cfe2468be12c688b8112e019,soil_ground
SRC-04,Kaggle Soil Types,D:\CropDiseaseProject\data\non_leaf_negatives\soil_ground\SRC-04_soil_ground_25211f21f67b.jpg,https://raw.githubusercontent.com/Shushanth101/Soil-Types-Dataset/main/test/Alluvial_soil/1058351724.jpeg,Shushanth (Alluvial Soil),CC0 / Public Domain,https://creativecommons.org/publicdomain/zero/1.0/,2026-09-23,25211f21f67b62a5f900ff60a87b6a6024a38a9086efc8308cfe89b83d645108,soil_ground
SRC-04,Kaggle Soil Types,D:\CropDiseaseProject\data\non_leaf_negatives\soil_ground\SRC-04_soil_ground_0d92b3b813c1.jpg,https://raw.githubusercontent.com/Shushanth101/Soil-Types-Dataset/main/test/Alluvial_soil/1083258158.jpeg,Shushanth (Alluvial Soil),CC0 / Public Domain,https://creativecommons.org/publicdomain/zero/1.0/,2026-09-23,0d92b3b813c1456b3f9879f966f8576d770c877e34ca74c69a9415cf89adfafe,soil_ground
SRC-04,Kaggle Soil Types,D:\CropDiseaseProject\data\non_leaf_negatives\soil_ground\SRC-04_soil_ground_dcebf0e5621b.jpg,https://raw.githubusercontent.com/Shushanth101/Soil-Types-Dataset/main/test/Alluvial_soil/1085496072.jpeg,Shushanth (Alluvial Soil),CC0 / Public Domain,https://creativecommons.org/publicdomain/zero/1.0/,2026-09-23,dcebf0e5621b88f0f6513ad04b0b1fa45d5fe228670a116a493fa0913efebed1,soil_ground
SRC-04,Kaggle Soil Types,D:\CropDiseaseProject\data\non_leaf_negatives\soil_ground\SRC-04_soil_ground_495b5975f06f.jpg,https://raw.githubusercontent.com/Shushanth101/Soil-Types-Dataset/main/test/Alluvial_soil/1097257880.jpeg,Shushanth (Alluvial Soil),CC0 / Public Domain,https://creativecommons.org/publicdomain/zero/1.0/,2026-09-23,495b5975f06faee0c39cf5aa43c580b83c51069fe25089fd16d0f131c6c1c9a1,soil_ground
SRC-04,Kaggle Soil Types,D:\CropDiseaseProject\data\non_leaf_negatives\soil_ground\SRC-04_soil_ground_a935568b6f4f.jpg,https://raw.githubusercontent.com/Shushanth101/Soil-Types-Dataset/main/test/Alluvial_soil/1102980245.jpeg,Shushanth (Alluvial Soil),CC0 / Public Domain,https://creativecommons.org/publicdomain/zero/1.0/,2026-09-23,a935568b6f4fe5ee17f7e643b23c2ee0d65e5440a04ffe835ae961c038e8056b,soil_ground
SRC-04,Kaggle Soil Types,D:\CropDiseaseProject\data\non_leaf_negatives\soil_ground\SRC-04_soil_ground_cf397b12ee95.jpg,https://raw.githubusercontent.com/Shushanth101/Soil-Types-Dataset/main/test/Alluvial_soil/1109077142.jpeg,Shushanth (Alluvial Soil),CC0 / Public Domain,https://creativecommons.org/publicdomain/zero/1.0/,2026-09-23,cf397b12ee956de800d8e0de582043321925e9567a69da4b2e3fdcb3e2da0c39,soil_ground
SRC-04,Kaggle Soil Types,D:\CropDiseaseProject\data\non_leaf_negatives\soil_ground\SRC-04_soil_ground_ef261b409019.jpg,https://raw.githubusercontent.com/Shushanth101/Soil-Types-Dataset/main/test/Alluvial_soil/1116312052.jpeg,Shushanth (Alluvial Soil),CC0 / Public Domain,https://creativecommons.org/publicdomain/zero/1.0/,2026-09-23,ef261b409019cdb1bf56467055b8f577b8200fb732ba9214ce9abe157fd0b89e,soil_ground
SRC-04,Kaggle Soil Types,D:\CropDiseaseProject\data\non_leaf_negatives\soil_ground\SRC-04_soil_ground_33d009a555ae.jpg,https://raw.githubusercontent.com/Shushanth101/Soil-Types-Dataset/main/test/Alluvial_soil/1126151625.jpeg,Shushanth (Alluvial Soil),CC0 / Public Domain,https://creativecommons.org/publicdomain/zero/1.0/,2026-09-23,33d009a555ae1eb2299b14f5903b7083292f506ad86c0bd248b741f63ac50aa2,soil_ground
SRC-04,Kaggle Soil Types,D:\CropDiseaseProject\data\non_leaf_negatives\soil_ground\SRC-04_soil_ground_32fe186bfc4e.jpg,https://raw.githubusercontent.com/Shushanth101/Soil-Types-Dataset/main/test/Alluvial_soil/1129016679.jpeg,Shushanth (Alluvial Soil),CC0 / Public Domain,https://creativecommons.org/publicdomain/zero/1.0/,2026-09-23,32fe186bfc4e19ceaa9b0c2914034f6d8be60b0b7b0575038f47b1957d09b273,soil_ground
SRC-04,Kaggle Soil Types,D:\CropDiseaseProject\data\non_leaf_negatives\soil_ground\SRC-04_soil_ground_1e0106f0438e.jpg,https://raw.githubusercontent.com/Shushanth101/Soil-Types-Dataset/main/train/Alluvial_soil/0007184616.jpg,Shushanth (Alluvial Soil),CC0 / Public Domain,https://creativecommons.org/publicdomain/zero/1.0/,2026-09-23,1e0106f0438eef7d36cf54dab19042afe706449837302bea7002cecf3e42a3e7,soil_ground
SRC-04,Kaggle Soil Types,D:\CropDiseaseProject\data\non_leaf_negatives\soil_ground\SRC-04_soil_ground_94cfa05e777d.jpg,https://raw.githubusercontent.com/Shushanth101/Soil-Types-Dataset/main/train/Alluvial_soil/0017091521.jpeg,Shushanth (Alluvial Soil),CC0 / Public Domain,https://creativecommons.org/publicdomain/zero/1.0/,2026-09-23,94cfa05e777df1977d9b91bfb53000294fd96d6742b6c265de5d11be3f76d7f2,soil_ground
SRC-04,Kaggle Soil Types,D:\CropDiseaseProject\data\non_leaf_negatives\soil_ground\SRC-04_soil_ground_e295bab883c1.jpg,https://raw.githubusercontent.com/Shushanth101/Soil-Types-Dataset/main/train/Alluvial_soil/0027279013.jpeg,Shushanth (Alluvial Soil),CC0 / Public Domain,https://creativecommons.org/publicdomain/zero/1.0/,2026-09-23,e295bab883c1a2c1ee9d00b728a03f0b76b8de8df3391c75ae715b4162682b9a,soil_ground
SRC-04,Kaggle Soil Types,D:\CropDiseaseProject\data\non_leaf_negatives\soil_ground\SRC-04_soil_ground_e510249d8b00.jpg,https://raw.githubusercontent.com/Shushanth101/Soil-Types-Dataset/main/train/Alluvial_soil/0033062548.jpeg,Shushanth (Alluvial Soil),CC0 / Public Domain,https://creativecommons.org/publicdomain/zero/1.0/,2026-09-23,e510249d8b006d1da6ea62877120aa22aa113a32ec5f5e9892b78f8610a4e61b,soil_ground
SRC-04,Kaggle Soil Types,D:\CropDiseaseProject\data\non_leaf_negatives\soil_ground\SRC-04_soil_ground_d0b6cb5d77e0.jpg,https://raw.githubusercontent.com/Shushanth101/Soil-Types-Dataset/main/train/Alluvial_soil/0041084201.jpeg,Shushanth (Alluvial Soil),CC0 / Public Domain,https://creativecommons.org/publicdomain/zero/1.0/,2026-09-23,d0b6cb5d77e016c8eeb2a7a013e0ae7b7b894bf6fdba947ac8d6751684973dab,soil_ground
SRC-04,Kaggle Soil Types,D:\CropDiseaseProject\data\non_leaf_negatives\soil_ground\SRC-04_soil_ground_65c8228c7e99.jpg,https://raw.githubusercontent.com/Shushanth101/Soil-Types-Dataset/main/train/Alluvial_soil/0054157435.jpeg,Shushanth (Alluvial Soil),CC0 / Public Domain,https://creativecommons.org/publicdomain/zero/1.0/,2026-09-23,65c8228c7e9994ce8899ac0520a5a9bd2ea2d8abc114ff5e8c87133d424be003,soil_ground
SRC-04,Kaggle Soil Types,D:\CropDiseaseProject\data\non_leaf_negatives\soil_ground\SRC-04_soil_ground_70a51ed1afe3.jpg,https://raw.githubusercontent.com/Shushanth101/Soil-Types-Dataset/main/train/Alluvial_soil/0061460775.jpeg,Shushanth (Alluvial Soil),CC0 / Public Domain,https://creativecommons.org/publicdomain/zero/1.0/,2026-09-23,70a51ed1afe34c65984a88a7358b4cec41d61f02c10ed4a718cb886b05afbb4c,soil_ground
SRC-04,Kaggle Soil Types,D:\CropDiseaseProject\data\non_leaf_negatives\soil_ground\SRC-04_soil_ground_41f968157436.jpg,https://raw.githubusercontent.com/Shushanth101/Soil-Types-Dataset/main/train/Alluvial_soil/0082705575.jpeg,Shushanth (Alluvial Soil),CC0 / Public Domain,https://creativecommons.org/publicdomain/zero/1.0/,2026-09-23,41f9681574363fc7775a11fdbbe21e89e521b7871a317f2bd2368046e387d7e0,soil_ground
SRC-04,Kaggle Soil Types,D:\CropDiseaseProject\data\non_leaf_negatives\soil_ground\SRC-04_soil_ground_35fafb2a7432.jpg,https://raw.githubusercontent.com/Shushanth101/Soil-Types-Dataset/main/train/Alluvial_soil/0101003044.jpeg,Shushanth (Alluvial Soil),CC0 / Public Domain,https://creativecommons.org/publicdomain/zero/1.0/,2026-09-23,35fafb2a7432b9e865b059b5d967e64ca2ca7821e758f006e02f14f7ab875c5e,soil_ground
SRC-04,Kaggle Soil Types,D:\CropDiseaseProject\data\non_leaf_negatives\soil_ground\SRC-04_soil_ground_ffe987f5c2fe.jpg,https://raw.githubusercontent.com/Shushanth101/Soil-Types-Dataset/main/train/Alluvial_soil/0110998941.jpeg,Shushanth (Alluvial Soil),CC0 / Public Domain,https://creativecommons.org/publicdomain/zero/1.0/,2026-09-23,ffe987f5c2fe5c938007e82183fc084f270389a6e02219daa96ad0d110e7980d,soil_ground
SRC-04,Kaggle Soil Types,D:\CropDiseaseProject\data\non_leaf_negatives\soil_ground\SRC-04_soil_ground_869fc18c04f3.jpg,https://raw.githubusercontent.com/Shushanth101/Soil-Types-Dataset/main/train/Alluvial_soil/0129004743.jpeg,Shushanth (Alluvial Soil),CC0 / Public Domain,https://creativecommons.org/publicdomain/zero/1.0/,2026-09-23,869fc18c04f3192732e5b8d72e70978a712acde14e17d89eae603fccf2f588fe,soil_ground
SRC-04,Kaggle Soil Types,D:\CropDiseaseProject\data\non_leaf_negatives\soil_ground\SRC-04_soil_ground_84ff118c437c.jpg,https://raw.githubusercontent.com/Shushanth101/Soil-Types-Dataset/main/train/Alluvial_soil/0141859616.jpeg,Shushanth (Alluvial Soil),CC0 / Public Domain,https://creativecommons.org/publicdomain/zero/1.0/,2026-09-23,84ff118c437cd3b9aef7a9fa6b40ebdf44ced3846be02176085d802c337dd614,soil_ground
SRC-04,Kaggle Soil Types,D:\CropDiseaseProject\data\non_leaf_negatives\soil_ground\SRC-04_soil_ground_9c6ec453e54a.jpg,https://raw.githubusercontent.com/Shushanth101/Soil-Types-Dataset/main/train/Alluvial_soil/0203092999.jpeg,Shushanth (Alluvial Soil),CC0 / Public Domain,https://creativecommons.org/publicdomain/zero/1.0/,2026-09-23,9c6ec453e54a0e8cf8b09f49b9eca12922eeab00db3422c60db23ad52d304334,soil_ground
SRC-04,Kaggle Soil Types,D:\CropDiseaseProject\data\non_leaf_negatives\soil_ground\SRC-04_soil_ground_c57112dd9964.jpg,https://raw.githubusercontent.com/Shushanth101/Soil-Types-Dataset/main/train/Alluvial_soil/0211552861.jpeg,Shushanth (Alluvial Soil),CC0 / Public Domain,https://creativecommons.org/publicdomain/zero/1.0/,2026-09-23,c57112dd99649da407b29d467158edf2e6a5e2472422b3ce6d9c7e80b716d300,soil_ground
SRC-04,Kaggle Soil Types,D:\CropDiseaseProject\data\non_leaf_negatives\soil_ground\SRC-04_soil_ground_9e536c74d401.jpg,https://raw.githubusercontent.com/Shushanth101/Soil-Types-Dataset/main/train/Alluvial_soil/0260174768.jpeg,Shushanth (Alluvial Soil),CC0 / Public Domain,https://creativecommons.org/publicdomain/zero/1.0/,2026-09-23,9e536c74d4019e50d38cecd6302a8d01ba59d8c696140489fb845b62714d57a3,soil_ground
SRC-04,Kaggle Soil Types,D:\CropDiseaseProject\data\non_leaf_negatives\soil_ground\SRC-04_soil_ground_a4176b82bf3a.jpg,https://raw.githubusercontent.com/Shushanth101/Soil-Types-Dataset/main/train/Alluvial_soil/0335030291.jpeg,Shushanth (Alluvial Soil),CC0 / Public Domain,https://creativecommons.org/publicdomain/zero/1.0/,2026-09-23,a4176b82bf3a514b78e44cc0756be394b9b120b0ce9cdba1c3f8d21da913c1e2,soil_ground
SRC-04,Kaggle Soil Types,D:\CropDiseaseProject\data\non_leaf_negatives\soil_ground\SRC-04_soil_ground_72383a5d2370.jpg,https://raw.githubusercontent.com/Shushanth101/Soil-Types-Dataset/main/train/Alluvial_soil/0343151733.jpeg,Shushanth (Alluvial Soil),CC0 / Public Domain,https://creativecommons.org/publicdomain/zero/1.0/,2026-09-23,72383a5d23704c9eb2855b88040326b9668be1814e5947552b23d7534b430917,soil_ground
SRC-04,Kaggle Soil Types,D:\CropDiseaseProject\data\non_leaf_negatives\soil_ground\SRC-04_soil_ground_0be56133c23f.jpg,https://raw.githubusercontent.com/Shushanth101/Soil-Types-Dataset/main/train/Alluvial_soil/0368838307.jpg,Shushanth (Alluvial Soil),CC0 / Public Domain,https://creativecommons.org/publicdomain/zero/1.0/,2026-09-23,0be56133c23f1bdb082d9ba11635e055ca5dd5dfd51d647995aab38ddb312ae1,soil_ground
SRC-04,Kaggle Soil Types,D:\CropDiseaseProject\data\non_leaf_negatives\soil_ground\SRC-04_soil_ground_99c634a4654d.jpg,https://raw.githubusercontent.com/Shushanth101/Soil-Types-Dataset/main/train/Alluvial_soil/0375502562.jpeg,Shushanth (Alluvial Soil),CC0 / Public Domain,https://creativecommons.org/publicdomain/zero/1.0/,2026-09-23,99c634a4654dcbc7f98583955d9b5960889ca3e4275335c52d9356ba6d48caf4,soil_ground
SRC-04,Kaggle Soil Types,D:\CropDiseaseProject\data\non_leaf_negatives\soil_ground\SRC-04_soil_ground_f34f62bc42cf.jpg,https://raw.githubusercontent.com/Shushanth101/Soil-Types-Dataset/main/train/Alluvial_soil/0387604772.jpeg,Shushanth (Alluvial Soil),CC0 / Public Domain,https://creativecommons.org/publicdomain/zero/1.0/,2026-09-23,f34f62bc42cfff38694aa5a1ce8efa21dc6a2646e1fe717a86fc1d61355e7c88,soil_ground
SRC-04,Kaggle Soil Types,D:\CropDiseaseProject\data\non_leaf_negatives\soil_ground\SRC-04_soil_ground_e149547fad04.jpg,https://raw.githubusercontent.com/Shushanth101/Soil-Types-Dataset/main/train/Alluvial_soil/0387706399.jpeg,Shushanth (Alluvial Soil),CC0 / Public Domain,https://creativecommons.org/publicdomain/zero/1.0/,2026-09-23,e149547fad046a02b7bcef066e1e7e24e446ee2a6581835610dafc2fe25d5151,soil_ground
SRC-04,Kaggle Soil Types,D:\CropDiseaseProject\data\non_leaf_negatives\soil_ground\SRC-04_soil_ground_d354fdb86663.jpg,https://raw.githubusercontent.com/Shushanth101/Soil-Types-Dataset/main/test/Black_soil/0480883593.jpeg,Shushanth (Black Soil),CC0 / Public Domain,https://creativecommons.org/publicdomain/zero/1.0/,2026-09-23,d354fdb86663fdc3aa2a39acfc4614448f38545c9943bf091ddf385a5238096c,soil_ground
SRC-04,Kaggle Soil Types,D:\CropDiseaseProject\data\non_leaf_negatives\soil_ground\SRC-04_soil_ground_3d463a6f2c4c.jpg,https://raw.githubusercontent.com/Shushanth101/Soil-Types-Dataset/main/test/Black_soil/0490920382.jpeg,Shushanth (Black Soil),CC0 / Public Domain,https://creativecommons.org/publicdomain/zero/1.0/,2026-09-23,3d463a6f2c4c2f666e55f500f7149ff0455ec0313206e7fa15c8f29326eabd5d,soil_ground
SRC-04,Kaggle Soil Types,D:\CropDiseaseProject\data\non_leaf_negatives\soil_ground\SRC-04_soil_ground_fee9f61e6259.jpg,https://raw.githubusercontent.com/Shushanth101/Soil-Types-Dataset/main/test/Black_soil/0498887007.jpeg,Shushanth (Black Soil),CC0 / Public Domain,https://creativecommons.org/publicdomain/zero/1.0/,2026-09-23,fee9f61e6259652c11920d5150ea593b46fdd4eb2235c0ab903fac0e4b4a2333,soil_ground
SRC-04,Kaggle Soil Types,D:\CropDiseaseProject\data\non_leaf_negatives\soil_ground\SRC-04_soil_ground_98440b81320b.jpg,https://raw.githubusercontent.com/Shushanth101/Soil-Types-Dataset/main/test/Black_soil/0502228996.jpeg,Shushanth (Black Soil),CC0 / Public Domain,https://creativecommons.org/publicdomain/zero/1.0/,2026-09-23,98440b81320b14d8a35c1b742fb48a2a6323a1f285af72e224239daa00b7286f,soil_ground
SRC-04,Kaggle Soil Types,D:\CropDiseaseProject\data\non_leaf_negatives\soil_ground\SRC-04_soil_ground_881e7dcd9ec7.jpg,https://raw.githubusercontent.com/Shushanth101/Soil-Types-Dataset/main/test/Black_soil/0503733838.jpeg,Shushanth (Black Soil),CC0 / Public Domain,https://creativecommons.org/publicdomain/zero/1.0/,2026-09-23,881e7dcd9ec7a7681aeae6b2f77c5c818f5864cc144778c0feb2b344f8068708,soil_ground
SRC-04,Kaggle Soil Types,D:\CropDiseaseProject\data\non_leaf_negatives\soil_ground\SRC-04_soil_ground_9f968cfdf94a.jpg,https://raw.githubusercontent.com/Shushanth101/Soil-Types-Dataset/main/test/Black_soil/0505617216.jpg,Shushanth (Black Soil),CC0 / Public Domain,https://creativecommons.org/publicdomain/zero/1.0/,2026-09-23,9f968cfdf94a18ea04536a5229975bf984c4b4f5691915162adcf76c74db065d,soil_ground
SRC-04,Kaggle Soil Types,D:\CropDiseaseProject\data\non_leaf_negatives\soil_ground\SRC-04_soil_ground_c60a0238820b.jpg,https://raw.githubusercontent.com/Shushanth101/Soil-Types-Dataset/main/test/Black_soil/0514608372.jpeg,Shushanth (Black Soil),CC0 / Public Domain,https://creativecommons.org/publicdomain/zero/1.0/,2026-09-23,c60a0238820b054300e9f207ab67ef4f7d4e2f2098088ce6d91cb37dccc5d154,soil_ground
SRC-04,Kaggle Soil Types,D:\CropDiseaseProject\data\non_leaf_negatives\soil_ground\SRC-04_soil_ground_1f5d149116f8.jpg,https://raw.githubusercontent.com/Shushanth101/Soil-Types-Dataset/main/test/Black_soil/0538889970.jpeg,Shushanth (Black Soil),CC0 / Public Domain,https://creativecommons.org/publicdomain/zero/1.0/,2026-09-23,1f5d149116f8db2a8a37f8911f8810b2479945d2db8604b9368d2397604196ae,soil_ground
SRC-04,Kaggle Soil Types,D:\CropDiseaseProject\data\non_leaf_negatives\soil_ground\SRC-04_soil_ground_6e59fbe7f542.jpg,https://raw.githubusercontent.com/Shushanth101/Soil-Types-Dataset/main/test/Black_soil/0547303481.jpeg,Shushanth (Black Soil),CC0 / Public Domain,https://creativecommons.org/publicdomain/zero/1.0/,2026-09-23,6e59fbe7f542b8885522d71c7763688f4401efa111923d185107d4b6c0c2b129,soil_ground
SRC-04,Kaggle Soil Types,D:\CropDiseaseProject\data\non_leaf_negatives\soil_ground\SRC-04_soil_ground_d249e6d451d1.jpg,https://raw.githubusercontent.com/Shushanth101/Soil-Types-Dataset/main/test/Black_soil/0548314253.jpg,Shushanth (Black Soil),CC0 / Public Domain,https://creativecommons.org/publicdomain/zero/1.0/,2026-09-23,d249e6d451d1775217fa75445e11b418b04ae2ef115fcf7b6bf895fcadf567c6,soil_ground
SRC-04,Kaggle Soil Types,D:\CropDiseaseProject\data\non_leaf_negatives\soil_ground\SRC-04_soil_ground_1ed8e313b3a4.jpg,https://raw.githubusercontent.com/Shushanth101/Soil-Types-Dataset/main/test/Black_soil/0556289477.jpg,Shushanth (Black Soil),CC0 / Public Domain,https://creativecommons.org/publicdomain/zero/1.0/,2026-09-23,1ed8e313b3a42affbf681d8ab92e54d344f2ae296c214eaca8c3b067e58fca94,soil_ground
SRC-04,Kaggle Soil Types,D:\CropDiseaseProject\data\non_leaf_negatives\soil_ground\SRC-04_soil_ground_611656e3f6a0.jpg,https://raw.githubusercontent.com/Shushanth101/Soil-Types-Dataset/main/test/Black_soil/0565782879.jpeg,Shushanth (Black Soil),CC0 / Public Domain,https://creativecommons.org/publicdomain/zero/1.0/,2026-09-23,611656e3f6a06cf6ef8aae3f446be3fc224f8bc9711db5143b0f2112b401e313,soil_ground
SRC-04,Kaggle Soil Types,D:\CropDiseaseProject\data\non_leaf_negatives\soil_ground\SRC-04_soil_ground_b1bf61ba4bf4.jpg,https://raw.githubusercontent.com/Shushanth101/Soil-Types-Dataset/main/test/Black_soil/0566430774.jpeg,Shushanth (Black Soil),CC0 / Public Domain,https://creativecommons.org/publicdomain/zero/1.0/,2026-09-23,b1bf61ba4bf4f808be274867578ec38dfcd44c34872cd4decfcd0f3222bac83c,soil_ground
SRC-04,Kaggle Soil Types,D:\CropDiseaseProject\data\non_leaf_negatives\soil_ground\SRC-04_soil_ground_ba8ef42c2c2d.jpg,https://raw.githubusercontent.com/Shushanth101/Soil-Types-Dataset/main/test/Black_soil/0567230593.jpeg,Shushanth (Black Soil),CC0 / Public Domain,https://creativecommons.org/publicdomain/zero/1.0/,2026-09-23,ba8ef42c2c2d757cbc3d2facf97ff1d8ae2b0c04ed0b4cd8a462b5e0e35f8ddf,soil_ground
SRC-04,Kaggle Soil Types,D:\CropDiseaseProject\data\non_leaf_negatives\soil_ground\SRC-04_soil_ground_c7dbdff26324.jpg,https://raw.githubusercontent.com/Shushanth101/Soil-Types-Dataset/main/test/Black_soil/0568769336.jpeg,Shushanth (Black Soil),CC0 / Public Domain,https://creativecommons.org/publicdomain/zero/1.0/,2026-09-23,c7dbdff2632436f2eab5fcac5d0d9927e83adf4f2d23c29d2c690babcf3d4fb5,soil_ground
SRC-04,Kaggle Soil Types,D:\CropDiseaseProject\data\non_leaf_negatives\soil_ground\SRC-04_soil_ground_a50884de0b54.jpg,https://raw.githubusercontent.com/Shushanth101/Soil-Types-Dataset/main/test/Black_soil/0572968607.jpg,Shushanth (Black Soil),CC0 / Public Domain,https://creativecommons.org/publicdomain/zero/1.0/,2026-09-23,a50884de0b544c291f8a859ef2658b1248aa2601f77969340cb3d8c8b6166c34,soil_ground
SRC-04,Kaggle Soil Types,D:\CropDiseaseProject\data\non_leaf_negatives\soil_ground\SRC-04_soil_ground_6244c678d620.jpg,https://raw.githubusercontent.com/Shushanth101/Soil-Types-Dataset/main/test/Black_soil/0588344284.jpg,Shushanth (Black Soil),CC0 / Public Domain,https://creativecommons.org/publicdomain/zero/1.0/,2026-09-23,6244c678d620bc3e6dedec49105d70c3b5767d8ed7cf339c1e1e388c691bb9c4,soil_ground
SRC-04,Kaggle Soil Types,D:\CropDiseaseProject\data\non_leaf_negatives\soil_ground\SRC-04_soil_ground_0c57768934cb.jpg,https://raw.githubusercontent.com/Shushanth101/Soil-Types-Dataset/main/test/Black_soil/0591282773.jpeg,Shushanth (Black Soil),CC0 / Public Domain,https://creativecommons.org/publicdomain/zero/1.0/,2026-09-23,0c57768934cbc4b4453fc06efbef39fa4bf030b003dfbc2dc870c405e4cc0fb6,soil_ground
SRC-04,Kaggle Soil Types,D:\CropDiseaseProject\data\non_leaf_negatives\soil_ground\SRC-04_soil_ground_79960421a0e7.jpg,https://raw.githubusercontent.com/Shushanth101/Soil-Types-Dataset/main/test/Black_soil/0623014779.jpeg,Shushanth (Black Soil),CC0 / Public Domain,https://creativecommons.org/publicdomain/zero/1.0/,2026-09-23,79960421a0e7dd2ecae69aa7fc58aa06ce7c1611fd88231f5de10757e1debffd,soil_ground
SRC-04,Kaggle Soil Types,D:\CropDiseaseProject\data\non_leaf_negatives\soil_ground\SRC-04_soil_ground_0f687607b1f2.jpg,https://raw.githubusercontent.com/Shushanth101/Soil-Types-Dataset/main/test/Black_soil/0628383974.jpeg,Shushanth (Black Soil),CC0 / Public Domain,https://creativecommons.org/publicdomain/zero/1.0/,2026-09-23,0f687607b1f2abdaf9ce75c7000eb1f9adacf705b70ae6ca14c5e706bc88c601,soil_ground
SRC-04,Kaggle Soil Types,D:\CropDiseaseProject\data\non_leaf_negatives\soil_ground\SRC-04_soil_ground_2cac297b00ee.jpg,https://raw.githubusercontent.com/Shushanth101/Soil-Types-Dataset/main/test/Black_soil/0635337466.jpeg,Shushanth (Black Soil),CC0 / Public Domain,https://creativecommons.org/publicdomain/zero/1.0/,2026-09-23,2cac297b00ee86e78c556c0a0d6b1c014d1565ed705d11f1b41498f1455d18a3,soil_ground
SRC-04,Kaggle Soil Types,D:\CropDiseaseProject\data\non_leaf_negatives\soil_ground\SRC-04_soil_ground_d2d27071f718.jpg,https://raw.githubusercontent.com/Shushanth101/Soil-Types-Dataset/main/test/Black_soil/0665411541.jpeg,Shushanth (Black Soil),CC0 / Public Domain,https://creativecommons.org/publicdomain/zero/1.0/,2026-09-23,d2d27071f718efd0fd34e63c01acdd841fa3cd3fbbda2fa8f04750410775eff1,soil_ground
SRC-04,Kaggle Soil Types,D:\CropDiseaseProject\data\non_leaf_negatives\soil_ground\SRC-04_soil_ground_78be135d52e2.jpg,https://raw.githubusercontent.com/Shushanth101/Soil-Types-Dataset/main/test/Black_soil/0672224135.jpeg,Shushanth (Black Soil),CC0 / Public Domain,https://creativecommons.org/publicdomain/zero/1.0/,2026-09-23,78be135d52e24faf9d7161ab7516d908ee06d1501f804f9b34292c362076c9c2,soil_ground
SRC-04,Kaggle Soil Types,D:\CropDiseaseProject\data\non_leaf_negatives\soil_ground\SRC-04_soil_ground_14c94a5a8521.jpg,https://raw.githubusercontent.com/Shushanth101/Soil-Types-Dataset/main/test/Black_soil/0672265196.jpg,Shushanth (Black Soil),CC0 / Public Domain,https://creativecommons.org/publicdomain/zero/1.0/,2026-09-23,14c94a5a85217dfc55436cf6fdc65f0c130a8f4dbcc6fc8823e7b4777b49b518,soil_ground
SRC-04,Kaggle Soil Types,D:\CropDiseaseProject\data\non_leaf_negatives\soil_ground\SRC-04_soil_ground_145f9137a839.jpg,https://raw.githubusercontent.com/Shushanth101/Soil-Types-Dataset/main/train/Black_soil/0018588560.jpeg,Shushanth (Black Soil),CC0 / Public Domain,https://creativecommons.org/publicdomain/zero/1.0/,2026-09-23,145f9137a839a9751637d4b69c5d19c214df36ab46823846666d77ff00cbb987,soil_ground
SRC-04,Kaggle Soil Types,D:\CropDiseaseProject\data\non_leaf_negatives\soil_ground\SRC-04_soil_ground_093887b58293.jpg,https://raw.githubusercontent.com/Shushanth101/Soil-Types-Dataset/main/train/Black_soil/0022011780.jpeg,Shushanth (Black Soil),CC0 / Public Domain,https://creativecommons.org/publicdomain/zero/1.0/,2026-09-23,093887b58293498627d32a9dbaed9dfee98dbdc183142e6e4ad99b423de2ad85,soil_ground
SRC-04,Kaggle Soil Types,D:\CropDiseaseProject\data\non_leaf_negatives\soil_ground\SRC-04_soil_ground_9818f61d863a.jpg,https://raw.githubusercontent.com/Shushanth101/Soil-Types-Dataset/main/train/Black_soil/0055635145.jpg,Shushanth (Black Soil),CC0 / Public Domain,https://creativecommons.org/publicdomain/zero/1.0/,2026-09-23,9818f61d863ac78a86bfb3a8655bc40d805738b43cf93e6aa2b56223c8ee6e8d,soil_ground
SRC-04,Kaggle Soil Types,D:\CropDiseaseProject\data\non_leaf_negatives\soil_ground\SRC-04_soil_ground_7ab163a2fa37.jpg,https://raw.githubusercontent.com/Shushanth101/Soil-Types-Dataset/main/train/Black_soil/0079700302.jpeg,Shushanth (Black Soil),CC0 / Public Domain,https://creativecommons.org/publicdomain/zero/1.0/,2026-09-23,7ab163a2fa375c55f8296d4fd43891296807980f845992e48b8d5fc7daaf45ce,soil_ground
SRC-04,Kaggle Soil Types,D:\CropDiseaseProject\data\non_leaf_negatives\soil_ground\SRC-04_soil_ground_ecc5e537854c.jpg,https://raw.githubusercontent.com/Shushanth101/Soil-Types-Dataset/main/train/Black_soil/0082474170.jpeg,Shushanth (Black Soil),CC0 / Public Domain,https://creativecommons.org/publicdomain/zero/1.0/,2026-09-23,ecc5e537854c8c071e6b99aaf73ca310707f8766d67fb46ce4bc816761bf888f,soil_ground
SRC-04,Kaggle Soil Types,D:\CropDiseaseProject\data\non_leaf_negatives\soil_ground\SRC-04_soil_ground_918017cb2105.jpg,https://raw.githubusercontent.com/Shushanth101/Soil-Types-Dataset/main/train/Black_soil/0084154736.jpeg,Shushanth (Black Soil),CC0 / Public Domain,https://creativecommons.org/publicdomain/zero/1.0/,2026-09-23,918017cb2105899a8c3c6da65dfdc9867cc5aa2ee7dec44d3bfa5883f7368b8c,soil_ground
SRC-04,Kaggle Soil Types,D:\CropDiseaseProject\data\non_leaf_negatives\soil_ground\SRC-04_soil_ground_01ad3372f347.jpg,https://raw.githubusercontent.com/Shushanth101/Soil-Types-Dataset/main/train/Black_soil/0084940108.jpg,Shushanth (Black Soil),CC0 / Public Domain,https://creativecommons.org/publicdomain/zero/1.0/,2026-09-23,01ad3372f3474abcf1f98fb9540ff042d1cb21a791bdb974c3a81238643e957b,soil_ground
SRC-04,Kaggle Soil Types,D:\CropDiseaseProject\data\non_leaf_negatives\soil_ground\SRC-04_soil_ground_6550d132c6e6.jpg,https://raw.githubusercontent.com/Shushanth101/Soil-Types-Dataset/main/train/Black_soil/0099219477.jpg,Shushanth (Black Soil),CC0 / Public Domain,https://creativecommons.org/publicdomain/zero/1.0/,2026-09-23,6550d132c6e67d7a54983c201182d02c47f1b708672cbd543dac15079781673f,soil_ground
SRC-04,Kaggle Soil Types,D:\CropDiseaseProject\data\non_leaf_negatives\soil_ground\SRC-04_soil_ground_3dcccbe81f87.jpg,https://raw.githubusercontent.com/Shushanth101/Soil-Types-Dataset/main/train/Black_soil/0125912922.jpeg,Shushanth (Black Soil),CC0 / Public Domain,https://creativecommons.org/publicdomain/zero/1.0/,2026-09-23,3dcccbe81f877c34c3dd55b63ad12733f951f1add230e307582f626d553e5623,soil_ground
SRC-04,Kaggle Soil Types,D:\CropDiseaseProject\data\non_leaf_negatives\soil_ground\SRC-04_soil_ground_ad16faabbd54.jpg,https://raw.githubusercontent.com/Shushanth101/Soil-Types-Dataset/main/train/Black_soil/0128408182.jpeg,Shushanth (Black Soil),CC0 / Public Domain,https://creativecommons.org/publicdomain/zero/1.0/,2026-09-23,ad16faabbd541a5c0dc9e956b6462021ddb58a853b63ba064cf51bf25e7716ea,soil_ground
SRC-04,Kaggle Soil Types,D:\CropDiseaseProject\data\non_leaf_negatives\soil_ground\SRC-04_soil_ground_34ed5995af6c.jpg,https://raw.githubusercontent.com/Shushanth101/Soil-Types-Dataset/main/train/Black_soil/0129227917.jpeg,Shushanth (Black Soil),CC0 / Public Domain,https://creativecommons.org/publicdomain/zero/1.0/,2026-09-23,34ed5995af6cb63bdedba2eeae25445064cb84631a48965caa3279f8de22745f,soil_ground
SRC-04,Kaggle Soil Types,D:\CropDiseaseProject\data\non_leaf_negatives\soil_ground\SRC-04_soil_ground_152178b2caa9.jpg,https://raw.githubusercontent.com/Shushanth101/Soil-Types-Dataset/main/train/Black_soil/0131329584.jpg,Shushanth (Black Soil),CC0 / Public Domain,https://creativecommons.org/publicdomain/zero/1.0/,2026-09-23,152178b2caa918ab935a8fbf2f4825019a80bfcbf8abfc1f4a0dd87e97a5609b,soil_ground
SRC-04,Kaggle Soil Types,D:\CropDiseaseProject\data\non_leaf_negatives\soil_ground\SRC-04_soil_ground_5b78a33e0c28.jpg,https://raw.githubusercontent.com/Shushanth101/Soil-Types-Dataset/main/train/Black_soil/0131884376.jpeg,Shushanth (Black Soil),CC0 / Public Domain,https://creativecommons.org/publicdomain/zero/1.0/,2026-09-23,5b78a33e0c2807a4dae65ff32d613befb391d9643cf0bfad9e46f667ee5dec23,soil_ground
SRC-04,Kaggle Soil Types,D:\CropDiseaseProject\data\non_leaf_negatives\soil_ground\SRC-04_soil_ground_12cfebf6f12d.jpg,https://raw.githubusercontent.com/Shushanth101/Soil-Types-Dataset/main/train/Black_soil/0135356654.jpg,Shushanth (Black Soil),CC0 / Public Domain,https://creativecommons.org/publicdomain/zero/1.0/,2026-09-23,12cfebf6f12d4191abaf43d054349fc68fcc90dc3afbac3f1e3834a16004bd9d,soil_ground
SRC-04,Kaggle Soil Types,D:\CropDiseaseProject\data\non_leaf_negatives\soil_ground\SRC-04_soil_ground_f64d0e5001a5.jpg,https://raw.githubusercontent.com/Shushanth101/Soil-Types-Dataset/main/train/Black_soil/0143784972.jpg,Shushanth (Black Soil),CC0 / Public Domain,https://creativecommons.org/publicdomain/zero/1.0/,2026-09-23,f64d0e5001a5b3399045bd7ece9d87e854236d0d5acdd83e5ab5c66912a91579,soil_ground
SRC-04,Kaggle Soil Types,D:\CropDiseaseProject\data\non_leaf_negatives\soil_ground\SRC-04_soil_ground_a9c3bda7e858.jpg,https://raw.githubusercontent.com/Shushanth101/Soil-Types-Dataset/main/train/Black_soil/0144434734.jpg,Shushanth (Black Soil),CC0 / Public Domain,https://creativecommons.org/publicdomain/zero/1.0/,2026-09-23,a9c3bda7e858c1146a03de7e3720be23b319bc343f365a867e67c86d6773aa6e,soil_ground
SRC-04,Kaggle Soil Types,D:\CropDiseaseProject\data\non_leaf_negatives\soil_ground\SRC-04_soil_ground_372b103de4e6.jpg,https://raw.githubusercontent.com/Shushanth101/Soil-Types-Dataset/main/train/Black_soil/0147121869.jpeg,Shushanth (Black Soil),CC0 / Public Domain,https://creativecommons.org/publicdomain/zero/1.0/,2026-09-23,372b103de4e6cc4a9a647be8ab29ba040d33dd34fdf87bebb472f96d16bca3db,soil_ground
SRC-04,Kaggle Soil Types,D:\CropDiseaseProject\data\non_leaf_negatives\soil_ground\SRC-04_soil_ground_049773e0514b.jpg,https://raw.githubusercontent.com/Shushanth101/Soil-Types-Dataset/main/train/Black_soil/0151515878.jpeg,Shushanth (Black Soil),CC0 / Public Domain,https://creativecommons.org/publicdomain/zero/1.0/,2026-09-23,049773e0514be7300b58a029fe1edba43df299daba1a4de86a175385d50f03e7,soil_ground
SRC-04,Kaggle Soil Types,D:\CropDiseaseProject\data\non_leaf_negatives\soil_ground\SRC-04_soil_ground_b0598c2589b6.jpg,https://raw.githubusercontent.com/Shushanth101/Soil-Types-Dataset/main/train/Black_soil/0154805901.jpeg,Shushanth (Black Soil),CC0 / Public Domain,https://creativecommons.org/publicdomain/zero/1.0/,2026-09-23,b0598c2589b6211d2f95639fcda95d0431a69ee8fc6e8f0a97316feba11450b8,soil_ground
SRC-04,Kaggle Soil Types,D:\CropDiseaseProject\data\non_leaf_negatives\soil_ground\SRC-04_soil_ground_442c9f6f5a9a.jpg,https://raw.githubusercontent.com/Shushanth101/Soil-Types-Dataset/main/train/Black_soil/0164056121.jpeg,Shushanth (Black Soil),CC0 / Public Domain,https://creativecommons.org/publicdomain/zero/1.0/,2026-09-23,442c9f6f5a9a9a64aac5940d9e4371b2893766bf677dd391f8db8a41e59465ce,soil_ground
SRC-04,Kaggle Soil Types,D:\CropDiseaseProject\data\non_leaf_negatives\soil_ground\SRC-04_soil_ground_5e2a8d2838e8.jpg,https://raw.githubusercontent.com/Shushanth101/Soil-Types-Dataset/main/train/Black_soil/0167930433.jpeg,Shushanth (Black Soil),CC0 / Public Domain,https://creativecommons.org/publicdomain/zero/1.0/,2026-09-23,5e2a8d2838e84dbaf43b29a54e1a1d7cb1a54c24f8138d6b28ce304fe417425e,soil_ground
SRC-04,Kaggle Soil Types,D:\CropDiseaseProject\data\non_leaf_negatives\soil_ground\SRC-04_soil_ground_ac0919502b1f.jpg,https://raw.githubusercontent.com/Shushanth101/Soil-Types-Dataset/main/test/Clay_soil/7673487562.jpeg,Shushanth (Clay Soil),CC0 / Public Domain,https://creativecommons.org/publicdomain/zero/1.0/,2026-09-23,ac0919502b1f472207509c2ee8859b28bc836a1ec4bd27ef9e8589c8e4fee323,soil_ground
SRC-04,Kaggle Soil Types,D:\CropDiseaseProject\data\non_leaf_negatives\soil_ground\SRC-04_soil_ground_03a4b9e1e431.jpg,https://raw.githubusercontent.com/Shushanth101/Soil-Types-Dataset/main/test/Clay_soil/7862393751.jpeg,Shushanth (Clay Soil),CC0 / Public Domain,https://creativecommons.org/publicdomain/zero/1.0/,2026-09-23,03a4b9e1e4311222ce5818a2b71b55e4dcbda4128e7b170ab0c9230f15cfbd37,soil_ground
SRC-04,Kaggle Soil Types,D:\CropDiseaseProject\data\non_leaf_negatives\soil_ground\SRC-04_soil_ground_931ba3d710a7.jpg,https://raw.githubusercontent.com/Shushanth101/Soil-Types-Dataset/main/test/Clay_soil/7877203687.jpeg,Shushanth (Clay Soil),CC0 / Public Domain,https://creativecommons.org/publicdomain/zero/1.0/,2026-09-23,931ba3d710a777747175de33c16bab38827c2d906c5f84f3d1b83d0f7cdb4506,soil_ground
SRC-04,Kaggle Soil Types,D:\CropDiseaseProject\data\non_leaf_negatives\soil_ground\SRC-04_soil_ground_3717ba4c9881.jpg,https://raw.githubusercontent.com/Shushanth101/Soil-Types-Dataset/main/test/Clay_soil/8181470090.jpeg,Shushanth (Clay Soil),CC0 / Public Domain,https://creativecommons.org/publicdomain/zero/1.0/,2026-09-23,3717ba4c98812236c535059a51c570f089bb6da5b32d16ace9f7065a7c6ab039,soil_ground
SRC-04,Kaggle Soil Types,D:\CropDiseaseProject\data\non_leaf_negatives\soil_ground\SRC-04_soil_ground_d8accb846f15.jpg,https://raw.githubusercontent.com/Shushanth101/Soil-Types-Dataset/main/test/Clay_soil/8243855441.jpeg,Shushanth (Clay Soil),CC0 / Public Domain,https://creativecommons.org/publicdomain/zero/1.0/,2026-09-23,d8accb846f15502de2f6d6321f5eeafc61fec51efd51779c588c7cbdb21b8458,soil_ground
SRC-04,Kaggle Soil Types,D:\CropDiseaseProject\data\non_leaf_negatives\soil_ground\SRC-04_soil_ground_48b79668cc77.jpg,https://raw.githubusercontent.com/Shushanth101/Soil-Types-Dataset/main/test/Clay_soil/8539911905.jpeg,Shushanth (Clay Soil),CC0 / Public Domain,https://creativecommons.org/publicdomain/zero/1.0/,2026-09-23,48b79668cc778b6ccba8d58c609f2fc9c6e895293e5d4e050bc45757f6d04cfb,soil_ground
SRC-04,Kaggle Soil Types,D:\CropDiseaseProject\data\non_leaf_negatives\soil_ground\SRC-04_soil_ground_ed3800247288.jpg,https://raw.githubusercontent.com/Shushanth101/Soil-Types-Dataset/main/test/Clay_soil/8864627331.jpeg,Shushanth (Clay Soil),CC0 / Public Domain,https://creativecommons.org/publicdomain/zero/1.0/,2026-09-23,ed38002472882e6795f2d88345004a6c8a1618707f6010d7eb68f990b20b9e08,soil_ground
SRC-04,Kaggle Soil Types,D:\CropDiseaseProject\data\non_leaf_negatives\soil_ground\SRC-04_soil_ground_d45c75e0f8df.jpg,https://raw.githubusercontent.com/Shushanth101/Soil-Types-Dataset/main/test/Clay_soil/8871174753.jpeg,Shushanth (Clay Soil),CC0 / Public Domain,https://creativecommons.org/publicdomain/zero/1.0/,2026-09-23,d45c75e0f8df378177cda8cf4e318ed2f09cd69f824fc622d172e7d4b4723d61,soil_ground
SRC-04,Kaggle Soil Types,D:\CropDiseaseProject\data\non_leaf_negatives\soil_ground\SRC-04_soil_ground_cd2d11104868.jpg,https://raw.githubusercontent.com/Shushanth101/Soil-Types-Dataset/main/test/Clay_soil/8898243775.jpeg,Shushanth (Clay Soil),CC0 / Public Domain,https://creativecommons.org/publicdomain/zero/1.0/,2026-09-23,cd2d11104868329601e55bb4fcaa1e2e1d814860121452e5d9c6036e9e0049b0,soil_ground
SRC-04,Kaggle Soil Types,D:\CropDiseaseProject\data\non_leaf_negatives\soil_ground\SRC-04_soil_ground_761564f0d898.jpg,https://raw.githubusercontent.com/Shushanth101/Soil-Types-Dataset/main/test/Clay_soil/8919195086.jpeg,Shushanth (Clay Soil),CC0 / Public Domain,https://creativecommons.org/publicdomain/zero/1.0/,2026-09-23,761564f0d8981558699e7455ed163860989fde6144d960a029f01a46797ac6f0,soil_ground
SRC-04,Kaggle Soil Types,D:\CropDiseaseProject\data\non_leaf_negatives\soil_ground\SRC-04_soil_ground_e2812089f316.jpg,https://raw.githubusercontent.com/Shushanth101/Soil-Types-Dataset/main/test/Clay_soil/8970598592.jpeg,Shushanth (Clay Soil),CC0 / Public Domain,https://creativecommons.org/publicdomain/zero/1.0/,2026-09-23,e2812089f31635ca73977b9126e21e0f52365f225212281f697100c428cdc726,soil_ground
SRC-04,Kaggle Soil Types,D:\CropDiseaseProject\data\non_leaf_negatives\soil_ground\SRC-04_soil_ground_67b2fe292d63.jpg,https://raw.githubusercontent.com/Shushanth101/Soil-Types-Dataset/main/test/Clay_soil/9009705492.jpeg,Shushanth (Clay Soil),CC0 / Public Domain,https://creativecommons.org/publicdomain/zero/1.0/,2026-09-23,67b2fe292d634054ff66d1b2b5c1ca3e1a4ee025f5ac86434028a3458727590c,soil_ground
SRC-04,Kaggle Soil Types,D:\CropDiseaseProject\data\non_leaf_negatives\soil_ground\SRC-04_soil_ground_8df9c2d3a30e.jpg,https://raw.githubusercontent.com/Shushanth101/Soil-Types-Dataset/main/test/Clay_soil/9097340320.jpeg,Shushanth (Clay Soil),CC0 / Public Domain,https://creativecommons.org/publicdomain/zero/1.0/,2026-09-23,8df9c2d3a30ef10ac5458ade107ac1407e1dcee0ef93bb9628759a9132705e1b,soil_ground
SRC-04,Kaggle Soil Types,D:\CropDiseaseProject\data\non_leaf_negatives\soil_ground\SRC-04_soil_ground_0fc8be6d11dd.jpg,https://raw.githubusercontent.com/Shushanth101/Soil-Types-Dataset/main/test/Clay_soil/9243824077.jpeg,Shushanth (Clay Soil),CC0 / Public Domain,https://creativecommons.org/publicdomain/zero/1.0/,2026-09-23,0fc8be6d11dd0548c99bca320e101c3761cde9b59a3dfa268866a3abbee2e487,soil_ground
SRC-04,Kaggle Soil Types,D:\CropDiseaseProject\data\non_leaf_negatives\soil_ground\SRC-04_soil_ground_48ea68c96e96.jpg,https://raw.githubusercontent.com/Shushanth101/Soil-Types-Dataset/main/test/Clay_soil/9323797366.jpeg,Shushanth (Clay Soil),CC0 / Public Domain,https://creativecommons.org/publicdomain/zero/1.0/,2026-09-23,48ea68c96e966ec3bd11034f64bd4c7f2c7a2f5dd384bc0ed8c83056586c9089,soil_ground
SRC-04,Kaggle Soil Types,D:\CropDiseaseProject\data\non_leaf_negatives\soil_ground\SRC-04_soil_ground_cf8e1f50e7c2.jpg,https://raw.githubusercontent.com/Shushanth101/Soil-Types-Dataset/main/test/Clay_soil/9481862750.jpeg,Shushanth (Clay Soil),CC0 / Public Domain,https://creativecommons.org/publicdomain/zero/1.0/,2026-09-23,cf8e1f50e7c232fd9e37d512d9b059f5b6a498307d7bd9d030a9c3ef51434f8b,soil_ground
SRC-04,Kaggle Soil Types,D:\CropDiseaseProject\data\non_leaf_negatives\soil_ground\SRC-04_soil_ground_43a722677dab.jpg,https://raw.githubusercontent.com/Shushanth101/Soil-Types-Dataset/main/test/Clay_soil/9623141463.jpeg,Shushanth (Clay Soil),CC0 / Public Domain,https://creativecommons.org/publicdomain/zero/1.0/,2026-09-23,43a722677dab00060cbd3d85d20756855575f25ea3eae89f9e5881f08ab9a271,soil_ground
SRC-04,Kaggle Soil Types,D:\CropDiseaseProject\data\non_leaf_negatives\soil_ground\SRC-04_soil_ground_ab9ff7baf704.jpg,https://raw.githubusercontent.com/Shushanth101/Soil-Types-Dataset/main/test/Clay_soil/9656366850.jpeg,Shushanth (Clay Soil),CC0 / Public Domain,https://creativecommons.org/publicdomain/zero/1.0/,2026-09-23,ab9ff7baf704514ce25b404f97076e255b9ab646f2faf24f7495b01f327ddd81,soil_ground
SRC-04,Kaggle Soil Types,D:\CropDiseaseProject\data\non_leaf_negatives\soil_ground\SRC-04_soil_ground_3a06b6c4f802.jpg,https://raw.githubusercontent.com/Shushanth101/Soil-Types-Dataset/main/test/Clay_soil/9846034931.jpeg,Shushanth (Clay Soil),CC0 / Public Domain,https://creativecommons.org/publicdomain/zero/1.0/,2026-09-23,3a06b6c4f80223cc0591f12c788392923c1097b68939d4a6d02d457ba6f93ca8,soil_ground
SRC-04,Kaggle Soil Types,D:\CropDiseaseProject\data\non_leaf_negatives\soil_ground\SRC-04_soil_ground_1691e7e637d1.jpg,https://raw.githubusercontent.com/Shushanth101/Soil-Types-Dataset/main/test/Clay_soil/9913247838.jpeg,Shushanth (Clay Soil),CC0 / Public Domain,https://creativecommons.org/publicdomain/zero/1.0/,2026-09-23,1691e7e637d16b3e54bf4a03438602977cb3fcf89c1dc7df892903e300500fd0,soil_ground
SRC-04,Kaggle Soil Types,D:\CropDiseaseProject\data\non_leaf_negatives\soil_ground\SRC-04_soil_ground_7dd2c9b2ddff.jpg,https://raw.githubusercontent.com/Shushanth101/Soil-Types-Dataset/main/test/Clay_soil/9942046914.jpeg,Shushanth (Clay Soil),CC0 / Public Domain,https://creativecommons.org/publicdomain/zero/1.0/,2026-09-23,7dd2c9b2ddffb52e76208196dce671a57be25413b05e3d8aefa88ddca723d401,soil_ground
SRC-04,Kaggle Soil Types,D:\CropDiseaseProject\data\non_leaf_negatives\soil_ground\SRC-04_soil_ground_618307cb27dc.jpg,https://raw.githubusercontent.com/Shushanth101/Soil-Types-Dataset/main/train/Clay_soil/0017810850.jpeg,Shushanth (Clay Soil),CC0 / Public Domain,https://creativecommons.org/publicdomain/zero/1.0/,2026-09-23,618307cb27dcbfadd98d0d6526a5d47b75afaf7c56c67fbcb9bcd4ed904d4620,soil_ground
SRC-04,Kaggle Soil Types,D:\CropDiseaseProject\data\non_leaf_negatives\soil_ground\SRC-04_soil_ground_f984eb847864.jpg,https://raw.githubusercontent.com/Shushanth101/Soil-Types-Dataset/main/train/Clay_soil/0097453311.jpeg,Shushanth (Clay Soil),CC0 / Public Domain,https://creativecommons.org/publicdomain/zero/1.0/,2026-09-23,f984eb8478640253b7b18a3e2f98386141b40e65ebae618623d280387ccf120b,soil_ground
SRC-04,Kaggle Soil Types,D:\CropDiseaseProject\data\non_leaf_negatives\soil_ground\SRC-04_soil_ground_d11a5651d57a.jpg,https://raw.githubusercontent.com/Shushanth101/Soil-Types-Dataset/main/train/Clay_soil/0152173761.jpeg,Shushanth (Clay Soil),CC0 / Public Domain,https://creativecommons.org/publicdomain/zero/1.0/,2026-09-23,d11a5651d57aaac9912ac658cd0fd8a010e348850ed2d1d16f627bc60acebd3e,soil_ground
SRC-04,Kaggle Soil Types,D:\CropDiseaseProject\data\non_leaf_negatives\soil_ground\SRC-04_soil_ground_73b00d1442c9.jpg,https://raw.githubusercontent.com/Shushanth101/Soil-Types-Dataset/main/train/Clay_soil/0512666304.jpeg,Shushanth (Clay Soil),CC0 / Public Domain,https://creativecommons.org/publicdomain/zero/1.0/,2026-09-23,73b00d1442c97ae1d11805b4afaf2318794079b1a5568fbf84271176ffced5e4,soil_ground
SRC-04,Kaggle Soil Types,D:\CropDiseaseProject\data\non_leaf_negatives\soil_ground\SRC-04_soil_ground_e8ef4e4cc261.jpg,https://raw.githubusercontent.com/Shushanth101/Soil-Types-Dataset/main/train/Clay_soil/0706380141.jpeg,Shushanth (Clay Soil),CC0 / Public Domain,https://creativecommons.org/publicdomain/zero/1.0/,2026-09-23,e8ef4e4cc2614ac861cc3108d4b01d704d945dc1dc49b3ff65a9c2e0654b2378,soil_ground
SRC-04,Kaggle Soil Types,D:\CropDiseaseProject\data\non_leaf_negatives\soil_ground\SRC-04_soil_ground_2b8ca0c20a83.jpg,https://raw.githubusercontent.com/Shushanth101/Soil-Types-Dataset/main/train/Clay_soil/0743628290.jpeg,Shushanth (Clay Soil),CC0 / Public Domain,https://creativecommons.org/publicdomain/zero/1.0/,2026-09-23,2b8ca0c20a8328f431462c8a056a5332c77b8d121bbe89199c03ba435d76a5ec,soil_ground
SRC-04,Kaggle Soil Types,D:\CropDiseaseProject\data\non_leaf_negatives\soil_ground\SRC-04_soil_ground_a6283b8fabaf.jpg,https://raw.githubusercontent.com/Shushanth101/Soil-Types-Dataset/main/train/Clay_soil/0974784190.jpeg,Shushanth (Clay Soil),CC0 / Public Domain,https://creativecommons.org/publicdomain/zero/1.0/,2026-09-23,a6283b8fabafca6ed170942f57c1b0f18c75ebea6385d7f7c77c0fac70603f8c,soil_ground
SRC-04,Kaggle Soil Types,D:\CropDiseaseProject\data\non_leaf_negatives\soil_ground\SRC-04_soil_ground_f4dadf8a1806.jpg,https://raw.githubusercontent.com/Shushanth101/Soil-Types-Dataset/main/train/Clay_soil/1030144542.jpeg,Shushanth (Clay Soil),CC0 / Public Domain,https://creativecommons.org/publicdomain/zero/1.0/,2026-09-23,f4dadf8a1806172542dc27724cb25a83e3180c698e142e476ddeb64d8f36ef97,soil_ground
SRC-04,Kaggle Soil Types,D:\CropDiseaseProject\data\non_leaf_negatives\soil_ground\SRC-04_soil_ground_e36d955a4268.jpg,https://raw.githubusercontent.com/Shushanth101/Soil-Types-Dataset/main/train/Clay_soil/1267087449.jpeg,Shushanth (Clay Soil),CC0 / Public Domain,https://creativecommons.org/publicdomain/zero/1.0/,2026-09-23,e36d955a426882fc6ae72445655d68b156aabb356ce2329c1532ff5ad272b4b5,soil_ground
SRC-04,Kaggle Soil Types,D:\CropDiseaseProject\data\non_leaf_negatives\soil_ground\SRC-04_soil_ground_860a3372eaea.jpg,https://raw.githubusercontent.com/Shushanth101/Soil-Types-Dataset/main/train/Clay_soil/1383769493.jpeg,Shushanth (Clay Soil),CC0 / Public Domain,https://creativecommons.org/publicdomain/zero/1.0/,2026-09-23,860a3372eaea074c7cf46a1895dd882e41c595060e0b910a09653d7adf871523,soil_ground
SRC-04,Kaggle Soil Types,D:\CropDiseaseProject\data\non_leaf_negatives\soil_ground\SRC-04_soil_ground_3d8061b0dc1c.jpg,https://raw.githubusercontent.com/Shushanth101/Soil-Types-Dataset/main/train/Clay_soil/1418312283.jpeg,Shushanth (Clay Soil),CC0 / Public Domain,https://creativecommons.org/publicdomain/zero/1.0/,2026-09-23,3d8061b0dc1c8476647f26abed3933be0a88a2b33e9fc419d78eefb78ce56708,soil_ground
SRC-04,Kaggle Soil Types,D:\CropDiseaseProject\data\non_leaf_negatives\soil_ground\SRC-04_soil_ground_af161c0935af.jpg,https://raw.githubusercontent.com/Shushanth101/Soil-Types-Dataset/main/train/Clay_soil/2251818736.jpeg,Shushanth (Clay Soil),CC0 / Public Domain,https://creativecommons.org/publicdomain/zero/1.0/,2026-09-23,af161c0935af75c5532e1ffbf67d05ff4bd68af2354a8a6e97b44408475b1ccb,soil_ground
SRC-04,Kaggle Soil Types,D:\CropDiseaseProject\data\non_leaf_negatives\soil_ground\SRC-04_soil_ground_5792f48846e7.jpg,https://raw.githubusercontent.com/Shushanth101/Soil-Types-Dataset/main/train/Clay_soil/2350732586.jpeg,Shushanth (Clay Soil),CC0 / Public Domain,https://creativecommons.org/publicdomain/zero/1.0/,2026-09-23,5792f48846e7b8e08f93860578880bb3e27c09a6e25cdfeeeb07ee0bf3aaff91,soil_ground
SRC-04,Kaggle Soil Types,D:\CropDiseaseProject\data\non_leaf_negatives\soil_ground\SRC-04_soil_ground_9e98de968f8f.jpg,https://raw.githubusercontent.com/Shushanth101/Soil-Types-Dataset/main/train/Clay_soil/2545277848.jpeg,Shushanth (Clay Soil),CC0 / Public Domain,https://creativecommons.org/publicdomain/zero/1.0/,2026-09-23,9e98de968f8fa6a1c82eaa08363ac9bf29d076f3563b0139d9f8c541d526a5e7,soil_ground
SRC-04,Kaggle Soil Types,D:\CropDiseaseProject\data\non_leaf_negatives\soil_ground\SRC-04_soil_ground_d1ce91098fc1.jpg,https://raw.githubusercontent.com/Shushanth101/Soil-Types-Dataset/main/train/Clay_soil/2714618749.jpeg,Shushanth (Clay Soil),CC0 / Public Domain,https://creativecommons.org/publicdomain/zero/1.0/,2026-09-23,d1ce91098fc1b9d74a0532da3ebc53142ffd6d5062824bd356c077e931826d09,soil_ground
SRC-04,Kaggle Soil Types,D:\CropDiseaseProject\data\non_leaf_negatives\soil_ground\SRC-04_soil_ground_ebc6835a8cbe.jpg,https://raw.githubusercontent.com/Shushanth101/Soil-Types-Dataset/main/train/Clay_soil/2717225531.jpeg,Shushanth (Clay Soil),CC0 / Public Domain,https://creativecommons.org/publicdomain/zero/1.0/,2026-09-23,ebc6835a8cbe7ed4879cc5cf2bb74f07b4c4fa86044bc99ade5e427392d670ec,soil_ground
SRC-04,Kaggle Soil Types,D:\CropDiseaseProject\data\non_leaf_negatives\soil_ground\SRC-04_soil_ground_4db2536b5006.jpg,https://raw.githubusercontent.com/Shushanth101/Soil-Types-Dataset/main/train/Clay_soil/3656776086.jpeg,Shushanth (Clay Soil),CC0 / Public Domain,https://creativecommons.org/publicdomain/zero/1.0/,2026-09-23,4db2536b5006f7c5c10fb98970a58304963769d135ea681b32b2cd14cfa7f07a,soil_ground
SRC-04,Kaggle Soil Types,D:\CropDiseaseProject\data\non_leaf_negatives\soil_ground\SRC-04_soil_ground_21c98d50abd4.jpg,https://raw.githubusercontent.com/Shushanth101/Soil-Types-Dataset/main/train/Clay_soil/3803903597.jpeg,Shushanth (Clay Soil),CC0 / Public Domain,https://creativecommons.org/publicdomain/zero/1.0/,2026-09-23,21c98d50abd4fe2f31c9e739e86dfa4e82248ad2921e66161acbeca6568dea0b,soil_ground
SRC-04,Kaggle Soil Types,D:\CropDiseaseProject\data\non_leaf_negatives\soil_ground\SRC-04_soil_ground_3b38179adac3.jpg,https://raw.githubusercontent.com/Shushanth101/Soil-Types-Dataset/main/train/Clay_soil/3831219591.jpeg,Shushanth (Clay Soil),CC0 / Public Domain,https://creativecommons.org/publicdomain/zero/1.0/,2026-09-23,3b38179adac3f05b56ff329a690c32bb76c6fbedf0bb8969760d9ed391ae693d,soil_ground
SRC-04,Kaggle Soil Types,D:\CropDiseaseProject\data\non_leaf_negatives\soil_ground\SRC-04_soil_ground_17c811a9d188.jpg,https://raw.githubusercontent.com/Shushanth101/Soil-Types-Dataset/main/train/Clay_soil/4021519594.jpeg,Shushanth (Clay Soil),CC0 / Public Domain,https://creativecommons.org/publicdomain/zero/1.0/,2026-09-23,17c811a9d18867356f3bcf354ece75a20885d62e9be7d5ddefd5adeb69e7021b,soil_ground
SRC-04,Kaggle Soil Types,D:\CropDiseaseProject\data\non_leaf_negatives\soil_ground\SRC-04_soil_ground_952d9cf5c6c3.jpg,https://raw.githubusercontent.com/Shushanth101/Soil-Types-Dataset/main/train/Clay_soil/4033669776.jpeg,Shushanth (Clay Soil),CC0 / Public Domain,https://creativecommons.org/publicdomain/zero/1.0/,2026-09-23,952d9cf5c6c301448f34481b9b8b2d1140639b3048de640f5aa5c450c0df0702,soil_ground
SRC-04,Kaggle Soil Types,D:\CropDiseaseProject\data\non_leaf_negatives\soil_ground\SRC-04_soil_ground_dcb1d8c5b588.jpg,https://raw.githubusercontent.com/Shushanth101/Soil-Types-Dataset/main/train/Clay_soil/4189574711.jpeg,Shushanth (Clay Soil),CC0 / Public Domain,https://creativecommons.org/publicdomain/zero/1.0/,2026-09-23,dcb1d8c5b58823c7b22f9f5c6ddc32e79bfe84108d80427f5e505e0d4f0eb6fc,soil_ground
SRC-04,Kaggle Soil Types,D:\CropDiseaseProject\data\non_leaf_negatives\soil_ground\SRC-04_soil_ground_3f6aeb02624c.jpg,https://raw.githubusercontent.com/Shushanth101/Soil-Types-Dataset/main/train/Clay_soil/4199381067.jpeg,Shushanth (Clay Soil),CC0 / Public Domain,https://creativecommons.org/publicdomain/zero/1.0/,2026-09-23,3f6aeb02624ca7e63fb8ab91cdf44efbe58eb1cc0d64c8a675f65fa5f125bbbd,soil_ground
SRC-04,Kaggle Soil Types,D:\CropDiseaseProject\data\non_leaf_negatives\soil_ground\SRC-04_soil_ground_7bd8575ee5f6.jpg,https://raw.githubusercontent.com/Shushanth101/Soil-Types-Dataset/main/train/Clay_soil/4492260735.jpeg,Shushanth (Clay Soil),CC0 / Public Domain,https://creativecommons.org/publicdomain/zero/1.0/,2026-09-23,7bd8575ee5f65a28184fcfb887cc9507d40a5613fd7e5038b8c0b95d1007fbe9,soil_ground
SRC-04,Kaggle Soil Types,D:\CropDiseaseProject\data\non_leaf_negatives\soil_ground\SRC-04_soil_ground_c3a112b05110.jpg,https://raw.githubusercontent.com/Shushanth101/Soil-Types-Dataset/main/test/Red_soil/0630429499.jpeg,Shushanth (Red Soil),CC0 / Public Domain,https://creativecommons.org/publicdomain/zero/1.0/,2026-09-23,c3a112b0511058d1dce86a22b9b113719cc02b050dcd40a08784daa39ddddc59,soil_ground
SRC-04,Kaggle Soil Types,D:\CropDiseaseProject\data\non_leaf_negatives\soil_ground\SRC-04_soil_ground_18f09d1ff37b.jpg,https://raw.githubusercontent.com/Shushanth101/Soil-Types-Dataset/main/test/Red_soil/0659290079.jpeg,Shushanth (Red Soil),CC0 / Public Domain,https://creativecommons.org/publicdomain/zero/1.0/,2026-09-23,18f09d1ff37bac4acb632a5b3eaf5e84c4c024919a607e1598df2aec547dd07f,soil_ground
SRC-04,Kaggle Soil Types,D:\CropDiseaseProject\data\non_leaf_negatives\soil_ground\SRC-04_soil_ground_cdc0fa4fe4f7.jpg,https://raw.githubusercontent.com/Shushanth101/Soil-Types-Dataset/main/test/Red_soil/0660501338.jpeg,Shushanth (Red Soil),CC0 / Public Domain,https://creativecommons.org/publicdomain/zero/1.0/,2026-09-23,cdc0fa4fe4f7aeccc7f235d7e179d3a650883a7ebef9e43b02fbcbf934c0ecbe,soil_ground
SRC-04,Kaggle Soil Types,D:\CropDiseaseProject\data\non_leaf_negatives\soil_ground\SRC-04_soil_ground_bcd4ae94b5f6.jpg,https://raw.githubusercontent.com/Shushanth101/Soil-Types-Dataset/main/test/Red_soil/0678771600.jpeg,Shushanth (Red Soil),CC0 / Public Domain,https://creativecommons.org/publicdomain/zero/1.0/,2026-09-23,bcd4ae94b5f66ae4aacb2a7046f4bbdfcc8fae43d709cd468d111d2ec8a6c131,soil_ground
SRC-04,Kaggle Soil Types,D:\CropDiseaseProject\data\non_leaf_negatives\soil_ground\SRC-04_soil_ground_ff7aaf2d792c.jpg,https://raw.githubusercontent.com/Shushanth101/Soil-Types-Dataset/main/test/Red_soil/0679091714.jpeg,Shushanth (Red Soil),CC0 / Public Domain,https://creativecommons.org/publicdomain/zero/1.0/,2026-09-23,ff7aaf2d792caeee30fe41902751c0c0d468f510bc3d8ac49fef51a55f9d72a7,soil_ground
SRC-04,Kaggle Soil Types,D:\CropDiseaseProject\data\non_leaf_negatives\soil_ground\SRC-04_soil_ground_39d7b0944477.jpg,https://raw.githubusercontent.com/Shushanth101/Soil-Types-Dataset/main/test/Red_soil/0710964903.jpg,Shushanth (Red Soil),CC0 / Public Domain,https://creativecommons.org/publicdomain/zero/1.0/,2026-09-23,39d7b0944477c48f904ca1ddfa99ff5fa8e7197ef033640ad59e7ff9dca6eb21,soil_ground
SRC-04,Kaggle Soil Types,D:\CropDiseaseProject\data\non_leaf_negatives\soil_ground\SRC-04_soil_ground_e28cd8491d1c.jpg,https://raw.githubusercontent.com/Shushanth101/Soil-Types-Dataset/main/test/Red_soil/0712020795.jpeg,Shushanth (Red Soil),CC0 / Public Domain,https://creativecommons.org/publicdomain/zero/1.0/,2026-09-23,e28cd8491d1c80077da4596681c13d43f65b8406ade7e177c08b2bef0f45d895,soil_ground
SRC-04,Kaggle Soil Types,D:\CropDiseaseProject\data\non_leaf_negatives\soil_ground\SRC-04_soil_ground_2dad16d65270.jpg,https://raw.githubusercontent.com/Shushanth101/Soil-Types-Dataset/main/test/Red_soil/0718743088.jpeg,Shushanth (Red Soil),CC0 / Public Domain,https://creativecommons.org/publicdomain/zero/1.0/,2026-09-23,2dad16d6527022e1368bc3094e34e7b4cc7bed2044a9822c70882918dfc333e5,soil_ground
SRC-04,Kaggle Soil Types,D:\CropDiseaseProject\data\non_leaf_negatives\soil_ground\SRC-04_soil_ground_46d0f4274a74.jpg,https://raw.githubusercontent.com/Shushanth101/Soil-Types-Dataset/main/test/Red_soil/0725083565.jpg,Shushanth (Red Soil),CC0 / Public Domain,https://creativecommons.org/publicdomain/zero/1.0/,2026-09-23,46d0f4274a740e6b04dcdda4a711b6d43a4bfbb73f28240b3d393ec1a09e8902,soil_ground
SRC-04,Kaggle Soil Types,D:\CropDiseaseProject\data\non_leaf_negatives\soil_ground\SRC-04_soil_ground_d422bf958810.jpg,https://raw.githubusercontent.com/Shushanth101/Soil-Types-Dataset/main/test/Red_soil/0739319545.jpeg,Shushanth (Red Soil),CC0 / Public Domain,https://creativecommons.org/publicdomain/zero/1.0/,2026-09-23,d422bf958810f6550952f555fc4fd61f687fa9e207bb4068239b7db45101cdff,soil_ground
SRC-04,Kaggle Soil Types,D:\CropDiseaseProject\data\non_leaf_negatives\soil_ground\SRC-04_soil_ground_5247b3252b99.jpg,https://raw.githubusercontent.com/Shushanth101/Soil-Types-Dataset/main/test/Red_soil/0743968543.jpeg,Shushanth (Red Soil),CC0 / Public Domain,https://creativecommons.org/publicdomain/zero/1.0/,2026-09-23,5247b3252b9977d8da1e2dac940a09018382838d4887a872e85aa9285977ce65,soil_ground
SRC-04,Kaggle Soil Types,D:\CropDiseaseProject\data\non_leaf_negatives\soil_ground\SRC-04_soil_ground_ffdf65b2c827.jpg,https://raw.githubusercontent.com/Shushanth101/Soil-Types-Dataset/main/test/Red_soil/0744496303.jpeg,Shushanth (Red Soil),CC0 / Public Domain,https://creativecommons.org/publicdomain/zero/1.0/,2026-09-23,ffdf65b2c82743a0bae8855c4cd5264eba2ca24bb5e6083a99782c6e3a38374a,soil_ground
SRC-04,Kaggle Soil Types,D:\CropDiseaseProject\data\non_leaf_negatives\soil_ground\SRC-04_soil_ground_37625fde04ec.jpg,https://raw.githubusercontent.com/Shushanth101/Soil-Types-Dataset/main/test/Red_soil/0750015490.jpeg,Shushanth (Red Soil),CC0 / Public Domain,https://creativecommons.org/publicdomain/zero/1.0/,2026-09-23,37625fde04ec3476d7df10e88706aa01609d9b6bfce1d1b317c4533b70ca49d8,soil_ground
SRC-04,Kaggle Soil Types,D:\CropDiseaseProject\data\non_leaf_negatives\soil_ground\SRC-04_soil_ground_44afddffa3d0.jpg,https://raw.githubusercontent.com/Shushanth101/Soil-Types-Dataset/main/test/Red_soil/0772991667.jpeg,Shushanth (Red Soil),CC0 / Public Domain,https://creativecommons.org/publicdomain/zero/1.0/,2026-09-23,44afddffa3d04bab30b615cda07b4d656cc7d58b205f5cca0e44016bce5c10fd,soil_ground
SRC-04,Kaggle Soil Types,D:\CropDiseaseProject\data\non_leaf_negatives\soil_ground\SRC-04_soil_ground_29ee7ee3629e.jpg,https://raw.githubusercontent.com/Shushanth101/Soil-Types-Dataset/main/test/Red_soil/0789714684.jpg,Shushanth (Red Soil),CC0 / Public Domain,https://creativecommons.org/publicdomain/zero/1.0/,2026-09-23,29ee7ee3629e9f054e8ac1ff97d34751a7838d7acb1daa6d6f4f338a9abd5a10,soil_ground
SRC-04,Kaggle Soil Types,D:\CropDiseaseProject\data\non_leaf_negatives\soil_ground\SRC-04_soil_ground_bc7060a3276f.jpg,https://raw.githubusercontent.com/Shushanth101/Soil-Types-Dataset/main/test/Red_soil/0797673087.jpeg,Shushanth (Red Soil),CC0 / Public Domain,https://creativecommons.org/publicdomain/zero/1.0/,2026-09-23,bc7060a3276f0f7ad7e6e4618da5212f45faa495e0708ffb4085d0cf499074d5,soil_ground
SRC-04,Kaggle Soil Types,D:\CropDiseaseProject\data\non_leaf_negatives\soil_ground\SRC-04_soil_ground_96116dbf650e.jpg,https://raw.githubusercontent.com/Shushanth101/Soil-Types-Dataset/main/test/Red_soil/0800807113.jpeg,Shushanth (Red Soil),CC0 / Public Domain,https://creativecommons.org/publicdomain/zero/1.0/,2026-09-23,96116dbf650e4110d1421147ad8224ee21ef8d6016775a306337854067747c79,soil_ground
SRC-04,Kaggle Soil Types,D:\CropDiseaseProject\data\non_leaf_negatives\soil_ground\SRC-04_soil_ground_39c13c371328.jpg,https://raw.githubusercontent.com/Shushanth101/Soil-Types-Dataset/main/test/Red_soil/0803490527.jpg,Shushanth (Red Soil),CC0 / Public Domain,https://creativecommons.org/publicdomain/zero/1.0/,2026-09-23,39c13c371328ae1c01e33ea93ca9df6f904c52292b8bf0fa61dd67fa23226e43,soil_ground
SRC-04,Kaggle Soil Types,D:\CropDiseaseProject\data\non_leaf_negatives\soil_ground\SRC-04_soil_ground_6af8ccc47226.jpg,https://raw.githubusercontent.com/Shushanth101/Soil-Types-Dataset/main/test/Red_soil/0808085426.jpeg,Shushanth (Red Soil),CC0 / Public Domain,https://creativecommons.org/publicdomain/zero/1.0/,2026-09-23,6af8ccc472269206665c1da77d54d3f16fc555dc1c5228279bab493bee52594b,soil_ground
SRC-04,Kaggle Soil Types,D:\CropDiseaseProject\data\non_leaf_negatives\soil_ground\SRC-04_soil_ground_d5a1b0f607a8.jpg,https://raw.githubusercontent.com/Shushanth101/Soil-Types-Dataset/main/test/Red_soil/0811852481.jpeg,Shushanth (Red Soil),CC0 / Public Domain,https://creativecommons.org/publicdomain/zero/1.0/,2026-09-23,d5a1b0f607a8202d0db8502f951c53a9af61923c21e5a610aeac5a15ae9a4448,soil_ground
SRC-04,Kaggle Soil Types,D:\CropDiseaseProject\data\non_leaf_negatives\soil_ground\SRC-04_soil_ground_4888068750a5.jpg,https://raw.githubusercontent.com/Shushanth101/Soil-Types-Dataset/main/test/Red_soil/0814088776.jpeg,Shushanth (Red Soil),CC0 / Public Domain,https://creativecommons.org/publicdomain/zero/1.0/,2026-09-23,4888068750a5ae159608840ce7612f98c9045950ecc58b22db6a7f6a7a324809,soil_ground
SRC-04,Kaggle Soil Types,D:\CropDiseaseProject\data\non_leaf_negatives\soil_ground\SRC-04_soil_ground_44b39ec77aa8.jpg,https://raw.githubusercontent.com/Shushanth101/Soil-Types-Dataset/main/test/Red_soil/0827318461.jpeg,Shushanth (Red Soil),CC0 / Public Domain,https://creativecommons.org/publicdomain/zero/1.0/,2026-09-23,44b39ec77aa83c3f6f7fb4bbd4a14fcaa797abadc75b7e7ab7f4bd22e2ad32b4,soil_ground
SRC-04,Kaggle Soil Types,D:\CropDiseaseProject\data\non_leaf_negatives\soil_ground\SRC-04_soil_ground_1ed55e07bb26.jpg,https://raw.githubusercontent.com/Shushanth101/Soil-Types-Dataset/main/test/Red_soil/0830680882.jpeg,Shushanth (Red Soil),CC0 / Public Domain,https://creativecommons.org/publicdomain/zero/1.0/,2026-09-23,1ed55e07bb261db8e9826dd20de686ed4cf24d94a9e8f4b287b9f16a6476ab76,soil_ground
SRC-04,Kaggle Soil Types,D:\CropDiseaseProject\data\non_leaf_negatives\soil_ground\SRC-04_soil_ground_90bbeecce992.jpg,https://raw.githubusercontent.com/Shushanth101/Soil-Types-Dataset/main/test/Red_soil/0835040831.jpeg,Shushanth (Red Soil),CC0 / Public Domain,https://creativecommons.org/publicdomain/zero/1.0/,2026-09-23,90bbeecce9924e3fe8bda1a3ae05d773d7dcf56719678c233c63e7adeb0774ef,soil_ground
SRC-04,Kaggle Soil Types,D:\CropDiseaseProject\data\non_leaf_negatives\soil_ground\SRC-04_soil_ground_42d745945eba.jpg,https://raw.githubusercontent.com/Shushanth101/Soil-Types-Dataset/main/train/Red_soil/0021098262.jpeg,Shushanth (Red Soil),CC0 / Public Domain,https://creativecommons.org/publicdomain/zero/1.0/,2026-09-23,42d745945eba8b6ae7938edb9da036c6116141c68ac9f14770f41a586b9015a2,soil_ground
SRC-04,Kaggle Soil Types,D:\CropDiseaseProject\data\non_leaf_negatives\soil_ground\SRC-04_soil_ground_4f51d02bc075.jpg,https://raw.githubusercontent.com/Shushanth101/Soil-Types-Dataset/main/train/Red_soil/0021370589.jpeg,Shushanth (Red Soil),CC0 / Public Domain,https://creativecommons.org/publicdomain/zero/1.0/,2026-09-23,4f51d02bc075d4bc99f756d1502be3a932e3ed0374a28a8124876dc3ffcb4190,soil_ground
SRC-04,Kaggle Soil Types,D:\CropDiseaseProject\data\non_leaf_negatives\soil_ground\SRC-04_soil_ground_46e8a97ec774.jpg,https://raw.githubusercontent.com/Shushanth101/Soil-Types-Dataset/main/train/Red_soil/0026961867.jpeg,Shushanth (Red Soil),CC0 / Public Domain,https://creativecommons.org/publicdomain/zero/1.0/,2026-09-23,46e8a97ec774c5c9008dabaf5765b9e1a890ee0eb6897007102eff972aeead82,soil_ground
SRC-04,Kaggle Soil Types,D:\CropDiseaseProject\data\non_leaf_negatives\soil_ground\SRC-04_soil_ground_8325250b9d04.jpg,https://raw.githubusercontent.com/Shushanth101/Soil-Types-Dataset/main/train/Red_soil/0031542842.jpeg,Shushanth (Red Soil),CC0 / Public Domain,https://creativecommons.org/publicdomain/zero/1.0/,2026-09-23,8325250b9d042a4928df5a008d2ec88d3c5d14c54faa90f46667015066c235ac,soil_ground
SRC-04,Kaggle Soil Types,D:\CropDiseaseProject\data\non_leaf_negatives\soil_ground\SRC-04_soil_ground_92d8804a60c7.jpg,https://raw.githubusercontent.com/Shushanth101/Soil-Types-Dataset/main/train/Red_soil/0034901688.jpeg,Shushanth (Red Soil),CC0 / Public Domain,https://creativecommons.org/publicdomain/zero/1.0/,2026-09-23,92d8804a60c7a6c29991552a26eab2e055138fb15076054865d8bec8526eb81f,soil_ground
SRC-04,Kaggle Soil Types,D:\CropDiseaseProject\data\non_leaf_negatives\soil_ground\SRC-04_soil_ground_9e7194ac8efa.jpg,https://raw.githubusercontent.com/Shushanth101/Soil-Types-Dataset/main/train/Red_soil/0067976163.jpeg,Shushanth (Red Soil),CC0 / Public Domain,https://creativecommons.org/publicdomain/zero/1.0/,2026-09-23,9e7194ac8efa58ce5122945f650f1b063384731c6f1aa2f8f1ef9a040c335790,soil_ground
SRC-04,Kaggle Soil Types,D:\CropDiseaseProject\data\non_leaf_negatives\soil_ground\SRC-04_soil_ground_ab5777b2888b.jpg,https://raw.githubusercontent.com/Shushanth101/Soil-Types-Dataset/main/train/Red_soil/0085049147.jpeg,Shushanth (Red Soil),CC0 / Public Domain,https://creativecommons.org/publicdomain/zero/1.0/,2026-09-23,ab5777b2888bd198f6f43eb0b0b51c9a2932a5c13163644474cb7666f760f82d,soil_ground
SRC-04,Kaggle Soil Types,D:\CropDiseaseProject\data\non_leaf_negatives\soil_ground\SRC-04_soil_ground_a1abf516fb36.jpg,https://raw.githubusercontent.com/Shushanth101/Soil-Types-Dataset/main/train/Red_soil/0085396749.jpeg,Shushanth (Red Soil),CC0 / Public Domain,https://creativecommons.org/publicdomain/zero/1.0/,2026-09-23,a1abf516fb36d31ee5a9e2540e8649ca9169897e0fcfdc860520e522e67e1440,soil_ground
SRC-04,Kaggle Soil Types,D:\CropDiseaseProject\data\non_leaf_negatives\soil_ground\SRC-04_soil_ground_57ba7696d739.jpg,https://raw.githubusercontent.com/Shushanth101/Soil-Types-Dataset/main/train/Red_soil/0086731915.jpeg,Shushanth (Red Soil),CC0 / Public Domain,https://creativecommons.org/publicdomain/zero/1.0/,2026-09-23,57ba7696d73981e14d0e4efa224efc57c35cabde3311c0c9548df1fe014ba7b0,soil_ground
SRC-04,Kaggle Soil Types,D:\CropDiseaseProject\data\non_leaf_negatives\soil_ground\SRC-04_soil_ground_ce451da89586.jpg,https://raw.githubusercontent.com/Shushanth101/Soil-Types-Dataset/main/train/Red_soil/0090590759.jpeg,Shushanth (Red Soil),CC0 / Public Domain,https://creativecommons.org/publicdomain/zero/1.0/,2026-09-23,ce451da8958629b2af1444eb22840aa0ec5830a153f30028f8f8e9e22a4825c1,soil_ground
SRC-04,Kaggle Soil Types,D:\CropDiseaseProject\data\non_leaf_negatives\soil_ground\SRC-04_soil_ground_21cc1e6f977c.jpg,https://raw.githubusercontent.com/Shushanth101/Soil-Types-Dataset/main/train/Red_soil/0110487323.jpeg,Shushanth (Red Soil),CC0 / Public Domain,https://creativecommons.org/publicdomain/zero/1.0/,2026-09-23,21cc1e6f977c4446128f5eaa56f6482a0fd1acb7d22f306ff5b6d91afbc37efd,soil_ground
SRC-04,Kaggle Soil Types,D:\CropDiseaseProject\data\non_leaf_negatives\soil_ground\SRC-04_soil_ground_81cb4e143acb.jpg,https://raw.githubusercontent.com/Shushanth101/Soil-Types-Dataset/main/train/Red_soil/0137466209.jpeg,Shushanth (Red Soil),CC0 / Public Domain,https://creativecommons.org/publicdomain/zero/1.0/,2026-09-23,81cb4e143acb7872a7d5a2266a3d7ad6553842f431853ed249de2426a9063627,soil_ground
SRC-04,Kaggle Soil Types,D:\CropDiseaseProject\data\non_leaf_negatives\soil_ground\SRC-04_soil_ground_57747dacbea1.jpg,https://raw.githubusercontent.com/Shushanth101/Soil-Types-Dataset/main/train/Red_soil/0146888867.jpg,Shushanth (Red Soil),CC0 / Public Domain,https://creativecommons.org/publicdomain/zero/1.0/,2026-09-23,57747dacbea1d5ed7adc4fd4bd35bfaeaf6ff80420fde08fb55f9dd1758802de,soil_ground
SRC-04,Kaggle Soil Types,D:\CropDiseaseProject\data\non_leaf_negatives\soil_ground\SRC-04_soil_ground_590ed4abc9d2.jpg,https://raw.githubusercontent.com/Shushanth101/Soil-Types-Dataset/main/train/Red_soil/0165561064.jpeg,Shushanth (Red Soil),CC0 / Public Domain,https://creativecommons.org/publicdomain/zero/1.0/,2026-09-23,590ed4abc9d27674538e06ccd22916019ffa774e1047d374e77cf725e655d6a8,soil_ground
SRC-04,Kaggle Soil Types,D:\CropDiseaseProject\data\non_leaf_negatives\soil_ground\SRC-04_soil_ground_3dc1b8072dd8.jpg,https://raw.githubusercontent.com/Shushanth101/Soil-Types-Dataset/main/train/Red_soil/0170318597.jpeg,Shushanth (Red Soil),CC0 / Public Domain,https://creativecommons.org/publicdomain/zero/1.0/,2026-09-23,3dc1b8072dd80a9b036d14a184ec9dce4c377084ec5141661bd448a484f27078,soil_ground
SRC-04,Kaggle Soil Types,D:\CropDiseaseProject\data\non_leaf_negatives\soil_ground\SRC-04_soil_ground_f9518134679a.jpg,https://raw.githubusercontent.com/Shushanth101/Soil-Types-Dataset/main/train/Red_soil/0194609351.jpeg,Shushanth (Red Soil),CC0 / Public Domain,https://creativecommons.org/publicdomain/zero/1.0/,2026-09-23,f9518134679a4228963eeb7d1add80bd98d720f47118e8ded776693bde204b27,soil_ground
SRC-04,Kaggle Soil Types,D:\CropDiseaseProject\data\non_leaf_negatives\soil_ground\SRC-04_soil_ground_57440a9fde10.jpg,https://raw.githubusercontent.com/Shushanth101/Soil-Types-Dataset/main/train/Red_soil/0202204720.jpeg,Shushanth (Red Soil),CC0 / Public Domain,https://creativecommons.org/publicdomain/zero/1.0/,2026-09-23,57440a9fde101b6422df6bf7275248271d96b91b982348103c6d268122105211,soil_ground
SRC-04,Kaggle Soil Types,D:\CropDiseaseProject\data\non_leaf_negatives\soil_ground\SRC-04_soil_ground_7f9ee4f8fa05.jpg,https://raw.githubusercontent.com/Shushanth101/Soil-Types-Dataset/main/train/Red_soil/0207128315.jpeg,Shushanth (Red Soil),CC0 / Public Domain,https://creativecommons.org/publicdomain/zero/1.0/,2026-09-23,7f9ee4f8fa05faa87e4b7e00a081e959f2a01b801ea1157e661a749297e87e69,soil_ground
SRC-04,Kaggle Soil Types,D:\CropDiseaseProject\data\non_leaf_negatives\soil_ground\SRC-04_soil_ground_4b9536fb901f.jpg,https://raw.githubusercontent.com/Shushanth101/Soil-Types-Dataset/main/train/Red_soil/0219875781.jpeg,Shushanth (Red Soil),CC0 / Public Domain,https://creativecommons.org/publicdomain/zero/1.0/,2026-09-23,4b9536fb901f25691c785f179d6a2d16bae39a05333336c4e961c1ee1855c3a0,soil_ground
SRC-04,Kaggle Soil Types,D:\CropDiseaseProject\data\non_leaf_negatives\soil_ground\SRC-04_soil_ground_e85ef9a6d61b.jpg,https://raw.githubusercontent.com/Shushanth101/Soil-Types-Dataset/main/train/Red_soil/0226405011.jpeg,Shushanth (Red Soil),CC0 / Public Domain,https://creativecommons.org/publicdomain/zero/1.0/,2026-09-23,e85ef9a6d61b6c695464de8709f9edb90a5041eb90ff9ed3b07ff5332ca45b9d,soil_ground
SRC-05,Fruits-360,D:\CropDiseaseProject\data\non_leaf_negatives\plant_parts_nonleaf\SRC-05_plant_parts_nonleaf_d331303a3f12.jpg,https://github.com/Horea94/Fruit-Images-Dataset/tree/master/Test/Tomato 1/10_100.jpg,Horea Muresan & Mihai Oltean (2018),CC BY-SA 4.0,https://creativecommons.org/licenses/by-sa/4.0/,2026-09-23,d331303a3f127b05bea8a8301a89ce7e5592f4464a7e42d5a1a9fde0e4402c0a,plant_parts_nonleaf
SRC-05,Fruits-360,D:\CropDiseaseProject\data\non_leaf_negatives\plant_parts_nonleaf\SRC-05_plant_parts_nonleaf_ddb7aea6c510.jpg,https://github.com/Horea94/Fruit-Images-Dataset/tree/master/Test/Tomato 1/11_100.jpg,Horea Muresan & Mihai Oltean (2018),CC BY-SA 4.0,https://creativecommons.org/licenses/by-sa/4.0/,2026-09-23,ddb7aea6c5104c249171cd3ef335d38d0f5bdb5cc54056b1efda62bb88ac9a61,plant_parts_nonleaf
SRC-05,Fruits-360,D:\CropDiseaseProject\data\non_leaf_negatives\plant_parts_nonleaf\SRC-05_plant_parts_nonleaf_df9997c555d1.jpg,https://github.com/Horea94/Fruit-Images-Dataset/tree/master/Test/Tomato 1/180_100.jpg,Horea Muresan & Mihai Oltean (2018),CC BY-SA 4.0,https://creativecommons.org/licenses/by-sa/4.0/,2026-09-23,df9997c555d1a9eae3c49aeee2f78b4b53a6b8699b157b68069ed51b3783bafa,plant_parts_nonleaf
SRC-05,Fruits-360,D:\CropDiseaseProject\data\non_leaf_negatives\plant_parts_nonleaf\SRC-05_plant_parts_nonleaf_f7fbc121ca25.jpg,https://github.com/Horea94/Fruit-Images-Dataset/tree/master/Test/Tomato 1/181_100.jpg,Horea Muresan & Mihai Oltean (2018),CC BY-SA 4.0,https://creativecommons.org/licenses/by-sa/4.0/,2026-09-23,f7fbc121ca2503e98a022ee86f128bd161cc57a2eb6f50373ab1137e24c6fde6,plant_parts_nonleaf
SRC-05,Fruits-360,D:\CropDiseaseProject\data\non_leaf_negatives\plant_parts_nonleaf\SRC-05_plant_parts_nonleaf_068b7c0907c4.jpg,https://github.com/Horea94/Fruit-Images-Dataset/tree/master/Test/Tomato 1/182_100.jpg,Horea Muresan & Mihai Oltean (2018),CC BY-SA 4.0,https://creativecommons.org/licenses/by-sa/4.0/,2026-09-23,068b7c0907c4d8b8bdde173bf857a21734bef9fc9d43dac896e5e66ff0b14830,plant_parts_nonleaf
SRC-05,Fruits-360,D:\CropDiseaseProject\data\non_leaf_negatives\plant_parts_nonleaf\SRC-05_plant_parts_nonleaf_05e3130e6845.jpg,https://github.com/Horea94/Fruit-Images-Dataset/tree/master/Test/Tomato 1/183_100.jpg,Horea Muresan & Mihai Oltean (2018),CC BY-SA 4.0,https://creativecommons.org/licenses/by-sa/4.0/,2026-09-23,05e3130e6845cd611e3fcb2868a8a93bfe0496a127b4b8b2373cb903ae618e41,plant_parts_nonleaf
SRC-05,Fruits-360,D:\CropDiseaseProject\data\non_leaf_negatives\plant_parts_nonleaf\SRC-05_plant_parts_nonleaf_62b68d1f1467.jpg,https://github.com/Horea94/Fruit-Images-Dataset/tree/master/Test/Tomato 1/184_100.jpg,Horea Muresan & Mihai Oltean (2018),CC BY-SA 4.0,https://creativecommons.org/licenses/by-sa/4.0/,2026-09-23,62b68d1f14674c9cd83e86e39c3b9d0fe362344f98cff44343ff03ed091ab283,plant_parts_nonleaf
SRC-05,Fruits-360,D:\CropDiseaseProject\data\non_leaf_negatives\plant_parts_nonleaf\SRC-05_plant_parts_nonleaf_e8b35dc6d29f.jpg,https://github.com/Horea94/Fruit-Images-Dataset/tree/master/Test/Tomato 1/185_100.jpg,Horea Muresan & Mihai Oltean (2018),CC BY-SA 4.0,https://creativecommons.org/licenses/by-sa/4.0/,2026-09-23,e8b35dc6d29f9efaea2b9c0b48c7fee474be8b16f441f5a53820ca5711eba4c2,plant_parts_nonleaf
SRC-05,Fruits-360,D:\CropDiseaseProject\data\non_leaf_negatives\plant_parts_nonleaf\SRC-05_plant_parts_nonleaf_33646fd881dd.jpg,https://github.com/Horea94/Fruit-Images-Dataset/tree/master/Test/Tomato 1/186_100.jpg,Horea Muresan & Mihai Oltean (2018),CC BY-SA 4.0,https://creativecommons.org/licenses/by-sa/4.0/,2026-09-23,33646fd881dd446dc8499e188d8cca54f1915e36ef28f7d3ffb5acb9c23ab5a2,plant_parts_nonleaf
SRC-05,Fruits-360,D:\CropDiseaseProject\data\non_leaf_negatives\plant_parts_nonleaf\SRC-05_plant_parts_nonleaf_ac1646b126eb.jpg,https://github.com/Horea94/Fruit-Images-Dataset/tree/master/Test/Tomato 1/187_100.jpg,Horea Muresan & Mihai Oltean (2018),CC BY-SA 4.0,https://creativecommons.org/licenses/by-sa/4.0/,2026-09-23,ac1646b126eb731a2ca23a31ac10324da0bfdddb065d6171a07c27b463d448a2,plant_parts_nonleaf
SRC-05,Fruits-360,D:\CropDiseaseProject\data\non_leaf_negatives\plant_parts_nonleaf\SRC-05_plant_parts_nonleaf_a82c78e5b9ba.jpg,https://github.com/Horea94/Fruit-Images-Dataset/tree/master/Test/Tomato 1/188_100.jpg,Horea Muresan & Mihai Oltean (2018),CC BY-SA 4.0,https://creativecommons.org/licenses/by-sa/4.0/,2026-09-23,a82c78e5b9bafc7ff30b59a082c5ee603204b723950403da21f4949697220cc2,plant_parts_nonleaf
SRC-05,Fruits-360,D:\CropDiseaseProject\data\non_leaf_negatives\plant_parts_nonleaf\SRC-05_plant_parts_nonleaf_3103a9d484b5.jpg,https://github.com/Horea94/Fruit-Images-Dataset/tree/master/Test/Tomato 1/189_100.jpg,Horea Muresan & Mihai Oltean (2018),CC BY-SA 4.0,https://creativecommons.org/licenses/by-sa/4.0/,2026-09-23,3103a9d484b5fc20a4a3a3b341549fedfcf140792c2009288dec6e9d6a9f8a47,plant_parts_nonleaf
SRC-05,Fruits-360,D:\CropDiseaseProject\data\non_leaf_negatives\plant_parts_nonleaf\SRC-05_plant_parts_nonleaf_8912f660c327.jpg,https://github.com/Horea94/Fruit-Images-Dataset/tree/master/Test/Tomato 1/190_100.jpg,Horea Muresan & Mihai Oltean (2018),CC BY-SA 4.0,https://creativecommons.org/licenses/by-sa/4.0/,2026-09-23,8912f660c3273eb8c61222f04df06375d509f908a8bc0072e8d33a1455416e17,plant_parts_nonleaf
SRC-05,Fruits-360,D:\CropDiseaseProject\data\non_leaf_negatives\plant_parts_nonleaf\SRC-05_plant_parts_nonleaf_de1ce12f7ebb.jpg,https://github.com/Horea94/Fruit-Images-Dataset/tree/master/Test/Tomato 1/191_100.jpg,Horea Muresan & Mihai Oltean (2018),CC BY-SA 4.0,https://creativecommons.org/licenses/by-sa/4.0/,2026-09-23,de1ce12f7ebbc008cdeb87d2700782f8e94b898843458b755b3159cd1669b2ee,plant_parts_nonleaf
SRC-05,Fruits-360,D:\CropDiseaseProject\data\non_leaf_negatives\plant_parts_nonleaf\SRC-05_plant_parts_nonleaf_385ef7eed144.jpg,https://github.com/Horea94/Fruit-Images-Dataset/tree/master/Test/Tomato 1/192_100.jpg,Horea Muresan & Mihai Oltean (2018),CC BY-SA 4.0,https://creativecommons.org/licenses/by-sa/4.0/,2026-09-23,385ef7eed14414f77d697f9fd6ddf8260a8af5f0a912e65477af8c81fa1704e6,plant_parts_nonleaf
SRC-05,Fruits-360,D:\CropDiseaseProject\data\non_leaf_negatives\plant_parts_nonleaf\SRC-05_plant_parts_nonleaf_ff40dbdfc379.jpg,https://github.com/Horea94/Fruit-Images-Dataset/tree/master/Test/Tomato 1/193_100.jpg,Horea Muresan & Mihai Oltean (2018),CC BY-SA 4.0,https://creativecommons.org/licenses/by-sa/4.0/,2026-09-23,ff40dbdfc3794e62e4948f89aea666c38f3bda67b9ef089683c661f9849bc90f,plant_parts_nonleaf
SRC-05,Fruits-360,D:\CropDiseaseProject\data\non_leaf_negatives\plant_parts_nonleaf\SRC-05_plant_parts_nonleaf_9cafcfe90a9f.jpg,https://github.com/Horea94/Fruit-Images-Dataset/tree/master/Test/Tomato 1/194_100.jpg,Horea Muresan & Mihai Oltean (2018),CC BY-SA 4.0,https://creativecommons.org/licenses/by-sa/4.0/,2026-09-23,9cafcfe90a9f1d96a89efc8d162e85205269f0becd7a8a59ba6dcb446372ac37,plant_parts_nonleaf
SRC-05,Fruits-360,D:\CropDiseaseProject\data\non_leaf_negatives\plant_parts_nonleaf\SRC-05_plant_parts_nonleaf_51010502fc5d.jpg,https://github.com/Horea94/Fruit-Images-Dataset/tree/master/Test/Tomato 1/195_100.jpg,Horea Muresan & Mihai Oltean (2018),CC BY-SA 4.0,https://creativecommons.org/licenses/by-sa/4.0/,2026-09-23,51010502fc5daebe6acad2d670274781f6c3c12b06d6c9492c9d318929b17fbc,plant_parts_nonleaf
SRC-05,Fruits-360,D:\CropDiseaseProject\data\non_leaf_negatives\plant_parts_nonleaf\SRC-05_plant_parts_nonleaf_d44f74d0365d.jpg,https://github.com/Horea94/Fruit-Images-Dataset/tree/master/Test/Tomato 1/196_100.jpg,Horea Muresan & Mihai Oltean (2018),CC BY-SA 4.0,https://creativecommons.org/licenses/by-sa/4.0/,2026-09-23,d44f74d0365daa19fc4353b5b612abd1e0ff08dc7b06cab45af4520dd1d4c4f4,plant_parts_nonleaf
SRC-05,Fruits-360,D:\CropDiseaseProject\data\non_leaf_negatives\plant_parts_nonleaf\SRC-05_plant_parts_nonleaf_7f7cbdd64321.jpg,https://github.com/Horea94/Fruit-Images-Dataset/tree/master/Test/Tomato 1/197_100.jpg,Horea Muresan & Mihai Oltean (2018),CC BY-SA 4.0,https://creativecommons.org/licenses/by-sa/4.0/,2026-09-23,7f7cbdd64321a438821fa40dd489e303b3b87b4d353f576e2faf333122e33291,plant_parts_nonleaf
SRC-05,Fruits-360,D:\CropDiseaseProject\data\non_leaf_negatives\plant_parts_nonleaf\SRC-05_plant_parts_nonleaf_52cd866deb81.jpg,https://github.com/Horea94/Fruit-Images-Dataset/tree/master/Test/Tomato 2/100_100.jpg,Horea Muresan & Mihai Oltean (2018),CC BY-SA 4.0,https://creativecommons.org/licenses/by-sa/4.0/,2026-09-23,52cd866deb81a7b76e7e6927791d002919a9d85775d15a3b2c59716fb9897c09,plant_parts_nonleaf
SRC-05,Fruits-360,D:\CropDiseaseProject\data\non_leaf_negatives\plant_parts_nonleaf\SRC-05_plant_parts_nonleaf_361c0f3ede30.jpg,https://github.com/Horea94/Fruit-Images-Dataset/tree/master/Test/Tomato 2/101_100.jpg,Horea Muresan & Mihai Oltean (2018),CC BY-SA 4.0,https://creativecommons.org/licenses/by-sa/4.0/,2026-09-23,361c0f3ede300d63598bdbeddd4494a314e5138fe63c883dc150c571e4901d96,plant_parts_nonleaf
SRC-05,Fruits-360,D:\CropDiseaseProject\data\non_leaf_negatives\plant_parts_nonleaf\SRC-05_plant_parts_nonleaf_4b3eedc08b0e.jpg,https://github.com/Horea94/Fruit-Images-Dataset/tree/master/Test/Tomato 2/102_100.jpg,Horea Muresan & Mihai Oltean (2018),CC BY-SA 4.0,https://creativecommons.org/licenses/by-sa/4.0/,2026-09-23,4b3eedc08b0e2a1f2ee42b1c614baaa9554a172c9ef0f4f21dc3f45fea85be45,plant_parts_nonleaf
SRC-05,Fruits-360,D:\CropDiseaseProject\data\non_leaf_negatives\plant_parts_nonleaf\SRC-05_plant_parts_nonleaf_fc153b0ba616.jpg,https://github.com/Horea94/Fruit-Images-Dataset/tree/master/Test/Tomato 2/103_100.jpg,Horea Muresan & Mihai Oltean (2018),CC BY-SA 4.0,https://creativecommons.org/licenses/by-sa/4.0/,2026-09-23,fc153b0ba61647fbe2a4ff9b90dc9c387e9698e78668f84aa8e6980a1bbfb375,plant_parts_nonleaf
SRC-05,Fruits-360,D:\CropDiseaseProject\data\non_leaf_negatives\plant_parts_nonleaf\SRC-05_plant_parts_nonleaf_80c1dfb4c7a4.jpg,https://github.com/Horea94/Fruit-Images-Dataset/tree/master/Test/Tomato 2/104_100.jpg,Horea Muresan & Mihai Oltean (2018),CC BY-SA 4.0,https://creativecommons.org/licenses/by-sa/4.0/,2026-09-23,80c1dfb4c7a44c2b6990f3a7f387230853b0d83ba7f6b687762aeb14d5657a8b,plant_parts_nonleaf
SRC-05,Fruits-360,D:\CropDiseaseProject\data\non_leaf_negatives\plant_parts_nonleaf\SRC-05_plant_parts_nonleaf_0269e62149ae.jpg,https://github.com/Horea94/Fruit-Images-Dataset/tree/master/Test/Tomato 2/105_100.jpg,Horea Muresan & Mihai Oltean (2018),CC BY-SA 4.0,https://creativecommons.org/licenses/by-sa/4.0/,2026-09-23,0269e62149ae2d1f0e6de6af76be4997d1b9edef6c08ff31da08b2d7138c5881,plant_parts_nonleaf
SRC-05,Fruits-360,D:\CropDiseaseProject\data\non_leaf_negatives\plant_parts_nonleaf\SRC-05_plant_parts_nonleaf_4e5b378a19ef.jpg,https://github.com/Horea94/Fruit-Images-Dataset/tree/master/Test/Tomato 2/106_100.jpg,Horea Muresan & Mihai Oltean (2018),CC BY-SA 4.0,https://creativecommons.org/licenses/by-sa/4.0/,2026-09-23,4e5b378a19efa2933bfbdb18838ec900db21efaed22c0ffbe6b11ae817e03c73,plant_parts_nonleaf
SRC-05,Fruits-360,D:\CropDiseaseProject\data\non_leaf_negatives\plant_parts_nonleaf\SRC-05_plant_parts_nonleaf_8bd16095c228.jpg,https://github.com/Horea94/Fruit-Images-Dataset/tree/master/Test/Tomato 2/107_100.jpg,Horea Muresan & Mihai Oltean (2018),CC BY-SA 4.0,https://creativecommons.org/licenses/by-sa/4.0/,2026-09-23,8bd16095c22817a64edf20d6aee905f9bbc92612663e6fa9767beefd8b8bc9d2,plant_parts_nonleaf
SRC-05,Fruits-360,D:\CropDiseaseProject\data\non_leaf_negatives\plant_parts_nonleaf\SRC-05_plant_parts_nonleaf_a1b1c094a945.jpg,https://github.com/Horea94/Fruit-Images-Dataset/tree/master/Test/Tomato 2/108_100.jpg,Horea Muresan & Mihai Oltean (2018),CC BY-SA 4.0,https://creativecommons.org/licenses/by-sa/4.0/,2026-09-23,a1b1c094a945cfd4722e1f4ca8c75ddfbdce81a9e15ea8aecff5850151716e04,plant_parts_nonleaf
SRC-05,Fruits-360,D:\CropDiseaseProject\data\non_leaf_negatives\plant_parts_nonleaf\SRC-05_plant_parts_nonleaf_ae2cc3ceb499.jpg,https://github.com/Horea94/Fruit-Images-Dataset/tree/master/Test/Tomato 2/109_100.jpg,Horea Muresan & Mihai Oltean (2018),CC BY-SA 4.0,https://creativecommons.org/licenses/by-sa/4.0/,2026-09-23,ae2cc3ceb499fdf9b0873f8177cd151858bd01a9568a4f9fb8ce8484666ee6fe,plant_parts_nonleaf
SRC-05,Fruits-360,D:\CropDiseaseProject\data\non_leaf_negatives\plant_parts_nonleaf\SRC-05_plant_parts_nonleaf_eab15d7d2837.jpg,https://github.com/Horea94/Fruit-Images-Dataset/tree/master/Test/Tomato 2/110_100.jpg,Horea Muresan & Mihai Oltean (2018),CC BY-SA 4.0,https://creativecommons.org/licenses/by-sa/4.0/,2026-09-23,eab15d7d28370a8c2497c4e3eae00424157fb7a3f47114e5ee565c5b1e98a62e,plant_parts_nonleaf
SRC-05,Fruits-360,D:\CropDiseaseProject\data\non_leaf_negatives\plant_parts_nonleaf\SRC-05_plant_parts_nonleaf_b258e7688083.jpg,https://github.com/Horea94/Fruit-Images-Dataset/tree/master/Test/Tomato 2/111_100.jpg,Horea Muresan & Mihai Oltean (2018),CC BY-SA 4.0,https://creativecommons.org/licenses/by-sa/4.0/,2026-09-23,b258e7688083c43d04a4cc99d2fce094a9bc40c7f5fcf09ca807488582b64ce2,plant_parts_nonleaf
SRC-05,Fruits-360,D:\CropDiseaseProject\data\non_leaf_negatives\plant_parts_nonleaf\SRC-05_plant_parts_nonleaf_7fe93bcbd510.jpg,https://github.com/Horea94/Fruit-Images-Dataset/tree/master/Test/Tomato 2/112_100.jpg,Horea Muresan & Mihai Oltean (2018),CC BY-SA 4.0,https://creativecommons.org/licenses/by-sa/4.0/,2026-09-23,7fe93bcbd510352d5e92adb640f2b9b2bd08546663a6b593280d34817a656a28,plant_parts_nonleaf
SRC-05,Fruits-360,D:\CropDiseaseProject\data\non_leaf_negatives\plant_parts_nonleaf\SRC-05_plant_parts_nonleaf_ca46cc307b51.jpg,https://github.com/Horea94/Fruit-Images-Dataset/tree/master/Test/Tomato 2/143_100.jpg,Horea Muresan & Mihai Oltean (2018),CC BY-SA 4.0,https://creativecommons.org/licenses/by-sa/4.0/,2026-09-23,ca46cc307b514372580987792162cfe7bfea984942e180a0cbacfbb98c9a2286,plant_parts_nonleaf
SRC-05,Fruits-360,D:\CropDiseaseProject\data\non_leaf_negatives\plant_parts_nonleaf\SRC-05_plant_parts_nonleaf_dfb00482b19d.jpg,https://github.com/Horea94/Fruit-Images-Dataset/tree/master/Test/Tomato 2/147_100.jpg,Horea Muresan & Mihai Oltean (2018),CC BY-SA 4.0,https://creativecommons.org/licenses/by-sa/4.0/,2026-09-23,dfb00482b19d16ce15ab084ddee9cb22b644ca093137d9a386eb42bc2788633a,plant_parts_nonleaf
SRC-05,Fruits-360,D:\CropDiseaseProject\data\non_leaf_negatives\plant_parts_nonleaf\SRC-05_plant_parts_nonleaf_83c8bc648e60.jpg,https://github.com/Horea94/Fruit-Images-Dataset/tree/master/Test/Tomato 2/151_100.jpg,Horea Muresan & Mihai Oltean (2018),CC BY-SA 4.0,https://creativecommons.org/licenses/by-sa/4.0/,2026-09-23,83c8bc648e608c459f90d313313fd5c76caba710e1b26150d6dc8eca9f05aabd,plant_parts_nonleaf
SRC-05,Fruits-360,D:\CropDiseaseProject\data\non_leaf_negatives\plant_parts_nonleaf\SRC-05_plant_parts_nonleaf_7f1eb58f4c31.jpg,https://github.com/Horea94/Fruit-Images-Dataset/tree/master/Test/Tomato 2/156_100.jpg,Horea Muresan & Mihai Oltean (2018),CC BY-SA 4.0,https://creativecommons.org/licenses/by-sa/4.0/,2026-09-23,7f1eb58f4c31fe50fb958b7116f0db0e7fa3dcfb59633112ae524d6cde3c998d,plant_parts_nonleaf
SRC-05,Fruits-360,D:\CropDiseaseProject\data\non_leaf_negatives\plant_parts_nonleaf\SRC-05_plant_parts_nonleaf_96d0580b0548.jpg,https://github.com/Horea94/Fruit-Images-Dataset/tree/master/Test/Tomato 2/158_100.jpg,Horea Muresan & Mihai Oltean (2018),CC BY-SA 4.0,https://creativecommons.org/licenses/by-sa/4.0/,2026-09-23,96d0580b0548fa7c0dbbd2839c7c8cbac95e3030e91a8cdc6a83f7855ff5af5a,plant_parts_nonleaf
SRC-05,Fruits-360,D:\CropDiseaseProject\data\non_leaf_negatives\plant_parts_nonleaf\SRC-05_plant_parts_nonleaf_cf27782b7ffe.jpg,https://github.com/Horea94/Fruit-Images-Dataset/tree/master/Test/Tomato 2/159_100.jpg,Horea Muresan & Mihai Oltean (2018),CC BY-SA 4.0,https://creativecommons.org/licenses/by-sa/4.0/,2026-09-23,cf27782b7ffeadbd2009f73803d4390c3953c0ab322c74a4f22a4093481efff4,plant_parts_nonleaf
SRC-05,Fruits-360,D:\CropDiseaseProject\data\non_leaf_negatives\plant_parts_nonleaf\SRC-05_plant_parts_nonleaf_7e9208b4f84c.jpg,https://github.com/Horea94/Fruit-Images-Dataset/tree/master/Test/Tomato 2/160_100.jpg,Horea Muresan & Mihai Oltean (2018),CC BY-SA 4.0,https://creativecommons.org/licenses/by-sa/4.0/,2026-09-23,7e9208b4f84cc79c7b1d507ef376f09dd91479d26550a9504fcdb263c1eece2b,plant_parts_nonleaf
SRC-05,Fruits-360,D:\CropDiseaseProject\data\non_leaf_negatives\plant_parts_nonleaf\SRC-05_plant_parts_nonleaf_fac678ec0cce.jpg,https://github.com/Horea94/Fruit-Images-Dataset/tree/master/Test/Tomato Cherry Red/192_100.jpg,Horea Muresan & Mihai Oltean (2018),CC BY-SA 4.0,https://creativecommons.org/licenses/by-sa/4.0/,2026-09-23,fac678ec0cce860f6c8878afab03311409b01ffb90c3c71b21481cd0c08d5bbc,plant_parts_nonleaf
SRC-05,Fruits-360,D:\CropDiseaseProject\data\non_leaf_negatives\plant_parts_nonleaf\SRC-05_plant_parts_nonleaf_ca221abff21c.jpg,https://github.com/Horea94/Fruit-Images-Dataset/tree/master/Test/Tomato Cherry Red/194_100.jpg,Horea Muresan & Mihai Oltean (2018),CC BY-SA 4.0,https://creativecommons.org/licenses/by-sa/4.0/,2026-09-23,ca221abff21cbd0d75535a5f4e17ca8b37106595d69c96a6fda7d73d44e001f9,plant_parts_nonleaf
SRC-05,Fruits-360,D:\CropDiseaseProject\data\non_leaf_negatives\plant_parts_nonleaf\SRC-05_plant_parts_nonleaf_29e98c81a964.jpg,https://github.com/Horea94/Fruit-Images-Dataset/tree/master/Test/Tomato Cherry Red/195_100.jpg,Horea Muresan & Mihai Oltean (2018),CC BY-SA 4.0,https://creativecommons.org/licenses/by-sa/4.0/,2026-09-23,29e98c81a964a6f3ad073e46ad3f081c048970f42488b71aaca836922366ce2d,plant_parts_nonleaf
SRC-05,Fruits-360,D:\CropDiseaseProject\data\non_leaf_negatives\plant_parts_nonleaf\SRC-05_plant_parts_nonleaf_f7a8dfb55bc0.jpg,https://github.com/Horea94/Fruit-Images-Dataset/tree/master/Test/Tomato Cherry Red/196_100.jpg,Horea Muresan & Mihai Oltean (2018),CC BY-SA 4.0,https://creativecommons.org/licenses/by-sa/4.0/,2026-09-23,f7a8dfb55bc06563b7322b3ffa0debaae2d801618593a3b9468ccb9bd100124e,plant_parts_nonleaf
SRC-05,Fruits-360,D:\CropDiseaseProject\data\non_leaf_negatives\plant_parts_nonleaf\SRC-05_plant_parts_nonleaf_60f6f8801571.jpg,https://github.com/Horea94/Fruit-Images-Dataset/tree/master/Test/Tomato Cherry Red/198_100.jpg,Horea Muresan & Mihai Oltean (2018),CC BY-SA 4.0,https://creativecommons.org/licenses/by-sa/4.0/,2026-09-23,60f6f8801571ab054da16e8c536822b0ab09752aba2372527207cdf7e880a227,plant_parts_nonleaf
SRC-05,Fruits-360,D:\CropDiseaseProject\data\non_leaf_negatives\plant_parts_nonleaf\SRC-05_plant_parts_nonleaf_f126888f8684.jpg,https://github.com/Horea94/Fruit-Images-Dataset/tree/master/Test/Tomato Cherry Red/19_100.jpg,Horea Muresan & Mihai Oltean (2018),CC BY-SA 4.0,https://creativecommons.org/licenses/by-sa/4.0/,2026-09-23,f126888f86842bdf0b66aa8bc8d28f8a70d6be5dcba44157992865a61ad81efb,plant_parts_nonleaf
SRC-05,Fruits-360,D:\CropDiseaseProject\data\non_leaf_negatives\plant_parts_nonleaf\SRC-05_plant_parts_nonleaf_e24e94da3a81.jpg,https://github.com/Horea94/Fruit-Images-Dataset/tree/master/Test/Tomato Cherry Red/200_100.jpg,Horea Muresan & Mihai Oltean (2018),CC BY-SA 4.0,https://creativecommons.org/licenses/by-sa/4.0/,2026-09-23,e24e94da3a81d24882c6391f4c6351cc04a3a37dc1c96af88eceabd5c72d4d53,plant_parts_nonleaf
SRC-05,Fruits-360,D:\CropDiseaseProject\data\non_leaf_negatives\plant_parts_nonleaf\SRC-05_plant_parts_nonleaf_28c1aa37681e.jpg,https://github.com/Horea94/Fruit-Images-Dataset/tree/master/Test/Tomato Cherry Red/201_100.jpg,Horea Muresan & Mihai Oltean (2018),CC BY-SA 4.0,https://creativecommons.org/licenses/by-sa/4.0/,2026-09-23,28c1aa37681ebac1495a915a68320db174f9d084a7ad84b0674ffdb28b0e462d,plant_parts_nonleaf
SRC-05,Fruits-360,D:\CropDiseaseProject\data\non_leaf_negatives\plant_parts_nonleaf\SRC-05_plant_parts_nonleaf_a31e29e39262.jpg,https://github.com/Horea94/Fruit-Images-Dataset/tree/master/Test/Tomato Cherry Red/202_100.jpg,Horea Muresan & Mihai Oltean (2018),CC BY-SA 4.0,https://creativecommons.org/licenses/by-sa/4.0/,2026-09-23,a31e29e39262994a9b58c7828548b3ab3bb30902b5419cc84e8a06d592cba466,plant_parts_nonleaf
SRC-05,Fruits-360,D:\CropDiseaseProject\data\non_leaf_negatives\plant_parts_nonleaf\SRC-05_plant_parts_nonleaf_43c28b3c331b.jpg,https://github.com/Horea94/Fruit-Images-Dataset/tree/master/Test/Tomato Cherry Red/203_100.jpg,Horea Muresan & Mihai Oltean (2018),CC BY-SA 4.0,https://creativecommons.org/licenses/by-sa/4.0/,2026-09-23,43c28b3c331b0e089f09acdfee83f206b63c8dc319762c8d562b167b01ccc16a,plant_parts_nonleaf
SRC-05,Fruits-360,D:\CropDiseaseProject\data\non_leaf_negatives\plant_parts_nonleaf\SRC-05_plant_parts_nonleaf_42c434bb02f4.jpg,https://github.com/Horea94/Fruit-Images-Dataset/tree/master/Test/Tomato Cherry Red/204_100.jpg,Horea Muresan & Mihai Oltean (2018),CC BY-SA 4.0,https://creativecommons.org/licenses/by-sa/4.0/,2026-09-23,42c434bb02f43323df74f6ee2a8b44eda7443ca301fbe232e51a27fc5404f570,plant_parts_nonleaf
SRC-05,Fruits-360,D:\CropDiseaseProject\data\non_leaf_negatives\plant_parts_nonleaf\SRC-05_plant_parts_nonleaf_3c9a16c58364.jpg,https://github.com/Horea94/Fruit-Images-Dataset/tree/master/Test/Tomato Cherry Red/205_100.jpg,Horea Muresan & Mihai Oltean (2018),CC BY-SA 4.0,https://creativecommons.org/licenses/by-sa/4.0/,2026-09-23,3c9a16c5836490c759c244939e39210508c43cd612e79856767b8745fbd25086,plant_parts_nonleaf
SRC-05,Fruits-360,D:\CropDiseaseProject\data\non_leaf_negatives\plant_parts_nonleaf\SRC-05_plant_parts_nonleaf_7c9bcc71dc2d.jpg,https://github.com/Horea94/Fruit-Images-Dataset/tree/master/Test/Tomato Cherry Red/206_100.jpg,Horea Muresan & Mihai Oltean (2018),CC BY-SA 4.0,https://creativecommons.org/licenses/by-sa/4.0/,2026-09-23,7c9bcc71dc2d5bcb2df05c718a40980d2ec08e69bac53fcbe7abff7ed2fb2d87,plant_parts_nonleaf
SRC-05,Fruits-360,D:\CropDiseaseProject\data\non_leaf_negatives\plant_parts_nonleaf\SRC-05_plant_parts_nonleaf_96edceda6e6c.jpg,https://github.com/Horea94/Fruit-Images-Dataset/tree/master/Test/Tomato Cherry Red/207_100.jpg,Horea Muresan & Mihai Oltean (2018),CC BY-SA 4.0,https://creativecommons.org/licenses/by-sa/4.0/,2026-09-23,96edceda6e6c2527913c55438253df72dcb0cad45099703ee85590a2939d0b19,plant_parts_nonleaf
SRC-05,Fruits-360,D:\CropDiseaseProject\data\non_leaf_negatives\plant_parts_nonleaf\SRC-05_plant_parts_nonleaf_2194ea2f3f3a.jpg,https://github.com/Horea94/Fruit-Images-Dataset/tree/master/Test/Tomato Cherry Red/208_100.jpg,Horea Muresan & Mihai Oltean (2018),CC BY-SA 4.0,https://creativecommons.org/licenses/by-sa/4.0/,2026-09-23,2194ea2f3f3a7fbc6f35a5a49d76fcaf4eca92da49611bd2524317b4a0820879,plant_parts_nonleaf
SRC-05,Fruits-360,D:\CropDiseaseProject\data\non_leaf_negatives\plant_parts_nonleaf\SRC-05_plant_parts_nonleaf_8b6a41bd98de.jpg,https://github.com/Horea94/Fruit-Images-Dataset/tree/master/Test/Tomato Cherry Red/209_100.jpg,Horea Muresan & Mihai Oltean (2018),CC BY-SA 4.0,https://creativecommons.org/licenses/by-sa/4.0/,2026-09-23,8b6a41bd98ded7e8a52af9a7d3c4a0034727299e0469b45a71a68c3d861d3858,plant_parts_nonleaf
SRC-05,Fruits-360,D:\CropDiseaseProject\data\non_leaf_negatives\plant_parts_nonleaf\SRC-05_plant_parts_nonleaf_1e95815874c3.jpg,https://github.com/Horea94/Fruit-Images-Dataset/tree/master/Test/Tomato Cherry Red/20_100.jpg,Horea Muresan & Mihai Oltean (2018),CC BY-SA 4.0,https://creativecommons.org/licenses/by-sa/4.0/,2026-09-23,1e95815874c37e0c35ca71be17b72763a65a5644ab67f10da31c2de919f56ae9,plant_parts_nonleaf
SRC-05,Fruits-360,D:\CropDiseaseProject\data\non_leaf_negatives\plant_parts_nonleaf\SRC-05_plant_parts_nonleaf_07166ec32df8.jpg,https://github.com/Horea94/Fruit-Images-Dataset/tree/master/Test/Tomato Cherry Red/210_100.jpg,Horea Muresan & Mihai Oltean (2018),CC BY-SA 4.0,https://creativecommons.org/licenses/by-sa/4.0/,2026-09-23,07166ec32df8cf8ea7056aa2f36c6153d4048301853d01f3e6ac0fc7a61b90b6,plant_parts_nonleaf
SRC-05,Fruits-360,D:\CropDiseaseProject\data\non_leaf_negatives\plant_parts_nonleaf\SRC-05_plant_parts_nonleaf_18f5c4aa541f.jpg,https://github.com/Horea94/Fruit-Images-Dataset/tree/master/Test/Tomato Cherry Red/211_100.jpg,Horea Muresan & Mihai Oltean (2018),CC BY-SA 4.0,https://creativecommons.org/licenses/by-sa/4.0/,2026-09-23,18f5c4aa541f3d55e4d9737cec6546c5043edad3c7c192b01d250b38150880f6,plant_parts_nonleaf
SRC-05,Fruits-360,D:\CropDiseaseProject\data\non_leaf_negatives\plant_parts_nonleaf\SRC-05_plant_parts_nonleaf_717c59bfaa2f.jpg,https://github.com/Horea94/Fruit-Images-Dataset/tree/master/Test/Tomato Cherry Red/212_100.jpg,Horea Muresan & Mihai Oltean (2018),CC BY-SA 4.0,https://creativecommons.org/licenses/by-sa/4.0/,2026-09-23,717c59bfaa2f05bea113a5dda54deb6486c67590d2960d9969791b74c1acb150,plant_parts_nonleaf
SRC-05,Fruits-360,D:\CropDiseaseProject\data\non_leaf_negatives\plant_parts_nonleaf\SRC-05_plant_parts_nonleaf_d343a9327a83.jpg,https://github.com/Horea94/Fruit-Images-Dataset/tree/master/Test/Grape Blue/107_100.jpg,Horea Muresan & Mihai Oltean (2018),CC BY-SA 4.0,https://creativecommons.org/licenses/by-sa/4.0/,2026-09-23,d343a9327a8397e002ec5b9da30930e673163984c1dad158825fd2612d678fd5,plant_parts_nonleaf
SRC-05,Fruits-360,D:\CropDiseaseProject\data\non_leaf_negatives\plant_parts_nonleaf\SRC-05_plant_parts_nonleaf_36cd627b9808.jpg,https://github.com/Horea94/Fruit-Images-Dataset/tree/master/Test/Grape Blue/111_100.jpg,Horea Muresan & Mihai Oltean (2018),CC BY-SA 4.0,https://creativecommons.org/licenses/by-sa/4.0/,2026-09-23,36cd627b98088b732ae711c95cf369db61d1b3ec282b65d782b6977b8b286cda,plant_parts_nonleaf
SRC-05,Fruits-360,D:\CropDiseaseProject\data\non_leaf_negatives\plant_parts_nonleaf\SRC-05_plant_parts_nonleaf_4160b890cd09.jpg,https://github.com/Horea94/Fruit-Images-Dataset/tree/master/Test/Grape Blue/146_100.jpg,Horea Muresan & Mihai Oltean (2018),CC BY-SA 4.0,https://creativecommons.org/licenses/by-sa/4.0/,2026-09-23,4160b890cd0958d86cd4672c03693bc6cb0a34c5c8f0e95fcc03c85f56ad0b93,plant_parts_nonleaf
SRC-05,Fruits-360,D:\CropDiseaseProject\data\non_leaf_negatives\plant_parts_nonleaf\SRC-05_plant_parts_nonleaf_cb3c2c4eb1ed.jpg,https://github.com/Horea94/Fruit-Images-Dataset/tree/master/Test/Grape Blue/148_100.jpg,Horea Muresan & Mihai Oltean (2018),CC BY-SA 4.0,https://creativecommons.org/licenses/by-sa/4.0/,2026-09-23,cb3c2c4eb1ed11d4de8d017b8167d14b077e18443748739981078564e7b09443,plant_parts_nonleaf
SRC-05,Fruits-360,D:\CropDiseaseProject\data\non_leaf_negatives\plant_parts_nonleaf\SRC-05_plant_parts_nonleaf_0f9daa7139cf.jpg,https://github.com/Horea94/Fruit-Images-Dataset/tree/master/Test/Grape Blue/155_100.jpg,Horea Muresan & Mihai Oltean (2018),CC BY-SA 4.0,https://creativecommons.org/licenses/by-sa/4.0/,2026-09-23,0f9daa7139cf2c4eab4e45290b9290d55392c146a938030bbbf0d0484da8ef1a,plant_parts_nonleaf
SRC-05,Fruits-360,D:\CropDiseaseProject\data\non_leaf_negatives\plant_parts_nonleaf\SRC-05_plant_parts_nonleaf_de5ae68a4634.jpg,https://github.com/Horea94/Fruit-Images-Dataset/tree/master/Test/Grape Blue/156_100.jpg,Horea Muresan & Mihai Oltean (2018),CC BY-SA 4.0,https://creativecommons.org/licenses/by-sa/4.0/,2026-09-23,de5ae68a46345302ffc316876e6179423e781531f8bf9eb2930b0824aa6ae3b6,plant_parts_nonleaf
SRC-05,Fruits-360,D:\CropDiseaseProject\data\non_leaf_negatives\plant_parts_nonleaf\SRC-05_plant_parts_nonleaf_1834ea78433d.jpg,https://github.com/Horea94/Fruit-Images-Dataset/tree/master/Test/Grape Blue/158_100.jpg,Horea Muresan & Mihai Oltean (2018),CC BY-SA 4.0,https://creativecommons.org/licenses/by-sa/4.0/,2026-09-23,1834ea78433d119ff07692af3034ba1422865c55c24eac19c5243190700109b8,plant_parts_nonleaf
SRC-05,Fruits-360,D:\CropDiseaseProject\data\non_leaf_negatives\plant_parts_nonleaf\SRC-05_plant_parts_nonleaf_c85a1bdd2a2f.jpg,https://github.com/Horea94/Fruit-Images-Dataset/tree/master/Test/Grape Blue/159_100.jpg,Horea Muresan & Mihai Oltean (2018),CC BY-SA 4.0,https://creativecommons.org/licenses/by-sa/4.0/,2026-09-23,c85a1bdd2a2f36df20660cd4f826b5907451bb784118be4a4c8ba2dc62388873,plant_parts_nonleaf
SRC-05,Fruits-360,D:\CropDiseaseProject\data\non_leaf_negatives\plant_parts_nonleaf\SRC-05_plant_parts_nonleaf_d73d18c44a99.jpg,https://github.com/Horea94/Fruit-Images-Dataset/tree/master/Test/Grape Blue/160_100.jpg,Horea Muresan & Mihai Oltean (2018),CC BY-SA 4.0,https://creativecommons.org/licenses/by-sa/4.0/,2026-09-23,d73d18c44a99c82ab244d33640ef3d61892512b7f1f8a6acecdc114183daac93,plant_parts_nonleaf
SRC-05,Fruits-360,D:\CropDiseaseProject\data\non_leaf_negatives\plant_parts_nonleaf\SRC-05_plant_parts_nonleaf_37fef2eeac7c.jpg,https://github.com/Horea94/Fruit-Images-Dataset/tree/master/Test/Grape Blue/161_100.jpg,Horea Muresan & Mihai Oltean (2018),CC BY-SA 4.0,https://creativecommons.org/licenses/by-sa/4.0/,2026-09-23,37fef2eeac7cf1bf0040446677a36a44fb90591e7004fbd0fcf7838268dbbcc3,plant_parts_nonleaf
SRC-05,Fruits-360,D:\CropDiseaseProject\data\non_leaf_negatives\plant_parts_nonleaf\SRC-05_plant_parts_nonleaf_d126ff217b7d.jpg,https://github.com/Horea94/Fruit-Images-Dataset/tree/master/Test/Grape Blue/162_100.jpg,Horea Muresan & Mihai Oltean (2018),CC BY-SA 4.0,https://creativecommons.org/licenses/by-sa/4.0/,2026-09-23,d126ff217b7d34772c378fc6dfaebdd061dc3a90fe341eaf09d97263a89667c8,plant_parts_nonleaf
SRC-05,Fruits-360,D:\CropDiseaseProject\data\non_leaf_negatives\plant_parts_nonleaf\SRC-05_plant_parts_nonleaf_1d34d2e37946.jpg,https://github.com/Horea94/Fruit-Images-Dataset/tree/master/Test/Grape Blue/163_100.jpg,Horea Muresan & Mihai Oltean (2018),CC BY-SA 4.0,https://creativecommons.org/licenses/by-sa/4.0/,2026-09-23,1d34d2e3794648909a4b52320f408ccbd2fbce14a764c757ef3ec95a71e3b685,plant_parts_nonleaf
SRC-05,Fruits-360,D:\CropDiseaseProject\data\non_leaf_negatives\plant_parts_nonleaf\SRC-05_plant_parts_nonleaf_c57eecc49d5a.jpg,https://github.com/Horea94/Fruit-Images-Dataset/tree/master/Test/Grape Blue/164_100.jpg,Horea Muresan & Mihai Oltean (2018),CC BY-SA 4.0,https://creativecommons.org/licenses/by-sa/4.0/,2026-09-23,c57eecc49d5a4f5f930517e33f9fa19af19ab595d4153e59d01f4b19758c5519,plant_parts_nonleaf
SRC-05,Fruits-360,D:\CropDiseaseProject\data\non_leaf_negatives\plant_parts_nonleaf\SRC-05_plant_parts_nonleaf_008bb0219bf2.jpg,https://github.com/Horea94/Fruit-Images-Dataset/tree/master/Test/Grape Blue/165_100.jpg,Horea Muresan & Mihai Oltean (2018),CC BY-SA 4.0,https://creativecommons.org/licenses/by-sa/4.0/,2026-09-23,008bb0219bf2512848ba40eefd0588e2b560a2b7fdb6da12c42d5f6fd900968c,plant_parts_nonleaf
SRC-05,Fruits-360,D:\CropDiseaseProject\data\non_leaf_negatives\plant_parts_nonleaf\SRC-05_plant_parts_nonleaf_33123afb6313.jpg,https://github.com/Horea94/Fruit-Images-Dataset/tree/master/Test/Grape Blue/167_100.jpg,Horea Muresan & Mihai Oltean (2018),CC BY-SA 4.0,https://creativecommons.org/licenses/by-sa/4.0/,2026-09-23,33123afb6313d35e6c977d4a758bd5c6e81e4388879fc06c816202904c4c3d11,plant_parts_nonleaf
SRC-05,Fruits-360,D:\CropDiseaseProject\data\non_leaf_negatives\plant_parts_nonleaf\SRC-05_plant_parts_nonleaf_7fc51e0ef36f.jpg,https://github.com/Horea94/Fruit-Images-Dataset/tree/master/Test/Grape Blue/169_100.jpg,Horea Muresan & Mihai Oltean (2018),CC BY-SA 4.0,https://creativecommons.org/licenses/by-sa/4.0/,2026-09-23,7fc51e0ef36fae34ad3c77c943fe218dd01db378415f39077055b5a33fdaf073,plant_parts_nonleaf
SRC-05,Fruits-360,D:\CropDiseaseProject\data\non_leaf_negatives\plant_parts_nonleaf\SRC-05_plant_parts_nonleaf_65df8f9de31d.jpg,https://github.com/Horea94/Fruit-Images-Dataset/tree/master/Test/Grape Blue/170_100.jpg,Horea Muresan & Mihai Oltean (2018),CC BY-SA 4.0,https://creativecommons.org/licenses/by-sa/4.0/,2026-09-23,65df8f9de31dcf8fa46827fe5a9581a9d399f3f8876caa9a64a3b13be22c88a3,plant_parts_nonleaf
SRC-05,Fruits-360,D:\CropDiseaseProject\data\non_leaf_negatives\plant_parts_nonleaf\SRC-05_plant_parts_nonleaf_684a716309b8.jpg,https://github.com/Horea94/Fruit-Images-Dataset/tree/master/Test/Grape Blue/171_100.jpg,Horea Muresan & Mihai Oltean (2018),CC BY-SA 4.0,https://creativecommons.org/licenses/by-sa/4.0/,2026-09-23,684a716309b8c1358f5704f6e732eec9239e9629f04339a7b6958cae78bb4961,plant_parts_nonleaf
SRC-05,Fruits-360,D:\CropDiseaseProject\data\non_leaf_negatives\plant_parts_nonleaf\SRC-05_plant_parts_nonleaf_48f9081dac13.jpg,https://github.com/Horea94/Fruit-Images-Dataset/tree/master/Test/Grape Blue/19_100.jpg,Horea Muresan & Mihai Oltean (2018),CC BY-SA 4.0,https://creativecommons.org/licenses/by-sa/4.0/,2026-09-23,48f9081dac1391914c3decfabf9e6cfa80af2afccc1f46782dcc56db69fc2689,plant_parts_nonleaf
SRC-05,Fruits-360,D:\CropDiseaseProject\data\non_leaf_negatives\plant_parts_nonleaf\SRC-05_plant_parts_nonleaf_3433ae47c21d.jpg,https://github.com/Horea94/Fruit-Images-Dataset/tree/master/Test/Grape Blue/20_100.jpg,Horea Muresan & Mihai Oltean (2018),CC BY-SA 4.0,https://creativecommons.org/licenses/by-sa/4.0/,2026-09-23,3433ae47c21d5bf747931deec92a49273c66e98e9e2a0653fb0c4656f88141a2,plant_parts_nonleaf
SRC-05,Fruits-360,D:\CropDiseaseProject\data\non_leaf_negatives\plant_parts_nonleaf\SRC-05_plant_parts_nonleaf_a58f84d9493d.jpg,https://github.com/Horea94/Fruit-Images-Dataset/tree/master/Test/Grape Pink/321_100.jpg,Horea Muresan & Mihai Oltean (2018),CC BY-SA 4.0,https://creativecommons.org/licenses/by-sa/4.0/,2026-09-23,a58f84d9493d19d5ce93a9ef47693091e4fb321385214c99882919f13a88fb10,plant_parts_nonleaf
SRC-05,Fruits-360,D:\CropDiseaseProject\data\non_leaf_negatives\plant_parts_nonleaf\SRC-05_plant_parts_nonleaf_626c84562fe5.jpg,https://github.com/Horea94/Fruit-Images-Dataset/tree/master/Test/Grape Pink/322_100.jpg,Horea Muresan & Mihai Oltean (2018),CC BY-SA 4.0,https://creativecommons.org/licenses/by-sa/4.0/,2026-09-23,626c84562fe516bebb8b9ceefb915f3022b90e99ef8fa467ca6965e1d820c6f5,plant_parts_nonleaf
SRC-05,Fruits-360,D:\CropDiseaseProject\data\non_leaf_negatives\plant_parts_nonleaf\SRC-05_plant_parts_nonleaf_1d75db77d15c.jpg,https://github.com/Horea94/Fruit-Images-Dataset/tree/master/Test/Grape Pink/323_100.jpg,Horea Muresan & Mihai Oltean (2018),CC BY-SA 4.0,https://creativecommons.org/licenses/by-sa/4.0/,2026-09-23,1d75db77d15c68468a306c778523dddb1783abdd476f5f17f209f4f0d5e07a15,plant_parts_nonleaf
SRC-05,Fruits-360,D:\CropDiseaseProject\data\non_leaf_negatives\plant_parts_nonleaf\SRC-05_plant_parts_nonleaf_5f71d421d481.jpg,https://github.com/Horea94/Fruit-Images-Dataset/tree/master/Test/Grape Pink/324_100.jpg,Horea Muresan & Mihai Oltean (2018),CC BY-SA 4.0,https://creativecommons.org/licenses/by-sa/4.0/,2026-09-23,5f71d421d481341fb237c40b0bf226bcb7e000ac6f6951fc059b0840b25cc45c,plant_parts_nonleaf
SRC-05,Fruits-360,D:\CropDiseaseProject\data\non_leaf_negatives\plant_parts_nonleaf\SRC-05_plant_parts_nonleaf_a3c2f6823274.jpg,https://github.com/Horea94/Fruit-Images-Dataset/tree/master/Test/Grape Pink/325_100.jpg,Horea Muresan & Mihai Oltean (2018),CC BY-SA 4.0,https://creativecommons.org/licenses/by-sa/4.0/,2026-09-23,a3c2f6823274faefda1fc9ace8b22522c2fdf10e55e4158e99f92b3209c84e8e,plant_parts_nonleaf
SRC-05,Fruits-360,D:\CropDiseaseProject\data\non_leaf_negatives\plant_parts_nonleaf\SRC-05_plant_parts_nonleaf_60449d2d35bb.jpg,https://github.com/Horea94/Fruit-Images-Dataset/tree/master/Test/Grape Pink/326_100.jpg,Horea Muresan & Mihai Oltean (2018),CC BY-SA 4.0,https://creativecommons.org/licenses/by-sa/4.0/,2026-09-23,60449d2d35bbbef24fa0019ebafd683068134b27c4d99a7aa25f885dd7dc8fe8,plant_parts_nonleaf
SRC-05,Fruits-360,D:\CropDiseaseProject\data\non_leaf_negatives\plant_parts_nonleaf\SRC-05_plant_parts_nonleaf_1a3a6da3eeb1.jpg,https://github.com/Horea94/Fruit-Images-Dataset/tree/master/Test/Grape Pink/327_100.jpg,Horea Muresan & Mihai Oltean (2018),CC BY-SA 4.0,https://creativecommons.org/licenses/by-sa/4.0/,2026-09-23,1a3a6da3eeb1cf6388f63cdb6434ca25152b181d17058d3655b444922c51f191,plant_parts_nonleaf
SRC-05,Fruits-360,D:\CropDiseaseProject\data\non_leaf_negatives\plant_parts_nonleaf\SRC-05_plant_parts_nonleaf_e5083e617f51.jpg,https://github.com/Horea94/Fruit-Images-Dataset/tree/master/Test/Grape Pink/32_100.jpg,Horea Muresan & Mihai Oltean (2018),CC BY-SA 4.0,https://creativecommons.org/licenses/by-sa/4.0/,2026-09-23,e5083e617f51fa62ffa74ce75e7ccc189114d749105f0b2384604040739c53c6,plant_parts_nonleaf
SRC-05,Fruits-360,D:\CropDiseaseProject\data\non_leaf_negatives\plant_parts_nonleaf\SRC-05_plant_parts_nonleaf_c84f6e70e7b8.jpg,https://github.com/Horea94/Fruit-Images-Dataset/tree/master/Test/Grape Pink/33_100.jpg,Horea Muresan & Mihai Oltean (2018),CC BY-SA 4.0,https://creativecommons.org/licenses/by-sa/4.0/,2026-09-23,c84f6e70e7b8f3109d913bb2b3640b1041a8c1df6eba02048fdfb37cc132c342,plant_parts_nonleaf
SRC-05,Fruits-360,D:\CropDiseaseProject\data\non_leaf_negatives\plant_parts_nonleaf\SRC-05_plant_parts_nonleaf_171e1d2d098e.jpg,https://github.com/Horea94/Fruit-Images-Dataset/tree/master/Test/Grape Pink/34_100.jpg,Horea Muresan & Mihai Oltean (2018),CC BY-SA 4.0,https://creativecommons.org/licenses/by-sa/4.0/,2026-09-23,171e1d2d098ee9aa05a479b0b05df14a4699418aa6d2112dcdcf0d97ca6d4fbf,plant_parts_nonleaf
SRC-05,Fruits-360,D:\CropDiseaseProject\data\non_leaf_negatives\plant_parts_nonleaf\SRC-05_plant_parts_nonleaf_8c5eb098ac3f.jpg,https://github.com/Horea94/Fruit-Images-Dataset/tree/master/Test/Grape Pink/35_100.jpg,Horea Muresan & Mihai Oltean (2018),CC BY-SA 4.0,https://creativecommons.org/licenses/by-sa/4.0/,2026-09-23,8c5eb098ac3fe003aeff8723c031425230c8a160ee8d29514caa1b0de61b7e44,plant_parts_nonleaf
SRC-05,Fruits-360,D:\CropDiseaseProject\data\non_leaf_negatives\plant_parts_nonleaf\SRC-05_plant_parts_nonleaf_55d7b4b4a42e.jpg,https://github.com/Horea94/Fruit-Images-Dataset/tree/master/Test/Grape Pink/36_100.jpg,Horea Muresan & Mihai Oltean (2018),CC BY-SA 4.0,https://creativecommons.org/licenses/by-sa/4.0/,2026-09-23,55d7b4b4a42e06e573df53c11c2582051aa3545aad84e8006db2b6aca8827da9,plant_parts_nonleaf
SRC-05,Fruits-360,D:\CropDiseaseProject\data\non_leaf_negatives\plant_parts_nonleaf\SRC-05_plant_parts_nonleaf_1ca1f0f81cf6.jpg,https://github.com/Horea94/Fruit-Images-Dataset/tree/master/Test/Grape Pink/37_100.jpg,Horea Muresan & Mihai Oltean (2018),CC BY-SA 4.0,https://creativecommons.org/licenses/by-sa/4.0/,2026-09-23,1ca1f0f81cf6db6a7b89780a90048a5bbf918b1c8a8e2250ec6bfdc416ebabe2,plant_parts_nonleaf
SRC-05,Fruits-360,D:\CropDiseaseProject\data\non_leaf_negatives\plant_parts_nonleaf\SRC-05_plant_parts_nonleaf_7feb69414e06.jpg,https://github.com/Horea94/Fruit-Images-Dataset/tree/master/Test/Grape Pink/38_100.jpg,Horea Muresan & Mihai Oltean (2018),CC BY-SA 4.0,https://creativecommons.org/licenses/by-sa/4.0/,2026-09-23,7feb69414e061a296c05337b8ac07e63e2fa0f478dc48eec38d1c8429253a7b7,plant_parts_nonleaf
SRC-05,Fruits-360,D:\CropDiseaseProject\data\non_leaf_negatives\plant_parts_nonleaf\SRC-05_plant_parts_nonleaf_cb752a1064f2.jpg,https://github.com/Horea94/Fruit-Images-Dataset/tree/master/Test/Grape Pink/39_100.jpg,Horea Muresan & Mihai Oltean (2018),CC BY-SA 4.0,https://creativecommons.org/licenses/by-sa/4.0/,2026-09-23,cb752a1064f26c405c0a9c163af469ad13a976c2b7b150f4c7a916f1f997fec0,plant_parts_nonleaf
SRC-05,Fruits-360,D:\CropDiseaseProject\data\non_leaf_negatives\plant_parts_nonleaf\SRC-05_plant_parts_nonleaf_90f20d829d79.jpg,https://github.com/Horea94/Fruit-Images-Dataset/tree/master/Test/Grape Pink/3_100.jpg,Horea Muresan & Mihai Oltean (2018),CC BY-SA 4.0,https://creativecommons.org/licenses/by-sa/4.0/,2026-09-23,90f20d829d798c40d78986c8dce24420f1cd0a98762fe9049e33dbb6a87e6fb9,plant_parts_nonleaf
SRC-05,Fruits-360,D:\CropDiseaseProject\data\non_leaf_negatives\plant_parts_nonleaf\SRC-05_plant_parts_nonleaf_ab0f766ad980.jpg,https://github.com/Horea94/Fruit-Images-Dataset/tree/master/Test/Grape Pink/40_100.jpg,Horea Muresan & Mihai Oltean (2018),CC BY-SA 4.0,https://creativecommons.org/licenses/by-sa/4.0/,2026-09-23,ab0f766ad980cd046fab9ba8f2054f2fb6787d320ac5d7747d63a2e6aaf1e296,plant_parts_nonleaf
SRC-05,Fruits-360,D:\CropDiseaseProject\data\non_leaf_negatives\plant_parts_nonleaf\SRC-05_plant_parts_nonleaf_43555b672caa.jpg,https://github.com/Horea94/Fruit-Images-Dataset/tree/master/Test/Grape Pink/41_100.jpg,Horea Muresan & Mihai Oltean (2018),CC BY-SA 4.0,https://creativecommons.org/licenses/by-sa/4.0/,2026-09-23,43555b672caa92686968b1c986598d8d1afe23b59ca91d84e2eaf0704ebfef0f,plant_parts_nonleaf
SRC-05,Fruits-360,D:\CropDiseaseProject\data\non_leaf_negatives\plant_parts_nonleaf\SRC-05_plant_parts_nonleaf_be84182ae3ed.jpg,https://github.com/Horea94/Fruit-Images-Dataset/tree/master/Test/Grape Pink/42_100.jpg,Horea Muresan & Mihai Oltean (2018),CC BY-SA 4.0,https://creativecommons.org/licenses/by-sa/4.0/,2026-09-23,be84182ae3ed71f5d679d5d9d90596ee3e92a9e9dc626d5c0a25054a8a907ef6,plant_parts_nonleaf
SRC-05,Fruits-360,D:\CropDiseaseProject\data\non_leaf_negatives\plant_parts_nonleaf\SRC-05_plant_parts_nonleaf_e8ccd1204d5b.jpg,https://github.com/Horea94/Fruit-Images-Dataset/tree/master/Test/Grape Pink/43_100.jpg,Horea Muresan & Mihai Oltean (2018),CC BY-SA 4.0,https://creativecommons.org/licenses/by-sa/4.0/,2026-09-23,e8ccd1204d5b17c541834e1cf3ffad42348d53d0b597073c9ba7a5304a1f13e5,plant_parts_nonleaf
SRC-05,Fruits-360,D:\CropDiseaseProject\data\non_leaf_negatives\plant_parts_nonleaf\SRC-05_plant_parts_nonleaf_228845d376d9.jpg,https://github.com/Horea94/Fruit-Images-Dataset/tree/master/Test/Grape White/101_100.jpg,Horea Muresan & Mihai Oltean (2018),CC BY-SA 4.0,https://creativecommons.org/licenses/by-sa/4.0/,2026-09-23,228845d376d935a834231fd7160aaee47da7ac1b9ae624a4731cf207b83d3e11,plant_parts_nonleaf
SRC-05,Fruits-360,D:\CropDiseaseProject\data\non_leaf_negatives\plant_parts_nonleaf\SRC-05_plant_parts_nonleaf_a2f0cc5b04ab.jpg,https://github.com/Horea94/Fruit-Images-Dataset/tree/master/Test/Grape White/102_100.jpg,Horea Muresan & Mihai Oltean (2018),CC BY-SA 4.0,https://creativecommons.org/licenses/by-sa/4.0/,2026-09-23,a2f0cc5b04ab625ee053f4cfa4562e6d5e94e386366263b5cf59c8805b91559a,plant_parts_nonleaf
SRC-05,Fruits-360,D:\CropDiseaseProject\data\non_leaf_negatives\plant_parts_nonleaf\SRC-05_plant_parts_nonleaf_210f1824be2e.jpg,https://github.com/Horea94/Fruit-Images-Dataset/tree/master/Test/Grape White/107_100.jpg,Horea Muresan & Mihai Oltean (2018),CC BY-SA 4.0,https://creativecommons.org/licenses/by-sa/4.0/,2026-09-23,210f1824be2e29e153dde0b68fc84469e748e21f62b7b7b992cd4df49472a0ff,plant_parts_nonleaf
SRC-05,Fruits-360,D:\CropDiseaseProject\data\non_leaf_negatives\plant_parts_nonleaf\SRC-05_plant_parts_nonleaf_ef5ccf771322.jpg,https://github.com/Horea94/Fruit-Images-Dataset/tree/master/Test/Grape White/239_100.jpg,Horea Muresan & Mihai Oltean (2018),CC BY-SA 4.0,https://creativecommons.org/licenses/by-sa/4.0/,2026-09-23,ef5ccf771322ddf7eadfb59b14de1ef955f5def3ace33bb807e30a4ff1c46b06,plant_parts_nonleaf
SRC-05,Fruits-360,D:\CropDiseaseProject\data\non_leaf_negatives\plant_parts_nonleaf\SRC-05_plant_parts_nonleaf_f59fa4f5d891.jpg,https://github.com/Horea94/Fruit-Images-Dataset/tree/master/Test/Grape White/241_100.jpg,Horea Muresan & Mihai Oltean (2018),CC BY-SA 4.0,https://creativecommons.org/licenses/by-sa/4.0/,2026-09-23,f59fa4f5d89194b7df822d6d91c00a3692bd470ef1a1a541853246e39edeefd3,plant_parts_nonleaf
SRC-05,Fruits-360,D:\CropDiseaseProject\data\non_leaf_negatives\plant_parts_nonleaf\SRC-05_plant_parts_nonleaf_344ef35aa9b1.jpg,https://github.com/Horea94/Fruit-Images-Dataset/tree/master/Test/Grape White/243_100.jpg,Horea Muresan & Mihai Oltean (2018),CC BY-SA 4.0,https://creativecommons.org/licenses/by-sa/4.0/,2026-09-23,344ef35aa9b19423fb8a909086016bddcbf670bad5bca5b0285973bb08041d8e,plant_parts_nonleaf
SRC-05,Fruits-360,D:\CropDiseaseProject\data\non_leaf_negatives\plant_parts_nonleaf\SRC-05_plant_parts_nonleaf_49c81f80bfb0.jpg,https://github.com/Horea94/Fruit-Images-Dataset/tree/master/Test/Grape White/244_100.jpg,Horea Muresan & Mihai Oltean (2018),CC BY-SA 4.0,https://creativecommons.org/licenses/by-sa/4.0/,2026-09-23,49c81f80bfb0e4b19b751ed846e0109bfca0e5ac6cef4247b7c021051a8fdda4,plant_parts_nonleaf
SRC-05,Fruits-360,D:\CropDiseaseProject\data\non_leaf_negatives\plant_parts_nonleaf\SRC-05_plant_parts_nonleaf_3820ee3c3f39.jpg,https://github.com/Horea94/Fruit-Images-Dataset/tree/master/Test/Grape White/245_100.jpg,Horea Muresan & Mihai Oltean (2018),CC BY-SA 4.0,https://creativecommons.org/licenses/by-sa/4.0/,2026-09-23,3820ee3c3f394f37cb379e5313a7c41f1c11b0404d6317c83da065775b1a4e84,plant_parts_nonleaf
SRC-05,Fruits-360,D:\CropDiseaseProject\data\non_leaf_negatives\plant_parts_nonleaf\SRC-05_plant_parts_nonleaf_ce30aaaab422.jpg,https://github.com/Horea94/Fruit-Images-Dataset/tree/master/Test/Grape White/246_100.jpg,Horea Muresan & Mihai Oltean (2018),CC BY-SA 4.0,https://creativecommons.org/licenses/by-sa/4.0/,2026-09-23,ce30aaaab422d6b82f38f8b7487c0723fa5faf350c32c71f023fbf3586446c4b,plant_parts_nonleaf
SRC-05,Fruits-360,D:\CropDiseaseProject\data\non_leaf_negatives\plant_parts_nonleaf\SRC-05_plant_parts_nonleaf_ed75e06d4412.jpg,https://github.com/Horea94/Fruit-Images-Dataset/tree/master/Test/Grape White/249_100.jpg,Horea Muresan & Mihai Oltean (2018),CC BY-SA 4.0,https://creativecommons.org/licenses/by-sa/4.0/,2026-09-23,ed75e06d4412c4fb6f1b32c9d023f487b7e43684d72a63f5e479a98b13042d29,plant_parts_nonleaf
SRC-05,Fruits-360,D:\CropDiseaseProject\data\non_leaf_negatives\plant_parts_nonleaf\SRC-05_plant_parts_nonleaf_70545d9278a6.jpg,https://github.com/Horea94/Fruit-Images-Dataset/tree/master/Test/Grape White/251_100.jpg,Horea Muresan & Mihai Oltean (2018),CC BY-SA 4.0,https://creativecommons.org/licenses/by-sa/4.0/,2026-09-23,70545d9278a6ecbaa77222a653645c84611eceeb5be6cfbca2858f11ae6d80e3,plant_parts_nonleaf
SRC-05,Fruits-360,D:\CropDiseaseProject\data\non_leaf_negatives\plant_parts_nonleaf\SRC-05_plant_parts_nonleaf_1bd9952e5a98.jpg,https://github.com/Horea94/Fruit-Images-Dataset/tree/master/Test/Grape White/252_100.jpg,Horea Muresan & Mihai Oltean (2018),CC BY-SA 4.0,https://creativecommons.org/licenses/by-sa/4.0/,2026-09-23,1bd9952e5a984748c858893aac95f6260b3fef837929a62714c1b993ab5eb399,plant_parts_nonleaf
SRC-05,Fruits-360,D:\CropDiseaseProject\data\non_leaf_negatives\plant_parts_nonleaf\SRC-05_plant_parts_nonleaf_33b6c56b671c.jpg,https://github.com/Horea94/Fruit-Images-Dataset/tree/master/Test/Grape White/253_100.jpg,Horea Muresan & Mihai Oltean (2018),CC BY-SA 4.0,https://creativecommons.org/licenses/by-sa/4.0/,2026-09-23,33b6c56b671ca8f210802a91fe9770fb3b95b633d6f14bb7a56bb27d578baf0b,plant_parts_nonleaf
SRC-05,Fruits-360,D:\CropDiseaseProject\data\non_leaf_negatives\plant_parts_nonleaf\SRC-05_plant_parts_nonleaf_302497e5638f.jpg,https://github.com/Horea94/Fruit-Images-Dataset/tree/master/Test/Grape White/255_100.jpg,Horea Muresan & Mihai Oltean (2018),CC BY-SA 4.0,https://creativecommons.org/licenses/by-sa/4.0/,2026-09-23,302497e5638f1a5ed0131d23fd27d67925997dcde547e6b4830b0eb70dd92826,plant_parts_nonleaf
SRC-05,Fruits-360,D:\CropDiseaseProject\data\non_leaf_negatives\plant_parts_nonleaf\SRC-05_plant_parts_nonleaf_c9320a65b091.jpg,https://github.com/Horea94/Fruit-Images-Dataset/tree/master/Test/Grape White/256_100.jpg,Horea Muresan & Mihai Oltean (2018),CC BY-SA 4.0,https://creativecommons.org/licenses/by-sa/4.0/,2026-09-23,c9320a65b091fdbb1b19968526832c68610729d69d983a69f87a02aa0de8dc99,plant_parts_nonleaf
SRC-05,Fruits-360,D:\CropDiseaseProject\data\non_leaf_negatives\plant_parts_nonleaf\SRC-05_plant_parts_nonleaf_06c3270b86d0.jpg,https://github.com/Horea94/Fruit-Images-Dataset/tree/master/Test/Grape White/257_100.jpg,Horea Muresan & Mihai Oltean (2018),CC BY-SA 4.0,https://creativecommons.org/licenses/by-sa/4.0/,2026-09-23,06c3270b86d0f20ca12f065072b16f5dad22a774b1c67b6a86742e45da4bb73c,plant_parts_nonleaf
SRC-05,Fruits-360,D:\CropDiseaseProject\data\non_leaf_negatives\plant_parts_nonleaf\SRC-05_plant_parts_nonleaf_c2e5ee1cac50.jpg,https://github.com/Horea94/Fruit-Images-Dataset/tree/master/Test/Grape White/258_100.jpg,Horea Muresan & Mihai Oltean (2018),CC BY-SA 4.0,https://creativecommons.org/licenses/by-sa/4.0/,2026-09-23,c2e5ee1cac50d76433423e65b38ef84a1ea6c1009ff24995e07776e51bdd48e1,plant_parts_nonleaf
SRC-05,Fruits-360,D:\CropDiseaseProject\data\non_leaf_negatives\plant_parts_nonleaf\SRC-05_plant_parts_nonleaf_b6048834f93d.jpg,https://github.com/Horea94/Fruit-Images-Dataset/tree/master/Test/Grape White/259_100.jpg,Horea Muresan & Mihai Oltean (2018),CC BY-SA 4.0,https://creativecommons.org/licenses/by-sa/4.0/,2026-09-23,b6048834f93daf4812c8893017906009dbb7bd18fc3cc3f1d08822e8e573949f,plant_parts_nonleaf
SRC-05,Fruits-360,D:\CropDiseaseProject\data\non_leaf_negatives\plant_parts_nonleaf\SRC-05_plant_parts_nonleaf_f498103e61d3.jpg,https://github.com/Horea94/Fruit-Images-Dataset/tree/master/Test/Grape White/260_100.jpg,Horea Muresan & Mihai Oltean (2018),CC BY-SA 4.0,https://creativecommons.org/licenses/by-sa/4.0/,2026-09-23,f498103e61d35c541c83899f363a9fb0d5f5d2d25cc32a704a2d8fd1389b327c,plant_parts_nonleaf
SRC-05,Fruits-360,D:\CropDiseaseProject\data\non_leaf_negatives\plant_parts_nonleaf\SRC-05_plant_parts_nonleaf_2bc870c52f87.jpg,https://github.com/Horea94/Fruit-Images-Dataset/tree/master/Test/Grape White/261_100.jpg,Horea Muresan & Mihai Oltean (2018),CC BY-SA 4.0,https://creativecommons.org/licenses/by-sa/4.0/,2026-09-23,2bc870c52f8740bba0a90a2271bcd8d3919ed9e8be5c0a620945bd9140434928,plant_parts_nonleaf
SRC-05,Fruits-360,D:\CropDiseaseProject\data\non_leaf_negatives\plant_parts_nonleaf\SRC-05_plant_parts_nonleaf_83b847835b71.jpg,https://github.com/Horea94/Fruit-Images-Dataset/tree/master/Test/Pepper Red/0_100.jpg,Horea Muresan & Mihai Oltean (2018),CC BY-SA 4.0,https://creativecommons.org/licenses/by-sa/4.0/,2026-09-23,83b847835b71a545a453d525692201cf249832e34a274666bbbbcf77508d4518,plant_parts_nonleaf
SRC-05,Fruits-360,D:\CropDiseaseProject\data\non_leaf_negatives\plant_parts_nonleaf\SRC-05_plant_parts_nonleaf_6667085ae952.jpg,https://github.com/Horea94/Fruit-Images-Dataset/tree/master/Test/Pepper Red/144_100.jpg,Horea Muresan & Mihai Oltean (2018),CC BY-SA 4.0,https://creativecommons.org/licenses/by-sa/4.0/,2026-09-23,6667085ae952c70f8a21f0477efd0a9ea52683b58010627329151a035747df3f,plant_parts_nonleaf
SRC-05,Fruits-360,D:\CropDiseaseProject\data\non_leaf_negatives\plant_parts_nonleaf\SRC-05_plant_parts_nonleaf_35256ff05c0f.jpg,https://github.com/Horea94/Fruit-Images-Dataset/tree/master/Test/Pepper Red/146_100.jpg,Horea Muresan & Mihai Oltean (2018),CC BY-SA 4.0,https://creativecommons.org/licenses/by-sa/4.0/,2026-09-23,35256ff05c0f03b37db69a7d8740ec35966f0683fea75b75a537ab6a1927f99e,plant_parts_nonleaf
SRC-05,Fruits-360,D:\CropDiseaseProject\data\non_leaf_negatives\plant_parts_nonleaf\SRC-05_plant_parts_nonleaf_93d1281b7544.jpg,https://github.com/Horea94/Fruit-Images-Dataset/tree/master/Test/Pepper Red/147_100.jpg,Horea Muresan & Mihai Oltean (2018),CC BY-SA 4.0,https://creativecommons.org/licenses/by-sa/4.0/,2026-09-23,93d1281b754485562a7308eaf73b5e99adaa819b7573f91822a58c0a96267152,plant_parts_nonleaf
SRC-05,Fruits-360,D:\CropDiseaseProject\data\non_leaf_negatives\plant_parts_nonleaf\SRC-05_plant_parts_nonleaf_0955b964b1b7.jpg,https://github.com/Horea94/Fruit-Images-Dataset/tree/master/Test/Pepper Red/148_100.jpg,Horea Muresan & Mihai Oltean (2018),CC BY-SA 4.0,https://creativecommons.org/licenses/by-sa/4.0/,2026-09-23,0955b964b1b7fc9ede9b864dd25802d8fe5b477bdc47fa24d7b555f61c6c5fad,plant_parts_nonleaf
SRC-05,Fruits-360,D:\CropDiseaseProject\data\non_leaf_negatives\plant_parts_nonleaf\SRC-05_plant_parts_nonleaf_7d7e6c507ca7.jpg,https://github.com/Horea94/Fruit-Images-Dataset/tree/master/Test/Pepper Red/149_100.jpg,Horea Muresan & Mihai Oltean (2018),CC BY-SA 4.0,https://creativecommons.org/licenses/by-sa/4.0/,2026-09-23,7d7e6c507ca74d029164c1cadc454691a0a4ee654626e8131fa814d7c4faf8e4,plant_parts_nonleaf
SRC-05,Fruits-360,D:\CropDiseaseProject\data\non_leaf_negatives\plant_parts_nonleaf\SRC-05_plant_parts_nonleaf_b3ccfebd26d8.jpg,https://github.com/Horea94/Fruit-Images-Dataset/tree/master/Test/Pepper Red/150_100.jpg,Horea Muresan & Mihai Oltean (2018),CC BY-SA 4.0,https://creativecommons.org/licenses/by-sa/4.0/,2026-09-23,b3ccfebd26d882d7c5673c21e57658fbb648de0026789cf806476f1d70c831ef,plant_parts_nonleaf
SRC-05,Fruits-360,D:\CropDiseaseProject\data\non_leaf_negatives\plant_parts_nonleaf\SRC-05_plant_parts_nonleaf_18122771c344.jpg,https://github.com/Horea94/Fruit-Images-Dataset/tree/master/Test/Pepper Red/151_100.jpg,Horea Muresan & Mihai Oltean (2018),CC BY-SA 4.0,https://creativecommons.org/licenses/by-sa/4.0/,2026-09-23,18122771c3447b7e422b4531fe3d9c4843e7c9d5005ec8b922253d7e3a0e4860,plant_parts_nonleaf
SRC-05,Fruits-360,D:\CropDiseaseProject\data\non_leaf_negatives\plant_parts_nonleaf\SRC-05_plant_parts_nonleaf_feb7eccb85a5.jpg,https://github.com/Horea94/Fruit-Images-Dataset/tree/master/Test/Pepper Red/152_100.jpg,Horea Muresan & Mihai Oltean (2018),CC BY-SA 4.0,https://creativecommons.org/licenses/by-sa/4.0/,2026-09-23,feb7eccb85a59eea39d8d535d8471734b99c612f720e2045e15d41fabbe5ef89,plant_parts_nonleaf
SRC-05,Fruits-360,D:\CropDiseaseProject\data\non_leaf_negatives\plant_parts_nonleaf\SRC-05_plant_parts_nonleaf_d8c751275c8c.jpg,https://github.com/Horea94/Fruit-Images-Dataset/tree/master/Test/Pepper Red/153_100.jpg,Horea Muresan & Mihai Oltean (2018),CC BY-SA 4.0,https://creativecommons.org/licenses/by-sa/4.0/,2026-09-23,d8c751275c8cd4abff68c9733691309e211481c25a12f74f387a547dbaf4dcd0,plant_parts_nonleaf
SRC-05,Fruits-360,D:\CropDiseaseProject\data\non_leaf_negatives\plant_parts_nonleaf\SRC-05_plant_parts_nonleaf_d7be5a066e58.jpg,https://github.com/Horea94/Fruit-Images-Dataset/tree/master/Test/Pepper Red/154_100.jpg,Horea Muresan & Mihai Oltean (2018),CC BY-SA 4.0,https://creativecommons.org/licenses/by-sa/4.0/,2026-09-23,d7be5a066e588d5acfd989ef26a132b9d45c312e68f2d5d6e2c011cb1c2752e9,plant_parts_nonleaf
SRC-05,Fruits-360,D:\CropDiseaseProject\data\non_leaf_negatives\plant_parts_nonleaf\SRC-05_plant_parts_nonleaf_91fe1946ceaa.jpg,https://github.com/Horea94/Fruit-Images-Dataset/tree/master/Test/Pepper Red/1_100.jpg,Horea Muresan & Mihai Oltean (2018),CC BY-SA 4.0,https://creativecommons.org/licenses/by-sa/4.0/,2026-09-23,91fe1946ceaab80a199ea1e8954d4c5ba9889684f3486ff546ed8f2a8f3d2fb7,plant_parts_nonleaf
SRC-05,Fruits-360,D:\CropDiseaseProject\data\non_leaf_negatives\plant_parts_nonleaf\SRC-05_plant_parts_nonleaf_3763f1925b8e.jpg,https://github.com/Horea94/Fruit-Images-Dataset/tree/master/Test/Pepper Red/211_100.jpg,Horea Muresan & Mihai Oltean (2018),CC BY-SA 4.0,https://creativecommons.org/licenses/by-sa/4.0/,2026-09-23,3763f1925b8e5304024f8bead460eed0bb7e80a7faa895ced216012cbf68eb1d,plant_parts_nonleaf
SRC-05,Fruits-360,D:\CropDiseaseProject\data\non_leaf_negatives\plant_parts_nonleaf\SRC-05_plant_parts_nonleaf_b7104dad26ae.jpg,https://github.com/Horea94/Fruit-Images-Dataset/tree/master/Test/Pepper Red/212_100.jpg,Horea Muresan & Mihai Oltean (2018),CC BY-SA 4.0,https://creativecommons.org/licenses/by-sa/4.0/,2026-09-23,b7104dad26ae3a032fbb636b17372f83a713acb3ed9fed2aad7aae9d0d5e9275,plant_parts_nonleaf
SRC-05,Fruits-360,D:\CropDiseaseProject\data\non_leaf_negatives\plant_parts_nonleaf\SRC-05_plant_parts_nonleaf_0f3c1edfde84.jpg,https://github.com/Horea94/Fruit-Images-Dataset/tree/master/Test/Pepper Red/213_100.jpg,Horea Muresan & Mihai Oltean (2018),CC BY-SA 4.0,https://creativecommons.org/licenses/by-sa/4.0/,2026-09-23,0f3c1edfde8440cef008492207bff1387ea59883b1a7aa284d5af0942e07be7d,plant_parts_nonleaf
SRC-05,Fruits-360,D:\CropDiseaseProject\data\non_leaf_negatives\plant_parts_nonleaf\SRC-05_plant_parts_nonleaf_e628af63b163.jpg,https://github.com/Horea94/Fruit-Images-Dataset/tree/master/Test/Pepper Red/214_100.jpg,Horea Muresan & Mihai Oltean (2018),CC BY-SA 4.0,https://creativecommons.org/licenses/by-sa/4.0/,2026-09-23,e628af63b163cc1978119ca8c9c36414022a5bf8299e4ab92b704e266f35a495,plant_parts_nonleaf
SRC-05,Fruits-360,D:\CropDiseaseProject\data\non_leaf_negatives\plant_parts_nonleaf\SRC-05_plant_parts_nonleaf_26fed77b37f2.jpg,https://github.com/Horea94/Fruit-Images-Dataset/tree/master/Test/Pepper Red/215_100.jpg,Horea Muresan & Mihai Oltean (2018),CC BY-SA 4.0,https://creativecommons.org/licenses/by-sa/4.0/,2026-09-23,26fed77b37f2519391727208b84a688ca1945daa58db93c6ca24c1a6e2aaa396,plant_parts_nonleaf
SRC-05,Fruits-360,D:\CropDiseaseProject\data\non_leaf_negatives\plant_parts_nonleaf\SRC-05_plant_parts_nonleaf_0d6f557b7a66.jpg,https://github.com/Horea94/Fruit-Images-Dataset/tree/master/Test/Pepper Red/217_100.jpg,Horea Muresan & Mihai Oltean (2018),CC BY-SA 4.0,https://creativecommons.org/licenses/by-sa/4.0/,2026-09-23,0d6f557b7a6669126a1ab5667d2fc7c8a00e0cf56876aa302ef096f51ce634bf,plant_parts_nonleaf
SRC-05,Fruits-360,D:\CropDiseaseProject\data\non_leaf_negatives\plant_parts_nonleaf\SRC-05_plant_parts_nonleaf_248d5a945f02.jpg,https://github.com/Horea94/Fruit-Images-Dataset/tree/master/Test/Pepper Red/220_100.jpg,Horea Muresan & Mihai Oltean (2018),CC BY-SA 4.0,https://creativecommons.org/licenses/by-sa/4.0/,2026-09-23,248d5a945f02f0d3dcc7edb328e9b8118e00dd13b697901258e6c709aa315b58,plant_parts_nonleaf
SRC-05,Fruits-360,D:\CropDiseaseProject\data\non_leaf_negatives\plant_parts_nonleaf\SRC-05_plant_parts_nonleaf_d5c429c134a6.jpg,https://github.com/Horea94/Fruit-Images-Dataset/tree/master/Test/Pepper Red/222_100.jpg,Horea Muresan & Mihai Oltean (2018),CC BY-SA 4.0,https://creativecommons.org/licenses/by-sa/4.0/,2026-09-23,d5c429c134a6cf9edba936ada2da40668cfc6d4b57e0c4ea13b8cec0b0588c99,plant_parts_nonleaf
SRC-05,Fruits-360,D:\CropDiseaseProject\data\non_leaf_negatives\plant_parts_nonleaf\SRC-05_plant_parts_nonleaf_94de62185f05.jpg,https://github.com/Horea94/Fruit-Images-Dataset/tree/master/Test/Pepper Green/100_100.jpg,Horea Muresan & Mihai Oltean (2018),CC BY-SA 4.0,https://creativecommons.org/licenses/by-sa/4.0/,2026-09-23,94de62185f057b8007f7bf44155cffeb84816e8b56564d97a852666d6ac54ec5,plant_parts_nonleaf
SRC-05,Fruits-360,D:\CropDiseaseProject\data\non_leaf_negatives\plant_parts_nonleaf\SRC-05_plant_parts_nonleaf_ab8ee86970b5.jpg,https://github.com/Horea94/Fruit-Images-Dataset/tree/master/Test/Pepper Green/101_100.jpg,Horea Muresan & Mihai Oltean (2018),CC BY-SA 4.0,https://creativecommons.org/licenses/by-sa/4.0/,2026-09-23,ab8ee86970b5c3a93aa73a3fc1ca4cd27a87e9af1f30d243a7c46fe1571f559b,plant_parts_nonleaf
SRC-05,Fruits-360,D:\CropDiseaseProject\data\non_leaf_negatives\plant_parts_nonleaf\SRC-05_plant_parts_nonleaf_437bf0755223.jpg,https://github.com/Horea94/Fruit-Images-Dataset/tree/master/Test/Pepper Green/102_100.jpg,Horea Muresan & Mihai Oltean (2018),CC BY-SA 4.0,https://creativecommons.org/licenses/by-sa/4.0/,2026-09-23,437bf07552238dca51947c882dbca00712203fad64501c1a80b500fda42cb494,plant_parts_nonleaf
SRC-05,Fruits-360,D:\CropDiseaseProject\data\non_leaf_negatives\plant_parts_nonleaf\SRC-05_plant_parts_nonleaf_ca7924255a80.jpg,https://github.com/Horea94/Fruit-Images-Dataset/tree/master/Test/Pepper Green/103_100.jpg,Horea Muresan & Mihai Oltean (2018),CC BY-SA 4.0,https://creativecommons.org/licenses/by-sa/4.0/,2026-09-23,ca7924255a8090270173d568c0c3aa5557fd07a465099f49fc0a5af1844e0237,plant_parts_nonleaf
SRC-05,Fruits-360,D:\CropDiseaseProject\data\non_leaf_negatives\plant_parts_nonleaf\SRC-05_plant_parts_nonleaf_17202fb28e14.jpg,https://github.com/Horea94/Fruit-Images-Dataset/tree/master/Test/Pepper Green/104_100.jpg,Horea Muresan & Mihai Oltean (2018),CC BY-SA 4.0,https://creativecommons.org/licenses/by-sa/4.0/,2026-09-23,17202fb28e148a1d92a082e4242f60d8cc9ab740d61d954847d29dda9e51a156,plant_parts_nonleaf
SRC-05,Fruits-360,D:\CropDiseaseProject\data\non_leaf_negatives\plant_parts_nonleaf\SRC-05_plant_parts_nonleaf_ef99e5f0425f.jpg,https://github.com/Horea94/Fruit-Images-Dataset/tree/master/Test/Pepper Green/105_100.jpg,Horea Muresan & Mihai Oltean (2018),CC BY-SA 4.0,https://creativecommons.org/licenses/by-sa/4.0/,2026-09-23,ef99e5f0425fbc945d1b3ecf1097495f4b316c8390334dc32ed54ba801ee6196,plant_parts_nonleaf
SRC-05,Fruits-360,D:\CropDiseaseProject\data\non_leaf_negatives\plant_parts_nonleaf\SRC-05_plant_parts_nonleaf_7d1aeaebb511.jpg,https://github.com/Horea94/Fruit-Images-Dataset/tree/master/Test/Pepper Green/106_100.jpg,Horea Muresan & Mihai Oltean (2018),CC BY-SA 4.0,https://creativecommons.org/licenses/by-sa/4.0/,2026-09-23,7d1aeaebb51104e4116b6a084b3cd6dfc1088eb3b74c224ee6687bdc6bd436b0,plant_parts_nonleaf
SRC-05,Fruits-360,D:\CropDiseaseProject\data\non_leaf_negatives\plant_parts_nonleaf\SRC-05_plant_parts_nonleaf_87c91b591a3e.jpg,https://github.com/Horea94/Fruit-Images-Dataset/tree/master/Test/Pepper Green/107_100.jpg,Horea Muresan & Mihai Oltean (2018),CC BY-SA 4.0,https://creativecommons.org/licenses/by-sa/4.0/,2026-09-23,87c91b591a3ef2eb4e1723f5b6e2a59856e6c50cbc0aeb111fd99507051b1a54,plant_parts_nonleaf
SRC-05,Fruits-360,D:\CropDiseaseProject\data\non_leaf_negatives\plant_parts_nonleaf\SRC-05_plant_parts_nonleaf_f43316823e8a.jpg,https://github.com/Horea94/Fruit-Images-Dataset/tree/master/Test/Pepper Green/108_100.jpg,Horea Muresan & Mihai Oltean (2018),CC BY-SA 4.0,https://creativecommons.org/licenses/by-sa/4.0/,2026-09-23,f43316823e8a2fe742d30faa4729f0fc2e5c0fac626877e1fdfb470270f85248,plant_parts_nonleaf
SRC-05,Fruits-360,D:\CropDiseaseProject\data\non_leaf_negatives\plant_parts_nonleaf\SRC-05_plant_parts_nonleaf_39f7e6cab866.jpg,https://github.com/Horea94/Fruit-Images-Dataset/tree/master/Test/Pepper Green/109_100.jpg,Horea Muresan & Mihai Oltean (2018),CC BY-SA 4.0,https://creativecommons.org/licenses/by-sa/4.0/,2026-09-23,39f7e6cab8665ee63e8ef0adc80b2e4db2fec2c43ad1e841fda0fbe7c039a160,plant_parts_nonleaf
SRC-05,Fruits-360,D:\CropDiseaseProject\data\non_leaf_negatives\plant_parts_nonleaf\SRC-05_plant_parts_nonleaf_94dd45514f64.jpg,https://github.com/Horea94/Fruit-Images-Dataset/tree/master/Test/Pepper Green/110_100.jpg,Horea Muresan & Mihai Oltean (2018),CC BY-SA 4.0,https://creativecommons.org/licenses/by-sa/4.0/,2026-09-23,94dd45514f64ccc237a104ad4ed0a7e970495f1e8950304a9f7ee8919532a343,plant_parts_nonleaf
SRC-05,Fruits-360,D:\CropDiseaseProject\data\non_leaf_negatives\plant_parts_nonleaf\SRC-05_plant_parts_nonleaf_244f8c295848.jpg,https://github.com/Horea94/Fruit-Images-Dataset/tree/master/Test/Pepper Green/113_100.jpg,Horea Muresan & Mihai Oltean (2018),CC BY-SA 4.0,https://creativecommons.org/licenses/by-sa/4.0/,2026-09-23,244f8c295848a145ef130e6326551780c649c15a47167d3c70fe9e2619887dae,plant_parts_nonleaf
SRC-05,Fruits-360,D:\CropDiseaseProject\data\non_leaf_negatives\plant_parts_nonleaf\SRC-05_plant_parts_nonleaf_a973ca27d4be.jpg,https://github.com/Horea94/Fruit-Images-Dataset/tree/master/Test/Pepper Green/114_100.jpg,Horea Muresan & Mihai Oltean (2018),CC BY-SA 4.0,https://creativecommons.org/licenses/by-sa/4.0/,2026-09-23,a973ca27d4be1c71cb7142bb82cccbb15957a5f754910c65169eaeecd930aa31,plant_parts_nonleaf
SRC-05,Fruits-360,D:\CropDiseaseProject\data\non_leaf_negatives\plant_parts_nonleaf\SRC-05_plant_parts_nonleaf_59cde3d941ec.jpg,https://github.com/Horea94/Fruit-Images-Dataset/tree/master/Test/Pepper Green/116_100.jpg,Horea Muresan & Mihai Oltean (2018),CC BY-SA 4.0,https://creativecommons.org/licenses/by-sa/4.0/,2026-09-23,59cde3d941ece453850d525928c6ee61601d8a54cc1351786e3122092eb30b26,plant_parts_nonleaf
SRC-05,Fruits-360,D:\CropDiseaseProject\data\non_leaf_negatives\plant_parts_nonleaf\SRC-05_plant_parts_nonleaf_55c6f5b06d7d.jpg,https://github.com/Horea94/Fruit-Images-Dataset/tree/master/Test/Pepper Green/117_100.jpg,Horea Muresan & Mihai Oltean (2018),CC BY-SA 4.0,https://creativecommons.org/licenses/by-sa/4.0/,2026-09-23,55c6f5b06d7d147b2ef169e6d30af4147cc1edbd46bbf5f3bf3014de5f211aad,plant_parts_nonleaf
SRC-05,Fruits-360,D:\CropDiseaseProject\data\non_leaf_negatives\plant_parts_nonleaf\SRC-05_plant_parts_nonleaf_d65ab1f65ea2.jpg,https://github.com/Horea94/Fruit-Images-Dataset/tree/master/Test/Pepper Green/118_100.jpg,Horea Muresan & Mihai Oltean (2018),CC BY-SA 4.0,https://creativecommons.org/licenses/by-sa/4.0/,2026-09-23,d65ab1f65ea27d8651aafaaa5d51ef01d4547a6241bb4d3d4bb4f03e5877ed06,plant_parts_nonleaf
SRC-05,Fruits-360,D:\CropDiseaseProject\data\non_leaf_negatives\plant_parts_nonleaf\SRC-05_plant_parts_nonleaf_64231b6f60de.jpg,https://github.com/Horea94/Fruit-Images-Dataset/tree/master/Test/Pepper Green/119_100.jpg,Horea Muresan & Mihai Oltean (2018),CC BY-SA 4.0,https://creativecommons.org/licenses/by-sa/4.0/,2026-09-23,64231b6f60de8f265dc1dfe872b94aefd006d747296a1634f9fb1a977e549eae,plant_parts_nonleaf
SRC-05,Fruits-360,D:\CropDiseaseProject\data\non_leaf_negatives\plant_parts_nonleaf\SRC-05_plant_parts_nonleaf_3bc88884391e.jpg,https://github.com/Horea94/Fruit-Images-Dataset/tree/master/Test/Pepper Green/120_100.jpg,Horea Muresan & Mihai Oltean (2018),CC BY-SA 4.0,https://creativecommons.org/licenses/by-sa/4.0/,2026-09-23,3bc88884391ee951edec19649805ad7073581a5c27725880ff757c0bd6e406db,plant_parts_nonleaf
SRC-05,Fruits-360,D:\CropDiseaseProject\data\non_leaf_negatives\plant_parts_nonleaf\SRC-05_plant_parts_nonleaf_9d10fe138bd4.jpg,https://github.com/Horea94/Fruit-Images-Dataset/tree/master/Test/Pepper Green/121_100.jpg,Horea Muresan & Mihai Oltean (2018),CC BY-SA 4.0,https://creativecommons.org/licenses/by-sa/4.0/,2026-09-23,9d10fe138bd404fd581d7eb6090db8ecc94d9f748e578b6df84546b58fc2b074,plant_parts_nonleaf
SRC-05,Fruits-360,D:\CropDiseaseProject\data\non_leaf_negatives\plant_parts_nonleaf\SRC-05_plant_parts_nonleaf_866723f11c25.jpg,https://github.com/Horea94/Fruit-Images-Dataset/tree/master/Test/Pepper Green/122_100.jpg,Horea Muresan & Mihai Oltean (2018),CC BY-SA 4.0,https://creativecommons.org/licenses/by-sa/4.0/,2026-09-23,866723f11c2571b70f16e1cefd944fed4dfe145d706c09dca528ae9631b7bb23,plant_parts_nonleaf
SRC-05,Fruits-360,D:\CropDiseaseProject\data\non_leaf_negatives\plant_parts_nonleaf\SRC-05_plant_parts_nonleaf_41269375d731.jpg,https://github.com/Horea94/Fruit-Images-Dataset/tree/master/Test/Pepper Yellow/125_100.jpg,Horea Muresan & Mihai Oltean (2018),CC BY-SA 4.0,https://creativecommons.org/licenses/by-sa/4.0/,2026-09-23,41269375d7311e7c2491d9b295fd6f0778952aaf5645253a6375f4cbb5c9a8a0,plant_parts_nonleaf
SRC-05,Fruits-360,D:\CropDiseaseProject\data\non_leaf_negatives\plant_parts_nonleaf\SRC-05_plant_parts_nonleaf_189bb18699e0.jpg,https://github.com/Horea94/Fruit-Images-Dataset/tree/master/Test/Pepper Yellow/126_100.jpg,Horea Muresan & Mihai Oltean (2018),CC BY-SA 4.0,https://creativecommons.org/licenses/by-sa/4.0/,2026-09-23,189bb18699e0247c6d8c28fffd4999d08f6621b494062576d0ccdf256533cfab,plant_parts_nonleaf
SRC-05,Fruits-360,D:\CropDiseaseProject\data\non_leaf_negatives\plant_parts_nonleaf\SRC-05_plant_parts_nonleaf_9805a6a84430.jpg,https://github.com/Horea94/Fruit-Images-Dataset/tree/master/Test/Pepper Yellow/127_100.jpg,Horea Muresan & Mihai Oltean (2018),CC BY-SA 4.0,https://creativecommons.org/licenses/by-sa/4.0/,2026-09-23,9805a6a84430c71899a5f6285a89cc9c6e333025a3124e591665a1685b021a52,plant_parts_nonleaf
SRC-05,Fruits-360,D:\CropDiseaseProject\data\non_leaf_negatives\plant_parts_nonleaf\SRC-05_plant_parts_nonleaf_108c18933858.jpg,https://github.com/Horea94/Fruit-Images-Dataset/tree/master/Test/Pepper Yellow/128_100.jpg,Horea Muresan & Mihai Oltean (2018),CC BY-SA 4.0,https://creativecommons.org/licenses/by-sa/4.0/,2026-09-23,108c18933858e6960bf88eb39b406afa5234ac54189e142c10150ac0f3bed02a,plant_parts_nonleaf
SRC-05,Fruits-360,D:\CropDiseaseProject\data\non_leaf_negatives\plant_parts_nonleaf\SRC-05_plant_parts_nonleaf_0252df2897ea.jpg,https://github.com/Horea94/Fruit-Images-Dataset/tree/master/Test/Pepper Yellow/129_100.jpg,Horea Muresan & Mihai Oltean (2018),CC BY-SA 4.0,https://creativecommons.org/licenses/by-sa/4.0/,2026-09-23,0252df2897ea4d426274386986463655dac9309d3cd91a0c6a9a6532999c14e2,plant_parts_nonleaf
SRC-05,Fruits-360,D:\CropDiseaseProject\data\non_leaf_negatives\plant_parts_nonleaf\SRC-05_plant_parts_nonleaf_a32c4af1a022.jpg,https://github.com/Horea94/Fruit-Images-Dataset/tree/master/Test/Pepper Yellow/130_100.jpg,Horea Muresan & Mihai Oltean (2018),CC BY-SA 4.0,https://creativecommons.org/licenses/by-sa/4.0/,2026-09-23,a32c4af1a022588b70acf0c49c634dc760d5b7ed1f2e9a3d8733662f865d80fa,plant_parts_nonleaf
SRC-05,Fruits-360,D:\CropDiseaseProject\data\non_leaf_negatives\plant_parts_nonleaf\SRC-05_plant_parts_nonleaf_fb644dcf95b9.jpg,https://github.com/Horea94/Fruit-Images-Dataset/tree/master/Test/Pepper Yellow/131_100.jpg,Horea Muresan & Mihai Oltean (2018),CC BY-SA 4.0,https://creativecommons.org/licenses/by-sa/4.0/,2026-09-23,fb644dcf95b9ac53f99887f3df2f94359f9be5d307e32ca826917d7f777558d6,plant_parts_nonleaf
SRC-05,Fruits-360,D:\CropDiseaseProject\data\non_leaf_negatives\plant_parts_nonleaf\SRC-05_plant_parts_nonleaf_d47623a3df33.jpg,https://github.com/Horea94/Fruit-Images-Dataset/tree/master/Test/Pepper Yellow/138_100.jpg,Horea Muresan & Mihai Oltean (2018),CC BY-SA 4.0,https://creativecommons.org/licenses/by-sa/4.0/,2026-09-23,d47623a3df3330ba264ace7dc667d8e1704d546bbd8699318c7a482bcd432a99,plant_parts_nonleaf
SRC-05,Fruits-360,D:\CropDiseaseProject\data\non_leaf_negatives\plant_parts_nonleaf\SRC-05_plant_parts_nonleaf_bed8f28302fd.jpg,https://github.com/Horea94/Fruit-Images-Dataset/tree/master/Test/Pepper Yellow/139_100.jpg,Horea Muresan & Mihai Oltean (2018),CC BY-SA 4.0,https://creativecommons.org/licenses/by-sa/4.0/,2026-09-23,bed8f28302fdb006bdaaa671a922debcb19f9f938f8389441f68768d8ed79a6f,plant_parts_nonleaf
SRC-05,Fruits-360,D:\CropDiseaseProject\data\non_leaf_negatives\plant_parts_nonleaf\SRC-05_plant_parts_nonleaf_9fa3ca14d1cc.jpg,https://github.com/Horea94/Fruit-Images-Dataset/tree/master/Test/Pepper Yellow/142_100.jpg,Horea Muresan & Mihai Oltean (2018),CC BY-SA 4.0,https://creativecommons.org/licenses/by-sa/4.0/,2026-09-23,9fa3ca14d1cc4f7ee96204320bf1d26107758e486bdf0695f55b047a9e7a792b,plant_parts_nonleaf
SRC-05,Fruits-360,D:\CropDiseaseProject\data\non_leaf_negatives\plant_parts_nonleaf\SRC-05_plant_parts_nonleaf_9509668fa786.jpg,https://github.com/Horea94/Fruit-Images-Dataset/tree/master/Test/Pepper Yellow/145_100.jpg,Horea Muresan & Mihai Oltean (2018),CC BY-SA 4.0,https://creativecommons.org/licenses/by-sa/4.0/,2026-09-23,9509668fa7863c437bac3a8f66e727136a4e31c00d6bff8f886eb00c26696a04,plant_parts_nonleaf
SRC-05,Fruits-360,D:\CropDiseaseProject\data\non_leaf_negatives\plant_parts_nonleaf\SRC-05_plant_parts_nonleaf_ad4258214fe3.jpg,https://github.com/Horea94/Fruit-Images-Dataset/tree/master/Test/Pepper Yellow/146_100.jpg,Horea Muresan & Mihai Oltean (2018),CC BY-SA 4.0,https://creativecommons.org/licenses/by-sa/4.0/,2026-09-23,ad4258214fe3abc8ac80756ec591352397865295585986059b0df4a135eb712f,plant_parts_nonleaf
SRC-05,Fruits-360,D:\CropDiseaseProject\data\non_leaf_negatives\plant_parts_nonleaf\SRC-05_plant_parts_nonleaf_e6294b22cf19.jpg,https://github.com/Horea94/Fruit-Images-Dataset/tree/master/Test/Pepper Yellow/147_100.jpg,Horea Muresan & Mihai Oltean (2018),CC BY-SA 4.0,https://creativecommons.org/licenses/by-sa/4.0/,2026-09-23,e6294b22cf19a0c8a03b0ef011dcf48db7b6d06b119ff0f4eec58337604843ce,plant_parts_nonleaf
SRC-05,Fruits-360,D:\CropDiseaseProject\data\non_leaf_negatives\plant_parts_nonleaf\SRC-05_plant_parts_nonleaf_ca0e306cd04c.jpg,https://github.com/Horea94/Fruit-Images-Dataset/tree/master/Test/Pepper Yellow/148_100.jpg,Horea Muresan & Mihai Oltean (2018),CC BY-SA 4.0,https://creativecommons.org/licenses/by-sa/4.0/,2026-09-23,ca0e306cd04cbb3718d2016fb786297d018736e0ac93a4ed1d98bfe2e3b92418,plant_parts_nonleaf
SRC-05,Fruits-360,D:\CropDiseaseProject\data\non_leaf_negatives\plant_parts_nonleaf\SRC-05_plant_parts_nonleaf_cdfacee6e7e0.jpg,https://github.com/Horea94/Fruit-Images-Dataset/tree/master/Test/Pepper Yellow/149_100.jpg,Horea Muresan & Mihai Oltean (2018),CC BY-SA 4.0,https://creativecommons.org/licenses/by-sa/4.0/,2026-09-23,cdfacee6e7e004be3df561ea237bcb26b29601936208a65b4231ad75e063b78f,plant_parts_nonleaf
SRC-05,Fruits-360,D:\CropDiseaseProject\data\non_leaf_negatives\plant_parts_nonleaf\SRC-05_plant_parts_nonleaf_1190f771b08f.jpg,https://github.com/Horea94/Fruit-Images-Dataset/tree/master/Test/Pepper Yellow/150_100.jpg,Horea Muresan & Mihai Oltean (2018),CC BY-SA 4.0,https://creativecommons.org/licenses/by-sa/4.0/,2026-09-23,1190f771b08f39e05d8870bff3fbddc6d67ab058a800630ad361b78acde0dcb9,plant_parts_nonleaf
SRC-05,Fruits-360,D:\CropDiseaseProject\data\non_leaf_negatives\plant_parts_nonleaf\SRC-05_plant_parts_nonleaf_44258e5193d0.jpg,https://github.com/Horea94/Fruit-Images-Dataset/tree/master/Test/Pepper Yellow/151_100.jpg,Horea Muresan & Mihai Oltean (2018),CC BY-SA 4.0,https://creativecommons.org/licenses/by-sa/4.0/,2026-09-23,44258e5193d0181b82d78fee93b4c28935b7429b7a1a7cb483b571ed2566706c,plant_parts_nonleaf
SRC-05,Fruits-360,D:\CropDiseaseProject\data\non_leaf_negatives\plant_parts_nonleaf\SRC-05_plant_parts_nonleaf_5120dc37a5ad.jpg,https://github.com/Horea94/Fruit-Images-Dataset/tree/master/Test/Pepper Yellow/152_100.jpg,Horea Muresan & Mihai Oltean (2018),CC BY-SA 4.0,https://creativecommons.org/licenses/by-sa/4.0/,2026-09-23,5120dc37a5ad28df04e8fcd13f6659300e034fd414f45a93b48560ce510b2d34,plant_parts_nonleaf
SRC-05,Fruits-360,D:\CropDiseaseProject\data\non_leaf_negatives\plant_parts_nonleaf\SRC-05_plant_parts_nonleaf_52b9e3d094d4.jpg,https://github.com/Horea94/Fruit-Images-Dataset/tree/master/Test/Pepper Yellow/153_100.jpg,Horea Muresan & Mihai Oltean (2018),CC BY-SA 4.0,https://creativecommons.org/licenses/by-sa/4.0/,2026-09-23,52b9e3d094d4b4d2a323daa3e1409fccc24ac17e50e79063674dfb1ce505f0a1,plant_parts_nonleaf
SRC-05,Fruits-360,D:\CropDiseaseProject\data\non_leaf_negatives\plant_parts_nonleaf\SRC-05_plant_parts_nonleaf_1967e4c07e7f.jpg,https://github.com/Horea94/Fruit-Images-Dataset/tree/master/Test/Pepper Yellow/154_100.jpg,Horea Muresan & Mihai Oltean (2018),CC BY-SA 4.0,https://creativecommons.org/licenses/by-sa/4.0/,2026-09-23,1967e4c07e7f3a0c581f3428f97a4812083bebb90cb432042d32955a125303cc,plant_parts_nonleaf
SRC-03,Wikimedia Commons,D:\CropDiseaseProject\data\non_leaf_negatives\soil_ground\SRC-03_soil_ground_1425765e214c.jpg,https://commons.wikimedia.org/wiki/File:Soil_Health_(20220420-NRCS-UNK-045).jpg,USDAgov,PD,https://commons.wikimedia.org/wiki/Commons:Licensing,2026-09-23,1425765e214cd45b08ff3f27b369a20f0f37bf2d7b670f1021fcd8f0ad95a3f1,soil_ground
SRC-03,Wikimedia Commons,D:\CropDiseaseProject\data\non_leaf_negatives\soil_ground\SRC-03_soil_ground_0a4e1be7d4bd.jpg,https://commons.wikimedia.org/wiki/File:Soil_texture_chart.png,Greenman-23,CC0,http://creativecommons.org/publicdomain/zero/1.0/deed.en,2026-09-23,0a4e1be7d4bd2f6656128a7aa780e8578702f5167808d9b37792a45e03eefee5,soil_ground
SRC-03,Wikimedia Commons,D:\CropDiseaseProject\data\non_leaf_negatives\agri_tools_equipment\SRC-03_agri_tools_equipment_5a00f23e76f2.jpg,https://commons.wikimedia.org/wiki/File:2019_Iowa_Tractor_Ride_with_Secretary_Perdue_(20190623-OSEC-LSC-0357).jpg,USDAgov,PD,https://commons.wikimedia.org/wiki/Commons:Licensing,2026-09-23,5a00f23e76f2ad4325b34a4650efcadcce4df449d47fec351fdca6d069dc952d,agri_tools_equipment
SRC-03,Wikimedia Commons,D:\CropDiseaseProject\data\non_leaf_negatives\agri_tools_equipment\SRC-03_agri_tools_equipment_d0b765bf3053.jpg,https://commons.wikimedia.org/wiki/File:2019_Iowa_Tractor_Ride_with_Secretary_Perdue_(20190623-OSEC-LSC-0424).jpg,USDAgov,PD,https://commons.wikimedia.org/wiki/Commons:Licensing,2026-09-23,d0b765bf3053155c65dea471bc87d60f43f43c6495ee88d910a9f52fd1c59748,agri_tools_equipment
SRC-03,Wikimedia Commons,D:\CropDiseaseProject\data\non_leaf_negatives\agri_tools_equipment\SRC-03_agri_tools_equipment_8173d73d8871.jpg,https://commons.wikimedia.org/wiki/File:2019_Iowa_Tractor_Ride_with_Secretary_Perdue_(20190623-OSEC-LSC-0489).jpg,USDAgov,PD,https://commons.wikimedia.org/wiki/Commons:Licensing,2026-09-23,8173d73d8871a4a5baea61477ffea59533895e29467b648fbef2d491737d6e58,agri_tools_equipment
SRC-03,Wikimedia Commons,D:\CropDiseaseProject\data\non_leaf_negatives\agri_tools_equipment\SRC-03_agri_tools_equipment_6140b73ee648.jpg,https://commons.wikimedia.org/wiki/File:2019_Iowa_Tractor_Ride_with_Secretary_Perdue_(20190624-OSEC-DL-0001).jpg,USDAgov,PD,https://commons.wikimedia.org/wiki/Commons:Licensing,2026-09-23,6140b73ee64860c4356dcd1edf3befc455d3052b76617c150e36f3a0b1e4b107,agri_tools_equipment
SRC-03,Wikimedia Commons,D:\CropDiseaseProject\data\non_leaf_negatives\agri_tools_equipment\SRC-03_agri_tools_equipment_5175ab25a472.jpg,https://commons.wikimedia.org/wiki/File:2019_Iowa_Tractor_Ride_with_Secretary_Perdue_(20190624-OSEC-DL-0002).jpg,USDAgov,PD,https://commons.wikimedia.org/wiki/Commons:Licensing,2026-09-23,5175ab25a4724d61a30ff3cdfb378d8dcaac94622a52c5a9a872d1fe70669991,agri_tools_equipment
SRC-03,Wikimedia Commons,D:\CropDiseaseProject\data\non_leaf_negatives\agri_tools_equipment\SRC-03_agri_tools_equipment_b9e44155b85b.jpg,https://commons.wikimedia.org/wiki/File:2019_Iowa_Tractor_Ride_with_Secretary_Perdue_(20190624-OSEC-DL-0003).jpg,USDAgov,PD,https://commons.wikimedia.org/wiki/Commons:Licensing,2026-09-23,b9e44155b85b61c4dcb1819f81830464aab330fd546e21cc24aa9e0bb0d662fd,agri_tools_equipment
SRC-03,Wikimedia Commons,D:\CropDiseaseProject\data\non_leaf_negatives\agri_tools_equipment\SRC-03_agri_tools_equipment_e76ed50e1b3a.jpg,https://commons.wikimedia.org/wiki/File:2019_Iowa_Tractor_Ride_with_Secretary_Perdue_(20190624-OSEC-DL-0005).jpg,USDAgov,PD,https://commons.wikimedia.org/wiki/Commons:Licensing,2026-09-23,e76ed50e1b3a08bbe31ecd48bcfbc7b5b6e4e5e2513b4ff2bdd0c1934bf79f1c,agri_tools_equipment
SRC-03,Wikimedia Commons,D:\CropDiseaseProject\data\non_leaf_negatives\agri_tools_equipment\SRC-03_agri_tools_equipment_481563008745.jpg,https://commons.wikimedia.org/wiki/File:2019_Iowa_Tractor_Ride_with_Secretary_Perdue_(20190624-OSEC-DL-0138).jpg,USDAgov,PD,https://commons.wikimedia.org/wiki/Commons:Licensing,2026-09-23,48156300874588f603a9da8db635ccdcf7e32084d0566fdcddcd297b736e9c7e,agri_tools_equipment
SRC-03,Wikimedia Commons,D:\CropDiseaseProject\data\non_leaf_negatives\agri_tools_equipment\SRC-03_agri_tools_equipment_02645c5d5004.jpg,https://commons.wikimedia.org/wiki/File:2019_Iowa_Tractor_Ride_with_Secretary_Perdue_(20190624-OSEC-DL-0175).jpg,USDAgov,PD,https://commons.wikimedia.org/wiki/Commons:Licensing,2026-09-23,02645c5d5004c28f34ca1b62f30c0c16e2ca7b82885125d1597b2e373abb1fc0,agri_tools_equipment
SRC-03,Wikimedia Commons,D:\CropDiseaseProject\data\non_leaf_negatives\agri_tools_equipment\SRC-03_agri_tools_equipment_6c17fdc28a39.jpg,https://commons.wikimedia.org/wiki/File:2019_Iowa_Tractor_Ride_with_Secretary_Perdue_(20190624-OSEC-DL-0293).jpg,USDAgov,PD,https://commons.wikimedia.org/wiki/Commons:Licensing,2026-09-23,6c17fdc28a39f2fe0c7f9cd26dfe78f3642aac75f888cf59cd2b2c1d0b790ed3,agri_tools_equipment
SRC-03,Wikimedia Commons,D:\CropDiseaseProject\data\non_leaf_negatives\agri_tools_equipment\SRC-03_agri_tools_equipment_c32765bbf30f.jpg,https://commons.wikimedia.org/wiki/File:2019_Iowa_Tractor_Ride_with_Secretary_Perdue_(48118841473).jpg,USDAgov,PD,https://commons.wikimedia.org/wiki/Commons:Licensing,2026-09-23,c32765bbf30fd9021cde5e4c14121c89af14ee29cc34f5fe40588652789c4f7e,agri_tools_equipment
SRC-03,Wikimedia Commons,D:\CropDiseaseProject\data\non_leaf_negatives\agri_tools_equipment\SRC-03_agri_tools_equipment_c9eae45cfe92.jpg,https://commons.wikimedia.org/wiki/File:Agricultural_Machinery.jpg,Marvellousdurowaiye,CC-BY-SA-4.0,https://creativecommons.org/licenses/by-sa/4.0,2026-09-23,c9eae45cfe92af36b37fef7878a63f5d90f482a8f09d0244bf3448263f3e8c9c,agri_tools_equipment
SRC-03,Wikimedia Commons,D:\CropDiseaseProject\data\non_leaf_negatives\agri_tools_equipment\SRC-03_agri_tools_equipment_7d1e4a592711.jpg,https://commons.wikimedia.org/wiki/File:Agricultural_machinery.jpg,Bob Nichols,PD,https://commons.wikimedia.org/wiki/Commons:Licensing,2026-09-23,7d1e4a592711ace8afe07c455dda787264c076ae430cfd916faef4caacd39903,agri_tools_equipment
SRC-03,Wikimedia Commons,D:\CropDiseaseProject\data\non_leaf_negatives\agri_tools_equipment\SRC-03_agri_tools_equipment_c89c246866b2.jpg,https://commons.wikimedia.org/wiki/File:Ancient_tractor_at_Peel_Farm_-_geograph.org.uk_-_7771801.jpg,Oliver Dixon,CC-BY-SA-2.0,https://creativecommons.org/licenses/by-sa/2.0,2026-09-23,c89c246866b27fb236d3c6d1d8c98d7305389ae3428a183c71bc77b58db14a28,agri_tools_equipment
SRC-03,Wikimedia Commons,D:\CropDiseaseProject\data\non_leaf_negatives\agri_tools_equipment\SRC-03_agri_tools_equipment_22cbb09d7acb.jpg,https://commons.wikimedia.org/wiki/File:Farm_Equipment-Machinery-_Old_and_New_(20200512-FPAC-PLANTING-555).jpg,USDAgov,PD,https://commons.wikimedia.org/wiki/Commons:Licensing,2026-09-23,22cbb09d7acb8a01e3000cbe8b1697cee029e861294bdd5b27bbadae0bf9cedd,agri_tools_equipment
SRC-03,Wikimedia Commons,D:\CropDiseaseProject\data\non_leaf_negatives\agri_tools_equipment\SRC-03_agri_tools_equipment_f18d8d5a16e2.jpg,https://commons.wikimedia.org/wiki/File:Farm_Equipment-Machinery-_Old_and_New_(20200512-FPAC-PLANTING-584).jpg,USDAgov,PD,https://commons.wikimedia.org/wiki/Commons:Licensing,2026-09-23,f18d8d5a16e2cebc3dbcc9c9b6b27118036595c8cd1a227216d6ad683fdfdf51,agri_tools_equipment
SRC-03,Wikimedia Commons,D:\CropDiseaseProject\data\non_leaf_negatives\agri_tools_equipment\SRC-03_agri_tools_equipment_8ab6266cef78.jpg,https://commons.wikimedia.org/wiki/File:Farm_Equipment-Machinery-_Old_and_New_(20211213-ARS-LSC-1910).jpg,USDAgov,PD,https://commons.wikimedia.org/wiki/Commons:Licensing,2026-09-23,8ab6266cef785b74de291cdf1c9cd07c75d3560ecfcefd6ab0fc42f55e70698f,agri_tools_equipment
SRC-03,Wikimedia Commons,D:\CropDiseaseProject\data\non_leaf_negatives\agri_tools_equipment\SRC-03_agri_tools_equipment_8db58075ed2b.jpg,https://commons.wikimedia.org/wiki/File:Farm_Machinery_-_geograph.org.uk_-_2843593.jpg,Christine Westerback,CC-BY-SA-2.0,https://creativecommons.org/licenses/by-sa/2.0,2026-09-23,8db58075ed2b87b8bdb66c6d1a966ccdc234bb2ffb48aa35a0429810a524d991,agri_tools_equipment
SRC-03,Wikimedia Commons,D:\CropDiseaseProject\data\non_leaf_negatives\agri_tools_equipment\SRC-03_agri_tools_equipment_207c18d96bd6.jpg,https://commons.wikimedia.org/wiki/File:Farm_Machinery_off_Stainburn_Lane_-_geograph.org.uk_-_2899004.jpg,Chris Heaton,CC-BY-SA-2.0,https://creativecommons.org/licenses/by-sa/2.0,2026-09-23,207c18d96bd6748d6cf1d6f470983a1a9e9a791864abceebe650f5d7f53bfec2,agri_tools_equipment
SRC-03,Wikimedia Commons,D:\CropDiseaseProject\data\non_leaf_negatives\agri_tools_equipment\SRC-03_agri_tools_equipment_ed923a55dbcf.jpg,https://commons.wikimedia.org/wiki/File:Farm_machinery_by_the_Jurassic_Way_-_geograph.org.uk_-_1738826.jpg,Michael Trolove,CC-BY-SA-2.0,https://creativecommons.org/licenses/by-sa/2.0,2026-09-23,ed923a55dbcf261ddf11b2cf6bdfa472b9739847f4bfa5a3d23cf711e0195cb8,agri_tools_equipment
SRC-03,Wikimedia Commons,D:\CropDiseaseProject\data\non_leaf_negatives\agri_tools_equipment\SRC-03_agri_tools_equipment_7624dcaca125.jpg,https://commons.wikimedia.org/wiki/File:Farm_machinery_near_Earith_-_geograph.org.uk_-_559621.jpg,Ben Harris,CC-BY-SA-2.0,https://creativecommons.org/licenses/by-sa/2.0,2026-09-23,7624dcaca125a75086bb55a55787542049d12bb758e5ad7aefe126594d78da80,agri_tools_equipment
SRC-03,Wikimedia Commons,D:\CropDiseaseProject\data\non_leaf_negatives\agri_tools_equipment\SRC-03_agri_tools_equipment_26c3b0d12c65.jpg,https://commons.wikimedia.org/wiki/File:Farm_machinery_near_the_Grange_-_geograph.org.uk_-_1799365.jpg,Michael Trolove,CC-BY-SA-2.0,https://creativecommons.org/licenses/by-sa/2.0,2026-09-23,26c3b0d12c65e6a0bccec300c34c3af89ca31fbcb71d3751bbc45b1d81243318,agri_tools_equipment
SRC-03,Wikimedia Commons,D:\CropDiseaseProject\data\non_leaf_negatives\agri_tools_equipment\SRC-03_agri_tools_equipment_c510d16fc49a.jpg,https://commons.wikimedia.org/wiki/File:Ferguson_tractor_and_other_old_machinery_-_geograph.org.uk_-_5342699.jpg,Jim Barton,CC-BY-SA-2.0,https://creativecommons.org/licenses/by-sa/2.0,2026-09-23,c510d16fc49af68b5e5dfda77814fdb5aa8ca8a2112696702eca055e56aefbf3,agri_tools_equipment
SRC-03,Wikimedia Commons,D:\CropDiseaseProject\data\non_leaf_negatives\agri_tools_equipment\SRC-03_agri_tools_equipment_bbe9cd44dd62.jpg,https://commons.wikimedia.org/wiki/File:Frozen_brand_new_tractors_displayed_outside_Diem%27s_farm_machinery_store._8d23498v.jpg,Marjory Collins,PD,https://commons.wikimedia.org/wiki/Commons:Licensing,2026-09-23,bbe9cd44dd62af54228549bb10959827e291dcdf9cbcfa213617a71296f12499,agri_tools_equipment
SRC-03,Wikimedia Commons,D:\CropDiseaseProject\data\non_leaf_negatives\agri_tools_equipment\SRC-03_agri_tools_equipment_9d34a63d78e5.jpg,https://commons.wikimedia.org/wiki/File:Old_Tractor_at_Raynor_House_Farm_-_geograph.org.uk_-_6762851.jpg,Neil Theasby,CC-BY-SA-2.0,https://creativecommons.org/licenses/by-sa/2.0,2026-09-23,9d34a63d78e5bfb6f5c25b9230c892292f2f84ff2733077d2e6d64b7e73d04e0,agri_tools_equipment
SRC-03,Wikimedia Commons,D:\CropDiseaseProject\data\non_leaf_negatives\agri_tools_equipment\SRC-03_agri_tools_equipment_12efd22c0585.jpg,https://commons.wikimedia.org/wiki/File:Old_tractor_at_Haugh_Mill_Farm_-_geograph.org.uk_-_7194164.jpg,Chris Holifield,CC-BY-SA-2.0,https://creativecommons.org/licenses/by-sa/2.0,2026-09-23,12efd22c05858369f7bec77af49fe6a44b7dd2bc35d94128ea7095cfd054fac9,agri_tools_equipment
SRC-03,Wikimedia Commons,D:\CropDiseaseProject\data\non_leaf_negatives\agri_tools_equipment\SRC-03_agri_tools_equipment_55dba0739e95.jpg,https://commons.wikimedia.org/wiki/File:Stubble_field_with_tractor_and_other_farm_machinery_-_geograph.org.uk_-_4683057.jpg,Trevor Littlewood,CC-BY-SA-2.0,https://creativecommons.org/licenses/by-sa/2.0,2026-09-23,55dba0739e9523c6e34cbe2495a3c0bcab2fef32d20a705950f2c4b908ce20c2,agri_tools_equipment
SRC-03,Wikimedia Commons,D:\CropDiseaseProject\data\non_leaf_negatives\agri_tools_equipment\SRC-03_agri_tools_equipment_28398425a4c2.jpg,https://commons.wikimedia.org/wiki/File:Tractor_and_farm_buildings_-_geograph.org.uk_-_2750588.jpg,Philip Halling,CC-BY-SA-2.0,https://creativecommons.org/licenses/by-sa/2.0,2026-09-23,28398425a4c2f99b5644c8867d393340252516cfc4e8bf437eed35e6181cabd5,agri_tools_equipment
SRC-03,Wikimedia Commons,D:\CropDiseaseProject\data\non_leaf_negatives\agri_tools_equipment\SRC-03_agri_tools_equipment_b89e73a24b5b.jpg,https://commons.wikimedia.org/wiki/File:Tractor_at_Wormiston_Farm_-_geograph.org.uk_-_2062822.jpg,James Allan,CC-BY-SA-2.0,https://creativecommons.org/licenses/by-sa/2.0,2026-09-23,b89e73a24b5b3ca4b47a9007d6e62aa0ee6de7b94c918ae53d88e7cc3eb0ade8,agri_tools_equipment
SRC-03,Wikimedia Commons,D:\CropDiseaseProject\data\non_leaf_negatives\agri_tools_equipment\SRC-03_agri_tools_equipment_f126390d57e6.jpg,https://commons.wikimedia.org/wiki/File:Tractor_by_Upper_Norton_Farm_-_geograph.org.uk_-_7420970.jpg,Oscar Taylor,CC-BY-SA-2.0,https://creativecommons.org/licenses/by-sa/2.0,2026-09-23,f126390d57e6058bfe2e432b11a25c559366228c39b77ac71dabc2fae2bb50fc,agri_tools_equipment
SRC-03,Wikimedia Commons,D:\CropDiseaseProject\data\non_leaf_negatives\agri_tools_equipment\SRC-03_agri_tools_equipment_75ae86bd7fbd.jpg,https://commons.wikimedia.org/wiki/File:Farm_and_garden_supplies_(16374428400).jpg,Griffith and Turner Company.; Henry G. Gilbert Nursery and Seed Trade Catalog Collection.,CC-BY-2.0,https://creativecommons.org/licenses/by/2.0,2026-09-23,75ae86bd7fbdb52ca005f0d2e0c6fb8ddb3c3871e64c88264cfdc114b1e9485f,agri_tools_equipment
SRC-03,Wikimedia Commons,D:\CropDiseaseProject\data\non_leaf_negatives\agri_tools_equipment\SRC-03_agri_tools_equipment_0e6aa81a48ca.jpg,https://commons.wikimedia.org/wiki/File:Garden_and_farm_seeds_(16250388278).jpg,A. Currie &amp; Company.; Henry G. Gilbert Nursery and Seed Trade Catalog Collection.,PD,https://commons.wikimedia.org/wiki/Commons:Licensing,2026-09-23,0e6aa81a48ca0394481b182d31d07c2b78e16761a5c5b8042bf8f505dc8b547f,agri_tools_equipment
SRC-03,Wikimedia Commons,D:\CropDiseaseProject\data\non_leaf_negatives\agri_tools_equipment\SRC-03_agri_tools_equipment_a9c453e9d25b.jpg,https://commons.wikimedia.org/wiki/File:Garden_and_farm_seeds_(16372780475).jpg,A. Currie &amp; Company.; Henry G. Gilbert Nursery and Seed Trade Catalog Collection.,PD,https://commons.wikimedia.org/wiki/Commons:Licensing,2026-09-23,a9c453e9d25b24f1fccb5b4a7dbc5849b4ff02215cf8b152f8ec76ee73b3f6d3,agri_tools_equipment
SRC-03,Wikimedia Commons,D:\CropDiseaseProject\data\non_leaf_negatives\buildings_structures\SRC-03_buildings_structures_1a1c2e87b8f5.jpg,"https://commons.wikimedia.org/wiki/File:2024_National_Botanic_Garden_of_Wales_Glasshouse,_Interior_2.jpg",Stefan Oemisch (Germany),CC-BY-SA-4.0,https://creativecommons.org/licenses/by-sa/4.0,2026-09-23,1a1c2e87b8f55cca3ca6757c73237812c01d6212229805f83977a43ce48065fb,buildings_structures
SRC-03,Wikimedia Commons,D:\CropDiseaseProject\data\non_leaf_negatives\buildings_structures\SRC-03_buildings_structures_edad7d1398de.jpg,"https://commons.wikimedia.org/wiki/File:Abandoned_greenhouse_at_Kolibki_Park_in_Gdynia,_Poland.jpg",FunctioningMemberOfSociety,CC-BY-4.0,https://creativecommons.org/licenses/by/4.0,2026-09-23,edad7d1398dece03a1a979e6a6e70e85fb2dc3beb02e47d6434a160fe3b825fb,buildings_structures
SRC-03,Wikimedia Commons,D:\CropDiseaseProject\data\non_leaf_negatives\buildings_structures\SRC-03_buildings_structures_a28a1ffd6ba9.jpg,https://commons.wikimedia.org/wiki/File:Details_of_the_Great_Glasshouse_(2)_-_geograph.org.uk_-_4229278.jpg,M J Richardson,CC-BY-SA-2.0,https://creativecommons.org/licenses/by-sa/2.0,2026-09-23,a28a1ffd6ba9f1ab0c8447421a9ed38f3137b10e684610a2bd74e90a533b16bb,buildings_structures
SRC-03,Wikimedia Commons,D:\CropDiseaseProject\data\non_leaf_negatives\buildings_structures\SRC-03_buildings_structures_1722022026d1.jpg,https://commons.wikimedia.org/wiki/File:Estufa_principal_do_Jardim_Bot%C3%A2nico_de_Curitiba_02.jpg,Rodrigo.Argenton,CC-BY-SA-4.0,https://creativecommons.org/licenses/by-sa/4.0,2026-09-23,1722022026d19e0affc7ebb955c2df19ea4d83b01710030be961dd4a4f71923a,buildings_structures
SRC-03,Wikimedia Commons,D:\CropDiseaseProject\data\non_leaf_negatives\buildings_structures\SRC-03_buildings_structures_2ec05c1efc24.jpg,https://commons.wikimedia.org/wiki/File:Glasshouse_at_Wisley_-_geograph.org.uk_-_1018613.jpg,Ajay Tegala,CC-BY-SA-2.0,https://creativecommons.org/licenses/by-sa/2.0,2026-09-23,2ec05c1efc241f22b6ffce29011877d063390860b9cdb52af9252861050eafde,buildings_structures
SRC-03,Wikimedia Commons,D:\CropDiseaseProject\data\non_leaf_negatives\buildings_structures\SRC-03_buildings_structures_60ceb02bd368.jpg,"https://commons.wikimedia.org/wiki/File:Greenhouse-like_gallery,_left_wing_of_the_Royal_Castle,_Laeken,_2026.jpg",DimiTalen,CC0,http://creativecommons.org/publicdomain/zero/1.0/deed.en,2026-09-23,60ceb02bd368385b75127b9888e552a9417993e5acc3cc4ae349419ab3d6577c,buildings_structures
SRC-03,Wikimedia Commons,D:\CropDiseaseProject\data\non_leaf_negatives\buildings_structures\SRC-03_buildings_structures_976e98da945a.jpg,https://commons.wikimedia.org/wiki/File:Greenhouse_agriculture_in_Namibia.jpg,Tim Brunauer on behalf of Deutsche Gesellschaft für Internationale Zusammenarbeit (GIZ),CC-BY-SA-4.0,https://creativecommons.org/licenses/by-sa/4.0,2026-09-23,976e98da945acf97744488e06a8af47b36ffd92bc5b0c45b6e9e5c75cd28fd4a,buildings_structures
SRC-03,Wikimedia Commons,D:\CropDiseaseProject\data\non_leaf_negatives\buildings_structures\SRC-03_buildings_structures_e0459cc53ada.jpg,https://commons.wikimedia.org/wiki/File:Greenhouse_in_Kazakhstan.jpg,Gakon Netafim,CC-BY-SA-4.0,https://creativecommons.org/licenses/by-sa/4.0,2026-09-23,e0459cc53adad4805617b02e4666f2269b3251f048057e5efe4d22eab8618658,buildings_structures
SRC-03,Wikimedia Commons,D:\CropDiseaseProject\data\non_leaf_negatives\buildings_structures\SRC-03_buildings_structures_4c5662decb1f.jpg,https://commons.wikimedia.org/wiki/File:Helsinki_July_2013-14.jpg,Alvesgaspar,CC-BY-SA-3.0,https://creativecommons.org/licenses/by-sa/3.0,2026-09-23,4c5662decb1f78f24005f1402ee17992dd3a3f4b77a4e2c1fd9cf2d01fdc3944,buildings_structures
SRC-03,Wikimedia Commons,D:\CropDiseaseProject\data\non_leaf_negatives\buildings_structures\SRC-03_buildings_structures_39ced33ab0be.jpg,https://commons.wikimedia.org/wiki/File:Hokkaido_University_Greenhouse_-20091014-RM-115721.jpg,Reinhold Möller Ermell,CC-BY-SA-4.0,https://creativecommons.org/licenses/by-sa/4.0,2026-09-23,39ced33ab0be2ca65562bc56a7089f84ad42a13f2eb526c8c5320d93b0e62fc8,buildings_structures
SRC-03,Wikimedia Commons,D:\CropDiseaseProject\data\non_leaf_negatives\buildings_structures\SRC-03_buildings_structures_f318f9121dfa.jpg,https://commons.wikimedia.org/wiki/File:Hokkaido_University_Greenhouse_-20091014-RM-115750.jpg,Reinhold Möller Ermell,CC-BY-SA-4.0,https://creativecommons.org/licenses/by-sa/4.0,2026-09-23,f318f9121dfae8a7981dd5fc27dc316f3f72b5e1b82d12a3aa6f45106d948913,buildings_structures
SRC-03,Wikimedia Commons,D:\CropDiseaseProject\data\non_leaf_negatives\buildings_structures\SRC-03_buildings_structures_cbc551357d92.jpg,https://commons.wikimedia.org/wiki/File:Inside_the_Great_Glasshouse_-_geograph.org.uk_-_4228729.jpg,M J Richardson,CC-BY-SA-2.0,https://creativecommons.org/licenses/by-sa/2.0,2026-09-23,cbc551357d92971cfca683e1f7e1e41c6e2679b3b1edfb637ae4dbb80f58940c,buildings_structures
SRC-03,Wikimedia Commons,D:\CropDiseaseProject\data\non_leaf_negatives\buildings_structures\SRC-03_buildings_structures_8ae31dd73320.jpg,https://commons.wikimedia.org/wiki/File:Inside_the_Great_Glasshouse_-_geograph.org.uk_-_7018928.jpg,Eirian Evans,CC-BY-SA-2.0,https://creativecommons.org/licenses/by-sa/2.0,2026-09-23,8ae31dd73320182cd56183ae7abf11cec4ec62154ea51413d816a0e1d625da66,buildings_structures
SRC-03,Wikimedia Commons,D:\CropDiseaseProject\data\non_leaf_negatives\buildings_structures\SRC-03_buildings_structures_1a376ef1c89b.jpg,https://commons.wikimedia.org/wiki/File:Path_in_the_Great_Glasshouse_-_geograph.org.uk_-_4228750.jpg,M J Richardson,CC-BY-SA-2.0,https://creativecommons.org/licenses/by-sa/2.0,2026-09-23,1a376ef1c89b720ae131c2859550364d0426d687b7524dd370481497d4ff35c6,buildings_structures
SRC-03,Wikimedia Commons,D:\CropDiseaseProject\data\non_leaf_negatives\buildings_structures\SRC-03_buildings_structures_69fa6e3c724c.jpg,https://commons.wikimedia.org/wiki/File:Small_greenhouse_with_grapevines_escaping.jpg,W.carter,CC0,http://creativecommons.org/publicdomain/zero/1.0/deed.en,2026-09-23,69fa6e3c724c82ebfbc8223c0df8a3cf4d952a14f049411774dfbb70860ad65e,buildings_structures
SRC-03,Wikimedia Commons,D:\CropDiseaseProject\data\non_leaf_negatives\buildings_structures\SRC-03_buildings_structures_63676a33380c.jpg,"https://commons.wikimedia.org/wiki/File:The_Glasshouse,_Jephson_Gardens,_Leamington_-_geograph.org.uk_-_5645455.jpg",Rudi Winter,CC-BY-SA-2.0,https://creativecommons.org/licenses/by-sa/2.0,2026-09-23,63676a33380c9964883ac3318e66288f402a2b7aafeef580c6343a02ce1cbcd9,buildings_structures
SRC-03,Wikimedia Commons,D:\CropDiseaseProject\data\non_leaf_negatives\buildings_structures\SRC-03_buildings_structures_2269d2f09415.jpg,"https://commons.wikimedia.org/wiki/File:The_Glasshouse,_Jephson_Gardens_-_geograph.org.uk_-_5308833.jpg",Ian Capper,CC-BY-SA-2.0,https://creativecommons.org/licenses/by-sa/2.0,2026-09-23,2269d2f094155180b6f6b8d1a3849627d164a07549453c7dd4151e27d2f7beb4,buildings_structures
SRC-03,Wikimedia Commons,D:\CropDiseaseProject\data\non_leaf_negatives\buildings_structures\SRC-03_buildings_structures_645d163447f8.jpg,"https://commons.wikimedia.org/wiki/File:The_Glasshouse,_RHS_Wisley_-_geograph.org.uk_-_7179944.jpg",Oscar Taylor,CC-BY-SA-2.0,https://creativecommons.org/licenses/by-sa/2.0,2026-09-23,645d163447f8c1fbbfa26df79818273d41cd15f8a719ebcff50af0c0a113c61c,buildings_structures
SRC-03,Wikimedia Commons,D:\CropDiseaseProject\data\non_leaf_negatives\buildings_structures\SRC-03_buildings_structures_39da05c35a9e.jpg,https://commons.wikimedia.org/wiki/File:The_Great_Glasshouse_-_Western_Entrance_-_geograph.org.uk_-_4228739.jpg,M J Richardson,CC-BY-SA-2.0,https://creativecommons.org/licenses/by-sa/2.0,2026-09-23,39da05c35a9eb54a202e944e27d351d54a9c55d61e79435cf3b6de7d3f316f28,buildings_structures
SRC-03,Wikimedia Commons,D:\CropDiseaseProject\data\non_leaf_negatives\buildings_structures\SRC-03_buildings_structures_de59886a168c.jpg,https://commons.wikimedia.org/wiki/File:The_Great_Glasshouse_roof_-_geograph.org.uk_-_5737060.jpg,M J Richardson,CC-BY-SA-2.0,https://creativecommons.org/licenses/by-sa/2.0,2026-09-23,de59886a168caf058efddd9cb9f197618079ad6d0cfc9c6328b1597d248a66b4,buildings_structures
SRC-03,Wikimedia Commons,D:\CropDiseaseProject\data\non_leaf_negatives\buildings_structures\SRC-03_buildings_structures_1b6518855dac.jpg,https://commons.wikimedia.org/wiki/File:The_Italianate_Glasshouse_-_geograph.org.uk_-_5844564.jpg,Mark Percy,CC-BY-SA-2.0,https://creativecommons.org/licenses/by-sa/2.0,2026-09-23,1b6518855dac36dcc5616a9634701dc0e4e72739ee16a2b9a3a492f6638fe66c,buildings_structures
SRC-03,Wikimedia Commons,D:\CropDiseaseProject\data\non_leaf_negatives\buildings_structures\SRC-03_buildings_structures_d0e3dc7888c1.jpg,https://commons.wikimedia.org/wiki/File:The_wet_end_of_the_Great_Glasshouse_-_geograph.org.uk_-_4228759.jpg,M J Richardson,CC-BY-SA-2.0,https://creativecommons.org/licenses/by-sa/2.0,2026-09-23,d0e3dc7888c1d353a97bd7014b0f3cd9a6eec4e3fd80095c7215ee11c716fa06,buildings_structures
SRC-03,Wikimedia Commons,D:\CropDiseaseProject\data\non_leaf_negatives\buildings_structures\SRC-03_buildings_structures_3d2eb88f4a2f.jpg,https://commons.wikimedia.org/wiki/File:Unidentified_woman_in_a_greenhouse_-_DPLA_-_2072611d251f5f4f82e02579d52eda1b_(page_1).jpg,Wikimedia Contributor,PD,https://commons.wikimedia.org/wiki/Commons:Licensing,2026-09-23,3d2eb88f4a2f8069e8d38db04aa689acdd6177f375a9b12a362630df56acc6e4,buildings_structures
SRC-03,Wikimedia Commons,D:\CropDiseaseProject\data\non_leaf_negatives\buildings_structures\SRC-03_buildings_structures_ebe8f69b1009.jpg,https://commons.wikimedia.org/wiki/File:Walipini-Greenhouse_Geothermal_model.jpg,Nicol-André,CC-BY-SA-4.0,https://creativecommons.org/licenses/by-sa/4.0,2026-09-23,ebe8f69b1009872a3a5abcc89ce905d42b29a1a9a15e7df9b6cd8c5351485b4a,buildings_structures
SRC-03,Wikimedia Commons,D:\CropDiseaseProject\data\non_leaf_negatives\buildings_structures\SRC-03_buildings_structures_7d57dbb6b622.jpg,"https://commons.wikimedia.org/wiki/File:%D0%A1%D1%82%D0%B0%D0%BA%D0%BB%D0%B5%D1%9A%D0%B0%D0%BA,_%D0%91%D0%BE%D1%82%D0%B0%D0%BD%D0%B8%D1%87%D0%BA%D0%B0_%D0%B1%D0%B0%D1%88%D1%82%D0%B0_%D0%88%D0%B5%D0%B2%D1%80%D0%B5%D0%BC%D0%BE%D0%B2%D0%B0%D1%86_(greenhouse_Jevremovac_Botanical_Garden,_Belgrade,_Serbia).jpg",Petar Milošević,CC-BY-SA-4.0,https://creativecommons.org/licenses/by-sa/4.0,2026-09-23,7d57dbb6b62207df551519036364bc275fe8e0dfdffa1b7d0227bcf9e2544ea7,buildings_structures
SRC-03,Wikimedia Commons,D:\CropDiseaseProject\data\non_leaf_negatives\buildings_structures\SRC-03_buildings_structures_dfea401b8372.jpg,https://commons.wikimedia.org/wiki/File:Farm_barn_in_winter_(Unsplash).jpg,Priscilla Du Preez artographybyp,CC0,http://creativecommons.org/publicdomain/zero/1.0/deed.en,2026-09-23,dfea401b8372a7e29a43562c55baef440c795ff60d115927c61d15f9b9d131d1,buildings_structures
